date,fold,regime,prediction,pred_direction,actual_return,actual_direction,strategy_return,cumulative_return,confidence,aleatoric,epistemic,correct,pnl_bps
2008-01-23,fold_1,Pre-crisis upturn + GFC onset,0.00316842133179307,1,0.009706642478704453,1,0.009706642478704453,0.009706616401672363,0.9998853206634521,3.82420294045005e-05,7.6484058809001e-05,1,97.06642478704453
2008-01-24,fold_1,Pre-crisis upturn + GFC onset,0.0030512004159390926,1,-0.006706463638693094,-1,-0.006706463638693094,0.002935051918029785,0.9998879432678223,3.7344299926189706e-05,7.468859985237941e-05,0,-67.06463638693094
2008-01-25,fold_1,Pre-crisis upturn + GFC onset,-0.0006508004735223949,-1,0.007704523392021656,1,-0.007704523392021656,-0.00479203462600708,0.9998977184295654,3.4080723708029836e-05,6.816144741605967e-05,0,-77.04523392021656
2008-01-28,fold_1,Pre-crisis upturn + GFC onset,0.0007531150477007031,1,-0.001093094702810049,-1,-0.001093094702810049,-0.005879878997802734,0.9999040365219116,3.1969892006600276e-05,6.393978401320055e-05,0,-10.93094702810049
2008-01-29,fold_1,Pre-crisis upturn + GFC onset,-0.00032873876625671983,-1,0.004004329908639193,1,-0.004004329908639193,-0.009860694408416748,0.9998843669891357,3.853611269732937e-05,7.707222539465874e-05,0,-40.043299086391926
2008-01-30,fold_1,Pre-crisis upturn + GFC onset,0.0012564570643007755,1,0.002289247466251254,1,0.002289247466251254,-0.007593989372253418,0.9999197721481323,2.673547169251833e-05,5.347094338503666e-05,1,22.89247466251254
2008-01-31,fold_1,Pre-crisis upturn + GFC onset,-0.0010166318388655782,-1,-0.004380703438073397,-1,0.004380703438073397,-0.0032465457916259766,0.9999470710754395,1.7647200365900062e-05,3.5294400731800124e-05,1,43.80703438073397
2008-02-01,fold_1,Pre-crisis upturn + GFC onset,0.00038985806168057024,1,0.001897936686873436,1,0.001897936686873436,-0.0013547539710998535,0.9999215602874756,2.61506465903949e-05,5.23012931807898e-05,1,18.97936686873436
2008-02-04,fold_1,Pre-crisis upturn + GFC onset,0.002509406302124262,1,-0.012808330357074738,-1,-0.012808330357074738,-0.014145731925964355,0.9999507665634155,1.6413374396506697e-05,3.2826748793013394e-05,0,-128.08330357074738
2008-02-05,fold_1,Pre-crisis upturn + GFC onset,-0.002547555137425661,-1,-0.0014324913499876857,-1,0.0014324913499876857,-0.01273345947265625,0.9999613761901855,1.2874339518020861e-05,2.5748679036041722e-05,1,14.324913499876857
2008-02-06,fold_1,Pre-crisis upturn + GFC onset,0.0015416628448292613,1,-0.009454712271690369,-1,-0.009454712271690369,-0.022067785263061523,0.999951958656311,1.600335781404283e-05,3.200671562808566e-05,0,-94.54712271690369
2008-02-07,fold_1,Pre-crisis upturn + GFC onset,0.0013834087876603007,1,0.07542583346366882,1,0.07542583346366882,0.05169355869293213,0.9999668598175049,1.1049614840885624e-05,2.209922968177125e-05,1,754.2583346366882
2008-02-08,fold_1,Pre-crisis upturn + GFC onset,-0.0402570404112339,-1,-0.06865246593952179,-1,0.06865246593952179,0.12389492988586426,0.9998809099197388,3.968498276663013e-05,7.936996553326026e-05,1,686.5246593952179
2008-02-12,fold_1,Pre-crisis upturn + GFC onset,-0.0006764660938642919,-1,-0.0017758844187483191,-1,0.0017758844187483191,0.125890851020813,0.9999302625656128,2.3240660084411502e-05,4.6481320168823004e-05,1,17.75884418748319
2008-02-13,fold_1,Pre-crisis upturn + GFC onset,0.006002458743751049,1,0.006048077251762152,1,0.006048077251762152,0.13270032405853271,0.9998672008514404,4.424921644385904e-05,8.849843288771808e-05,1,60.48077251762152
2008-02-14,fold_1,Pre-crisis upturn + GFC onset,0.008999311365187168,1,0.002186686033383012,1,0.002186686033383012,0.1351771354675293,0.9998303651809692,5.6555549235781655e-05,0.00011311109847156331,1,21.866860333830118
2008-02-15,fold_1,Pre-crisis upturn + GFC onset,0.013898021541535854,1,-0.0017726941732689738,-1,-0.0017726941732689738,0.13316476345062256,0.9998372793197632,5.4238131269812584e-05,0.00010847626253962517,0,-17.72694173268974
2008-02-19,fold_1,Pre-crisis upturn + GFC onset,0.004650208633393049,1,-0.0004710935172624886,-1,-0.0004710935172624886,0.13263094425201416,0.9997839331626892,7.205591100500897e-05,0.00014411182201001793,0,-4.710935172624886
2008-02-20,fold_1,Pre-crisis upturn + GFC onset,0.002999352989718318,1,0.006251954939216375,1,0.006251954939216375,0.13971209526062012,0.999728262424469,9.057623537955806e-05,0.0001811524707591161,1,62.51954939216375
2008-02-21,fold_1,Pre-crisis upturn + GFC onset,0.019483963027596474,1,0.0007413247367367148,1,0.0007413247367367148,0.14055705070495605,0.9997003078460693,9.992520790547132e-05,0.00019985041581094265,1,7.413247367367148
2008-02-22,fold_1,Pre-crisis upturn + GFC onset,0.017353182658553123,1,0.0006675262120552361,1,0.0006675262120552361,0.1413184404373169,0.9995865225791931,0.0001379016466671601,0.0002758032933343202,1,6.675262120552361
2008-02-25,fold_1,Pre-crisis upturn + GFC onset,0.013056476600468159,1,0.010797196999192238,1,0.010797196999192238,0.1536414623260498,0.9996010661125183,0.0001330148515990004,0.0002660297031980008,1,107.97196999192238
2008-02-26,fold_1,Pre-crisis upturn + GFC onset,0.011939705349504948,1,0.008133538998663425,1,0.008133538998663425,0.1630246639251709,0.9997137188911438,9.543888154439628e-05,0.00019087776308879256,1,81.33538998663425
2008-02-27,fold_1,Pre-crisis upturn + GFC onset,0.0005038282251916826,1,0.005151412915438414,1,0.005151412915438414,0.16901588439941406,0.9996347427368164,0.00012179589975858107,0.00024359179951716214,1,51.514129154384136
2008-02-28,fold_1,Pre-crisis upturn + GFC onset,0.0005899486131966114,1,-0.00025825100601650774,-1,-0.00025825100601650774,0.16871392726898193,0.9997853636741638,7.157940854085609e-05,0.00014315881708171219,0,-2.5825100601650774
2008-02-29,fold_1,Pre-crisis upturn + GFC onset,0.0013062128564342856,1,0.0005320152267813683,1,0.0005320152267813683,0.1693357229232788,0.9998660087585449,4.467736653168686e-05,8.935473306337371e-05,1,5.320152267813683
2008-03-03,fold_1,Pre-crisis upturn + GFC onset,0.004229522775858641,1,0.0006540778558701277,1,0.0006540778558701277,0.17010056972503662,0.9998548030853271,4.838551103603095e-05,9.67710220720619e-05,1,6.540778558701277
2008-03-04,fold_1,Pre-crisis upturn + GFC onset,0.003117741784080863,1,0.00439975643530488,1,0.00439975643530488,0.17524874210357666,0.9998996257781982,3.345086588524282e-05,6.690173177048564e-05,1,43.9975643530488
2008-03-05,fold_1,Pre-crisis upturn + GFC onset,0.0009242031956091523,1,0.007077113725244999,1,0.007077113725244999,0.18356609344482422,0.9998805522918701,3.982077760156244e-05,7.964155520312488e-05,1,70.77113725244999
2008-03-06,fold_1,Pre-crisis upturn + GFC onset,0.00039833542541600764,1,-0.00318984710611403,-1,-0.00318984710611403,0.17979073524475098,0.9999226331710815,2.580412729003001e-05,5.160825458006002e-05,0,-31.8984710611403
2008-03-07,fold_1,Pre-crisis upturn + GFC onset,-0.003728211624547839,-1,0.00032211976940743625,1,-0.00032211976940743625,0.17941069602966309,0.9999057054519653,3.141686465824023e-05,6.283372931648046e-05,0,-3.2211976940743625
2008-03-10,fold_1,Pre-crisis upturn + GFC onset,-0.0005942296120338142,-1,6.13881929893978e-05,1,-6.13881929893978e-05,0.17933833599090576,0.9999520778656006,1.5982994227670133e-05,3.1965988455340266e-05,0,-0.6138819298939779
2008-03-11,fold_1,Pre-crisis upturn + GFC onset,0.0016323364106938243,1,0.012913729064166546,1,0.012913729064166546,0.19456791877746582,0.9999344348907471,2.1868829207960516e-05,4.373765841592103e-05,1,129.13729064166546
2008-03-12,fold_1,Pre-crisis upturn + GFC onset,0.003226887434720993,1,0.005280183628201485,1,0.005280183628201485,0.2008754014968872,0.9999759197235107,8.029589480429422e-06,1.6059178960858844e-05,1,52.80183628201485
2008-03-13,fold_1,Pre-crisis upturn + GFC onset,0.0011853802716359496,1,-0.0002654764102771878,-1,-0.0002654764102771878,0.20055663585662842,0.9999514818191528,1.6161091480171308e-05,3.2322182960342616e-05,0,-2.6547641027718782
2008-03-14,fold_1,Pre-crisis upturn + GFC onset,-0.0012138885213062167,-1,0.008330723270773888,1,-0.008330723270773888,0.19055521488189697,0.9999425411224365,1.91623366845306e-05,3.83246733690612e-05,0,-83.30723270773888
2008-03-17,fold_1,Pre-crisis upturn + GFC onset,0.010296649299561977,1,-0.00571519136428833,-1,-0.00571519136428833,0.18375098705291748,0.9997993111610413,6.69006840325892e-05,0.0001338013680651784,0,-57.1519136428833
2008-03-18,fold_1,Pre-crisis upturn + GFC onset,0.006236990448087454,1,-0.001219803118146956,-1,-0.001219803118146956,0.18230700492858887,0.9999485015869141,1.7177088011521846e-05,3.435417602304369e-05,0,-12.19803118146956
2008-03-19,fold_1,Pre-crisis upturn + GFC onset,-0.004278534557670355,-1,-0.012585368938744068,-1,0.012585368938744068,0.19718682765960693,0.9999433755874634,1.8884780729422346e-05,3.776956145884469e-05,1,125.85368938744068
2008-03-24,fold_1,Pre-crisis upturn + GFC onset,-0.0025443751364946365,-1,0.011474939994513988,1,-0.011474939994513988,0.1834491491317749,0.999925971031189,2.4690525606274605e-05,4.938105121254921e-05,0,-114.74939994513988
2008-03-25,fold_1,Pre-crisis upturn + GFC onset,-0.0061903758905828,-1,0.013576983474195004,1,-0.013576983474195004,0.16738152503967285,0.9999520778656006,1.5958265066728927e-05,3.1916530133457854e-05,0,-135.76983474195004
2008-03-26,fold_1,Pre-crisis upturn + GFC onset,-0.006071317475289106,-1,-0.0006325822323560715,-1,0.0006325822323560715,0.1681199073791504,0.9999232292175293,2.5571964215487242e-05,5.1143928430974483e-05,1,6.325822323560715
2008-03-27,fold_1,Pre-crisis upturn + GFC onset,-0.006475865840911865,-1,-0.0033570618834346533,-1,0.0033570618834346533,0.17204129695892334,0.9999328851699829,2.2358031856128946e-05,4.471606371225789e-05,1,33.57061883434653
2008-03-28,fold_1,Pre-crisis upturn + GFC onset,-0.004605100955814123,-1,-0.00018908978381659836,-1,0.00018908978381659836,0.17226290702819824,0.9999436140060425,1.8773518604575656e-05,3.754703720915131e-05,1,1.8908978381659836
2008-03-31,fold_1,Pre-crisis upturn + GFC onset,-0.004699118435382843,-1,-0.005079609341919422,-1,0.005079609341919422,0.17821753025054932,0.9999028444290161,3.239357829443179e-05,6.478715658886358e-05,1,50.79609341919422
2008-04-02,fold_1,Pre-crisis upturn + GFC onset,-0.000654722738545388,-1,-0.0006893464596942067,-1,0.0006893464596942067,0.17902982234954834,0.9999388456344604,2.040056097030174e-05,4.080112194060348e-05,1,6.893464596942067
2008-04-03,fold_1,Pre-crisis upturn + GFC onset,-0.002723607001826167,-1,0.0044534835033118725,1,-0.0044534835033118725,0.17377901077270508,0.9999620914459229,1.2619446351891384e-05,2.5238892703782767e-05,0,-44.534835033118725
2008-04-04,fold_1,Pre-crisis upturn + GFC onset,-0.002953295363113284,-1,-0.0020259751472622156,-1,0.0020259751472622156,0.17615699768066406,0.9999727010726929,9.093655535252765e-06,1.818731107050553e-05,1,20.259751472622156
2008-04-07,fold_1,Pre-crisis upturn + GFC onset,-0.0029113844502717257,-1,-0.00808490440249443,-1,0.00808490440249443,0.18566608428955078,0.9999293088912964,2.3568210963276215e-05,4.713642192655243e-05,1,80.8490440249443
2008-04-08,fold_1,Pre-crisis upturn + GFC onset,-0.005849553272128105,-1,0.01579233817756176,1,-0.01579233817756176,0.16694164276123047,0.9999104738235474,2.9853375963284634e-05,5.970675192656927e-05,0,-157.9233817756176
2008-04-09,fold_1,Pre-crisis upturn + GFC onset,0.0014493198832497,1,-0.005179158411920071,-1,-0.005179158411920071,0.1608978509902954,0.9999229907989502,2.567222691141069e-05,5.134445382282138e-05,0,-51.79158411920071
2008-04-10,fold_1,Pre-crisis upturn + GFC onset,-0.0018309839069843292,-1,0.005078901536762714,1,-0.005078901536762714,0.15500175952911377,0.9999167919158936,2.772490552160889e-05,5.544981104321778e-05,0,-50.789015367627144
2008-04-11,fold_1,Pre-crisis upturn + GFC onset,-0.0037915389984846115,-1,0.00018986649229191244,1,-0.00018986649229191244,0.15478253364562988,0.9999290704727173,2.364649662922602e-05,4.729299325845204e-05,0,-1.8986649229191244
2008-04-14,fold_1,Pre-crisis upturn + GFC onset,-0.002259810222312808,-1,-0.002462598029524088,-1,0.002462598029524088,0.15762627124786377,0.9999253749847412,2.485318145772908e-05,4.970636291545816e-05,1,24.62598029524088
2008-04-15,fold_1,Pre-crisis upturn + GFC onset,0.0007311788504011929,1,0.010899379849433899,1,0.010899379849433899,0.1702437400817871,0.9999388456344604,2.0374760424601845e-05,4.074952084920369e-05,1,108.99379849433899
2008-04-16,fold_1,Pre-crisis upturn + GFC onset,-0.0012494558468461037,-1,-0.0035143231507390738,-1,0.0035143231507390738,0.1743563413619995,0.999919056892395,2.696975934668444e-05,5.393951869336888e-05,1,35.14323150739074
2008-04-17,fold_1,Pre-crisis upturn + GFC onset,-0.0026081898249685764,-1,-0.010573179461061954,-1,0.010573179461061954,0.18677294254302979,0.9999427795410156,1.907611840579193e-05,3.815223681158386e-05,1,105.73179461061954
2008-04-18,fold_1,Pre-crisis upturn + GFC onset,-0.0012470724759623408,-1,0.011313356459140778,1,-0.011313356459140778,0.17334651947021484,0.9999297857284546,2.341683466511313e-05,4.683366933022626e-05,0,-113.13356459140778
2008-04-21,fold_1,Pre-crisis upturn + GFC onset,-0.005512232426553965,-1,0.004780459683388472,1,-0.004780459683388472,0.16773736476898193,0.9999252557754517,2.489918188075535e-05,4.97983637615107e-05,0,-47.804596833884716
2008-04-22,fold_1,Pre-crisis upturn + GFC onset,0.000947532185819,1,-0.007127514574676752,-1,-0.007127514574676752,0.15941429138183594,0.9999454021453857,1.8203825675300322e-05,3.6407651350600645e-05,0,-71.27514574676752
2008-04-23,fold_1,Pre-crisis upturn + GFC onset,-0.0008715563453733921,-1,-0.011966871097683907,-1,0.011966871097683907,0.17328882217407227,0.9999120235443115,2.93095890810946e-05,5.86191781621892e-05,1,119.66871097683907
2008-04-24,fold_1,Pre-crisis upturn + GFC onset,-0.004201036877930164,-1,-0.0030023385770618916,-1,0.0030023385770618916,0.1768113374710083,0.9999217987060547,2.607115857244935e-05,5.21423171448987e-05,1,30.023385770618916
2008-04-25,fold_1,Pre-crisis upturn + GFC onset,-0.0032969557214528322,-1,0.0010174394119530916,1,-0.0010174394119530916,0.17561399936676025,0.9999263286590576,2.4539305741200224e-05,4.907861148240045e-05,0,-10.174394119530916
2008-04-28,fold_1,Pre-crisis upturn + GFC onset,-0.0022198096849024296,-1,-0.0054796477779746056,-1,0.0054796477779746056,0.18205595016479492,0.9999126195907593,2.911379669967573e-05,5.822759339935146e-05,1,54.796477779746056
2008-04-30,fold_1,Pre-crisis upturn + GFC onset,-0.000201996328542009,-1,-0.012038466520607471,-1,0.012038466520607471,0.19628608226776123,0.9999197721481323,2.6724230338004418e-05,5.3448460676008835e-05,1,120.38466520607471
2008-05-02,fold_1,Pre-crisis upturn + GFC onset,-0.0029787200037389994,-1,0.00415347795933485,1,-0.00415347795933485,0.19131731986999512,0.9999059438705444,3.136332088615745e-05,6.27266417723149e-05,0,-41.5347795933485
2008-05-07,fold_1,Pre-crisis upturn + GFC onset,-0.0040819584392011166,-1,0.005134144332259893,1,-0.005134144332259893,0.18520092964172363,0.99982088804245,5.972372673568316e-05,0.00011944745347136632,0,-51.341443322598934
2008-05-08,fold_1,Pre-crisis upturn + GFC onset,-0.0063574849627912045,-1,0.0016728068003430963,1,-0.0016728068003430963,0.1832183599472046,0.9999275207519531,2.4157714506145567e-05,4.8315429012291133e-05,0,-16.728068003430963
2008-05-09,fold_1,Pre-crisis upturn + GFC onset,0.010146214626729488,1,0.0032323605846613646,1,0.0032323605846613646,0.1870429515838623,0.9999581575393677,1.39544090416166e-05,2.79088180832332e-05,1,32.323605846613646
2008-05-12,fold_1,Pre-crisis upturn + GFC onset,-0.001700584776699543,-1,-0.004055029712617397,-1,0.004055029712617397,0.19185638427734375,0.9999262094497681,2.457575646985788e-05,4.915151293971576e-05,1,40.55029712617397
2008-05-13,fold_1,Pre-crisis upturn + GFC onset,-0.002176213776692748,-1,-0.0005104347947053611,-1,0.0005104347947053611,0.19246482849121094,0.9998914003372192,3.620691131800413e-05,7.241382263600826e-05,1,5.104347947053611
2008-05-14,fold_1,Pre-crisis upturn + GFC onset,-0.0036690514534711838,-1,-0.001174283679574728,-1,0.001174283679574728,0.19386518001556396,0.999884843826294,3.838559496216476e-05,7.677118992432952e-05,1,11.74283679574728
2008-05-15,fold_1,Pre-crisis upturn + GFC onset,3.9834158087614924e-05,1,0.009388802573084831,1,0.009388802573084831,0.20507419109344482,0.9998986721038818,3.376082531758584e-05,6.752165063517168e-05,1,93.88802573084831
2008-05-16,fold_1,Pre-crisis upturn + GFC onset,-0.0007061786018311977,-1,-0.0043633379973471165,-1,0.0043633379973471165,0.21033227443695068,0.9999139308929443,2.8688898964901455e-05,5.737779792980291e-05,1,43.633379973471165
2008-05-19,fold_1,Pre-crisis upturn + GFC onset,0.00021134289272595197,1,0.008124498650431633,1,0.008124498650431633,0.22016561031341553,0.9998630285263062,4.563611219055019e-05,9.127222438110039e-05,1,81.24498650431633
2008-05-20,fold_1,Pre-crisis upturn + GFC onset,0.0014392358716577291,1,0.00855705700814724,1,0.00855705700814724,0.23060667514801025,0.999937891960144,2.0681467503891326e-05,4.136293500778265e-05,1,85.5705700814724
2008-05-21,fold_1,Pre-crisis upturn + GFC onset,0.00641124090179801,1,-0.003555349772796035,-1,-0.003555349772796035,0.22623145580291748,0.9999361038208008,2.1283958631101996e-05,4.256791726220399e-05,0,-35.55349772796035
2008-05-22,fold_1,Pre-crisis upturn + GFC onset,0.0006371865165419877,1,0.003377990797162056,1,0.003377990797162056,0.23037374019622803,0.9999126195907593,2.9114804419805296e-05,5.822960883961059e-05,1,33.77990797162056
2008-05-23,fold_1,Pre-crisis upturn + GFC onset,0.007544966880232096,1,-0.0003629504353739321,-1,-0.0003629504353739321,0.2299271821975708,0.9999537467956543,1.539742515888065e-05,3.07948503177613e-05,0,-3.6295043537393212
2008-05-27,fold_1,Pre-crisis upturn + GFC onset,-0.0007940063369460404,-1,-0.0022230539470911026,-1,0.0022230539470911026,0.23266136646270752,0.9999170303344727,2.7663420041790232e-05,5.5326840083580464e-05,1,22.230539470911026
2008-05-28,fold_1,Pre-crisis upturn + GFC onset,0.003616675501689315,1,-0.00881433766335249,-1,-0.00881433766335249,0.22179627418518066,0.9998809099197388,3.97101575799752e-05,7.94203151599504e-05,0,-88.1433766335249
2008-05-29,fold_1,Pre-crisis upturn + GFC onset,0.0022835719864815474,1,0.0014764738734811544,1,0.0014764738734811544,0.22360026836395264,0.9999004602432251,3.317157461424358e-05,6.634314922848716e-05,1,14.764738734811544
2008-05-30,fold_1,Pre-crisis upturn + GFC onset,0.0011415636399760842,1,0.0003264624683652073,1,0.0003264624683652073,0.2239997386932373,0.9998867511749268,3.7755107769044116e-05,7.551021553808823e-05,1,3.264624683652073
2008-06-02,fold_1,Pre-crisis upturn + GFC onset,0.0006943966145627201,1,-0.0061646453104913235,-1,-0.0061646453104913235,0.2164541482925415,0.9998586177825928,4.7124820412136614e-05,9.424964082427323e-05,0,-61.646453104913235
2008-06-03,fold_1,Pre-crisis upturn + GFC onset,0.004082434810698032,1,-0.001142001012340188,-1,-0.001142001012340188,0.2150648832321167,0.9999210834503174,2.6285575586371124e-05,5.257115117274225e-05,0,-11.42001012340188
2008-06-04,fold_1,Pre-crisis upturn + GFC onset,0.001732277567498386,1,0.010132720693945885,1,0.010132720693945885,0.22737669944763184,0.9999676942825317,1.0753397873486392e-05,2.1506795746972784e-05,1,101.32720693945885
2008-06-05,fold_1,Pre-crisis upturn + GFC onset,0.004297545645385981,1,0.012580753304064274,1,0.012580753304064274,0.24281799793243408,0.9999746084213257,8.479917596559972e-06,1.6959835193119943e-05,1,125.80753304064274
2008-06-06,fold_1,Pre-crisis upturn + GFC onset,-0.0031130907591432333,-1,-0.008963803760707378,-1,0.008963803760707378,0.2539583444595337,0.9998688697814941,4.369600719655864e-05,8.739201439311728e-05,1,89.63803760707378
2008-06-09,fold_1,Pre-crisis upturn + GFC onset,0.0006221900694072247,1,-0.011474243365228176,-1,-0.011474243365228176,0.23957014083862305,0.9999610185623169,1.2982560292584822e-05,2.5965120585169643e-05,0,-114.74243365228176
2008-06-10,fold_1,Pre-crisis upturn + GFC onset,-0.0037991737481206656,-1,0.006067509297281504,1,-0.006067509297281504,0.23204898834228516,0.9999226331710815,2.580356340331491e-05,5.160712680662982e-05,0,-60.67509297281504
2008-06-11,fold_1,Pre-crisis upturn + GFC onset,0.0012386561138555408,1,-0.006230826023966074,-1,-0.006230826023966074,0.2243722677230835,0.9999450445175171,1.8318480215384625e-05,3.663696043076925e-05,0,-62.30826023966074
2008-06-12,fold_1,Pre-crisis upturn + GFC onset,-0.007586359977722168,-1,-0.005947754718363285,-1,0.005947754718363285,0.23165452480316162,0.9999649524688721,1.1666417776723392e-05,2.3332835553446785e-05,1,59.47754718363285
2008-06-13,fold_1,Pre-crisis upturn + GFC onset,0.0005545664462260902,1,0.006823988631367683,1,0.006823988631367683,0.24005937576293945,0.9999608993530273,1.3011821465624962e-05,2.6023642931249924e-05,1,68.23988631367683
2008-06-16,fold_1,Pre-crisis upturn + GFC onset,-0.0007703445153310895,-1,0.0031044406350702047,1,-0.0031044406350702047,0.23620963096618652,0.9999148845672607,2.8360414944472723e-05,5.6720829888945445e-05,0,-31.044406350702047
2008-06-17,fold_1,Pre-crisis upturn + GFC onset,-0.0014192735543474555,-1,0.0010409550741314888,1,-0.0010409550741314888,0.23492276668548584,0.9999268054962158,2.4395581931457855e-05,4.879116386291571e-05,0,-10.409550741314888
2008-06-18,fold_1,Pre-crisis upturn + GFC onset,-0.002658566227182746,-1,-0.0018145984504371881,-1,0.0018145984504371881,0.23716366291046143,0.9999630451202393,1.2319005691097118e-05,2.4638011382194236e-05,1,18.14598450437188
2008-06-19,fold_1,Pre-crisis upturn + GFC onset,0.0018124737543985248,1,0.0076107727363705635,1,0.0076107727363705635,0.24657940864562988,0.9999407529830933,1.9733148292289115e-05,3.946629658457823e-05,1,76.10772736370564
2008-06-20,fold_1,Pre-crisis upturn + GFC onset,0.004097098018974066,1,-0.00672138063237071,-1,-0.00672138063237071,0.23820066452026367,0.999919056892395,2.6963978598359972e-05,5.3927957196719944e-05,0,-67.2138063237071
2008-06-23,fold_1,Pre-crisis upturn + GFC onset,0.00293517648242414,1,0.0030361225362867117,1,0.0030361225362867117,0.2419600486755371,0.9999350309371948,2.1666557586286217e-05,4.3333115172572434e-05,1,30.361225362867117
2008-06-24,fold_1,Pre-crisis upturn + GFC onset,-1.0180194294662215e-05,-1,0.006677090656012297,1,-0.006677090656012297,0.23366737365722656,0.9999439716339111,1.8678989363252185e-05,3.735797872650437e-05,0,-66.77090656012297
2008-06-25,fold_1,Pre-crisis upturn + GFC onset,0.002607164205983281,1,0.005040960386395454,1,0.005040960386395454,0.23988628387451172,0.9999668598175049,1.1049749446101487e-05,2.2099498892202973e-05,1,50.409603863954544
2008-06-26,fold_1,Pre-crisis upturn + GFC onset,0.0016811793902888894,1,0.0,1,0.0,0.23988628387451172,0.999946117401123,1.7959786418941803e-05,3.5919572837883607e-05,0,0.0
2008-06-27,fold_1,Pre-crisis upturn + GFC onset,0.004434267524629831,1,-0.00018895813263952732,-1,-0.00018895813263952732,0.23965203762054443,0.9999394416809082,2.0168450646451674e-05,4.033690129290335e-05,0,-1.8895813263952732
2010-01-19,fold_2,Post-crash recovery,-0.00016831164248287678,-1,-0.011951462365686893,-1,0.011951462365686893,0.011951446533203125,0.9999481439590454,1.728492134134285e-05,3.45698426826857e-05,1,119.51462365686893
2010-01-20,fold_2,Post-crash recovery,0.001600846997462213,1,-0.0009444424649700522,-1,-0.0009444424649700522,0.010995745658874512,0.9999724626541138,9.17136094358284e-06,1.834272188716568e-05,0,-9.444424649700522
2010-01-21,fold_2,Post-crash recovery,0.0013827466173097491,1,0.003125128336250782,1,0.003125128336250782,0.014155149459838867,0.9999252557754517,2.4918022972997278e-05,4.9836045945994556e-05,1,31.25128336250782
2010-01-22,fold_2,Post-crash recovery,0.001493259216658771,1,0.0006368025206029415,1,0.0006368025206029415,0.014801025390625,0.9999600648880005,1.3295792086864822e-05,2.6591584173729643e-05,1,6.368025206029415
2010-01-25,fold_2,Post-crash recovery,0.0033109940122812986,1,-0.004788059741258621,-1,-0.004788059741258621,0.009942173957824707,0.9999810457229614,6.298897460510489e-06,1.2597794921020977e-05,0,-47.88059741258621
2010-01-26,fold_2,Post-crash recovery,0.005661147180944681,1,-0.003648065496236086,-1,-0.003648065496236086,0.006257891654968262,0.9999382495880127,2.0570203560055234e-05,4.114040712011047e-05,0,-36.48065496236086
2010-01-27,fold_2,Post-crash recovery,0.005277120042592287,1,-0.004483596887439489,-1,-0.004483596887439489,0.0017462968826293945,0.9999256134033203,2.4800403480185196e-05,4.960080696037039e-05,0,-44.835968874394894
2010-01-28,fold_2,Post-crash recovery,0.0015509704826399684,1,-0.0072386483661830425,-1,-0.0072386483661830425,-0.005504965782165527,0.9999450445175171,1.8319715309189633e-05,3.6639430618379265e-05,0,-72.38648366183043
2010-01-29,fold_2,Post-crash recovery,0.000986236147582531,1,0.0043313405476510525,1,0.0043313405476510525,-0.0011974573135375977,0.9999498128890991,1.674278792052064e-05,3.348557584104128e-05,1,43.313405476510525
2010-02-01,fold_2,Post-crash recovery,-0.00242584734223783,-1,0.0035359642934054136,1,-0.0035359642934054136,-0.004729211330413818,0.9999444484710693,1.852194509410765e-05,3.70438901882153e-05,0,-35.359642934054136
2010-02-02,fold_2,Post-crash recovery,0.002902017207816243,1,-0.0053796786814928055,-1,-0.0053796786814928055,-0.010083436965942383,0.9999262094497681,2.4599650714662857e-05,4.9199301429325715e-05,0,-53.796786814928055
2010-02-03,fold_2,Post-crash recovery,-0.002711791545152664,-1,-0.01122969388961792,-1,0.01122969388961792,0.0010330677032470703,0.9999605417251587,1.3139832844899502e-05,2.6279665689799003e-05,1,112.2969388961792
2010-02-04,fold_2,Post-crash recovery,-0.0016662407433614135,-1,-0.004719560965895653,-1,0.004719560965895653,0.005757570266723633,0.9999184608459473,2.7173407943337224e-05,5.434681588667445e-05,1,47.19560965895653
2010-02-05,fold_2,Post-crash recovery,0.0025492035783827305,1,-0.0018570575630292296,-1,-0.0018570575630292296,0.003889799118041992,0.9999338388442993,2.203859548899345e-05,4.40771909779869e-05,0,-18.570575630292296
2010-02-08,fold_2,Post-crash recovery,0.002080650767311454,1,0.009330499917268753,1,0.009330499917268753,0.013256549835205078,0.9999486207962036,1.7122370991273783e-05,3.4244741982547566e-05,1,93.30499917268753
2010-02-09,fold_2,Post-crash recovery,0.005696714855730534,1,-0.0020905188284814358,-1,-0.0020905188284814358,0.011138319969177246,0.9999173879623413,2.7532300009625033e-05,5.5064600019250065e-05,0,-20.905188284814358
2010-02-10,fold_2,Post-crash recovery,0.004693010356277227,1,-0.005199064500629902,-1,-0.005199064500629902,0.005881309509277344,0.999955415725708,1.4852597814751789e-05,2.9705195629503578e-05,0,-51.99064500629902
2010-02-12,fold_2,Post-crash recovery,0.0022581866942346096,1,-0.0023396951146423817,-1,-0.0023396951146423817,0.0035278797149658203,0.9999698400497437,1.004259775072569e-05,2.008519550145138e-05,0,-23.396951146423817
2010-02-16,fold_2,Post-crash recovery,0.0030813191551715136,1,-0.01163397915661335,-1,-0.01163397915661335,-0.008147180080413818,0.9999468326568604,1.772172618075274e-05,3.544345236150548e-05,0,-116.3397915661335
2010-02-17,fold_2,Post-crash recovery,-0.00016750926442909986,-1,-0.010688421316444874,-1,0.010688421316444874,0.0024541616439819336,0.9999738931655884,8.708524546818808e-06,1.7417049093637615e-05,1,106.88421316444874
2010-02-18,fold_2,Post-crash recovery,0.0059408931992948055,1,0.011409442871809006,1,0.011409442871809006,0.01389157772064209,0.9999260902404785,2.4613987989141606e-05,4.922797597828321e-05,1,114.09442871809006
2010-02-19,fold_2,Post-crash recovery,-0.00321402819827199,-1,-0.0006938879960216582,-1,0.0006938879960216582,0.0145951509475708,0.9999568462371826,1.4388157069333829e-05,2.8776314138667658e-05,1,6.938879960216582
2010-02-22,fold_2,Post-crash recovery,0.0015120557509362698,1,-0.005776017438620329,-1,-0.005776017438620329,0.008734822273254395,0.9999551773071289,1.495464766776422e-05,2.990929533552844e-05,0,-57.76017438620329
2010-02-23,fold_2,Post-crash recovery,0.0014345829840749502,1,0.001191824907436967,1,0.001191824907436967,0.009937047958374023,0.9999582767486572,1.3904081242799293e-05,2.7808162485598586e-05,1,11.918249074369669
2010-02-24,fold_2,Post-crash recovery,0.002424124861136079,1,-0.000527954485733062,-1,-0.000527954485733062,0.009403824806213379,0.9999469518661499,1.768696165527217e-05,3.537392331054434e-05,0,-5.27954485733062
2010-02-25,fold_2,Post-crash recovery,0.006096740253269672,1,0.007020008284598589,1,0.007020008284598589,0.016489863395690918,0.9999651908874512,1.1590575013542548e-05,2.3181150027085096e-05,1,70.20008284598589
2010-02-26,fold_2,Post-crash recovery,0.006645082961767912,1,-0.005058620125055313,-1,-0.005058620125055313,0.011347770690917969,0.9999709129333496,9.683161806606222e-06,1.9366323613212444e-05,0,-50.58620125055313
2010-03-01,fold_2,Post-crash recovery,0.0034732655622065067,1,0.004317773040384054,1,0.004317773040384054,0.015714526176452637,0.9999692440032959,1.0255644156131893e-05,2.0511288312263787e-05,1,43.17773040384054
2010-03-02,fold_2,Post-crash recovery,0.0038230717182159424,1,0.005946443881839514,1,0.005946443881839514,0.02175438404083252,0.9999353885650635,2.1546900825342163e-05,4.309380165068433e-05,1,59.46443881839514
2010-03-03,fold_2,Post-crash recovery,0.007684503681957722,1,-0.00858509074896574,-1,-0.00858509074896574,0.012982487678527832,0.9999632835388184,1.2215983588248491e-05,2.4431967176496983e-05,0,-85.8509074896574
2010-03-04,fold_2,Post-crash recovery,0.0036015722434967756,1,0.003311865497380495,1,0.003311865497380495,0.01633739471435547,0.9999485015869141,1.71602896443801e-05,3.43205792887602e-05,1,33.11865497380495
2010-03-05,fold_2,Post-crash recovery,0.0015004632296040654,1,-0.0008851704187691212,-1,-0.0008851704187691212,0.015437722206115723,0.9999494552612305,1.684189737716224e-05,3.368379475432448e-05,0,-8.851704187691212
2010-03-08,fold_2,Post-crash recovery,0.0027253825683146715,1,-0.0007347645587287843,-1,-0.0007347645587287843,0.014691591262817383,0.999977707862854,7.413817911583465e-06,1.482763582316693e-05,0,-7.347645587287843
2010-03-09,fold_2,Post-crash recovery,0.0008775146561674774,1,0.002674186136573553,1,0.002674186136573553,0.017405152320861816,0.9999618530273438,1.2714413969661109e-05,2.5428827939322218e-05,1,26.74186136573553
2010-03-10,fold_2,Post-crash recovery,0.0019523882074281573,1,0.0030791175086051226,1,0.0030791175086051226,0.020537972450256348,0.9999550580978394,1.4967030438128859e-05,2.9934060876257718e-05,1,30.791175086051226
2010-03-11,fold_2,Post-crash recovery,-0.001351838931441307,-1,0.006182710640132427,1,-0.006182710640132427,0.014228224754333496,0.9999666213989258,1.1119603186671156e-05,2.2239206373342313e-05,0,-61.82710640132427
2010-03-12,fold_2,Post-crash recovery,0.004537195432931185,1,-0.006715663243085146,-1,-0.006715663243085146,0.007416963577270508,0.9999384880065918,2.0518997189356014e-05,4.103799437871203e-05,0,-67.15663243085146
2010-03-15,fold_2,Post-crash recovery,-0.0009671082952991128,-1,0.006677919998764992,1,-0.006677919998764992,0.0006895065307617188,0.9999574422836304,1.4179498066368978e-05,2.8358996132737957e-05,0,-66.77919998764992
2010-03-16,fold_2,Post-crash recovery,0.002367092063650489,1,-0.0022119286004453897,-1,-0.0022119286004453897,-0.0015239715576171875,0.9999269247055054,2.4364544515265152e-05,4.8729089030530304e-05,0,-22.119286004453897
2010-03-17,fold_2,Post-crash recovery,0.003199351718649268,1,-0.009053192101418972,-1,-0.009053192101418972,-0.010563373565673828,0.9999558925628662,1.470497045374941e-05,2.940994090749882e-05,0,-90.53192101418972
2010-03-18,fold_2,Post-crash recovery,-0.001082301721908152,-1,-0.0056584724225103855,-1,0.0056584724225103855,-0.004964649677276611,0.9999606609344482,1.3122764357831329e-05,2.6245528715662658e-05,1,56.584724225103855
2010-03-19,fold_2,Post-crash recovery,0.00017150436178781092,1,0.0022249817848205566,1,0.0022249817848205566,-0.0027507543563842773,0.9999637603759766,1.2081562090315856e-05,2.4163124180631712e-05,1,22.249817848205566
2010-03-23,fold_2,Post-crash recovery,0.004442901816219091,1,-0.010171548463404179,-1,-0.010171548463404179,-0.01289433240890503,0.9999387264251709,2.043894892267417e-05,4.087789784534834e-05,0,-101.71548463404179
2010-03-24,fold_2,Post-crash recovery,-0.00016428204253315926,-1,-0.0017964079743251204,-1,0.0017964079743251204,-0.011121153831481934,0.9999637603759766,1.2087813047401141e-05,2.4175626094802283e-05,1,17.964079743251204
2010-03-25,fold_2,Post-crash recovery,-0.0016982151428237557,-1,0.0077375867404043674,1,-0.0077375867404043674,-0.018772661685943604,0.9999667406082153,1.1071308108512312e-05,2.2142616217024624e-05,0,-77.37586740404367
2010-03-26,fold_2,Post-crash recovery,0.0013873045099899173,1,0.005298086442053318,1,0.005298086442053318,-0.013574004173278809,0.9999833106994629,5.544635314436164e-06,1.1089270628872328e-05,1,52.98086442053318
2010-03-29,fold_2,Post-crash recovery,0.0005091687780804932,1,-0.0042286706157028675,-1,-0.0042286706157028675,-0.017745256423950195,0.9999791383743286,6.9586776589858346e-06,1.3917355317971669e-05,0,-42.286706157028675
2010-03-30,fold_2,Post-crash recovery,0.0018563263583928347,1,0.006254276726394892,1,0.006254276726394892,-0.011601924896240234,0.9999527931213379,1.5750290913274512e-05,3.1500581826549023e-05,1,62.54276726394892
2010-03-31,fold_2,Post-crash recovery,0.0001311961532337591,1,0.0056237718090415,1,0.0056237718090415,-0.006043374538421631,0.9999693632125854,1.020371200866066e-05,2.040742401732132e-05,1,56.237718090415
2010-04-01,fold_2,Post-crash recovery,0.0004897904000245035,1,-0.005820577964186668,-1,-0.005820577964186668,-0.011828780174255371,0.9999485015869141,1.7146545360446908e-05,3.4293090720893815e-05,0,-58.205779641866684
2010-04-05,fold_2,Post-crash recovery,-0.0038102560210973024,-1,-0.006459742318838835,-1,0.006459742318838835,-0.0054454803466796875,0.9999529123306274,1.5697483831900172e-05,3.1394967663800344e-05,1,64.59742318838835
2010-04-06,fold_2,Post-crash recovery,-0.0037298263050615788,-1,-0.003991239704191685,-1,0.003991239704191685,-0.001475989818572998,0.9999477863311768,1.7400147044099867e-05,3.4800294088199735e-05,1,39.91239704191685
2010-04-07,fold_2,Post-crash recovery,-0.0015724338591098785,-1,0.0009486044873483479,1,-0.0009486044873483479,-0.002423226833343506,0.9999290704727173,2.3629938368685544e-05,4.725987673737109e-05,0,-9.486044873483479
2010-04-08,fold_2,Post-crash recovery,-0.0013729300117120147,-1,0.01046330388635397,1,-0.01046330388635397,-0.012861192226409912,0.9999680519104004,1.0659799045242835e-05,2.131959809048567e-05,0,-104.6330388635397
2010-04-09,fold_2,Post-crash recovery,9.699790098238736e-05,1,0.007042666897177696,1,0.007042666897177696,-0.005909144878387451,0.9999690055847168,1.0324164577468764e-05,2.0648329154937528e-05,1,70.42666897177696
2010-04-12,fold_2,Post-crash recovery,0.0007373332045972347,1,0.0009253707830794156,1,0.0009253707830794156,-0.004989206790924072,0.9999563694000244,1.4526673112413846e-05,2.9053346224827692e-05,1,9.253707830794156
2010-04-13,fold_2,Post-crash recovery,-0.0008682851912453771,-1,0.0034823056776076555,1,-0.0034823056776076555,-0.00845414400100708,0.9999784231185913,7.1726021815265995e-06,1.4345204363053199e-05,0,-34.823056776076555
2010-04-14,fold_2,Post-crash recovery,-0.0002595260739326477,-1,-0.005999756511300802,-1,0.005999756511300802,-0.002505064010620117,0.9999697208404541,1.010220694297459e-05,2.020441388594918e-05,1,59.99756511300802
2010-04-15,fold_2,Post-crash recovery,-0.004257251974195242,-1,-0.00515845837071538,-1,0.00515845837071538,0.0026404857635498047,0.9999521970748901,1.592663102201186e-05,3.185326204402372e-05,1,51.5845837071538
2010-04-16,fold_2,Post-crash recovery,-0.005685035604983568,-1,-0.0012409078190103173,-1,0.0012409078190103173,0.003884553909301758,0.9999619722366333,1.2656833860091865e-05,2.531366772018373e-05,1,12.409078190103173
2010-04-19,fold_2,Post-crash recovery,-0.0020781804341822863,-1,-0.0038692092057317495,-1,0.0038692092057317495,0.007768750190734863,0.9999653100967407,1.1569934940780513e-05,2.3139869881561026e-05,1,38.692092057317495
2010-04-20,fold_2,Post-crash recovery,-0.0011969261104241014,-1,-0.0033609094098210335,-1,0.0033609094098210335,0.01115572452545166,0.9999810457229614,6.331370968837291e-06,1.2662741937674582e-05,1,33.609094098210335
2010-04-21,fold_2,Post-crash recovery,-0.0007261130958795547,-1,-0.008957214653491974,-1,0.008957214653491974,0.020212888717651367,0.999967098236084,1.0953264791169204e-05,2.1906529582338408e-05,1,89.57214653491974
2010-04-22,fold_2,Post-crash recovery,0.0003477346326690167,1,0.008592506870627403,1,0.008592506870627403,0.028979063034057617,0.9999731779098511,8.955466910265386e-06,1.7910933820530772e-05,1,85.92506870627403
2010-04-23,fold_2,Post-crash recovery,-0.0036746251862496138,-1,0.001286504091694951,1,-0.001286504091694951,0.02765524387359619,0.9999281167984009,2.396392847003881e-05,4.792785694007762e-05,0,-12.86504091694951
2010-04-26,fold_2,Post-crash recovery,-0.006342499982565641,-1,-0.01720094121992588,-1,0.01720094121992588,0.04533183574676514,0.9999582767486572,1.3915034287492745e-05,2.783006857498549e-05,1,172.0094121992588
2010-04-27,fold_2,Post-crash recovery,0.0001130782111431472,1,0.00319747650064528,1,0.00319747650064528,0.04867422580718994,0.999901294708252,3.288424341008067e-05,6.576848682016134e-05,1,31.9747650064528
2010-04-28,fold_2,Post-crash recovery,-0.002451710170134902,-1,0.0037932186387479305,1,-0.0037932186387479305,0.04469633102416992,0.9999434947967529,1.8821498088072985e-05,3.764299617614597e-05,0,-37.932186387479305
2010-04-30,fold_2,Post-crash recovery,-0.004471787251532078,-1,-0.007378703448921442,-1,0.007378703448921442,0.05240488052368164,0.9999595880508423,1.3471893907990307e-05,2.6943787815980613e-05,1,73.78703448921442
2010-05-06,fold_2,Post-crash recovery,-0.003773213131353259,-1,0.009745693765580654,1,-0.009745693765580654,0.042148470878601074,0.999839186668396,5.359948772820644e-05,0.00010719897545641288,0,-97.45693765580654
2010-05-07,fold_2,Post-crash recovery,0.003262568963691592,1,0.0018146689981222153,1,0.0018146689981222153,0.04403972625732422,0.9998787641525269,4.041343345306814e-05,8.082686690613627e-05,1,18.146689981222153
2010-05-10,fold_2,Post-crash recovery,0.008604167029261589,1,-0.011682657524943352,-1,-0.011682657524943352,0.031842589378356934,0.9999102354049683,2.9917211577412672e-05,5.9834423154825345e-05,0,-116.82657524943352
2010-05-11,fold_2,Post-crash recovery,0.007774592377245426,1,0.0007203565328381956,1,0.0007203565328381956,0.032585859298706055,0.9999232292175293,2.560077882662881e-05,5.120155765325762e-05,1,7.203565328381956
2010-05-12,fold_2,Post-crash recovery,0.0011717256857082248,1,-0.007750330958515406,-1,-0.007750330958515406,0.024582982063293457,0.9999350309371948,2.1634890799759887e-05,4.3269781599519774e-05,0,-77.50330958515406
2010-05-13,fold_2,Post-crash recovery,-0.0011586406035348773,-1,-0.014436493627727032,-1,0.014436493627727032,0.039374351501464844,0.9999350309371948,2.1649357222486287e-05,4.3298714444972575e-05,1,144.36493627727032
2010-05-14,fold_2,Post-crash recovery,-0.0014041734393686056,-1,0.00266445754095912,1,-0.00266445754095912,0.036605000495910645,0.9999047517776489,3.1735475204186514e-05,6.347095040837303e-05,0,-26.644575409591198
2010-05-17,fold_2,Post-crash recovery,0.004238254856318235,1,-0.0172696802765131,-1,-0.0172696802765131,0.018703222274780273,0.9999362230300903,2.1244370145723224e-05,4.248874029144645e-05,0,-172.696802765131
2010-05-18,fold_2,Post-crash recovery,0.005514673423022032,1,0.0176109466701746,1,0.0176109466701746,0.03664350509643555,0.9999284744262695,2.383307037234772e-05,4.766614074469544e-05,1,176.109466701746
2010-05-19,fold_2,Post-crash recovery,0.007901805453002453,1,0.006900882814079523,1,0.006900882814079523,0.04379725456237793,0.999870777130127,4.3064803321613e-05,8.6129606643226e-05,1,69.00882814079523
2010-05-20,fold_2,Post-crash recovery,0.0112657081335783,1,0.0070626987144351006,1,0.0070626987144351006,0.05116927623748779,0.9999264478683472,2.451030013617128e-05,4.902060027234256e-05,1,70.626987144351
2010-05-21,fold_2,Post-crash recovery,0.0068609933368861675,1,-0.017277510836720467,-1,-0.017277510836720467,0.03300762176513672,0.9999133348464966,2.8904451028211042e-05,5.7808902056422085e-05,0,-172.77510836720467
2010-05-24,fold_2,Post-crash recovery,0.0035754912532866,1,-0.0003210459544789046,-1,-0.0003210459544789046,0.032675981521606445,0.9999245405197144,2.514465813874267e-05,5.028931627748534e-05,0,-3.210459544789046
2010-05-25,fold_2,Post-crash recovery,0.0027976238634437323,1,-0.014011116698384285,-1,-0.014011116698384285,0.01820695400238037,0.9999030828475952,3.2321295293513685e-05,6.464259058702737e-05,0,-140.11116698384285
2010-05-26,fold_2,Post-crash recovery,0.0041277226991951466,1,0.014373074285686016,1,0.014373074285686016,0.03284168243408203,0.9999547004699707,1.5083863218023907e-05,3.0167726436047815e-05,1,143.73074285686016
2010-05-27,fold_2,Post-crash recovery,0.0053756083361804485,1,-0.005989732686430216,-1,-0.005989732686430216,0.026655197143554688,0.9998846054077148,3.8445105019491166e-05,7.689021003898233e-05,0,-59.89732686430216
2010-05-28,fold_2,Post-crash recovery,0.0009984321659430861,1,0.0011304189683869481,1,0.0011304189683869481,0.027815818786621094,0.9999231100082397,2.562684312579222e-05,5.125368625158444e-05,1,11.304189683869481
2010-06-01,fold_2,Post-crash recovery,0.005068558268249035,1,0.000489582889713347,1,0.000489582889713347,0.02831900119781494,0.9999024868011475,3.2493680919287726e-05,6.498736183857545e-05,1,4.89582889713347
2010-06-02,fold_2,Post-crash recovery,0.0010388166410848498,1,-0.005683161783963442,-1,-0.005683161783963442,0.02247488498687744,0.9999023675918579,3.254124385421164e-05,6.508248770842329e-05,0,-56.83161783963442
2010-06-03,fold_2,Post-crash recovery,0.0023896116763353348,1,-0.01630449667572975,-1,-0.01630449667572975,0.005803942680358887,0.9999545812606812,1.5129754501685966e-05,3.025950900337193e-05,0,-163.04496675729752
2010-06-04,fold_2,Post-crash recovery,0.006352855358272791,1,-0.004018112551420927,-1,-0.004018112551420927,0.0017625093460083008,0.9999226331710815,2.577090526756365e-05,5.15418105351273e-05,0,-40.18112551420927
2010-06-07,fold_2,Post-crash recovery,0.012902907095849514,1,0.0041184090077877045,1,0.0041184090077877045,0.005888223648071289,0.9998807907104492,3.972651029471308e-05,7.945302058942616e-05,1,41.184090077877045
2010-06-08,fold_2,Post-crash recovery,0.009466412477195263,1,0.0016669539036229253,1,0.0016669539036229253,0.007564902305603027,0.9998807907104492,3.971420301240869e-05,7.942840602481738e-05,1,16.669539036229253
2010-06-09,fold_2,Post-crash recovery,0.01482419203966856,1,0.00975992064923048,1,0.00975992064923048,0.017398595809936523,0.9999158382415771,2.805766780511476e-05,5.611533561022952e-05,1,97.5992064923048
2010-06-10,fold_2,Post-crash recovery,0.0085674449801445,1,0.00041180214611813426,1,0.00041180214611813426,0.01781749725341797,0.9999281167984009,2.3967559172888286e-05,4.793511834577657e-05,1,4.118021461181343
2010-06-11,fold_2,Post-crash recovery,0.003106934716925025,1,0.008589374832808971,1,0.008589374832808971,0.026559948921203613,0.9998970031738281,3.4319124097237363e-05,6.863824819447473e-05,1,85.89374832808971
2010-06-14,fold_2,Post-crash recovery,0.0040459828451275826,1,0.00826606061309576,1,0.00826606061309576,0.035045623779296875,0.999923825263977,2.5407707653357647e-05,5.0815415306715295e-05,1,82.6606061309576
2010-06-15,fold_2,Post-crash recovery,0.001884879544377327,1,-0.0005786734400317073,-1,-0.0005786734400317073,0.0344465970993042,0.9998934268951416,3.553495480446145e-05,7.10699096089229e-05,0,-5.786734400317073
2010-06-16,fold_2,Post-crash recovery,-0.0022576008923351765,-1,0.005695778410881758,1,-0.005695778410881758,0.028554677963256836,0.9999258518218994,2.472847336321138e-05,4.945694672642276e-05,0,-56.95778410881758
2010-06-17,fold_2,Post-crash recovery,-0.0032332544215023518,-1,0.000879864557646215,1,-0.000879864557646215,0.027649641036987305,0.999941349029541,1.9551363948266953e-05,3.9102727896533906e-05,0,-8.79864557646215
2010-06-18,fold_2,Post-crash recovery,0.0007073340239003301,1,-0.006207311991602182,-1,-0.006207311991602182,0.021270751953125,0.9999567270278931,1.4406434274860658e-05,2.8812868549721316e-05,0,-62.073119916021824
2010-06-21,fold_2,Post-crash recovery,-0.0017725670477375388,-1,-0.0033265468664467335,-1,0.0033265468664467335,0.024668097496032715,0.9999514818191528,1.6167619833140634e-05,3.233523966628127e-05,1,33.265468664467335
2010-06-22,fold_2,Post-crash recovery,0.006008210591971874,1,0.003584904596209526,1,0.003584904596209526,0.02834141254425049,0.9999159574508667,2.8029602617607452e-05,5.6059205235214904e-05,1,35.84904596209526
2010-06-23,fold_2,Post-crash recovery,0.006404187064617872,1,0.0014927452430129051,1,0.0014927452430129051,0.0298764705657959,0.9999284744262695,2.3855694962549023e-05,4.771138992509805e-05,1,14.927452430129051
2010-06-24,fold_2,Post-crash recovery,0.004847662523388863,1,0.002882967470213771,1,0.002882967470213771,0.03284561634063721,0.9999505281448364,1.6494599549332634e-05,3.298919909866527e-05,1,28.82967470213771
2010-06-25,fold_2,Post-crash recovery,0.006102011539041996,1,-0.007759139873087406,-1,-0.007759139873087406,0.024831652641296387,0.999922513961792,2.580917498562485e-05,5.16183499712497e-05,0,-77.59139873087406
2010-06-28,fold_2,Post-crash recovery,0.0022328593768179417,1,-0.007384906057268381,-1,-0.007384906057268381,0.017263412475585938,0.9999556541442871,1.479751335864421e-05,2.959502671728842e-05,0,-73.84906057268381
2010-06-29,fold_2,Post-crash recovery,0.004145325627177954,1,0.003583511570468545,1,0.003583511570468545,0.020908832550048828,0.9999364614486694,2.118136762874201e-05,4.236273525748402e-05,1,35.83511570468545
2013-01-18,fold_3,Eurozone debt plateau,-0.0005876861396245658,-1,-0.00392940966412425,-1,0.00392940966412425,0.0039293766021728516,0.9999485015869141,1.716914448479656e-05,3.433828896959312e-05,1,39.294096641242504
2013-01-22,fold_3,Eurozone debt plateau,0.004518966190516949,1,0.00018636102322489023,1,0.00018636102322489023,0.004116415977478027,0.9999591112136841,1.3621407561004162e-05,2.7242815122008324e-05,1,1.8636102322489023
2013-01-23,fold_3,Eurozone debt plateau,0.0021211765706539154,1,-0.0004125860577914864,-1,-0.0004125860577914864,0.0037021636962890625,0.9999411106109619,1.962637725227978e-05,3.925275450455956e-05,0,-4.125860577914864
2013-01-24,fold_3,Eurozone debt plateau,0.0017094984650611877,1,0.004572297912091017,1,0.004572297912091017,0.008291363716125488,0.9999055862426758,3.147355528199114e-05,6.294711056398228e-05,1,45.72297912091017
2013-01-25,fold_3,Eurozone debt plateau,0.0016856290167197585,1,0.007231287192553282,1,0.007231287192553282,0.015582561492919922,0.9999136924743652,2.8763361115125008e-05,5.7526722230250016e-05,1,72.31287192553282
2013-01-28,fold_3,Eurozone debt plateau,-0.0042392597533762455,-1,-0.0014656366547569633,-1,0.0014656366547569633,0.017071127891540527,0.9999270439147949,2.4300448785652407e-05,4.860089757130481e-05,1,14.656366547569633
2013-01-29,fold_3,Eurozone debt plateau,0.003562554717063904,1,0.003372915554791689,1,0.003372915554791689,0.02050161361694336,0.999940037727356,1.9977300325990655e-05,3.995460065198131e-05,1,33.72915554791689
2013-01-30,fold_3,Eurozone debt plateau,0.0009078916045837104,1,0.005685125477612019,1,0.005685125477612019,0.02630329132080078,0.9999462366104126,1.7905647837324068e-05,3.5811295674648136e-05,1,56.851254776120186
2013-01-31,fold_3,Eurozone debt plateau,-0.0009341760887764394,-1,0.003144102171063423,1,-0.003144102171063423,0.023076534271240234,0.9998974800109863,3.41606282745488e-05,6.83212565490976e-05,0,-31.44102171063423
2013-02-01,fold_3,Eurozone debt plateau,-0.0011819155188277364,-1,0.0027706902474164963,1,-0.0027706902474164963,0.020241975784301758,0.9999309778213501,2.300182677572593e-05,4.600365355145186e-05,0,-27.706902474164963
2013-02-04,fold_3,Eurozone debt plateau,-0.003555014031007886,-1,-0.01003915723413229,-1,0.01003915723413229,0.030484437942504883,0.9999148845672607,2.8381711672409438e-05,5.6763423344818875e-05,1,100.3915723413229
2013-02-05,fold_3,Eurozone debt plateau,0.0003832469810731709,1,0.005160914734005928,1,0.005160914734005928,0.03580272197723389,0.9999650716781616,1.1622888450801838e-05,2.3245776901603676e-05,1,51.60914734005928
2013-02-06,fold_3,Eurozone debt plateau,-0.0010452900314703584,-1,-0.004232979379594326,-1,0.004232979379594326,0.04018723964691162,0.9999496936798096,1.6768777641118504e-05,3.353755528223701e-05,1,42.32979379594326
2013-02-07,fold_3,Eurozone debt plateau,-0.005868861917406321,-1,-0.009948350489139557,-1,0.009948350489139557,0.05053544044494629,0.9999352693557739,2.157606286345981e-05,4.315212572691962e-05,1,99.48350489139557
2013-02-08,fold_3,Eurozone debt plateau,-0.0018170304829254746,-1,-0.0015773915220052004,-1,0.0015773915220052004,0.0521925687789917,0.9999234676361084,2.551663783378899e-05,5.103327566757798e-05,1,15.773915220052004
2013-02-12,fold_3,Eurozone debt plateau,-0.0011744160437956452,-1,0.0036186398938298225,1,-0.0036186398938298225,0.048385024070739746,0.9998952150344849,3.491264214972034e-05,6.982528429944068e-05,0,-36.186398938298225
2013-02-13,fold_3,Eurozone debt plateau,-0.00024062451848294586,-1,-0.0005645840428769588,-1,0.0005645840428769588,0.048976898193359375,0.9999345541000366,2.17972592508886e-05,4.35945185017772e-05,1,5.6458404287695885
2013-02-14,fold_3,Eurozone debt plateau,-0.0006964839994907379,-1,-0.00681004673242569,-1,0.00681004673242569,0.05612051486968994,0.999944806098938,1.8387745512882248e-05,3.6775491025764495e-05,1,68.1004673242569
2013-02-15,fold_3,Eurozone debt plateau,-0.0009476339328102767,-1,-0.0006672476301901042,-1,0.0006672476301901042,0.05682516098022461,0.9999082088470459,3.060679227928631e-05,6.121358455857262e-05,1,6.6724763019010425
2013-02-19,fold_3,Eurozone debt plateau,0.003598298877477646,1,0.003643653355538845,1,0.003643653355538845,0.060675859451293945,0.9999160766601562,2.7971755116595887e-05,5.594351023319177e-05,1,36.43653355538845
2013-02-20,fold_3,Eurozone debt plateau,0.0008353283046744764,1,-0.009158467873930931,-1,-0.009158467873930931,0.05096161365509033,0.9999294281005859,2.3530295948148705e-05,4.706059189629741e-05,0,-91.58467873930931
2013-02-21,fold_3,Eurozone debt plateau,0.0020405349787324667,1,-0.005937489680945873,-1,-0.005937489680945873,0.04472148418426514,0.999915599822998,2.8145037504145876e-05,5.629007500829175e-05,0,-59.37489680945873
2013-02-22,fold_3,Eurozone debt plateau,0.003489011898636818,1,0.00011880857346113771,1,0.00011880857346113771,0.04484570026397705,0.9999128580093384,2.90494517685147e-05,5.80989035370294e-05,1,1.1880857346113771
2013-02-25,fold_3,Eurozone debt plateau,0.0011187064228579402,1,-0.009916401468217373,-1,-0.009916401468217373,0.0344846248626709,0.9999011754989624,3.295651913504116e-05,6.591303827008232e-05,0,-99.16401468217373
2013-02-26,fold_3,Eurozone debt plateau,0.0035661018919199705,1,6.532984116347507e-05,1,6.532984116347507e-05,0.03455221652984619,0.9999395608901978,2.0153085642959923e-05,4.0306171285919845e-05,1,0.6532984116347507
2013-02-27,fold_3,Eurozone debt plateau,0.008274021558463573,1,0.006509747821837664,1,0.006509747821837664,0.04128694534301758,0.9999104738235474,2.9858443667762913e-05,5.9716887335525826e-05,1,65.09747821837664
2013-02-28,fold_3,Eurozone debt plateau,0.0004620542749762535,1,-0.006921785417944193,-1,-0.006921785417944193,0.03407943248748779,0.9998840093612671,3.8670492358505726e-05,7.734098471701145e-05,0,-69.21785417944193
2013-03-01,fold_3,Eurozone debt plateau,0.00035085235140286386,1,-0.003293330315500498,-1,-0.003293330315500498,0.030673861503601074,0.999920129776001,2.663443228811957e-05,5.326886457623914e-05,0,-32.93330315500498
2013-03-04,fold_3,Eurozone debt plateau,0.0021311775781214237,1,0.0014731583651155233,1,0.0014731583651155233,0.032192230224609375,0.9998458623886108,5.135656101629138e-05,0.00010271312203258276,1,14.731583651155233
2013-03-05,fold_3,Eurozone debt plateau,0.004608098417520523,1,0.0009524957276880741,1,0.0009524957276880741,0.03317534923553467,0.999901533126831,3.283390833530575e-05,6.56678166706115e-05,1,9.524957276880741
2013-03-06,fold_3,Eurozone debt plateau,0.0012954099802300334,1,-0.0053601814433932304,-1,-0.0053601814433932304,0.027637362480163574,0.9998781681060791,4.061424624524079e-05,8.122849249048159e-05,0,-53.601814433932304
2013-03-07,fold_3,Eurozone debt plateau,0.00697266636416316,1,0.010226847603917122,1,0.010226847603917122,0.03814685344696045,0.9999433755874634,1.8889782950282097e-05,3.7779565900564194e-05,1,102.26847603917122
2013-03-08,fold_3,Eurozone debt plateau,-0.006194204092025757,-1,-0.009403315372765064,-1,0.009403315372765064,0.047908902168273926,0.9999098777770996,3.0046983738429844e-05,6.009396747685969e-05,1,94.03315372765064
2013-03-11,fold_3,Eurozone debt plateau,0.005674992222338915,1,0.0034406150225549936,1,0.0034406150225549936,0.051514387130737305,0.9999268054962158,2.4407519958913326e-05,4.881503991782665e-05,1,34.406150225549936
2013-03-12,fold_3,Eurozone debt plateau,-0.0012301909737288952,-1,-0.0002605045447126031,-1,0.0002605045447126031,0.051788330078125,0.9999467134475708,1.774973497958854e-05,3.549946995917708e-05,1,2.605045447126031
2013-03-13,fold_3,Eurozone debt plateau,-4.746634658658877e-05,-1,-0.005442651454359293,-1,0.005442651454359293,0.057512760162353516,0.9999428987503052,1.9046639863518067e-05,3.8093279727036133e-05,1,54.42651454359293
2013-03-14,fold_3,Eurozone debt plateau,0.0017475489294156432,1,0.004164100158959627,1,0.004164100158959627,0.061916351318359375,0.9999415874481201,1.9460012481431477e-05,3.8920024962862954e-05,1,41.64100158959627
2013-03-15,fold_3,Eurozone debt plateau,0.004641670733690262,1,-0.009192564524710178,-1,-0.009192564524710178,0.052154541015625,0.9999641180038452,1.1964692021138035e-05,2.392938404227607e-05,0,-91.92564524710178
2013-03-18,fold_3,Eurozone debt plateau,-0.0006620798376388848,-1,0.004051790572702885,1,-0.004051790572702885,0.04789137840270996,0.9999409914016724,1.9663033526740037e-05,3.9326067053480074e-05,0,-40.51790572702885
2013-03-19,fold_3,Eurozone debt plateau,0.00018223794177174568,1,-0.006264734081923962,-1,-0.006264734081923962,0.04132664203643799,0.9999548196792603,1.5057189557410311e-05,3.0114379114820622e-05,0,-62.647340819239616
2013-03-21,fold_3,Eurozone debt plateau,9.933095861924812e-05,1,-0.002839107299223542,-1,-0.002839107299223542,0.03837025165557861,0.9999347925186157,2.174987821490504e-05,4.349975642981008e-05,0,-28.391072992235422
2013-03-22,fold_3,Eurozone debt plateau,0.004733930807560682,1,0.0092341098934412,1,0.0092341098934412,0.0479586124420166,0.999920129776001,2.6634557798388414e-05,5.326911559677683e-05,1,92.341098934412
2013-03-25,fold_3,Eurozone debt plateau,-0.0013039869954809546,-1,-0.012717006728053093,-1,0.012717006728053093,0.06128549575805664,0.9999289512634277,2.3670854716328904e-05,4.734170943265781e-05,1,127.17006728053093
2013-03-26,fold_3,Eurozone debt plateau,0.0024955773260444403,1,0.00012858747504651546,1,0.00012858747504651546,0.061421990394592285,0.9999409914016724,1.9669725588755682e-05,3.9339451177511364e-05,1,1.2858747504651546
2013-03-27,fold_3,Eurozone debt plateau,-0.0008538199472241104,-1,-0.0063889650627970695,-1,0.0063889650627970695,0.06820344924926758,0.999897837638855,3.405102688702755e-05,6.81020537740551e-05,1,63.889650627970695
2013-03-28,fold_3,Eurozone debt plateau,0.004013032652437687,1,0.002973254071548581,1,0.002973254071548581,0.07137942314147949,0.9999145269393921,2.8474703867686912e-05,5.6949407735373825e-05,1,29.73254071548581
2013-04-01,fold_3,Eurozone debt plateau,0.006502555217593908,1,0.0034695772919803858,1,0.0034695772919803858,0.07509660720825195,0.9999059438705444,3.1352923542726785e-05,6.270584708545357e-05,1,34.69577291980386
2013-04-02,fold_3,Eurozone debt plateau,0.00186318124178797,1,-0.0023077132645994425,-1,-0.0023077132645994425,0.0726156234741211,0.9999475479125977,1.7481845134170726e-05,3.496369026834145e-05,0,-23.077132645994425
2013-04-03,fold_3,Eurozone debt plateau,0.0043813325464725494,1,0.002313051139935851,1,0.002313051139935851,0.07509660720825195,0.9999336004257202,2.2128326236270368e-05,4.4256652472540736e-05,1,23.13051139935851
2013-04-04,fold_3,Eurozone debt plateau,0.0017026627901941538,1,0.006076161749660969,1,0.006076161749660969,0.08162915706634521,0.9998992681503296,3.3570297091500834e-05,6.714059418300167e-05,1,60.76161749660969
2013-04-05,fold_3,Eurozone debt plateau,0.0026699670124799013,1,0.004937021527439356,1,0.004937021527439356,0.08696925640106201,0.9998472929000854,5.0879400077974424e-05,0.00010175880015594885,1,49.37021527439356
2013-04-08,fold_3,Eurozone debt plateau,-0.004977920558303595,-1,0.0028665303252637386,1,-0.0028665303252637386,0.08385348320007324,0.9999359846115112,2.1315316189429723e-05,4.2630632378859445e-05,0,-28.665303252637386
2013-04-09,fold_3,Eurozone debt plateau,-0.003618561429902911,-1,0.003910965286195278,1,-0.003910965286195278,0.07961452007293701,0.9999288320541382,2.3720409444649704e-05,4.744081888929941e-05,0,-39.10965286195278
2013-04-10,fold_3,Eurozone debt plateau,-0.007216045167297125,-1,-0.0019061239436268806,-1,0.0019061239436268806,0.08167243003845215,0.999906063079834,3.130247205263004e-05,6.260494410526007e-05,1,19.061239436268806
2013-04-11,fold_3,Eurozone debt plateau,-0.0025025513023138046,-1,0.00455083604902029,1,-0.00455083604902029,0.07674992084503174,0.999913215637207,2.893501368816942e-05,5.787002737633884e-05,0,-45.508360490202904
2013-04-12,fold_3,Eurozone debt plateau,-0.005293542053550482,-1,-0.001178935170173645,-1,0.001178935170173645,0.07801938056945801,0.9999167919158936,2.772140214801766e-05,5.544280429603532e-05,1,11.78935170173645
2013-04-15,fold_3,Eurozone debt plateau,-0.002571978373453021,-1,-0.0034072035923600197,-1,0.0034072035923600197,0.08169245719909668,0.9999343156814575,2.190207305829972e-05,4.380414611659944e-05,1,34.0720359236002
2013-04-16,fold_3,Eurozone debt plateau,0.0041273972019553185,1,0.009501743130385876,1,0.009501743130385876,0.09197032451629639,0.999925971031189,2.4659688278916292e-05,4.9319376557832584e-05,1,95.01743130385876
2013-04-17,fold_3,Eurozone debt plateau,-0.00926125980913639,-1,-0.010910171084105968,-1,0.010910171084105968,0.10388386249542236,0.999862790107727,4.574428385240026e-05,9.148856770480052e-05,1,109.10171084105968
2013-04-18,fold_3,Eurozone debt plateau,0.002212336752563715,1,0.0013966822298243642,1,0.0013966822298243642,0.10542559623718262,0.9999682903289795,1.0581603419268504e-05,2.1163206838537008e-05,1,13.966822298243642
2013-04-19,fold_3,Eurozone debt plateau,0.000617494632024318,1,0.0001958034554263577,1,0.0001958034554263577,0.10564208030700684,0.99992835521698,2.3891372620710172e-05,4.7782745241420344e-05,1,1.9580345542635769
2013-04-22,fold_3,Eurozone debt plateau,-0.0004614725767169148,-1,0.0004571809549815953,1,-0.0004571809549815953,0.10513663291931152,0.9999436140060425,1.8803164493874647e-05,3.7606328987749293e-05,0,-4.571809549815953
2013-04-23,fold_3,Eurozone debt plateau,-0.0013370747910812497,-1,-0.005145795177668333,-1,0.005145795177668333,0.11082339286804199,0.9999427795410156,1.9089988199993968e-05,3.8179976399987936e-05,1,51.45795177668333
2013-04-24,fold_3,Eurozone debt plateau,0.0021937477868050337,1,0.0017703734338283539,1,0.0017703734338283539,0.11278998851776123,0.9999229907989502,2.564968599472195e-05,5.12993719894439e-05,1,17.70373433828354
2013-04-25,fold_3,Eurozone debt plateau,0.0020938576199114323,1,-0.0007805071654729545,-1,-0.0007805071654729545,0.11192142963409424,0.9999545812606812,1.5137271475396119e-05,3.0274542950792238e-05,0,-7.805071654729545
2013-04-26,fold_3,Eurozone debt plateau,0.0029365539085119963,1,0.0027129673399031162,1,0.0027129673399031162,0.11493802070617676,0.9999282360076904,2.3906111891847104e-05,4.781222378369421e-05,1,27.129673399031162
2013-04-30,fold_3,Eurozone debt plateau,0.005382006522268057,1,0.005530692171305418,1,0.005530692171305418,0.12110447883605957,0.9999573230743408,1.4203997125150636e-05,2.840799425030127e-05,1,55.30692171305418
2013-05-01,fold_3,Eurozone debt plateau,0.005841453559696674,1,0.0010545552941039205,1,0.0010545552941039205,0.12228667736053467,0.9999111890792847,2.958499862870667e-05,5.916999725741334e-05,1,10.545552941039205
2013-05-02,fold_3,Eurozone debt plateau,0.00017553353973198682,1,-0.00888423714786768,-1,-0.00888423714786768,0.11231601238250732,0.9999395608901978,2.0158082406851463e-05,4.0316164813702926e-05,0,-88.8423714786768
2013-05-07,fold_3,Eurozone debt plateau,-0.0002175115077989176,-1,0.0005231635295785964,1,-0.0005231635295785964,0.11173415184020996,0.9999442100524902,1.85798362508649e-05,3.71596725017298e-05,0,-5.2316352957859635
2013-05-08,fold_3,Eurozone debt plateau,0.005278355907648802,1,0.00644897622987628,1,0.00644897622987628,0.1189037561416626,0.9999465942382812,1.7816339095588773e-05,3.563267819117755e-05,1,64.4897622987628
2013-05-09,fold_3,Eurozone debt plateau,-0.009373108856379986,-1,-0.009645446203649044,-1,0.009645446203649044,0.12969613075256348,0.9999494552612305,1.685399365669582e-05,3.370798731339164e-05,1,96.45446203649044
2013-05-10,fold_3,Eurozone debt plateau,0.0020878261420875788,1,-0.005302789621055126,-1,-0.005302789621055126,0.12370562553405762,0.999966025352478,1.1331435416650493e-05,2.2662870833300985e-05,0,-53.02789621055126
2013-05-13,fold_3,Eurozone debt plateau,0.0026489419396966696,1,0.0017533899517729878,1,0.0017533899517729878,0.12567603588104248,0.9999668598175049,1.1059506505262107e-05,2.2119013010524213e-05,1,17.53389951772988
2013-05-14,fold_3,Eurozone debt plateau,-0.0041933669708669186,-1,-0.003920002840459347,-1,0.003920002840459347,0.1300886869430542,0.999968409538269,1.0521760486881249e-05,2.1043520973762497e-05,1,39.20002840459347
2013-05-15,fold_3,Eurozone debt plateau,-0.00294474302791059,-1,-0.004225410986691713,-1,0.004225410986691713,0.1348637342453003,0.999957799911499,1.4053881386644207e-05,2.8107762773288414e-05,1,42.25410986691713
2013-05-16,fold_3,Eurozone debt plateau,-0.0014906259020790458,-1,6.449774082284421e-05,1,-6.449774082284421e-05,0.1347905397415161,0.9999479055404663,1.7367186956107616e-05,3.473437391221523e-05,0,-0.6449774082284421
2013-05-17,fold_3,Eurozone debt plateau,-0.0039043170399963856,-1,-0.003696675878018141,-1,0.003696675878018141,0.1389855146408081,0.9999510049819946,1.6310632418026216e-05,3.262126483605243e-05,1,36.96675878018141
2013-05-20,fold_3,Eurozone debt plateau,0.004445886705070734,1,0.004318435210734606,1,0.004318435210734606,0.1439042091369629,0.9999223947525024,2.5865643692668527e-05,5.1731287385337055e-05,1,43.18435210734606
2013-05-21,fold_3,Eurozone debt plateau,-0.002237248932942748,-1,0.002170462626963854,1,-0.002170462626963854,0.14142143726348877,0.9999542236328125,1.5235767932608724e-05,3.0471535865217447e-05,0,-21.70462626963854
2013-05-22,fold_3,Eurozone debt plateau,-0.005570385605096817,-1,-0.005958682391792536,-1,0.005958682391792536,0.14822280406951904,0.9999752044677734,8.243712727562524e-06,1.648742545512505e-05,1,59.58682391792536
2013-05-23,fold_3,Eurozone debt plateau,0.003775732358917594,1,0.006462528370320797,1,0.006462528370320797,0.15564322471618652,0.9999016523361206,3.278907388448715e-05,6.55781477689743e-05,1,64.62528370320797
2013-05-24,fold_3,Eurozone debt plateau,0.004047036170959473,1,0.0009831828065216541,1,0.0009831828065216541,0.15677952766418457,0.9999659061431885,1.1376951079000719e-05,2.2753902158001438e-05,1,9.831828065216541
2013-05-28,fold_3,Eurozone debt plateau,-0.001790972426533699,-1,-0.006770005449652672,-1,0.006770005449652672,0.16461098194122314,0.9999663829803467,1.1208612704649568e-05,2.2417225409299135e-05,1,67.70005449652672
2013-05-29,fold_3,Eurozone debt plateau,0.00515191163867712,1,0.007898152805864811,1,0.007898152805864811,0.17380928993225098,0.999970555305481,9.80605273070978e-06,1.961210546141956e-05,1,78.98152805864811
2013-05-30,fold_3,Eurozone debt plateau,0.0048930952325463295,1,0.007421950809657574,1,0.007421950809657574,0.18252122402191162,0.9999477863311768,1.7411817680113018e-05,3.4823635360226035e-05,1,74.21950809657574
2013-05-31,fold_3,Eurozone debt plateau,-0.002646619686856866,-1,-0.0036389913875609636,-1,0.0036389913875609636,0.18682444095611572,0.9999420642852783,1.9303082808619365e-05,3.860616561723873e-05,1,36.389913875609636
2013-06-03,fold_3,Eurozone debt plateau,0.007245912682265043,1,0.005882744211703539,1,0.005882744211703539,0.19380617141723633,0.9999512434005737,1.625421646167524e-05,3.250843292335048e-05,1,58.82744211703539
2013-06-04,fold_3,Eurozone debt plateau,-0.0013191867619752884,-1,3.9302009099628776e-05,1,-3.9302009099628776e-05,0.19375932216644287,0.9999229907989502,2.5660063329269178e-05,5.1320126658538356e-05,0,-0.39302009099628776
2013-06-05,fold_3,Eurozone debt plateau,0.000724318902939558,1,0.0015187669778242707,1,0.0015187669778242707,0.19557225704193115,0.9999804496765137,6.528572157549206e-06,1.3057144315098412e-05,1,15.187669778242707
2013-06-06,fold_3,Eurozone debt plateau,0.010206634178757668,1,0.011629591695964336,1,0.011629591695964336,0.20947623252868652,0.9999524354934692,1.5849424016778357e-05,3.1698848033556715e-05,1,116.29591695964336
2013-06-07,fold_3,Eurozone debt plateau,-0.0014438272919505835,-1,-0.0016265598824247718,-1,0.0016265598824247718,0.21144354343414307,0.9999281167984009,2.3968621462699957e-05,4.7937242925399914e-05,1,16.265598824247718
2013-06-10,fold_3,Eurozone debt plateau,-0.0005363693344406784,-1,0.0,1,-0.0,0.21144354343414307,0.9999555349349976,1.4807225852564443e-05,2.9614451705128886e-05,0,-0.0
2013-06-11,fold_3,Eurozone debt plateau,0.0014931178884580731,1,0.0,1,0.0,0.21144354343414307,0.9999483823776245,1.718938074191101e-05,3.437876148382202e-05,0,0.0
2013-06-12,fold_3,Eurozone debt plateau,0.004347912967205048,1,0.008737497963011265,1,0.008737497963011265,0.22202849388122559,0.999953031539917,1.5656203686376102e-05,3.1312407372752205e-05,1,87.37497963011265
2013-06-13,fold_3,Eurozone debt plateau,-0.0010881423950195312,-1,0.002125462982803583,1,-0.002125462982803583,0.21943116188049316,0.9999607801437378,1.3063814549241215e-05,2.612762909848243e-05,0,-21.25462982803583
2013-06-14,fold_3,Eurozone debt plateau,-0.0006274042534641922,-1,-0.0014417035272344947,-1,0.0014417035272344947,0.22118926048278809,0.9999334812164307,2.2153373720357195e-05,4.430674744071439e-05,1,14.417035272344947
2013-06-17,fold_3,Eurozone debt plateau,0.00047442232607863843,1,0.001082459231838584,1,0.001082459231838584,0.22251105308532715,0.9999353885650635,2.152123852283694e-05,4.304247704567388e-05,1,10.82459231838584
2013-06-18,fold_3,Eurozone debt plateau,0.000797537446487695,1,0.0020085156429558992,1,0.0020085156429558992,0.22496652603149414,0.9999480247497559,1.7302647393080406e-05,3.460529478616081e-05,1,20.085156429558992
2013-06-19,fold_3,Eurozone debt plateau,-0.005070607643574476,-1,-0.007323887664824724,-1,0.007323887664824724,0.23393797874450684,0.9999524354934692,1.5851530406507663e-05,3.170306081301533e-05,1,73.23887664824724
2013-06-20,fold_3,Eurozone debt plateau,-0.0038081498350948095,-1,-0.004235328175127506,-1,0.004235328175127506,0.23916423320770264,0.9999353885650635,2.1519221263588406e-05,4.303844252717681e-05,1,42.35328175127506
2013-06-21,fold_3,Eurozone debt plateau,-0.0017273046541959047,-1,-0.009842113591730595,-1,0.009842113591730595,0.25136029720306396,0.9999469518661499,1.7672549802227877e-05,3.5345099604455754e-05,1,98.42113591730595
2013-06-24,fold_3,Eurozone debt plateau,-0.0008552604704163969,-1,0.002061850391328335,1,-0.002061850391328335,0.24878013134002686,0.9999523162841797,1.5911062291706912e-05,3.1822124583413824e-05,0,-20.618503913283348
2013-06-25,fold_3,Eurozone debt plateau,0.0006540357135236263,1,-0.004002472851425409,-1,-0.004002472851425409,0.2437819242477417,0.9999450445175171,1.8319909941055812e-05,3.6639819882111624e-05,0,-40.02472851425409
2013-06-26,fold_3,Eurozone debt plateau,0.002684807637706399,1,-0.00507523724809289,-1,-0.00507523724809289,0.23746943473815918,0.9999407529830933,1.9740751667995937e-05,3.9481503335991874e-05,0,-50.7523724809289
2013-06-27,fold_3,Eurozone debt plateau,0.006256073247641325,1,0.0017338114557787776,1,0.0017338114557787776,0.23961496353149414,0.9999761581420898,7.947714038891718e-06,1.5895428077783436e-05,1,17.338114557787776
2015-04-15,fold_4,Strong USD downturn,0.004801682196557522,1,0.0027866659220308065,1,0.0027866659220308065,0.0027866363525390625,0.9999246597290039,2.5117124096141197e-05,5.0234248192282394e-05,1,27.866659220308065
2015-04-16,fold_4,Strong USD downturn,0.007236410863697529,1,0.007378339767456055,1,0.007378339767456055,0.010185480117797852,0.9998955726623535,3.482382817310281e-05,6.964765634620562e-05,1,73.78339767456055
2015-04-17,fold_4,Strong USD downturn,-0.006194333080202341,-1,0.0050807795487344265,1,-0.0050807795487344265,0.005052924156188965,0.999897837638855,3.405461393413134e-05,6.810922786826268e-05,0,-50.807795487344265
2015-04-20,fold_4,Strong USD downturn,-0.005206970497965813,-1,-0.005803639534860849,-1,0.005803639534860849,0.010885834693908691,0.9999352693557739,2.1565901988651603e-05,4.313180397730321e-05,1,58.036395348608494
2015-04-21,fold_4,Strong USD downturn,-0.0024577490985393524,-1,-0.0005370663129724562,-1,0.0005370663129724562,0.01142871379852295,0.9999459981918335,1.7995127564063296e-05,3.599025512812659e-05,1,5.370663129724562
2015-04-22,fold_4,Strong USD downturn,-0.0034245445858687162,-1,-0.0014802230289205909,-1,0.0014802230289205909,0.012925863265991211,0.9999523162841797,1.587190490681678e-05,3.174380981363356e-05,1,14.802230289205909
2015-04-23,fold_4,Strong USD downturn,0.0042389193549752235,1,0.008316786028444767,1,0.008316786028444767,0.02135014533996582,0.9999496936798096,1.6778858480392955e-05,3.355771696078591e-05,1,83.16786028444767
2015-04-24,fold_4,Strong USD downturn,-0.0006589235854335129,-1,0.004988814238458872,1,-0.004988814238458872,0.016254901885986328,0.9999654293060303,1.153672747022938e-05,2.307345494045876e-05,0,-49.88814238458872
2015-04-27,fold_4,Strong USD downturn,0.00014455030031967908,1,0.0008267566445283592,1,0.0008267566445283592,0.017095088958740234,0.9999724626541138,9.177499123325106e-06,1.835499824665021e-05,1,8.267566445283592
2015-04-28,fold_4,Strong USD downturn,0.00854615867137909,1,0.0083804065361619,1,0.0083804065361619,0.025618791580200195,0.9999769926071167,7.679741429456044e-06,1.5359482858912088e-05,1,83.804065361619
2015-04-30,fold_4,Strong USD downturn,-4.411861482367385e-06,-1,0.009027745574712753,1,-0.009027745574712753,0.016359806060791016,0.9999234676361084,2.5506253223284148e-05,5.1012506446568295e-05,0,-90.27745574712753
2015-05-01,fold_4,Strong USD downturn,-0.007910425774753094,-1,-0.002561562927439809,-1,0.002561562927439809,0.018963336944580078,0.9999330043792725,2.233395389339421e-05,4.466790778678842e-05,1,25.61562927439809
2015-05-07,fold_4,Strong USD downturn,-0.00657514575868845,-1,-0.008334004320204258,-1,0.008334004320204258,0.027455449104309082,0.999934196472168,2.191937528550625e-05,4.38387505710125e-05,1,83.34004320204258
2015-05-08,fold_4,Strong USD downturn,-0.0007275227690115571,-1,-0.004701511934399605,-1,0.004701511934399605,0.03228604793548584,0.999916672706604,2.7788364604930393e-05,5.557672920986079e-05,1,47.01511934399605
2015-05-11,fold_4,Strong USD downturn,-0.00442341947928071,-1,-0.0044355494901537895,-1,0.0044355494901537895,0.0368647575378418,0.9999611377716064,1.2967912880412769e-05,2.5935825760825537e-05,1,44.355494901537895
2015-05-12,fold_4,Strong USD downturn,0.0026160103734582663,1,0.006912466138601303,1,0.006912466138601303,0.04403209686279297,0.999942421913147,1.920688919199165e-05,3.84137783839833e-05,1,69.12466138601303
2015-05-13,fold_4,Strong USD downturn,0.004051844123750925,1,0.011498061008751392,1,0.011498061008751392,0.05603647232055664,0.9999526739120483,1.5770674508530647e-05,3.154134901706129e-05,1,114.98061008751392
2015-05-14,fold_4,Strong USD downturn,0.0011046897852793336,1,0.0048014628700912,1,0.0048014628700912,0.06110703945159912,0.9999691247940063,1.0304692295903806e-05,2.060938459180761e-05,1,48.014628700912
2015-05-15,fold_4,Strong USD downturn,0.00255460268817842,1,0.0035136754158884287,1,0.0035136754158884287,0.06483542919158936,0.999961256980896,1.2898514796688687e-05,2.5797029593377374e-05,1,35.13675415888429
2015-05-18,fold_4,Strong USD downturn,-0.006205335259437561,-1,-0.010386107489466667,-1,0.010386107489466667,0.07589495182037354,0.9999518394470215,1.605680154170841e-05,3.211360308341682e-05,1,103.86107489466667
2015-05-19,fold_4,Strong USD downturn,-0.009197595529258251,-1,-0.015850599855184555,-1,0.015850599855184555,0.09294843673706055,0.9999580383300781,1.3995680092193652e-05,2.7991360184387304e-05,1,158.50599855184555
2015-05-20,fold_4,Strong USD downturn,-0.004151462111622095,-1,-0.004118285607546568,-1,0.004118285607546568,0.09744954109191895,0.9999716281890869,9.469174074183684e-06,1.8938348148367368e-05,1,41.18285607546568
2015-05-21,fold_4,Strong USD downturn,-0.0041832635179162025,-1,0.001000001560896635,1,-0.001000001560896635,0.09635210037231445,0.999976634979248,7.775332960591186e-06,1.555066592118237e-05,0,-10.00001560896635
2015-05-22,fold_4,Strong USD downturn,-0.006273286882787943,-1,-0.010696151293814182,-1,0.010696151293814182,0.10807883739471436,0.9999425411224365,1.913688174681738e-05,3.827376349363476e-05,1,106.96151293814182
2015-05-26,fold_4,Strong USD downturn,-0.012612122111022472,-1,-0.007502323482185602,-1,0.007502323482185602,0.11639201641082764,0.9999592304229736,1.3594584743259475e-05,2.718916948651895e-05,1,75.02323482185602
2015-05-27,fold_4,Strong USD downturn,-0.004386854358017445,-1,0.0010246067540720105,1,-0.0010246067540720105,0.11524820327758789,0.9999691247940063,1.03060228866525e-05,2.0612045773305e-05,0,-10.246067540720105
2015-05-28,fold_4,Strong USD downturn,-0.0034768604673445225,-1,0.005534912459552288,1,-0.005534912459552288,0.10907542705535889,0.9999685287475586,1.0502429176995065e-05,2.100485835399013e-05,0,-55.34912459552288
2015-05-29,fold_4,Strong USD downturn,-0.005966283846646547,-1,-0.0002191598032368347,-1,0.0002191598032368347,0.10931837558746338,0.9999507665634155,1.639736547076609e-05,3.279473094153218e-05,1,2.191598032368347
2015-06-01,fold_4,Strong USD downturn,-0.011302841827273369,-1,-0.0031894471030682325,-1,0.0031894471030682325,0.11285650730133057,0.9999555349349976,1.4823625861026812e-05,2.9647251722053625e-05,1,31.894471030682325
2015-06-02,fold_4,Strong USD downturn,0.0040200501680374146,1,0.020783551037311554,1,0.020783551037311554,0.1359856128692627,0.9999513626098633,1.621291994524654e-05,3.242583989049308e-05,1,207.83551037311554
2015-06-03,fold_4,Strong USD downturn,-0.012140932492911816,-1,0.009670482017099857,1,-0.009670482017099857,0.12500011920928955,0.999946117401123,1.7970232875086367e-05,3.5940465750172734e-05,0,-96.70482017099857
2015-06-04,fold_4,Strong USD downturn,-0.011879900470376015,-1,-0.004438275005668402,-1,0.004438275005668402,0.12999320030212402,0.9999159574508667,2.802057315420825e-05,5.60411463084165e-05,1,44.38275005668402
2015-06-05,fold_4,Strong USD downturn,-0.01216793805360794,-1,-0.008897615596652031,-1,0.008897615596652031,0.14004755020141602,0.9999392032623291,2.025847788900137e-05,4.051695577800274e-05,1,88.97615596652031
2015-06-08,fold_4,Strong USD downturn,0.004582047928124666,1,0.015556452795863152,1,0.015556452795863152,0.1577826738357544,0.9999513626098633,1.6201960534090176e-05,3.240392106818035e-05,1,155.56452795863152
2015-06-09,fold_4,Strong USD downturn,-0.005360469222068787,-1,0.0016044342191889882,1,-0.0016044342191889882,0.15592503547668457,0.9998708963394165,4.3036063289036974e-05,8.607212657807395e-05,0,-16.044342191889882
2015-06-10,fold_4,Strong USD downturn,0.004344003740698099,1,0.0011425005504861474,1,0.0011425005504861474,0.15724563598632812,0.9999536275863647,1.545424311188981e-05,3.090848622377962e-05,1,11.425005504861474
2015-06-11,fold_4,Strong USD downturn,-0.004314113408327103,-1,-0.006306036841124296,-1,0.006306036841124296,0.1645432710647583,0.9999465942382812,1.7782291251933202e-05,3.5564582503866404e-05,1,63.06036841124296
2015-06-12,fold_4,Strong USD downturn,-0.0027057949919253588,-1,-0.0018400050466880202,-1,0.0018400050466880202,0.1666860580444336,0.9999350309371948,2.164316720154602e-05,4.328633440309204e-05,1,18.400050466880202
2015-06-15,fold_4,Strong USD downturn,-0.0011453473707661033,-1,0.005085863173007965,1,-0.005085863173007965,0.16075241565704346,0.9999587535858154,1.3740656868321821e-05,2.7481313736643642e-05,0,-50.85863173007965
2015-06-16,fold_4,Strong USD downturn,-0.002686477964743972,-1,-0.0031028008088469505,-1,0.0031028008088469505,0.16435396671295166,0.9999566078186035,1.4466000720858574e-05,2.8932001441717148e-05,1,31.028008088469505
2015-06-17,fold_4,Strong USD downturn,0.003480692161247134,1,0.011381383053958416,1,0.011381383053958416,0.1776059865951538,0.999964714050293,1.176733167085331e-05,2.353466334170662e-05,1,113.81383053958416
2015-06-18,fold_4,Strong USD downturn,-0.0033594199921935797,-1,6.814974767621607e-05,1,-6.814974767621607e-05,0.17752575874328613,0.999967098236084,1.0956152436847333e-05,2.1912304873694666e-05,0,-0.6814974767621607
2015-06-19,fold_4,Strong USD downturn,-0.0010596656939014792,-1,0.0001934272440848872,1,-0.0001934272440848872,0.1772979497909546,0.9999662637710571,1.1258650374657009e-05,2.2517300749314018e-05,0,-1.934272440848872
2015-06-22,fold_4,Strong USD downturn,-0.0036711357533931732,-1,-0.0020996162202209234,-1,0.0020996162202209234,0.1797698736190796,0.9999507665634155,1.6426332877017558e-05,3.2852665754035115e-05,1,20.996162202209234
2015-06-23,fold_4,Strong USD downturn,-0.009210925549268723,-1,-0.01558514405041933,-1,0.01558514405041933,0.19815683364868164,0.999935507774353,2.1485839170054533e-05,4.2971678340109065e-05,1,155.8514405041933
2015-06-24,fold_4,Strong USD downturn,-0.004189469385892153,-1,0.0031154805328696966,1,-0.0031154805328696966,0.19442403316497803,0.9999531507492065,1.559989686938934e-05,3.119979373877868e-05,0,-31.154805328696966
2015-06-25,fold_4,Strong USD downturn,-0.0026060971431434155,-1,-0.0003584684163797647,-1,0.0003584684163797647,0.19485223293304443,0.999950647354126,1.644817166379653e-05,3.289634332759306e-05,1,3.5846841637976468
2015-06-26,fold_4,Strong USD downturn,-0.0047288089990615845,-1,-0.02034766413271427,-1,0.02034766413271427,0.21916472911834717,0.9999469518661499,1.769312257238198e-05,3.538624514476396e-05,1,203.47664132714272
2015-06-29,fold_4,Strong USD downturn,0.0018783919513225555,1,0.02259182743728161,1,0.02259182743728161,0.24670791625976562,0.9999173879623413,2.7551983293960802e-05,5.5103966587921605e-05,1,225.9182743728161
2015-06-30,fold_4,Strong USD downturn,-0.008224787190556526,-1,-0.007839072495698929,-1,0.007839072495698929,0.2564809322357178,0.9999411106109619,1.9609497030614875e-05,3.921899406122975e-05,1,78.39072495698929
2015-07-01,fold_4,Strong USD downturn,-0.0036745925899595022,-1,-0.009102738462388515,-1,0.009102738462388515,0.26791834831237793,0.9999556541442871,1.4792184629186522e-05,2.9584369258373044e-05,1,91.02738462388515
2015-07-02,fold_4,Strong USD downturn,0.0029712915420532227,1,0.004833896644413471,1,0.004833896644413471,0.2740473747253418,0.9999637603759766,1.2075123777322005e-05,2.415024755464401e-05,1,48.33896644413471
2015-07-06,fold_4,Strong USD downturn,-0.002057309029623866,-1,0.00490582687780261,1,-0.00490582687780261,0.2677971124649048,0.999907374382019,3.089157326030545e-05,6.17831465206109e-05,0,-49.058268778026104
2015-07-07,fold_4,Strong USD downturn,-0.0009148467215709388,-1,-0.003534203628078103,-1,0.003534203628078103,0.27227771282196045,0.9999425411224365,1.9151037122355774e-05,3.830207424471155e-05,1,35.34203628078103
2015-07-08,fold_4,Strong USD downturn,0.005848691798746586,1,0.005546563304960728,1,0.005546563304960728,0.27933454513549805,0.9999666213989258,1.1136729881400242e-05,2.2273459762800485e-05,1,55.46563304960728
2015-07-09,fold_4,Strong USD downturn,-0.0006214500754140317,-1,-0.0007190668839029968,-1,0.0007190668839029968,0.2802544832229614,0.9998458623886108,5.136500840308145e-05,0.0001027300168061629,1,7.190668839029968
2015-07-10,fold_4,Strong USD downturn,0.006005213595926762,1,0.005965179298073053,1,0.005965179298073053,0.2878915071487427,0.9999477863311768,1.7388290871167555e-05,3.477658174233511e-05,1,59.651792980730534
2015-07-13,fold_4,Strong USD downturn,-0.003965060692280531,-1,-0.012452283874154091,-1,0.012452283874154091,0.3039286136627197,0.9999505281448364,1.6505224266438745e-05,3.301044853287749e-05,1,124.52283874154091
2015-07-14,fold_4,Strong USD downturn,0.002020045416429639,1,0.0015961879398673773,1,0.0015961879398673773,0.30601000785827637,0.999922513961792,2.5838278816081583e-05,5.167655763216317e-05,1,15.961879398673773
2015-07-15,fold_4,Strong USD downturn,-0.0068582105450332165,-1,-0.005854768678545952,-1,0.005854768678545952,0.3136563301086426,0.9999665021896362,1.1168003766215406e-05,2.2336007532430813e-05,1,58.54768678545952
2015-07-16,fold_4,Strong USD downturn,-0.006895846221596003,-1,-0.005257993470877409,-1,0.005257993470877409,0.3205634355545044,0.9999407529830933,1.9756244000745937e-05,3.9512488001491874e-05,1,52.57993470877409
2015-07-17,fold_4,Strong USD downturn,-0.0035795681178569794,-1,-0.005122730508446693,-1,0.005122730508446693,0.3273284435272217,0.9999480247497559,1.7325955923297442e-05,3.4651911846594885e-05,1,51.227305084466934
2015-07-21,fold_4,Strong USD downturn,0.0003840082499664277,1,0.00964904110878706,1,0.00964904110878706,0.34013593196868896,0.9999620914459229,1.2629182492673863e-05,2.5258364985347725e-05,1,96.4904110878706
2015-07-22,fold_4,Strong USD downturn,-0.00335346395149827,-1,-0.0011801107320934534,-1,0.0011801107320934534,0.34171736240386963,0.99996018409729,1.328665530309081e-05,2.657331060618162e-05,1,11.801107320934534
2015-07-23,fold_4,Strong USD downturn,0.0002493658976163715,1,0.005670242477208376,1,0.005670242477208376,0.34932518005371094,0.9999395608901978,2.0138731997576542e-05,4.0277463995153084e-05,1,56.70242477208376
2015-07-24,fold_4,Strong USD downturn,-0.0006045537302270532,-1,-0.0015141702024266124,-1,0.0015141702024266124,0.3513683080673218,0.9999666213989258,1.1109275874332525e-05,2.221855174866505e-05,1,15.141702024266124
2015-07-27,fold_4,Strong USD downturn,-3.803400250035338e-05,-1,0.010724127292633057,1,-0.010724127292633057,0.3368760347366333,0.9999301433563232,2.3284121198230423e-05,4.6568242396460846e-05,0,-107.24127292633057
2015-07-28,fold_4,Strong USD downturn,-0.002730662701651454,-1,-0.0021689776331186295,-1,0.0021689776331186295,0.3397756814956665,0.9999244213104248,2.520821180951316e-05,5.041642361902632e-05,1,21.689776331186295
2015-07-29,fold_4,Strong USD downturn,-0.0029554530046880245,-1,-0.007403244264423847,-1,0.007403244264423847,0.3496943712234497,0.9999648332595825,1.1725202966772486e-05,2.345040593354497e-05,1,74.03244264423847
2015-07-30,fold_4,Strong USD downturn,-0.007024234626442194,-1,-0.004080268554389477,-1,0.004080268554389477,0.35520148277282715,0.9999383687973022,2.0554130969685502e-05,4.1108261939371005e-05,1,40.80268554389477
2015-07-31,fold_4,Strong USD downturn,-0.001107072806917131,-1,0.0027202083729207516,1,-0.0027202083729207516,0.3515150547027588,0.9999570846557617,1.4314141481008846e-05,2.8628282962017693e-05,0,-27.202083729207516
2015-08-03,fold_4,Strong USD downturn,-0.0033599950838834047,-1,-0.0011831811862066388,-1,0.0011831811862066388,0.35311412811279297,0.9999802112579346,6.589484655705746e-06,1.3178969311411493e-05,1,11.831811862066388
2015-08-04,fold_4,Strong USD downturn,-0.0069816820323467255,-1,-0.006119636818766594,-1,0.006119636818766594,0.36139464378356934,0.9999635219573975,1.21604316518642e-05,2.43208633037284e-05,1,61.19636818766594
2015-08-05,fold_4,Strong USD downturn,-0.002793586580082774,-1,0.0012975219869986176,1,-0.0012975219869986176,0.35962820053100586,0.9999570846557617,1.4294012544269208e-05,2.8588025088538416e-05,0,-12.975219869986176
2015-08-06,fold_4,Strong USD downturn,-0.006240401417016983,-1,0.0021963249891996384,1,-0.0021963249891996384,0.3566420078277588,0.9999595880508423,1.3451569429889787e-05,2.6903138859779574e-05,0,-21.963249891996384
2015-08-07,fold_4,Strong USD downturn,-0.0012156839948147535,-1,0.0034758939873427153,1,-0.0034758939873427153,0.35192644596099854,0.9999570846557617,1.4293455024017021e-05,2.8586910048034042e-05,0,-34.75893987342715
2015-08-10,fold_4,Strong USD downturn,-0.00034850547672249377,-1,0.004737264011055231,1,-0.004737264011055231,0.34552204608917236,0.999962329864502,1.2572124433063436e-05,2.5144248866126873e-05,0,-47.37264011055231
2015-08-11,fold_4,Strong USD downturn,-0.008072962053120136,-1,0.0022746871691197157,1,-0.0022746871691197157,0.34246134757995605,0.9999632835388184,1.2254401553946082e-05,2.4508803107892163e-05,0,-22.746871691197157
2015-08-12,fold_4,Strong USD downturn,2.50060111284256e-06,1,0.010770364664494991,1,0.010770364664494991,0.35692012310028076,0.9999698400497437,1.003153738565743e-05,2.006307477131486e-05,1,107.70364664494991
2015-08-13,fold_4,Strong USD downturn,-0.007672272622585297,-1,0.0,1,-0.0,0.35692012310028076,0.9999202489852905,2.6588708351482637e-05,5.3177416702965274e-05,0,-0.0
2015-08-14,fold_4,Strong USD downturn,-0.007176852319389582,-1,-0.0060900431126356125,-1,0.0060900431126356125,0.36518383026123047,0.9999339580535889,2.1992054826114327e-05,4.3984109652228653e-05,1,60.900431126356125
2015-08-17,fold_4,Strong USD downturn,-0.006431655026972294,-1,-0.0013515696628019214,-1,0.0013515696628019214,0.36702895164489746,0.9999667406082153,1.1102392818429507e-05,2.2204785636859015e-05,1,13.515696628019214
2015-08-18,fold_4,Strong USD downturn,-0.005647243000566959,-1,-0.004257874097675085,-1,0.004257874097675085,0.372849702835083,0.9999489784240723,1.6986234186333604e-05,3.397246837266721e-05,1,42.57874097675085
2015-08-19,fold_4,Strong USD downturn,-0.0005472695338539779,-1,0.00790493655949831,1,-0.00790493655949831,0.3619973659515381,0.9999573230743408,1.4218179785530083e-05,2.8436359571060166e-05,0,-79.0493655949831
2015-08-20,fold_4,Strong USD downturn,-0.00043746278970502317,-1,0.010697606019675732,1,-0.010697606019675732,0.34742724895477295,0.9999635219573975,1.2164831787231378e-05,2.4329663574462757e-05,0,-106.97606019675732
2015-08-21,fold_4,Strong USD downturn,-0.0005188278737477958,-1,0.012457658536732197,1,-0.012457658536732197,0.33064138889312744,0.9999196529388428,2.6780740881804377e-05,5.3561481763608754e-05,0,-124.57658536732197
2015-08-24,fold_4,Strong USD downturn,-0.009090078994631767,-1,0.018115969374775887,1,-0.018115969374775887,0.3065354824066162,0.9998735189437866,4.2170500819338486e-05,8.434100163867697e-05,0,-181.15969374775887
2015-08-25,fold_4,Strong USD downturn,-0.013707113452255726,-1,-0.00277227396145463,-1,0.00277227396145463,0.3101576566696167,0.9999251365661621,2.4964407202787697e-05,4.9928814405575395e-05,1,27.7227396145463
2015-08-26,fold_4,Strong USD downturn,-0.007989073172211647,-1,-0.018257446587085724,-1,0.018257446587085724,0.3340778350830078,0.9998975992202759,3.4114273148588836e-05,6.822854629717767e-05,1,182.57446587085724
2015-08-27,fold_4,Strong USD downturn,-0.004053125623613596,-1,-0.008121015504002571,-1,0.008121015504002571,0.34491193294525146,0.9999513626098633,1.6194235286093317e-05,3.2388470572186634e-05,1,81.21015504002571
2015-08-28,fold_4,Strong USD downturn,-0.0028156880289316177,-1,-0.0030165945645421743,-1,0.0030165945645421743,0.3489689826965332,0.9999374151229858,2.087390203087125e-05,4.17478040617425e-05,1,30.165945645421743
2015-08-31,fold_4,Strong USD downturn,-0.0013083535013720393,-1,0.001055276719853282,1,-0.001055276719853282,0.3475453853607178,0.9999433755874634,1.8876218746299855e-05,3.775243749259971e-05,0,-10.55276719853282
2015-09-01,fold_4,Strong USD downturn,0.0035328210797160864,1,0.006019366439431906,1,0.006019366439431906,0.3556567430496216,0.9999309778213501,2.3018583306111395e-05,4.603716661222279e-05,1,60.19366439431906
2015-09-02,fold_4,Strong USD downturn,-0.0002730347332544625,-1,-0.006853028200566769,-1,0.006853028200566769,0.3649470806121826,0.99994957447052,1.678815169725567e-05,3.357630339451134e-05,1,68.53028200566769
2015-09-03,fold_4,Strong USD downturn,-0.0041829245164990425,-1,-0.008032885380089283,-1,0.008032885380089283,0.3759115934371948,0.9999724626541138,9.186397619487252e-06,1.8372795238974504e-05,1,80.32885380089283
2015-09-04,fold_4,Strong USD downturn,0.004222393501549959,1,0.002341874875128269,1,0.002341874875128269,0.37913382053375244,0.9999499320983887,1.6674586731824093e-05,3.3349173463648185e-05,1,23.418748751282692
2015-09-08,fold_4,Strong USD downturn,0.007474139332771301,1,0.0038888398557901382,1,0.0038888398557901382,0.3844970464706421,0.9999526739120483,1.578107003297191e-05,3.156214006594382e-05,1,38.88839855790138
2015-09-09,fold_4,Strong USD downturn,-0.0012522159377112985,-1,0.0011893943883478642,1,-0.0011893943883478642,0.3828502893447876,0.999915599822998,2.8118760383222252e-05,5.6237520766444504e-05,0,-11.893943883478642
2015-09-10,fold_4,Strong USD downturn,0.006078297737985849,1,0.006255229003727436,1,0.006255229003727436,0.3915003538131714,0.9999759197235107,8.036348845052999e-06,1.6072697690105997e-05,1,62.55229003727436
2015-09-11,fold_4,Strong USD downturn,0.0023855092003941536,1,0.004707816056907177,1,0.004707816056907177,0.39805126190185547,0.9999566078186035,1.4452431059908122e-05,2.8904862119816244e-05,1,47.07816056907177
2015-09-14,fold_4,Strong USD downturn,-0.003165545640513301,-1,-0.003211408853530884,-1,0.003211408853530884,0.402540922164917,0.9999576807022095,1.4105765330896247e-05,2.8211530661792494e-05,1,32.11408853530884
2015-09-15,fold_4,Strong USD downturn,-0.002874556230381131,-1,-0.0031674618367105722,-1,0.0031674618367105722,0.40698349475860596,0.9999488592147827,1.703529960650485e-05,3.40705992130097e-05,1,31.674618367105722
2015-09-16,fold_4,Strong USD downturn,0.002411985769867897,1,0.0017954690847545862,1,0.0017954690847545862,0.40950965881347656,0.9999655485153198,1.1491950317576993e-05,2.2983900635153987e-05,1,17.954690847545862
2015-09-17,fold_4,Strong USD downturn,0.006493351887911558,1,0.00964523945003748,1,0.00964523945003748,0.4231046438217163,0.9999532699584961,1.55768939293921e-05,3.11537878587842e-05,1,96.4523945003748
2015-09-18,fold_4,Strong USD downturn,-0.006219180766493082,-1,-0.009553097188472748,-1,0.009553097188472748,0.43669962882995605,0.9999606609344482,1.3122194104653317e-05,2.6244388209306635e-05,1,95.53097188472748
2015-09-24,fold_4,Strong USD downturn,0.0019486550008878112,1,-0.0009837218094617128,-1,-0.0009837218094617128,0.435286283493042,0.9999321699142456,2.2617639842792414e-05,4.523527968558483e-05,0,-9.837218094617128
2015-09-25,fold_4,Strong USD downturn,0.0024401326663792133,1,0.0020386953838169575,1,0.0020386953838169575,0.43821239471435547,0.9999537467956543,1.5404742953251116e-05,3.080948590650223e-05,1,20.386953838169575
2015-09-28,fold_4,Strong USD downturn,9.260224032914266e-05,1,0.0026168806944042444,1,0.0026168806944042444,0.44197607040405273,0.9999488592147827,1.7047152141458355e-05,3.409430428291671e-05,1,26.168806944042444
2015-09-29,fold_4,Strong USD downturn,0.001967138145118952,1,0.002217428293079138,1,0.002217428293079138,0.4451735019683838,0.9999352693557739,2.1579544409178197e-05,4.3159088818356395e-05,1,22.174282930791378
2015-09-30,fold_4,Strong USD downturn,-0.004102916456758976,-1,-0.007451786659657955,-1,0.007451786659657955,0.45594263076782227,0.999962568283081,1.2478485587053001e-05,2.4956971174106002e-05,1,74.51786659657955
2015-10-01,fold_4,Strong USD downturn,0.0008378812344744802,1,0.0019140391377732158,1,0.0019140391377732158,0.4587293863296509,0.99996018409729,1.3285874047141988e-05,2.6571748094283976e-05,1,19.140391377732158
2015-10-02,fold_4,Strong USD downturn,0.004255423787981272,1,0.002997632836923003,1,0.002997632836923003,0.4631021022796631,0.9999514818191528,1.618879832676612e-05,3.237759665353224e-05,1,29.976328369230032
2015-10-05,fold_4,Strong USD downturn,-0.0019993276800960302,-1,-0.0028323756996542215,-1,0.0028323756996542215,0.4672461748123169,0.9999692440032959,1.0256502719130367e-05,2.0513005438260734e-05,1,28.323756996542215
2015-10-06,fold_4,Strong USD downturn,0.0036949303466826677,1,0.006501608993858099,1,0.006501608993858099,0.4767855405807495,0.9999613761901855,1.288232670049183e-05,2.576465340098366e-05,1,65.01608993858099
2015-10-07,fold_4,Strong USD downturn,0.0008086016750894487,1,-0.0024840589612722397,-1,-0.0024840589612722397,0.4731171131134033,0.9999514818191528,1.616844929230865e-05,3.23368985846173e-05,0,-24.840589612722397
2015-10-08,fold_4,Strong USD downturn,0.0020620953291654587,1,0.004176144953817129,1,0.004176144953817129,0.47926902770996094,0.9999707937240601,9.72141424426809e-06,1.944282848853618e-05,1,41.76144953817129
2015-10-09,fold_4,Strong USD downturn,0.0051162028685212135,1,0.007356438785791397,1,0.007356438785791397,0.49015116691589355,0.9999510049819946,1.6328842320945114e-05,3.265768464189023e-05,1,73.56438785791397
2015-10-13,fold_4,Strong USD downturn,0.0025667771697044373,1,0.0025958227925002575,1,0.0025958227925002575,0.4940192699432373,0.9999343156814575,2.1900916181039065e-05,4.380183236207813e-05,1,25.958227925002575
2015-10-14,fold_4,Strong USD downturn,0.008402740582823753,1,0.007952532730996609,1,0.007952532730996609,0.5059006214141846,0.99997878074646,7.0667492764187045e-06,1.4133498552837409e-05,1,79.52532730996609
2015-10-15,fold_4,Strong USD downturn,-0.0028062269557267427,-1,-0.009355970658361912,-1,0.009355970658361912,0.5199898481369019,0.9999654293060303,1.1525387890287675e-05,2.305077578057535e-05,1,93.55970658361912
2015-10-16,fold_4,Strong USD downturn,-0.00019620572857093066,-1,-0.0006248753634281456,-1,0.0006248753634281456,0.5209397077560425,0.9999779462814331,7.360769359365804e-06,1.4721538718731608e-05,1,6.2487536342814565
2015-10-19,fold_4,Strong USD downturn,-0.0017326519591733813,-1,-0.002820884808897972,-1,0.002820884808897972,0.5252300500869751,0.999975323677063,8.238859663833864e-06,1.6477719327667728e-05,1,28.20884808897972
2015-10-20,fold_4,Strong USD downturn,0.0015737045323476195,1,0.002202671719714999,1,0.002202671719714999,0.5285896062850952,0.9999675750732422,1.0815320820256602e-05,2.1630641640513204e-05,1,22.026717197149992
2015-10-21,fold_4,Strong USD downturn,0.00026364793302491307,1,-0.0005220280727371573,-1,-0.0005220280727371573,0.5277916193008423,0.9999760389328003,7.970318620209582e-06,1.5940637240419164e-05,0,-5.2202807273715734
2015-10-22,fold_4,Strong USD downturn,-0.006381948944181204,-1,-0.023535992950201035,-1,0.023535992950201035,0.5637496709823608,0.9999681711196899,1.0600128916848917e-05,2.1200257833697833e-05,1,235.35992950201035
2015-10-23,fold_4,Strong USD downturn,-0.008606597781181335,-1,-0.005466054193675518,-1,0.005466054193675518,0.5722973346710205,0.9999730587005615,8.968763722805306e-06,1.7937527445610613e-05,1,54.66054193675518
2015-10-26,fold_4,Strong USD downturn,-0.000122263198136352,-1,0.004138649441301823,1,-0.004138649441301823,0.5657901763916016,0.9999507665634155,1.642005554458592e-05,3.284011108917184e-05,0,-41.38649441301823
2015-10-27,fold_4,Strong USD downturn,-0.0013301860308274627,-1,-0.002615799428895116,-1,0.002615799428895116,0.5698859691619873,0.9999701976776123,9.930316082318313e-06,1.9860632164636627e-05,1,26.15799428895116
2015-10-28,fold_4,Strong USD downturn,0.0005140673601999879,1,-0.00979236513376236,-1,-0.00979236513376236,0.5545130968093872,0.9999558925628662,1.4680502317787614e-05,2.9361004635575227e-05,0,-97.9236513376236
2015-10-29,fold_4,Strong USD downturn,0.004450363107025623,1,0.005936706904321909,1,0.005936706904321909,0.5637418031692505,0.9999619722366333,1.2683295608439948e-05,2.5366591216879897e-05,1,59.36706904321909
2015-10-30,fold_4,Strong USD downturn,-0.002509398153051734,-1,0.0029219379648566246,1,-0.0029219379648566246,0.5591726303100586,0.9999643564224243,1.1868811270687729e-05,2.3737622541375458e-05,0,-29.219379648566246
2015-11-02,fold_4,Strong USD downturn,-0.003169933333992958,-1,-0.0009033163660205901,-1,0.0009033163660205901,0.5605810880661011,0.9999527931213379,1.5732264728285372e-05,3.1464529456570745e-05,1,9.0331636602059
2015-11-04,fold_4,Strong USD downturn,-0.010293884202837944,-1,-0.008748723194003105,-1,0.008748723194003105,0.5742342472076416,0.9999711513519287,9.619244337955024e-06,1.9238488675910048e-05,1,87.48723194003105
2015-11-05,fold_4,Strong USD downturn,-0.0031012450344860554,-1,0.0014692713739350438,1,-0.0014692713739350438,0.5719213485717773,0.9999712705612183,9.561634215060622e-06,1.9123268430121243e-05,0,-14.692713739350438
2015-11-06,fold_4,Strong USD downturn,-0.008191737346351147,-1,-0.013835355639457703,-1,0.013835355639457703,0.5936694145202637,0.9999288320541382,2.3714368580840528e-05,4.7428737161681056e-05,1,138.35355639457703
2015-11-09,fold_4,Strong USD downturn,-0.0001591628388268873,-1,0.0024317402858287096,1,-0.0024317402858287096,0.5897940397262573,0.9999456405639648,1.8133854609914124e-05,3.626770921982825e-05,0,-24.317402858287096
2015-11-10,fold_4,Strong USD downturn,-0.0017548954347148538,-1,-0.002040166174992919,-1,0.002040166174992919,0.593037486076355,0.9999592304229736,1.3583017789642327e-05,2.7166035579284653e-05,1,20.40166174992919
2015-11-11,fold_4,Strong USD downturn,-0.0002583178866188973,-1,0.0023678515572100878,1,-0.0023678515572100878,0.5892653465270996,0.9999741315841675,8.618311767349951e-06,1.7236623534699902e-05,0,-23.678515572100878
2015-11-12,fold_4,Strong USD downturn,-0.0012605715310201049,-1,0.004834278021007776,1,-0.004834278021007776,0.5815824270248413,0.9999518394470215,1.6068768672994338e-05,3.2137537345988676e-05,0,-48.34278021007776
2015-11-13,fold_4,Strong USD downturn,-0.00922172050923109,-1,-0.01063578575849533,-1,0.01063578575849533,0.5984036922454834,0.9999632835388184,1.2239007446623873e-05,2.4478014893247746e-05,1,106.35785758495331
2015-11-16,fold_4,Strong USD downturn,-0.006647724192589521,-1,-0.0011222391622141004,-1,0.0011222391622141004,0.600197434425354,0.9999756813049316,8.087072274065576e-06,1.6174144548131153e-05,1,11.222391622141004
2015-11-17,fold_4,Strong USD downturn,-0.006170861888676882,-1,-0.004129724111407995,-1,0.004129724111407995,0.6068059206008911,0.9999641180038452,1.1956908565480262e-05,2.3913817130960524e-05,1,41.29724111407995
2015-11-18,fold_4,Strong USD downturn,-0.0033895510714501143,-1,0.0024539949372410774,1,-0.0024539949372410774,0.6028628349304199,0.9999642372131348,1.1922632438654546e-05,2.384526487730909e-05,0,-24.539949372410774
2015-11-19,fold_4,Strong USD downturn,-0.0012787111336365342,-1,0.005266564432531595,1,-0.005266564432531595,0.5944212675094604,0.9999561309814453,1.4627356904384214e-05,2.925471380876843e-05,0,-52.66564432531595
2015-11-20,fold_4,Strong USD downturn,-0.004922488238662481,-1,-0.007938201539218426,-1,0.007938201539218426,0.6070780754089355,0.9999637603759766,1.2095287274860311e-05,2.4190574549720623e-05,1,79.38201539218426
2015-11-24,fold_4,Strong USD downturn,0.0002495426742825657,1,0.00017037845100276172,1,0.00017037845100276172,0.6073518991470337,0.9999759197235107,8.005797099031042e-06,1.6011594198062085e-05,1,1.7037845100276172
2015-11-25,fold_4,Strong USD downturn,-0.00208948808722198,-1,-0.0017743892967700958,-1,0.0017743892967700958,0.6102039813995361,0.9999711513519287,9.61761088547064e-06,1.923522177094128e-05,1,17.74389296770096
2015-11-27,fold_4,Strong USD downturn,-0.0018565431237220764,-1,-0.002021322725340724,-1,0.002021322725340724,0.6134587526321411,0.9999587535858154,1.3755593499809038e-05,2.7511186999618076e-05,1,20.21322725340724
2015-11-30,fold_4,Strong USD downturn,-0.0011792104924097657,-1,-0.0009516000864095986,-1,0.0009516000864095986,0.6149941682815552,0.9999773502349854,7.560527137684403e-06,1.5121054275368806e-05,1,9.516000864095986
2015-12-01,fold_4,Strong USD downturn,-0.0006561147165484726,-1,0.0050048306584358215,1,-0.0050048306584358215,0.6069114208221436,0.9999542236328125,1.5242860172293149e-05,3.0485720344586298e-05,0,-50.048306584358215
2015-12-02,fold_4,Strong USD downturn,-0.0024701410438865423,-1,-0.0012098338920623064,-1,0.0012098338920623064,0.6088556051254272,0.9999827146530151,5.772680651716655e-06,1.154536130343331e-05,1,12.098338920623064
2015-12-03,fold_4,Strong USD downturn,0.007156828884035349,1,0.02854517288506031,1,0.02854517288506031,0.6547806262969971,0.9999761581420898,7.958866262924857e-06,1.5917732525849715e-05,1,285.4517288506031
2015-12-04,fold_4,Strong USD downturn,-0.008226032368838787,-1,-0.0029278246220201254,-1,0.0029278246220201254,0.6596254110336304,0.9999456405639648,1.8107486539520323e-05,3.6214973079040647e-05,1,29.278246220201254
2015-12-07,fold_4,Strong USD downturn,-0.0057093980722129345,-1,-0.004593567457050085,-1,0.004593567457050085,0.6672490835189819,0.9999678134918213,1.0720747923187446e-05,2.1441495846374892e-05,1,45.93567457050085
2015-12-08,fold_4,Strong USD downturn,-0.002034861361607909,-1,0.005534087773412466,1,-0.005534087773412466,0.6580222845077515,0.9999723434448242,9.202528417517897e-06,1.8405056835035793e-05,0,-55.34087773412466
2015-12-09,fold_4,Strong USD downturn,0.0030604619532823563,1,0.011381609365344048,1,0.011381609365344048,0.6768932342529297,0.9999096393585205,3.0121582312858663e-05,6.024316462571733e-05,1,113.81609365344048
2015-12-10,fold_4,Strong USD downturn,-0.0067114136181771755,-1,-0.006338960491120815,-1,0.006338960491120815,0.6875230073928833,0.999936580657959,2.1148402083781548e-05,4.2296804167563096e-05,1,63.38960491120815
2015-12-11,fold_4,Strong USD downturn,-0.0003459125873632729,-1,0.0032732149120420218,1,-0.0032732149120420218,0.6819994449615479,0.9999443292617798,1.8547003492130898e-05,3.7094006984261796e-05,0,-32.73214912042022
2015-12-14,fold_4,Strong USD downturn,0.002125656697899103,1,0.0008245063363574445,1,0.0008245063363574445,0.6833862066268921,0.9999409914016724,1.9673652786877938e-05,3.9347305573755875e-05,1,8.245063363574445
2015-12-15,fold_4,Strong USD downturn,-0.006545455660670996,-1,-0.005162013694643974,-1,0.005162013694643974,0.6920758485794067,0.9999476671218872,1.7448664948460646e-05,3.489732989692129e-05,1,51.62013694643974
2015-12-16,fold_4,Strong USD downturn,0.005268543493002653,1,-0.005643780343234539,-1,-0.005643780343234539,0.6825261116027832,0.9999772310256958,7.593375357828336e-06,1.5186750715656672e-05,0,-56.43780343234539
2015-12-17,fold_4,Strong USD downturn,-0.007344327867031097,-1,-0.002797894412651658,-1,0.002797894412651658,0.687233567237854,0.9999488592147827,1.7046168068191037e-05,3.409233613638207e-05,1,27.97894412651658
2015-12-18,fold_4,Strong USD downturn,0.0025806620251387358,1,0.0023806451354175806,1,0.0023806451354175806,0.691250205039978,0.9999558925628662,1.4710345567436889e-05,2.9420691134873778e-05,1,23.806451354175806
2015-12-21,fold_4,Strong USD downturn,0.00399095518514514,1,0.003961352631449699,1,0.003961352631449699,0.6979497671127319,0.9999731779098511,8.932192940847017e-06,1.7864385881694034e-05,1,39.613526314496994
2015-12-22,fold_4,Strong USD downturn,0.0008912645280361176,1,0.003394516184926033,1,0.003394516184926033,0.7037134170532227,0.9999725818634033,9.14956399356015e-06,1.82991279871203e-05,1,33.94516184926033
2015-12-24,fold_4,Strong USD downturn,0.0029692247044295073,1,0.00557277537882328,1,0.00557277537882328,0.7132078409194946,0.9999624490737915,1.2500019693106879e-05,2.5000039386213757e-05,1,55.7277537882328
2015-12-28,fold_4,Strong USD downturn,0.0019007924711331725,1,0.0008450971217826009,1,0.0008450971217826009,0.7146556377410889,0.9999532699584961,1.5575178622384556e-05,3.115035724476911e-05,1,8.450971217826009
2015-12-29,fold_4,Strong USD downturn,0.0025264013092964888,1,-0.004305660724639893,-1,-0.004305660724639893,0.7072728872299194,0.999953031539917,1.5635650925105438e-05,3.1271301850210875e-05,0,-43.056607246398926
2019-01-18,fold_5,Low-vol plateau,0.00020931252220179886,1,-0.002375367796048522,-1,-0.002375367796048522,-0.002375364303588867,0.9999598264694214,1.340126163995592e-05,2.680252327991184e-05,0,-23.75367796048522
2019-01-22,fold_5,Low-vol plateau,0.0014049757737666368,1,-0.0004659610567614436,-1,-0.0004659610567614436,-0.0028402209281921387,0.999968409538269,1.0538601600273978e-05,2.1077203200547956e-05,0,-4.659610567614436
2019-01-23,fold_5,Low-vol plateau,0.00024049487547017634,1,0.002129587111994624,1,0.002129587111994624,-0.0007166862487792969,0.9999716281890869,9.436585060029756e-06,1.8873170120059513e-05,1,21.29587111994624
2019-01-24,fold_5,Low-vol plateau,-0.004401111043989658,-1,-0.006561825051903725,-1,0.006561825051903725,0.0058405399322509766,0.999962568283081,1.2460346624720842e-05,2.4920693249441683e-05,1,65.61825051903725
2019-01-25,fold_5,Low-vol plateau,0.004556208848953247,1,0.0087994784116745,1,0.0087994784116745,0.014691352844238281,0.9999456405639648,1.8124143025488593e-05,3.6248286050977185e-05,1,87.994784116745
2019-01-28,fold_5,Low-vol plateau,-0.0006594079895876348,-1,0.0014859054936096072,1,-0.0014859054936096072,0.01318359375,0.9999274015426636,2.420906093902886e-05,4.841812187805772e-05,0,-14.859054936096072
2019-01-29,fold_5,Low-vol plateau,-0.0009438692941330373,-1,0.0004688061017077416,1,-0.0004688061017077416,0.012708663940429688,0.9999510049819946,1.6335254258592613e-05,3.2670508517185226e-05,0,-4.688061017077416
2019-01-30,fold_5,Low-vol plateau,0.005800899118185043,1,0.004572131671011448,1,0.004572131671011448,0.017338871955871582,0.9999488592147827,1.7063352061086334e-05,3.412670412217267e-05,1,45.72131671011448
2019-01-31,fold_5,Low-vol plateau,-0.0037699416279792786,-1,-0.0033203826751559973,-1,0.0033203826751559973,0.02071678638458252,0.9999656677246094,1.1456039828772191e-05,2.2912079657544382e-05,1,33.20382675155997
2019-02-01,fold_5,Low-vol plateau,-0.0015736069763079286,-1,0.0005040323012508452,1,-0.0005040323012508452,0.020202279090881348,0.9999469518661499,1.766599052643869e-05,3.533198105287738e-05,0,-5.040323012508452
2019-02-04,fold_5,Low-vol plateau,-0.004269661847501993,-1,-0.0016581708332523704,-1,0.0016581708332523704,0.021893978118896484,0.9999568462371826,1.4393131095857825e-05,2.878626219171565e-05,1,16.581708332523704
2019-02-05,fold_5,Low-vol plateau,-0.002956459065899253,-1,-0.002304801717400551,-1,0.002304801717400551,0.02424919605255127,0.9999523162841797,1.5880172213655896e-05,3.176034442731179e-05,1,23.04801717400551
2019-02-06,fold_5,Low-vol plateau,-0.003628486767411232,-1,-0.003853170434013009,-1,0.003853170434013009,0.028195858001708984,0.9999556541442871,1.4791032299399376e-05,2.9582064598798752e-05,1,38.53170434013009
2019-02-07,fold_5,Low-vol plateau,-0.002456816378980875,-1,-0.002392479684203863,-1,0.002392479684203863,0.030655860900878906,0.999954104423523,1.5277701095328666e-05,3.055540219065733e-05,1,23.92479684203863
2019-02-08,fold_5,Low-vol plateau,-0.0027537269052118063,-1,-0.0012795890215784311,-1,0.0012795890215784311,0.0319746732711792,0.9999692440032959,1.0233605280518532e-05,2.0467210561037064e-05,1,12.795890215784311
2019-02-12,fold_5,Low-vol plateau,0.002898457692936063,1,0.004930588882416487,1,0.004930588882416487,0.037063002586364746,0.9999586343765259,1.3800402484775987e-05,2.7600804969551973e-05,1,49.30588882416487
2019-02-13,fold_5,Low-vol plateau,-0.004910807590931654,-1,-0.006150586996227503,-1,0.006150586996227503,0.0434415340423584,0.9999548196792603,1.5040058315207716e-05,3.0080116630415432e-05,1,61.50586996227503
2019-02-14,fold_5,Low-vol plateau,-0.0006646491819992661,-1,0.0026995516382157803,1,-0.0026995516382157803,0.04062473773956299,0.9999746084213257,8.447596883343067e-06,1.6895193766686134e-05,0,-26.995516382157803
2019-02-15,fold_5,Low-vol plateau,-0.0011134647065773606,-1,0.0002372502494836226,1,-0.0002372502494836226,0.04037785530090332,0.9999784231185913,7.172573077696143e-06,1.4345146155392285e-05,0,-2.372502494836226
2019-02-19,fold_5,Low-vol plateau,0.001572046079672873,1,0.002744921250268817,1,0.002744921250268817,0.043233633041381836,0.9999521970748901,1.5917003111098893e-05,3.1834006222197786e-05,1,27.44921250268817
2019-02-20,fold_5,Low-vol plateau,-0.00012825513840653002,-1,0.0002950014313682914,1,-0.0002950014313682914,0.04292595386505127,0.9999591112136841,1.3638139535032678e-05,2.7276279070065357e-05,0,-2.950014313682914
2019-02-21,fold_5,Low-vol plateau,-0.0007259631529450417,-1,-0.0002949144400190562,-1,0.0002949144400190562,0.043233513832092285,0.9999716281890869,9.451006008021068e-06,1.8902012016042136e-05,1,2.949144400190562
2019-02-22,fold_5,Low-vol plateau,0.0001908534177346155,1,-6.799641414545476e-05,-1,-6.799641414545476e-05,0.04316258430480957,0.9999741315841675,8.621577762824018e-06,1.7243155525648035e-05,0,-0.6799641414545476
2019-02-25,fold_5,Low-vol plateau,-0.0029873435851186514,-1,0.0022280586417764425,1,-0.0022280586417764425,0.04083836078643799,0.9999798536300659,6.711811238346854e-06,1.3423622476693708e-05,0,-22.280586417764425
2019-02-26,fold_5,Low-vol plateau,-0.0007973898318596184,-1,0.0022558243945240974,1,-0.0022558243945240974,0.0384904146194458,0.9999713897705078,9.523142580292188e-06,1.9046285160584375e-05,0,-22.558243945240974
2019-02-27,fold_5,Low-vol plateau,-0.00310268416069448,-1,-0.001137981773354113,-1,0.001137981773354113,0.039672136306762695,0.9999706745147705,9.784634130483028e-06,1.9569268260966055e-05,1,11.379817733541131
2019-02-28,fold_5,Low-vol plateau,-0.00200669071637094,-1,-0.000591427437029779,-1,0.000591427437029779,0.040287017822265625,0.9999618530273438,1.2698361388174817e-05,2.5396722776349634e-05,1,5.91427437029779
2019-03-01,fold_5,Low-vol plateau,-0.002634916454553604,-1,0.00021612558339256793,1,-0.00021612558339256793,0.04006218910217285,0.9999793767929077,6.861018391646212e-06,1.3722036783292424e-05,0,-2.1612558339256793
2019-03-04,fold_5,Low-vol plateau,-0.006057811435312033,-1,-0.0033898816909641027,-1,0.0033898816909641027,0.04358780384063721,0.9999688863754272,1.0385356290498748e-05,2.0770712580997497e-05,1,33.89881690964103
2019-03-05,fold_5,Low-vol plateau,-0.0034685477148741484,-1,-0.0026684298645704985,-1,0.0026684298645704985,0.04637253284454346,0.9999663829803467,1.1195905244676396e-05,2.2391810489352793e-05,1,26.684298645704985
2019-03-06,fold_5,Low-vol plateau,-0.0028828370850533247,-1,0.0006109592504799366,1,-0.0006109592504799366,0.04573321342468262,0.9999703168869019,9.875380783341825e-06,1.975076156668365e-05,0,-6.109592504799366
2019-03-07,fold_5,Low-vol plateau,-0.005997096188366413,-1,-0.010224131867289543,-1,0.010224131867289543,0.056424856185913086,0.9999725818634033,9.142558155872393e-06,1.8285116311744787e-05,1,102.24131867289543
2019-03-08,fold_5,Low-vol plateau,-0.0008571318467147648,-1,0.0030440150294452906,1,-0.0030440150294452906,0.05320906639099121,0.9999661445617676,1.1281246770522557e-05,2.2562493541045114e-05,0,-30.440150294452906
2019-03-11,fold_5,Low-vol plateau,0.0020572803914546967,1,0.00238696183077991,1,0.00238696183077991,0.055722951889038086,0.999969482421875,1.0178708180319518e-05,2.0357416360639036e-05,1,23.8696183077991
2019-03-12,fold_5,Low-vol plateau,0.000521717534866184,1,0.0025057890452444553,1,0.0025057890452444553,0.05836832523345947,0.9999556541442871,1.4788312000746373e-05,2.9576624001492746e-05,1,25.057890452444553
2019-03-13,fold_5,Low-vol plateau,0.00294476724229753,1,0.0038639309350401163,1,0.0038639309350401163,0.06245779991149902,0.9999715089797974,9.483693247602787e-06,1.8967386495205574e-05,1,38.63930935040116
2019-03-14,fold_5,Low-vol plateau,-0.003947533667087555,-1,-0.002001645043492317,-1,0.002001645043492317,0.06458449363708496,0.9999765157699585,7.817999176040757e-06,1.5635998352081515e-05,1,20.016450434923172
2019-03-15,fold_5,Low-vol plateau,-0.0008905263966880739,-1,0.0010074680903926492,1,-0.0010074680903926492,0.06351196765899658,0.9999761581420898,7.961563824210316e-06,1.5923127648420632e-05,0,-10.074680903926492
2019-03-18,fold_5,Low-vol plateau,-0.004601242486387491,-1,0.0014510758919641376,1,-0.0014510758919641376,0.06196868419647217,0.9999768733978271,7.698793524468783e-06,1.5397587048937567e-05,0,-14.510758919641376
2019-03-19,fold_5,Low-vol plateau,-0.002133705420419574,-1,0.001646355027332902,1,-0.001646355027332902,0.06022036075592041,0.9999666213989258,1.11260378616862e-05,2.22520757233724e-05,0,-16.46355027332902
2019-03-20,fold_5,Low-vol plateau,0.0020575902890414,1,0.006434020586311817,1,0.006434020586311817,0.06704175472259521,0.9999783039093018,7.242912488436559e-06,1.4485824976873118e-05,1,64.34020586311817
2019-03-22,fold_5,Low-vol plateau,-0.006117885001003742,-1,-0.0069582522846758366,-1,0.0069582522846758366,0.07446646690368652,0.9999604225158691,1.3190702702559065e-05,2.638140540511813e-05,1,69.58252284675837
2019-03-25,fold_5,Low-vol plateau,-0.001837259973399341,-1,0.0017652605893090367,1,-0.0017652605893090367,0.07256972789764404,0.9999638795852661,1.2043246897519566e-05,2.4086493795039132e-05,0,-17.652605893090367
2019-03-26,fold_5,Low-vol plateau,-0.0003654125321190804,-1,-0.003619218012318015,-1,0.003619218012318015,0.07645153999328613,0.9999643564224243,1.18838779599173e-05,2.37677559198346e-05,1,36.19218012318015
2019-03-27,fold_5,Low-vol plateau,-0.0005373228341341019,-1,-0.0020477843936532736,-1,0.0020477843936532736,0.07865583896636963,0.9999845027923584,5.15069814355229e-06,1.030139628710458e-05,1,20.477843936532736
2019-03-28,fold_5,Low-vol plateau,-0.001371760736219585,-1,-0.0019316303078085184,-1,0.0019316303078085184,0.08073949813842773,0.9999603033065796,1.3210325050749816e-05,2.6420650101499632e-05,1,19.316303078085184
2019-03-29,fold_5,Low-vol plateau,0.001338899484835565,1,-0.0005498689133673906,-1,-0.0005498689133673906,0.08014523983001709,0.9999697208404541,1.010078085528221e-05,2.020156171056442e-05,0,-5.498689133673906
2019-04-01,fold_5,Low-vol plateau,-0.0008769871783442795,-1,-0.0016136592021211982,-1,0.0016136592021211982,0.08188819885253906,0.9999542236328125,1.5263402019627392e-05,3.0526804039254785e-05,1,16.13659202121198
2019-04-02,fold_5,Low-vol plateau,-0.0008311909041367471,-1,-0.0001680841378401965,-1,0.0001680841378401965,0.082069993019104,0.9999761581420898,7.953555723361205e-06,1.590711144672241e-05,1,1.680841378401965
2019-04-03,fold_5,Low-vol plateau,0.0009077736176550388,1,0.003846475388854742,1,0.003846475388854742,0.08623218536376953,0.9999557733535767,1.4749341971764807e-05,2.9498683943529613e-05,1,38.46475388854742
2019-04-04,fold_5,Low-vol plateau,-0.0015809520846232772,-1,-0.0018746902933344245,-1,0.0018746902933344245,0.08826851844787598,0.9999728202819824,9.074001354747452e-06,1.8148002709494904e-05,1,18.746902933344245
2019-04-05,fold_5,Low-vol plateau,0.0012050389777868986,1,-0.0005610103835351765,-1,-0.0005610103835351765,0.08765804767608643,0.999957799911499,1.4070629731577355e-05,2.814125946315471e-05,0,-5.610103835351765
2019-04-08,fold_5,Low-vol plateau,0.003351618302986026,1,0.003286882070824504,1,0.003286882070824504,0.0912330150604248,0.9999613761901855,1.2889177014585584e-05,2.577835402917117e-05,1,32.86882070824504
2019-04-09,fold_5,Low-vol plateau,-0.0018542457837611437,-1,0.000935124815441668,1,-0.000935124815441668,0.09021258354187012,0.9999507665634155,1.640940536162816e-05,3.281881072325632e-05,0,-9.35124815441668
2019-04-10,fold_5,Low-vol plateau,0.0013371098320931196,1,0.0008457988151349127,1,0.0008457988151349127,0.09113466739654541,0.9999842643737793,5.238321136857849e-06,1.0476642273715697e-05,1,8.457988151349127
2019-04-11,fold_5,Low-vol plateau,-0.0011593739036470652,-1,-0.0013963867677375674,-1,0.0013963867677375674,0.0926584005355835,0.9999798536300659,6.715181370964274e-06,1.3430362741928548e-05,1,13.963867677375674
2019-04-12,fold_5,Low-vol plateau,0.0029369716066867113,1,0.003934172447770834,1,0.003934172447770834,0.09695708751678467,0.9999743700027466,8.554086889489554e-06,1.7108173778979108e-05,1,39.34172447770834
2019-04-15,fold_5,Low-vol plateau,-0.0014326812233775854,-1,-1.1282911145826802e-05,-1,1.1282911145826802e-05,0.09696948528289795,0.9999767541885376,7.738648491795175e-06,1.547729698359035e-05,1,0.11282911145826802
2019-04-16,fold_5,Low-vol plateau,0.0005123018636368215,1,-0.001760470331646502,-1,-0.001760470331646502,0.09503829479217529,0.9999710321426392,9.670574399933685e-06,1.934114879986737e-05,0,-17.60470331646502
2019-04-17,fold_5,Low-vol plateau,-0.0013563398970291018,-1,0.0010732508962973952,1,-0.0010732508962973952,0.09386301040649414,0.9999783039093018,7.244120297400514e-06,1.4488240594801027e-05,0,-10.732508962973952
2019-04-18,fold_5,Low-vol plateau,-0.0030034328810870647,-1,-0.005415794439613819,-1,0.005415794439613819,0.09978711605072021,0.9999774694442749,7.493792054447113e-06,1.4987584108894225e-05,1,54.15794439613819
2019-04-22,fold_5,Low-vol plateau,-3.581326382118277e-05,-1,0.0012835260713472962,1,-0.0012835260713472962,0.09837555885314941,0.999968409538269,1.0532656233408488e-05,2.1065312466816977e-05,0,-12.835260713472962
2019-04-23,fold_5,Low-vol plateau,-0.0013685388257727027,-1,-0.0030754762701690197,-1,0.0030754762701690197,0.1017535924911499,0.9999821186065674,5.969646736048162e-06,1.1939293472096324e-05,1,30.754762701690197
2019-04-24,fold_5,Low-vol plateau,-0.005016860086470842,-1,-0.006312881130725145,-1,0.006312881130725145,0.10870873928070068,0.9999775886535645,7.452109457517508e-06,1.4904218915035017e-05,1,63.12881130725145
2019-04-25,fold_5,Low-vol plateau,0.0007267763721756637,1,-0.0014923748094588518,-1,-0.0014923748094588518,0.10705411434173584,0.9999451637268066,1.827273445087485e-05,3.65454689017497e-05,0,-14.923748094588518
2019-04-26,fold_5,Low-vol plateau,4.62069183413405e-05,1,0.0012043117312714458,1,0.0012043117312714458,0.10838723182678223,0.9999617338180542,1.2744108971673995e-05,2.548821794334799e-05,1,12.043117312714458
2019-05-07,fold_5,Low-vol plateau,-0.002222552662715316,-1,-0.0009624563390389085,-1,0.0009624563390389085,0.10945403575897217,0.9999749660491943,8.329403499374166e-06,1.6658806998748332e-05,1,9.624563390389085
2019-05-08,fold_5,Low-vol plateau,-0.0009622550569474697,-1,0.0006494636763818562,1,-0.0006494636763818562,0.10873353481292725,0.9999550580978394,1.499513291491894e-05,2.999026582983788e-05,0,-6.494636763818562
2019-05-09,fold_5,Low-vol plateau,0.00019492283172439784,1,0.0021209637634456158,1,0.0021209637634456158,0.11108517646789551,0.9999676942825317,1.0780808224808425e-05,2.156161644961685e-05,1,21.209637634456158
2019-05-10,fold_5,Low-vol plateau,0.0008446135907433927,1,0.0012809962499886751,1,0.0012809962499886751,0.11250853538513184,0.9999690055847168,1.0310189281881321e-05,2.0620378563762642e-05,1,12.809962499886751
2019-05-13,fold_5,Low-vol plateau,-0.003972664009779692,-1,-0.00034819229040294886,-1,0.00034819229040294886,0.11289596557617188,0.9999637603759766,1.2058252650604118e-05,2.4116505301208235e-05,1,3.4819229040294886
2019-05-14,fold_5,Low-vol plateau,-0.0020672602113336325,-1,-0.002498582238331437,-1,0.002498582238331437,0.1156766414642334,0.9999881982803345,3.947758159483783e-06,7.895516318967566e-06,1,24.98582238331437
2019-05-15,fold_5,Low-vol plateau,0.0008397373603656888,1,0.0002465155557729304,1,0.0002465155557729304,0.11595165729522705,0.9999570846557617,1.4296002518676687e-05,2.8592005037353374e-05,1,2.465155557729304
2019-05-16,fold_5,Low-vol plateau,-0.001357374363578856,-1,-0.00300564244389534,-1,0.00300564244389534,0.11930572986602783,0.9999585151672363,1.3820223102811724e-05,2.7640446205623448e-05,1,30.0564244389534
2019-05-17,fold_5,Low-vol plateau,-0.0036774929612874985,-1,-0.0007370057865045965,-1,0.0007370057865045965,0.12013065814971924,0.9999618530273438,1.2732161849271506e-05,2.5464323698543012e-05,1,7.370057865045965
2019-05-20,fold_5,Low-vol plateau,-0.002134397393092513,-1,0.00029040739173069596,1,-0.00029040739173069596,0.11980533599853516,0.999951958656311,1.599980896571651e-05,3.199961793143302e-05,0,-2.9040739173069596
2019-05-21,fold_5,Low-vol plateau,-0.0007030937122181058,-1,-0.0011713255662471056,-1,0.0011713255662471056,0.1211169958114624,0.9999849796295166,5.003757451049751e-06,1.0007514902099501e-05,1,11.713255662471056
2019-05-23,fold_5,Low-vol plateau,0.0017551651690155268,1,0.002606033580377698,1,0.002606033580377698,0.1240386962890625,0.9999797344207764,6.75918863635161e-06,1.351837727270322e-05,1,26.06033580377698
2019-05-24,fold_5,Low-vol plateau,0.0014210972003638744,1,0.002241884358227253,1,0.002241884358227253,0.12655866146087646,0.9999632835388184,1.224645438924199e-05,2.449290877848398e-05,1,22.41884358227253
2019-05-28,fold_5,Low-vol plateau,0.0024363745469599962,1,-0.002066653920337558,-1,-0.002066653920337558,0.12423038482666016,0.9999644756317139,1.1853872820211109e-05,2.3707745640422218e-05,0,-20.666539203375578
2019-05-29,fold_5,Low-vol plateau,0.00046064332127571106,1,-0.0029847442638128996,-1,-0.0029847442638128996,0.12087488174438477,0.9999551773071289,1.4918047781975474e-05,2.983609556395095e-05,0,-29.847442638128996
2019-05-30,fold_5,Low-vol plateau,0.002897379919886589,1,-0.0005565853207372129,-1,-0.0005565853207372129,0.12025105953216553,0.9999732971191406,8.882638212526217e-06,1.7765276425052434e-05,0,-5.565853207372129
2019-05-31,fold_5,Low-vol plateau,0.006310352589935064,1,0.003855000250041485,1,0.003855000250041485,0.12456965446472168,0.9999823570251465,5.877783223695587e-06,1.1755566447391175e-05,1,38.55000250041485
2019-06-03,fold_5,Low-vol plateau,0.004730128683149815,1,0.006466649007052183,1,0.006466649007052183,0.131841778755188,0.9999678134918213,1.071386031981092e-05,2.142772063962184e-05,1,64.66649007052183
2019-06-04,fold_5,Low-vol plateau,0.0015455635730177164,1,0.0006865524337626994,1,0.0006865524337626994,0.13261878490447998,0.9999688863754272,1.0350021511840168e-05,2.0700043023680337e-05,1,6.865524337626994
2019-06-05,fold_5,Low-vol plateau,0.0006002350128255785,1,-0.002223382471129298,-1,-0.002223382471129298,0.13010060787200928,0.9999657869338989,1.1407518286432605e-05,2.281503657286521e-05,0,-22.233824711292982
2019-06-06,fold_5,Low-vol plateau,0.0034606431145220995,1,0.004228744190186262,1,0.004228744190186262,0.134879469871521,0.9999788999557495,7.037840987322852e-06,1.4075681974645704e-05,1,42.28744190186262
2019-06-07,fold_5,Low-vol plateau,0.002725492464378476,1,0.003871487220749259,1,0.003871487220749259,0.1392730474472046,0.999964714050293,1.1744906259991694e-05,2.348981251998339e-05,1,38.71487220749259
2019-06-10,fold_5,Low-vol plateau,-0.0004515116161201149,-1,-0.00018112821271643043,-1,0.00018112821271643043,0.139479398727417,0.9999712705612183,9.575482181389816e-06,1.9150964362779632e-05,1,1.8112821271643043
2019-06-11,fold_5,Low-vol plateau,0.0030877485405653715,1,0.001008287537842989,1,0.001008287537842989,0.14062833786010742,0.9999713897705078,9.540004612063058e-06,1.9080009224126115e-05,1,10.08287537842989
2019-06-12,fold_5,Low-vol plateau,-0.00023570760095026344,-1,-0.002993301022797823,-1,0.002993301022797823,0.14404261112213135,0.9999669790267944,1.1001582606695592e-05,2.2003165213391185e-05,1,29.93301022797823
2019-06-13,fold_5,Low-vol plateau,0.0024194116704165936,1,-0.0013423121999949217,-1,-0.0013423121999949217,0.14250695705413818,0.9999781847000122,7.259928224812029e-06,1.4519856449624058e-05,0,-13.423121999949217
2019-06-14,fold_5,Low-vol plateau,-0.0007265149615705013,-1,-0.005619735922664404,-1,0.005619735922664404,0.14892756938934326,0.9999669790267944,1.0991082490363624e-05,2.1982164980727248e-05,1,56.19735922664404
2019-06-17,fold_5,Low-vol plateau,0.004362725652754307,1,0.0006733588525094092,1,0.0006733588525094092,0.14970123767852783,0.9999793767929077,6.8849922172375955e-06,1.3769984434475191e-05,1,6.733588525094092
2019-06-18,fold_5,Low-vol plateau,0.0037752732168883085,1,-0.0023515592329204082,-1,-0.0023515592329204082,0.1469975709915161,0.9999555349349976,1.4824005120317452e-05,2.9648010240634903e-05,0,-23.515592329204082
2019-06-19,fold_5,Low-vol plateau,0.006074819713830948,1,0.003596331924200058,1,0.003596331924200058,0.1511225700378418,0.9999650716781616,1.1654094123514369e-05,2.3308188247028738e-05,1,35.96331924200058
2019-06-20,fold_5,Low-vol plateau,0.005385839845985174,1,0.005082990508526564,1,0.005082990508526564,0.1569737195968628,0.9999790191650391,7.009980890870793e-06,1.4019961781741586e-05,1,50.829905085265636
2019-06-21,fold_5,Low-vol plateau,0.004733711015433073,1,0.007889659143984318,1,0.007889659143984318,0.16610181331634521,0.9999516010284424,1.61233310791431e-05,3.22466621582862e-05,1,78.89659143984318
2019-06-24,fold_5,Low-vol plateau,0.0037816104013472795,1,0.0013679296243935823,1,0.0013679296243935823,0.16769695281982422,0.9999563694000244,1.4546746569976676e-05,2.9093493139953353e-05,1,13.679296243935823
2019-06-25,fold_5,Low-vol plateau,0.0013339780271053314,1,-0.0026604935992509127,-1,-0.0026604935992509127,0.1645902395248413,0.9999802112579346,6.5880899455805775e-06,1.3176179891161155e-05,0,-26.604935992509127
2019-06-26,fold_5,Low-vol plateau,0.0034392692614346743,1,0.00042085087625309825,1,0.00042085087625309825,0.16508030891418457,0.9999595880508423,1.3482631402439438e-05,2.6965262804878876e-05,1,4.2085087625309825
2019-06-27,fold_5,Low-vol plateau,0.0026705728378146887,1,-0.0001591937179910019,-1,-0.0001591937179910019,0.16489481925964355,0.9999563694000244,1.4552140783052891e-05,2.9104281566105783e-05,0,-1.591937179910019
2019-06-28,fold_5,Low-vol plateau,0.0021792843472212553,1,-0.00070458889240399,-1,-0.00070458889240399,0.16407406330108643,0.9999734163284302,8.866472853696905e-06,1.773294570739381e-05,0,-7.0458889240399
2019-07-01,fold_5,Low-vol plateau,-0.0012319323141127825,-1,-0.0068176812492311,-1,0.0068176812492311,0.1720104217529297,0.9999816417694092,6.118188139225822e-06,1.2236376278451644e-05,1,68.176812492311
2019-07-02,fold_5,Low-vol plateau,0.0025331159122288227,1,0.0004969057627022266,1,0.0004969057627022266,0.17259275913238525,0.9999655485153198,1.1467115655250382e-05,2.2934231310500763e-05,1,4.969057627022266
2019-07-03,fold_5,Low-vol plateau,0.0018457915866747499,1,-0.00045158492866903543,-1,-0.00045158492866903543,0.17206323146820068,0.9999628067016602,1.2400697414705064e-05,2.4801394829410128e-05,0,-4.515849286690354
2019-07-05,fold_5,Low-vol plateau,-0.002634315984323621,-1,-0.005175866652280092,-1,0.005175866652280092,0.1781296730041504,0.9999476671218872,1.745130430208519e-05,3.490260860417038e-05,1,51.75866652280092
2019-07-08,fold_5,Low-vol plateau,0.0018167283851653337,1,-0.0010094279423356056,-1,-0.0010094279423356056,0.1769404411315918,0.9999681711196899,1.0592470061965287e-05,2.1184940123930573e-05,0,-10.094279423356056
2019-07-09,fold_5,Low-vol plateau,-0.0020172286313027143,-1,-0.0006948888185434043,-1,0.0006948888185434043,0.17775821685791016,0.9999755620956421,8.149189852701966e-06,1.629837970540393e-05,1,6.948888185434043
2019-07-10,fold_5,Low-vol plateau,0.0023339942563325167,1,0.004514812957495451,1,0.004514812957495451,0.18307554721832275,0.9999798536300659,6.722405032633105e-06,1.344481006526621e-05,1,45.14812957495451
2019-07-11,fold_5,Low-vol plateau,0.0005885906866751611,1,-0.0005738722975365818,-1,-0.0005738722975365818,0.18239665031433105,0.999981164932251,6.269105142564513e-06,1.2538210285129026e-05,0,-5.7387229753658175
2019-07-12,fold_5,Low-vol plateau,0.0023336620070040226,1,0.001747183850966394,1,0.001747183850966394,0.18446242809295654,0.9999762773513794,7.894242116890382e-06,1.5788484233780764e-05,1,17.47183850966394
2019-07-16,fold_5,Low-vol plateau,-0.0008791745640337467,-1,-0.004395125899463892,-1,0.004395125899463892,0.18966829776763916,0.9999568462371826,1.4392739103641361e-05,2.8785478207282722e-05,1,43.95125899463892
2019-07-17,fold_5,Low-vol plateau,0.004065313842147589,1,0.0015496194828301668,1,0.0015496194828301668,0.19151175022125244,0.9999778270721436,7.3883006734831724e-06,1.4776601346966345e-05,1,15.496194828301668
2019-07-18,fold_5,Low-vol plateau,0.004387705121189356,1,0.0028379710856825113,1,0.0028379710856825113,0.1948932409286499,0.9999654293060303,1.1532335520314518e-05,2.3064671040629037e-05,1,28.379710856825113
2019-07-19,fold_5,Low-vol plateau,0.0006876850384287536,1,-0.003836731193587184,-1,-0.003836731193587184,0.19030869007110596,0.9999728202819824,9.071663043869194e-06,1.8143326087738387e-05,0,-38.36731193587184
2019-07-22,fold_5,Low-vol plateau,-5.617476927000098e-05,-1,-0.0010869659017771482,-1,0.0010869659017771482,0.19160246849060059,0.9999551773071289,1.4950052900530864e-05,2.9900105801061727e-05,1,10.869659017771482
2019-07-23,fold_5,Low-vol plateau,-0.0017549274489283562,-1,-0.004895445425063372,-1,0.004895445425063372,0.19743585586547852,0.9999700784683228,9.966748621081933e-06,1.9933497242163867e-05,1,48.95445425063372
2019-07-24,fold_5,Low-vol plateau,-0.0011878616642206907,-1,-0.0007910756976343691,-1,0.0007910756976343691,0.19838309288024902,0.9999632835388184,1.223061372002121e-05,2.446122744004242e-05,1,7.910756976343691
2019-07-25,fold_5,Low-vol plateau,-0.0003871917724609375,-1,0.0003343336284160614,1,-0.0003343336284160614,0.19798243045806885,0.9999737739562988,8.733714821573813e-06,1.7467429643147625e-05,0,-3.343336284160614
2019-07-26,fold_5,Low-vol plateau,0.0014756722375750542,1,-0.0012578507885336876,-1,-0.0012578507885336876,0.19647550582885742,0.9999711513519287,9.615778253646567e-06,1.9231556507293135e-05,0,-12.578507885336876
2019-07-29,fold_5,Low-vol plateau,0.0007571929018013179,1,0.000980583718046546,1,0.000980583718046546,0.1976487636566162,0.9999688863754272,1.0369692972744815e-05,2.073938594548963e-05,1,9.80583718046546
2019-07-30,fold_5,Low-vol plateau,0.0003659411449916661,1,0.0013388646766543388,1,0.0013388646766543388,0.19925224781036377,0.9999676942825317,1.0769098480523098e-05,2.1538196961046197e-05,1,13.388646766543388
2019-07-31,fold_5,Low-vol plateau,-0.002023742301389575,-1,-0.007728002034127712,-1,0.007728002034127712,0.2085200548171997,0.9999663829803467,1.1197425010323059e-05,2.2394850020646118e-05,1,77.28002034127712
2019-08-01,fold_5,Low-vol plateau,0.0028329782653599977,1,0.0006425735191442072,1,0.0006425735191442072,0.2092965841293335,0.9999576807022095,1.4092506717133801e-05,2.8185013434267603e-05,1,6.425735191442072
2019-08-02,fold_5,Low-vol plateau,0.00443210918456316,1,0.0026325583457946777,1,0.0026325583457946777,0.21248018741607666,0.9999581575393677,1.3930492968938779e-05,2.7860985937877558e-05,1,26.325583457946777
2019-08-05,fold_5,Low-vol plateau,0.008146326057612896,1,0.012222036719322205,1,0.012222036719322205,0.22729921340942383,0.9999402761459351,1.9889595932909288e-05,3.9779191865818575e-05,1,122.22036719322205
2019-08-06,fold_5,Low-vol plateau,0.0014271856052801013,1,-0.003272486152127385,-1,-0.003272486152127385,0.22328293323516846,0.9999411106109619,1.9623792468337342e-05,3.9247584936674684e-05,0,-32.72486152127385
2019-08-07,fold_5,Low-vol plateau,0.00572518864646554,1,-0.0002352914452785626,-1,-0.0002352914452785626,0.22299504280090332,0.9999656677246094,1.145839360106038e-05,2.291678720212076e-05,0,-2.352914452785626
2019-08-08,fold_5,Low-vol plateau,0.004590530414134264,1,-0.0015326269203796983,-1,-0.0015326269203796983,0.2211207151412964,0.9999605417251587,1.3155548913346138e-05,2.6311097826692276e-05,0,-15.326269203796983
2019-08-09,fold_5,Low-vol plateau,0.003963001538068056,1,0.0019053779542446136,1,0.0019053779542446136,0.22344732284545898,0.9999678134918213,1.0707247383834329e-05,2.1414494767668657e-05,1,19.053779542446136
2019-08-13,fold_5,Low-vol plateau,0.0008422727114520967,1,-0.0036772366147488356,-1,-0.0036772366147488356,0.2189483642578125,0.999936580657959,2.115091228915844e-05,4.230182457831688e-05,0,-36.772366147488356
2019-08-14,fold_5,Low-vol plateau,0.00033898279070854187,1,-0.003019839758053422,-1,-0.003019839758053422,0.21526730060577393,0.9999657869338989,1.1414137588872109e-05,2.2828275177744217e-05,0,-30.19839758053422
2019-08-15,fold_5,Low-vol plateau,0.005615299101918936,1,-0.0026672929525375366,-1,-0.0026672929525375366,0.21202576160430908,0.9999619722366333,1.2658792911679484e-05,2.5317585823358968e-05,0,-26.672929525375366
2019-08-16,fold_5,Low-vol plateau,0.004399688448756933,1,-0.0017750132828950882,-1,-0.0017750132828950882,0.20987439155578613,0.9999405145645142,1.980912929866463e-05,3.961825859732926e-05,0,-17.750132828950882
2019-08-19,fold_5,Low-vol plateau,0.0011947904713451862,1,-0.0009641959914006293,-1,-0.0009641959914006293,0.2087078094482422,0.9999525547027588,1.582024196977727e-05,3.164048393955454e-05,0,-9.641959914006293
2019-08-20,fold_5,Low-vol plateau,0.004168387036770582,1,0.001320609007962048,1,0.001320609007962048,0.21030402183532715,0.9999393224716187,2.022801709244959e-05,4.045603418489918e-05,1,13.20609007962048
2019-08-21,fold_5,Low-vol plateau,0.0002145790494978428,1,-0.0006321496912278235,-1,-0.0006321496912278235,0.20953893661499023,0.9999680519104004,1.0636125807650387e-05,2.1272251615300775e-05,0,-6.321496912278235
2019-08-22,fold_5,Low-vol plateau,0.004729786422103643,1,-0.0006096552242524922,-1,-0.0006096552242524922,0.2088015079498291,0.9999680519104004,1.0640033906383906e-05,2.128006781276781e-05,0,-6.096552242524922
2019-08-23,fold_5,Low-vol plateau,0.004222110845148563,1,0.005326444748789072,1,0.005326444748789072,0.2152400016784668,0.9999328851699829,2.2360103685059585e-05,4.472020737011917e-05,1,53.26444748789072
2019-08-26,fold_5,Low-vol plateau,-0.0006052376120351255,-1,-0.0035310082603245974,-1,0.0035310082603245974,0.21953094005584717,0.9999673366546631,1.0887440112128388e-05,2.1774880224256776e-05,1,35.310082603245974
2019-08-27,fold_5,Low-vol plateau,0.0018204528605565429,1,-0.0012309884186834097,-1,-0.0012309884186834097,0.21802973747253418,0.9999730587005615,8.993582014227286e-06,1.7987164028454572e-05,0,-12.309884186834097
2019-08-28,fold_5,Low-vol plateau,0.0012483299942687154,1,-0.0003769751638174057,-1,-0.0003769751638174057,0.21757054328918457,0.999944806098938,1.8408100004307926e-05,3.681620000861585e-05,0,-3.769751638174057
2019-08-29,fold_5,Low-vol plateau,-7.05149068380706e-05,-1,-0.0021569994278252125,-1,0.0021569994278252125,0.22019684314727783,0.999942421913147,1.9203962438041344e-05,3.840792487608269e-05,1,21.569994278252125
2019-08-30,fold_5,Low-vol plateau,-0.0008695998112671077,-1,-0.0063423048704862595,-1,0.0063423048704862595,0.22793567180633545,0.9999585151672363,1.3823464541928843e-05,2.7646929083857685e-05,1,63.423048704862595
2019-09-03,fold_5,Low-vol plateau,0.002360426587983966,1,0.0005487410235218704,1,0.0005487410235218704,0.22860944271087646,0.9999434947967529,1.884835000964813e-05,3.769670001929626e-05,1,5.487410235218704
2019-09-04,fold_5,Low-vol plateau,0.005948117468506098,1,0.005506451241672039,1,0.005506451241672039,0.23537468910217285,0.9999793767929077,6.863259841338731e-06,1.3726519682677463e-05,1,55.06451241672039
2019-09-05,fold_5,Low-vol plateau,0.00544884754344821,1,0.0001214242001879029,1,0.0001214242001879029,0.23552477359771729,0.9999668598175049,1.105314731830731e-05,2.210629463661462e-05,1,1.214242001879029
2019-09-06,fold_5,Low-vol plateau,0.0022644023410975933,1,-0.0014217004645615816,-1,-0.0014217004645615816,0.23376822471618652,0.9999693632125854,1.019484807329718e-05,2.038969614659436e-05,0,-14.217004645615816
2019-09-09,fold_5,Low-vol plateau,0.00449246633797884,1,0.002519046887755394,1,0.002519046887755394,0.23687613010406494,0.9999523162841797,1.5879913917160593e-05,3.1759827834321186e-05,1,25.19046887755394
2019-09-10,fold_5,Low-vol plateau,0.002607184462249279,1,0.00017673612455837429,1,0.00017673612455837429,0.23709475994110107,0.9999765157699585,7.814913260517642e-06,1.5629826521035284e-05,1,1.7673612455837429
2019-09-11,fold_5,Low-vol plateau,-0.0026205419562757015,-1,-0.003337112022563815,-1,0.003337112022563815,0.24122309684753418,0.9999731779098511,8.921301741793286e-06,1.7842603483586572e-05,1,33.37112022563815
2019-09-12,fold_5,Low-vol plateau,0.002219086978584528,1,0.004069486167281866,1,0.004069486167281866,0.24627423286437988,0.9999710321426392,9.665758625487797e-06,1.9331517250975594e-05,1,40.69486167281866
2019-09-13,fold_5,Low-vol plateau,0.001502982689999044,1,0.0022721209097653627,1,0.0022721209097653627,0.24910593032836914,0.9999710321426392,9.668687198427506e-06,1.933737439685501e-05,1,22.721209097653627
2019-09-17,fold_5,Low-vol plateau,0.0032558352686464787,1,0.00624600937590003,1,0.00624600937590003,0.2569078207015991,0.999971866607666,9.38755056267837e-06,1.877510112535674e-05,1,62.4600937590003
2019-09-18,fold_5,Low-vol plateau,-0.0023299783933907747,-1,-0.003905115881934762,-1,0.003905115881934762,0.261816143989563,0.9999754428863525,8.167274245352019e-06,1.6334548490704037e-05,1,39.05115881934762
2019-09-19,fold_5,Low-vol plateau,0.003153847996145487,1,0.001546817016787827,1,0.001546817016787827,0.26376795768737793,0.9999730587005615,8.981760402093641e-06,1.7963520804187283e-05,1,15.46817016787827
2019-09-20,fold_5,Low-vol plateau,-0.0015368391759693623,-1,-0.0026665497571229935,-1,0.0026665497571229935,0.26713788509368896,0.9999706745147705,9.772443263500463e-06,1.9544886527000926e-05,1,26.665497571229935
2019-09-24,fold_5,Low-vol plateau,-0.0010133273899555206,-1,0.002104161074385047,1,-0.002104161074385047,0.2644716501235962,0.9999624490737915,1.2533009794424288e-05,2.5066019588848576e-05,0,-21.04161074385047
2019-09-25,fold_5,Low-vol plateau,-0.004608719144016504,-1,-0.005804941989481449,-1,0.005804941989481449,0.27181172370910645,0.999954342842102,1.5234528291330207e-05,3.0469056582660414e-05,1,58.04941989481449
2019-09-26,fold_5,Low-vol plateau,-0.001981754321604967,-1,-0.0027526237536221743,-1,0.0027526237536221743,0.27531254291534424,0.9999707937240601,9.747373951540794e-06,1.949474790308159e-05,1,27.526237536221743
2019-09-27,fold_5,Low-vol plateau,0.0006384450825862586,1,0.0018274149624630809,1,0.0018274149624630809,0.27764296531677246,0.9999771118164062,7.627293143741554e-06,1.5254586287483107e-05,1,18.27414962463081
2022-01-19,fold_6,EUR crisis downturn,0.0008331984281539917,1,0.0012138050515204668,1,0.0012138050515204668,0.0012137889862060547,0.999967098236084,1.0958801794913597e-05,2.1917603589827195e-05,1,12.138050515204668
2022-01-20,fold_6,EUR crisis downturn,-0.0010050892597064376,-1,-0.002613516291603446,-1,0.002613516291603446,0.003830552101135254,0.999970555305481,9.817572390602436e-06,1.9635144781204872e-05,1,26.13516291603446
2022-01-21,fold_6,EUR crisis downturn,0.0008508033351972699,1,0.0024497758131474257,1,0.0024497758131474257,0.00628972053527832,0.9999748468399048,8.395803888561204e-06,1.6791607777122408e-05,1,24.497758131474257
2022-01-24,fold_6,EUR crisis downturn,-0.0010589051526039839,-1,-0.0015288135036826134,-1,0.0015288135036826134,0.007828235626220703,0.9999650716781616,1.1649482075881679e-05,2.3298964151763357e-05,1,15.288135036826134
2022-01-25,fold_6,EUR crisis downturn,0.000595316116232425,1,-0.0017295886063948274,-1,-0.0017295886063948274,0.006085038185119629,0.9999690055847168,1.0336706509406213e-05,2.0673413018812425e-05,0,-17.295886063948274
2022-01-26,fold_6,EUR crisis downturn,-0.0021056614350527525,-1,-0.005396849941462278,-1,0.005396849941462278,0.011514663696289062,0.9999793767929077,6.88472255205852e-06,1.376944510411704e-05,1,53.968499414622784
2022-01-27,fold_6,EUR crisis downturn,-0.0012856771936640143,-1,-0.008583232760429382,-1,0.008583232760429382,0.02019667625427246,0.9999593496322632,1.3565091649070382e-05,2.7130183298140764e-05,1,85.83232760429382
2022-01-28,fold_6,EUR crisis downturn,0.001228546374477446,1,0.000479530863231048,1,0.000479530863231048,0.020685911178588867,0.9999815225601196,6.172882876853691e-06,1.2345765753707383e-05,1,4.79530863231048
2022-01-31,fold_6,EUR crisis downturn,0.0036835966166108847,1,0.0069287000223994255,1,0.0069287000223994255,0.027757883071899414,0.999953031539917,1.5659734344808385e-05,3.131946868961677e-05,1,69.28700022399426
2022-02-01,fold_6,EUR crisis downturn,0.0021840129047632217,1,0.0039458139799535275,1,0.0039458139799535275,0.03181326389312744,0.9999639987945557,1.1998211448371876e-05,2.3996422896743752e-05,1,39.458139799535275
2022-02-02,fold_6,EUR crisis downturn,0.0031113994773477316,1,0.0023053139448165894,1,0.0023053139448165894,0.03419184684753418,0.9999668598175049,1.1054145943489857e-05,2.2108291886979714e-05,1,23.053139448165894
2022-02-03,fold_6,EUR crisis downturn,0.004161305259913206,1,0.012018885463476181,1,0.012018885463476181,0.04662168025970459,0.9999598264694214,1.3394265806709882e-05,2.6788531613419764e-05,1,120.18885463476181
2022-02-04,fold_6,EUR crisis downturn,-0.00265327887609601,-1,0.001695401151664555,1,-0.001695401151664555,0.04484724998474121,0.999962329864502,1.2569862519740127e-05,2.5139725039480254e-05,0,-16.95401151664555
2022-02-07,fold_6,EUR crisis downturn,-0.0005450198659673333,-1,-0.0010641802800819278,-1,0.0010641802800819278,0.04595911502838135,0.9999799728393555,6.67433005219209e-06,1.334866010438418e-05,1,10.641802800819278
2022-02-08,fold_6,EUR crisis downturn,0.0007386498036794364,1,-0.0018959172302857041,-1,-0.0018959172302857041,0.0439760684967041,0.9999679327011108,1.0697358447941951e-05,2.1394716895883903e-05,0,-18.95917230285704
2022-02-09,fold_6,EUR crisis downturn,0.002200482413172722,1,2.275372389703989e-05,1,2.275372389703989e-05,0.04399979114532471,0.9999829530715942,5.660796432493953e-06,1.1321592864987906e-05,1,0.2275372389703989
2022-02-10,fold_6,EUR crisis downturn,-0.0006463555037043989,-1,-0.0005249936948530376,-1,0.0005249936948530376,0.0445479154586792,0.9999696016311646,1.014250756270485e-05,2.02850151254097e-05,1,5.249936948530376
2022-02-14,fold_6,EUR crisis downturn,-0.0027121426537632942,-1,-0.005166933406144381,-1,0.005166933406144381,0.04994499683380127,0.9999637603759766,1.2091579264961183e-05,2.4183158529922366e-05,1,51.669334061443806
2022-02-15,fold_6,EUR crisis downturn,0.003183116437867284,1,0.00446309894323349,1,0.00446309894323349,0.05463099479675293,0.9999790191650391,6.996424417593516e-06,1.3992848835187033e-05,1,44.6309894323349
2022-02-16,fold_6,EUR crisis downturn,-2.847239329639706e-06,-1,0.0016266792081296444,1,-0.0016266792081296444,0.05291545391082764,0.9999639987945557,1.1997953151876573e-05,2.3995906303753145e-05,0,-16.266792081296444
2022-02-17,fold_6,EUR crisis downturn,-0.0012742853723466396,-1,-0.0007728770724497736,-1,0.0007728770724497736,0.05372917652130127,0.9999821186065674,5.963934199826326e-06,1.1927868399652652e-05,1,7.7287707244977355
2022-02-18,fold_6,EUR crisis downturn,-0.0007072339067235589,-1,-0.004334500525146723,-1,0.004334500525146723,0.0582965612411499,0.9999604225158691,1.3178329027141444e-05,2.635665805428289e-05,1,43.34500525146723
2022-02-22,fold_6,EUR crisis downturn,-0.0007161732064560056,-1,0.001721999142318964,1,-0.001721999142318964,0.05647420883178711,0.9999594688415527,1.352186063741101e-05,2.704372127482202e-05,0,-17.21999142318964
2022-02-24,fold_6,EUR crisis downturn,-0.0044761463068425655,-1,-0.010172287933528423,-1,0.010172287933528423,0.06722092628479004,0.9999440908432007,1.8620499758981168e-05,3.7240999517962337e-05,1,101.72287933528423
2022-02-25,fold_6,EUR crisis downturn,0.0058235726319253445,1,-0.0008610449731349945,-1,-0.0008610449731349945,0.06630194187164307,0.9999516010284424,1.6121148291858844e-05,3.224229658371769e-05,0,-8.610449731349945
2022-02-28,fold_6,EUR crisis downturn,0.0004802057519555092,1,0.00311812711879611,1,0.00311812711879611,0.0696268081665039,0.9999748468399048,8.383206477446947e-06,1.6766412954893894e-05,1,31.1812711879611
2022-03-01,fold_6,EUR crisis downturn,-0.004076563753187656,-1,-0.007414391729980707,-1,0.007414391729980707,0.07755744457244873,0.999954104423523,1.5311106835724786e-05,3.062221367144957e-05,1,74.14391729980707
2022-03-02,fold_6,EUR crisis downturn,-0.0007460411870852113,-1,-0.0018336334032937884,-1,0.0018336334032937884,0.07953333854675293,0.9999264478683472,2.4498451239196584e-05,4.899690247839317e-05,1,18.336334032937884
2022-03-03,fold_6,EUR crisis downturn,-0.003600554307922721,-1,-0.004094634670764208,-1,0.004094634670764208,0.0839536190032959,0.9999566078186035,1.4444737644225825e-05,2.888947528845165e-05,1,40.94634670764208
2022-03-04,fold_6,EUR crisis downturn,-0.006459686439484358,-1,-0.017377527430653572,-1,0.017377527430653572,0.1027899980545044,0.9999707937240601,9.734627383295447e-06,1.9469254766590893e-05,1,173.77527430653572
2022-03-07,fold_6,EUR crisis downturn,-0.0015511889941990376,-1,-0.0008476009825244546,-1,0.0008476009825244546,0.10372471809387207,0.9998852014541626,3.8247100746957585e-05,7.649420149391517e-05,1,8.476009825244546
2022-03-08,fold_6,EUR crisis downturn,0.0023811643477529287,1,0.0030297928024083376,1,0.0030297928024083376,0.10706877708435059,0.9999536275863647,1.5469226127606817e-05,3.093845225521363e-05,1,30.297928024083376
2022-03-09,fold_6,EUR crisis downturn,0.007719090674072504,1,0.01611238159239292,1,0.01611238159239292,0.12490618228912354,0.9999781847000122,7.256544449774083e-06,1.4513088899548166e-05,1,161.12381592392921
2022-03-10,fold_6,EUR crisis downturn,-0.0028622623067349195,-1,-0.005407776217907667,-1,0.005407776217907667,0.1309894323348999,0.9999667406082153,1.1077712770202197e-05,2.2155425540404394e-05,1,54.07776217907667
2022-03-11,fold_6,EUR crisis downturn,-0.004951156675815582,-1,-0.007433895952999592,-1,0.007433895952999592,0.13939714431762695,0.9999446868896484,1.843475729401689e-05,3.686951458803378e-05,1,74.33895952999592
2022-03-14,fold_6,EUR crisis downturn,-0.0024467939510941505,-1,0.001017721719108522,1,-0.001017721719108522,0.13823747634887695,0.9999704360961914,9.845832209975924e-06,1.969166441995185e-05,0,-10.17721719108522
2022-03-15,fold_6,EUR crisis downturn,-0.0007491547730751336,-1,0.0023914421908557415,1,-0.0023914421908557415,0.13551545143127441,0.9999817609786987,6.084046162868617e-06,1.2168092325737234e-05,0,-23.914421908557415
2022-03-16,fold_6,EUR crisis downturn,0.002213324187323451,1,0.004794404376298189,1,0.004794404376298189,0.1409595012664795,0.9999619722366333,1.2680759937211405e-05,2.536151987442281e-05,1,47.94404376298189
2022-03-17,fold_6,EUR crisis downturn,0.0037238113582134247,1,0.007037183735519648,1,0.007037183735519648,0.14898860454559326,0.9999523162841797,1.587727092555724e-05,3.175454185111448e-05,1,70.37183735519648
2022-03-18,fold_6,EUR crisis downturn,-0.003409032477065921,-1,-0.005079824943095446,-1,0.005079824943095446,0.1548253297805786,0.9999597072601318,1.3413890883384738e-05,2.6827781766769476e-05,1,50.798249430954456
2022-03-22,fold_6,EUR crisis downturn,0.0013811032986268401,1,0.0011360200587660074,1,0.0011360200587660074,0.15613722801208496,0.9999741315841675,8.622462701168843e-06,1.7244925402337685e-05,1,11.360200587660074
2022-03-23,fold_6,EUR crisis downturn,-0.0018055386608466506,-1,-0.0021242026705294847,-1,0.0021242026705294847,0.1585930585861206,0.9999604225158691,1.320735191256972e-05,2.641470382513944e-05,1,21.242026705294847
2022-03-24,fold_6,EUR crisis downturn,-0.0033409669995307922,-1,0.00029731090762652457,1,-0.00029731090762652457,0.15824854373931885,0.9999592304229736,1.3596395547210705e-05,2.719279109442141e-05,0,-2.9731090762652457
2022-03-25,fold_6,EUR crisis downturn,-0.002490563318133354,-1,-0.00251486012712121,-1,0.00251486012712121,0.16116130352020264,0.9999837875366211,5.4165743677003775e-06,1.0833148735400755e-05,1,25.1486012712121
2022-03-28,fold_6,EUR crisis downturn,-0.0044241673313081264,-1,0.001088330172933638,1,-0.001088330172933638,0.1598975658416748,0.9999480247497559,1.730317308101803e-05,3.460634616203606e-05,0,-10.883301729336381
2022-03-29,fold_6,EUR crisis downturn,-0.0034994513262063265,-1,0.008884331211447716,1,-0.008884331211447716,0.14959263801574707,0.9999479055404663,1.737327875162009e-05,3.474655750324018e-05,0,-88.84331211447716
2022-03-30,fold_6,EUR crisis downturn,-9.630955901229754e-05,-1,0.006339906714856625,1,-0.006339906714856625,0.14230430126190186,0.9999524354934692,1.5855690435273573e-05,3.1711380870547146e-05,0,-63.399067148566246
2022-03-31,fold_6,EUR crisis downturn,-0.005612737499177456,-1,-0.00801636092364788,-1,0.00801636092364788,0.15146136283874512,0.9999417066574097,1.9421291653998196e-05,3.884258330799639e-05,1,80.1636092364788
2022-04-01,fold_6,EUR crisis downturn,-0.004614515230059624,-1,-0.0022647094447165728,-1,0.0022647094447165728,0.15406906604766846,0.9999394416809082,2.0180717910989188e-05,4.0361435821978375e-05,1,22.647094447165728
2022-04-04,fold_6,EUR crisis downturn,-0.004008264746516943,-1,-0.006464783102273941,-1,0.006464783102273941,0.16152989864349365,0.9999544620513916,1.5192868886515498e-05,3.0385737773030996e-05,1,64.64783102273941
2022-04-05,fold_6,EUR crisis downturn,-0.008205738849937916,-1,-0.006325795315206051,-1,0.006325795315206051,0.16887760162353516,0.9999607801437378,1.3070156455796678e-05,2.6140312911593355e-05,1,63.25795315206051
2022-04-06,fold_6,EUR crisis downturn,-0.002340475097298622,-1,-0.0007518871570937335,-1,0.0007518871570937335,0.16975641250610352,0.9999650716781616,1.1629393156908918e-05,2.3258786313817836e-05,1,7.5188715709373355
2022-04-07,fold_6,EUR crisis downturn,-0.0027649698313325644,-1,-0.0030639569740742445,-1,0.0030639569740742445,0.17334043979644775,0.9999579191207886,1.4035380445420742e-05,2.8070760890841484e-05,1,30.639569740742445
2022-04-08,fold_6,EUR crisis downturn,-0.0028526613023132086,-1,0.0018505415646359324,1,-0.0018505415646359324,0.17116916179656982,0.9999823570251465,5.876273007743293e-06,1.1752546015486587e-05,0,-18.505415646359324
2022-04-11,fold_6,EUR crisis downturn,-0.0032926786225289106,-1,-0.0006418824777938426,-1,0.0006418824777938426,0.1719210147857666,0.9999637603759766,1.2066885574313346e-05,2.4133771148626693e-05,1,6.4188247779384255
2022-04-12,fold_6,EUR crisis downturn,-0.0035403307992964983,-1,-0.004763457924127579,-1,0.004763457924127579,0.17750346660614014,0.9999493360519409,1.6901531125768088e-05,3.3803062251536176e-05,1,47.63457924127579
2022-04-13,fold_6,EUR crisis downturn,-0.00031157582998275757,-1,0.00650522205978632,1,-0.00650522205978632,0.16984355449676514,0.9999697208404541,1.0091575859405566e-05,2.0183151718811132e-05,0,-65.0522205978632
2022-04-14,fold_6,EUR crisis downturn,-0.0033490804489701986,-1,-0.0069362265057861805,-1,0.0069362265057861805,0.17795777320861816,0.9999749660491943,8.32653768156888e-06,1.665307536313776e-05,1,69.3622650578618
2022-04-18,fold_6,EUR crisis downturn,-0.005109152756631374,-1,-0.0030944086611270905,-1,0.0030944086611270905,0.1816028356552124,0.9999750852584839,8.307397365570068e-06,1.6614794731140137e-05,1,30.944086611270905
2022-04-19,fold_6,EUR crisis downturn,-0.0043412744998931885,-1,0.0011765266535803676,1,-0.0011765266535803676,0.1802126169204712,0.9999748468399048,8.368527232960332e-06,1.6737054465920664e-05,0,-11.765266535803676
2022-04-20,fold_6,EUR crisis downturn,-0.001751022762618959,-1,0.005132047925144434,1,-0.005132047925144434,0.17415571212768555,0.9999191761016846,2.6927460567094386e-05,5.385492113418877e-05,0,-51.32047925144434
2022-04-21,fold_6,EUR crisis downturn,-0.0031348958145827055,-1,-0.0013543874956667423,-1,0.0013543874956667423,0.17574596405029297,0.9999374151229858,2.086809945467394e-05,4.173619890934788e-05,1,13.543874956667423
2022-04-22,fold_6,EUR crisis downturn,-0.006369892042130232,-1,-0.0022270376794040203,-1,0.0022270376794040203,0.17836439609527588,0.9999649524688721,1.1679015187837649e-05,2.3358030375675298e-05,1,22.270376794040203
2022-04-25,fold_6,EUR crisis downturn,-0.003982296213507652,-1,-0.008957143872976303,-1,0.008957143872976303,0.18891918659210205,0.9999223947525024,2.5862000256893225e-05,5.172400051378645e-05,1,89.57143872976303
2022-04-26,fold_6,EUR crisis downturn,-0.006020884029567242,-1,-0.006588426884263754,-1,0.006588426884263754,0.19675230979919434,0.9999450445175171,1.833044007071294e-05,3.666088014142588e-05,1,65.88426884263754
2022-04-27,fold_6,EUR crisis downturn,0.0014185614418238401,1,-0.008317396976053715,-1,-0.008317396976053715,0.18679845333099365,0.9999127388000488,2.9071543394820765e-05,5.814308678964153e-05,0,-83.17396976053715
2022-04-28,fold_6,EUR crisis downturn,0.003946757409721613,1,-0.004821411799639463,-1,-0.004821411799639463,0.18107640743255615,0.9999593496322632,1.3534812751458958e-05,2.7069625502917916e-05,0,-48.214117996394634
2022-05-02,fold_6,EUR crisis downturn,-0.005230716895312071,-1,-0.002553798258304596,-1,0.002553798258304596,0.18409264087677002,0.9999369382858276,2.102869257214479e-05,4.205738514428958e-05,1,25.53798258304596
2022-05-06,fold_6,EUR crisis downturn,0.006587509997189045,1,-0.0007161782123148441,-1,-0.0007161782123148441,0.1832447052001953,0.9999626874923706,1.2445555512385909e-05,2.4891111024771817e-05,0,-7.161782123148441
2022-05-09,fold_6,EUR crisis downturn,0.0010440641781315207,1,0.003190816380083561,1,0.003190816380083561,0.18702030181884766,0.9999203681945801,2.6547359084361233e-05,5.3094718168722466e-05,1,31.90816380083561
2022-05-10,fold_6,EUR crisis downturn,-0.00010335967090213671,-1,-0.0031072180718183517,-1,0.0031072180718183517,0.19070863723754883,0.9999417066574097,1.94189851754345e-05,3.8837970350869e-05,1,31.072180718183517
2022-05-11,fold_6,EUR crisis downturn,0.006759621202945709,1,-0.0019448387902230024,-1,-0.0019448387902230024,0.18839287757873535,0.9999585151672363,1.3806279639538843e-05,2.7612559279077686e-05,0,-19.448387902230024
2022-05-12,fold_6,EUR crisis downturn,0.0010250641498714685,1,-0.0126422718167305,-1,-0.0126422718167305,0.1733689308166504,0.9999406337738037,1.980337401619181e-05,3.960674803238362e-05,0,-126.42271816730499
2022-05-13,fold_6,EUR crisis downturn,0.005182499997317791,1,0.002028132788836956,1,0.002028132788836956,0.17574870586395264,0.9999381303787231,2.0627301637432538e-05,4.1254603274865076e-05,1,20.28132788836956
2022-05-16,fold_6,EUR crisis downturn,0.006009547505527735,1,0.003684947732836008,1,0.003684947732836008,0.18008136749267578,0.9999088048934937,3.038777140318416e-05,6.077554280636832e-05,1,36.84947732836008
2022-05-17,fold_6,EUR crisis downturn,0.011469301767647266,1,0.01043185405433178,1,0.01043185405433178,0.19239187240600586,0.9999576807022095,1.4111692507867701e-05,2.8223385015735403e-05,1,104.3185405433178
2022-05-18,fold_6,EUR crisis downturn,-0.0022377457935363054,-1,-0.007121461909264326,-1,0.007121461909264326,0.2008833885192871,0.9999592304229736,1.3581682651420124e-05,2.7163365302840248e-05,1,71.21461909264326
2022-05-19,fold_6,EUR crisis downturn,0.0154044721275568,1,0.010145164094865322,1,0.010145164094865322,0.21306657791137695,0.9999264478683472,2.4508912247256376e-05,4.901782449451275e-05,1,101.45164094865322
2022-05-20,fold_6,EUR crisis downturn,-0.002344297943636775,-1,-0.000866660091560334,-1,0.000866660091560334,0.2141178846359253,0.99992835521698,2.3890548618510365e-05,4.778109723702073e-05,1,8.66660091560334
2022-05-23,fold_6,EUR crisis downturn,0.005536392331123352,1,0.010617928579449654,1,0.010617928579449654,0.22700929641723633,0.9999573230743408,1.42230619530892e-05,2.84461239061784e-05,1,106.17928579449654
2022-05-24,fold_6,EUR crisis downturn,-0.0013098192866891623,-1,0.005099795293062925,1,-0.005099795293062925,0.22075188159942627,0.9999395608901978,2.014874917222187e-05,4.029749834444374e-05,0,-50.99795293062925
2022-05-25,fold_6,EUR crisis downturn,-0.0007200305117294192,-1,-0.004648668225854635,-1,0.004648668225854635,0.22642672061920166,0.9999516010284424,1.612857340660412e-05,3.225714681320824e-05,1,46.48668225854635
2022-05-26,fold_6,EUR crisis downturn,-0.0007047229446470737,-1,0.004336175508797169,1,-0.004336175508797169,0.22110867500305176,0.9999421834945679,1.9281147615402006e-05,3.856229523080401e-05,0,-43.36175508797169
2022-05-27,fold_6,EUR crisis downturn,0.0016114782774820924,1,-0.0001395020226482302,-1,-0.0001395020226482302,0.2209383249282837,0.9999750852584839,8.302563401230145e-06,1.660512680246029e-05,0,-1.395020226482302
2022-05-31,fold_6,EUR crisis downturn,-0.00023567555763293058,-1,-0.0036603042390197515,-1,0.0036603042390197515,0.22540736198425293,0.9999450445175171,1.8320897652301937e-05,3.6641795304603875e-05,1,36.603042390197515
2022-06-01,fold_6,EUR crisis downturn,-0.000425485719460994,-1,-0.007447231560945511,-1,0.007447231560945511,0.23453330993652344,0.9999145269393921,2.848348958650604e-05,5.696697917301208e-05,1,74.47231560945511
2022-06-02,fold_6,EUR crisis downturn,0.0075965747237205505,1,0.009095413610339165,1,0.009095413610339165,0.24576187133789062,0.9999351501464844,2.159966061299201e-05,4.319932122598402e-05,1,90.95413610339165
2022-06-03,fold_6,EUR crisis downturn,-0.0017526503652334213,-1,-0.0023275099229067564,-1,0.0023275099229067564,0.24866151809692383,0.9999330043792725,2.232059523521457e-05,4.464119047042914e-05,1,23.275099229067564
2022-06-06,fold_6,EUR crisis downturn,0.0003079012967646122,1,-0.003228839486837387,-1,-0.003228839486837387,0.24462974071502686,0.9999432563781738,1.8893382730311714e-05,3.778676546062343e-05,0,-32.28839486837387
2022-06-07,fold_6,EUR crisis downturn,0.005194652825593948,1,0.0006740176468156278,1,0.0006740176468156278,0.2454686164855957,0.999903678894043,3.209232090739533e-05,6.418464181479067e-05,1,6.740176468156278
2022-06-08,fold_6,EUR crisis downturn,-0.0016059346962720156,-1,0.0017791216960176826,1,-0.0017791216960176826,0.24325275421142578,0.9999556541442871,1.4785296116315294e-05,2.9570592232630588e-05,0,-17.791216960176826
2022-06-09,fold_6,EUR crisis downturn,-0.005743879824876785,-1,-0.009185684844851494,-1,0.009185684844851494,0.2546728849411011,0.9999223947525024,2.58600375673268e-05,5.17200751346536e-05,1,91.85684844851494
2022-06-10,fold_6,EUR crisis downturn,-0.00674265855923295,-1,-0.012168340384960175,-1,0.012168340384960175,0.2699401378631592,0.9999494552612305,1.683771188254468e-05,3.367542376508936e-05,1,121.68340384960175
2022-06-13,fold_6,EUR crisis downturn,-0.002265341579914093,-1,-0.0071343835443258286,-1,0.0071343835443258286,0.2790004014968872,0.9998999834060669,3.333051790832542e-05,6.666103581665084e-05,1,71.34383544325829
2022-06-14,fold_6,EUR crisis downturn,0.0002123451413353905,1,0.0024430977646261454,1,0.0024430977646261454,0.2821251153945923,0.9999470710754395,1.7634065443417057e-05,3.5268130886834115e-05,1,24.430977646261454
2022-06-15,fold_6,EUR crisis downturn,0.0021215244196355343,1,0.0014952836791053414,1,0.0014952836791053414,0.28404223918914795,0.9999703168869019,9.889467946777586e-06,1.9778935893555172e-05,1,14.952836791053414
2022-06-16,fold_6,EUR crisis downturn,0.014786901883780956,1,0.00866952445358038,1,0.00866952445358038,0.295174241065979,0.9999281167984009,2.394373768765945e-05,4.78874753753189e-05,1,86.6952445358038
2022-06-17,fold_6,EUR crisis downturn,-0.0018674981547519565,-1,-0.005256267264485359,-1,0.005256267264485359,0.301982045173645,0.9999508857727051,1.6353620594600216e-05,3.270724118920043e-05,1,52.56267264485359
2022-06-21,fold_6,EUR crisis downturn,-0.001101457397453487,-1,0.001126965624280274,1,-0.001126965624280274,0.300514817237854,0.9999339580535889,2.2000935132382438e-05,4.4001870264764875e-05,0,-11.26965624280274
2022-06-22,fold_6,EUR crisis downturn,-0.004647987429052591,-1,0.0029896728228777647,1,-0.0029896728228777647,0.2966266870498657,0.9999445676803589,1.8488812202122062e-05,3.6977624404244125e-05,0,-29.896728228777647
2022-06-23,fold_6,EUR crisis downturn,-0.00837770290672779,-1,-0.004165956750512123,-1,0.004165956750512123,0.3020284175872803,0.9999567270278931,1.4401750377146527e-05,2.8803500754293054e-05,1,41.65956750512123
2022-06-24,fold_6,EUR crisis downturn,-0.0036481537390500307,-1,0.004374321084469557,1,-0.004374321084469557,0.2963329553604126,0.9999459981918335,1.801389407773968e-05,3.602778815547936e-05,0,-43.74321084469557
2022-06-27,fold_6,EUR crisis downturn,-0.0054406714625656605,-1,0.0013967370614409447,1,-0.0013967370614409447,0.29452240467071533,0.9999563694000244,1.4524452126352116e-05,2.9048904252704233e-05,0,-13.967370614409447
2022-06-28,fold_6,EUR crisis downturn,-0.009352684952318668,-1,-0.0054197353310883045,-1,0.0054197353310883045,0.301538348197937,0.999923586845398,2.5451527108089067e-05,5.0903054216178134e-05,1,54.197353310883045
2022-06-29,fold_6,EUR crisis downturn,-0.00912119634449482,-1,-0.007312588859349489,-1,0.007312588859349489,0.31105589866638184,0.9999583959579468,1.3871282135369256e-05,2.7742564270738512e-05,1,73.12588859349489
2022-06-30,fold_6,EUR crisis downturn,-0.004141582641750574,-1,0.0029757271986454725,1,-0.0029757271986454725,0.3071545362472534,0.9999626874923706,1.2421474821167067e-05,2.4842949642334133e-05,0,-29.757271986454725
2022-07-01,fold_6,EUR crisis downturn,-0.00846641231328249,-1,-0.0041735912673175335,-1,0.0041735912673175335,0.3126101493835449,0.9999524354934692,1.585686368343886e-05,3.171372736687772e-05,1,41.735912673175335
2022-07-05,fold_6,EUR crisis downturn,-0.01062929816544056,-1,-0.01682257279753685,-1,0.01682257279753685,0.3346916437149048,0.9999428987503052,1.903971133287996e-05,3.807942266575992e-05,1,168.2257279753685
2022-07-06,fold_6,EUR crisis downturn,-0.0064910948276519775,-1,-0.006947201211005449,-1,0.006947201211005449,0.34396398067474365,0.9999065399169922,3.115949220955372e-05,6.231898441910744e-05,1,69.4720121100545
2022-07-07,fold_6,EUR crisis downturn,-0.006396960001438856,-1,-0.0016271539498120546,-1,0.0016271539498120546,0.34615087509155273,0.9999592304229736,1.3591726201411802e-05,2.7183452402823605e-05,1,16.271539498120546
2022-07-08,fold_6,EUR crisis downturn,-0.00397502863779664,-1,-0.0003659561334643513,-1,0.0003659561334643513,0.3466435670852661,0.9999203681945801,2.655141543073114e-05,5.310283086146228e-05,1,3.659561334643513
2022-07-11,fold_6,EUR crisis downturn,-0.006321042776107788,-1,-0.01166516449302435,-1,0.01166516449302435,0.36235225200653076,0.9999333620071411,2.2198595615918748e-05,4.4397191231837496e-05,1,116.65164493024349
2022-07-12,fold_6,EUR crisis downturn,0.003607685212045908,1,-0.0014347791438922286,-1,-0.0014347791438922286,0.3603975772857666,0.9999325275421143,2.247896554763429e-05,4.495793109526858e-05,0,-14.347791438922286
2022-07-13,fold_6,EUR crisis downturn,0.001652999664656818,1,-4.015977538074367e-05,-1,-4.015977538074367e-05,0.36034297943115234,0.9999188184738159,2.7046940886066295e-05,5.409388177213259e-05,0,-0.4015977538074367
2022-07-14,fold_6,EUR crisis downturn,0.0019100996432825923,1,-0.0007017548778094351,-1,-0.0007017548778094351,0.3593883514404297,0.9999434947967529,1.881438583950512e-05,3.762877167901024e-05,0,-7.017548778094351
2022-07-15,fold_6,EUR crisis downturn,0.0010775178670883179,1,0.007047208957374096,1,0.007047208957374096,0.36896824836730957,0.9999692440032959,1.0240770279779099e-05,2.0481540559558198e-05,1,70.47208957374096
2022-07-19,fold_6,EUR crisis downturn,-0.001234920579008758,-1,0.008491970598697662,1,-0.008491970598697662,0.3573429584503174,0.9999446868896484,1.8428152543492615e-05,3.685630508698523e-05,0,-84.91970598697662
2022-07-20,fold_6,EUR crisis downturn,-0.008416051976382732,-1,-0.004745147656649351,-1,0.004745147656649351,0.36378371715545654,0.9999245405197144,2.5139665012829937e-05,5.0279330025659874e-05,1,47.45147656649351
2022-07-21,fold_6,EUR crisis downturn,-0.0037805966567248106,-1,0.00376132526434958,1,-0.00376132526434958,0.3586540222167969,0.9999547004699707,1.5080497178132646e-05,3.016099435626529e-05,0,-37.6132526434958
2022-07-22,fold_6,EUR crisis downturn,-0.0031051011756062508,-1,-0.002039989223703742,-1,0.002039989223703742,0.3614257574081421,0.9999358654022217,2.136693183274474e-05,4.273386366548948e-05,1,20.39989223703742
2022-07-25,fold_6,EUR crisis downturn,-0.0018923527095466852,-1,0.0024232829455286264,1,-0.0024232829455286264,0.3581266403198242,0.9999393224716187,2.02274568437133e-05,4.04549136874266e-05,0,-24.232829455286264
2022-07-26,fold_6,EUR crisis downturn,-0.007897046394646168,-1,-0.009329265914857388,-1,0.009329265914857388,0.3707970380783081,0.9999334812164307,2.217869769083336e-05,4.435739538166672e-05,1,93.29265914857388
2022-07-27,fold_6,EUR crisis downturn,0.0024104469921439886,1,0.007871334441006184,1,0.007871334441006184,0.3815871477127075,0.9999281167984009,2.3967813831404783e-05,4.7935627662809566e-05,1,78.71334441006184
2022-07-28,fold_6,EUR crisis downturn,0.0004981546080671251,1,-0.0016614561900496483,-1,-0.0016614561900496483,0.3792916536331177,0.9999531507492065,1.560192322358489e-05,3.120384644716978e-05,0,-16.614561900496483
2022-07-29,fold_6,EUR crisis downturn,0.006115666124969721,1,0.001561881392262876,1,0.001561881392262876,0.38144588470458984,0.9999457597732544,1.8063361494569108e-05,3.6126722989138216e-05,1,15.61881392262876
2022-08-01,fold_6,EUR crisis downturn,0.0031855651177465916,1,0.005202550906687975,1,0.005202550906687975,0.3886328935623169,0.9999393224716187,2.02190440177219e-05,4.04380880354438e-05,1,52.02550906687975
2022-08-02,fold_6,EUR crisis downturn,-0.0034793869126588106,-1,-0.010297809727489948,-1,0.010297809727489948,0.4029327630996704,0.9999301433563232,2.3290325771085918e-05,4.6580651542171836e-05,1,102.97809727489948
2022-08-03,fold_6,EUR crisis downturn,0.0010133020114153624,1,0.00019285830785520375,1,0.00019285830785520375,0.4032033681869507,0.9999309778213501,2.3015627448330633e-05,4.603125489666127e-05,1,1.9285830785520375
2022-08-04,fold_6,EUR crisis downturn,0.006647540722042322,1,0.008874700404703617,1,0.008874700404703617,0.41565632820129395,0.9999436140060425,1.8780008758767508e-05,3.7560017517535016e-05,1,88.74700404703617
2022-08-05,fold_6,EUR crisis downturn,-0.004552081227302551,-1,-0.007506103254854679,-1,0.007506103254854679,0.4262824058532715,0.9999480247497559,1.733568569761701e-05,3.467137139523402e-05,1,75.06103254854679
2022-08-08,fold_6,EUR crisis downturn,0.0022346663754433393,1,0.002630935749039054,1,0.002630935749039054,0.430034875869751,0.9999306201934814,2.3129236069507897e-05,4.6258472139015794e-05,1,26.30935749039054
2022-08-09,fold_6,EUR crisis downturn,0.0017802802613005042,1,0.001031049294397235,1,0.001031049294397235,0.43150925636291504,0.9999761581420898,7.925596037239302e-06,1.5851192074478604e-05,1,10.31049294397235
2022-08-10,fold_6,EUR crisis downturn,0.00748419901356101,1,0.00907498225569725,1,0.00907498225569725,0.4445000886917114,0.9999397993087769,2.007880902965553e-05,4.015761805931106e-05,1,90.7498225569725
2022-08-12,fold_6,EUR crisis downturn,-0.0002266091323690489,-1,-0.005846230313181877,-1,0.005846230313181877,0.4529449939727783,0.9999685287475586,1.0496288268768694e-05,2.099257653753739e-05,1,58.46230313181877
2022-08-15,fold_6,EUR crisis downturn,-0.005395781248807907,-1,-0.009206736460328102,-1,0.009206736460328102,0.4663219451904297,0.9999641180038452,1.1970767445745878e-05,2.3941534891491756e-05,1,92.06736460328102
2022-08-16,fold_6,EUR crisis downturn,0.0026471258606761694,1,0.0008543621515855193,1,0.0008543621515855193,0.46757471561431885,0.9999611377716064,1.293737568630604e-05,2.587475137261208e-05,1,8.543621515855193
2022-08-17,fold_6,EUR crisis downturn,0.0016859319293871522,1,0.000936616794206202,1,0.000936616794206202,0.4689493179321289,0.9999690055847168,1.0321072295482736e-05,2.0642144590965472e-05,1,9.36616794206202
2022-08-18,fold_6,EUR crisis downturn,-0.0037337199319154024,-1,-0.00886909943073988,-1,0.00886909943073988,0.4819774627685547,0.9999549388885498,1.5002359759819228e-05,3.0004719519638456e-05,1,88.6909943073988
2022-08-19,fold_6,EUR crisis downturn,0.001868080347776413,1,-0.005418936721980572,-1,-0.005418936721980572,0.4739466905593872,0.9999440908432007,1.863268880697433e-05,3.726537761394866e-05,0,-54.18936721980572
2022-08-22,fold_6,EUR crisis downturn,-0.0031119303312152624,-1,-0.009541994892060757,-1,0.009541994892060757,0.48801112174987793,0.9999600648880005,1.329271344729932e-05,2.658542689459864e-05,1,95.41994892060757
2022-08-23,fold_6,EUR crisis downturn,0.005764171481132507,1,0.0027609101962298155,1,0.0027609101962298155,0.49211931228637695,0.9999271631240845,2.4275486794067547e-05,4.8550973588135093e-05,1,27.609101962298155
2022-08-24,fold_6,EUR crisis downturn,0.004477322101593018,1,0.00021929587819613516,1,0.00021929587819613516,0.49244654178619385,0.9999555349349976,1.4836786249361467e-05,2.9673572498722933e-05,1,2.1929587819613516
2022-08-25,fold_6,EUR crisis downturn,0.005203848239034414,1,0.00021942718012724072,1,0.00021942718012724072,0.4927741289138794,0.9999285936355591,2.3814907763153315e-05,4.762981552630663e-05,1,2.194271801272407
2022-08-26,fold_6,EUR crisis downturn,0.002498183399438858,1,-0.0032698833383619785,-1,-0.0032698833383619785,0.48789286613464355,0.9999665021896362,1.1181223271705676e-05,2.2362446543411352e-05,0,-32.698833383619785
2022-08-29,fold_6,EUR crisis downturn,0.0029965159483253956,1,0.00758057227358222,1,0.00758057227358222,0.4991718530654907,0.9999468326568604,1.770808557921555e-05,3.54161711584311e-05,1,75.8057227358222
2022-08-30,fold_6,EUR crisis downturn,0.0007308663916774094,1,0.0011028088629245758,1,0.0011028088629245758,0.5008251667022705,0.999964714050293,1.1771068784582894e-05,2.354213756916579e-05,1,11.028088629245758
2022-08-31,fold_6,EUR crisis downturn,0.0013406756334006786,1,0.001395423780195415,1,0.001395423780195415,0.5029195547103882,0.9999366998672485,2.109428351104725e-05,4.21885670220945e-05,1,13.95423780195415
2022-09-01,fold_6,EUR crisis downturn,-0.008067568764090538,-1,-0.008638561703264713,-1,0.008638561703264713,0.5159027576446533,0.9999316930770874,2.2783746317145415e-05,4.556749263429083e-05,1,86.38561703264713
2022-09-02,fold_6,EUR crisis downturn,-0.0014238907024264336,-1,-0.004310653544962406,-1,0.004310653544962406,0.5224372148513794,0.9999566078186035,1.4477926924882922e-05,2.8955853849765845e-05,1,43.10653544962406
2022-09-06,fold_6,EUR crisis downturn,-0.004983040504157543,-1,-0.005453890655189753,-1,0.005453890655189753,0.53074049949646,0.9999165534973145,2.7821555704576895e-05,5.564311140915379e-05,1,54.538906551897526
2022-09-07,fold_6,EUR crisis downturn,0.005368918180465698,1,0.009875823743641376,1,0.009875823743641376,0.5458577871322632,0.9999662637710571,1.1239663763262797e-05,2.2479327526525594e-05,1,98.75823743641376
2022-09-08,fold_6,EUR crisis downturn,-0.002885740017518401,-1,0.0016320209251716733,1,-0.0016320209251716733,0.5433348417282104,0.9999547004699707,1.5112522305571474e-05,3.0225044611142948e-05,0,-16.320209251716733
2022-09-09,fold_6,EUR crisis downturn,0.001793312723748386,1,0.00593199860304594,1,0.00593199860304594,0.5524898767471313,0.9999083280563354,3.053588807233609e-05,6.107177614467219e-05,1,59.319986030459404
2022-09-12,fold_6,EUR crisis downturn,0.002084101317450404,1,0.005773918703198433,1,0.005773918703198433,0.5614538192749023,0.9999481439590454,1.7296953956247307e-05,3.4593907912494615e-05,1,57.73918703198433
2022-09-13,fold_6,EUR crisis downturn,-0.013584156520664692,-1,-0.014563821256160736,-1,0.014563821256160736,0.584194540977478,0.9999260902404785,2.463993769197259e-05,4.927987538394518e-05,1,145.63821256160736
2022-09-14,fold_6,EUR crisis downturn,-0.0014103436842560768,-1,0.00019961698853876442,1,-0.00019961698853876442,0.5838782787322998,0.9999420642852783,1.9325136236147955e-05,3.865027247229591e-05,0,-1.9961698853876442
2022-09-15,fold_6,EUR crisis downturn,-0.002040558261796832,-1,0.0004294819082133472,1,-0.0004294819082133472,0.5831979513168335,0.9999436140060425,1.880105810414534e-05,3.760211620829068e-05,0,-4.294819082133472
2022-09-16,fold_6,EUR crisis downturn,0.002432612469419837,1,0.0034075863659381866,1,0.0034075863659381866,0.5885928869247437,0.9999665021896362,1.1161858310515527e-05,2.2323716621031053e-05,1,34.07586365938187
2022-09-20,fold_6,EUR crisis downturn,-0.0036321133375167847,-1,-0.005862889811396599,-1,0.005862889811396599,0.5979065895080566,0.9999759197235107,8.0354775491287e-06,1.60709550982574e-05,1,58.62889811396599
2022-09-21,fold_6,EUR crisis downturn,-0.005951269995421171,-1,-0.014048072509467602,-1,0.014048072509467602,0.620354175567627,0.9999251365661621,2.4961929739220068e-05,4.9923859478440136e-05,1,140.48072509467602
2022-09-22,fold_6,EUR crisis downturn,-0.005592997185885906,-1,0.0011022116523236036,1,-0.0011022116523236036,0.6185681819915771,0.9999593496322632,1.3546021364163607e-05,2.7092042728327215e-05,0,-11.022116523236036
2022-09-26,fold_6,EUR crisis downturn,0.0024339063093066216,1,-0.006832936313003302,-1,-0.006832936313003302,0.6075085401535034,0.9999387264251709,2.042886262643151e-05,4.085772525286302e-05,0,-68.32936313003302
2022-09-27,fold_6,EUR crisis downturn,0.007697667460888624,1,-0.002859671600162983,-1,-0.002859671600162983,0.6029115915298462,0.999876856803894,4.103339961147867e-05,8.206679922295734e-05,0,-28.59671600162983
2022-09-28,fold_6,EUR crisis downturn,0.016569597646594048,1,0.011669258587062359,1,0.011669258587062359,0.6216163635253906,0.9999587535858154,1.3736622349824756e-05,2.7473244699649513e-05,1,116.69258587062359
2022-09-29,fold_6,EUR crisis downturn,0.008494283072650433,1,0.012503246776759624,1,0.012503246776759624,0.6418918371200562,0.999913215637207,2.8941121854586527e-05,5.7882243709173054e-05,1,125.03246776759624
2025-01-22,fold_7,Recent mixed/upturn,-0.00020073783525731415,-1,0.00040599689236842096,1,-0.00040599689236842096,-0.00040596723556518555,0.9999532699584961,1.558445001137443e-05,3.116890002274886e-05,0,-4.05996892368421
2025-01-23,fold_7,Recent mixed/upturn,-0.0009428166667930782,-1,0.0005624851328320801,1,-0.0005624851328320801,-0.0009682178497314453,0.9999200105667114,2.667029002623167e-05,5.334058005246334e-05,0,-5.624851328320801
2025-01-24,fold_7,Recent mixed/upturn,0.0036147141363471746,1,0.00495113804936409,1,0.00495113804936409,0.003978133201599121,0.9999548196792603,1.5056638403621037e-05,3.0113276807242073e-05,1,49.5113804936409
2025-01-27,fold_7,Recent mixed/upturn,-0.00012123939086450264,-1,-0.0021516145206987858,-1,0.0021516145206987858,0.006138324737548828,0.9999605417251587,1.3145581760909408e-05,2.6291163521818817e-05,1,21.516145206987858
2025-01-28,fold_7,Recent mixed/upturn,-0.0007170499302446842,-1,-0.001533105387352407,-1,0.001533105387352407,0.0076808929443359375,0.9999572038650513,1.4259446288633626e-05,2.8518892577267252e-05,1,15.33105387352407
2025-01-29,fold_7,Recent mixed/upturn,-0.001800311030820012,-1,-0.0003648616257123649,-1,0.0003648616257123649,0.008048653602600098,0.9999417066574097,1.941983100550715e-05,3.88396620110143e-05,1,3.648616257123649
2025-01-30,fold_7,Recent mixed/upturn,0.0014629526995122433,1,-0.0026825745590031147,-1,-0.0026825745590031147,0.005344510078430176,0.9999833106994629,5.578900072578108e-06,1.1157800145156216e-05,0,-26.825745590031147
2025-01-31,fold_7,Recent mixed/upturn,-0.001314414432272315,-1,-0.014377536252140999,-1,0.014377536252140999,0.019798994064331055,0.9999607801437378,1.3068629414192401e-05,2.6137258828384802e-05,1,143.77536252141
2025-02-03,fold_7,Recent mixed/upturn,-0.0016115123871713877,-1,0.0077662100084125996,1,-0.0077662100084125996,0.0118790864944458,0.9999254941940308,2.4846624000929296e-05,4.969324800185859e-05,0,-77.662100084126
2025-02-04,fold_7,Recent mixed/upturn,0.002498730318620801,1,0.004398011602461338,1,0.004398011602461338,0.016329288482666016,0.9999375343322754,2.081901220662985e-05,4.16380244132597e-05,1,43.98011602461338
2025-02-05,fold_7,Recent mixed/upturn,0.0017002830281853676,1,0.002704183105379343,1,0.002704183105379343,0.019077539443969727,0.9999463558197021,1.78979189513484e-05,3.57958379026968e-05,1,27.04183105379343
2025-02-06,fold_7,Recent mixed/upturn,-0.0004424815997481346,-1,-0.0014540054835379124,-1,0.0014540054835379124,0.020559310913085938,0.9999181032180786,2.7283413146506064e-05,5.456682629301213e-05,1,14.540054835379124
2025-02-07,fold_7,Recent mixed/upturn,0.0010739554418250918,1,-0.007135644089430571,-1,-0.007135644089430571,0.013276934623718262,0.9999594688415527,1.3488081094692461e-05,2.6976162189384922e-05,0,-71.3564408943057
2025-02-10,fold_7,Recent mixed/upturn,-0.0026029509026557207,-1,-0.0009786115260794759,-1,0.0009786115260794759,0.01426851749420166,0.9999439716339111,1.867706851044204e-05,3.735413702088408e-05,1,9.786115260794759
2025-02-12,fold_7,Recent mixed/upturn,-0.0016768000787124038,-1,0.002608470618724823,1,-0.002608470618724823,0.011622786521911621,0.9999393224716187,2.023172055487521e-05,4.046344110975042e-05,0,-26.08470618724823
2025-02-13,fold_7,Recent mixed/upturn,0.0017722854390740395,1,0.006705875508487225,1,0.006705875508487225,0.01840662956237793,0.9999552965164185,1.4893182196829002e-05,2.9786364393658005e-05,1,67.05875508487225
2025-02-14,fold_7,Recent mixed/upturn,0.002582600573077798,1,0.002632782096043229,1,0.002632782096043229,0.0210878849029541,0.9999173879623413,2.7528869395609945e-05,5.505773879121989e-05,1,26.32782096043229
2025-02-18,fold_7,Recent mixed/upturn,-0.005959948059171438,-1,-0.00353158637881279,-1,0.00353158637881279,0.024693965911865234,0.9999529123306274,1.5699677533120848e-05,3.1399355066241696e-05,1,35.3158637881279
2025-02-19,fold_7,Recent mixed/upturn,-0.0007493041339330375,-1,-0.002615605480968952,-1,0.002615605480968952,0.02737414836883545,0.999925971031189,2.4689617930562235e-05,4.937923586112447e-05,1,26.156054809689522
2025-02-20,fold_7,Recent mixed/upturn,0.005335681140422821,1,0.007633917964994907,1,0.007633917964994907,0.0352170467376709,0.9999611377716064,1.294197682000231e-05,2.588395364000462e-05,1,76.33917964994907
2025-02-21,fold_7,Recent mixed/upturn,-0.00017836275219451636,-1,-0.0024511523079127073,-1,0.0024511523079127073,0.03775453567504883,0.9999139308929443,2.867859620891977e-05,5.735719241783954e-05,1,24.511523079127073
2025-02-25,fold_7,Recent mixed/upturn,0.0006325120921246707,1,0.005998783744871616,1,0.005998783744871616,0.043979763984680176,0.9999523162841797,1.5872046787990257e-05,3.1744093575980514e-05,1,59.987837448716164
2025-02-26,fold_7,Recent mixed/upturn,0.0006546811200678349,1,-0.0033563824836164713,-1,-0.0033563824836164713,0.04047572612762451,0.9999383687973022,2.0526473235804588e-05,4.1052946471609175e-05,0,-33.56382483616471
2025-02-27,fold_7,Recent mixed/upturn,-0.0038494688924402,-1,-0.008929464034736156,-1,0.008929464034736156,0.0497666597366333,0.999957799911499,1.4044390809431206e-05,2.8088781618862413e-05,1,89.29464034736156
2025-02-28,fold_7,Recent mixed/upturn,-0.002170166000723839,-1,0.0018017083639279008,1,-0.0018017083639279008,0.047875285148620605,0.9999445676803589,1.8457460100762546e-05,3.691492020152509e-05,0,-18.017083639279008
2025-03-03,fold_7,Recent mixed/upturn,0.000984194572083652,1,0.006836147513240576,1,0.006836147513240576,0.0550386905670166,0.9999463558197021,1.786764732969459e-05,3.573529465938918e-05,1,68.36147513240576
2025-03-04,fold_7,Recent mixed/upturn,0.005027314648032188,1,0.013538874685764313,1,0.013538874685764313,0.06932270526885986,0.9999617338180542,1.2734635674860328e-05,2.5469271349720657e-05,1,135.38874685764313
2025-03-05,fold_7,Recent mixed/upturn,-0.0033230737317353487,-1,0.015803681686520576,1,-0.015803681686520576,0.05242347717285156,0.9999545812606812,1.5121750038815662e-05,3.0243500077631325e-05,0,-158.03681686520576
2025-03-06,fold_7,Recent mixed/upturn,0.0036853388883173466,1,-0.0006472344393841922,-1,-0.0006472344393841922,0.0517423152923584,0.9999445676803589,1.847748899308499e-05,3.695497798616998e-05,0,-6.472344393841922
2025-03-07,fold_7,Recent mixed/upturn,0.0012210904387757182,1,0.006733564659953117,1,0.006733564659953117,0.05882430076599121,0.9999361038208008,2.1306195776560344e-05,4.261239155312069e-05,1,67.33564659953117
2025-03-10,fold_7,Recent mixed/upturn,-0.0016484269872307777,-1,-0.0019510398851707578,-1,0.0019510398851707578,0.06089019775390625,0.9999521970748901,1.5939795048325323e-05,3.1879590096650645e-05,1,19.510398851707578
2025-03-11,fold_7,Recent mixed/upturn,0.0024701254442334175,1,0.006897692568600178,1,0.006897692568600178,0.06820785999298096,0.999953031539917,1.5647483451175503e-05,3.129496690235101e-05,1,68.97692568600178
2025-03-12,fold_7,Recent mixed/upturn,-0.0010257201502099633,-1,-0.002558252075687051,-1,0.002558252075687051,0.07094061374664307,0.9999024868011475,3.251284215366468e-05,6.502568430732936e-05,1,25.582520756870508
2025-03-13,fold_7,Recent mixed/upturn,0.0008546262979507446,1,-0.0028116365429013968,-1,-0.0028116365429013968,0.06792950630187988,0.9999697208404541,1.0086788279295433e-05,2.0173576558590867e-05,0,-28.116365429013968
2025-03-14,fold_7,Recent mixed/upturn,0.002694294322282076,1,0.002361313672736287,1,0.002361313672736287,0.07045125961303711,0.9999624490737915,1.2511671229731292e-05,2.5023342459462583e-05,1,23.61313672736287
2025-03-17,fold_7,Recent mixed/upturn,0.0048852949403226376,1,0.003483176464214921,1,0.003483176464214921,0.07417988777160645,0.9999736547470093,8.770623935561161e-06,1.7541247871122323e-05,1,34.83176464214921
2025-03-18,fold_7,Recent mixed/upturn,0.0019471340347081423,1,0.0018596742302179337,1,0.0018596742302179337,0.07617747783660889,0.9999523162841797,1.5875399185460992e-05,3.1750798370921984e-05,1,18.596742302179337
2025-03-19,fold_7,Recent mixed/upturn,0.0035934632178395987,1,-0.0025206219870597124,-1,-0.0025206219870597124,0.07346487045288086,0.999953031539917,1.5669400454498827e-05,3.1338800908997655e-05,0,-25.206219870597124
2025-03-21,fold_7,Recent mixed/upturn,0.003073952393606305,1,-0.0019287904724478722,-1,-0.0019287904724478722,0.07139432430267334,0.9999593496322632,1.3561128980654757e-05,2.7122257961309515e-05,0,-19.28790472447872
2025-03-24,fold_7,Recent mixed/upturn,-0.0007121027447283268,-1,-0.0029709464870393276,-1,0.0029709464870393276,0.07457733154296875,0.9999376535415649,2.0772789866896346e-05,4.154557973379269e-05,1,29.709464870393276
2025-03-25,fold_7,Recent mixed/upturn,0.0016240176046267152,1,-0.001488630659878254,-1,-0.001488630659878254,0.07297766208648682,0.9999516010284424,1.613518725207541e-05,3.227037450415082e-05,0,-14.88630659878254
2025-03-26,fold_7,Recent mixed/upturn,-0.0007709029596298933,-1,-0.0042109801433980465,-1,0.0042109801433980465,0.07749593257904053,0.9999363422393799,2.1232530343695544e-05,4.246506068739109e-05,1,42.109801433980465
2025-03-27,fold_7,Recent mixed/upturn,0.0006364257424138486,1,0.0054869032464921474,1,0.0054869032464921474,0.08340799808502197,0.9999518394470215,1.6051406419137493e-05,3.2102812838274986e-05,1,54.869032464921474
2025-03-28,fold_7,Recent mixed/upturn,-0.0028276536613702774,-1,0.002121507888659835,1,-0.002121507888659835,0.08110952377319336,0.9999539852142334,1.5333416740759276e-05,3.066683348151855e-05,0,-21.21507888659835
2025-03-31,fold_7,Recent mixed/upturn,-0.002483972581103444,-1,-0.0004652105853892863,-1,0.0004652105853892863,0.08161234855651855,0.9999507665634155,1.6417201550211757e-05,3.2834403100423515e-05,1,4.652105853892863
2025-04-01,fold_7,Recent mixed/upturn,-0.0011354919988662004,-1,-0.0021160184405744076,-1,0.0021160184405744076,0.083901047706604,0.9999260902404785,2.4639217372168787e-05,4.9278434744337574e-05,1,21.160184405744076
2025-04-02,fold_7,Recent mixed/upturn,0.0028485790826380253,1,0.010439658537507057,1,0.010439658537507057,0.09521663188934326,0.9999085664749146,3.0472261641989462e-05,6.0944523283978924e-05,1,104.39658537507057
2025-04-03,fold_7,Recent mixed/upturn,0.007727283518761396,1,0.012380016967654228,1,0.012380016967654228,0.10877537727355957,0.9999260902404785,2.463130294927396e-05,4.926260589854792e-05,1,123.80016967654228
2025-04-04,fold_7,Recent mixed/upturn,-0.002764265751466155,-1,-0.0053604403510689735,-1,0.0053604403510689735,0.11471891403198242,0.9999606609344482,1.3112862689013127e-05,2.6225725378026254e-05,1,53.604403510689735
2025-04-07,fold_7,Recent mixed/upturn,0.001304731355048716,1,-0.006298223044723272,-1,-0.006298223044723272,0.10769808292388916,0.9999221563339233,2.5937395548680797e-05,5.1874791097361594e-05,0,-62.98223044723272
2025-04-08,fold_7,Recent mixed/upturn,0.0039009980391710997,1,0.005962451454252005,1,0.005962451454252005,0.11430275440216064,0.9999014139175415,3.287185245426372e-05,6.574370490852743e-05,1,59.624514542520046
2025-04-09,fold_7,Recent mixed/upturn,0.003992205485701561,1,-0.0025847177021205425,-1,-0.0025847177021205425,0.11142265796661377,0.9999552965164185,1.4888221812725533e-05,2.9776443625451066e-05,0,-25.847177021205425
2025-04-10,fold_7,Recent mixed/upturn,0.011498192325234413,1,0.027919435873627663,1,0.027919435873627663,0.14245295524597168,0.9999490976333618,1.6980233340291306e-05,3.396046668058261e-05,1,279.1943587362766
2025-04-11,fold_7,Recent mixed/upturn,-0.0001531668967800215,-1,0.00757727911695838,1,-0.00757727911695838,0.13379621505737305,0.9999076128005981,3.07836671709083e-05,6.15673343418166e-05,0,-75.7727911695838
2025-04-14,fold_7,Recent mixed/upturn,0.00268558575771749,1,-0.00030624307692050934,-1,-0.00030624307692050934,0.13344895839691162,0.9999537467956543,1.5400180927827023e-05,3.0800361855654046e-05,0,-3.0624307692050934
2025-04-15,fold_7,Recent mixed/upturn,-0.0004913120646961033,-1,-0.00414437847211957,-1,0.00414437847211957,0.13814640045166016,0.9999685287475586,1.0489886335562915e-05,2.097977267112583e-05,1,41.4437847211957
2025-04-16,fold_7,Recent mixed/upturn,0.0034667421132326126,1,0.00922001339495182,1,0.00922001339495182,0.14864015579223633,0.9999579191207886,1.402306224917993e-05,2.804612449835986e-05,1,92.2001339495182
2025-04-17,fold_7,Recent mixed/upturn,0.0001766213244991377,1,0.01017727330327034,1,0.01017727330327034,0.1603301763534546,0.999948263168335,1.7260514141526073e-05,3.4521028283052146e-05,1,101.7727330327034
2025-04-22,fold_7,Recent mixed/upturn,-0.0027714415919035673,-1,-0.01403016597032547,-1,0.01403016597032547,0.17660987377166748,0.9999439716339111,1.8682569134398364e-05,3.736513826879673e-05,1,140.3016597032547
2025-04-23,fold_7,Recent mixed/upturn,-0.0014355442253872752,-1,-0.0021068835631012917,-1,0.0021068835631012917,0.17908883094787598,0.9999436140060425,1.8809438188327476e-05,3.761887637665495e-05,1,21.068835631012917
2025-04-24,fold_7,Recent mixed/upturn,0.0032935631461441517,1,0.003934726119041443,1,0.003934726119041443,0.18372821807861328,0.9999626874923706,1.2433843039616477e-05,2.4867686079232953e-05,1,39.34726119041443
2025-04-25,fold_7,Recent mixed/upturn,0.001504725543782115,1,-0.002529496792703867,-1,-0.002529496792703867,0.18073391914367676,0.9999786615371704,7.0935288931650575e-06,1.4187057786330115e-05,0,-25.29496792703867
2025-04-28,fold_7,Recent mixed/upturn,0.0031634443439543247,1,0.005818618461489677,1,0.005818618461489677,0.18760418891906738,0.9999713897705078,9.519912964606192e-06,1.9039825929212384e-05,1,58.186184614896774
2025-04-30,fold_7,Recent mixed/upturn,0.0019144461257383227,1,-0.005651242099702358,-1,-0.005651242099702358,0.1808927059173584,0.9999535083770752,1.547566535009537e-05,3.095133070019074e-05,0,-56.51242099702358
2025-05-01,fold_7,Recent mixed/upturn,-0.004818616900593042,-1,-0.002507785800844431,-1,0.002507785800844431,0.1838541030883789,0.9999455213546753,1.8160360923502594e-05,3.632072184700519e-05,1,25.07785800844431
2025-05-02,fold_7,Recent mixed/upturn,0.0018514279508963227,1,0.0023665628395974636,1,0.0023665628395974636,0.18665575981140137,0.9999587535858154,1.3747225239058025e-05,2.749445047811605e-05,1,23.665628395974636
2025-05-07,fold_7,Recent mixed/upturn,0.0009796831291168928,1,-0.003222282975912094,-1,-0.003222282975912094,0.1828320026397705,0.9999507665634155,1.6413128832937218e-05,3.2826257665874436e-05,0,-32.22282975912094
2025-05-08,fold_7,Recent mixed/upturn,-0.003360124072059989,-1,-0.007250799797475338,-1,0.007250799797475338,0.19140851497650146,0.9999282360076904,2.3899034204077907e-05,4.7798068408155814e-05,1,72.50799797475338
2025-05-09,fold_7,Recent mixed/upturn,0.0011703487252816558,1,0.0004828175879083574,1,0.0004828175879083574,0.19198369979858398,0.9999496936798096,1.6770829461165704e-05,3.354165892233141e-05,1,4.828175879083574
2025-05-12,fold_7,Recent mixed/upturn,-0.005464147310703993,-1,-0.011938820593059063,-1,0.011938820593059063,0.2062145471572876,0.9999755620956421,8.150588655553292e-06,1.6301177311106585e-05,1,119.38820593059063
2025-05-13,fold_7,Recent mixed/upturn,0.002758673159405589,1,0.008109462447464466,1,0.008109462447464466,0.21599626541137695,0.9999566078186035,1.4474488125415519e-05,2.8948976250831038e-05,1,81.09462447464466
2025-05-14,fold_7,Recent mixed/upturn,-0.00058921700110659,-1,-0.0003241990343667567,-1,0.0003241990343667567,0.21639060974121094,0.9999526739120483,1.5755362255731598e-05,3.1510724511463195e-05,1,3.2419903436675668
2025-05-15,fold_7,Recent mixed/upturn,-0.0012045998591929674,-1,0.0009625714155845344,1,-0.0009625714155845344,0.21521973609924316,0.9999450445175171,1.8317899957764894e-05,3.663579991552979e-05,0,-9.625714155845344
2025-05-16,fold_7,Recent mixed/upturn,-0.004805465694516897,-1,-0.0004587228177115321,-1,0.0004587228177115321,0.21577715873718262,0.9999490976333618,1.696779509074986e-05,3.393559018149972e-05,1,4.587228177115321
2025-05-19,fold_7,Recent mixed/upturn,-0.0006970398244448006,-1,0.004100138321518898,1,-0.004100138321518898,0.21079230308532715,0.9999507665634155,1.6401867469539866e-05,3.280373493907973e-05,0,-41.00138321518898
2025-05-20,fold_7,Recent mixed/upturn,-0.00042618997395038605,-1,0.004853827878832817,1,-0.004853827878832817,0.20491528511047363,0.9999783039093018,7.246336735988734e-06,1.4492673471977469e-05,0,-48.53827878832817
2025-05-21,fold_7,Recent mixed/upturn,0.002163275144994259,1,0.003829962108284235,1,0.003829962108284235,0.20953011512756348,0.9999439716339111,1.866574166342616e-05,3.733148332685232e-05,1,38.29962108284235
2025-05-22,fold_7,Recent mixed/upturn,-0.002041753614321351,-1,-0.004354733508080244,-1,0.004354733508080244,0.2147972583770752,0.9999392032623291,2.024965397140477e-05,4.049930794280954e-05,1,43.54733508080244
2025-05-23,fold_7,Recent mixed/upturn,0.004607734736055136,1,0.00806327536702156,1,0.00806327536702156,0.22459256649017334,0.9999657869338989,1.1384540812287014e-05,2.2769081624574028e-05,1,80.6327536702156
2025-05-27,fold_7,Recent mixed/upturn,-0.001898683258332312,-1,-0.004512133076786995,-1,0.004512133076786995,0.23011815547943115,0.9999779462814331,7.3548358159314375e-06,1.4709671631862875e-05,1,45.12133076786995
2025-05-28,fold_7,Recent mixed/upturn,-0.003911064937710762,-1,-0.009121845476329327,-1,0.009121845476329327,0.24133920669555664,0.9999651908874512,1.1592975170060527e-05,2.3185950340121053e-05,1,91.21845476329327
2025-05-29,fold_7,Recent mixed/upturn,0.0018647917313501239,1,0.012880357913672924,1,0.012880357913672924,0.2573280334472656,0.9999651908874512,1.15853690658696e-05,2.31707381317392e-05,1,128.80357913672924
2025-05-30,fold_7,Recent mixed/upturn,-0.001571755507029593,-1,-0.002202543430030346,-1,0.002202543430030346,0.2600972652435303,0.9999593496322632,1.355775475531118e-05,2.711550951062236e-05,1,22.02543430030346
2025-06-02,fold_7,Recent mixed/upturn,0.002714603440836072,1,0.008819226175546646,1,0.008819226175546646,0.27121031284332275,0.999976396560669,7.872959031374194e-06,1.5745918062748387e-05,1,88.19226175546646
2025-06-03,fold_7,Recent mixed/upturn,-0.0030521133448928595,-1,-0.006022475194185972,-1,0.006022475194185972,0.278866171836853,0.999967098236084,1.0979503713315353e-05,2.1959007426630706e-05,1,60.22475194185972
2025-06-04,fold_7,Recent mixed/upturn,0.0022179745137691498,1,0.0033009489998221397,1,0.0033009489998221397,0.2830876111984253,0.9999477863311768,1.740244624670595e-05,3.48048924934119e-05,1,33.0094899982214
2025-06-05,fold_7,Recent mixed/upturn,0.001736215315759182,1,0.0027832789346575737,1,0.0027832789346575737,0.2866588830947876,0.9999574422836304,1.4169887435855344e-05,2.8339774871710688e-05,1,27.832789346575737
2025-06-06,fold_7,Recent mixed/upturn,-0.0006011630757711828,-1,-0.004015539772808552,-1,0.004015539772808552,0.291825532913208,0.9999566078186035,1.447433987777913e-05,2.894867975555826e-05,1,40.15539772808552
2025-06-09,fold_7,Recent mixed/upturn,0.0013719502603635192,1,0.001771340030245483,1,0.001771340030245483,0.29411375522613525,0.9999568462371826,1.4383497727976646e-05,2.8766995455953293e-05,1,17.71340030245483
2025-06-10,fold_7,Recent mixed/upturn,-0.0002287652314407751,-1,0.0008235503337346017,1,-0.0008235503337346017,0.29304802417755127,0.9999527931213379,1.572003930050414e-05,3.144007860100828e-05,0,-8.235503337346017
2025-06-11,fold_7,Recent mixed/upturn,0.002330707386136055,1,0.006284058094024658,1,0.006284058094024658,0.3011735677719116,0.9999524354934692,1.5839092156966217e-05,3.1678184313932434e-05,1,62.84058094024658
2025-06-12,fold_7,Recent mixed/upturn,0.005352658685296774,1,0.007899755612015724,1,0.007899755612015724,0.3114525079727173,0.9999551773071289,1.492732553742826e-05,2.985465107485652e-05,1,78.99755612015724
2025-06-13,fold_7,Recent mixed/upturn,0.001605838187970221,1,-0.003755935002118349,-1,-0.003755935002118349,0.306526780128479,0.9999418258666992,1.937560591613874e-05,3.875121183227748e-05,0,-37.55935002118349
2025-06-16,fold_7,Recent mixed/upturn,0.00419390294700861,1,-0.0004620169347617775,-1,-0.0004620169347617775,0.3059232234954834,0.9999693632125854,1.0191166438744403e-05,2.0382332877488807e-05,0,-4.620169347617775
2025-06-17,fold_7,Recent mixed/upturn,-0.002425405429676175,-1,-0.005948005244135857,-1,0.005948005244135857,0.31369078159332275,0.99997878074646,7.0809801400173455e-06,1.4161960280034691e-05,1,59.480052441358566
2025-06-18,fold_7,Recent mixed/upturn,0.002188064157962799,1,-0.0004476588510442525,-1,-0.0004476588510442525,0.31310272216796875,0.9999518394470215,1.6064110241131857e-05,3.2128220482263714e-05,0,-4.476588510442525
2025-06-20,fold_7,Recent mixed/upturn,0.0018270958680659533,1,-0.0010350376833230257,-1,-0.0010350376833230257,0.3117436170578003,0.9999622106552124,1.2594493455253541e-05,2.5188986910507083e-05,0,-10.350376833230257
2025-06-23,fold_7,Recent mixed/upturn,0.002164309611544013,1,0.008536921814084053,1,0.008536921814084053,0.3229418992996216,0.9999382495880127,2.05867054319242e-05,4.11734108638484e-05,1,85.36921814084053
2025-06-24,fold_7,Recent mixed/upturn,0.0028833269607275724,1,0.0011379257775843143,1,0.0011379257775843143,0.3244473934173584,0.9999732971191406,8.896739018382505e-06,1.779347803676501e-05,1,11.379257775843143
2025-06-25,fold_7,Recent mixed/upturn,0.0025350884534418583,1,0.006157340481877327,1,0.006157340481877327,0.33260250091552734,0.9999676942825317,1.0767564162961207e-05,2.1535128325922415e-05,1,61.57340481877327
2025-06-26,fold_7,Recent mixed/upturn,0.0032443769741803408,1,0.0007249234477058053,1,0.0007249234477058053,0.3335685729980469,0.9999650716781616,1.163905380963115e-05,2.32781076192623e-05,1,7.249234477058053
2025-06-27,fold_7,Recent mixed/upturn,0.0011228102957829833,1,0.0030139251612126827,1,0.0030139251612126827,0.33758795261383057,0.9999659061431885,1.1351504326739814e-05,2.2703008653479628e-05,1,30.139251612126827
2025-06-30,fold_7,Recent mixed/upturn,0.004944668151438236,1,0.005092043429613113,1,0.005092043429613113,0.34439897537231445,0.9999597072601318,1.3441794180835132e-05,2.6883588361670263e-05,1,50.920434296131134
2025-07-01,fold_7,Recent mixed/upturn,0.0008731958805583417,1,0.0015583859058097005,1,0.0015583859058097005,0.34649407863616943,0.999956488609314,1.4491391084447969e-05,2.8982782168895938e-05,1,15.583859058097005
2025-07-02,fold_7,Recent mixed/upturn,0.0009409783524461091,1,-0.00044844072544947267,-1,-0.00044844072544947267,0.3458901643753052,0.9999505281448364,1.6482741557410918e-05,3.2965483114821836e-05,0,-4.484407254494727
2025-07-03,fold_7,Recent mixed/upturn,-0.0010104418033733964,-1,-0.0024366681464016438,-1,0.0024366681464016438,0.34916961193084717,0.999943733215332,1.876356873253826e-05,3.752713746507652e-05,1,24.366681464016438
2025-07-07,fold_7,Recent mixed/upturn,-0.002328791655600071,-1,-0.003755652578547597,-1,0.003755652578547597,0.3542367219924927,0.999948263168335,1.7257118088309653e-05,3.4514236176619306e-05,1,37.55652578547597
2025-07-08,fold_7,Recent mixed/upturn,1.9546225303201936e-05,1,-0.0010200783144682646,-1,-0.0010200783144682646,0.3528553247451782,0.9999628067016602,1.2385445188556332e-05,2.4770890377112664e-05,0,-10.200783144682646
2025-07-09,fold_7,Recent mixed/upturn,0.00038972077891230583,1,0.000563176698051393,1,0.000563176698051393,0.35361719131469727,0.999975323677063,8.22370384412352e-06,1.644740768824704e-05,1,5.63176698051393
2025-07-10,fold_7,Recent mixed/upturn,-0.0012470228830352426,-1,-0.002422562800347805,-1,0.002422562800347805,0.35689640045166016,0.9999592304229736,1.3574731383414473e-05,2.7149462766828947e-05,1,24.22562800347805
2025-07-11,fold_7,Recent mixed/upturn,0.00016179028898477554,1,-0.0017639847937971354,-1,-0.0017639847937971354,0.35450279712677,0.9999632835388184,1.2239655916346237e-05,2.4479311832692474e-05,0,-17.639847937971354
2025-07-14,fold_7,Recent mixed/upturn,-0.0009453515522181988,-1,-0.0013532100711017847,-1,0.0013532100711017847,0.35633575916290283,0.9999721050262451,9.28961526369676e-06,1.857923052739352e-05,1,13.532100711017847
2025-07-15,fold_7,Recent mixed/upturn,-0.004086850211024284,-1,-0.005049251951277256,-1,0.005049251951277256,0.36318421363830566,0.9999608993530273,1.3035594747634605e-05,2.607118949526921e-05,1,50.49251951277256
2025-07-16,fold_7,Recent mixed/upturn,-0.0005587625200860202,-1,0.002443466568365693,1,-0.002443466568365693,0.35985326766967773,0.9999624490737915,1.2515383787103929e-05,2.5030767574207857e-05,0,-24.43466568365693
2025-07-17,fold_7,Recent mixed/upturn,-0.003032992361113429,-1,-0.0017422791570425034,-1,0.0017422791570425034,0.36222243309020996,0.9999558925628662,1.4693295270262752e-05,2.9386590540525503e-05,1,17.422791570425034
2025-07-18,fold_7,Recent mixed/upturn,-0.0007496014586649835,-1,0.0013141727540642023,1,-0.0013141727540642023,0.3604322671890259,0.9999568462371826,1.4383551388164051e-05,2.8767102776328102e-05,0,-13.141727540642023
2025-07-22,fold_7,Recent mixed/upturn,0.003772216383367777,1,0.003815255593508482,1,0.003815255593508482,0.36562275886535645,0.9999749660491943,8.330645869136788e-06,1.6661291738273576e-05,1,38.15255593508482
2025-07-23,fold_7,Recent mixed/upturn,0.0023368687834590673,1,0.0029907028656452894,1,0.0029907028656452894,0.36970698833465576,0.9999423027038574,1.924038770084735e-05,3.84807754016947e-05,1,29.907028656452894
2025-07-24,fold_7,Recent mixed/upturn,-0.0006796009838581085,-1,-0.001540047349408269,-1,0.001540047349408269,0.37181639671325684,0.9999693632125854,1.0202174053119961e-05,2.0404348106239922e-05,1,15.40047349408269
2025-07-25,fold_7,Recent mixed/upturn,-0.0004957746132276952,-1,5.8711641031550243e-05,1,-5.8711641031550243e-05,0.3717358112335205,0.9999628067016602,1.2411994248395786e-05,2.482398849679157e-05,0,-0.5871164103155024
2025-07-28,fold_7,Recent mixed/upturn,-0.005246877670288086,-1,-0.013614622876048088,-1,0.013614622876048088,0.39041149616241455,0.9999520778656006,1.5963789337547496e-05,3.192757867509499e-05,1,136.14622876048088
2025-07-29,fold_7,Recent mixed/upturn,-0.0017629563808441162,-1,-0.003950425889343023,-1,0.003950425889343023,0.3959043025970459,0.9999324083328247,2.252008198411204e-05,4.504016396822408e-05,1,39.50425889343023
2025-07-30,fold_7,Recent mixed/upturn,-0.00390974897891283,-1,-0.010526402853429317,-1,0.010526402853429317,0.41059815883636475,0.9999302625656128,2.3246975615620613e-05,4.6493951231241226e-05,1,105.26402853429317
2025-07-31,fold_7,Recent mixed/upturn,-0.00045013343333266675,-1,-0.0004912575823254883,-1,0.0004912575823254883,0.41129112243652344,0.9999637603759766,1.207798868563259e-05,2.415597737126518e-05,1,4.912575823254883
2025-08-01,fold_7,Recent mixed/upturn,0.005470657255500555,1,0.014263281598687172,1,0.014263281598687172,0.43142080307006836,0.9999661445617676,1.1286284461675677e-05,2.2572568923351355e-05,1,142.63281598687172
2025-08-04,fold_7,Recent mixed/upturn,0.005141900386661291,1,-0.00022017340234015137,-1,-0.00022017340234015137,0.4311056137084961,0.9999375343322754,2.08002111321548e-05,4.16004222643096e-05,0,-2.2017340234015137
2025-08-05,fold_7,Recent mixed/upturn,0.0021571049001067877,1,-0.0004284036112949252,-1,-0.0004284036112949252,0.4304925203323364,0.9999567270278931,1.4431198906095233e-05,2.8862397812190466e-05,0,-4.284036112949252
2025-08-06,fold_7,Recent mixed/upturn,0.005876073148101568,1,0.007254479452967644,1,0.007254479452967644,0.4408700466156006,0.9999516010284424,1.613164749869611e-05,3.226329499739222e-05,1,72.54479452967644
2025-08-07,fold_7,Recent mixed/upturn,-0.0009246733970940113,-1,0.0011559956474229693,1,-0.0011559956474229693,0.43920445442199707,0.9999347925186157,2.1717029085266404e-05,4.343405817053281e-05,0,-11.559956474229693
2025-08-08,fold_7,Recent mixed/upturn,0.004066962283104658,1,-0.002457661321386695,-1,-0.002457661321386695,0.43566739559173584,0.9999303817749023,2.3199680072139017e-05,4.6399360144278035e-05,0,-24.57661321386695
2025-08-12,fold_7,Recent mixed/upturn,0.004483966156840324,1,0.005044498015195131,1,0.005044498015195131,0.4429095983505249,0.9999115467071533,2.9477370844688267e-05,5.895474168937653e-05,1,50.44498015195131
2025-08-13,fold_7,Recent mixed/upturn,0.0034525692462921143,1,0.003068778896704316,1,0.003068778896704316,0.44733762741088867,0.9999512434005737,1.6251964552793652e-05,3.2503929105587304e-05,1,30.68778896704316
2025-08-14,fold_7,Recent mixed/upturn,-0.0002756465401034802,-1,-0.005254701245576143,-1,0.005254701245576143,0.45494306087493896,0.9999257326126099,2.4764165573287755e-05,4.952833114657551e-05,1,52.54701245576143
2025-08-15,fold_7,Recent mixed/upturn,0.0027692564763128757,1,0.004741219338029623,1,0.004741219338029623,0.4618412256240845,0.999961256980896,1.2927336683787871e-05,2.5854673367575742e-05,1,47.41219338029623
2025-08-18,fold_7,Recent mixed/upturn,2.9387325412244536e-05,1,-0.003267246065661311,-1,-0.003267246065661311,0.4570651054382324,0.9999669790267944,1.0999266123690177e-05,2.1998532247380354e-05,0,-32.67246065661311
2025-08-19,fold_7,Recent mixed/upturn,0.0003721194516401738,1,-0.002212071092799306,-1,-0.002212071092799306,0.45384204387664795,0.9999555349349976,1.4828560779278632e-05,2.9657121558557265e-05,0,-22.12071092799306
2025-08-20,fold_7,Recent mixed/upturn,0.0018962249159812927,1,0.0007923034718260169,1,0.0007923034718260169,0.4549938440322876,0.9999674558639526,1.0844121788977645e-05,2.168824357795529e-05,1,7.923034718260169
2025-08-21,fold_7,Recent mixed/upturn,-0.003179309656843543,-1,-0.003321295604109764,-1,0.003321295604109764,0.45982635021209717,0.9999345541000366,2.179238072130829e-05,4.358476144261658e-05,1,33.21295604109764
2025-08-22,fold_7,Recent mixed/upturn,0.005959127098321915,1,0.008313816972076893,1,0.008313816972076893,0.4719630479812622,0.9999732971191406,8.899677595763933e-06,1.7799355191527866e-05,1,83.13816972076893
2025-08-25,fold_7,Recent mixed/upturn,-0.00575565779581666,-1,-0.007784397341310978,-1,0.007784397341310978,0.48342132568359375,0.9999487400054932,1.709588832454756e-05,3.419177664909512e-05,1,77.84397341310978
2025-08-26,fold_7,Recent mixed/upturn,-0.0006915429257787764,-1,0.001804178929887712,1,-0.001804178929887712,0.48074495792388916,0.9999439716339111,1.867542596301064e-05,3.735085192602128e-05,0,-18.04178929887712
2025-08-27,fold_7,Recent mixed/upturn,-0.0015154193388298154,-1,0.0007338296854868531,1,-0.0007338296854868531,0.4796583652496338,0.9999535083770752,1.5497331332881004e-05,3.099466266576201e-05,0,-7.338296854868531
2025-08-28,fold_7,Recent mixed/upturn,0.0006093361298553646,1,0.0028852694667875767,1,0.0028852694667875767,0.48392748832702637,0.9999642372131348,1.1926808838325087e-05,2.3853617676650174e-05,1,28.852694667875767
2025-08-29,fold_7,Recent mixed/upturn,0.0027410932816565037,1,0.0008769080741330981,1,0.0008769080741330981,0.4852287769317627,0.9999812841415405,6.250575097510591e-06,1.2501150195021182e-05,1,8.769080741330981
2025-09-02,fold_7,Recent mixed/upturn,-0.002958493772894144,-1,-0.006818667519837618,-1,0.006818667519837618,0.49535608291625977,0.999962329864502,1.2543461707537062e-05,2.5086923415074125e-05,1,68.18667519837618
2025-09-03,fold_7,Recent mixed/upturn,-0.0008390705334022641,-1,0.0020988616161048412,1,-0.0020988616161048412,0.4922175407409668,0.9999104738235474,2.9855966204195283e-05,5.971193240839057e-05,0,-20.988616161048412
2025-09-04,fold_7,Recent mixed/upturn,-0.002273299265652895,-1,-0.0003031234664376825,-1,0.0003031234664376825,0.492669939994812,0.9999653100967407,1.1540181731106713e-05,2.3080363462213427e-05,1,3.031234664376825
2025-09-05,fold_7,Recent mixed/upturn,0.002290756907314062,1,0.004825879819691181,1,0.004825879819691181,0.4998732805252075,0.9999517202377319,1.6083798982435837e-05,3.2167597964871675e-05,1,48.25879819691181
2025-09-08,fold_7,Recent mixed/upturn,-0.0006683058454655111,-1,0.00477817514911294,1,-0.00477817514911294,0.49270665645599365,0.9999359846115112,2.1320069208741188e-05,4.2640138417482376e-05,0,-47.7817514911294
2025-09-09,fold_7,Recent mixed/upturn,-0.002092695329338312,-1,-0.005640725139528513,-1,0.005640725139528513,0.5011266469955444,0.9999692440032959,1.0235075023956597e-05,2.0470150047913194e-05,1,56.40725139528513
2025-09-10,fold_7,Recent mixed/upturn,-0.0011387717677280307,-1,5.857199721504003e-05,1,-5.857199721504003e-05,0.501038670539856,0.9999560117721558,1.4647564057668205e-05,2.929512811533641e-05,0,-0.5857199721504003
2025-09-11,fold_7,Recent mixed/upturn,-0.0006218367489054799,-1,0.002675513969734311,1,-0.002675513969734311,0.4970226287841797,0.9999531507492065,1.5617781173205003e-05,3.1235562346410006e-05,0,-26.75513969734311
2025-09-12,fold_7,Recent mixed/upturn,-0.0007796234567649662,-1,-0.000703588651958853,-1,0.000703588651958853,0.49807584285736084,0.9999678134918213,1.072481791197788e-05,2.144963582395576e-05,1,7.03588651958853
2025-09-16,fold_7,Recent mixed/upturn,0.0035881362855434418,1,0.009152790531516075,1,0.009152790531516075,0.5117874145507812,0.9999812841415405,6.220067916729022e-06,1.2440135833458044e-05,1,91.52790531516075
2025-09-17,fold_7,Recent mixed/upturn,-0.0003415653482079506,-1,-0.003796270117163658,-1,0.003796270117163658,0.5175265073776245,0.9999363422393799,2.121458965120837e-05,4.242917930241674e-05,1,37.96270117163658
2025-09-18,fold_7,Recent mixed/upturn,-0.004218620248138905,-1,-0.0029830695129930973,-1,0.0029830695129930973,0.5220534801483154,0.9999692440032959,1.0240004485240206e-05,2.0480008970480412e-05,1,29.830695129930973
2025-09-19,fold_7,Recent mixed/upturn,-0.0029200452845543623,-1,-0.004589194897562265,-1,0.004589194897562265,0.5290384292602539,0.9999637603759766,1.2089035408280324e-05,2.417807081656065e-05,1,45.891948975622654
2025-09-22,fold_7,Recent mixed/upturn,-0.00014605923206545413,-1,0.005463925655931234,1,-0.005463925655931234,0.5206838846206665,0.9999535083770752,1.548211912449915e-05,3.09642382489983e-05,0,-54.639256559312344
2025-09-24,fold_7,Recent mixed/upturn,-0.0037213333416730165,-1,-0.005907559301704168,-1,0.005907559301704168,0.5296673774719238,0.9999666213989258,1.1139333764731418e-05,2.2278667529462837e-05,1,59.07559301704168
2025-09-25,fold_7,Recent mixed/upturn,-0.005154460668563843,-1,-0.006974319461733103,-1,0.006974319461733103,0.5403357744216919,0.9999638795852661,1.2028555829601828e-05,2.4057111659203656e-05,1,69.74319461733103
2025-09-26,fold_7,Recent mixed/upturn,0.0005632955580949783,1,0.0038988362066447735,1,0.0038988362066447735,0.5463413000106812,0.9999520778656006,1.596659785718657e-05,3.193319571437314e-05,1,38.988362066447735
2025-09-29,fold_7,Recent mixed/upturn,0.00014853980974294245,1,0.0019825738854706287,1,0.0019825738854706287,0.5494070053100586,0.9999641180038452,1.1946906852244865e-05,2.389381370448973e-05,1,19.825738854706287
