date,fold,regime,prediction,pred_direction,actual_return,actual_direction,strategy_return,cumulative_return,confidence,aleatoric,epistemic,correct,pnl_bps
2008-01-23,fold_1,Pre-crisis upturn + GFC onset,0.012145661748945713,1,0.009706642478704453,1,0.009706642478704453,0.009706616401672363,0.9999338388442993,2.2040207113604993e-05,4.4080414227209985e-05,1,97.06642478704453
2008-01-24,fold_1,Pre-crisis upturn + GFC onset,0.006961036007851362,1,-0.006706463638693094,-1,-0.006706463638693094,0.002935051918029785,0.9998553991317749,4.8215591959888116e-05,9.643118391977623e-05,0,-67.06463638693094
2008-01-25,fold_1,Pre-crisis upturn + GFC onset,0.004981215577572584,1,0.007704523392021656,1,0.007704523392021656,0.010662198066711426,0.999840497970581,5.3172323532635346e-05,0.00010634464706527069,1,77.04523392021656
2008-01-28,fold_1,Pre-crisis upturn + GFC onset,-0.0002240587054984644,-1,-0.001093094702810049,-1,0.001093094702810049,0.011767029762268066,0.9998379945755005,5.4001546232029796e-05,0.00010800309246405959,1,10.93094702810049
2008-01-29,fold_1,Pre-crisis upturn + GFC onset,0.0021108014043420553,1,0.004004329908639193,1,0.004004329908639193,0.015818476676940918,0.9998133778572083,6.221090006874874e-05,0.00012442180013749748,1,40.043299086391926
2008-01-30,fold_1,Pre-crisis upturn + GFC onset,0.008419093675911427,1,0.002289247466251254,1,0.002289247466251254,0.01814401149749756,0.9998798370361328,4.005025766673498e-05,8.010051533346996e-05,1,22.89247466251254
2008-01-31,fold_1,Pre-crisis upturn + GFC onset,0.014517255127429962,1,-0.004380703438073397,-1,-0.004380703438073397,0.013683795928955078,0.9998823404312134,3.9214872231241316e-05,7.842974446248263e-05,0,-43.80703438073397
2008-02-01,fold_1,Pre-crisis upturn + GFC onset,0.01071952935308218,1,0.001897936686873436,1,0.001897936686873436,0.015607714653015137,0.999850869178772,4.970825830241665e-05,9.94165166048333e-05,1,18.97936686873436
2008-02-04,fold_1,Pre-crisis upturn + GFC onset,0.014875068329274654,1,-0.012808330357074738,-1,-0.012808330357074738,0.002599477767944336,0.9999271631240845,2.4274937459267676e-05,4.854987491853535e-05,0,-128.08330357074738
2008-02-05,fold_1,Pre-crisis upturn + GFC onset,0.007140947040170431,1,-0.0014324913499876857,-1,-0.0014324913499876857,0.0011632442474365234,0.9998692274093628,4.358197838882916e-05,8.716395677765831e-05,0,-14.324913499876857
2008-02-06,fold_1,Pre-crisis upturn + GFC onset,0.012784448452293873,1,-0.009454712271690369,-1,-0.009454712271690369,-0.008302509784698486,0.9999064207077026,3.1188192224362865e-05,6.237638444872573e-05,0,-94.54712271690369
2008-02-07,fold_1,Pre-crisis upturn + GFC onset,0.01495219673961401,1,0.07542583346366882,1,0.07542583346366882,0.0664970874786377,0.9998568296432495,4.771830572281033e-05,9.543661144562066e-05,1,754.2583346366882
2008-02-08,fold_1,Pre-crisis upturn + GFC onset,0.005780994892120361,1,-0.06865246593952179,-1,-0.06865246593952179,-0.006720542907714844,0.999832272529602,5.591292574536055e-05,0.0001118258514907211,0,-686.5246593952179
2008-02-12,fold_1,Pre-crisis upturn + GFC onset,0.002676502801477909,1,-0.0017758844187483191,-1,-0.0017758844187483191,-0.008484482765197754,0.999885082244873,3.831073991023004e-05,7.662147982046008e-05,0,-17.75884418748319
2008-02-13,fold_1,Pre-crisis upturn + GFC onset,0.002587617142125964,1,0.006048077251762152,1,0.006048077251762152,-0.0024877190589904785,0.9998964071273804,3.4524531656643376e-05,6.904906331328675e-05,1,60.48077251762152
2008-02-14,fold_1,Pre-crisis upturn + GFC onset,0.0016705554444342852,1,0.002186686033383012,1,0.002186686033383012,-0.0003064870834350586,0.9999046325683594,3.179194391123019e-05,6.358388782246038e-05,1,21.866860333830118
2008-02-15,fold_1,Pre-crisis upturn + GFC onset,-0.0007836261647753417,-1,-0.0017726941732689738,-1,0.0017726941732689738,0.0014655590057373047,0.9998414516448975,5.285846418701112e-05,0.00010571692837402225,1,17.72694173268974
2008-02-19,fold_1,Pre-crisis upturn + GFC onset,0.004941519349813461,1,-0.0004710935172624886,-1,-0.0004710935172624886,0.0009937286376953125,0.9999014139175415,3.285087950644083e-05,6.570175901288167e-05,0,-4.710935172624886
2008-02-20,fold_1,Pre-crisis upturn + GFC onset,0.005333527456969023,1,0.006251954939216375,1,0.006251954939216375,0.007251858711242676,0.9998561143875122,4.796586654265411e-05,9.593173308530822e-05,1,62.51954939216375
2008-02-21,fold_1,Pre-crisis upturn + GFC onset,0.0035664313472807407,1,0.0007413247367367148,1,0.0007413247367367148,0.00799858570098877,0.9998694658279419,4.3517833546502516e-05,8.703566709300503e-05,1,7.413247367367148
2008-02-22,fold_1,Pre-crisis upturn + GFC onset,0.0134358499199152,1,0.0006675262120552361,1,0.0006675262120552361,0.00867152214050293,0.9998076558113098,6.414247036445886e-05,0.00012828494072891772,1,6.675262120552361
2008-02-25,fold_1,Pre-crisis upturn + GFC onset,0.026914162561297417,1,0.010797196999192238,1,0.010797196999192238,0.019562244415283203,0.9997805953025818,7.314857066376135e-05,0.0001462971413275227,1,107.97196999192238
2008-02-26,fold_1,Pre-crisis upturn + GFC onset,0.007460308261215687,1,0.008133538998663425,1,0.008133538998663425,0.02785491943359375,0.9996349811553955,0.00012169974070275202,0.00024339948140550405,1,81.33538998663425
2008-02-27,fold_1,Pre-crisis upturn + GFC onset,0.014826111495494843,1,0.005151412915438414,1,0.005151412915438414,0.0331498384475708,0.9997681975364685,7.72899147705175e-05,0.000154579829541035,1,51.514129154384136
2008-02-28,fold_1,Pre-crisis upturn + GFC onset,0.008746658451855183,1,-0.00025825100601650774,-1,-0.00025825100601650774,0.03288304805755615,0.9997733235359192,7.55756045691669e-05,0.0001511512091383338,0,-2.5825100601650774
2008-02-29,fold_1,Pre-crisis upturn + GFC onset,0.010634268634021282,1,0.0005320152267813683,1,0.0005320152267813683,0.033432602882385254,0.9998953342437744,3.4891796531155705e-05,6.978359306231141e-05,1,5.320152267813683
2008-03-03,fold_1,Pre-crisis upturn + GFC onset,0.004961179103702307,1,0.0006540778558701277,1,0.0006540778558701277,0.034108519554138184,0.9997782111167908,7.393236592179164e-05,0.00014786473184358329,1,6.540778558701277
2008-03-04,fold_1,Pre-crisis upturn + GFC onset,0.006453053560107946,1,0.00439975643530488,1,0.00439975643530488,0.03865838050842285,0.9997101426124573,9.6638104878366e-05,0.000193276209756732,1,43.9975643530488
2008-03-05,fold_1,Pre-crisis upturn + GFC onset,0.009010105393826962,1,0.007077113725244999,1,0.007077113725244999,0.046009063720703125,0.99986732006073,4.4235126551939175e-05,8.847025310387835e-05,1,70.77113725244999
2008-03-06,fold_1,Pre-crisis upturn + GFC onset,0.004388976376503706,1,-0.00318984710611403,-1,-0.00318984710611403,0.04267239570617676,0.9998161196708679,6.129203393356875e-05,0.0001225840678671375,0,-31.8984710611403
2008-03-07,fold_1,Pre-crisis upturn + GFC onset,0.0020336841698735952,1,0.00032211976940743625,1,0.00032211976940743625,0.04300820827484131,0.9998964071273804,3.454673060332425e-05,6.90934612066485e-05,1,3.2211976940743625
2008-03-10,fold_1,Pre-crisis upturn + GFC onset,-0.0001131104290834628,-1,6.13881929893978e-05,1,-6.13881929893978e-05,0.04294419288635254,0.9999207258224487,2.6433903258293867e-05,5.2867806516587734e-05,0,-0.6138819298939779
2008-03-11,fold_1,Pre-crisis upturn + GFC onset,-0.0068693445064127445,-1,0.012913729064166546,1,-0.012913729064166546,0.029475927352905273,0.9998995065689087,3.34866126650013e-05,6.69732253300026e-05,0,-129.13729064166546
2008-03-12,fold_1,Pre-crisis upturn + GFC onset,-0.005165697541087866,-1,0.005280183628201485,1,-0.005280183628201485,0.0240401029586792,0.9998770952224731,4.098395584151149e-05,8.196791168302298e-05,0,-52.80183628201485
2008-03-13,fold_1,Pre-crisis upturn + GFC onset,0.0007676775567233562,1,-0.0002654764102771878,-1,-0.0002654764102771878,0.023768186569213867,0.9998953342437744,3.4894324926426634e-05,6.978864985285327e-05,0,-2.6547641027718782
2008-03-14,fold_1,Pre-crisis upturn + GFC onset,-0.005476072430610657,-1,0.008330723270773888,1,-0.008330723270773888,0.015239477157592773,0.9998984336853027,3.3866970625240356e-05,6.773394125048071e-05,0,-83.30723270773888
2008-03-17,fold_1,Pre-crisis upturn + GFC onset,0.00045467299059964716,1,-0.00571519136428833,-1,-0.00571519136428833,0.009437203407287598,0.9997939467430115,6.869545904919505e-05,0.0001373909180983901,0,-57.1519136428833
2008-03-18,fold_1,Pre-crisis upturn + GFC onset,-0.0048500667326152325,-1,-0.001219803118146956,-1,0.001219803118146956,0.010668516159057617,0.9998786449432373,4.0432099922327325e-05,8.086419984465465e-05,1,12.19803118146956
2008-03-19,fold_1,Pre-crisis upturn + GFC onset,-0.004924251697957516,-1,-0.012585368938744068,-1,0.012585368938744068,0.023388147354125977,0.9999662637710571,1.12411526060896e-05,2.24823052121792e-05,1,125.85368938744068
2008-03-24,fold_1,Pre-crisis upturn + GFC onset,-0.00840668473392725,-1,0.011474939994513988,1,-0.011474939994513988,0.011644840240478516,0.9998670816421509,4.4293792598182335e-05,8.858758519636467e-05,0,-114.74939994513988
2008-03-25,fold_1,Pre-crisis upturn + GFC onset,-0.01021423190832138,-1,0.013576983474195004,1,-0.013576983474195004,-0.002090275287628174,0.9999120235443115,2.93342127406504e-05,5.86684254813008e-05,0,-135.76983474195004
2008-03-26,fold_1,Pre-crisis upturn + GFC onset,-0.010626367293298244,-1,-0.0006325822323560715,-1,0.0006325822323560715,-0.0014590620994567871,0.999736487865448,8.785557292867452e-05,0.00017571114585734904,1,6.325822323560715
2008-03-27,fold_1,Pre-crisis upturn + GFC onset,-0.00822873879224062,-1,-0.0033570618834346533,-1,0.0033570618834346533,0.0018930435180664062,0.9998418092727661,5.271552799968049e-05,0.00010543105599936098,1,33.57061883434653
2008-03-28,fold_1,Pre-crisis upturn + GFC onset,-0.0035764724016189575,-1,-0.00018908978381659836,-1,0.00018908978381659836,0.0020824670791625977,0.9997594952583313,8.018968946998939e-05,0.00016037937893997878,1,1.8908978381659836
2008-03-31,fold_1,Pre-crisis upturn + GFC onset,0.0022298197727650404,1,-0.005079609341919422,-1,-0.005079609341919422,-0.0030077099800109863,0.9997894167900085,7.022830686764792e-05,0.00014045661373529583,0,-50.79609341919422
2008-04-02,fold_1,Pre-crisis upturn + GFC onset,0.009497959166765213,1,-0.0006893464596942067,-1,-0.0006893464596942067,-0.0036949515342712402,0.9998488426208496,5.037769733462483e-05,0.00010075539466924965,0,-6.893464596942067
2008-04-03,fold_1,Pre-crisis upturn + GFC onset,0.009384585544466972,1,0.0044534835033118725,1,0.0044534835033118725,0.0007420778274536133,0.9997897744178772,7.00726595823653e-05,0.0001401453191647306,1,44.534835033118725
2008-04-04,fold_1,Pre-crisis upturn + GFC onset,0.009399952366948128,1,-0.0020259751472622156,-1,-0.0020259751472622156,-0.0012853741645812988,0.9998995065689087,3.3504024031572044e-05,6.700804806314409e-05,0,-20.259751472622156
2008-04-07,fold_1,Pre-crisis upturn + GFC onset,0.00037747371243312955,1,-0.00808490440249443,-1,-0.00808490440249443,-0.009359896183013916,0.9998849630355835,3.833458686131053e-05,7.666917372262105e-05,0,-80.8490440249443
2008-04-08,fold_1,Pre-crisis upturn + GFC onset,0.006941716652363539,1,0.01579233817756176,1,0.01579233817756176,0.0062847137451171875,0.999929666519165,2.3460883312509395e-05,4.692176662501879e-05,1,157.9233817756176
2008-04-09,fold_1,Pre-crisis upturn + GFC onset,0.009059610776603222,1,-0.005179158411920071,-1,-0.005179158411920071,0.001073002815246582,0.9999029636383057,3.234675750718452e-05,6.469351501436904e-05,0,-51.79158411920071
2008-04-10,fold_1,Pre-crisis upturn + GFC onset,0.010201453231275082,1,0.005078901536762714,1,0.005078901536762714,0.006157398223876953,0.9998801946640015,3.99361779273022e-05,7.98723558546044e-05,1,50.789015367627144
2008-04-11,fold_1,Pre-crisis upturn + GFC onset,0.013986370526254177,1,0.00018986649229191244,1,0.00018986649229191244,0.0063484907150268555,0.9998836517333984,3.877696508425288e-05,7.755393016850576e-05,1,1.8986649229191244
2008-04-14,fold_1,Pre-crisis upturn + GFC onset,0.009060734882950783,1,-0.002462598029524088,-1,-0.002462598029524088,0.003870248794555664,0.9998950958251953,3.496131466818042e-05,6.992262933636084e-05,0,-24.62598029524088
2008-04-15,fold_1,Pre-crisis upturn + GFC onset,0.004849047865718603,1,0.010899379849433899,1,0.010899379849433899,0.014811873435974121,0.9998026490211487,6.578665488632396e-05,0.00013157330977264792,1,108.99379849433899
2008-04-16,fold_1,Pre-crisis upturn + GFC onset,-0.002490352839231491,-1,-0.0035143231507390738,-1,0.0035143231507390738,0.018378257751464844,0.99986732006073,4.4216711103217676e-05,8.843342220643535e-05,1,35.14323150739074
2008-04-17,fold_1,Pre-crisis upturn + GFC onset,0.0020782039500772953,1,-0.010573179461061954,-1,-0.010573179461061954,0.007610678672790527,0.9998934268951416,3.551839472493157e-05,7.103678944986314e-05,0,-105.73179461061954
2008-04-18,fold_1,Pre-crisis upturn + GFC onset,0.003981450106948614,1,0.011313356459140778,1,0.011313356459140778,0.019010066986083984,0.9998158812522888,6.139520701253787e-05,0.00012279041402507573,1,113.13356459140778
2008-04-21,fold_1,Pre-crisis upturn + GFC onset,0.0024561681784689426,1,0.004780459683388472,1,0.004780459683388472,0.02388131618499756,0.9997460246086121,8.468557643936947e-05,0.00016937115287873894,1,47.804596833884716
2008-04-22,fold_1,Pre-crisis upturn + GFC onset,0.010226620361208916,1,-0.007127514574676752,-1,-0.007127514574676752,0.016583561897277832,0.9997817873954773,7.274268864421174e-05,0.00014548537728842348,0,-71.27514574676752
2008-04-23,fold_1,Pre-crisis upturn + GFC onset,0.004359010141342878,1,-0.011966871097683907,-1,-0.011966871097683907,0.0044182538986206055,0.9997579455375671,8.071716729318723e-05,0.00016143433458637446,0,-119.66871097683907
2008-04-24,fold_1,Pre-crisis upturn + GFC onset,0.005167714320123196,1,-0.0030023385770618916,-1,-0.0030023385770618916,0.0014026165008544922,0.999835729598999,5.474985664477572e-05,0.00010949971328955144,0,-30.023385770618916
2008-04-25,fold_1,Pre-crisis upturn + GFC onset,0.0024691044818609953,1,0.0010174394119530916,1,0.0010174394119530916,0.0024214982986450195,0.9998087286949158,6.377386307576671e-05,0.00012754772615153342,1,10.174394119530916
2008-04-28,fold_1,Pre-crisis upturn + GFC onset,0.007255000527948141,1,-0.0054796477779746056,-1,-0.0054796477779746056,-0.003071427345275879,0.9997989535331726,6.702617247356102e-05,0.00013405234494712204,0,-54.796477779746056
2008-04-30,fold_1,Pre-crisis upturn + GFC onset,0.006155801471322775,1,-0.012038466520607471,-1,-0.012038466520607471,-0.015072941780090332,0.9997522234916687,8.262613118859008e-05,0.00016525226237718016,0,-120.38466520607471
2008-05-02,fold_1,Pre-crisis upturn + GFC onset,0.01130925677716732,1,0.00415347795933485,1,0.00415347795933485,-0.010982036590576172,0.9999252557754517,2.490313272573985e-05,4.98062654514797e-05,1,41.5347795933485
2008-05-07,fold_1,Pre-crisis upturn + GFC onset,0.015529239550232887,1,0.005134144332259893,1,0.005134144332259893,-0.0059043169021606445,0.9996893405914307,0.00010358331201132387,0.00020716662402264774,1,51.341443322598934
2008-05-08,fold_1,Pre-crisis upturn + GFC onset,0.0113382488489151,1,0.0016728068003430963,1,0.0016728068003430963,-0.004241347312927246,0.99981290102005,6.239884532988071e-05,0.00012479769065976143,1,16.728068003430963
2008-05-09,fold_1,Pre-crisis upturn + GFC onset,0.005051360931247473,1,0.0032323605846613646,1,0.0032323605846613646,-0.0010226964950561523,0.9998656511306763,4.477700713323429e-05,8.955401426646858e-05,1,32.323605846613646
2008-05-12,fold_1,Pre-crisis upturn + GFC onset,-0.0032902576494961977,-1,-0.004055029712617397,-1,0.004055029712617397,0.0030281543731689453,0.999826967716217,5.770216739620082e-05,0.00011540433479240164,1,40.55029712617397
2008-05-13,fold_1,Pre-crisis upturn + GFC onset,-0.007645831909030676,-1,-0.0005104347947053611,-1,0.0005104347947053611,0.0035401582717895508,0.999809205532074,6.362972635542974e-05,0.00012725945271085948,1,5.104347947053611
2008-05-14,fold_1,Pre-crisis upturn + GFC onset,-0.0030486159957945347,-1,-0.001174283679574728,-1,0.001174283679574728,0.004718661308288574,0.9996817111968994,0.0001061402217601426,0.0002122804435202852,1,11.74283679574728
2008-05-15,fold_1,Pre-crisis upturn + GFC onset,-0.006559634115546942,-1,0.009388802573084831,1,-0.009388802573084831,-0.0047144293785095215,0.9997619986534119,7.933506276458502e-05,0.00015867012552917004,0,-93.88802573084831
2008-05-16,fold_1,Pre-crisis upturn + GFC onset,-0.010037421248853207,-1,-0.0043633379973471165,-1,0.0043633379973471165,-0.00037169456481933594,0.9997819066047668,7.271528011187911e-05,0.00014543056022375822,1,43.633379973471165
2008-05-19,fold_1,Pre-crisis upturn + GFC onset,0.003042241558432579,1,0.008124498650431633,1,0.008124498650431633,0.007749795913696289,0.9998117089271545,6.276165368035436e-05,0.0001255233073607087,1,81.24498650431633
2008-05-20,fold_1,Pre-crisis upturn + GFC onset,-0.0029990067705512047,-1,0.00855705700814724,1,-0.00855705700814724,-0.0008736252784729004,0.9998255372047424,5.818900899612345e-05,0.0001163780179922469,0,-85.5705700814724
2008-05-21,fold_1,Pre-crisis upturn + GFC onset,-0.002863392699509859,-1,-0.003555349772796035,-1,0.003555349772796035,0.002678513526916504,0.9998725652694702,4.245707896188833e-05,8.491415792377666e-05,1,35.55349772796035
2008-05-22,fold_1,Pre-crisis upturn + GFC onset,0.003925291821360588,1,0.003377990797162056,1,0.003377990797162056,0.0060656070709228516,0.9998592138290405,4.6929555537644774e-05,9.385911107528955e-05,1,33.77990797162056
2008-05-23,fold_1,Pre-crisis upturn + GFC onset,0.005829876754432917,1,-0.0003629504353739321,-1,-0.0003629504353739321,0.005700469017028809,0.999871015548706,4.298589556128718e-05,8.597179112257436e-05,0,-3.6295043537393212
2008-05-27,fold_1,Pre-crisis upturn + GFC onset,0.007819133810698986,1,-0.0022230539470911026,-1,-0.0022230539470911026,0.0034646987915039062,0.999729335308075,9.022686572279781e-05,0.00018045373144559562,0,-22.230539470911026
2008-05-28,fold_1,Pre-crisis upturn + GFC onset,0.0071756416000425816,1,-0.00881433766335249,-1,-0.00881433766335249,-0.005380153656005859,0.9998327493667603,5.574350507231429e-05,0.00011148701014462858,0,-88.1433766335249
2008-05-29,fold_1,Pre-crisis upturn + GFC onset,0.0089558782055974,1,0.0014764738734811544,1,0.0014764738734811544,-0.00391155481338501,0.9998501539230347,4.9933529226109385e-05,9.986705845221877e-05,1,14.764738734811544
2008-05-30,fold_1,Pre-crisis upturn + GFC onset,0.011178423650562763,1,0.0003264624683652073,1,0.0003264624683652073,-0.003586292266845703,0.9998132586479187,6.227436824701726e-05,0.00012454873649403453,1,3.264624683652073
2008-06-02,fold_1,Pre-crisis upturn + GFC onset,0.013113820925354958,1,-0.0061646453104913235,-1,-0.0061646453104913235,-0.009728848934173584,0.9999196529388428,2.6762221750686876e-05,5.352444350137375e-05,0,-61.646453104913235
2008-06-03,fold_1,Pre-crisis upturn + GFC onset,0.009638304822146893,1,-0.001142001012340188,-1,-0.001142001012340188,-0.010859787464141846,0.999919056892395,2.6980684197042137e-05,5.3961368394084275e-05,0,-11.42001012340188
2008-06-04,fold_1,Pre-crisis upturn + GFC onset,0.0073205712251365185,1,0.010132720693945885,1,0.010132720693945885,-0.0008371472358703613,0.9998738765716553,4.204774086247198e-05,8.409548172494397e-05,1,101.32720693945885
2008-06-05,fold_1,Pre-crisis upturn + GFC onset,0.010013013146817684,1,0.012580753304064274,1,0.012580753304064274,0.011733055114746094,0.9999022483825684,3.2590327464276925e-05,6.518065492855385e-05,1,125.80753304064274
2008-06-06,fold_1,Pre-crisis upturn + GFC onset,0.004290175624191761,1,-0.008963803760707378,-1,-0.008963803760707378,0.0026640892028808594,0.9998666048049927,4.4445750972954556e-05,8.889150194590911e-05,0,-89.63803760707378
2008-06-09,fold_1,Pre-crisis upturn + GFC onset,0.001774494769051671,1,-0.011474243365228176,-1,-0.011474243365228176,-0.008840739727020264,0.9998835325241089,3.880432268488221e-05,7.760864536976442e-05,0,-114.74243365228176
2008-06-10,fold_1,Pre-crisis upturn + GFC onset,0.0011473092017695308,1,0.006067509297281504,1,0.006067509297281504,-0.002826869487762451,0.9999113082885742,2.957169090223033e-05,5.914338180446066e-05,1,60.67509297281504
2008-06-11,fold_1,Pre-crisis upturn + GFC onset,0.0010281343711540103,1,-0.006230826023966074,-1,-0.006230826023966074,-0.00904005765914917,0.9998798370361328,4.0038165025180206e-05,8.007633005036041e-05,0,-62.30826023966074
2008-06-12,fold_1,Pre-crisis upturn + GFC onset,0.011941066943109035,1,-0.005947754718363285,-1,-0.005947754718363285,-0.014934062957763672,0.9998533725738525,4.889176125288941e-05,9.778352250577882e-05,0,-59.47754718363285
2008-06-13,fold_1,Pre-crisis upturn + GFC onset,0.01042450126260519,1,0.006823988631367683,1,0.006823988631367683,-0.008211970329284668,0.9998302459716797,5.6592889450257644e-05,0.00011318577890051529,1,68.23988631367683
2008-06-16,fold_1,Pre-crisis upturn + GFC onset,0.0066703082993626595,1,0.0031044406350702047,1,0.0031044406350702047,-0.00513303279876709,0.9997895359992981,7.019004260655493e-05,0.00014038008521310985,1,31.044406350702047
2008-06-17,fold_1,Pre-crisis upturn + GFC onset,0.01717670075595379,1,0.0010409550741314888,1,0.0010409550741314888,-0.004097461700439453,0.9998231530189514,5.897942173760384e-05,0.00011795884347520769,1,10.409550741314888
2008-06-18,fold_1,Pre-crisis upturn + GFC onset,0.018092576414346695,1,-0.0018145984504371881,-1,-0.0018145984504371881,-0.0059046149253845215,0.9998561143875122,4.794829146703705e-05,9.58965829340741e-05,0,-18.14598450437188
2008-06-19,fold_1,Pre-crisis upturn + GFC onset,0.018740272149443626,1,0.0076107727363705635,1,0.0076107727363705635,0.0016613006591796875,0.9999409914016724,1.9683227947098203e-05,3.9366455894196406e-05,1,76.10772736370564
2008-06-20,fold_1,Pre-crisis upturn + GFC onset,0.003009059699252248,1,-0.00672138063237071,-1,-0.00672138063237071,-0.00507122278213501,0.9998970031738281,3.4341774153290316e-05,6.868354830658063e-05,0,-67.2138063237071
2008-06-23,fold_1,Pre-crisis upturn + GFC onset,0.0076011731289327145,1,0.0030361225362867117,1,0.0030361225362867117,-0.002050459384918213,0.9998053908348083,6.490078521892428e-05,0.00012980157043784857,1,30.361225362867117
2008-06-24,fold_1,Pre-crisis upturn + GFC onset,0.011502513661980629,1,0.006677090656012297,1,0.006677090656012297,0.004612922668457031,0.9998619556427002,4.6026416384847835e-05,9.205283276969567e-05,1,66.77090656012297
2008-06-25,fold_1,Pre-crisis upturn + GFC onset,0.0038634524680674076,1,0.005040960386395454,1,0.005040960386395454,0.00967717170715332,0.9998724460601807,4.252835060469806e-05,8.505670120939612e-05,1,50.409603863954544
2008-06-26,fold_1,Pre-crisis upturn + GFC onset,0.007127969991415739,1,0.0,1,0.0,0.00967717170715332,0.9998519420623779,4.9345904699293897e-05,9.869180939858779e-05,0,0.0
2008-06-27,fold_1,Pre-crisis upturn + GFC onset,0.007628156337887049,1,-0.00018895813263952732,-1,-0.00018895813263952732,0.00948643684387207,0.9998972415924072,3.4247546864207834e-05,6.849509372841567e-05,0,-1.8895813263952732
2010-01-19,fold_2,Post-crash recovery,-0.0005894700298085809,-1,-0.011951462365686893,-1,0.011951462365686893,0.011951446533203125,0.99992835521698,2.389188011875376e-05,4.778376023750752e-05,1,119.51462365686893
2010-01-20,fold_2,Post-crash recovery,-0.001608257181942463,-1,-0.0009444424649700522,-1,0.0009444424649700522,0.012907266616821289,0.9998688697814941,4.3686904973583296e-05,8.737380994716659e-05,1,9.444424649700522
2010-01-21,fold_2,Post-crash recovery,-0.005567781627178192,-1,0.003125128336250782,1,-0.003125128336250782,0.009741783142089844,0.9998751878738403,4.160723619861528e-05,8.321447239723057e-05,0,-31.25128336250782
2010-01-22,fold_2,Post-crash recovery,-0.007867950946092606,-1,0.0006368025206029415,1,-0.0006368025206029415,0.00909876823425293,0.999849796295166,5.0075770559487864e-05,0.00010015154111897573,0,-6.368025206029415
2010-01-25,fold_2,Post-crash recovery,-0.004964802414178848,-1,-0.004788059741258621,-1,0.004788059741258621,0.013930320739746094,0.9998249411582947,5.835868796566501e-05,0.00011671737593133003,1,47.88059741258621
2010-01-26,fold_2,Post-crash recovery,0.007915141060948372,1,-0.003648065496236086,-1,-0.003648065496236086,0.010231494903564453,0.999925971031189,2.46900617639767e-05,4.93801235279534e-05,0,-36.48065496236086
2010-01-27,fold_2,Post-crash recovery,-0.003526440355926752,-1,-0.004483596887439489,-1,0.004483596887439489,0.014760971069335938,0.9999001026153564,3.329956598463468e-05,6.659913196926937e-05,1,44.835968874394894
2010-01-28,fold_2,Post-crash recovery,-0.001228701206855476,-1,-0.0072386483661830425,-1,0.0072386483661830425,0.022106409072875977,0.9998846054077148,3.846394247375429e-05,7.692788494750857e-05,1,72.38648366183043
2010-01-29,fold_2,Post-crash recovery,-0.0037263960111886263,-1,0.0043313405476510525,1,-0.0043313405476510525,0.017679333686828613,0.9999067783355713,3.108253076788969e-05,6.216506153577939e-05,0,-43.313405476510525
2010-02-01,fold_2,Post-crash recovery,0.0037477687001228333,1,0.0035359642934054136,1,0.0035359642934054136,0.021277785301208496,0.9998533725738525,4.888608236797154e-05,9.777216473594308e-05,1,35.359642934054136
2010-02-02,fold_2,Post-crash recovery,0.00489667896181345,1,-0.0053796786814928055,-1,-0.0053796786814928055,0.01578366756439209,0.9998552799224854,4.823607741855085e-05,9.64721548371017e-05,0,-53.796786814928055
2010-02-03,fold_2,Post-crash recovery,0.005579388700425625,1,-0.01122969388961792,-1,-0.01122969388961792,0.004376769065856934,0.9998679161071777,4.403263301355764e-05,8.806526602711529e-05,0,-112.2969388961792
2010-02-04,fold_2,Post-crash recovery,-0.0009651521104387939,-1,-0.004719560965895653,-1,0.004719560965895653,0.0091170072555542,0.9998762607574463,4.124976112507284e-05,8.249952225014567e-05,1,47.19560965895653
2010-02-05,fold_2,Post-crash recovery,-0.00111719174310565,-1,-0.0018570575630292296,-1,0.0018570575630292296,0.01099097728729248,0.9999133348464966,2.8870932510471903e-05,5.7741865020943806e-05,1,18.570575630292296
2010-02-08,fold_2,Post-crash recovery,0.000356621399987489,1,0.009330499917268753,1,0.009330499917268753,0.0204240083694458,0.9999018907546997,3.268801447120495e-05,6.53760289424099e-05,1,93.30499917268753
2010-02-09,fold_2,Post-crash recovery,0.002084930194541812,1,-0.0020905188284814358,-1,-0.0020905188284814358,0.01829075813293457,0.9999172687530518,2.7576807042350993e-05,5.5153614084701985e-05,0,-20.905188284814358
2010-02-10,fold_2,Post-crash recovery,-0.00028339074924588203,-1,-0.005199064500629902,-1,0.005199064500629902,0.023584961891174316,0.9999293088912964,2.35608167713508e-05,4.71216335427016e-05,1,51.99064500629902
2010-02-12,fold_2,Post-crash recovery,0.0019111596047878265,1,-0.0023396951146423817,-1,-0.0023396951146423817,0.02119004726409912,0.9999186992645264,2.709168620640412e-05,5.418337241280824e-05,0,-23.396951146423817
2010-02-16,fold_2,Post-crash recovery,-0.0008292419952340424,-1,-0.01163397915661335,-1,0.01163397915661335,0.03307056427001953,0.9999086856842041,3.0426985176745802e-05,6.0853970353491604e-05,1,116.3397915661335
2010-02-17,fold_2,Post-crash recovery,-0.003196261590346694,-1,-0.010688421316444874,-1,0.010688421316444874,0.044112443923950195,0.9999082088470459,3.0600742320530117e-05,6.120148464106023e-05,1,106.88421316444874
2010-02-18,fold_2,Post-crash recovery,-0.004129144828766584,-1,0.011409442871809006,1,-0.011409442871809006,0.032199740409851074,0.9998750686645508,4.1644849261501804e-05,8.328969852300361e-05,0,-114.09442871809006
2010-02-19,fold_2,Post-crash recovery,0.0006851288489997387,1,-0.0006938879960216582,-1,-0.0006938879960216582,0.03148353099822998,0.9999079704284668,3.066905264859088e-05,6.133810529718176e-05,0,-6.938879960216582
2010-02-22,fold_2,Post-crash recovery,-0.006883733905851841,-1,-0.005776017438620329,-1,0.005776017438620329,0.037441372871398926,0.9998745918273926,4.178659582976252e-05,8.357319165952504e-05,1,57.76017438620329
2010-02-23,fold_2,Post-crash recovery,-0.00491618225350976,-1,0.001191824907436967,1,-0.001191824907436967,0.03620493412017822,0.9998648166656494,4.504273601924069e-05,9.008547203848138e-05,0,-11.918249074369669
2010-02-24,fold_2,Post-crash recovery,-0.0028799432329833508,-1,-0.000527954485733062,-1,0.000527954485733062,0.03675198554992676,0.9997970461845398,6.76707350066863e-05,0.0001353414700133726,1,5.27954485733062
2010-02-25,fold_2,Post-crash recovery,-0.00441660126671195,-1,0.007020008284598589,1,-0.007020008284598589,0.02947402000427246,0.999881386756897,3.954711428377777e-05,7.909422856755555e-05,0,-70.20008284598589
2010-02-26,fold_2,Post-crash recovery,-0.0022584625985473394,-1,-0.005058620125055313,-1,0.005058620125055313,0.03468179702758789,0.9999265670776367,2.4466622562613338e-05,4.8933245125226676e-05,1,50.58620125055313
2010-03-01,fold_2,Post-crash recovery,-0.0006957510486245155,-1,0.004317773040384054,1,-0.004317773040384054,0.030214309692382812,0.9997877478599548,7.07489307387732e-05,0.0001414978614775464,0,-43.17773040384054
2010-03-02,fold_2,Post-crash recovery,-0.0040849344804883,-1,0.005946443881839514,1,-0.005946443881839514,0.024088144302368164,0.9998313188552856,5.6205961300292984e-05,0.00011241192260058597,0,-59.46443881839514
2010-03-03,fold_2,Post-crash recovery,0.0015927590429782867,1,-0.00858509074896574,-1,-0.00858509074896574,0.015296220779418945,0.9998072981834412,6.423845479730517e-05,0.00012847690959461033,0,-85.8509074896574
2010-03-04,fold_2,Post-crash recovery,0.0058344691060483456,1,0.003311865497380495,1,0.003311865497380495,0.018658757209777832,0.9998893737792969,3.6861554690403864e-05,7.372310938080773e-05,1,33.11865497380495
2010-03-05,fold_2,Post-crash recovery,0.007634665351361036,1,-0.0008851704187691212,-1,-0.0008851704187691212,0.017757058143615723,0.999893069267273,3.563954305718653e-05,7.127908611437306e-05,0,-8.851704187691212
2010-03-08,fold_2,Post-crash recovery,0.00801320094615221,1,-0.0007347645587287843,-1,-0.0007347645587287843,0.017009258270263672,0.9997490048408508,8.370112482225522e-05,0.00016740224964451045,0,-7.347645587287843
2010-03-09,fold_2,Post-crash recovery,0.0035828971303999424,1,0.002674186136573553,1,0.002674186136573553,0.019729018211364746,0.9998470544815063,5.0959304644493386e-05,0.00010191860928898677,1,26.74186136573553
2010-03-10,fold_2,Post-crash recovery,0.008487987332046032,1,0.0030791175086051226,1,0.0030791175086051226,0.022868990898132324,0.9998564720153809,4.782672112924047e-05,9.565344225848094e-05,1,30.791175086051226
2010-03-11,fold_2,Post-crash recovery,-0.0011142973089590669,-1,0.006182710640132427,1,-0.006182710640132427,0.016544818878173828,0.9998210072517395,5.969617632217705e-05,0.0001193923526443541,0,-61.82710640132427
2010-03-12,fold_2,Post-crash recovery,-0.0007376926369033754,-1,-0.006715663243085146,-1,0.006715663243085146,0.023371577262878418,0.9998912811279297,3.6224268114892766e-05,7.244853622978553e-05,1,67.15663243085146
2010-03-15,fold_2,Post-crash recovery,0.0007179941167123616,1,0.006677919998764992,1,0.006677919998764992,0.030205488204956055,0.999923586845398,2.545846473367419e-05,5.091692946734838e-05,1,66.77919998764992
2010-03-16,fold_2,Post-crash recovery,0.005272977985441685,1,-0.0022119286004453897,-1,-0.0022119286004453897,0.02792680263519287,0.9998038411140442,6.541625771205872e-05,0.00013083251542411745,0,-22.119286004453897
2010-03-17,fold_2,Post-crash recovery,0.0007945901597850025,1,-0.009053192101418972,-1,-0.009053192101418972,0.018620848655700684,0.9998233914375305,5.8884903410216793e-05,0.00011776980682043359,0,-90.53192101418972
2010-03-18,fold_2,Post-crash recovery,0.004564659669995308,1,-0.0056584724225103855,-1,-0.0056584724225103855,0.01285707950592041,0.9999030828475952,3.230746369808912e-05,6.461492739617825e-05,0,-56.584724225103855
2010-03-19,fold_2,Post-crash recovery,0.0028957517351955175,1,0.0022249817848205566,1,0.0022249817848205566,0.015110611915588379,0.9999239444732666,2.5363226086483337e-05,5.0726452172966674e-05,1,22.249817848205566
2010-03-23,fold_2,Post-crash recovery,0.007428061217069626,1,-0.010171548463404179,-1,-0.010171548463404179,0.004785418510437012,0.9998268485069275,5.7725916121853516e-05,0.00011545183224370703,0,-101.71548463404179
2010-03-24,fold_2,Post-crash recovery,0.010581976734101772,1,-0.0017964079743251204,-1,-0.0017964079743251204,0.002980351448059082,0.9998200535774231,6.0014514019712806e-05,0.00012002902803942561,0,-17.964079743251204
2010-03-25,fold_2,Post-crash recovery,0.006772756576538086,1,0.0077375867404043674,1,0.0077375867404043674,0.010740995407104492,0.9999020099639893,3.2660977012710646e-05,6.532195402542129e-05,1,77.37586740404367
2010-03-26,fold_2,Post-crash recovery,0.014214410446584225,1,0.005298086442053318,1,0.005298086442053318,0.016095995903015137,0.9998965263366699,3.450677468208596e-05,6.901354936417192e-05,1,52.98086442053318
2010-03-29,fold_2,Post-crash recovery,0.011381375603377819,1,-0.0042286706157028675,-1,-0.0042286706157028675,0.011799335479736328,0.9998922348022461,3.592002758523449e-05,7.184005517046899e-05,0,-42.286706157028675
2010-03-30,fold_2,Post-crash recovery,0.012202015146613121,1,0.006254276726394892,1,0.006254276726394892,0.01812744140625,0.9999271631240845,2.4263090381282382e-05,4.8526180762564763e-05,1,62.54276726394892
2010-03-31,fold_2,Post-crash recovery,0.006576583720743656,1,0.0056237718090415,1,0.0056237718090415,0.023853182792663574,0.9999086856842041,3.0431730920099653e-05,6.0863461840199307e-05,1,56.237718090415
2010-04-01,fold_2,Post-crash recovery,-0.002049899660050869,-1,-0.005820577964186668,-1,0.005820577964186668,0.02981269359588623,0.9998490810394287,5.028315354138613e-05,0.00010056630708277225,1,58.205779641866684
2010-04-05,fold_2,Post-crash recovery,-0.008905962109565735,-1,-0.006459742318838835,-1,0.006459742318838835,0.03646492958068848,0.9998805522918701,3.980960536864586e-05,7.961921073729172e-05,1,64.59742318838835
2010-04-06,fold_2,Post-crash recovery,-0.009527846239507198,-1,-0.003991239704191685,-1,0.003991239704191685,0.04060173034667969,0.9998217225074768,5.942317875451408e-05,0.00011884635750902817,1,39.91239704191685
2010-04-07,fold_2,Post-crash recovery,-0.00011518383689690381,-1,0.0009486044873483479,1,-0.0009486044873483479,0.03961455821990967,0.9999151229858398,2.8270262191654183e-05,5.6540524383308366e-05,0,-9.486044873483479
2010-04-08,fold_2,Post-crash recovery,-0.004436503630131483,-1,0.01046330388635397,1,-0.01046330388635397,0.02873671054840088,0.9998490810394287,5.032269473304041e-05,0.00010064538946608081,0,-104.6330388635397
2010-04-09,fold_2,Post-crash recovery,-0.004989943001419306,-1,0.007042666897177696,1,-0.007042666897177696,0.021491646766662598,0.9998911619186401,3.627022306318395e-05,7.25404461263679e-05,0,-70.42666897177696
2010-04-12,fold_2,Post-crash recovery,-0.0050943815149366856,-1,0.0009253707830794156,1,-0.0009253707830794156,0.020546436309814453,0.9998811483383179,3.960324465879239e-05,7.920648931758478e-05,0,-9.253707830794156
2010-04-13,fold_2,Post-crash recovery,-0.006092326249927282,-1,0.0034823056776076555,1,-0.0034823056776076555,0.016992568969726562,0.9999082088470459,3.060132803511806e-05,6.120265607023612e-05,0,-34.823056776076555
2010-04-14,fold_2,Post-crash recovery,-0.007468275260180235,-1,-0.005999756511300802,-1,0.005999756511300802,0.0230942964553833,0.9998544454574585,4.8516245442442596e-05,9.703249088488519e-05,1,59.99756511300802
2010-04-15,fold_2,Post-crash recovery,-0.011882491409778595,-1,-0.00515845837071538,-1,0.00515845837071538,0.028371810913085938,0.999864935874939,4.503155287238769e-05,9.006310574477538e-05,1,51.5845837071538
2010-04-16,fold_2,Post-crash recovery,-0.008333091624081135,-1,-0.0012409078190103173,-1,0.0012409078190103173,0.0296478271484375,0.999886155128479,3.795878728851676e-05,7.591757457703352e-05,1,12.409078190103173
2010-04-19,fold_2,Post-crash recovery,-0.0037095563020557165,-1,-0.0038692092057317495,-1,0.0038692092057317495,0.03363168239593506,0.999847412109375,5.086400778964162e-05,0.00010172801557928324,1,38.692092057317495
2010-04-20,fold_2,Post-crash recovery,-0.009427737444639206,-1,-0.0033609094098210335,-1,0.0033609094098210335,0.037105560302734375,0.9999359846115112,2.1352279873099178e-05,4.2704559746198356e-05,1,33.609094098210335
2010-04-21,fold_2,Post-crash recovery,-0.006200212519615889,-1,-0.008957214653491974,-1,0.008957214653491974,0.046395182609558105,0.9999139308929443,2.869054333132226e-05,5.738108666264452e-05,1,89.57214653491974
2010-04-22,fold_2,Post-crash recovery,-0.008070631884038448,-1,0.008592506870627403,1,-0.008592506870627403,0.03740406036376953,0.999919056892395,2.697171839827206e-05,5.394343679654412e-05,0,-85.92506870627403
2010-04-23,fold_2,Post-crash recovery,0.001244344050064683,1,0.001286504091694951,1,0.001286504091694951,0.03873872756958008,0.9999057054519653,3.142705463687889e-05,6.285410927375779e-05,1,12.86504091694951
2010-04-26,fold_2,Post-crash recovery,-0.0010883406503126025,-1,-0.01720094121992588,-1,0.01720094121992588,0.05660605430603027,0.9999034404754639,3.216678669559769e-05,6.433357339119539e-05,1,172.0094121992588
2010-04-27,fold_2,Post-crash recovery,-0.005751641932874918,-1,0.00319747650064528,1,-0.00319747650064528,0.05322754383087158,0.9999071359634399,3.0963929020799696e-05,6.192785804159939e-05,0,-31.9747650064528
2010-04-28,fold_2,Post-crash recovery,-0.0009221113286912441,-1,0.0037932186387479305,1,-0.0037932186387479305,0.0492323637008667,0.9998444318771362,5.186226553632878e-05,0.00010372453107265756,0,-37.932186387479305
2010-04-30,fold_2,Post-crash recovery,0.0006004479946568608,1,-0.007378703448921442,-1,-0.007378703448921442,0.04149043560028076,0.999862790107727,4.571874887915328e-05,9.143749775830656e-05,0,-73.78703448921442
2010-05-06,fold_2,Post-crash recovery,-0.0032924481201916933,-1,0.009745693765580654,1,-0.009745693765580654,0.03134036064147949,0.9998854398727417,3.819868652499281e-05,7.639737304998562e-05,0,-97.45693765580654
2010-05-07,fold_2,Post-crash recovery,-0.00917422492057085,-1,0.0018146689981222153,1,-0.0018146689981222153,0.029468774795532227,0.9998350143432617,5.5006319598760456e-05,0.00011001263919752091,0,-18.146689981222153
2010-05-10,fold_2,Post-crash recovery,-0.009804954752326012,-1,-0.011682657524943352,-1,0.011682657524943352,0.041495680809020996,0.9998113512992859,6.290847522905096e-05,0.00012581695045810193,1,116.82657524943352
2010-05-11,fold_2,Post-crash recovery,-0.009480268694460392,-1,0.0007203565328381956,1,-0.0007203565328381956,0.04074537754058838,0.9998811483383179,3.9611670217709616e-05,7.922334043541923e-05,0,-7.203565328381956
2010-05-12,fold_2,Post-crash recovery,-0.007091052830219269,-1,-0.007750330958515406,-1,0.007750330958515406,0.04881143569946289,0.9998713731765747,4.28741259383969e-05,8.57482518767938e-05,1,77.50330958515406
2010-05-13,fold_2,Post-crash recovery,-0.011091629974544048,-1,-0.014436493627727032,-1,0.014436493627727032,0.06395256519317627,0.9998306035995483,5.6458815379301086e-05,0.00011291763075860217,1,144.36493627727032
2010-05-14,fold_2,Post-crash recovery,-0.0031455829739570618,-1,0.00266445754095912,1,-0.00266445754095912,0.06111776828765869,0.999879002571106,4.032245487906039e-05,8.064490975812078e-05,0,-26.644575409591198
2010-05-17,fold_2,Post-crash recovery,0.0002179798757424578,1,-0.0172696802765131,-1,-0.0172696802765131,0.042792558670043945,0.9998956918716431,3.476281199255027e-05,6.952562398510054e-05,0,-172.696802765131
2010-05-18,fold_2,Post-crash recovery,0.0020931412000209093,1,0.0176109466701746,1,0.0176109466701746,0.06115710735321045,0.9999535083770752,1.547921601741109e-05,3.095843203482218e-05,1,176.109466701746
2010-05-19,fold_2,Post-crash recovery,0.0031154637690633535,1,0.006900882814079523,1,0.006900882814079523,0.06848001480102539,0.9998792409896851,4.02308942284435e-05,8.0461788456887e-05,1,69.00882814079523
2010-05-20,fold_2,Post-crash recovery,0.006597271654754877,1,0.0070626987144351006,1,0.0070626987144351006,0.0760263204574585,0.999883770942688,3.874150934279896e-05,7.748301868559793e-05,1,70.626987144351
2010-05-21,fold_2,Post-crash recovery,0.0043995133601129055,1,-0.017277510836720467,-1,-0.017277510836720467,0.05743527412414551,0.9999195337295532,2.6837975383386947e-05,5.3675950766773894e-05,0,-172.77510836720467
2010-05-24,fold_2,Post-crash recovery,0.006022151093930006,1,-0.0003210459544789046,-1,-0.0003210459544789046,0.05709576606750488,0.9999104738235474,2.9846554753021337e-05,5.9693109506042674e-05,0,-3.210459544789046
2010-05-25,fold_2,Post-crash recovery,0.00946077611297369,1,-0.014011116698384285,-1,-0.014011116698384285,0.042284607887268066,0.9998489618301392,5.0323622417636216e-05,0.00010064724483527243,0,-140.11116698384285
2010-05-26,fold_2,Post-crash recovery,0.005780711304396391,1,0.014373074285686016,1,0.014373074285686016,0.057265400886535645,0.9998113512992859,6.291789759416133e-05,0.00012583579518832266,1,143.73074285686016
2010-05-27,fold_2,Post-crash recovery,0.00567434448748827,1,-0.005989732686430216,-1,-0.005989732686430216,0.05093264579772949,0.9998455047607422,5.150698416400701e-05,0.00010301396832801402,0,-59.89732686430216
2010-05-28,fold_2,Post-crash recovery,0.004272975958883762,1,0.0011304189683869481,1,0.0011304189683869481,0.05212068557739258,0.9998533725738525,4.889121191808954e-05,9.778242383617908e-05,1,11.304189683869481
2010-06-01,fold_2,Post-crash recovery,0.004945419263094664,1,0.000489582889713347,1,0.000489582889713347,0.052635788917541504,0.9998593330383301,4.688685658038594e-05,9.377371316077188e-05,1,4.89582889713347
2010-06-02,fold_2,Post-crash recovery,0.005430310498923063,1,-0.005683161783963442,-1,-0.005683161783963442,0.04665350914001465,0.9998725652694702,4.2479474359424785e-05,8.495894871884957e-05,0,-56.83161783963442
2010-06-03,fold_2,Post-crash recovery,0.01055928785353899,1,-0.01630449667572975,-1,-0.01630449667572975,0.02958834171295166,0.9998255372047424,5.817458077217452e-05,0.00011634916154434904,0,-163.04496675729752
2010-06-04,fold_2,Post-crash recovery,0.01362753938883543,1,-0.004018112551420927,-1,-0.004018112551420927,0.025451302528381348,0.9999116659164429,2.9451422960846685e-05,5.890284592169337e-05,0,-40.18112551420927
2010-06-07,fold_2,Post-crash recovery,0.011607890017330647,1,0.0041184090077877045,1,0.0041184090077877045,0.029674530029296875,0.9998515844345093,4.947319030179642e-05,9.894638060359284e-05,1,41.184090077877045
2010-06-08,fold_2,Post-crash recovery,0.010192172601819038,1,0.0016669539036229253,1,0.0016669539036229253,0.03139090538024902,0.999772846698761,7.571564492536709e-05,0.00015143128985073417,1,16.669539036229253
2010-06-09,fold_2,Post-crash recovery,0.007470747921615839,1,0.00975992064923048,1,0.00975992064923048,0.041457176208496094,0.9998887777328491,3.705714698298834e-05,7.411429396597669e-05,1,97.5992064923048
2010-06-10,fold_2,Post-crash recovery,0.0025321119464933872,1,0.00041180214611813426,1,0.00041180214611813426,0.041885972023010254,0.9998788833618164,4.0381801227340475e-05,8.076360245468095e-05,1,4.118021461181343
2010-06-11,fold_2,Post-crash recovery,0.0035244100727140903,1,0.008589374832808971,1,0.008589374832808971,0.05083513259887695,0.9999364614486694,2.1194431610638276e-05,4.238886322127655e-05,1,85.89374832808971
2010-06-14,fold_2,Post-crash recovery,0.0031044885981827974,1,0.00826606061309576,1,0.00826606061309576,0.05952143669128418,0.9998512268066406,4.957908095093444e-05,9.915816190186888e-05,1,82.6606061309576
2010-06-15,fold_2,Post-crash recovery,0.0014285104116424918,1,-0.0005786734400317073,-1,-0.0005786734400317073,0.05890834331512451,0.9998611211776733,4.629655086318962e-05,9.259310172637925e-05,0,-5.786734400317073
2010-06-16,fold_2,Post-crash recovery,0.002125743543729186,1,0.005695778410881758,1,0.005695778410881758,0.06493973731994629,0.9999113082885742,2.9562957934103906e-05,5.912591586820781e-05,1,56.95778410881758
2010-06-17,fold_2,Post-crash recovery,0.0038694937247782946,1,0.000879864557646215,1,0.000879864557646215,0.06587672233581543,0.9998581409454346,4.728540079668164e-05,9.457080159336329e-05,1,8.79864557646215
2010-06-18,fold_2,Post-crash recovery,-0.00032858559279702604,-1,-0.006207311991602182,-1,0.006207311991602182,0.07249295711517334,0.999840259552002,5.3233379730954766e-05,0.00010646675946190953,1,62.073119916021824
2010-06-21,fold_2,Post-crash recovery,-0.005727151408791542,-1,-0.0033265468664467335,-1,0.0033265468664467335,0.07606065273284912,0.999816358089447,6.123895582277328e-05,0.00012247791164554656,1,33.265468664467335
2010-06-22,fold_2,Post-crash recovery,-0.004441552795469761,-1,0.003584904596209526,1,-0.003584904596209526,0.07220304012298584,0.9998660087585449,4.4653650547843426e-05,8.930730109568685e-05,0,-35.84904596209526
2010-06-23,fold_2,Post-crash recovery,-0.002734171459451318,-1,0.0014927452430129051,1,-0.0014927452430129051,0.07060253620147705,0.9998476505279541,5.07777149323374e-05,0.0001015554298646748,0,-14.927452430129051
2010-06-24,fold_2,Post-crash recovery,-0.001972795929759741,-1,0.002882967470213771,1,-0.002882967470213771,0.06751608848571777,0.9998295307159424,5.681272523361258e-05,0.00011362545046722516,0,-28.82967470213771
2010-06-25,fold_2,Post-crash recovery,-0.0013660603435710073,-1,-0.007759139873087406,-1,0.007759139873087406,0.07579898834228516,0.9998950958251953,3.496931822155602e-05,6.993863644311205e-05,1,77.59139873087406
2010-06-28,fold_2,Post-crash recovery,-0.003535378025844693,-1,-0.007384906057268381,-1,0.007384906057268381,0.08374369144439697,0.999902606010437,3.2448337151436135e-05,6.489667430287227e-05,1,73.84906057268381
2010-06-29,fold_2,Post-crash recovery,-0.005758645478636026,-1,0.003583511570468545,1,-0.003583511570468545,0.07986009120941162,0.9998733997344971,4.221405106363818e-05,8.442810212727636e-05,0,-35.83511570468545
2013-01-18,fold_3,Eurozone debt plateau,-0.002267115283757448,-1,-0.00392940966412425,-1,0.00392940966412425,0.0039293766021728516,0.9999510049819946,1.6342291928594932e-05,3.2684583857189864e-05,1,39.294096641242504
2013-01-22,fold_3,Eurozone debt plateau,0.001978151733055711,1,0.00018636102322489023,1,0.00018636102322489023,0.004116415977478027,0.9999680519104004,1.0655068763298914e-05,2.1310137526597828e-05,1,1.8636102322489023
2013-01-23,fold_3,Eurozone debt plateau,0.00731681426987052,1,-0.0004125860577914864,-1,-0.0004125860577914864,0.0037021636962890625,0.9998821020126343,3.930663297069259e-05,7.861326594138518e-05,0,-4.125860577914864
2013-01-24,fold_3,Eurozone debt plateau,0.01200328953564167,1,0.004572297912091017,1,0.004572297912091017,0.008291363716125488,0.9998676776885986,4.408914901432581e-05,8.817829802865162e-05,1,45.72297912091017
2013-01-25,fold_3,Eurozone debt plateau,0.012861892580986023,1,0.007231287192553282,1,0.007231287192553282,0.015582561492919922,0.9998712539672852,4.290943616069853e-05,8.581887232139707e-05,1,72.31287192553282
2013-01-28,fold_3,Eurozone debt plateau,0.006888884585350752,1,-0.0014656366547569633,-1,-0.0014656366547569633,0.014094114303588867,0.9997621178627014,7.932076550787315e-05,0.0001586415310157463,0,-14.656366547569633
2013-01-29,fold_3,Eurozone debt plateau,0.005855348892509937,1,0.003372915554791689,1,0.003372915554791689,0.017514586448669434,0.9999384880065918,2.0487665096879937e-05,4.0975330193759874e-05,1,33.72915554791689
2013-01-30,fold_3,Eurozone debt plateau,0.01383067388087511,1,0.005685125477612019,1,0.005685125477612019,0.023299217224121094,0.999893307685852,3.55504744220525e-05,7.1100948844105e-05,1,56.851254776120186
2013-01-31,fold_3,Eurozone debt plateau,0.010647277347743511,1,0.003144102171063423,1,0.003144102171063423,0.02651667594909668,0.9999058246612549,3.1381317967316136e-05,6.276263593463227e-05,1,31.44102171063423
2013-02-01,fold_3,Eurozone debt plateau,0.0031373787205666304,1,0.0027706902474164963,1,0.0027706902474164963,0.02936077117919922,0.9998500347137451,4.997062205802649e-05,9.994124411605299e-05,1,27.706902474164963
2013-02-04,fold_3,Eurozone debt plateau,0.0027897139079868793,1,-0.01003915723413229,-1,-0.01003915723413229,0.019026875495910645,0.999863862991333,4.5382264943327755e-05,9.076452988665551e-05,0,-100.3915723413229
2013-02-05,fold_3,Eurozone debt plateau,0.00262567400932312,1,0.005160914734005928,1,0.005160914734005928,0.02428603172302246,0.9998714923858643,4.2822397517738864e-05,8.564479503547773e-05,1,51.60914734005928
2013-02-06,fold_3,Eurozone debt plateau,0.006178276147693396,1,-0.004232979379594326,-1,-0.004232979379594326,0.019950270652770996,0.9998155236244202,6.150033004814759e-05,0.00012300066009629518,0,-42.32979379594326
2013-02-07,fold_3,Eurozone debt plateau,0.005452630575746298,1,-0.009948350489139557,-1,-0.009948350489139557,0.009803414344787598,0.9999116659164429,2.94282945105806e-05,5.88565890211612e-05,0,-99.48350489139557
2013-02-08,fold_3,Eurozone debt plateau,0.009298517368733883,1,-0.0015773915220052004,-1,-0.0015773915220052004,0.008210539817810059,0.9998853206634521,3.8215664972085506e-05,7.643132994417101e-05,0,-15.773915220052004
2013-02-12,fold_3,Eurozone debt plateau,0.009701310656964779,1,0.0036186398938298225,1,0.0036186398938298225,0.011858820915222168,0.9998869895935059,3.768596434383653e-05,7.537192868767306e-05,1,36.186398938298225
2013-02-13,fold_3,Eurozone debt plateau,0.008572227321565151,1,-0.0005645840428769588,-1,-0.0005645840428769588,0.011287569999694824,0.9999160766601562,2.7988431611447595e-05,5.597686322289519e-05,0,-5.6458404287695885
2013-02-14,fold_3,Eurozone debt plateau,0.015303442254662514,1,-0.00681004673242569,-1,-0.00681004673242569,0.00440061092376709,0.9998170733451843,6.0985876189079136e-05,0.00012197175237815827,0,-68.1004673242569
2013-02-15,fold_3,Eurozone debt plateau,0.019826391711831093,1,-0.0006672476301901042,-1,-0.0006672476301901042,0.0037304162979125977,0.9998282194137573,5.7269426179118454e-05,0.00011453885235823691,0,-6.6724763019010425
2013-02-19,fold_3,Eurozone debt plateau,0.01733706332743168,1,0.003643653355538845,1,0.003643653355538845,0.007387638092041016,0.999854326248169,4.856863233726472e-05,9.713726467452943e-05,1,36.43653355538845
2013-02-20,fold_3,Eurozone debt plateau,0.017155928537249565,1,-0.009158467873930931,-1,-0.009158467873930931,-0.0018385052680969238,0.999829888343811,5.668125959346071e-05,0.00011336251918692142,0,-91.58467873930931
2013-02-21,fold_3,Eurozone debt plateau,0.020982638001441956,1,-0.005937489680945873,-1,-0.005937489680945873,-0.0077651143074035645,0.9998656511306763,4.478598202695139e-05,8.957196405390278e-05,0,-59.37489680945873
2013-02-22,fold_3,Eurozone debt plateau,0.020504547283053398,1,0.00011880857346113771,1,0.00011880857346113771,-0.007647156715393066,0.9998774528503418,4.083809835719876e-05,8.167619671439752e-05,1,1.1880857346113771
2013-02-25,fold_3,Eurozone debt plateau,0.01740330457687378,1,-0.009916401468217373,-1,-0.009916401468217373,-0.017487764358520508,0.9998409748077393,5.299683834891766e-05,0.00010599367669783533,0,-99.16401468217373
2013-02-26,fold_3,Eurozone debt plateau,0.03024180233478546,1,6.532984116347507e-05,1,6.532984116347507e-05,-0.017423570156097412,0.9999039173126221,3.2025433029048145e-05,6.405086605809629e-05,1,0.6532984116347507
2013-02-27,fold_3,Eurozone debt plateau,0.030720246955752373,1,0.006509747821837664,1,0.006509747821837664,-0.011027216911315918,0.9999128580093384,2.9060945962555707e-05,5.812189192511141e-05,1,65.09747821837664
2013-02-28,fold_3,Eurozone debt plateau,0.02438248135149479,1,-0.006921785417944193,-1,-0.006921785417944193,-0.017872631549835205,0.9999089241027832,3.035098416148685e-05,6.07019683229737e-05,0,-69.21785417944193
2013-03-01,fold_3,Eurozone debt plateau,0.020154034718871117,1,-0.003293330315500498,-1,-0.003293330315500498,-0.021107077598571777,0.9998527765274048,4.908600385533646e-05,9.817200771067291e-05,0,-32.93330315500498
2013-03-04,fold_3,Eurozone debt plateau,0.020008986815810204,1,0.0014731583651155233,1,0.0014731583651155233,-0.019665002822875977,0.9998751878738403,4.1608658648328856e-05,8.321731729665771e-05,1,14.731583651155233
2013-03-05,fold_3,Eurozone debt plateau,0.019713733345270157,1,0.0009524957276880741,1,0.0009524957276880741,-0.018731236457824707,0.9998525381088257,4.9144560762215406e-05,9.828912152443081e-05,1,9.524957276880741
2013-03-06,fold_3,Eurozone debt plateau,0.01644734852015972,1,-0.0053601814433932304,-1,-0.0053601814433932304,-0.023991048336029053,0.999842643737793,5.245896682026796e-05,0.00010491793364053592,0,-53.601814433932304
2013-03-07,fold_3,Eurozone debt plateau,0.013430549763143063,1,0.010226847603917122,1,0.010226847603917122,-0.014009535312652588,0.9998736381530762,4.2133739043492824e-05,8.426747808698565e-05,1,102.26847603917122
2013-03-08,fold_3,Eurozone debt plateau,0.01387711800634861,1,-0.009403315372765064,-1,-0.009403315372765064,-0.023281097412109375,0.9998729228973389,4.2364765249658376e-05,8.472953049931675e-05,0,-94.03315372765064
2013-03-11,fold_3,Eurozone debt plateau,0.014857984147965908,1,0.0034406150225549936,1,0.0034406150225549936,-0.01992058753967285,0.9998747110366821,4.176472430117428e-05,8.352944860234857e-05,1,34.406150225549936
2013-03-12,fold_3,Eurozone debt plateau,0.014263497665524483,1,-0.0002605045447126031,-1,-0.0002605045447126031,-0.020175933837890625,0.9998717308044434,4.27640879934188e-05,8.55281759868376e-05,0,-2.605045447126031
2013-03-13,fold_3,Eurozone debt plateau,0.008673428557813168,1,-0.005442651454359293,-1,-0.005442651454359293,-0.0255088210105896,0.9998555183410645,4.815035572391935e-05,9.63007114478387e-05,0,-54.42651454359293
2013-03-14,fold_3,Eurozone debt plateau,0.010502462275326252,1,0.004164100158959627,1,0.004164100158959627,-0.021450936794281006,0.9998770952224731,4.097087730769999e-05,8.194175461539999e-05,1,41.64100158959627
2013-03-15,fold_3,Eurozone debt plateau,0.013647905550897121,1,-0.009192564524710178,-1,-0.009192564524710178,-0.030446350574493408,0.9998787641525269,4.040233034174889e-05,8.080466068349779e-05,0,-91.92564524710178
2013-03-18,fold_3,Eurozone debt plateau,0.011767014861106873,1,0.004051790572702885,1,0.004051790572702885,-0.026517927646636963,0.9998877048492432,3.7430876545840874e-05,7.486175309168175e-05,1,40.51790572702885
2013-03-19,fold_3,Eurozone debt plateau,0.009728079661726952,1,-0.006264734081923962,-1,-0.006264734081923962,-0.03261655569076538,0.9999535083770752,1.5492616512347013e-05,3.0985233024694026e-05,0,-62.647340819239616
2013-03-21,fold_3,Eurozone debt plateau,0.009653493762016296,1,-0.002839107299223542,-1,-0.002839107299223542,-0.03536301851272583,0.9999028444290161,3.236606062273495e-05,6.47321212454699e-05,0,-28.391072992235422
2013-03-22,fold_3,Eurozone debt plateau,0.013462567701935768,1,0.0092341098934412,1,0.0092341098934412,-0.02645552158355713,0.999914288520813,2.8578600904438645e-05,5.715720180887729e-05,1,92.341098934412
2013-03-25,fold_3,Eurozone debt plateau,0.006195544730871916,1,-0.012717006728053093,-1,-0.012717006728053093,-0.038836121559143066,0.999932050704956,2.2646132492809556e-05,4.529226498561911e-05,0,-127.17006728053093
2013-03-26,fold_3,Eurozone debt plateau,0.010082724504172802,1,0.00012858747504651546,1,0.00012858747504651546,-0.038712501525878906,0.9998080134391785,6.401762220775709e-05,0.00012803524441551417,1,1.2858747504651546
2013-03-27,fold_3,Eurozone debt plateau,0.009453348815441132,1,-0.0063889650627970695,-1,-0.0063889650627970695,-0.04485410451889038,0.9998764991760254,4.1148265154333785e-05,8.229653030866757e-05,0,-63.889650627970695
2013-03-28,fold_3,Eurozone debt plateau,0.00855371542274952,1,0.002973254071548581,1,0.002973254071548581,-0.042014241218566895,0.9998973608016968,3.420519715291448e-05,6.841039430582896e-05,1,29.73254071548581
2013-04-01,fold_3,Eurozone debt plateau,0.008490494452416897,1,0.0034695772919803858,1,0.0034695772919803858,-0.03869044780731201,0.9999120235443115,2.933495125034824e-05,5.866990250069648e-05,1,34.69577291980386
2013-04-02,fold_3,Eurozone debt plateau,0.007267126347869635,1,-0.0023077132645994425,-1,-0.0023077132645994425,-0.040908873081207275,0.9998601675033569,4.658940088120289e-05,9.317880176240578e-05,0,-23.077132645994425
2013-04-03,fold_3,Eurozone debt plateau,0.005011006258428097,1,0.002313051139935851,1,0.002313051139935851,-0.03869050741195679,0.9998445510864258,5.182030872674659e-05,0.00010364061745349318,1,23.13051139935851
2013-04-04,fold_3,Eurozone debt plateau,0.00638378644362092,1,0.006076161749660969,1,0.006076161749660969,-0.03284937143325806,0.9998574256896973,4.7519377403659746e-05,9.503875480731949e-05,1,60.76161749660969
2013-04-05,fold_3,Eurozone debt plateau,0.012677746824920177,1,0.004937021527439356,1,0.004937021527439356,-0.02807450294494629,0.9998923540115356,3.587653554859571e-05,7.175307109719142e-05,1,49.37021527439356
2013-04-08,fold_3,Eurozone debt plateau,0.009091019630432129,1,0.0028665303252637386,1,0.0028665303252637386,-0.02528846263885498,0.9998838901519775,3.8680187572026625e-05,7.736037514405325e-05,1,28.665303252637386
2013-04-09,fold_3,Eurozone debt plateau,0.00917974766343832,1,0.003910965286195278,1,0.003910965286195278,-0.021476328372955322,0.9999549388885498,1.5030489521450363e-05,3.0060979042900726e-05,1,39.10965286195278
2013-04-10,fold_3,Eurozone debt plateau,0.006372486706823111,1,-0.0019061239436268806,-1,-0.0019061239436268806,-0.023341476917266846,0.9999206066131592,2.6459258151589893e-05,5.2918516303179786e-05,0,-19.061239436268806
2013-04-11,fold_3,Eurozone debt plateau,0.00968410074710846,1,0.00455083604902029,1,0.00455083604902029,-0.018896877765655518,0.9998977184295654,3.40742408297956e-05,6.81484816595912e-05,1,45.508360490202904
2013-04-12,fold_3,Eurozone debt plateau,0.00878151599317789,1,-0.001178935170173645,-1,-0.001178935170173645,-0.020053505897521973,0.9997778534889221,7.404687494272366e-05,0.00014809374988544732,0,-11.78935170173645
2013-04-15,fold_3,Eurozone debt plateau,0.011367954313755035,1,-0.0034072035923600197,-1,-0.0034072035923600197,-0.02339237928390503,0.9999399185180664,2.000956010306254e-05,4.001912020612508e-05,0,-34.0720359236002
2013-04-16,fold_3,Eurozone debt plateau,0.01277211308479309,1,0.009501743130385876,1,0.009501743130385876,-0.01411294937133789,0.999915599822998,2.812283310049679e-05,5.624566620099358e-05,1,95.01743130385876
2013-04-17,fold_3,Eurozone debt plateau,0.009357874281704426,1,-0.010910171084105968,-1,-0.010910171084105968,-0.024869143962860107,0.9998801946640015,3.993286009063013e-05,7.986572018126026e-05,0,-109.10171084105968
2013-04-18,fold_3,Eurozone debt plateau,0.007187698036432266,1,0.0013966822298243642,1,0.0013966822298243642,-0.023507237434387207,0.9997673630714417,7.754439138807356e-05,0.00015508878277614713,1,13.966822298243642
2013-04-19,fold_3,Eurozone debt plateau,0.006154866889119148,1,0.0001958034554263577,1,0.0001958034554263577,-0.02331596612930298,0.999874472618103,4.185205762041733e-05,8.370411524083465e-05,1,1.9580345542635769
2013-04-22,fold_3,Eurozone debt plateau,0.004045534413307905,1,0.0004571809549815953,1,0.0004571809549815953,-0.022869467735290527,0.9998894929885864,3.684114199131727e-05,7.368228398263454e-05,1,4.571809549815953
2013-04-23,fold_3,Eurozone debt plateau,0.006014441139996052,1,-0.005145795177668333,-1,-0.005145795177668333,-0.02789759635925293,0.999868631362915,4.379000893095508e-05,8.758001786191016e-05,0,-51.45795177668333
2013-04-24,fold_3,Eurozone debt plateau,0.006494811270385981,1,0.0017703734338283539,1,0.0017703734338283539,-0.026176631450653076,0.9998455047607422,5.148618947714567e-05,0.00010297237895429134,1,17.70373433828354
2013-04-25,fold_3,Eurozone debt plateau,0.006924096029251814,1,-0.0007805071654729545,-1,-0.0007805071654729545,-0.026936709880828857,0.9998769760131836,4.0995568269863725e-05,8.199113653972745e-05,0,-7.805071654729545
2013-04-26,fold_3,Eurozone debt plateau,0.007630844600498676,1,0.0027129673399031162,1,0.0027129673399031162,-0.024296820163726807,0.999854326248169,4.8571837396593764e-05,9.714367479318753e-05,1,27.129673399031162
2013-04-30,fold_3,Eurozone debt plateau,0.014908397570252419,1,0.005530692171305418,1,0.005530692171305418,-0.018900513648986816,0.9999030828475952,3.230446236557327e-05,6.460892473114654e-05,1,55.30692171305418
2013-05-01,fold_3,Eurozone debt plateau,0.011518369428813457,1,0.0010545552941039205,1,0.0010545552941039205,-0.017865896224975586,0.9998819828033447,3.932362960767932e-05,7.864725921535864e-05,1,10.545552941039205
2013-05-02,fold_3,Eurozone debt plateau,0.0155918775126338,1,-0.00888423714786768,-1,-0.00888423714786768,-0.02659142017364502,0.999859094619751,4.6981778723420575e-05,9.396355744684115e-05,0,-88.8423714786768
2013-05-07,fold_3,Eurozone debt plateau,0.012371665798127651,1,0.0005231635295785964,1,0.0005231635295785964,-0.026082098484039307,0.9996869564056396,0.00010437551100039855,0.0002087510220007971,1,5.2316352957859635
2013-05-08,fold_3,Eurozone debt plateau,0.012333139777183533,1,0.00644897622987628,1,0.00644897622987628,-0.019801318645477295,0.9998175501823425,6.082158870412968e-05,0.00012164317740825936,1,64.4897622987628
2013-05-09,fold_3,Eurozone debt plateau,0.004142961464822292,1,-0.009645446203649044,-1,-0.009645446203649044,-0.029255807399749756,0.9998311996459961,5.627863356494345e-05,0.0001125572671298869,0,-96.45446203649044
2013-05-10,fold_3,Eurozone debt plateau,0.003132931888103485,1,-0.005302789621055126,-1,-0.005302789621055126,-0.034403443336486816,0.9999179840087891,2.7331343517289497e-05,5.4662687034578994e-05,0,-53.02789621055126
2013-05-13,fold_3,Eurozone debt plateau,0.0053736362606287,1,0.0017533899517729878,1,0.0017533899517729878,-0.03271031379699707,0.9998658895492554,4.4687389163300395e-05,8.937477832660079e-05,1,17.53389951772988
2013-05-14,fold_3,Eurozone debt plateau,0.005601685494184494,1,-0.003920002840459347,-1,-0.003920002840459347,-0.03650212287902832,0.9999387264251709,2.040875915554352e-05,4.081751831108704e-05,0,-39.20002840459347
2013-05-15,fold_3,Eurozone debt plateau,0.006892192643135786,1,-0.004225410986691713,-1,-0.004225410986691713,-0.040573298931121826,0.9998946189880371,3.513267438393086e-05,7.026534876786172e-05,0,-42.25410986691713
2013-05-16,fold_3,Eurozone debt plateau,0.004451492335647345,1,6.449774082284421e-05,1,6.449774082284421e-05,-0.04051142930984497,0.9999207258224487,2.6436682674102485e-05,5.287336534820497e-05,1,0.6449774082284421
2013-05-17,fold_3,Eurozone debt plateau,0.003943979274481535,1,-0.003696675878018141,-1,-0.003696675878018141,-0.04405832290649414,0.9999350309371948,2.1659117919625714e-05,4.331823583925143e-05,0,-36.96675878018141
2013-05-20,fold_3,Eurozone debt plateau,0.0041056410409510136,1,0.004318435210734606,1,0.004318435210734606,-0.039930105209350586,0.9999188184738159,2.7074438548879698e-05,5.4148877097759396e-05,1,43.18435210734606
2013-05-21,fold_3,Eurozone debt plateau,0.004283290356397629,1,0.002170462626963854,1,0.002170462626963854,-0.03784632682800293,0.9998483657836914,5.054275243310258e-05,0.00010108550486620516,1,21.70462626963854
2013-05-22,fold_3,Eurozone debt plateau,0.003293827176094055,1,-0.005958682391792536,-1,-0.005958682391792536,-0.04357951879501343,0.9998553991317749,4.820048707188107e-05,9.640097414376214e-05,0,-59.58682391792536
2013-05-23,fold_3,Eurozone debt plateau,0.007728102151304483,1,0.006462528370320797,1,0.006462528370320797,-0.037398576736450195,0.999914288520813,2.8550186470965855e-05,5.710037294193171e-05,1,64.62528370320797
2013-05-24,fold_3,Eurozone debt plateau,0.004323252476751804,1,0.0009831828065216541,1,0.0009831828065216541,-0.03645211458206177,0.9998668432235718,4.4378753955243155e-05,8.875750791048631e-05,1,9.831828065216541
2013-05-28,fold_3,Eurozone debt plateau,0.0058198110200464725,1,-0.006770005449652672,-1,-0.006770005449652672,-0.04297536611557007,0.9999080896377563,3.061452662223019e-05,6.122905324446037e-05,0,-67.70005449652672
2013-05-29,fold_3,Eurozone debt plateau,0.0053488751873373985,1,0.007898152805864811,1,0.007898152805864811,-0.035416603088378906,0.9998830556869507,3.896173075190745e-05,7.79234615038149e-05,1,78.98152805864811
2013-05-30,fold_3,Eurozone debt plateau,0.004451618995517492,1,0.007421950809657574,1,0.007421950809657574,-0.02825748920440674,0.9999196529388428,2.6760006221593358e-05,5.3520012443186715e-05,1,74.21950809657574
2013-05-31,fold_3,Eurozone debt plateau,0.002427636878564954,1,-0.0036389913875609636,-1,-0.0036389913875609636,-0.03179365396499634,0.9998928308486938,3.570663102436811e-05,7.141326204873621e-05,0,-36.389913875609636
2013-06-03,fold_3,Eurozone debt plateau,-0.00010841153562068939,-1,0.005882744211703539,1,-0.005882744211703539,-0.037489354610443115,0.999919056892395,2.6974870706908405e-05,5.394974141381681e-05,0,-58.82744211703539
2013-06-04,fold_3,Eurozone debt plateau,0.0008312446880154312,1,3.9302009099628776e-05,1,3.9302009099628776e-05,-0.03745150566101074,0.9999512434005737,1.6248068277491257e-05,3.249613655498251e-05,1,0.39302009099628776
2013-06-05,fold_3,Eurozone debt plateau,-0.0003539714962244034,-1,0.0015187669778242707,1,-0.0015187669778242707,-0.03891342878341675,0.9998470544815063,5.0982471293536946e-05,0.00010196494258707389,0,-15.187669778242707
2013-06-06,fold_3,Eurozone debt plateau,-0.0022692144848406315,-1,0.011629591695964336,1,-0.011629591695964336,-0.050090491771698,0.9999176263809204,2.7438956749392673e-05,5.487791349878535e-05,0,-116.29591695964336
2013-06-07,fold_3,Eurozone debt plateau,-0.000680867291521281,-1,-0.0016265598824247718,-1,0.0016265598824247718,-0.04854536056518555,0.9998741149902344,4.1945226257666945e-05,8.389045251533389e-05,1,16.265598824247718
2013-06-10,fold_3,Eurozone debt plateau,-0.000442078075138852,-1,0.0,1,-0.0,-0.04854536056518555,0.9999223947525024,2.5848463337752037e-05,5.1696926675504074e-05,0,-0.0
2013-06-11,fold_3,Eurozone debt plateau,0.0006995696458034217,1,0.0,1,0.0,-0.04854536056518555,0.9999289512634277,2.3663355023018084e-05,4.732671004603617e-05,0,0.0
2013-06-12,fold_3,Eurozone debt plateau,0.006328241433948278,1,0.008737497963011265,1,0.008737497963011265,-0.040232062339782715,0.9999111890792847,2.9594797524623573e-05,5.9189595049247146e-05,1,87.37497963011265
2013-06-13,fold_3,Eurozone debt plateau,0.004408251028507948,1,0.002125462982803583,1,0.002125462982803583,-0.03819209337234497,0.9999221563339233,2.5959348931792192e-05,5.1918697863584384e-05,1,21.25462982803583
2013-06-14,fold_3,Eurozone debt plateau,0.0018664905801415443,1,-0.0014417035272344947,-1,-0.0014417035272344947,-0.03957873582839966,0.999915599822998,2.8136753826402128e-05,5.6273507652804255e-05,0,-14.417035272344947
2013-06-17,fold_3,Eurozone debt plateau,0.0024066800251603127,1,0.001082459231838584,1,0.001082459231838584,-0.03853917121887207,0.9998853206634521,3.8229638448683545e-05,7.645927689736709e-05,1,10.82459231838584
2013-06-18,fold_3,Eurozone debt plateau,0.006038620602339506,1,0.0020085156429558992,1,0.0020085156429558992,-0.03660804033279419,0.9998296499252319,5.677556691807695e-05,0.0001135511338361539,1,20.085156429558992
2013-06-19,fold_3,Eurozone debt plateau,-0.0008817787165753543,-1,-0.007323887664824724,-1,0.007323887664824724,-0.02955228090286255,0.9997431635856628,8.564800373278558e-05,0.00017129600746557117,1,73.23887664824724
2013-06-20,fold_3,Eurozone debt plateau,0.00413511274382472,1,-0.004235328175127506,-1,-0.004235328175127506,-0.03366243839263916,0.9998531341552734,4.896586688118987e-05,9.793173376237974e-05,0,-42.35328175127506
2013-06-21,fold_3,Eurozone debt plateau,0.009096573106944561,1,-0.009842113591730595,-1,-0.009842113591730595,-0.043173253536224365,0.9998250603675842,5.83379551244434e-05,0.0001166759102488868,0,-98.42113591730595
2013-06-24,fold_3,Eurozone debt plateau,0.004887154325842857,1,0.002061850391328335,1,0.002061850391328335,-0.04120039939880371,0.9999111890792847,2.9596687454613857e-05,5.9193374909227714e-05,1,20.618503913283348
2013-06-25,fold_3,Eurozone debt plateau,0.007842742837965488,1,-0.004002472851425409,-1,-0.004002472851425409,-0.045037925243377686,0.9998576641082764,4.744366378872655e-05,9.48873275774531e-05,0,-40.02472851425409
2013-06-26,fold_3,Eurozone debt plateau,0.0010442686034366488,1,-0.00507523724809289,-1,-0.00507523724809289,-0.04988455772399902,0.9998724460601807,4.251394420862198e-05,8.502788841724396e-05,0,-50.7523724809289
2013-06-27,fold_3,Eurozone debt plateau,-0.0026586749590933323,-1,0.0017338114557787776,1,-0.0017338114557787776,-0.05153191089630127,0.9998515844345093,4.948737841914408e-05,9.897475683828816e-05,0,-17.338114557787776
2015-04-15,fold_4,Strong USD downturn,0.009489454329013824,1,0.0027866659220308065,1,0.0027866659220308065,0.0027866363525390625,0.9997972846031189,6.757541268598288e-05,0.00013515082537196577,1,27.866659220308065
2015-04-16,fold_4,Strong USD downturn,0.00970006175339222,1,0.007378339767456055,1,0.007378339767456055,0.010185480117797852,0.999858021736145,4.731571607408114e-05,9.463143214816228e-05,1,73.78339767456055
2015-04-17,fold_4,Strong USD downturn,0.011296532116830349,1,0.0050807795487344265,1,0.0050807795487344265,0.015318036079406738,0.9998917579650879,3.606543759815395e-05,7.21308751963079e-05,1,50.807795487344265
2015-04-20,fold_4,Strong USD downturn,0.0074064359068870544,1,-0.005803639534860849,-1,-0.005803639534860849,0.009425520896911621,0.9998751878738403,4.161524338996969e-05,8.323048677993938e-05,0,-58.036395348608494
2015-04-21,fold_4,Strong USD downturn,0.0038354750722646713,1,-0.0005370663129724562,-1,-0.0005370663129724562,0.008883476257324219,0.9998219609260559,5.936688103247434e-05,0.00011873376206494868,0,-5.370663129724562
2015-04-22,fold_4,Strong USD downturn,0.0007842148770578206,1,-0.0014802230289205909,-1,-0.0014802230289205909,0.007390141487121582,0.999890923500061,3.63721810572315e-05,7.2744362114463e-05,0,-14.802230289205909
2015-04-23,fold_4,Strong USD downturn,0.0014227157225832343,1,0.008316786028444767,1,0.008316786028444767,0.01576840877532959,0.9999209642410278,2.6361756681581028e-05,5.2723513363162056e-05,1,83.16786028444767
2015-04-24,fold_4,Strong USD downturn,-0.002605470595881343,-1,0.004988814238458872,1,-0.004988814238458872,0.01070094108581543,0.9998695850372314,4.3472475226735696e-05,8.694495045347139e-05,0,-49.88814238458872
2015-04-27,fold_4,Strong USD downturn,-0.0036127776838839054,-1,0.0008267566445283592,1,-0.0008267566445283592,0.009865283966064453,0.9999293088912964,2.356174445594661e-05,4.712348891189322e-05,0,-8.267566445283592
2015-04-28,fold_4,Strong USD downturn,-0.006414256989955902,-1,0.0083804065361619,1,-0.0083804065361619,0.001402139663696289,0.9998645782470703,4.513751991908066e-05,9.027503983816132e-05,0,-83.804065361619
2015-04-30,fold_4,Strong USD downturn,-0.0035567947197705507,-1,0.009027745574712753,1,-0.009027745574712753,-0.007638216018676758,0.9998751878738403,4.159853415330872e-05,8.319706830661744e-05,0,-90.27745574712753
2015-05-01,fold_4,Strong USD downturn,-0.004968859255313873,-1,-0.002561562927439809,-1,0.002561562927439809,-0.0050961971282958984,0.9998786449432373,4.0446961065754294e-05,8.089392213150859e-05,1,25.61562927439809
2015-05-07,fold_4,Strong USD downturn,-0.00358179141767323,-1,-0.008334004320204258,-1,0.008334004320204258,0.0031954050064086914,0.9999480247497559,1.7320526239927858e-05,3.4641052479855716e-05,1,83.34004320204258
2015-05-08,fold_4,Strong USD downturn,-0.004425926599651575,-1,-0.004701511934399605,-1,0.004701511934399605,0.007911920547485352,0.9998953342437744,3.4893211704911664e-05,6.978642340982333e-05,1,47.01511934399605
2015-05-11,fold_4,Strong USD downturn,-0.0026538835372775793,-1,-0.0044355494901537895,-1,0.0044355494901537895,0.01238250732421875,0.9999172687530518,2.7587955628405325e-05,5.517591125681065e-05,1,44.355494901537895
2015-05-12,fold_4,Strong USD downturn,0.00266829296015203,1,0.006912466138601303,1,0.006912466138601303,0.019380569458007812,0.9999203681945801,2.655059506651014e-05,5.310119013302028e-05,1,69.12466138601303
2015-05-13,fold_4,Strong USD downturn,-0.002664942294359207,-1,0.011498061008751392,1,-0.011498061008751392,0.0076596736907958984,0.9999003410339355,3.320197720313445e-05,6.64039544062689e-05,0,-114.98061008751392
2015-05-14,fold_4,Strong USD downturn,-0.006749898195266724,-1,0.0048014628700912,1,-0.0048014628700912,0.0028214454650878906,0.9999078512191772,3.073183324886486e-05,6.146366649772972e-05,0,-48.014628700912
2015-05-15,fold_4,Strong USD downturn,-0.002642763778567314,-1,0.0035136754158884287,1,-0.0035136754158884287,-0.0007021427154541016,0.9998538494110107,4.8708148824516684e-05,9.741629764903337e-05,0,-35.13675415888429
2015-05-18,fold_4,Strong USD downturn,-0.007183839567005634,-1,-0.010386107489466667,-1,0.010386107489466667,0.009676694869995117,0.9998705387115479,4.3168507545487955e-05,8.633701509097591e-05,1,103.86107489466667
2015-05-19,fold_4,Strong USD downturn,-0.005455980077385902,-1,-0.015850599855184555,-1,0.015850599855184555,0.02568066120147705,0.9999316930770874,2.2754618839826435e-05,4.550923767965287e-05,1,158.50599855184555
2015-05-20,fold_4,Strong USD downturn,0.000594074372202158,1,-0.004118285607546568,-1,-0.004118285607546568,0.021456599235534668,0.9998986721038818,3.3791817259043455e-05,6.758363451808691e-05,0,-41.18285607546568
2015-05-21,fold_4,Strong USD downturn,-0.0001479696511523798,-1,0.001000001560896635,1,-0.001000001560896635,0.020435214042663574,0.9999397993087769,2.0068982848897576e-05,4.013796569779515e-05,0,-10.00001560896635
2015-05-22,fold_4,Strong USD downturn,-0.006029006093740463,-1,-0.010696151293814182,-1,0.010696151293814182,0.031350016593933105,0.9998939037322998,3.534329516696744e-05,7.068659033393487e-05,1,106.96151293814182
2015-05-26,fold_4,Strong USD downturn,-0.0029149733018130064,-1,-0.007502323482185602,-1,0.007502323482185602,0.039087533950805664,0.9999111890792847,2.961553036584519e-05,5.923106073169038e-05,1,75.02323482185602
2015-05-27,fold_4,Strong USD downturn,-0.0028338090050965548,-1,0.0010246067540720105,1,-0.0010246067540720105,0.03802287578582764,0.9998729228973389,4.2365831177448854e-05,8.473166235489771e-05,0,-10.246067540720105
2015-05-28,fold_4,Strong USD downturn,-0.003537860233336687,-1,0.005534912459552288,1,-0.005534912459552288,0.032277584075927734,0.9999099969863892,3.0003528081579134e-05,6.000705616315827e-05,0,-55.34912459552288
2015-05-29,fold_4,Strong USD downturn,0.004562128335237503,1,-0.0002191598032368347,-1,-0.0002191598032368347,0.03205132484436035,0.9999239444732666,2.535931344027631e-05,5.071862688055262e-05,0,-2.191598032368347
2015-06-01,fold_4,Strong USD downturn,0.0027543604373931885,1,-0.0031894471030682325,-1,-0.0031894471030682325,0.02875959873199463,0.999879002571106,4.033110963064246e-05,8.066221926128492e-05,0,-31.894471030682325
2015-06-02,fold_4,Strong USD downturn,0.003722716821357608,1,0.020783551037311554,1,0.020783551037311554,0.0501408576965332,0.9998486042022705,5.046021396992728e-05,0.00010092042793985456,1,207.83551037311554
2015-06-03,fold_4,Strong USD downturn,0.0077329217456281185,1,0.009670482017099857,1,0.009670482017099857,0.06029629707336426,0.999907374382019,3.088201265200041e-05,6.176402530400082e-05,1,96.70482017099857
2015-06-04,fold_4,Strong USD downturn,0.0012816587695851922,1,-0.004438275005668402,-1,-0.004438275005668402,0.05559039115905762,0.9999281167984009,2.397614844085183e-05,4.795229688170366e-05,0,-44.38275005668402
2015-06-05,fold_4,Strong USD downturn,-0.001387065276503563,-1,-0.008897615596652031,-1,0.008897615596652031,0.06498265266418457,0.9999014139175415,3.2869927963474765e-05,6.573985592694953e-05,1,88.97615596652031
2015-06-08,fold_4,Strong USD downturn,0.0065167429856956005,1,0.015556452795863152,1,0.015556452795863152,0.0815500020980835,0.9998773336410522,4.088165223947726e-05,8.176330447895452e-05,1,155.56452795863152
2015-06-09,fold_4,Strong USD downturn,0.0069130780175328255,1,0.0016044342191889882,1,0.0016044342191889882,0.08328533172607422,0.9999092817306519,3.0222447094274685e-05,6.044489418854937e-05,1,16.044342191889882
2015-06-10,fold_4,Strong USD downturn,0.007536096964031458,1,0.0011425005504861474,1,0.0011425005504861474,0.08452296257019043,0.99992835521698,2.3863836759119295e-05,4.772767351823859e-05,1,11.425005504861474
2015-06-11,fold_4,Strong USD downturn,0.0068785385228693485,1,-0.006306036841124296,-1,-0.006306036841124296,0.07768392562866211,0.9998733997344971,4.219154652673751e-05,8.438309305347502e-05,0,-63.06036841124296
2015-06-12,fold_4,Strong USD downturn,0.0039033868815749884,1,-0.0018400050466880202,-1,-0.0018400050466880202,0.07570099830627441,0.9998725652694702,4.247332253726199e-05,8.494664507452399e-05,0,-18.400050466880202
2015-06-15,fold_4,Strong USD downturn,0.009699675254523754,1,0.005085863173007965,1,0.005085863173007965,0.08117187023162842,0.9998433589935303,5.220548337092623e-05,0.00010441096674185246,1,50.85863173007965
2015-06-16,fold_4,Strong USD downturn,0.0024348527658730745,1,-0.0031028008088469505,-1,-0.0031028008088469505,0.07781720161437988,0.9998036026954651,6.549717363668606e-05,0.00013099434727337211,0,-31.028008088469505
2015-06-17,fold_4,Strong USD downturn,0.003683817805722356,1,0.011381383053958416,1,0.011381383053958416,0.09008431434631348,0.9998559951782227,4.8015273932833225e-05,9.603054786566645e-05,1,113.81383053958416
2015-06-18,fold_4,Strong USD downturn,-0.004437095019966364,-1,6.814974767621607e-05,1,-6.814974767621607e-05,0.09001004695892334,0.9998600482940674,4.666161476052366e-05,9.332322952104732e-05,0,-0.6814974767621607
2015-06-19,fold_4,Strong USD downturn,0.0005716080195270479,1,0.0001934272440848872,1,0.0001934272440848872,0.09022092819213867,0.9998772144317627,4.0924704080680385e-05,8.184940816136077e-05,1,1.934272440848872
2015-06-22,fold_4,Strong USD downturn,-0.0015400765696540475,-1,-0.0020996162202209234,-1,0.0020996162202209234,0.09250998497009277,0.9998955726623535,3.4792301448760554e-05,6.958460289752111e-05,1,20.996162202209234
2015-06-23,fold_4,Strong USD downturn,-0.005037121009081602,-1,-0.01558514405041933,-1,0.01558514405041933,0.10953700542449951,0.999923586845398,2.5455248760408722e-05,5.0910497520817444e-05,1,155.8514405041933
2015-06-24,fold_4,Strong USD downturn,-0.00688405055552721,-1,0.0031154805328696966,1,-0.0031154805328696966,0.10608029365539551,0.9998294115066528,5.687279553967528e-05,0.00011374559107935056,0,-31.154805328696966
2015-06-25,fold_4,Strong USD downturn,-0.006556043867021799,-1,-0.0003584684163797647,-1,0.0003584684163797647,0.1064767837524414,0.9999246597290039,2.5118652047240175e-05,5.023730409448035e-05,1,3.5846841637976468
2015-06-26,fold_4,Strong USD downturn,-0.004460734315216541,-1,-0.02034766413271427,-1,0.02034766413271427,0.1289910078048706,0.999955415725708,1.4838699826213997e-05,2.9677399652427994e-05,1,203.47664132714272
2015-06-29,fold_4,Strong USD downturn,0.0020403184462338686,1,0.02259182743728161,1,0.02259182743728161,0.15449702739715576,0.9999408721923828,1.9706498278537765e-05,3.941299655707553e-05,1,225.9182743728161
2015-06-30,fold_4,Strong USD downturn,-0.004489423241466284,-1,-0.007839072495698929,-1,0.007839072495698929,0.16354727745056152,0.99992835521698,2.3896125640021637e-05,4.7792251280043274e-05,1,78.39072495698929
2015-07-01,fold_4,Strong USD downturn,-0.00017650173685979098,-1,-0.009102738462388515,-1,0.009102738462388515,0.17413866519927979,0.9999006986618042,3.30858638335485e-05,6.6171727667097e-05,1,91.02738462388515
2015-07-02,fold_4,Strong USD downturn,0.0021969093941152096,1,0.004833896644413471,1,0.004833896644413471,0.17981433868408203,0.999891996383667,3.600816853577271e-05,7.201633707154542e-05,1,48.33896644413471
2015-07-06,fold_4,Strong USD downturn,-0.001582889468409121,-1,0.00490582687780261,1,-0.00490582687780261,0.17402637004852295,0.9998747110366821,4.1741779568837956e-05,8.348355913767591e-05,0,-49.058268778026104
2015-07-07,fold_4,Strong USD downturn,0.00605733459815383,1,-0.003534203628078103,-1,-0.003534203628078103,0.16987717151641846,0.9998095631599426,6.348159513436258e-05,0.00012696319026872516,0,-35.34203628078103
2015-07-08,fold_4,Strong USD downturn,0.007361955940723419,1,0.005546563304960728,1,0.005546563304960728,0.17636597156524658,0.9998869895935059,3.7669484299840406e-05,7.533896859968081e-05,1,55.46563304960728
2015-07-09,fold_4,Strong USD downturn,0.010327520780265331,1,-0.0007190668839029968,-1,-0.0007190668839029968,0.17552006244659424,0.9998717308044434,4.277242987882346e-05,8.554485975764692e-05,0,-7.190668839029968
2015-07-10,fold_4,Strong USD downturn,0.005754170008003712,1,0.005965179298073053,1,0.005965179298073053,0.18253231048583984,0.9999061822891235,3.126475712633692e-05,6.252951425267383e-05,1,59.651792980730534
2015-07-13,fold_4,Strong USD downturn,0.008764870464801788,1,-0.012452283874154091,-1,-0.012452283874154091,0.16780710220336914,0.9998186230659485,6.0473194025689736e-05,0.00012094638805137947,0,-124.52283874154091
2015-07-14,fold_4,Strong USD downturn,0.0019167151767760515,1,0.0015961879398673773,1,0.0015961879398673773,0.1696711778640747,0.9998642206192017,4.525959229795262e-05,9.051918459590524e-05,1,15.961879398673773
2015-07-15,fold_4,Strong USD downturn,0.004187633749097586,1,-0.005854768678545952,-1,-0.005854768678545952,0.16282296180725098,0.9999173879623413,2.751623105723411e-05,5.503246211446822e-05,0,-58.54768678545952
2015-07-16,fold_4,Strong USD downturn,0.00819118320941925,1,-0.005257993470877409,-1,-0.005257993470877409,0.15670883655548096,0.9998764991760254,4.1151579353027046e-05,8.230315870605409e-05,0,-52.57993470877409
2015-07-17,fold_4,Strong USD downturn,0.003535481169819832,1,-0.005122730508446693,-1,-0.005122730508446693,0.15078330039978027,0.9998660087585449,4.465083475224674e-05,8.930166950449347e-05,0,-51.227305084466934
2015-07-21,fold_4,Strong USD downturn,0.004376180004328489,1,0.00964904110878706,1,0.00964904110878706,0.1618872880935669,0.9999090433120728,3.0303683161037043e-05,6.0607366322074085e-05,1,96.4904110878706
2015-07-22,fold_4,Strong USD downturn,0.005260168109089136,1,-0.0011801107320934534,-1,-0.0011801107320934534,0.1605161428451538,0.9998693466186523,4.356540011940524e-05,8.713080023881048e-05,0,-11.801107320934534
2015-07-23,fold_4,Strong USD downturn,0.006367907859385014,1,0.005670242477208376,1,0.005670242477208376,0.16709649562835693,0.9999163150787354,2.7877857064595446e-05,5.575571412919089e-05,1,56.70242477208376
2015-07-24,fold_4,Strong USD downturn,0.005319437477737665,1,-0.0015141702024266124,-1,-0.0015141702024266124,0.16532933712005615,0.9998505115509033,4.9838225095300004e-05,9.967645019060001e-05,0,-15.141702024266124
2015-07-27,fold_4,Strong USD downturn,0.007805724628269672,1,0.010724127292633057,1,0.010724127292633057,0.1778264045715332,0.9999220371246338,2.5970153728849255e-05,5.194030745769851e-05,1,107.24127292633057
2015-07-28,fold_4,Strong USD downturn,0.001893259002827108,1,-0.0021689776331186295,-1,-0.0021689776331186295,0.17527174949645996,0.9999009370803833,3.300104071968235e-05,6.60020814393647e-05,0,-21.689776331186295
2015-07-29,fold_4,Strong USD downturn,0.00235366472043097,1,-0.007403244264423847,-1,-0.007403244264423847,0.16657090187072754,0.999951958656311,1.6026770026655868e-05,3.2053540053311735e-05,0,-74.03244264423847
2015-07-30,fold_4,Strong USD downturn,0.004461543168872595,1,-0.004080268554389477,-1,-0.004080268554389477,0.1618109941482544,0.9998993873596191,3.3552420063642785e-05,6.710484012728557e-05,0,-40.80268554389477
2015-07-31,fold_4,Strong USD downturn,0.0019231270998716354,1,0.0027202083729207516,1,0.0027202083729207516,0.16497135162353516,0.9999659061431885,1.136900573328603e-05,2.273801146657206e-05,1,27.202083729207516
2015-08-03,fold_4,Strong USD downturn,0.006878440733999014,1,-0.0011831811862066388,-1,-0.0011831811862066388,0.16359305381774902,0.9998849630355835,3.8333462725859135e-05,7.666692545171827e-05,0,-11.831811862066388
2015-08-04,fold_4,Strong USD downturn,0.0025860206224024296,1,-0.006119636818766594,-1,-0.006119636818766594,0.1564723253250122,0.9999305009841919,2.3155706003308296e-05,4.631141200661659e-05,0,-61.19636818766594
2015-08-05,fold_4,Strong USD downturn,0.00477988924831152,1,0.0012975219869986176,1,0.0012975219869986176,0.1579728126525879,0.9999198913574219,2.6716017600847408e-05,5.3432035201694816e-05,1,12.975219869986176
2015-08-06,fold_4,Strong USD downturn,0.006607470102608204,1,0.0021963249891996384,1,0.0021963249891996384,0.16051602363586426,0.9999022483825684,3.2574404031038284e-05,6.514880806207657e-05,1,21.963249891996384
2015-08-07,fold_4,Strong USD downturn,0.00478191627189517,1,0.0034758939873427153,1,0.0034758939873427153,0.1645498275756836,0.9998695850372314,4.346407877164893e-05,8.692815754329786e-05,1,34.75893987342715
2015-08-10,fold_4,Strong USD downturn,0.0036340877413749695,1,0.004737264011055231,1,0.004737264011055231,0.17006659507751465,0.9999294281005859,2.3510592654929496e-05,4.702118530985899e-05,1,47.37264011055231
2015-08-11,fold_4,Strong USD downturn,0.004790193866938353,1,0.0022746871691197157,1,0.0022746871691197157,0.1727280616760254,0.9999332427978516,2.2240172256715596e-05,4.448034451343119e-05,1,22.746871691197157
2015-08-12,fold_4,Strong USD downturn,0.005441007670015097,1,0.010770364664494991,1,0.010770364664494991,0.18535876274108887,0.9998891353607178,3.694070619530976e-05,7.388141239061952e-05,1,107.70364664494991
2015-08-13,fold_4,Strong USD downturn,0.007275906391441822,1,0.0,1,0.0,0.18535876274108887,0.9998900890350342,3.663460665848106e-05,7.326921331696212e-05,0,0.0
2015-08-14,fold_4,Strong USD downturn,0.0023090625181794167,1,-0.0060900431126356125,-1,-0.0060900431126356125,0.17813992500305176,0.9999352693557739,2.158279858122114e-05,4.316559716244228e-05,0,-60.900431126356125
2015-08-17,fold_4,Strong USD downturn,0.0012778686359524727,1,-0.0013515696628019214,-1,-0.0013515696628019214,0.17654752731323242,0.9999220371246338,2.5969087801058777e-05,5.193817560211755e-05,0,-13.515696628019214
2015-08-18,fold_4,Strong USD downturn,0.004852470010519028,1,-0.004257874097675085,-1,-0.004257874097675085,0.17153799533843994,0.9998753070831299,4.157123839831911e-05,8.314247679663822e-05,0,-42.57874097675085
2015-08-19,fold_4,Strong USD downturn,0.006406651344150305,1,0.00790493655949831,1,0.00790493655949831,0.18079888820648193,0.9999322891235352,2.2555308532901108e-05,4.5110617065802217e-05,1,79.0493655949831
2015-08-20,fold_4,Strong USD downturn,0.002537074964493513,1,0.010697606019675732,1,0.010697606019675732,0.19343066215515137,0.9999234676361084,2.5507231839583255e-05,5.101446367916651e-05,1,106.97606019675732
2015-08-21,fold_4,Strong USD downturn,0.007695390377193689,1,0.012457658536732197,1,0.012457658536732197,0.2082979679107666,0.9998973608016968,3.419043787289411e-05,6.838087574578822e-05,1,124.57658536732197
2015-08-24,fold_4,Strong USD downturn,0.012466774322092533,1,0.018115969374775887,1,0.018115969374775887,0.2301875352859497,0.9999370574951172,2.098568802466616e-05,4.197137604933232e-05,1,181.15969374775887
2015-08-25,fold_4,Strong USD downturn,0.012184979394078255,1,-0.00277227396145463,-1,-0.00277227396145463,0.2267770767211914,0.9999184608459473,2.718544601520989e-05,5.437089203041978e-05,0,-27.7227396145463
2015-08-26,fold_4,Strong USD downturn,0.009348463267087936,1,-0.018257446587085724,-1,-0.018257446587085724,0.20437932014465332,0.9998527765274048,4.908237315248698e-05,9.816474630497396e-05,0,-182.57446587085724
2015-08-27,fold_4,Strong USD downturn,0.003498602658510208,1,-0.008121015504002571,-1,-0.008121015504002571,0.19459855556488037,0.9998928308486938,3.571902561816387e-05,7.143805123632774e-05,0,-81.21015504002571
2015-08-28,fold_4,Strong USD downturn,0.0029366184026002884,1,-0.0030165945645421743,-1,-0.0030165945645421743,0.1909949779510498,0.9998693466186523,4.3534433643799275e-05,8.706886728759855e-05,0,-30.165945645421743
2015-08-31,fold_4,Strong USD downturn,0.005874767433851957,1,0.001055276719853282,1,0.001055276719853282,0.1922518014907837,0.9999104738235474,2.984419734275434e-05,5.968839468550868e-05,1,10.55276719853282
2015-09-01,fold_4,Strong USD downturn,-0.00224647531285882,-1,0.006019366439431906,1,-0.006019366439431906,0.18507516384124756,0.9998505115509033,4.984193219570443e-05,9.968386439140886e-05,0,-60.19366439431906
2015-09-02,fold_4,Strong USD downturn,-0.007771605160087347,-1,-0.006853028200566769,-1,0.006853028200566769,0.19319641590118408,0.9999276399612427,2.410703200439457e-05,4.821406400878914e-05,1,68.53028200566769
2015-09-03,fold_4,Strong USD downturn,-0.011200899258255959,-1,-0.008032885380089283,-1,0.008032885380089283,0.2027813196182251,0.9999055862426758,3.148526229779236e-05,6.297052459558472e-05,1,80.32885380089283
2015-09-04,fold_4,Strong USD downturn,0.0004416531010065228,1,0.002341874875128269,1,0.002341874875128269,0.2055981159210205,0.999840497970581,5.315565431374125e-05,0.0001063113086274825,1,23.418748751282692
2015-09-08,fold_4,Strong USD downturn,0.0009583676583133638,1,0.0038888398557901382,1,0.0038888398557901382,0.21028649806976318,0.9997757077217102,7.476444443454966e-05,0.00014952888886909932,1,38.88839855790138
2015-09-09,fold_4,Strong USD downturn,0.005722708534449339,1,0.0011893943883478642,1,0.0011893943883478642,0.21172595024108887,0.9998250603675842,5.831752059748396e-05,0.00011663504119496793,1,11.893943883478642
2015-09-10,fold_4,Strong USD downturn,0.0017888344591483474,1,0.006255229003727436,1,0.006255229003727436,0.2193056344985962,0.9997246861457825,9.177836909657344e-05,0.00018355673819314688,1,62.55229003727436
2015-09-11,fold_4,Strong USD downturn,0.0051649995148181915,1,0.004707816056907177,1,0.004707816056907177,0.22504591941833496,0.9998937845230103,3.5395521990722045e-05,7.079104398144409e-05,1,47.07816056907177
2015-09-14,fold_4,Strong USD downturn,-0.005968581419438124,-1,-0.003211408853530884,-1,0.003211408853530884,0.22898006439208984,0.9998477697372437,5.0727514462778345e-05,0.00010145502892555669,1,32.11408853530884
2015-09-15,fold_4,Strong USD downturn,-0.006958107929676771,-1,-0.0031674618367105722,-1,0.0031674618367105722,0.2328728437423706,0.9998457431793213,5.143210364622064e-05,0.00010286420729244128,1,31.674618367105722
2015-09-16,fold_4,Strong USD downturn,0.003018665825948119,1,0.0017954690847545862,1,0.0017954690847545862,0.2350863218307495,0.9999555349349976,1.4830082363914698e-05,2.9660164727829397e-05,1,17.954690847545862
2015-09-17,fold_4,Strong USD downturn,0.003963980823755264,1,0.00964523945003748,1,0.00964523945003748,0.24699902534484863,0.999931812286377,2.2716272724210285e-05,4.543254544842057e-05,1,96.4523945003748
2015-09-18,fold_4,Strong USD downturn,0.005094666033983231,1,-0.009553097188472748,-1,-0.009553097188472748,0.2350863218307495,0.9998770952224731,4.097544297110289e-05,8.195088594220579e-05,0,-95.53097188472748
2015-09-24,fold_4,Strong USD downturn,0.007540144957602024,1,-0.0009837218094617128,-1,-0.0009837218094617128,0.23387134075164795,0.9998742341995239,4.190401523374021e-05,8.380803046748042e-05,0,-9.837218094617128
2015-09-25,fold_4,Strong USD downturn,0.012568122707307339,1,0.0020386953838169575,1,0.0020386953838169575,0.23638689517974854,0.9999363422393799,2.1202584321144968e-05,4.2405168642289937e-05,1,20.386953838169575
2015-09-28,fold_4,Strong USD downturn,0.00291207036934793,1,0.0026168806944042444,1,0.0026168806944042444,0.2396223545074463,0.9999297857284546,2.3399248675559647e-05,4.6798497351119295e-05,1,26.168806944042444
2015-09-29,fold_4,Strong USD downturn,0.004875750280916691,1,0.002217428293079138,1,0.002217428293079138,0.2423710823059082,0.9999148845672607,2.8381742595229298e-05,5.6763485190458596e-05,1,22.174282930791378
2015-09-30,fold_4,Strong USD downturn,0.005998473148792982,1,-0.007451786659657955,-1,-0.007451786659657955,0.23311316967010498,0.9999737739562988,8.74433771969052e-06,1.748867543938104e-05,0,-74.51786659657955
2015-10-01,fold_4,Strong USD downturn,0.0029250800143927336,1,0.0019140391377732158,1,0.0019140391377732158,0.2354733943939209,0.9999263286590576,2.4554537958465517e-05,4.910907591693103e-05,1,19.140391377732158
2015-10-02,fold_4,Strong USD downturn,0.003776750760152936,1,0.002997632836923003,1,0.002997632836923003,0.23917686939239502,0.9999374151229858,2.0871220840490423e-05,4.1742441680980846e-05,1,29.976328369230032
2015-10-05,fold_4,Strong USD downturn,0.0034828593488782644,1,-0.0028323756996542215,-1,-0.0028323756996542215,0.23566710948944092,0.9999033212661743,3.222053055651486e-05,6.444106111302972e-05,0,-28.323756996542215
2015-10-06,fold_4,Strong USD downturn,0.0056565566919744015,1,0.006501608993858099,1,0.006501608993858099,0.24370086193084717,0.9999476671218872,1.743979737511836e-05,3.487959475023672e-05,1,65.01608993858099
2015-10-07,fold_4,Strong USD downturn,0.005153253674507141,1,-0.0024840589612722397,-1,-0.0024840589612722397,0.24061143398284912,0.999884843826294,3.837338954326697e-05,7.674677908653393e-05,0,-24.840589612722397
2015-10-08,fold_4,Strong USD downturn,0.00017786436364986002,1,0.004176144953817129,1,0.004176144953817129,0.24579238891601562,0.9998953342437744,3.486626155790873e-05,6.973252311581746e-05,1,41.76144953817129
2015-10-09,fold_4,Strong USD downturn,0.006415621377527714,1,0.007356438785791397,1,0.007356438785791397,0.2549569606781006,0.9999492168426514,1.693044396233745e-05,3.38608879246749e-05,1,73.56438785791397
2015-10-13,fold_4,Strong USD downturn,0.003639029338955879,1,0.0025958227925002575,1,0.0025958227925002575,0.2582145929336548,0.9998786449432373,4.04287020501215e-05,8.0857404100243e-05,1,25.958227925002575
2015-10-14,fold_4,Strong USD downturn,0.0038927544374018908,1,0.007952532730996609,1,0.007952532730996609,0.2682206630706787,0.999909520149231,3.0146145945764147e-05,6.0292291891528293e-05,1,79.52532730996609
2015-10-15,fold_4,Strong USD downturn,0.0021287535782903433,1,-0.009355970658361912,-1,-0.009355970658361912,0.25635528564453125,0.9998962879180908,3.4557520848466083e-05,6.911504169693217e-05,0,-93.55970658361912
2015-10-16,fold_4,Strong USD downturn,0.0032254985999315977,1,-0.0006248753634281456,-1,-0.0006248753634281456,0.2555701732635498,0.9999356269836426,2.1460595235112123e-05,4.2921190470224246e-05,0,-6.2487536342814565
2015-10-19,fold_4,Strong USD downturn,0.004735322203487158,1,-0.002820884808897972,-1,-0.002820884808897972,0.25202834606170654,0.9999083280563354,3.0549756047548726e-05,6.109951209509745e-05,0,-28.20884808897972
2015-10-20,fold_4,Strong USD downturn,0.002430208260193467,1,0.002202671719714999,1,0.002202671719714999,0.2547861337661743,0.9999063014984131,3.1211220630211756e-05,6.242244126042351e-05,1,22.026717197149992
2015-10-21,fold_4,Strong USD downturn,0.002968876389786601,1,-0.0005220280727371573,-1,-0.0005220280727371573,0.2541310787200928,0.9998921155929565,3.595852467697114e-05,7.191704935394228e-05,0,-5.2202807273715734
2015-10-22,fold_4,Strong USD downturn,0.0038680732250213623,1,-0.023535992950201035,-1,-0.023535992950201035,0.22461390495300293,0.9999186992645264,2.7103005777462386e-05,5.420601155492477e-05,0,-235.35992950201035
2015-10-23,fold_4,Strong USD downturn,0.007893480360507965,1,-0.005466054193675518,-1,-0.005466054193675518,0.21792006492614746,0.9999382495880127,2.0572511857608333e-05,4.1145023715216666e-05,0,-54.66054193675518
2015-10-26,fold_4,Strong USD downturn,0.003541697282344103,1,0.004138649441301823,1,0.004138649441301823,0.2229607105255127,0.9998971223831177,3.4283933928236365e-05,6.856786785647273e-05,1,41.38649441301823
2015-10-27,fold_4,Strong USD downturn,0.006041805725544691,1,-0.002615799428895116,-1,-0.002615799428895116,0.21976172924041748,0.9998970031738281,3.434221798670478e-05,6.868443597340956e-05,0,-26.15799428895116
2015-10-28,fold_4,Strong USD downturn,0.006489876192063093,1,-0.00979236513376236,-1,-0.00979236513376236,0.20781731605529785,0.9998880624771118,3.7289722968125716e-05,7.457944593625143e-05,0,-97.9236513376236
2015-10-29,fold_4,Strong USD downturn,0.010963869281113148,1,0.005936706904321909,1,0.005936706904321909,0.2149878740310669,0.9998750686645508,4.163670018897392e-05,8.327340037794784e-05,1,59.36706904321909
2015-10-30,fold_4,Strong USD downturn,0.00722530810162425,1,0.0029219379648566246,1,0.0029219379648566246,0.2185380458831787,0.9999150037765503,2.8330196073511615e-05,5.666039214702323e-05,1,29.219379648566246
2015-11-02,fold_4,Strong USD downturn,0.004480259492993355,1,-0.0009033163660205901,-1,-0.0009033163660205901,0.21743738651275635,0.9998630285263062,4.565756535157561e-05,9.131513070315123e-05,0,-9.0331636602059
2015-11-04,fold_4,Strong USD downturn,0.004119287244975567,1,-0.008748723194003105,-1,-0.008748723194003105,0.2067863941192627,0.9999191761016846,2.6925546990241855e-05,5.385109398048371e-05,0,-87.48723194003105
2015-11-05,fold_4,Strong USD downturn,0.008210106752812862,1,0.0014692713739350438,1,0.0014692713739350438,0.20855951309204102,0.9998959302902222,3.469503280939534e-05,6.939006561879069e-05,1,14.692713739350438
2015-11-06,fold_4,Strong USD downturn,0.005197522230446339,1,-0.013835355639457703,-1,-0.013835355639457703,0.19183862209320068,0.9998908042907715,3.639307033154182e-05,7.278614066308364e-05,0,-138.35355639457703
2015-11-09,fold_4,Strong USD downturn,-0.002391411457210779,-1,0.0024317402858287096,1,-0.0024317402858287096,0.1889404058456421,0.9999005794525146,3.3137832360807806e-05,6.627566472161561e-05,0,-24.317402858287096
2015-11-10,fold_4,Strong USD downturn,-0.005148969125002623,-1,-0.002040166174992919,-1,0.002040166174992919,0.1913660764694214,0.9999277591705322,2.406811654509511e-05,4.813623309019022e-05,1,20.40166174992919
2015-11-11,fold_4,Strong USD downturn,-0.004306808114051819,-1,0.0023678515572100878,1,-0.0023678515572100878,0.1885451078414917,0.9999293088912964,2.35604056797456e-05,4.71208113594912e-05,0,-23.678515572100878
2015-11-12,fold_4,Strong USD downturn,-0.0009926684433594346,-1,0.004834278021007776,1,-0.004834278021007776,0.1827993392944336,0.9999276399612427,2.4115131964208558e-05,4.8230263928417116e-05,0,-48.34278021007776
2015-11-13,fold_4,Strong USD downturn,0.0046357265673577785,1,-0.01063578575849533,-1,-0.01063578575849533,0.1702193021774292,0.9998397827148438,5.340153438737616e-05,0.00010680306877475232,0,-106.35785758495331
2015-11-16,fold_4,Strong USD downturn,0.00033679045736789703,1,-0.0011222391622141004,-1,-0.0011222391622141004,0.1689060926437378,0.9998840093612671,3.866830229526386e-05,7.733660459052771e-05,0,-11.222391622141004
2015-11-17,fold_4,Strong USD downturn,0.009459160268306732,1,-0.004129724111407995,-1,-0.004129724111407995,0.16407883167266846,0.9999425411224365,1.916318251460325e-05,3.83263650292065e-05,0,-41.29724111407995
2015-11-18,fold_4,Strong USD downturn,0.00506849680095911,1,0.0024539949372410774,1,0.0024539949372410774,0.16693556308746338,0.9998539686203003,4.865989103564061e-05,9.731978207128122e-05,1,24.539949372410774
2015-11-19,fold_4,Strong USD downturn,-0.0007458313484676182,-1,0.005266564432531595,1,-0.005266564432531595,0.1607898473739624,0.999932050704956,2.2665988581138663e-05,4.5331977162277326e-05,0,-52.66564432531595
2015-11-20,fold_4,Strong USD downturn,0.002678163582459092,1,-0.007938201539218426,-1,-0.007938201539218426,0.1515752077102661,0.9998592138290405,4.6931894758017734e-05,9.386378951603547e-05,0,-79.38201539218426
2015-11-24,fold_4,Strong USD downturn,-0.0018962085014209151,-1,0.00017037845100276172,1,-0.00017037845100276172,0.15137898921966553,0.9999606609344482,1.3108107850712258e-05,2.6216215701424517e-05,0,-1.7037845100276172
2015-11-25,fold_4,Strong USD downturn,0.0023949560709297657,1,-0.0017743892967700958,-1,-0.0017743892967700958,0.14933598041534424,0.9999392032623291,2.027499613177497e-05,4.054999226354994e-05,0,-17.74389296770096
2015-11-27,fold_4,Strong USD downturn,0.0031605304684489965,1,-0.002021322725340724,-1,-0.002021322725340724,0.1470128297805786,0.9998799562454224,4.001870547654107e-05,8.003741095308214e-05,0,-20.21322725340724
2015-11-30,fold_4,Strong USD downturn,0.0037051793187856674,1,-0.0009516000864095986,-1,-0.0009516000864095986,0.14592134952545166,0.9999381303787231,2.0608145860023797e-05,4.121629172004759e-05,0,-9.516000864095986
2015-12-01,fold_4,Strong USD downturn,-0.004098498262465,-1,0.0050048306584358215,1,-0.0050048306584358215,0.14018619060516357,0.9999464750289917,1.7827704141382128e-05,3.5655408282764256e-05,0,-50.048306584358215
2015-12-02,fold_4,Strong USD downturn,-1.697251536825206e-05,-1,-0.0012098338920623064,-1,0.0012098338920623064,0.14156568050384521,0.9999336004257202,2.2123087546788156e-05,4.424617509357631e-05,1,12.098338920623064
2015-12-03,fold_4,Strong USD downturn,-0.00217276974581182,-1,0.02854517288506031,1,-0.02854517288506031,0.10897946357727051,0.9999223947525024,2.5848155928542838e-05,5.1696311857085675e-05,0,-285.4517288506031
2015-12-04,fold_4,Strong USD downturn,-0.005956653039902449,-1,-0.0029278246220201254,-1,0.0029278246220201254,0.11222636699676514,0.9999570846557617,1.4286748410086147e-05,2.8573496820172295e-05,1,29.278246220201254
2015-12-07,fold_4,Strong USD downturn,-0.005160176660865545,-1,-0.004593567457050085,-1,0.004593567457050085,0.11733555793762207,0.9999511241912842,1.6285768651869148e-05,3.2571537303738296e-05,1,45.93567457050085
2015-12-08,fold_4,Strong USD downturn,-0.003355001797899604,-1,0.005534087773412466,1,-0.005534087773412466,0.1111520528793335,0.9999648332595825,1.173520377051318e-05,2.347040754102636e-05,0,-55.34087773412466
2015-12-09,fold_4,Strong USD downturn,-0.004830693360418081,-1,0.011381609365344048,1,-0.011381609365344048,0.09850537776947021,0.9999206066131592,2.6448449716554023e-05,5.289689943310805e-05,0,-113.81609365344048
2015-12-10,fold_4,Strong USD downturn,-0.005412809085100889,-1,-0.006338960491120815,-1,0.006338960491120815,0.10546875,0.9999561309814453,1.4623913557443302e-05,2.9247827114886604e-05,1,63.38960491120815
2015-12-11,fold_4,Strong USD downturn,-0.004797763656824827,-1,0.0032732149120420218,1,-0.0032732149120420218,0.10185039043426514,0.9999344348907471,2.183501965191681e-05,4.367003930383362e-05,0,-32.73214912042022
2015-12-14,fold_4,Strong USD downturn,-0.0032858960330486298,-1,0.0008245063363574445,1,-0.0008245063363574445,0.10094189643859863,0.9998608827590942,4.635950972442515e-05,9.27190194488503e-05,0,-8.245063363574445
2015-12-15,fold_4,Strong USD downturn,-0.003724604845046997,-1,-0.005162013694643974,-1,0.005162013694643974,0.10662496089935303,0.9999282360076904,2.392245369264856e-05,4.784490738529712e-05,1,51.62013694643974
2015-12-16,fold_4,Strong USD downturn,-0.00816749781370163,-1,-0.005643780343234539,-1,0.005643780343234539,0.11287045478820801,0.9998667240142822,4.4409061956685036e-05,8.881812391337007e-05,1,56.43780343234539
2015-12-17,fold_4,Strong USD downturn,-0.0003508382651489228,-1,-0.002797894412651658,-1,0.002797894412651658,0.11598408222198486,0.9998394250869751,5.3538849897449836e-05,0.00010707769979489967,1,27.97894412651658
2015-12-18,fold_4,Strong USD downturn,-0.0024047873448580503,-1,0.0023806451354175806,1,-0.0023806451354175806,0.1133272647857666,0.9998950958251953,3.498194200801663e-05,6.996388401603326e-05,0,-23.806451354175806
2015-12-21,fold_4,Strong USD downturn,-0.0009639540803618729,-1,0.003961352631449699,1,-0.003961352631449699,0.1089169979095459,0.9999067783355713,3.10762770823203e-05,6.21525541646406e-05,0,-39.613526314496994
2015-12-22,fold_4,Strong USD downturn,-0.0028783411253243685,-1,0.003394516184926033,1,-0.003394516184926033,0.10515272617340088,0.9999127388000488,2.9071077733533457e-05,5.8142155467066914e-05,0,-33.94516184926033
2015-12-24,fold_4,Strong USD downturn,-0.0037288740277290344,-1,0.00557277537882328,1,-0.00557277537882328,0.09899389743804932,0.9999061822891235,3.125118018942885e-05,6.25023603788577e-05,0,-55.7277537882328
2015-12-28,fold_4,Strong USD downturn,-0.004187119193375111,-1,0.0008450971217826009,1,-0.0008450971217826009,0.09806513786315918,0.9999114274978638,2.9522352633648552e-05,5.9044705267297104e-05,0,-8.450971217826009
2015-12-29,fold_4,Strong USD downturn,-0.005485153291374445,-1,-0.004305660724639893,-1,0.004305660724639893,0.10279297828674316,0.9999493360519409,1.6894025975489058e-05,3.3788051950978115e-05,1,43.056607246398926
2019-01-18,fold_5,Low-vol plateau,-0.005866234190762043,-1,-0.002375367796048522,-1,0.002375367796048522,0.002375364303588867,0.9999234676361084,2.5501381969661452e-05,5.1002763939322904e-05,1,23.75367796048522
2019-01-22,fold_5,Low-vol plateau,-0.007099752780050039,-1,-0.0004659610567614436,-1,0.0004659610567614436,0.002842426300048828,0.9999158382415771,2.8031565307173878e-05,5.6063130614347756e-05,1,4.659610567614436
2019-01-23,fold_5,Low-vol plateau,-0.011248759925365448,-1,0.002129587111994624,1,-0.002129587111994624,0.000706791877746582,0.9999169111251831,2.767991099972278e-05,5.535982199944556e-05,0,-21.29587111994624
2019-01-24,fold_5,Low-vol plateau,-0.009708255529403687,-1,-0.006561825051903725,-1,0.006561825051903725,0.007273316383361816,0.9998681545257568,4.392718619783409e-05,8.785437239566818e-05,1,65.61825051903725
2019-01-25,fold_5,Low-vol plateau,-0.006051564123481512,-1,0.0087994784116745,1,-0.0087994784116745,-0.0015901923179626465,0.9998577833175659,4.7404082579305395e-05,9.480816515861079e-05,0,-87.994784116745
2019-01-28,fold_5,Low-vol plateau,-0.014366415329277515,-1,0.0014859054936096072,1,-0.0014859054936096072,-0.0030736923217773438,0.9998793601989746,4.0210015868069604e-05,8.042003173613921e-05,0,-14.859054936096072
2019-01-29,fold_5,Low-vol plateau,-0.007466189097613096,-1,0.0004688061017077416,1,-0.0004688061017077416,-0.0035410523414611816,0.9998711347579956,4.295130565878935e-05,8.59026113175787e-05,0,-4.688061017077416
2019-01-30,fold_5,Low-vol plateau,-0.014175723306834698,-1,0.004572131671011448,1,-0.004572131671011448,-0.00809699296951294,0.9999115467071533,2.9473143513314426e-05,5.894628702662885e-05,0,-45.72131671011448
2019-01-31,fold_5,Low-vol plateau,-0.01028499472886324,-1,-0.0033203826751559973,-1,0.0033203826751559973,-0.0048035383224487305,0.999870777130127,4.308108691475354e-05,8.616217382950708e-05,1,33.20382675155997
2019-02-01,fold_5,Low-vol plateau,-0.010644817724823952,-1,0.0005040323012508452,1,-0.0005040323012508452,-0.005305111408233643,0.9999188184738159,2.7074687750427984e-05,5.414937550085597e-05,0,-5.040323012508452
2019-02-04,fold_5,Low-vol plateau,-0.009005523286759853,-1,-0.0016581708332523704,-1,0.0016581708332523704,-0.003655731678009033,0.9999407529830933,1.9728357074200176e-05,3.945671414840035e-05,1,16.581708332523704
2019-02-05,fold_5,Low-vol plateau,-0.007121791131794453,-1,-0.002304801717400551,-1,0.002304801717400551,-0.0013593435287475586,0.9999226331710815,2.5790843210415915e-05,5.158168642083183e-05,1,23.04801717400551
2019-02-06,fold_5,Low-vol plateau,-0.00215470464900136,-1,-0.003853170434013009,-1,0.003853170434013009,0.0024886131286621094,0.9998469352722168,5.1007442380068824e-05,0.00010201488476013765,1,38.53170434013009
2019-02-07,fold_5,Low-vol plateau,-0.0017377230105921626,-1,-0.002392479684203863,-1,0.002392479684203863,0.004887104034423828,0.9999347925186157,2.1722811652580276e-05,4.344562330516055e-05,1,23.92479684203863
2019-02-08,fold_5,Low-vol plateau,-0.002789946971461177,-1,-0.0012795890215784311,-1,0.0012795890215784311,0.006172895431518555,0.9999685287475586,1.050369337463053e-05,2.100738674926106e-05,1,12.795890215784311
2019-02-12,fold_5,Low-vol plateau,-0.0023794386070221663,-1,0.004930588882416487,1,-0.004930588882416487,0.0012118816375732422,0.9999397993087769,2.0054008928127587e-05,4.0108017856255174e-05,0,-49.30588882416487
2019-02-13,fold_5,Low-vol plateau,-0.0005685242940671742,-1,-0.006150586996227503,-1,0.006150586996227503,0.0073699951171875,0.999902606010437,3.247580025345087e-05,6.495160050690174e-05,1,61.50586996227503
2019-02-14,fold_5,Low-vol plateau,0.002630275674164295,1,0.0026995516382157803,1,0.0026995516382157803,0.010089397430419922,0.9999593496322632,1.3538958228309639e-05,2.7077916456619278e-05,1,26.995516382157803
2019-02-15,fold_5,Low-vol plateau,-0.0006868817727081478,-1,0.0002372502494836226,1,-0.0002372502494836226,0.009849786758422852,0.9999382495880127,2.056071571132634e-05,4.112143142265268e-05,0,-2.372502494836226
2019-02-19,fold_5,Low-vol plateau,0.0021283598616719246,1,0.002744921250268817,1,0.002744921250268817,0.012621760368347168,0.9999207258224487,2.6435569452587515e-05,5.287113890517503e-05,1,27.44921250268817
2019-02-20,fold_5,Low-vol plateau,0.002434234833344817,1,0.0002950014313682914,1,0.0002950014313682914,0.012920498847961426,0.9999263286590576,2.4565400963183492e-05,4.9130801926366985e-05,1,2.950014313682914
2019-02-21,fold_5,Low-vol plateau,0.002985113998875022,1,-0.0002949144400190562,-1,-0.0002949144400190562,0.012621760368347168,0.9998568296432495,4.770329542225227e-05,9.540659084450454e-05,0,-2.949144400190562
2019-02-22,fold_5,Low-vol plateau,0.0032275232952088118,1,-6.799641414545476e-05,-1,-6.799641414545476e-05,0.012552857398986816,0.9999220371246338,2.5999404897447675e-05,5.199880979489535e-05,0,-0.6799641414545476
2019-02-25,fold_5,Low-vol plateau,0.0007188254385255277,1,0.0022280586417764425,1,0.0022280586417764425,0.014808893203735352,0.9999268054962158,2.4391869374085218e-05,4.8783738748170435e-05,1,22.280586417764425
2019-02-26,fold_5,Low-vol plateau,-0.001585861318744719,-1,0.0022558243945240974,1,-0.0022558243945240974,0.0125197172164917,0.9999164342880249,2.7856716769747436e-05,5.571343353949487e-05,0,-22.558243945240974
2019-02-27,fold_5,Low-vol plateau,0.0011428192956373096,1,-0.001137981773354113,-1,-0.001137981773354113,0.011367440223693848,0.9999542236328125,1.5240350876410957e-05,3.0480701752821915e-05,0,-11.379817733541131
2019-02-28,fold_5,Low-vol plateau,0.0029710426460951567,1,-0.000591427437029779,-1,-0.000591427437029779,0.010769248008728027,0.9999464750289917,1.7819642380345613e-05,3.5639284760691226e-05,0,-5.91427437029779
2019-03-01,fold_5,Low-vol plateau,0.0036080877762287855,1,0.00021612558339256793,1,0.00021612558339256793,0.01098775863647461,0.9999299049377441,2.3366457753581926e-05,4.673291550716385e-05,1,2.1612558339256793
2019-03-04,fold_5,Low-vol plateau,0.0007115572807379067,1,-0.0033898816909641027,-1,-0.0033898816909641027,0.007560610771179199,0.9999535083770752,1.5485398762393743e-05,3.0970797524787486e-05,0,-33.89881690964103
2019-03-05,fold_5,Low-vol plateau,0.002478367183357477,1,-0.0026684298645704985,-1,-0.0026684298645704985,0.004871964454650879,0.9999114274978638,2.9510058084269986e-05,5.902011616853997e-05,0,-26.684298645704985
2019-03-06,fold_5,Low-vol plateau,0.0024976120330393314,1,0.0006109592504799366,1,0.0006109592504799366,0.005485892295837402,0.9999384880065918,2.048480382654816e-05,4.096960765309632e-05,1,6.109592504799366
2019-03-07,fold_5,Low-vol plateau,0.0004125676059629768,1,-0.010224131867289543,-1,-0.010224131867289543,-0.004794299602508545,0.9999243021011353,2.5222763724741526e-05,5.044552744948305e-05,0,-102.24131867289543
2019-03-08,fold_5,Low-vol plateau,-0.0021232913713902235,-1,0.0030440150294452906,1,-0.0030440150294452906,-0.007823705673217773,0.9999450445175171,1.8316288333153352e-05,3.6632576666306704e-05,0,-30.440150294452906
2019-03-11,fold_5,Low-vol plateau,0.0013659832766279578,1,0.00238696183077991,1,0.00238696183077991,-0.005455434322357178,0.9999232292175293,2.557129118940793e-05,5.114258237881586e-05,1,23.8696183077991
2019-03-12,fold_5,Low-vol plateau,-0.002531514735892415,-1,0.0025057890452444553,1,-0.0025057890452444553,-0.007947564125061035,0.999933123588562,2.2287542378762737e-05,4.4575084757525474e-05,0,-25.057890452444553
2019-03-13,fold_5,Low-vol plateau,-0.004158231429755688,-1,0.0038639309350401163,1,-0.0038639309350401163,-0.011780798435211182,0.9999426603317261,1.910971332108602e-05,3.821942664217204e-05,0,-38.63930935040116
2019-03-14,fold_5,Low-vol plateau,-0.005660591647028923,-1,-0.002001645043492317,-1,0.002001645043492317,-0.009802758693695068,0.9999074935913086,3.0845847504679114e-05,6.169169500935823e-05,1,20.016450434923172
2019-03-15,fold_5,Low-vol plateau,-0.0020666574127972126,-1,0.0010074680903926492,1,-0.0010074680903926492,-0.010800361633300781,0.9999402761459351,1.9887378584826365e-05,3.977475716965273e-05,0,-10.074680903926492
2019-03-18,fold_5,Low-vol plateau,4.462506694835611e-05,1,0.0014510758919641376,1,0.0014510758919641376,-0.009364902973175049,0.9999222755432129,2.5894089048961177e-05,5.1788178097922355e-05,1,14.510758919641376
2019-03-19,fold_5,Low-vol plateau,0.0010668609756976366,1,0.001646355027332902,1,0.001646355027332902,-0.007733941078186035,0.9999425411224365,1.9164674085914157e-05,3.8329348171828315e-05,1,16.46355027332902
2019-03-20,fold_5,Low-vol plateau,0.007333641406148672,1,0.006434020586311817,1,0.006434020586311817,-0.0013497471809387207,0.999906063079834,3.130447294097394e-05,6.260894588194788e-05,1,64.34020586311817
2019-03-22,fold_5,Low-vol plateau,0.007501554675400257,1,-0.0069582522846758366,-1,-0.0069582522846758366,-0.00829857587814331,0.9998877048492432,3.744352943613194e-05,7.488705887226388e-05,0,-69.58252284675837
2019-03-25,fold_5,Low-vol plateau,0.011222580447793007,1,0.0017652605893090367,1,0.0017652605893090367,-0.006547987461090088,0.9999316930770874,2.275247788929846e-05,4.550495577859692e-05,1,17.652605893090367
2019-03-26,fold_5,Low-vol plateau,0.011437345296144485,1,-0.003619218012318015,-1,-0.003619218012318015,-0.010143458843231201,0.9999356269836426,2.14455012610415e-05,4.2891002522083e-05,0,-36.19218012318015
2019-03-27,fold_5,Low-vol plateau,0.00852089561522007,1,-0.0020477843936532736,-1,-0.0020477843936532736,-0.012170493602752686,0.999893069267273,3.565471706679091e-05,7.130943413358182e-05,0,-20.477843936532736
2019-03-28,fold_5,Low-vol plateau,0.008466544561088085,1,-0.0019316303078085184,-1,-0.0019316303078085184,-0.014078617095947266,0.9998732805252075,4.224978692946024e-05,8.449957385892048e-05,0,-19.316303078085184
2019-03-29,fold_5,Low-vol plateau,0.004811291582882404,1,-0.0005498689133673906,-1,-0.0005498689133673906,-0.014620721340179443,0.99992835521698,2.3869481083238497e-05,4.7738962166476995e-05,0,-5.498689133673906
2019-04-01,fold_5,Low-vol plateau,0.0054206447675824165,1,-0.0016136592021211982,-1,-0.0016136592021211982,-0.01621079444885254,0.9999406337738037,1.9802164388238452e-05,3.9604328776476905e-05,0,-16.13659202121198
2019-04-02,fold_5,Low-vol plateau,0.004951183684170246,1,-0.0001680841378401965,-1,-0.0001680841378401965,-0.016376137733459473,0.9999195337295532,2.6817317120730877e-05,5.3634634241461754e-05,0,-1.680841378401965
2019-04-03,fold_5,Low-vol plateau,0.007197381462901831,1,0.003846475388854742,1,0.003846475388854742,-0.012592613697052002,0.9999134540557861,2.8856842618552037e-05,5.771368523710407e-05,1,38.46475388854742
2019-04-04,fold_5,Low-vol plateau,0.012596683576703072,1,-0.0018746902933344245,-1,-0.0018746902933344245,-0.014443695545196533,0.9998691082000732,4.3645177356665954e-05,8.729035471333191e-05,0,-18.746902933344245
2019-04-05,fold_5,Low-vol plateau,0.004199424292892218,1,-0.0005610103835351765,-1,-0.0005610103835351765,-0.014996588230133057,0.9999369382858276,2.1006981114624068e-05,4.2013962229248136e-05,0,-5.610103835351765
2019-04-08,fold_5,Low-vol plateau,0.0019234024221077561,1,0.003286882070824504,1,0.003286882070824504,-0.011759042739868164,0.9998999834060669,3.333546919748187e-05,6.667093839496374e-05,1,32.86882070824504
2019-04-09,fold_5,Low-vol plateau,0.006040955428034067,1,0.000935124815441668,1,0.000935124815441668,-0.010834932327270508,0.9999161958694458,2.7918167688767426e-05,5.583633537753485e-05,1,9.35124815441668
2019-04-10,fold_5,Low-vol plateau,0.0006269739824347198,1,0.0008457988151349127,1,0.0008457988151349127,-0.009998321533203125,0.9998830556869507,3.8983969716355205e-05,7.796793943271041e-05,1,8.457988151349127
2019-04-11,fold_5,Low-vol plateau,0.0027655628509819508,1,-0.0013963867677375674,-1,-0.0013963867677375674,-0.01138073205947876,0.9998997449874878,3.339629984111525e-05,6.67925996822305e-05,0,-13.963867677375674
2019-04-12,fold_5,Low-vol plateau,0.000610771297942847,1,0.003934172447770834,1,0.003934172447770834,-0.007491350173950195,0.9999245405197144,2.5139352146652527e-05,5.0278704293305054e-05,1,39.34172447770834
2019-04-15,fold_5,Low-vol plateau,0.0019099056953564286,1,-1.1282911145826802e-05,-1,-1.1282911145826802e-05,-0.007502555847167969,0.9999371767044067,2.0936631699441932e-05,4.1873263398883864e-05,0,-0.11282911145826802
2019-04-16,fold_5,Low-vol plateau,0.0024847008753567934,1,-0.001760470331646502,-1,-0.001760470331646502,-0.00924980640411377,0.9999328851699829,2.237073567812331e-05,4.474147135624662e-05,0,-17.60470331646502
2019-04-17,fold_5,Low-vol plateau,0.0031375118996948004,1,0.0010732508962973952,1,0.0010732508962973952,-0.008186519145965576,0.9999614953994751,1.282666653423803e-05,2.565333306847606e-05,1,10.732508962973952
2019-04-18,fold_5,Low-vol plateau,0.0032338201999664307,1,-0.005415794439613819,-1,-0.005415794439613819,-0.013557970523834229,0.9999312162399292,2.2943688236409798e-05,4.5887376472819597e-05,0,-54.15794439613819
2019-04-22,fold_5,Low-vol plateau,0.001989256590604782,1,0.0012835260713472962,1,0.0012835260713472962,-0.01229184865951538,0.9999140501022339,2.865353053493891e-05,5.730706106987782e-05,1,12.835260713472962
2019-04-23,fold_5,Low-vol plateau,-0.0001385360083077103,-1,-0.0030754762701690197,-1,0.0030754762701690197,-0.009254157543182373,0.9999706745147705,9.782163942873012e-06,1.9564327885746025e-05,1,30.754762701690197
2019-04-24,fold_5,Low-vol plateau,0.0014719641767442226,1,-0.006312881130725145,-1,-0.006312881130725145,-0.015508651733398438,0.9999568462371826,1.43909637699835e-05,2.8781927539967e-05,0,-63.12881130725145
2019-04-25,fold_5,Low-vol plateau,-0.0020458719227463007,-1,-0.0014923748094588518,-1,0.0014923748094588518,-0.014039397239685059,0.9999423027038574,1.9237157175666653e-05,3.8474314351333305e-05,1,14.923748094588518
2019-04-26,fold_5,Low-vol plateau,-0.0004042267974000424,-1,0.0012043117312714458,1,-0.0012043117312714458,-0.015226781368255615,0.9999287128448486,2.3753826098982245e-05,4.750765219796449e-05,0,-12.043117312714458
2019-05-07,fold_5,Low-vol plateau,-0.0005267054075375199,-1,-0.0009624563390389085,-1,0.0009624563390389085,-0.014278948307037354,0.9999327659606934,2.239471359644085e-05,4.47894271928817e-05,1,9.624563390389085
2019-05-08,fold_5,Low-vol plateau,-0.0016763415187597275,-1,0.0006494636763818562,1,-0.0006494636763818562,-0.014919102191925049,0.9999278783798218,2.4030543499975465e-05,4.806108699995093e-05,0,-6.494636763818562
2019-05-09,fold_5,Low-vol plateau,0.004758690949529409,1,0.0021209637634456158,1,0.0021209637634456158,-0.012829780578613281,0.9999502897262573,1.6584102922934107e-05,3.3168205845868215e-05,1,21.209637634456158
2019-05-10,fold_5,Low-vol plateau,0.005890004802495241,1,0.0012809962499886751,1,0.0012809962499886751,-0.011565208435058594,0.9999421834945679,1.9253793652751483e-05,3.8507587305502966e-05,1,12.809962499886751
2019-05-13,fold_5,Low-vol plateau,-0.002021481515839696,-1,-0.00034819229040294886,-1,0.00034819229040294886,-0.011221051216125488,0.9999527931213379,1.5726142009953037e-05,3.1452284019906074e-05,1,3.4819229040294886
2019-05-14,fold_5,Low-vol plateau,0.003595728427171707,1,-0.002498582238331437,-1,-0.002498582238331437,-0.013691604137420654,0.9999381303787231,2.0628809579648077e-05,4.1257619159296155e-05,0,-24.98582238331437
2019-05-15,fold_5,Low-vol plateau,-0.00066066236468032,-1,0.0002465155557729304,1,-0.0002465155557729304,-0.013934731483459473,0.999956488609314,1.4510636901832186e-05,2.902127380366437e-05,0,-2.465155557729304
2019-05-16,fold_5,Low-vol plateau,0.002269735326990485,1,-0.00300564244389534,-1,-0.00300564244389534,-0.01689845323562622,0.9999113082885742,2.9571194318123162e-05,5.9142388636246324e-05,0,-30.0564244389534
2019-05-17,fold_5,Low-vol plateau,0.0020961693953722715,1,-0.0007370057865045965,-1,-0.0007370057865045965,-0.01762300729751587,0.9999642372131348,1.192725630971836e-05,2.385451261943672e-05,0,-7.370057865045965
2019-05-20,fold_5,Low-vol plateau,0.0005871054599992931,1,0.00029040739173069596,1,0.00029040739173069596,-0.01733773946762085,0.9999065399169922,3.116210427833721e-05,6.232420855667442e-05,1,2.9040739173069596
2019-05-21,fold_5,Low-vol plateau,0.0003062599280383438,1,-0.0011713255662471056,-1,-0.0011713255662471056,-0.018488764762878418,0.999955415725708,1.4846992598904762e-05,2.9693985197809525e-05,0,-11.713255662471056
2019-05-23,fold_5,Low-vol plateau,-0.0016837423900142312,-1,0.002606033580377698,1,-0.002606033580377698,-0.02104663848876953,0.999954342842102,1.5212724974844605e-05,3.042544994968921e-05,0,-26.06033580377698
2019-05-24,fold_5,Low-vol plateau,-0.003396907588467002,-1,0.002241884358227253,1,-0.002241884358227253,-0.02324134111404419,0.9999268054962158,2.4405930162174627e-05,4.8811860324349254e-05,0,-22.41884358227253
2019-05-28,fold_5,Low-vol plateau,-0.0011248810915276408,-1,-0.002066653920337558,-1,0.002066653920337558,-0.02122277021408081,0.9998950958251953,3.497822399367578e-05,6.995644798735157e-05,1,20.666539203375578
2019-05-29,fold_5,Low-vol plateau,-0.00467268843203783,-1,-0.0029847442638128996,-1,0.0029847442638128996,-0.01830136775970459,0.9999403953552246,1.9846307623083703e-05,3.9692615246167406e-05,1,29.847442638128996
2019-05-30,fold_5,Low-vol plateau,-0.0024654457811266184,-1,-0.0005565853207372129,-1,0.0005565853207372129,-0.017754971981048584,0.9999091625213623,3.0280221835710108e-05,6.0560443671420217e-05,1,5.565853207372129
2019-05-31,fold_5,Low-vol plateau,-0.0009290968882851303,-1,0.003855000250041485,1,-0.003855000250041485,-0.0215415358543396,0.9999748468399048,8.365912435692735e-06,1.673182487138547e-05,0,-38.55000250041485
2019-06-03,fold_5,Low-vol plateau,-0.0027432485949248075,-1,0.006466649007052183,1,-0.006466649007052183,-0.02786886692047119,0.9999226331710815,2.5767110855667852e-05,5.1534221711335704e-05,0,-64.66649007052183
2019-06-04,fold_5,Low-vol plateau,0.0005259645986370742,1,0.0006865524337626994,1,0.0006865524337626994,-0.027201473712921143,0.9999358654022217,2.1370031390688382e-05,4.2740062781376764e-05,1,6.865524337626994
2019-06-05,fold_5,Low-vol plateau,-0.002066257642582059,-1,-0.002223382471129298,-1,0.002223382471129298,-0.025038599967956543,0.9999486207962036,1.710628202999942e-05,3.421256405999884e-05,1,22.233824711292982
2019-06-06,fold_5,Low-vol plateau,-0.003214063588529825,-1,0.004228744190186262,1,-0.004228744190186262,-0.029161512851715088,0.9999260902404785,2.462921111145988e-05,4.925842222291976e-05,0,-42.28744190186262
2019-06-07,fold_5,Low-vol plateau,-0.0070773037150502205,-1,0.003871487220749259,1,-0.003871487220749259,-0.032920122146606445,0.9999382495880127,2.0564721125992946e-05,4.112944225198589e-05,0,-38.71487220749259
2019-06-10,fold_5,Low-vol plateau,-0.0019236725056543946,-1,-0.00018112821271643043,-1,0.00018112821271643043,-0.03274500370025635,0.9999418258666992,1.9381282982067205e-05,3.876256596413441e-05,1,1.8112821271643043
2019-06-11,fold_5,Low-vol plateau,-0.0033794590272009373,-1,0.001008287537842989,1,-0.001008287537842989,-0.03372025489807129,0.9999551773071289,1.4953687241359148e-05,2.9907374482718296e-05,0,-10.08287537842989
2019-06-12,fold_5,Low-vol plateau,-0.006111476104706526,-1,-0.002993301022797823,-1,0.002993301022797823,-0.030827820301055908,0.9999656677246094,1.14315744212945e-05,2.2863148842589e-05,1,29.93301022797823
2019-06-13,fold_5,Low-vol plateau,-0.009210145100951195,-1,-0.0013423121999949217,-1,0.0013423121999949217,-0.029526889324188232,0.9999459981918335,1.798166886146646e-05,3.596333772293292e-05,1,13.423121999949217
2019-06-14,fold_5,Low-vol plateau,-0.008469214662909508,-1,-0.005619735922664404,-1,0.005619735922664404,-0.02407306432723999,0.9999130964279175,2.8982853109482676e-05,5.796570621896535e-05,1,56.19735922664404
2019-06-17,fold_5,Low-vol plateau,-0.007456399500370026,-1,0.0006733588525094092,1,-0.0006733588525094092,-0.024730205535888672,0.9999314546585083,2.2848120352136903e-05,4.5696240704273805e-05,0,-6.733588525094092
2019-06-18,fold_5,Low-vol plateau,-0.004617470782250166,-1,-0.0023515592329204082,-1,0.0023515592329204082,-0.022436857223510742,0.9999492168426514,1.6909178157220595e-05,3.381835631444119e-05,1,23.515592329204082
2019-06-19,fold_5,Low-vol plateau,-0.00285851932130754,-1,0.003596331924200058,1,-0.003596331924200058,-0.025952458381652832,0.9999325275421143,2.2492738935397938e-05,4.4985477870795876e-05,0,-35.96331924200058
2019-06-20,fold_5,Low-vol plateau,-0.004768033977597952,-1,0.005082990508526564,1,-0.005082990508526564,-0.030903518199920654,0.9999594688415527,1.3513425983546767e-05,2.7026851967093535e-05,0,-50.829905085265636
2019-06-21,fold_5,Low-vol plateau,-0.005701716989278793,-1,0.007889659143984318,1,-0.007889659143984318,-0.03854936361312866,0.9999005794525146,3.313521665404551e-05,6.627043330809101e-05,0,-78.89659143984318
2019-06-24,fold_5,Low-vol plateau,-0.006093737203627825,-1,0.0013679296243935823,1,-0.0013679296243935823,-0.039864540100097656,0.9999409914016724,1.9682760466821492e-05,3.9365520933642983e-05,0,-13.679296243935823
2019-06-25,fold_5,Low-vol plateau,-0.009991985745728016,-1,-0.0026604935992509127,-1,0.0026604935992509127,-0.03731006383895874,0.9999475479125977,1.7481028407928534e-05,3.496205681585707e-05,1,26.604935992509127
2019-06-26,fold_5,Low-vol plateau,-0.00810188241302967,-1,0.00042085087625309825,1,-0.00042085087625309825,-0.037715256214141846,0.9999692440032959,1.0259518603561446e-05,2.0519037207122892e-05,0,-4.2085087625309825
2019-06-27,fold_5,Low-vol plateau,-0.007952974177896976,-1,-0.0001591937179910019,-1,0.0001591937179910019,-0.03756213188171387,0.9999595880508423,1.3460586160363164e-05,2.6921172320726328e-05,1,1.591937179910019
2019-06-28,fold_5,Low-vol plateau,-0.005992270074784756,-1,-0.00070458889240399,-1,0.00070458889240399,-0.03688395023345947,0.9999258518218994,2.469664286763873e-05,4.939328573527746e-05,1,7.0458889240399
2019-07-01,fold_5,Low-vol plateau,-0.007788246031850576,-1,-0.0068176812492311,-1,0.0068176812492311,-0.030317723751068115,0.999920129776001,2.6610612621880136e-05,5.322122524376027e-05,1,68.176812492311
2019-07-02,fold_5,Low-vol plateau,-0.005971094127744436,-1,0.0004969057627022266,1,-0.0004969057627022266,-0.030799567699432373,0.999925971031189,2.4691265934961848e-05,4.9382531869923696e-05,0,-4.969057627022266
2019-07-03,fold_5,Low-vol plateau,-0.007500587496906519,-1,-0.00045158492866903543,-1,0.00045158492866903543,-0.03036189079284668,0.9999397993087769,2.0055618733749725e-05,4.011123746749945e-05,1,4.515849286690354
2019-07-05,fold_5,Low-vol plateau,-0.005048816092312336,-1,-0.005175866652280092,-1,0.005175866652280092,-0.025343239307403564,0.99989914894104,3.360956543474458e-05,6.721913086948916e-05,1,51.75866652280092
2019-07-08,fold_5,Low-vol plateau,-0.003142646746709943,-1,-0.0010094279423356056,-1,0.0010094279423356056,-0.02435934543609619,0.9999535083770752,1.550859997223597e-05,3.101719994447194e-05,1,10.094279423356056
2019-07-09,fold_5,Low-vol plateau,-0.003056532936170697,-1,-0.0006948888185434043,-1,0.0006948888185434043,-0.0236814022064209,0.9999154806137085,2.8163354727439582e-05,5.6326709454879165e-05,1,6.948888185434043
2019-07-10,fold_5,Low-vol plateau,-0.0047231088392436504,-1,0.004514812957495451,1,-0.004514812957495451,-0.028089284896850586,0.999954342842102,1.520851128589129e-05,3.041702257178258e-05,0,-45.14812957495451
2019-07-11,fold_5,Low-vol plateau,-0.0038662180304527283,-1,-0.0005738722975365818,-1,0.0005738722975365818,-0.02753150463104248,0.9999542236328125,1.5248461750161368e-05,3.0496923500322737e-05,1,5.7387229753658175
2019-07-12,fold_5,Low-vol plateau,-0.0051156762056052685,-1,0.001747183850966394,1,-0.001747183850966394,-0.029230594635009766,0.9999496936798096,1.6777054042904638e-05,3.3554108085809276e-05,0,-17.47183850966394
2019-07-16,fold_5,Low-vol plateau,-0.00686590326949954,-1,-0.004395125899463892,-1,0.004395125899463892,-0.02496391534805298,0.9999302625656128,2.325873174413573e-05,4.651746348827146e-05,1,43.95125899463892
2019-07-17,fold_5,Low-vol plateau,-0.003864882979542017,-1,0.0015496194828301668,1,-0.0015496194828301668,-0.026474833488464355,0.9999414682388306,1.9489980331854895e-05,3.897996066370979e-05,0,-15.496194828301668
2019-07-18,fold_5,Low-vol plateau,-0.007513477001339197,-1,0.0028379710856825113,1,-0.0028379710856825113,-0.02923762798309326,0.9999585151672363,1.3810127711622044e-05,2.762025542324409e-05,0,-28.379710856825113
2019-07-19,fold_5,Low-vol plateau,-0.011617041192948818,-1,-0.003836731193587184,-1,0.003836731193587184,-0.025513052940368652,0.9999219179153442,2.600492189230863e-05,5.200984378461726e-05,1,38.36731193587184
2019-07-22,fold_5,Low-vol plateau,-0.009991156868636608,-1,-0.0010869659017771482,-1,0.0010869659017771482,-0.024453818798065186,0.9999150037765503,2.8327671316219494e-05,5.665534263243899e-05,1,10.869659017771482
2019-07-23,fold_5,Low-vol plateau,-0.006607942283153534,-1,-0.004895445425063372,-1,0.004895445425063372,-0.019678056240081787,0.9999059438705444,3.136547820759006e-05,6.273095641518012e-05,1,48.95445425063372
2019-07-24,fold_5,Low-vol plateau,-0.007338269148021936,-1,-0.0007910756976343691,-1,0.0007910756976343691,-0.01890254020690918,0.9999502897262573,1.658650035096798e-05,3.317300070193596e-05,1,7.910756976343691
2019-07-25,fold_5,Low-vol plateau,-0.005359581205993891,-1,0.0003343336284160614,1,-0.0003343336284160614,-0.019230544567108154,0.9999281167984009,2.3947191948536783e-05,4.789438389707357e-05,0,-3.343336284160614
2019-07-26,fold_5,Low-vol plateau,-0.006985956337302923,-1,-0.0012578507885336876,-1,0.0012578507885336876,-0.01799684762954712,0.9999264478683472,2.4518458303646185e-05,4.903691660729237e-05,1,12.578507885336876
2019-07-29,fold_5,Low-vol plateau,-0.0027733566239476204,-1,0.000980583718046546,1,-0.000980583718046546,-0.018959760665893555,0.9999383687973022,2.052402669505682e-05,4.104805339011364e-05,0,-9.80583718046546
2019-07-30,fold_5,Low-vol plateau,-0.004400469362735748,-1,0.0013388646766543388,1,-0.0013388646766543388,-0.020273208618164062,0.9999405145645142,1.981128480110783e-05,3.962256960221566e-05,0,-13.388646766543388
2019-07-31,fold_5,Low-vol plateau,-0.004695978946983814,-1,-0.007728002034127712,-1,0.007728002034127712,-0.012701928615570068,0.9999384880065918,2.049442809948232e-05,4.098885619896464e-05,1,77.28002034127712
2019-08-01,fold_5,Low-vol plateau,-0.0058262101374566555,-1,0.0006425735191442072,1,-0.0006425735191442072,-0.013336360454559326,0.9999597072601318,1.3418777598417364e-05,2.6837555196834728e-05,0,-6.425735191442072
2019-08-02,fold_5,Low-vol plateau,-0.003543216036632657,-1,0.0026325583457946777,1,-0.0026325583457946777,-0.0159338116645813,0.9999557733535767,1.4730122529726941e-05,2.9460245059453882e-05,0,-26.325583457946777
2019-08-05,fold_5,Low-vol plateau,-0.004697355907410383,-1,0.012222036719322205,1,-0.012222036719322205,-0.027961134910583496,0.9999383687973022,2.0530411347863264e-05,4.106082269572653e-05,0,-122.22036719322205
2019-08-06,fold_5,Low-vol plateau,-0.005864840932190418,-1,-0.003272486152127385,-1,0.003272486152127385,-0.024780094623565674,0.9998821020126343,3.9284797821892425e-05,7.856959564378485e-05,1,32.72486152127385
2019-08-07,fold_5,Low-vol plateau,-0.005437672138214111,-1,-0.0002352914452785626,-1,0.0002352914452785626,-0.02455061674118042,0.999967098236084,1.0981818377331365e-05,2.196363675466273e-05,1,2.352914452785626
2019-08-08,fold_5,Low-vol plateau,-0.004503661300987005,-1,-0.0015326269203796983,-1,0.0015326269203796983,-0.023055553436279297,0.9999467134475708,1.7764290532795712e-05,3.5528581065591425e-05,1,15.326269203796983
2019-08-09,fold_5,Low-vol plateau,-0.001960407942533493,-1,0.0019053779542446136,1,-0.0019053779542446136,-0.024917006492614746,0.9999247789382935,2.5069455659831874e-05,5.013891131966375e-05,0,-19.053779542446136
2019-08-13,fold_5,Low-vol plateau,-0.0016375597333535552,-1,-0.0036772366147488356,-1,0.0036772366147488356,-0.021331369876861572,0.9999361038208008,2.129363019776065e-05,4.25872603955213e-05,1,36.772366147488356
2019-08-14,fold_5,Low-vol plateau,-0.001903050928376615,-1,-0.003019839758053422,-1,0.003019839758053422,-0.01837599277496338,0.999957799911499,1.4081839253776707e-05,2.8163678507553414e-05,1,30.19839758053422
2019-08-15,fold_5,Low-vol plateau,3.005974031111691e-05,1,-0.0026672929525375366,-1,-0.0026672929525375366,-0.02099430561065674,0.9999297857284546,2.3401393264066428e-05,4.6802786528132856e-05,0,-26.672929525375366
2019-08-16,fold_5,Low-vol plateau,0.0007173453341238201,1,-0.0017750132828950882,-1,-0.0017750132828950882,-0.022732079029083252,0.9999210834503174,2.631339884828776e-05,5.262679769657552e-05,0,-17.750132828950882
2019-08-19,fold_5,Low-vol plateau,0.001656977809034288,1,-0.0009641959914006293,-1,-0.0009641959914006293,-0.023674368858337402,0.9998177886009216,6.077103898860514e-05,0.00012154207797721028,0,-9.641959914006293
2019-08-20,fold_5,Low-vol plateau,0.002722450066357851,1,0.001320609007962048,1,0.001320609007962048,-0.022385060787200928,0.9999102354049683,2.9913171601947397e-05,5.9826343203894794e-05,1,13.20609007962048
2019-08-21,fold_5,Low-vol plateau,0.00021557380387093872,1,-0.0006321496912278235,-1,-0.0006321496912278235,-0.023003101348876953,0.9999308586120605,2.3051816242514178e-05,4.6103632485028356e-05,0,-6.321496912278235
2019-08-22,fold_5,Low-vol plateau,0.0030966526828706264,1,-0.0006096552242524922,-1,-0.0006096552242524922,-0.02359873056411743,0.99988853931427,3.716661740327254e-05,7.433323480654508e-05,0,-6.096552242524922
2019-08-23,fold_5,Low-vol plateau,0.00698055187240243,1,0.005326444748789072,1,0.005326444748789072,-0.018398046493530273,0.9999254941940308,2.4816383302095346e-05,4.963276660419069e-05,1,53.26444748789072
2019-08-26,fold_5,Low-vol plateau,0.005326271057128906,1,-0.0035310082603245974,-1,-0.0035310082603245974,-0.02186405658721924,0.9998962879180908,3.457621278357692e-05,6.915242556715384e-05,0,-35.310082603245974
2019-08-27,fold_5,Low-vol plateau,0.01287834346294403,1,-0.0012309884186834097,-1,-0.0012309884186834097,-0.023068130016326904,0.9998683929443359,4.387068111100234e-05,8.774136222200468e-05,0,-12.309884186834097
2019-08-28,fold_5,Low-vol plateau,0.011730203405022621,1,-0.0003769751638174057,-1,-0.0003769751638174057,-0.023436427116394043,0.9999086856842041,3.0435558073804714e-05,6.087111614760943e-05,0,-3.769751638174057
2019-08-29,fold_5,Low-vol plateau,0.007872867397964,1,-0.0021569994278252125,-1,-0.0021569994278252125,-0.025542855262756348,0.9999511241912842,1.6286439858959056e-05,3.257287971791811e-05,0,-21.569994278252125
2019-08-30,fold_5,Low-vol plateau,0.0029160797130316496,1,-0.0063423048704862595,-1,-0.0063423048704862595,-0.03172314167022705,0.9999375343322754,2.081567254208494e-05,4.163134508416988e-05,0,-63.423048704862595
2019-09-03,fold_5,Low-vol plateau,0.010184514336287975,1,0.0005487410235218704,1,0.0005487410235218704,-0.03119182586669922,0.9999489784240723,1.699749736872036e-05,3.399499473744072e-05,1,5.487410235218704
2019-09-04,fold_5,Low-vol plateau,0.004266268108040094,1,0.005506451241672039,1,0.005506451241672039,-0.025857210159301758,0.9998689889907837,4.366480789030902e-05,8.732961578061804e-05,1,55.06451241672039
2019-09-05,fold_5,Low-vol plateau,0.005420357454568148,1,0.0001214242001879029,1,0.0001214242001879029,-0.025738894939422607,0.9998929500579834,3.5692461096914485e-05,7.138492219382897e-05,1,1.214242001879029
2019-09-06,fold_5,Low-vol plateau,0.0027919388376176357,1,-0.0014217004645615816,-1,-0.0014217004645615816,-0.027123987674713135,0.9998992681503296,3.3554384572198614e-05,6.710876914439723e-05,0,-14.217004645615816
2019-09-09,fold_5,Low-vol plateau,0.005277503747493029,1,0.002519046887755394,1,0.002519046887755394,-0.024673283100128174,0.9999469518661499,1.7685635611996986e-05,3.537127122399397e-05,1,25.19046887755394
2019-09-10,fold_5,Low-vol plateau,0.006325379014015198,1,0.00017673612455837429,1,0.00017673612455837429,-0.02450084686279297,0.9998276233673096,5.744355439674109e-05,0.00011488710879348218,1,1.7673612455837429
2019-09-11,fold_5,Low-vol plateau,0.0031142637599259615,1,-0.003337112022563815,-1,-0.003337112022563815,-0.027756154537200928,0.9999164342880249,2.7857142413267866e-05,5.571428482653573e-05,0,-33.37112022563815
2019-09-12,fold_5,Low-vol plateau,0.00027617468731477857,1,0.004069486167281866,1,0.004069486167281866,-0.023799657821655273,0.9999481439590454,1.7270014723180793e-05,3.4540029446361586e-05,1,40.69486167281866
2019-09-13,fold_5,Low-vol plateau,0.0020261083263903856,1,0.0022721209097653627,1,0.0022721209097653627,-0.021581590175628662,0.9999109506607056,2.9680113584618084e-05,5.936022716923617e-05,1,22.721209097653627
2019-09-17,fold_5,Low-vol plateau,0.0017387844854965806,1,0.00624600937590003,1,0.00624600937590003,-0.015470445156097412,0.9998844861984253,3.851592191495001e-05,7.703184382990003e-05,1,62.4600937590003
2019-09-18,fold_5,Low-vol plateau,-0.00028348900377750397,-1,-0.003905115881934762,-1,0.003905115881934762,-0.011625826358795166,0.9999599456787109,1.3336588381207548e-05,2.6673176762415096e-05,1,39.05115881934762
2019-09-19,fold_5,Low-vol plateau,0.0012572865234687924,1,0.001546817016787827,1,0.001546817016787827,-0.010096967220306396,0.9999574422836304,1.4172969713399652e-05,2.8345939426799305e-05,1,15.46817016787827
2019-09-20,fold_5,Low-vol plateau,-0.0009689728613011539,-1,-0.0026665497571229935,-1,0.0026665497571229935,-0.007457315921783447,0.9999302625656128,2.3224229153129272e-05,4.6448458306258544e-05,1,26.665497571229935
2019-09-24,fold_5,Low-vol plateau,-0.002104632556438446,-1,0.002104161074385047,1,-0.002104161074385047,-0.00954580307006836,0.9999232292175293,2.5606253984733485e-05,5.121250796946697e-05,0,-21.04161074385047
2019-09-25,fold_5,Low-vol plateau,-0.0019254256039857864,-1,-0.005804941989481449,-1,0.005804941989481449,-0.0037963390350341797,0.9998917579650879,3.609335908549838e-05,7.218671817099676e-05,1,58.04941989481449
2019-09-26,fold_5,Low-vol plateau,-2.7136784410686232e-05,-1,-0.0027526237536221743,-1,0.0027526237536221743,-0.0010541081428527832,0.9999282360076904,2.392314672761131e-05,4.784629345522262e-05,1,27.526237536221743
2019-09-27,fold_5,Low-vol plateau,0.004029799252748489,1,0.0018274149624630809,1,0.0018274149624630809,0.0007712841033935547,0.9999525547027588,1.579509444127325e-05,3.15901888825465e-05,1,18.27414962463081
2022-01-19,fold_6,EUR crisis downturn,-0.005465115886181593,-1,0.0012138050515204668,1,-0.0012138050515204668,-0.0012137889862060547,0.9999521970748901,1.5927818822092377e-05,3.185563764418475e-05,0,-12.138050515204668
2022-01-20,fold_6,EUR crisis downturn,-0.0018382290145382285,-1,-0.002613516291603446,-1,0.002613516291603446,0.0013965368270874023,0.9999338388442993,2.2032436390873045e-05,4.406487278174609e-05,1,26.13516291603446
2022-01-21,fold_6,EUR crisis downturn,-0.0005439771339297295,-1,0.0024497758131474257,1,-0.0024497758131474257,-0.0010566115379333496,0.999900221824646,3.327503873151727e-05,6.655007746303454e-05,0,-24.497758131474257
2022-01-24,fold_6,EUR crisis downturn,-0.001888725906610489,-1,-0.0015288135036826134,-1,0.0015288135036826134,0.0004706382751464844,0.9999309778213501,2.3014665202936158e-05,4.6029330405872315e-05,1,15.288135036826134
2022-01-25,fold_6,EUR crisis downturn,-0.0017427847487851977,-1,-0.0017295886063948274,-1,0.0017295886063948274,0.002201080322265625,0.9999508857727051,1.6364401744795032e-05,3.2728803489590064e-05,1,17.295886063948274
2022-01-26,fold_6,EUR crisis downturn,-0.006474533583968878,-1,-0.005396849941462278,-1,0.005396849941462278,0.007609844207763672,0.9999667406082153,1.1100332812929992e-05,2.2200665625859983e-05,1,53.968499414622784
2022-01-27,fold_6,EUR crisis downturn,-0.004792571999132633,-1,-0.008583232760429382,-1,0.008583232760429382,0.0162583589553833,0.9999227523803711,2.5765459213289432e-05,5.1530918426578864e-05,1,85.83232760429382
2022-01-28,fold_6,EUR crisis downturn,-0.0008171634981408715,-1,0.000479530863231048,1,-0.000479530863231048,0.015771031379699707,0.9999350309371948,2.1668834961019456e-05,4.333766992203891e-05,0,-4.79530863231048
2022-01-31,fold_6,EUR crisis downturn,0.002343382453545928,1,0.0069287000223994255,1,0.0069287000223994255,0.02280902862548828,0.9999610185623169,1.3009372196393088e-05,2.6018744392786175e-05,1,69.28700022399426
2022-02-01,fold_6,EUR crisis downturn,0.0025568660348653793,1,0.0039458139799535275,1,0.0039458139799535275,0.02684485912322998,0.9999401569366455,1.9940513084293343e-05,3.9881026168586686e-05,1,39.458139799535275
2022-02-02,fold_6,EUR crisis downturn,-0.0002533720980864018,-1,0.0023053139448165894,1,-0.0023053139448165894,0.024477601051330566,0.9998961687088013,3.461401865934022e-05,6.922803731868044e-05,0,-23.053139448165894
2022-02-03,fold_6,EUR crisis downturn,0.0015238085761666298,1,0.012018885463476181,1,0.012018885463476181,0.03679072856903076,0.9999324083328247,2.2545871615875512e-05,4.5091743231751025e-05,1,120.18885463476181
2022-02-04,fold_6,EUR crisis downturn,-0.0022206995636224747,-1,0.001695401151664555,1,-0.001695401151664555,0.03503298759460449,0.9999147653579712,2.83908229903318e-05,5.67816459806636e-05,0,-16.95401151664555
2022-02-07,fold_6,EUR crisis downturn,0.0012923356844112277,1,-0.0010641802800819278,-1,-0.0010641802800819278,0.03393149375915527,0.999913215637207,2.891938311222475e-05,5.78387662244495e-05,0,-10.641802800819278
2022-02-08,fold_6,EUR crisis downturn,-3.9787497371435165e-05,-1,-0.0018959172302857041,-1,0.0018959172302857041,0.03589177131652832,0.9999594688415527,1.352455910819117e-05,2.704911821638234e-05,1,18.95917230285704
2022-02-09,fold_6,EUR crisis downturn,5.6964254326885566e-05,1,2.275372389703989e-05,1,2.275372389703989e-05,0.035915374755859375,0.9999070167541504,3.097175795119256e-05,6.194351590238512e-05,1,0.2275372389703989
2022-02-10,fold_6,EUR crisis downturn,-0.0028174729086458683,-1,-0.0005249936948530376,-1,0.0005249936948530376,0.03645920753479004,0.9999231100082397,2.5628096409491263e-05,5.125619281898253e-05,1,5.249936948530376
2022-02-14,fold_6,EUR crisis downturn,-0.0030852044001221657,-1,-0.005166933406144381,-1,0.005166933406144381,0.041814446449279785,0.9999212026596069,2.6254036129103042e-05,5.2508072258206084e-05,1,51.669334061443806
2022-02-15,fold_6,EUR crisis downturn,-0.0035602168645709753,-1,0.00446309894323349,1,-0.00446309894323349,0.03716480731964111,0.9999483823776245,1.7206824850291014e-05,3.441364970058203e-05,0,-44.6309894323349
2022-02-16,fold_6,EUR crisis downturn,-0.006633498705923557,-1,0.0016266792081296444,1,-0.0016266792081296444,0.035477638244628906,0.9999780654907227,7.298785931197926e-06,1.4597571862395853e-05,0,-16.266792081296444
2022-02-17,fold_6,EUR crisis downturn,-0.00552959693595767,-1,-0.0007728770724497736,-1,0.0007728770724497736,0.0362778902053833,0.9998923540115356,3.58659635821823e-05,7.17319271643646e-05,1,7.7287707244977355
2022-02-18,fold_6,EUR crisis downturn,-0.0032124307472258806,-1,-0.004334500525146723,-1,0.004334500525146723,0.04076957702636719,0.9999551773071289,1.493029594712425e-05,2.98605918942485e-05,1,43.34500525146723
2022-02-22,fold_6,EUR crisis downturn,-0.002495940076187253,-1,0.001721999142318964,1,-0.001721999142318964,0.03897738456726074,0.9999188184738159,2.704046346480027e-05,5.408092692960054e-05,0,-17.21999142318964
2022-02-24,fold_6,EUR crisis downturn,-0.0008360324427485466,-1,-0.010172287933528423,-1,0.010172287933528423,0.049546122550964355,0.9998761415481567,4.127303691348061e-05,8.254607382696122e-05,1,101.72287933528423
2022-02-25,fold_6,EUR crisis downturn,0.0003900151641573757,1,-0.0008610449731349945,-1,-0.0008610449731349945,0.04864239692687988,0.9999638795852661,1.2056310879415832e-05,2.4112621758831665e-05,0,-8.610449731349945
2022-02-28,fold_6,EUR crisis downturn,-0.00048478675307706,-1,0.00311812711879611,1,-0.00311812711879611,0.045372605323791504,0.9999526739120483,1.578858973516617e-05,3.157717947033234e-05,0,-31.1812711879611
2022-03-01,fold_6,EUR crisis downturn,0.005975447129458189,1,-0.007414391729980707,-1,-0.007414391729980707,0.03762173652648926,0.9999392032623291,2.0251574824214913e-05,4.0503149648429826e-05,0,-74.14391729980707
2022-03-02,fold_6,EUR crisis downturn,0.010057161562144756,1,-0.0018336334032937884,-1,-0.0018336334032937884,0.03571915626525879,0.9998769760131836,4.100602745893411e-05,8.201205491786823e-05,0,-18.336334032937884
2022-03-03,fold_6,EUR crisis downturn,0.004865031689405441,1,-0.004094634670764208,-1,-0.004094634670764208,0.031478285789489746,0.9999449253082275,1.8338028894504532e-05,3.6676057789009064e-05,0,-40.94634670764208
2022-03-04,fold_6,EUR crisis downturn,0.0066645825281739235,1,-0.017377527430653572,-1,-0.017377527430653572,0.013553738594055176,0.999910831451416,2.9706236091442406e-05,5.941247218288481e-05,0,-173.77527430653572
2022-03-07,fold_6,EUR crisis downturn,0.009664488956332207,1,-0.0008476009825244546,-1,-0.0008476009825244546,0.012694716453552246,0.9998396635055542,5.345338649931364e-05,0.00010690677299862728,0,-8.476009825244546
2022-03-08,fold_6,EUR crisis downturn,0.008835170418024063,1,0.0030297928024083376,1,0.0030297928024083376,0.015763044357299805,0.999908447265625,3.053165346500464e-05,6.106330693000928e-05,1,30.297928024083376
2022-03-09,fold_6,EUR crisis downturn,0.014120819978415966,1,0.01611238159239292,1,0.01611238159239292,0.03212940692901611,0.999953031539917,1.5658630218240432e-05,3.1317260436480865e-05,1,161.12381592392921
2022-03-10,fold_6,EUR crisis downturn,0.009633596055209637,1,-0.005407776217907667,-1,-0.005407776217907667,0.026547908782958984,0.9998581409454346,4.729238571599126e-05,9.458477143198252e-05,0,-54.07776217907667
2022-03-11,fold_6,EUR crisis downturn,0.011474340222775936,1,-0.007433895952999592,-1,-0.007433895952999592,0.018916606903076172,0.9998701810836792,4.327141505200416e-05,8.654283010400832e-05,0,-74.33895952999592
2022-03-14,fold_6,EUR crisis downturn,0.005335116293281317,1,0.001017721719108522,1,0.001017721719108522,0.019953489303588867,0.9999103546142578,2.9861805160180666e-05,5.972361032036133e-05,1,10.17721719108522
2022-03-15,fold_6,EUR crisis downturn,0.009165845811367035,1,0.0023914421908557415,1,0.0023914421908557415,0.022392630577087402,0.9999197721481323,2.6755147700896487e-05,5.351029540179297e-05,1,23.914421908557415
2022-03-16,fold_6,EUR crisis downturn,0.007005450315773487,1,0.004794404376298189,1,0.004794404376298189,0.027294397354125977,0.9999202489852905,2.6573450668365695e-05,5.314690133673139e-05,1,47.94404376298189
2022-03-17,fold_6,EUR crisis downturn,0.008978575468063354,1,0.007037183735519648,1,0.007037183735519648,0.034523606300354004,0.999862790107727,4.5731478166999295e-05,9.146295633399859e-05,1,70.37183735519648
2022-03-18,fold_6,EUR crisis downturn,0.007827327586710453,1,-0.005079824943095446,-1,-0.005079824943095446,0.029268383979797363,0.9999052286148071,3.1583174859406427e-05,6.316634971881285e-05,0,-50.798249430954456
2022-03-22,fold_6,EUR crisis downturn,0.002797985216602683,1,0.0011360200587660074,1,0.0011360200587660074,0.030437707901000977,0.9999064207077026,3.1195046176435426e-05,6.239009235287085e-05,1,11.360200587660074
2022-03-23,fold_6,EUR crisis downturn,0.0008395759505219758,1,-0.0021242026705294847,-1,-0.0021242026705294847,0.028248906135559082,0.9998986721038818,3.378817200427875e-05,6.75763440085575e-05,0,-21.242026705294847
2022-03-24,fold_6,EUR crisis downturn,-0.000411557120969519,-1,0.00029731090762652457,1,-0.00029731090762652457,0.02794325351715088,0.9999104738235474,2.9845346944057383e-05,5.9690693888114765e-05,0,-2.9731090762652457
2022-03-25,fold_6,EUR crisis downturn,0.0008979039266705513,1,-0.00251486012712121,-1,-0.00251486012712121,0.025358200073242188,0.9999392032623291,2.0279037926229648e-05,4.0558075852459297e-05,0,-25.1486012712121
2022-03-28,fold_6,EUR crisis downturn,-0.005617495626211166,-1,0.001088330172933638,1,-0.001088330172933638,0.024242281913757324,0.9999492168426514,1.692586920398753e-05,3.385173840797506e-05,0,-10.883301729336381
2022-03-29,fold_6,EUR crisis downturn,-0.0013090993743389845,-1,0.008884331211447716,1,-0.008884331211447716,0.015142560005187988,0.9999614953994751,1.283051460632123e-05,2.566102921264246e-05,0,-88.84331211447716
2022-03-30,fold_6,EUR crisis downturn,-0.004977676086127758,-1,0.006339906714856625,1,-0.006339906714856625,0.00870668888092041,0.9999276399612427,2.412221692793537e-05,4.824443385587074e-05,0,-63.399067148566246
2022-03-31,fold_6,EUR crisis downturn,-0.007523060776293278,-1,-0.00801636092364788,-1,0.00801636092364788,0.016792774200439453,0.9998806715011597,3.97560179408174e-05,7.95120358816348e-05,1,80.1636092364788
2022-04-01,fold_6,EUR crisis downturn,0.007314198650419712,1,-0.0022647094447165728,-1,-0.0022647094447165728,0.014490008354187012,0.9998683929443359,4.3884861952392384e-05,8.776972390478477e-05,0,-22.647094447165728
2022-04-04,fold_6,EUR crisis downturn,-0.005087097175419331,-1,-0.006464783102273941,-1,0.006464783102273941,0.021048545837402344,0.9998346567153931,5.5109921959228814e-05,0.00011021984391845763,1,64.64783102273941
2022-04-05,fold_6,EUR crisis downturn,0.0004149183805566281,1,-0.006325795315206051,-1,-0.006325795315206051,0.014589667320251465,0.9999171495437622,2.7617386876954697e-05,5.5234773753909394e-05,0,-63.25795315206051
2022-04-06,fold_6,EUR crisis downturn,0.0036267139948904514,1,-0.0007518871570937335,-1,-0.0007518871570937335,0.013826727867126465,0.9998822212219238,3.926617500837892e-05,7.853235001675785e-05,0,-7.5188715709373355
2022-04-07,fold_6,EUR crisis downturn,-8.20856585050933e-05,-1,-0.0030639569740742445,-1,0.0030639569740742445,0.016932964324951172,0.9999388456344604,2.036777550529223e-05,4.073555101058446e-05,1,30.639569740742445
2022-04-08,fold_6,EUR crisis downturn,0.009848400019109249,1,0.0018505415646359324,1,0.0018505415646359324,0.018814802169799805,0.9998140931129456,6.19877246208489e-05,0.0001239754492416978,1,18.505415646359324
2022-04-11,fold_6,EUR crisis downturn,0.017079133540391922,1,-0.0006418824777938426,-1,-0.0006418824777938426,0.01816082000732422,0.9999467134475708,1.7742742784321308e-05,3.5485485568642616e-05,0,-6.4188247779384255
2022-04-12,fold_6,EUR crisis downturn,0.011228191666305065,1,-0.004763457924127579,-1,-0.004763457924127579,0.013310790061950684,0.9999024868011475,3.2484702387591824e-05,6.496940477518365e-05,0,-47.63457924127579
2022-04-13,fold_6,EUR crisis downturn,0.009393156506121159,1,0.00650522205978632,1,0.00650522205978632,0.019902586936950684,0.9999246597290039,2.5119987185462378e-05,5.0239974370924756e-05,1,65.0522205978632
2022-04-14,fold_6,EUR crisis downturn,0.008464157581329346,1,-0.0069362265057861805,-1,-0.0069362265057861805,0.012828230857849121,0.9998615980148315,4.6121411287458614e-05,9.224282257491723e-05,0,-69.3622650578618
2022-04-18,fold_6,EUR crisis downturn,0.003991959150880575,1,-0.0030944086611270905,-1,-0.0030944086611270905,0.009694099426269531,0.9999403953552246,1.988450821954757e-05,3.976901643909514e-05,0,-30.944086611270905
2022-04-19,fold_6,EUR crisis downturn,0.005167077761143446,1,0.0011765266535803676,1,0.0011765266535803676,0.010882019996643066,0.9998805522918701,3.981528789154254e-05,7.963057578308508e-05,1,11.765266535803676
2022-04-20,fold_6,EUR crisis downturn,0.004637642297893763,1,0.005132047925144434,1,0.005132047925144434,0.016069889068603516,0.9998352527618408,5.4904849093873054e-05,0.00010980969818774611,1,51.32047925144434
2022-04-21,fold_6,EUR crisis downturn,0.0042933071963489056,1,-0.0013543874956667423,-1,-0.0013543874956667423,0.014693737030029297,0.999910831451416,2.9731869290117174e-05,5.946373858023435e-05,0,-13.543874956667423
2022-04-22,fold_6,EUR crisis downturn,0.004696134943515062,1,-0.0022270376794040203,-1,-0.0022270376794040203,0.012434005737304688,0.9999232292175293,2.5567209377186373e-05,5.1134418754372746e-05,0,-22.270376794040203
2022-04-25,fold_6,EUR crisis downturn,0.009230184368789196,1,-0.008957143872976303,-1,-0.008957143872976303,0.0033655166625976562,0.9999071359634399,3.095320062129758e-05,6.190640124259517e-05,0,-89.57143872976303
2022-04-26,fold_6,EUR crisis downturn,0.00853222981095314,1,-0.006588426884263754,-1,-0.006588426884263754,-0.003245055675506592,0.999944806098938,1.8385611838311888e-05,3.6771223676623777e-05,0,-65.88426884263754
2022-04-27,fold_6,EUR crisis downturn,0.007355311419814825,1,-0.008317396976053715,-1,-0.008317396976053715,-0.011535465717315674,0.9999309778213501,2.3008307834970765e-05,4.601661566994153e-05,0,-83.17396976053715
2022-04-28,fold_6,EUR crisis downturn,0.011791161261498928,1,-0.004821411799639463,-1,-0.004821411799639463,-0.016301274299621582,0.9999297857284546,2.3392043658532202e-05,4.6784087317064404e-05,0,-48.214117996394634
2022-05-02,fold_6,EUR crisis downturn,0.007834200747311115,1,-0.002553798258304596,-1,-0.002553798258304596,-0.018813490867614746,0.9998784065246582,4.0514594729756936e-05,8.102918945951387e-05,0,-25.53798258304596
2022-05-06,fold_6,EUR crisis downturn,0.011958278715610504,1,-0.0007161782123148441,-1,-0.0007161782123148441,-0.019516170024871826,0.9999120235443115,2.9312168408068828e-05,5.8624336816137657e-05,0,-7.161782123148441
2022-05-09,fold_6,EUR crisis downturn,0.015574648045003414,1,0.003190816380083561,1,0.003190816380083561,-0.016387581825256348,0.9998997449874878,3.3419197279727086e-05,6.683839455945417e-05,1,31.90816380083561
2022-05-10,fold_6,EUR crisis downturn,0.02058640494942665,1,-0.0031072180718183517,-1,-0.0031072180718183517,-0.019443869590759277,0.9998563528060913,4.788448495673947e-05,9.576896991347894e-05,0,-31.072180718183517
2022-05-11,fold_6,EUR crisis downturn,0.02033754624426365,1,-0.0019448387902230024,-1,-0.0019448387902230024,-0.0213509202003479,0.9998480081558228,5.065643199486658e-05,0.00010131286398973316,0,-19.448387902230024
2022-05-12,fold_6,EUR crisis downturn,0.011816839687526226,1,-0.0126422718167305,-1,-0.0126422718167305,-0.03372323513031006,0.9999254941940308,2.483950629539322e-05,4.967901259078644e-05,0,-126.42271816730499
2022-05-13,fold_6,EUR crisis downturn,0.013667996041476727,1,0.002028132788836956,1,0.002028132788836956,-0.03176349401473999,0.9999045133590698,3.183865192113444e-05,6.367730384226888e-05,1,20.28132788836956
2022-05-16,fold_6,EUR crisis downturn,0.011258629150688648,1,0.003684947732836008,1,0.003684947732836008,-0.028195559978485107,0.9999198913574219,2.67173982138047e-05,5.34347964276094e-05,1,36.84947732836008
2022-05-17,fold_6,EUR crisis downturn,0.012708333320915699,1,0.01043185405433178,1,0.01043185405433178,-0.018057823181152344,0.9999392032623291,2.0261866666260175e-05,4.052373333252035e-05,1,104.3185405433178
2022-05-18,fold_6,EUR crisis downturn,0.011894251219928265,1,-0.007121461909264326,-1,-0.007121461909264326,-0.025050640106201172,0.999923825263977,2.5387806090293452e-05,5.0775612180586904e-05,0,-71.21461909264326
2022-05-19,fold_6,EUR crisis downturn,0.019509267061948776,1,0.010145164094865322,1,0.010145164094865322,-0.01515960693359375,0.9999016523361206,3.2796990126371384e-05,6.559398025274277e-05,1,101.45164094865322
2022-05-20,fold_6,EUR crisis downturn,0.020184829831123352,1,-0.000866660091560334,-1,-0.000866660091560334,-0.016013145446777344,0.9998931884765625,3.5582193959271535e-05,7.116438791854307e-05,0,-8.66660091560334
2022-05-23,fold_6,EUR crisis downturn,0.014769250527024269,1,0.010617928579449654,1,0.010617928579449654,-0.005565226078033447,0.9998776912689209,4.0777598769636825e-05,8.155519753927365e-05,1,106.17928579449654
2022-05-24,fold_6,EUR crisis downturn,0.014271891675889492,1,0.005099795293062925,1,0.005099795293062925,-0.0004938244819641113,0.9998364448547363,5.4526888561667874e-05,0.00010905377712333575,1,50.99795293062925
2022-05-25,fold_6,EUR crisis downturn,0.014684738591313362,1,-0.004648668225854635,-1,-0.004648668225854635,-0.005140185356140137,0.9998766183853149,4.11305227316916e-05,8.22610454633832e-05,0,-46.48668225854635
2022-05-26,fold_6,EUR crisis downturn,0.00852555688470602,1,0.004336175508797169,1,0.004336175508797169,-0.0008263587951660156,0.9998689889907837,4.367410292616114e-05,8.734820585232228e-05,1,43.36175508797169
2022-05-27,fold_6,EUR crisis downturn,0.013771849684417248,1,-0.0001395020226482302,-1,-0.0001395020226482302,-0.0009657144546508789,0.9998486042022705,5.0447775720385835e-05,0.00010089555144077167,0,-1.395020226482302
2022-05-31,fold_6,EUR crisis downturn,0.005188866052776575,1,-0.0036603042390197515,-1,-0.0036603042390197515,-0.004622519016265869,0.9998873472213745,3.754331191885285e-05,7.50866238377057e-05,0,-36.603042390197515
2022-06-01,fold_6,EUR crisis downturn,0.01385857816785574,1,-0.007447231560945511,-1,-0.007447231560945511,-0.0120353102684021,0.9998916387557983,3.6104964237893e-05,7.2209928475786e-05,0,-74.47231560945511
2022-06-02,fold_6,EUR crisis downturn,0.0011021874379366636,1,0.009095413610339165,1,0.009095413610339165,-0.0030493736267089844,0.9998389482498169,5.367136691347696e-05,0.00010734273382695392,1,90.95413610339165
2022-06-03,fold_6,EUR crisis downturn,0.002669841516762972,1,-0.0023275099229067564,-1,-0.0023275099229067564,-0.005369782447814941,0.9999068975448608,3.102515256614424e-05,6.205030513228849e-05,0,-23.275099229067564
2022-06-06,fold_6,EUR crisis downturn,0.00226996885612607,1,-0.003228839486837387,-1,-0.003228839486837387,-0.008581280708312988,0.9999302625656128,2.323220542166382e-05,4.646441084332764e-05,0,-32.28839486837387
2022-06-07,fold_6,EUR crisis downturn,0.0012610724661499262,1,0.0006740176468156278,1,0.0006740176468156278,-0.007913053035736084,0.9999083280563354,3.057026697206311e-05,6.114053394412622e-05,1,6.740176468156278
2022-06-08,fold_6,EUR crisis downturn,0.005426096264272928,1,0.0017791216960176826,1,0.0017791216960176826,-0.006148040294647217,0.9998676776885986,4.412281487020664e-05,8.824562974041328e-05,1,17.791216960176826
2022-06-09,fold_6,EUR crisis downturn,-0.006211637984961271,-1,-0.009185684844851494,-1,0.009185684844851494,0.0029811859130859375,0.9999406337738037,1.9773844542214647e-05,3.9547689084429294e-05,1,91.85684844851494
2022-06-10,fold_6,EUR crisis downturn,-0.0018201255006715655,-1,-0.012168340384960175,-1,0.012168340384960175,0.015185713768005371,0.9998993873596191,3.35202639689669e-05,6.70405279379338e-05,1,121.68340384960175
2022-06-13,fold_6,EUR crisis downturn,-0.004199679475277662,-1,-0.0071343835443258286,-1,0.0071343835443258286,0.022428512573242188,0.9999285936355591,2.3816062821424566e-05,4.763212564284913e-05,1,71.34383544325829
2022-06-14,fold_6,EUR crisis downturn,0.005736231338232756,1,0.0024430977646261454,1,0.0024430977646261454,0.024926424026489258,0.9998754262924194,4.151482062297873e-05,8.302964124595746e-05,1,24.430977646261454
2022-06-15,fold_6,EUR crisis downturn,0.008200160227715969,1,0.0014952836791053414,1,0.0014952836791053414,0.0264589786529541,0.9999158382415771,2.804394534905441e-05,5.608789069810882e-05,1,14.952836791053414
2022-06-16,fold_6,EUR crisis downturn,0.008755221962928772,1,0.00866952445358038,1,0.00866952445358038,0.03535783290863037,0.9998430013656616,5.234199488768354e-05,0.00010468398977536708,1,86.6952445358038
2022-06-17,fold_6,EUR crisis downturn,0.00710955960676074,1,-0.005256267264485359,-1,-0.005256267264485359,0.029915690422058105,0.999816358089447,6.123047933215275e-05,0.0001224609586643055,0,-52.56267264485359
2022-06-21,fold_6,EUR crisis downturn,0.004133824724704027,1,0.001126965624280274,1,0.001126965624280274,0.031076431274414062,0.9998937845230103,3.5405340895522386e-05,7.081068179104477e-05,1,11.26965624280274
2022-06-22,fold_6,EUR crisis downturn,0.005500230938196182,1,0.0029896728228777647,1,0.0029896728228777647,0.034158945083618164,0.9998363256454468,5.456323560792953e-05,0.00010912647121585906,1,29.896728228777647
2022-06-23,fold_6,EUR crisis downturn,0.010089481249451637,1,-0.004165956750512123,-1,-0.004165956750512123,0.02985072135925293,0.9999059438705444,3.132957499474287e-05,6.265914998948574e-05,0,-41.65956750512123
2022-06-24,fold_6,EUR crisis downturn,0.00978048425167799,1,0.004374321084469557,1,0.004374321084469557,0.0343555212020874,0.9999080896377563,3.061663301195949e-05,6.123326602391899e-05,1,43.74321084469557
2022-06-27,fold_6,EUR crisis downturn,0.014968368224799633,1,0.0013967370614409447,1,0.0013967370614409447,0.03580033779144287,0.9998412132263184,5.291653724270873e-05,0.00010583307448541746,1,13.967370614409447
2022-06-28,fold_6,EUR crisis downturn,0.011156450025737286,1,-0.0054197353310883045,-1,-0.0054197353310883045,0.03018653392791748,0.9999051094055176,3.163866131217219e-05,6.327732262434438e-05,0,-54.197353310883045
2022-06-29,fold_6,EUR crisis downturn,0.017292900010943413,1,-0.007312588859349489,-1,-0.007312588859349489,0.02265322208404541,0.9997820258140564,7.267688488354906e-05,0.00014535376976709813,0,-73.12588859349489
2022-06-30,fold_6,EUR crisis downturn,0.010102661326527596,1,0.0029757271986454725,1,0.0029757271986454725,0.025696277618408203,0.9997944235801697,6.856166146462783e-05,0.00013712332292925566,1,29.757271986454725
2022-07-01,fold_6,EUR crisis downturn,0.008034351281821728,1,-0.0041735912673175335,-1,-0.0041735912673175335,0.02141547203063965,0.9998568296432495,4.7715893742861226e-05,9.543178748572245e-05,0,-41.735912673175335
2022-07-05,fold_6,EUR crisis downturn,0.00785756390541792,1,-0.01682257279753685,-1,-0.01682257279753685,0.004232645034790039,0.9998937845230103,3.54006297129672e-05,7.08012594259344e-05,0,-168.2257279753685
2022-07-06,fold_6,EUR crisis downturn,0.012621881440281868,1,-0.006947201211005449,-1,-0.006947201211005449,-0.002743959426879883,0.9999047517776489,3.1765193853061646e-05,6.353038770612329e-05,0,-69.4720121100545
2022-07-07,fold_6,EUR crisis downturn,0.010014389641582966,1,-0.0016271539498120546,-1,-0.0016271539498120546,-0.004366636276245117,0.999847412109375,5.086965029477142e-05,0.00010173930058954284,0,-16.271539498120546
2022-07-08,fold_6,EUR crisis downturn,0.006304611451923847,1,-0.0003659561334643513,-1,-0.0003659561334643513,-0.00473099946975708,0.9999258518218994,2.4700735593796708e-05,4.9401471187593415e-05,0,-3.659561334643513
2022-07-11,fold_6,EUR crisis downturn,0.0102522699162364,1,-0.01166516449302435,-1,-0.01166516449302435,-0.016340970993041992,0.9998797178268433,4.0102448110701516e-05,8.020489622140303e-05,0,-116.65164493024349
2022-07-12,fold_6,EUR crisis downturn,0.018152490258216858,1,-0.0014347791438922286,-1,-0.0014347791438922286,-0.017752349376678467,0.9998934268951416,3.550942346919328e-05,7.101884693838656e-05,0,-14.347791438922286
2022-07-13,fold_6,EUR crisis downturn,0.014389830641448498,1,-4.015977538074367e-05,-1,-4.015977538074367e-05,-0.017791807651519775,0.9998658895492554,4.4717035052599385e-05,8.943407010519877e-05,0,-0.4015977538074367
2022-07-14,fold_6,EUR crisis downturn,0.01261303760111332,1,-0.0007017548778094351,-1,-0.0007017548778094351,-0.018481075763702393,0.9998517036437988,4.94406049256213e-05,9.88812098512426e-05,0,-7.017548778094351
2022-07-15,fold_6,EUR crisis downturn,0.014414201490581036,1,0.007047208957374096,1,0.007047208957374096,-0.011564135551452637,0.9998315572738647,5.613280154648237e-05,0.00011226560309296474,1,70.47208957374096
2022-07-19,fold_6,EUR crisis downturn,0.011542233638465405,1,0.008491970598697662,1,0.008491970598697662,-0.0031703710556030273,0.9999397993087769,2.00608392333379e-05,4.01216784666758e-05,1,84.91970598697662
2022-07-20,fold_6,EUR crisis downturn,0.011857525445520878,1,-0.004745147656649351,-1,-0.004745147656649351,-0.007900476455688477,0.9999405145645142,1.982228241104167e-05,3.964456482208334e-05,0,-47.45147656649351
2022-07-21,fold_6,EUR crisis downturn,0.006378926336765289,1,0.00376132526434958,1,0.00376132526434958,-0.0041689276695251465,0.9999165534973145,2.7796957510872744e-05,5.559391502174549e-05,1,37.6132526434958
2022-07-22,fold_6,EUR crisis downturn,0.006981496699154377,1,-0.002039989223703742,-1,-0.002039989223703742,-0.00620037317276001,0.9997794032096863,7.35398061806336e-05,0.0001470796123612672,0,-20.39989223703742
2022-07-25,fold_6,EUR crisis downturn,0.01354761142283678,1,0.0024232829455286264,1,0.0024232829455286264,-0.003792107105255127,0.9998924732208252,3.583526631700806e-05,7.167053263401613e-05,1,24.232829455286264
2022-07-26,fold_6,EUR crisis downturn,0.010217043571174145,1,-0.009329265914857388,-1,-0.009329265914857388,-0.01308596134185791,0.9998729228973389,4.2356961785117164e-05,8.471392357023433e-05,0,-93.29265914857388
2022-07-27,fold_6,EUR crisis downturn,0.005580302327871323,1,0.007871334441006184,1,0.007871334441006184,-0.005317568778991699,0.9999128580093384,2.902829146478325e-05,5.80565829295665e-05,1,78.71334441006184
2022-07-28,fold_6,EUR crisis downturn,0.0014614377869293094,1,-0.0016614561900496483,-1,-0.0016614561900496483,-0.006970226764678955,0.9998617172241211,4.610705946106464e-05,9.221411892212927e-05,0,-16.614561900496483
2022-07-29,fold_6,EUR crisis downturn,-0.0008493655477650464,-1,0.001561881392262876,1,-0.001561881392262876,-0.008521199226379395,0.9999061822891235,3.127443414996378e-05,6.254886829992756e-05,0,-15.61881392262876
2022-08-01,fold_6,EUR crisis downturn,-0.0037261152174323797,-1,0.005202550906687975,1,-0.005202550906687975,-0.0136793851852417,0.9998805522918701,3.9793878386262804e-05,7.958775677252561e-05,0,-52.02550906687975
2022-08-02,fold_6,EUR crisis downturn,-0.0038095947820693254,-1,-0.010297809727489948,-1,0.010297809727489948,-0.0035224556922912598,0.9998613595962524,4.622571577783674e-05,9.245143155567348e-05,1,102.97809727489948
2022-08-03,fold_6,EUR crisis downturn,-0.005274855997413397,-1,0.00019285830785520375,1,-0.00019285830785520375,-0.0037146806716918945,0.9998849630355835,3.835821189568378e-05,7.671642379136756e-05,0,-1.9285830785520375
2022-08-04,fold_6,EUR crisis downturn,-0.0002663394552655518,-1,0.008874700404703617,1,-0.008874700404703617,-0.01255643367767334,0.9998586177825928,4.7120880481088534e-05,9.424176096217707e-05,0,-88.74700404703617
2022-08-05,fold_6,EUR crisis downturn,-0.002472690073773265,-1,-0.007506103254854679,-1,0.007506103254854679,-0.00514453649520874,0.9999504089355469,1.6511845387867652e-05,3.3023690775735304e-05,1,75.06103254854679
2022-08-08,fold_6,EUR crisis downturn,0.0011083954013884068,1,0.002630935749039054,1,0.002630935749039054,-0.0025271177291870117,0.999855637550354,4.8132809752132744e-05,9.626561950426549e-05,1,26.30935749039054
2022-08-09,fold_6,EUR crisis downturn,-0.00292875780723989,-1,0.001031049294397235,1,-0.001031049294397235,-0.0035555362701416016,0.9998948574066162,3.503410698613152e-05,7.006821397226304e-05,0,-10.31049294397235
2022-08-10,fold_6,EUR crisis downturn,0.0011184754548594356,1,0.00907498225569725,1,0.00907498225569725,0.00548708438873291,0.999914288520813,2.8579423087649047e-05,5.7158846175298095e-05,1,90.7498225569725
2022-08-12,fold_6,EUR crisis downturn,0.003209513844922185,1,-0.005846230313181877,-1,-0.005846230313181877,-0.00039118528366088867,0.9998764991760254,4.116031414014287e-05,8.232062828028575e-05,0,-58.46230313181877
2022-08-15,fold_6,EUR crisis downturn,0.009583119302988052,1,-0.009206736460328102,-1,-0.009206736460328102,-0.009594321250915527,0.9999279975891113,2.3998054530238733e-05,4.7996109060477465e-05,0,-92.06736460328102
2022-08-16,fold_6,EUR crisis downturn,0.0076551735401153564,1,0.0008543621515855193,1,0.0008543621515855193,-0.008748173713684082,0.9998818635940552,3.9382757677230984e-05,7.876551535446197e-05,1,8.543621515855193
2022-08-17,fold_6,EUR crisis downturn,0.005650351755321026,1,0.000936616794206202,1,0.000936616794206202,-0.007819712162017822,0.9998993873596191,3.354480941197835e-05,6.70896188239567e-05,1,9.36616794206202
2022-08-18,fold_6,EUR crisis downturn,0.0037416473496705294,1,-0.00886909943073988,-1,-0.00886909943073988,-0.016619443893432617,0.9998610019683838,4.6327895688591525e-05,9.265579137718305e-05,0,-88.6909943073988
2022-08-19,fold_6,EUR crisis downturn,0.003915818873792887,1,-0.005418936721980572,-1,-0.005418936721980572,-0.02194833755493164,0.999943733215332,1.8733160686679184e-05,3.746632137335837e-05,0,-54.18936721980572
2022-08-22,fold_6,EUR crisis downturn,0.0025836133863776922,1,-0.009541994892060757,-1,-0.009541994892060757,-0.03128087520599365,0.9998877048492432,3.7435915146488696e-05,7.487183029297739e-05,0,-95.41994892060757
2022-08-23,fold_6,EUR crisis downturn,-0.0002866467402782291,-1,0.0027609101962298155,1,-0.0027609101962298155,-0.033955395221710205,0.9998972415924072,3.424058741074987e-05,6.848117482149974e-05,0,-27.609101962298155
2022-08-24,fold_6,EUR crisis downturn,9.159594628727064e-05,1,0.00021929587819613516,1,0.00021929587819613516,-0.03374350070953369,0.9998857975006104,3.808192195720039e-05,7.616384391440079e-05,1,2.1929587819613516
2022-08-25,fold_6,EUR crisis downturn,0.0012408875627443194,1,0.00021942718012724072,1,0.00021942718012724072,-0.03353142738342285,0.9999314546585083,2.284185029566288e-05,4.568370059132576e-05,1,2.194271801272407
2022-08-26,fold_6,EUR crisis downturn,-0.0005903445999138057,-1,-0.0032698833383619785,-1,0.0032698833383619785,-0.03037118911743164,0.9998685121536255,4.3839077989105135e-05,8.767815597821027e-05,1,32.698833383619785
2022-08-29,fold_6,EUR crisis downturn,0.0018913233652710915,1,0.00758057227358222,1,0.00758057227358222,-0.023020923137664795,0.9999195337295532,2.6817273464985192e-05,5.3634546929970384e-05,1,75.8057227358222
2022-08-30,fold_6,EUR crisis downturn,-0.0019748008344322443,-1,0.0011028088629245758,1,-0.0011028088629245758,-0.024098336696624756,0.9998655319213867,4.482786243897863e-05,8.965572487795725e-05,0,-11.028088629245758
2022-08-31,fold_6,EUR crisis downturn,-0.0014880093513056636,-1,0.001395423780195415,1,-0.001395423780195415,-0.025460124015808105,0.9998470544815063,5.098934707348235e-05,0.0001019786941469647,0,-13.95423780195415
2022-09-01,fold_6,EUR crisis downturn,0.00372802815400064,1,-0.008638561703264713,-1,-0.008638561703264713,-0.03387874364852905,0.9999233484268188,2.55346476478735e-05,5.1069295295747e-05,0,-86.38561703264713
2022-09-02,fold_6,EUR crisis downturn,0.006492294371128082,1,-0.004310653544962406,-1,-0.004310653544962406,-0.03804337978363037,0.9999256134033203,2.4777426006039605e-05,4.955485201207921e-05,0,-43.10653544962406
2022-09-06,fold_6,EUR crisis downturn,0.007007896900177002,1,-0.005453890655189753,-1,-0.005453890655189753,-0.043289780616760254,0.9998732805252075,4.225572047289461e-05,8.451144094578922e-05,0,-54.538906551897526
2022-09-07,fold_6,EUR crisis downturn,0.002776672365143895,1,0.009875823743641376,1,0.009875823743641376,-0.03384155035018921,0.9998908042907715,3.640566865215078e-05,7.281133730430156e-05,1,98.75823743641376
2022-09-08,fold_6,EUR crisis downturn,0.003447341499850154,1,0.0016320209251716733,1,0.0016320209251716733,-0.0322648286819458,0.9998941421508789,3.5263277823105454e-05,7.052655564621091e-05,1,16.320209251716733
2022-09-09,fold_6,EUR crisis downturn,0.006125025916844606,1,0.00593199860304594,1,0.00593199860304594,-0.026524245738983154,0.9998890161514282,3.700150045915507e-05,7.400300091831014e-05,1,59.319986030459404
2022-09-12,fold_6,EUR crisis downturn,0.0016552472952753305,1,0.005773918703198433,1,0.005773918703198433,-0.020903468132019043,0.9999548196792603,1.5074268048920203e-05,3.0148536097840406e-05,1,57.73918703198433
2022-09-13,fold_6,EUR crisis downturn,0.003730531083419919,1,-0.014563821256160736,-1,-0.014563821256160736,-0.03516280651092529,0.9998480081558228,5.066928861197084e-05,0.00010133857722394168,0,-145.63821256160736
2022-09-14,fold_6,EUR crisis downturn,0.0062461476773023605,1,0.00019961698853876442,1,0.00019961698853876442,-0.03497016429901123,0.9998971223831177,3.428002673899755e-05,6.85600534779951e-05,1,1.9961698853876442
2022-09-15,fold_6,EUR crisis downturn,0.0037112676072865725,1,0.0004294819082133472,1,0.0004294819082133472,-0.034555673599243164,0.999914288520813,2.8586015105247498e-05,5.7172030210494995e-05,1,4.294819082133472
2022-09-16,fold_6,EUR crisis downturn,0.005947341676801443,1,0.0034075863659381866,1,0.0034075863659381866,-0.031265854835510254,0.999914288520813,2.8578533601830713e-05,5.715706720366143e-05,1,34.07586365938187
2022-09-20,fold_6,EUR crisis downturn,0.0029280029702931643,1,-0.005862889811396599,-1,-0.005862889811396599,-0.036945462226867676,0.9999233484268188,2.5533321604598314e-05,5.106664320919663e-05,0,-58.62889811396599
2022-09-21,fold_6,EUR crisis downturn,0.008760737255215645,1,-0.014048072509467602,-1,-0.014048072509467602,-0.05047452449798584,0.9998953342437744,3.486872083158232e-05,6.973744166316465e-05,0,-140.48072509467602
2022-09-22,fold_6,EUR crisis downturn,0.010707607492804527,1,0.0011022116523236036,1,0.0011022116523236036,-0.049427926540374756,0.9999039173126221,3.201601793989539e-05,6.403203587979078e-05,1,11.022116523236036
2022-09-26,fold_6,EUR crisis downturn,0.006958207581192255,1,-0.006832936313003302,-1,-0.006832936313003302,-0.05592316389083862,0.9998780488967896,4.0635259210830554e-05,8.127051842166111e-05,0,-68.32936313003302
2022-09-27,fold_6,EUR crisis downturn,0.008195760659873486,1,-0.002859671600162983,-1,-0.002859671600162983,-0.058622896671295166,0.9999098777770996,3.0051625799387693e-05,6.010325159877539e-05,0,-28.59671600162983
2022-09-28,fold_6,EUR crisis downturn,0.0009123780182562768,1,0.011669258587062359,1,0.011669258587062359,-0.0476377010345459,0.999869704246521,4.343311593402177e-05,8.686623186804354e-05,1,116.69258587062359
2022-09-29,fold_6,EUR crisis downturn,0.00715638417750597,1,0.012503246776759624,1,0.012503246776759624,-0.035730063915252686,0.9999334812164307,2.2161482775118202e-05,4.4322965550236404e-05,1,125.03246776759624
2025-01-22,fold_7,Recent mixed/upturn,-0.0014372927835211158,-1,0.00040599689236842096,1,-0.00040599689236842096,-0.00040596723556518555,0.9999655485153198,1.1475574865471572e-05,2.2951149730943143e-05,0,-4.05996892368421
2025-01-23,fold_7,Recent mixed/upturn,-0.001118818880058825,-1,0.0005624851328320801,1,-0.0005624851328320801,-0.0009682178497314453,0.9999092817306519,3.023031968041323e-05,6.046063936082646e-05,0,-5.624851328320801
2025-01-24,fold_7,Recent mixed/upturn,0.001220943289808929,1,0.00495113804936409,1,0.00495113804936409,0.003978133201599121,0.9999301433563232,2.3297619918594137e-05,4.6595239837188274e-05,1,49.5113804936409
2025-01-27,fold_7,Recent mixed/upturn,-0.004063139203935862,-1,-0.0021516145206987858,-1,0.0021516145206987858,0.006138324737548828,0.9999384880065918,2.050278999377042e-05,4.100557998754084e-05,1,21.516145206987858
2025-01-28,fold_7,Recent mixed/upturn,-0.004226956516504288,-1,-0.001533105387352407,-1,0.001533105387352407,0.0076808929443359375,0.9999184608459473,2.7162290280102752e-05,5.4324580560205504e-05,1,15.33105387352407
2025-01-29,fold_7,Recent mixed/upturn,-0.006501540541648865,-1,-0.0003648616257123649,-1,0.0003648616257123649,0.008048653602600098,0.999931812286377,2.2715503291692585e-05,4.543100658338517e-05,1,3.648616257123649
2025-01-30,fold_7,Recent mixed/upturn,-0.004773703403770924,-1,-0.0026825745590031147,-1,0.0026825745590031147,0.01075279712677002,0.9999116659164429,2.9428721973090433e-05,5.8857443946180865e-05,1,26.825745590031147
2025-01-31,fold_7,Recent mixed/upturn,-0.005386624485254288,-1,-0.014377536252140999,-1,0.014377536252140999,0.025285005569458008,0.9999216794967651,2.6118745154235512e-05,5.2237490308471024e-05,1,143.77536252141
2025-02-03,fold_7,Recent mixed/upturn,-0.004507739096879959,-1,0.0077662100084125996,1,-0.0077662100084125996,0.017322421073913574,0.9999170303344727,2.764264718280174e-05,5.528529436560348e-05,0,-77.662100084126
2025-02-04,fold_7,Recent mixed/upturn,-2.0422134184627794e-05,-1,0.004398011602461338,1,-0.004398011602461338,0.012848258018493652,0.9999079704284668,3.06660876958631e-05,6.13321753917262e-05,0,-43.98011602461338
2025-02-05,fold_7,Recent mixed/upturn,-0.00034516231971792877,-1,0.002704183105379343,1,-0.002704183105379343,0.010109305381774902,0.9999574422836304,1.4173344425216783e-05,2.8346688850433566e-05,0,-27.04183105379343
2025-02-06,fold_7,Recent mixed/upturn,-0.0031607586424797773,-1,-0.0014540054835379124,-1,0.0014540054835379124,0.011577963829040527,0.9998549222946167,4.8346686526201665e-05,9.669337305240333e-05,1,14.540054835379124
2025-02-07,fold_7,Recent mixed/upturn,0.0006222274387255311,1,-0.007135644089430571,-1,-0.007135644089430571,0.004359722137451172,0.9998980760574341,3.3986118069151416e-05,6.797223613830283e-05,0,-71.3564408943057
2025-02-10,fold_7,Recent mixed/upturn,0.00035817641764879227,1,-0.0009786115260794759,-1,-0.0009786115260794759,0.0033768415451049805,0.9999535083770752,1.55019970407011e-05,3.10039940814022e-05,0,-9.786115260794759
2025-02-12,fold_7,Recent mixed/upturn,0.0029744987841695547,1,0.002608470618724823,1,0.002608470618724823,0.005994081497192383,0.9999557733535767,1.4729900613019709e-05,2.9459801226039417e-05,1,26.08470618724823
2025-02-13,fold_7,Recent mixed/upturn,0.0004781058232765645,1,0.006705875508487225,1,0.006705875508487225,0.012740135192871094,0.9998088479042053,6.372969801304862e-05,0.00012745939602609724,1,67.05875508487225
2025-02-14,fold_7,Recent mixed/upturn,0.0016466856468468904,1,0.002632782096043229,1,0.002632782096043229,0.015406370162963867,0.9999092817306519,3.0227680326788686e-05,6.045536065357737e-05,1,26.32782096043229
2025-02-18,fold_7,Recent mixed/upturn,-0.0003783254942391068,-1,-0.00353158637881279,-1,0.00353158637881279,0.018992304801940918,0.9999415874481201,1.946241536643356e-05,3.892483073286712e-05,1,35.3158637881279
2025-02-19,fold_7,Recent mixed/upturn,-0.0007504625245928764,-1,-0.002615605480968952,-1,0.002615605480968952,0.021657586097717285,0.9999241828918457,2.527491051296238e-05,5.054982102592476e-05,1,26.156054809689522
2025-02-20,fold_7,Recent mixed/upturn,-0.00046016377746127546,-1,0.007633917964994907,1,-0.007633917964994907,0.013858318328857422,0.9998583793640137,4.72035571874585e-05,9.4407114374917e-05,0,-76.33917964994907
2025-02-21,fold_7,Recent mixed/upturn,-0.00016876310110092163,-1,-0.0024511523079127073,-1,0.0024511523079127073,0.01634347438812256,0.9999157190322876,2.807668897730764e-05,5.615337795461528e-05,1,24.511523079127073
2025-02-25,fold_7,Recent mixed/upturn,0.001209529465995729,1,0.005998783744871616,1,0.005998783744871616,0.022440195083618164,0.9999170303344727,2.765518547676038e-05,5.531037095352076e-05,1,59.987837448716164
2025-02-26,fold_7,Recent mixed/upturn,-0.0018481912557035685,-1,-0.0033563824836164713,-1,0.0033563824836164713,0.025871872901916504,0.9999074935913086,3.082367402384989e-05,6.164734804769978e-05,1,33.56382483616471
2025-02-27,fold_7,Recent mixed/upturn,-0.004912202246487141,-1,-0.008929464034736156,-1,0.008929464034736156,0.03503239154815674,0.9999608993530273,1.304896613874007e-05,2.609793227748014e-05,1,89.29464034736156
2025-02-28,fold_7,Recent mixed/upturn,-0.001335421111434698,-1,0.0018017083639279008,1,-0.0018017083639279008,0.03316760063171387,0.9999305009841919,2.3143305952544324e-05,4.628661190508865e-05,0,-18.017083639279008
2025-03-03,fold_7,Recent mixed/upturn,0.0013745612232014537,1,0.006836147513240576,1,0.006836147513240576,0.040230512619018555,0.9999423027038574,1.9224948118790053e-05,3.8449896237580106e-05,1,68.36147513240576
2025-03-04,fold_7,Recent mixed/upturn,0.00012718373909592628,1,0.013538874685764313,1,0.013538874685764313,0.0543140172958374,0.9999465942382812,1.780123966454994e-05,3.560247932909988e-05,1,135.38874685764313
2025-03-05,fold_7,Recent mixed/upturn,0.0037518383469432592,1,0.015803681686520576,1,0.015803681686520576,0.07097601890563965,0.9999772310256958,7.585449111502385e-06,1.517089822300477e-05,1,158.03681686520576
2025-03-06,fold_7,Recent mixed/upturn,0.007418524473905563,1,-0.0006472344393841922,-1,-0.0006472344393841922,0.07028281688690186,0.999909520149231,3.0138367947074585e-05,6.027673589414917e-05,0,-6.472344393841922
2025-03-07,fold_7,Recent mixed/upturn,0.0031467352528125048,1,0.006733564659953117,1,0.006733564659953117,0.07748961448669434,0.9999209642410278,2.6347333914600313e-05,5.2694667829200625e-05,1,67.33564659953117
2025-03-10,fold_7,Recent mixed/upturn,0.0029057934880256653,1,-0.0019510398851707578,-1,-0.0019510398851707578,0.07538735866546631,0.9999569654464722,1.4329151781566907e-05,2.8658303563133813e-05,0,-19.510398851707578
2025-03-11,fold_7,Recent mixed/upturn,0.0011982022551819682,1,0.006897692568600178,1,0.006897692568600178,0.08280503749847412,0.9999315738677979,2.2808686480857432e-05,4.5617372961714864e-05,1,68.97692568600178
2025-03-12,fold_7,Recent mixed/upturn,0.0010066769318655133,1,-0.002558252075687051,-1,-0.002558252075687051,0.08003497123718262,0.9999387264251709,2.0434717953321524e-05,4.086943590664305e-05,0,-25.582520756870508
2025-03-13,fold_7,Recent mixed/upturn,0.0035243243910372257,1,-0.0028116365429013968,-1,-0.0028116365429013968,0.07699835300445557,0.9999157190322876,2.8078713512513787e-05,5.615742702502757e-05,0,-28.116365429013968
2025-03-14,fold_7,Recent mixed/upturn,-0.0009138141176663339,-1,0.002361313672736287,1,-0.002361313672736287,0.07445526123046875,0.9998705387115479,4.3160300265299156e-05,8.632060053059831e-05,0,-23.61313672736287
2025-03-17,fold_7,Recent mixed/upturn,-0.001316032255999744,-1,0.003483176464214921,1,-0.003483176464214921,0.07071268558502197,0.9999171495437622,2.762563235592097e-05,5.525126471184194e-05,0,-34.83176464214921
2025-03-18,fold_7,Recent mixed/upturn,-0.007058491464704275,-1,0.0018596742302179337,1,-0.0018596742302179337,0.06872153282165527,0.9999175071716309,2.750378735072445e-05,5.50075747014489e-05,0,-18.596742302179337
2025-03-19,fold_7,Recent mixed/upturn,-0.0020553856156766415,-1,-0.0025206219870597124,-1,0.0025206219870597124,0.07141542434692383,0.9999099969863892,2.9988035748829134e-05,5.997607149765827e-05,1,25.206219870597124
2025-03-21,fold_7,Recent mixed/upturn,-0.0017797778127714992,-1,-0.0019287904724478722,-1,0.0019287904724478722,0.07348203659057617,0.9999158382415771,2.804239557008259e-05,5.608479114016518e-05,1,19.28790472447872
2025-03-24,fold_7,Recent mixed/upturn,-0.0028380919247865677,-1,-0.0029709464870393276,-1,0.0029709464870393276,0.07667124271392822,0.9999433755874634,1.8861772332456894e-05,3.772354466491379e-05,1,29.709464870393276
2025-03-25,fold_7,Recent mixed/upturn,-0.006974268238991499,-1,-0.001488630659878254,-1,0.001488630659878254,0.07827401161193848,0.9998894929885864,3.6818371881963685e-05,7.363674376392737e-05,1,14.88630659878254
2025-03-26,fold_7,Recent mixed/upturn,-0.004308246076107025,-1,-0.0042109801433980465,-1,0.0042109801433980465,0.08281457424163818,0.9999339580535889,2.2024027202860452e-05,4.4048054405720904e-05,1,42.109801433980465
2025-03-27,fold_7,Recent mixed/upturn,0.0028817809652537107,1,0.0054869032464921474,1,0.0054869032464921474,0.08875584602355957,0.9999192953109741,2.6892448659054935e-05,5.378489731810987e-05,1,54.869032464921474
2025-03-28,fold_7,Recent mixed/upturn,0.004131387919187546,1,0.002121507888659835,1,0.002121507888659835,0.09106552600860596,0.9999470710754395,1.7641388694755733e-05,3.5282777389511466e-05,1,21.21507888659835
2025-03-31,fold_7,Recent mixed/upturn,-0.0012869902420789003,-1,-0.0004652105853892863,-1,0.0004652105853892863,0.09157299995422363,0.9999376535415649,2.07786142709665e-05,4.1557228541933e-05,1,4.652105853892863
2025-04-01,fold_7,Recent mixed/upturn,-0.000957793032284826,-1,-0.0021160184405744076,-1,0.0021160184405744076,0.09388267993927002,0.9999184608459473,2.7175910872756504e-05,5.435182174551301e-05,1,21.160184405744076
2025-04-02,fold_7,Recent mixed/upturn,0.0018869604682549834,1,0.010439658537507057,1,0.010439658537507057,0.10530245304107666,0.9999390840530396,2.0317684175097384e-05,4.063536835019477e-05,1,104.39658537507057
2025-04-03,fold_7,Recent mixed/upturn,0.0011229392839595675,1,0.012380016967654228,1,0.012380016967654228,0.11898612976074219,0.9999415874481201,1.945445364981424e-05,3.890890729962848e-05,1,123.80016967654228
2025-04-04,fold_7,Recent mixed/upturn,-0.0033363208640366793,-1,-0.0053604403510689735,-1,0.0053604403510689735,0.12498438358306885,0.9999113082885742,2.9548989914474078e-05,5.9097979828948155e-05,1,53.604403510689735
2025-04-07,fold_7,Recent mixed/upturn,-0.004977349191904068,-1,-0.006298223044723272,-1,0.006298223044723272,0.13206970691680908,0.9999425411224365,1.9142886230838485e-05,3.828577246167697e-05,1,62.98223044723272
2025-04-08,fold_7,Recent mixed/upturn,-0.0007699974230490625,-1,0.005962451454252005,1,-0.005962451454252005,0.12531983852386475,0.9998973608016968,3.422708323341794e-05,6.845416646683589e-05,0,-59.624514542520046
2025-04-09,fold_7,Recent mixed/upturn,-0.0010462641948834062,-1,-0.0025847177021205425,-1,0.0025847177021205425,0.12822842597961426,0.9998469352722168,5.1007889851462096e-05,0.00010201577970292419,1,25.847177021205425
2025-04-10,fold_7,Recent mixed/upturn,-0.0011010562302544713,-1,0.027919435873627663,1,-0.027919435873627663,0.09672892093658447,0.999862790107727,4.572538455249742e-05,9.145076910499483e-05,0,-279.1943587362766
2025-04-11,fold_7,Recent mixed/upturn,8.601043191447388e-06,1,0.00757727911695838,1,0.00757727911695838,0.10503911972045898,0.999811589717865,6.281566311372444e-05,0.00012563132622744888,1,75.7727911695838
2025-04-14,fold_7,Recent mixed/upturn,0.002194684697315097,1,-0.00030624307692050934,-1,-0.00030624307692050934,0.10470068454742432,0.9998691082000732,4.3609688873402774e-05,8.721937774680555e-05,0,-3.0624307692050934
2025-04-15,fold_7,Recent mixed/upturn,0.002350789261981845,1,-0.00414437847211957,-1,-0.00414437847211957,0.10012245178222656,0.9999281167984009,2.397529715381097e-05,4.795059430762194e-05,0,-41.4437847211957
2025-04-16,fold_7,Recent mixed/upturn,-0.011475129052996635,-1,0.00922001339495182,1,-0.00922001339495182,0.08997929096221924,0.9998869895935059,3.767902671825141e-05,7.535805343650281e-05,0,-92.2001339495182
2025-04-17,fold_7,Recent mixed/upturn,0.0022553757298737764,1,0.01017727330327034,1,0.01017727330327034,0.10107231140136719,0.9998276233673096,5.745755333919078e-05,0.00011491510667838156,1,101.7727330327034
2025-04-22,fold_7,Recent mixed/upturn,-0.0024510640650987625,-1,-0.01403016597032547,-1,0.01403016597032547,0.11652064323425293,0.9998598098754883,4.6744731662329286e-05,9.348946332465857e-05,1,140.3016597032547
2025-04-23,fold_7,Recent mixed/upturn,0.0027429761830717325,1,-0.0021068835631012917,-1,-0.0021068835631012917,0.11416828632354736,0.9998819828033447,3.932563049602322e-05,7.865126099204645e-05,0,-21.068835631012917
2025-04-24,fold_7,Recent mixed/upturn,0.0029953098855912685,1,0.003934726119041443,1,0.003934726119041443,0.11855220794677734,0.9998370409011841,5.432405669125728e-05,0.00010864811338251457,1,39.34726119041443
2025-04-25,fold_7,Recent mixed/upturn,0.001897606998682022,1,-0.002529496792703867,-1,-0.002529496792703867,0.11572277545928955,0.9998781681060791,4.059320781379938e-05,8.118641562759876e-05,0,-25.29496792703867
2025-04-28,fold_7,Recent mixed/upturn,0.004382477607578039,1,0.005818618461489677,1,0.005818618461489677,0.122214674949646,0.9999363422393799,2.1218449546722695e-05,4.243689909344539e-05,1,58.186184614896774
2025-04-30,fold_7,Recent mixed/upturn,0.008938513696193695,1,-0.005651242099702358,-1,-0.005651242099702358,0.11587274074554443,0.9999260902404785,2.462874363118317e-05,4.925748726236634e-05,0,-56.51242099702358
2025-05-01,fold_7,Recent mixed/upturn,0.004912940319627523,1,-0.002507785800844431,-1,-0.002507785800844431,0.11307430267333984,0.9999186992645264,2.7079760911874473e-05,5.4159521823748946e-05,0,-25.07785800844431
2025-05-02,fold_7,Recent mixed/upturn,0.002078923862427473,1,0.0023665628395974636,1,0.0023665628395974636,0.11570847034454346,0.9998956918716431,3.475807170616463e-05,6.951614341232926e-05,1,23.665628395974636
2025-05-07,fold_7,Recent mixed/upturn,0.00284554623067379,1,-0.003222282975912094,-1,-0.003222282975912094,0.112113356590271,0.9999165534973145,2.7829270038637333e-05,5.5658540077274665e-05,0,-32.22282975912094
2025-05-08,fold_7,Recent mixed/upturn,0.0016610793536528945,1,-0.007250799797475338,-1,-0.007250799797475338,0.1040496826171875,0.9999130964279175,2.8946646125405096e-05,5.789329225081019e-05,0,-72.50799797475338
2025-05-09,fold_7,Recent mixed/upturn,-0.0012445253087207675,-1,0.0004828175879083574,1,-0.0004828175879083574,0.10351669788360596,0.9999347925186157,2.1718857169616967e-05,4.3437714339233935e-05,0,-4.828175879083574
2025-05-12,fold_7,Recent mixed/upturn,0.006820680107921362,1,-0.011938820593059063,-1,-0.011938820593059063,0.09034204483032227,0.9998942613601685,3.5257322451798245e-05,7.051464490359649e-05,0,-119.38820593059063
2025-05-13,fold_7,Recent mixed/upturn,0.0016363104805350304,1,0.008109462447464466,1,0.008109462447464466,0.09918415546417236,0.9998897314071655,3.676401684060693e-05,7.352803368121386e-05,1,81.09462447464466
2025-05-14,fold_7,Recent mixed/upturn,0.0005019988748244941,1,-0.0003241990343667567,-1,-0.0003241990343667567,0.09882783889770508,0.9998949766159058,3.501770697766915e-05,7.00354139553383e-05,0,-3.2419903436675668
2025-05-15,fold_7,Recent mixed/upturn,0.0006412758375518024,1,0.0009625714155845344,1,0.0009625714155845344,0.09988558292388916,0.9998733997344971,4.220320988679305e-05,8.44064197735861e-05,1,9.625714155845344
2025-05-16,fold_7,Recent mixed/upturn,0.0008946079760789871,1,-0.0004587228177115321,-1,-0.0004587228177115321,0.09938108921051025,0.9998739957809448,4.199615432298742e-05,8.399230864597484e-05,0,-4.587228177115321
2025-05-19,fold_7,Recent mixed/upturn,-0.000670235080178827,-1,0.004100138321518898,1,-0.004100138321518898,0.09487342834472656,0.999895453453064,3.48350040439982e-05,6.96700080879964e-05,0,-41.00138321518898
2025-05-20,fold_7,Recent mixed/upturn,0.001159612787887454,1,0.004853827878832817,1,0.004853827878832817,0.10018777847290039,0.9999195337295532,2.6832427465706132e-05,5.3664854931412265e-05,1,48.53827878832817
2025-05-21,fold_7,Recent mixed/upturn,0.0013170000165700912,1,0.003829962108284235,1,0.003829962108284235,0.10440146923065186,0.999929666519165,2.3460805095965043e-05,4.6921610191930085e-05,1,38.29962108284235
2025-05-22,fold_7,Recent mixed/upturn,-0.0012728044530376792,-1,-0.004354733508080244,-1,0.004354733508080244,0.10921084880828857,0.9998900890350342,3.6646750231739134e-05,7.329350046347827e-05,1,43.54733508080244
2025-05-23,fold_7,Recent mixed/upturn,-0.0015793994534760714,-1,0.00806327536702156,1,-0.00806327536702156,0.10026705265045166,0.9999310970306396,2.296572165505495e-05,4.59314433101099e-05,0,-80.6327536702156
2025-05-27,fold_7,Recent mixed/upturn,-0.003487110836431384,-1,-0.004512133076786995,-1,0.004512133076786995,0.1052316427230835,0.9998841285705566,3.860577999148518e-05,7.721155998297036e-05,1,45.12133076786995
2025-05-28,fold_7,Recent mixed/upturn,-0.0026874218601733446,-1,-0.009121845476329327,-1,0.009121845476329327,0.11531341075897217,0.9998350143432617,5.4976309911580756e-05,0.00010995261982316151,1,91.21845476329327
2025-05-29,fold_7,Recent mixed/upturn,-0.002032530028373003,-1,0.012880357913672924,1,-0.012880357913672924,0.10094773769378662,0.9999051094055176,3.1618816137779504e-05,6.323763227555901e-05,0,-128.80357913672924
2025-05-30,fold_7,Recent mixed/upturn,-0.0019660883117467165,-1,-0.002202543430030346,-1,0.002202543430030346,0.10337257385253906,0.9998525381088257,4.916104080621153e-05,9.832208161242306e-05,1,22.02543430030346
2025-06-02,fold_7,Recent mixed/upturn,0.00742166955024004,1,0.008819226175546646,1,0.008819226175546646,0.11310350894927979,0.9998787641525269,4.039257692056708e-05,8.078515384113416e-05,1,88.19226175546646
2025-06-03,fold_7,Recent mixed/upturn,0.006240739021450281,1,-0.006022475194185972,-1,-0.006022475194185972,0.10639989376068115,0.9999239444732666,2.5360748622915708e-05,5.0721497245831415e-05,0,-60.22475194185972
2025-06-04,fold_7,Recent mixed/upturn,0.0046016499400138855,1,0.0033009489998221397,1,0.0033009489998221397,0.11005198955535889,0.9999094009399414,3.0179862733348273e-05,6.0359725466696545e-05,1,33.0094899982214
2025-06-05,fold_7,Recent mixed/upturn,0.0051883514970541,1,0.0027832789346575737,1,0.0027832789346575737,0.11314153671264648,0.9999299049377441,2.3346603484242223e-05,4.6693206968484446e-05,1,27.832789346575737
2025-06-06,fold_7,Recent mixed/upturn,0.003637275192886591,1,-0.004015539772808552,-1,-0.004015539772808552,0.10867166519165039,0.9998975992202759,3.4114160371245816e-05,6.822832074249163e-05,0,-40.15539772808552
2025-06-09,fold_7,Recent mixed/upturn,0.003055513370782137,1,0.001771340030245483,1,0.001771340030245483,0.11063551902770996,0.9998745918273926,4.179300231044181e-05,8.358600462088361e-05,1,17.71340030245483
2025-06-10,fold_7,Recent mixed/upturn,0.0034762625582516193,1,0.0008235503337346017,1,0.0008235503337346017,0.11155009269714355,0.9999287128448486,2.377556484134402e-05,4.755112968268804e-05,1,8.235503337346017
2025-06-11,fold_7,Recent mixed/upturn,0.004059206694364548,1,0.006284058094024658,1,0.006284058094024658,0.11853504180908203,0.9999028444290161,3.236903648939915e-05,6.47380729787983e-05,1,62.84058094024658
2025-06-12,fold_7,Recent mixed/upturn,0.006876679603010416,1,0.007899755612015724,1,0.007899755612015724,0.1273711919784546,0.999889612197876,3.6798195651499555e-05,7.359639130299911e-05,1,78.99755612015724
2025-06-13,fold_7,Recent mixed/upturn,0.002665536245331168,1,-0.003755935002118349,-1,-0.003755935002118349,0.12313687801361084,0.9998825788497925,3.912530519301072e-05,7.825061038602144e-05,0,-37.55935002118349
2025-06-16,fold_7,Recent mixed/upturn,0.0006343761342577636,1,-0.0004620169347617775,-1,-0.0004620169347617775,0.12261795997619629,0.9999587535858154,1.3748114724876359e-05,2.7496229449752718e-05,0,-4.620169347617775
2025-06-17,fold_7,Recent mixed/upturn,0.0012159672332927585,1,-0.005948005244135857,-1,-0.005948005244135857,0.11594057083129883,0.9998682737350464,4.39159048255533e-05,8.78318096511066e-05,0,-59.480052441358566
2025-06-18,fold_7,Recent mixed/upturn,-0.001127353636547923,-1,-0.0004476588510442525,-1,0.0004476588510442525,0.1164400577545166,0.9999462366104126,1.7927925000549294e-05,3.585585000109859e-05,1,4.476588510442525
2025-06-20,fold_7,Recent mixed/upturn,-0.00025013089179992676,-1,-0.0010350376833230257,-1,0.0010350376833230257,0.11759567260742188,0.9999194145202637,2.686969492060598e-05,5.373938984121196e-05,1,10.350376833230257
2025-06-23,fold_7,Recent mixed/upturn,0.00027163626509718597,1,0.008536921814084053,1,0.008536921814084053,0.1271364688873291,0.9999592304229736,1.3599495105154347e-05,2.7198990210308693e-05,1,85.36921814084053
2025-06-24,fold_7,Recent mixed/upturn,0.00012532714754343033,1,0.0011379257775843143,1,0.0011379257775843143,0.1284191608428955,0.999914288520813,2.8584649044205435e-05,5.716929808841087e-05,1,11.379257775843143
2025-06-25,fold_7,Recent mixed/upturn,0.0019668256863951683,1,0.006157340481877327,1,0.006157340481877327,0.1353672742843628,0.9999551773071289,1.4952468518458772e-05,2.9904937036917545e-05,1,61.57340481877327
2025-06-26,fold_7,Recent mixed/upturn,0.00019406025239732116,1,0.0007249234477058053,1,0.0007249234477058053,0.1361902952194214,0.9998646974563599,4.5102711737854406e-05,9.020542347570881e-05,1,7.249234477058053
2025-06-27,fold_7,Recent mixed/upturn,-0.0013416726142168045,-1,0.0030139251612126827,1,-0.0030139251612126827,0.13276588916778564,0.9998804330825806,3.983533679274842e-05,7.967067358549684e-05,0,-30.139251612126827
2025-06-30,fold_7,Recent mixed/upturn,-0.002992512658238411,-1,0.005092043429613113,1,-0.005092043429613113,0.12699782848358154,0.9999147653579712,2.8401742383721285e-05,5.680348476744257e-05,0,-50.920434296131134
2025-07-01,fold_7,Recent mixed/upturn,-0.004089528229087591,-1,0.0015583859058097005,1,-0.0015583859058097005,0.12524151802062988,0.9999414682388306,1.952262391569093e-05,3.904524783138186e-05,0,-15.583859058097005
2025-07-02,fold_7,Recent mixed/upturn,-0.0011084525613114238,-1,-0.00044844072544947267,-1,0.00044844072544947267,0.12574613094329834,0.9999401569366455,1.9957966287620366e-05,3.991593257524073e-05,1,4.484407254494727
2025-07-03,fold_7,Recent mixed/upturn,-0.001845250721089542,-1,-0.0024366681464016438,-1,0.0024366681464016438,0.12848913669586182,0.9999086856842041,3.044424556719605e-05,6.08884911343921e-05,1,24.366681464016438
2025-07-07,fold_7,Recent mixed/upturn,-0.0016515784664079547,-1,-0.003755652578547597,-1,0.003755652578547597,0.13272738456726074,0.9998483657836914,5.055429573985748e-05,0.00010110859147971496,1,37.55652578547597
2025-07-08,fold_7,Recent mixed/upturn,-0.0018234950257465243,-1,-0.0010200783144682646,-1,0.0010200783144682646,0.13388288021087646,0.9999409914016724,1.96670680452371e-05,3.93341360904742e-05,1,10.200783144682646
2025-07-09,fold_7,Recent mixed/upturn,-0.003279858035966754,-1,0.000563176698051393,1,-0.000563176698051393,0.13324427604675293,0.9998819828033447,3.933046173187904e-05,7.866092346375808e-05,0,-5.63176698051393
2025-07-10,fold_7,Recent mixed/upturn,-0.0019115954637527466,-1,-0.002422562800347805,-1,0.002422562800347805,0.13598966598510742,0.999925971031189,2.4671135179232806e-05,4.934227035846561e-05,1,24.22562800347805
2025-07-11,fold_7,Recent mixed/upturn,-0.0009072422399185598,-1,-0.0017639847937971354,-1,0.0017639847937971354,0.1379934549331665,0.9999645948410034,1.1803813322330825e-05,2.360762664466165e-05,1,17.639847937971354
2025-07-14,fold_7,Recent mixed/upturn,0.0007985951378941536,1,-0.0013532100711017847,-1,-0.0013532100711017847,0.1364535093307495,0.99992835521698,2.387407403148245e-05,4.77481480629649e-05,0,-13.532100711017847
2025-07-15,fold_7,Recent mixed/upturn,0.0009942710166797042,1,-0.005049251951277256,-1,-0.005049251951277256,0.1307152509689331,0.9999492168426514,1.691882062004879e-05,3.383764124009758e-05,0,-50.49251951277256
2025-07-16,fold_7,Recent mixed/upturn,9.382320422446355e-05,1,0.002443466568365693,1,0.002443466568365693,0.133478045463562,0.9999501705169678,1.6625775970169343e-05,3.3251551940338686e-05,1,24.43466568365693
2025-07-17,fold_7,Recent mixed/upturn,-0.00335753639228642,-1,-0.0017422791570425034,-1,0.0017422791570425034,0.13545286655426025,0.9998966455459595,3.44579566444736e-05,6.89159132889472e-05,1,17.422791570425034
2025-07-18,fold_7,Recent mixed/upturn,-0.0006062225438654423,-1,0.0013141727540642023,1,-0.0013141727540642023,0.13396072387695312,0.9999221563339233,2.5946710593416356e-05,5.189342118683271e-05,0,-13.141727540642023
2025-07-22,fold_7,Recent mixed/upturn,-0.0031196142081171274,-1,0.003815255593508482,1,-0.003815255593508482,0.12963438034057617,0.999967098236084,1.0951244803436566e-05,2.1902489606873132e-05,0,-38.15255593508482
2025-07-23,fold_7,Recent mixed/upturn,-0.004618419334292412,-1,0.0029907028656452894,1,-0.0029907028656452894,0.12625598907470703,0.9999120235443115,2.9322163754841313e-05,5.8644327509682626e-05,0,-29.907028656452894
2025-07-24,fold_7,Recent mixed/upturn,-0.007345410529524088,-1,-0.001540047349408269,-1,0.001540047349408269,0.1279904842376709,0.9999210834503174,2.6314166461816058e-05,5.2628332923632115e-05,1,15.40047349408269
2025-07-25,fold_7,Recent mixed/upturn,-0.00661782780662179,-1,5.8711641031550243e-05,1,-5.8711641031550243e-05,0.12792420387268066,0.9999438524246216,1.871833774202969e-05,3.743667548405938e-05,0,-0.5871164103155024
2025-07-28,fold_7,Recent mixed/upturn,-0.0041582705453038216,-1,-0.013614622876048088,-1,0.013614622876048088,0.1432805061340332,0.9999090433120728,3.032135464309249e-05,6.064270928618498e-05,1,136.14622876048088
2025-07-29,fold_7,Recent mixed/upturn,-0.005098076071590185,-1,-0.003950425889343023,-1,0.003950425889343023,0.14779698848724365,0.9998589754104614,4.700886347563937e-05,9.401772695127875e-05,1,39.50425889343023
2025-07-30,fold_7,Recent mixed/upturn,-0.0048194690607488155,-1,-0.010526402853429317,-1,0.010526402853429317,0.15987920761108398,0.9999297857284546,2.3387632609228604e-05,4.677526521845721e-05,1,105.26402853429317
2025-07-31,fold_7,Recent mixed/upturn,-0.0038984648417681456,-1,-0.0004912575823254883,-1,0.0004912575823254883,0.16044902801513672,0.9999172687530518,2.7587846489041112e-05,5.5175692978082225e-05,1,4.912575823254883
2025-08-01,fold_7,Recent mixed/upturn,-0.00842390488833189,-1,0.014263281598687172,1,-0.014263281598687172,0.1438971757888794,0.9999127388000488,2.90832067548763e-05,5.81664135097526e-05,0,-142.63281598687172
2025-08-04,fold_7,Recent mixed/upturn,-0.007438010070472956,-1,-0.00022017340234015137,-1,0.00022017340234015137,0.1441490650177002,0.9998675584793091,4.413111673784442e-05,8.826223347568884e-05,1,2.2017340234015137
2025-08-05,fold_7,Recent mixed/upturn,-0.00886331032961607,-1,-0.0004284036112949252,-1,0.0004284036112949252,0.144639253616333,0.999869704246521,4.3427076889202e-05,8.6854153778404e-05,1,4.284036112949252
2025-08-06,fold_7,Recent mixed/upturn,-0.008385452441871166,-1,0.007254479452967644,1,-0.007254479452967644,0.13633549213409424,0.9998984336853027,3.386733078514226e-05,6.773466157028452e-05,0,-72.54479452967644
2025-08-07,fold_7,Recent mixed/upturn,-0.010711736977100372,-1,0.0011559956474229693,1,-0.0011559956474229693,0.13502192497253418,0.9999324083328247,2.2531223294208758e-05,4.5062446588417515e-05,0,-11.559956474229693
2025-08-08,fold_7,Recent mixed/upturn,-0.0074143484234809875,-1,-0.002457661321386695,-1,0.002457661321386695,0.13781142234802246,0.9999072551727295,3.0896808311808854e-05,6.179361662361771e-05,1,24.57661321386695
2025-08-12,fold_7,Recent mixed/upturn,-0.006252867169678211,-1,0.005044498015195131,1,-0.005044498015195131,0.13207173347473145,0.9997878670692444,7.072539301589131e-05,0.00014145078603178263,0,-50.44498015195131
2025-08-13,fold_7,Recent mixed/upturn,-0.0036688291002064943,-1,0.003068778896704316,1,-0.003068778896704316,0.12859761714935303,0.9998698234558105,4.3387291952967644e-05,8.677458390593529e-05,0,-30.68778896704316
2025-08-14,fold_7,Recent mixed/upturn,0.0013287517940625548,1,-0.005254701245576143,-1,-0.005254701245576143,0.12266719341278076,0.9998782873153687,4.0580431232228875e-05,8.116086246445775e-05,0,-52.54701245576143
2025-08-15,fold_7,Recent mixed/upturn,-0.002436218550428748,-1,0.004741219338029623,1,-0.004741219338029623,0.11734437942504883,0.9999322891235352,2.2577913114218973e-05,4.5155826228437945e-05,0,-47.41219338029623
2025-08-18,fold_7,Recent mixed/upturn,-0.001012760098092258,-1,-0.003267246065661311,-1,0.003267246065661311,0.12099504470825195,0.9998997449874878,3.342694617458619e-05,6.685389234917238e-05,1,32.67246065661311
2025-08-19,fold_7,Recent mixed/upturn,-0.0009218139457516372,-1,-0.002212071092799306,-1,0.002212071092799306,0.12347471714019775,0.999914288520813,2.854861486412119e-05,5.709722972824238e-05,1,22.12071092799306
2025-08-20,fold_7,Recent mixed/upturn,-0.00015518945292569697,-1,0.0007923034718260169,1,-0.0007923034718260169,0.12258458137512207,0.9999128580093384,2.9053122489131056e-05,5.810624497826211e-05,0,-7.923034718260169
2025-08-21,fold_7,Recent mixed/upturn,-0.000663315411657095,-1,-0.003321295604109764,-1,0.003321295604109764,0.1263129711151123,0.999911904335022,2.9343869755393825e-05,5.868773951078765e-05,1,33.21295604109764
2025-08-22,fold_7,Recent mixed/upturn,-0.0011481385445222259,-1,0.008313816972076893,1,-0.008313816972076893,0.11694896221160889,0.9999110698699951,2.9659100619028322e-05,5.9318201238056645e-05,0,-83.13816972076893
2025-08-25,fold_7,Recent mixed/upturn,0.002066499087959528,1,-0.007784397341310978,-1,-0.007784397341310978,0.10825419425964355,0.9999003410339355,3.320233736303635e-05,6.64046747260727e-05,0,-77.84397341310978
2025-08-26,fold_7,Recent mixed/upturn,0.0003522932529449463,1,0.001804178929887712,1,0.001804178929887712,0.11025369167327881,0.999916672706604,2.7761218007071875e-05,5.552243601414375e-05,1,18.04178929887712
2025-08-27,fold_7,Recent mixed/upturn,0.0042512989602983,1,0.0007338296854868531,1,0.0007338296854868531,0.1110684871673584,0.999923586845398,2.5485502192168497e-05,5.097100438433699e-05,1,7.338296854868531
2025-08-28,fold_7,Recent mixed/upturn,0.0035497357603162527,1,0.0028852694667875767,1,0.0028852694667875767,0.11427414417266846,0.9999386072158813,2.0447163478820585e-05,4.089432695764117e-05,1,28.852694667875767
2025-08-29,fold_7,Recent mixed/upturn,0.00501125818118453,1,0.0008769080741330981,1,0.0008769080741330981,0.11525130271911621,0.9999516010284424,1.614134271221701e-05,3.228268542443402e-05,1,8.769080741330981
2025-09-02,fold_7,Recent mixed/upturn,0.0012680862564593554,1,-0.006818667519837618,-1,-0.006818667519837618,0.10764682292938232,0.9999284744262695,2.3829245037632063e-05,4.7658490075264126e-05,0,-68.18667519837618
2025-09-03,fold_7,Recent mixed/upturn,0.003581630764529109,1,0.0020988616161048412,1,0.0020988616161048412,0.10997164249420166,0.9999232292175293,2.5589335564291105e-05,5.117867112858221e-05,1,20.988616161048412
2025-09-04,fold_7,Recent mixed/upturn,-0.0005442555993795395,-1,-0.0003031234664376825,-1,0.0003031234664376825,0.11030817031860352,0.9999523162841797,1.5884930689935572e-05,3.1769861379871145e-05,1,3.031234664376825
2025-09-05,fold_7,Recent mixed/upturn,-0.00018752376490738243,-1,0.004825879819691181,1,-0.004825879819691181,0.104949951171875,0.9999337196350098,2.2091189748607576e-05,4.418237949721515e-05,0,-48.25879819691181
2025-09-08,fold_7,Recent mixed/upturn,0.0017867733258754015,1,0.00477817514911294,1,0.00477817514911294,0.11022961139678955,0.9999359846115112,2.134325768565759e-05,4.268651537131518e-05,1,47.7817514911294
2025-09-09,fold_7,Recent mixed/upturn,-0.00059503287775442,-1,-0.005640725139528513,-1,0.005640725139528513,0.11649215221405029,0.9999322891235352,2.2581012672162615e-05,4.516202534432523e-05,1,56.40725139528513
2025-09-10,fold_7,Recent mixed/upturn,0.0022806276101619005,1,5.857199721504003e-05,1,5.857199721504003e-05,0.11655747890472412,0.999947190284729,1.7603157175472006e-05,3.520631435094401e-05,1,0.5857199721504003
2025-09-11,fold_7,Recent mixed/upturn,0.0007748965290375054,1,0.002675513969734311,1,0.002675513969734311,0.1195448637008667,0.9999194145202637,2.6863193852477707e-05,5.3726387704955414e-05,1,26.75513969734311
2025-09-12,fold_7,Recent mixed/upturn,-0.0016013503773137927,-1,-0.000703588651958853,-1,0.000703588651958853,0.12033259868621826,0.9999101161956787,2.995972135977354e-05,5.991944271954708e-05,1,7.03588651958853
2025-09-16,fold_7,Recent mixed/upturn,-0.0037554630544036627,-1,0.009152790531516075,1,-0.009152790531516075,0.11007845401763916,0.9998836517333984,3.878725692629814e-05,7.757451385259628e-05,0,-91.52790531516075
2025-09-17,fold_7,Recent mixed/upturn,0.0007464417139999568,1,-0.003796270117163658,-1,-0.003796270117163658,0.10586428642272949,0.999893307685852,3.555620787665248e-05,7.111241575330496e-05,0,-37.96270117163658
2025-09-18,fold_7,Recent mixed/upturn,0.0007076546899043024,1,-0.0029830695129930973,-1,-0.0029830695129930973,0.10256540775299072,0.9999446868896484,1.8447170077706687e-05,3.6894340155413374e-05,0,-29.830695129930973
2025-09-19,fold_7,Recent mixed/upturn,-0.0025163290556520224,-1,-0.004589194897562265,-1,0.004589194897562265,0.10762524604797363,0.9998989105224609,3.368494435562752e-05,6.736988871125504e-05,1,45.891948975622654
2025-09-22,fold_7,Recent mixed/upturn,0.0023931057658046484,1,0.005463925655931234,1,0.005463925655931234,0.1136772632598877,0.9999598264694214,1.337901903752936e-05,2.675803807505872e-05,1,54.639256559312344
2025-09-24,fold_7,Recent mixed/upturn,-0.0010615220526233315,-1,-0.005907559301704168,-1,0.005907559301704168,0.12025630474090576,0.9999064207077026,3.11954427161254e-05,6.23908854322508e-05,1,59.07559301704168
2025-09-25,fold_7,Recent mixed/upturn,-0.004526594653725624,-1,-0.006974319461733103,-1,0.006974319461733103,0.12806940078735352,0.9998971223831177,3.4296819649171084e-05,6.859363929834217e-05,1,69.74319461733103
2025-09-26,fold_7,Recent mixed/upturn,0.002773245796561241,1,0.0038988362066447735,1,0.0038988362066447735,0.1324676275253296,0.9999290704727173,2.3637838239665143e-05,4.7275676479330286e-05,1,38.988362066447735
2025-09-29,fold_7,Recent mixed/upturn,0.001789047266356647,1,0.0019825738854706287,1,0.0019825738854706287,0.134712815284729,0.999894380569458,3.5205423046136275e-05,7.041084609227255e-05,1,19.825738854706287
