date,fold,regime,prediction,pred_direction,actual_return,actual_direction,strategy_return,cumulative_return,confidence,aleatoric,epistemic,correct,pnl_bps
2008-04-09,fold_1,Pre-crisis upturn + GFC onset,0.00492854556068778,1,-0.005179158411920071,-1,-0.005179158411920071,-0.005179166793823242,0.9995365142822266,0.00015457713743671775,0.0003091542748734355,0,-51.79158411920071
2008-04-10,fold_1,Pre-crisis upturn + GFC onset,0.0049386885948479176,1,0.005078901536762714,1,0.005078901536762714,-0.0001265406608581543,0.9997277855873108,9.07622161321342e-05,0.0001815244322642684,1,50.789015367627144
2008-04-11,fold_1,Pre-crisis upturn + GFC onset,0.007556311786174774,1,0.00018986649229191244,1,0.00018986649229191244,6.330013275146484e-05,0.9996129870414734,0.0001290799118578434,0.0002581598237156868,1,1.8986649229191244
2008-04-14,fold_1,Pre-crisis upturn + GFC onset,0.005442481022328138,1,-0.002462598029524088,-1,-0.002462598029524088,-0.0023995041847229004,0.9988415837287903,0.00038660824066028,0.00077321648132056,0,-24.62598029524088
2008-04-15,fold_1,Pre-crisis upturn + GFC onset,-0.0020774377044290304,-1,0.010899379849433899,1,-0.010899379849433899,-0.013272702693939209,0.9995321035385132,0.00015604915097355843,0.00031209830194711685,0,-108.99379849433899
2008-04-16,fold_1,Pre-crisis upturn + GFC onset,-0.003375306725502014,-1,-0.0035143231507390738,-1,0.0035143231507390738,-0.009805083274841309,0.9996216297149658,0.00012616314052138478,0.00025232628104276955,1,35.14323150739074
2008-04-17,fold_1,Pre-crisis upturn + GFC onset,0.005753568839281797,1,-0.010573179461061954,-1,-0.010573179461061954,-0.020274639129638672,0.999096155166626,0.0003015610855072737,0.0006031221710145473,0,-105.73179461061954
2008-04-18,fold_1,Pre-crisis upturn + GFC onset,0.003969843033701181,1,0.011313356459140778,1,0.011313356459140778,-0.009190678596496582,0.9990944862365723,0.0003021314914803952,0.0006042629829607904,1,113.13356459140778
2008-04-21,fold_1,Pre-crisis upturn + GFC onset,-0.0009522662730887532,-1,0.004780459683388472,1,-0.004780459683388472,-0.013927221298217773,0.9995443224906921,0.00015196386084426194,0.0003039277216885239,0,-47.804596833884716
2008-04-22,fold_1,Pre-crisis upturn + GFC onset,0.008970662020146847,1,-0.007127514574676752,-1,-0.007127514574676752,-0.02095550298690796,0.9992621541023254,0.0002461372932884842,0.0004922745865769684,0,-71.27514574676752
2008-04-23,fold_1,Pre-crisis upturn + GFC onset,0.004379722289741039,1,-0.011966871097683907,-1,-0.011966871097683907,-0.03267163038253784,0.9995900988578796,0.0001366856595268473,0.0002733713190536946,0,-119.66871097683907
2008-04-24,fold_1,Pre-crisis upturn + GFC onset,0.0004373345582280308,1,-0.0030023385770618916,-1,-0.0030023385770618916,-0.03557586669921875,0.9993346333503723,0.00022190494928508997,0.00044380989857017994,0,-30.023385770618916
2008-04-25,fold_1,Pre-crisis upturn + GFC onset,0.009078137576580048,1,0.0010174394119530916,1,0.0010174394119530916,-0.034594595432281494,0.9990942478179932,0.0003022038144990802,0.0006044076289981604,1,10.174394119530916
2008-04-28,fold_1,Pre-crisis upturn + GFC onset,0.007193189114332199,1,-0.0054796477779746056,-1,-0.0054796477779746056,-0.03988468647003174,0.9995439648628235,0.0001520627993158996,0.0003041255986317992,0,-54.796477779746056
2008-04-30,fold_1,Pre-crisis upturn + GFC onset,0.008752153255045414,1,-0.012038466520607471,-1,-0.012038466520607471,-0.05144298076629639,0.9989714622497559,0.00034319900441914797,0.0006863980088382959,0,-120.38466520607471
2008-05-02,fold_1,Pre-crisis upturn + GFC onset,0.003226173808798194,1,0.00415347795933485,1,0.00415347795933485,-0.04750317335128784,0.9996923208236694,0.00010258622205583379,0.00020517244411166757,1,41.5347795933485
2008-05-07,fold_1,Pre-crisis upturn + GFC onset,0.007322124671190977,1,0.005134144332259893,1,0.005134144332259893,-0.04261296987533569,0.9994822144508362,0.00017267958901356906,0.0003453591780271381,1,51.341443322598934
2008-05-08,fold_1,Pre-crisis upturn + GFC onset,0.009706485085189342,1,0.0016728068003430963,1,0.0016728068003430963,-0.04101139307022095,0.9992921352386475,0.0002361278748139739,0.0004722557496279478,1,16.728068003430963
2008-05-09,fold_1,Pre-crisis upturn + GFC onset,0.0003295629285275936,1,0.0032323605846613646,1,0.0032323605846613646,-0.03791159391403198,0.9994495511054993,0.00018359243404120207,0.00036718486808240414,1,32.323605846613646
2008-05-12,fold_1,Pre-crisis upturn + GFC onset,0.00835096463561058,1,-0.004055029712617397,-1,-0.004055029712617397,-0.041812896728515625,0.9993199110031128,0.00022685760632157326,0.0004537152126431465,0,-40.55029712617397
2008-05-13,fold_1,Pre-crisis upturn + GFC onset,-0.0014269959647208452,-1,-0.0005104347947053611,-1,0.0005104347947053611,-0.04132378101348877,0.9991320967674255,0.00028957222821190953,0.0005791444564238191,1,5.104347947053611
2008-05-14,fold_1,Pre-crisis upturn + GFC onset,0.0017272444674745202,1,-0.001174283679574728,-1,-0.001174283679574728,-0.04244953393936157,0.9994074106216431,0.0001976343774003908,0.0003952687548007816,0,-11.74283679574728
2008-05-15,fold_1,Pre-crisis upturn + GFC onset,-0.0004903789958916605,-1,0.009388802573084831,1,-0.009388802573084831,-0.051439762115478516,0.9994232654571533,0.00019235302170272917,0.00038470604340545833,0,-93.88802573084831
2008-05-16,fold_1,Pre-crisis upturn + GFC onset,0.005836553405970335,1,-0.0043633379973471165,-1,-0.0043633379973471165,-0.055578649044036865,0.9994449019432068,0.00018512390670366585,0.0003702478134073317,0,-43.633379973471165
2008-05-19,fold_1,Pre-crisis upturn + GFC onset,0.012538089416921139,1,0.008124498650431633,1,0.008124498650431633,-0.04790574312210083,0.999214768409729,0.00026193325174972415,0.0005238665034994483,1,81.24498650431633
2008-05-20,fold_1,Pre-crisis upturn + GFC onset,0.009102548472583294,1,0.00855705700814724,1,0.00855705700814724,-0.03975862264633179,0.9995865225791931,0.0001378915912937373,0.0002757831825874746,1,85.5705700814724
2008-05-21,fold_1,Pre-crisis upturn + GFC onset,0.008269185200333595,1,-0.003555349772796035,-1,-0.003555349772796035,-0.043172597885131836,0.9995831847190857,0.00013901173952035606,0.0002780234790407121,0,-35.55349772796035
2008-05-22,fold_1,Pre-crisis upturn + GFC onset,0.0004956164630129933,1,0.003377990797162056,1,0.003377990797162056,-0.03994041681289673,0.9993970394134521,0.00020111500634811819,0.00040223001269623637,1,33.77990797162056
2008-05-23,fold_1,Pre-crisis upturn + GFC onset,0.0007420860347338021,1,-0.0003629504353739321,-1,-0.0003629504353739321,-0.04028886556625366,0.9992222785949707,0.0002594412653706968,0.0005188825307413936,0,-3.6295043537393212
2008-05-27,fold_1,Pre-crisis upturn + GFC onset,0.010696060955524445,1,-0.0022230539470911026,-1,-0.0022230539470911026,-0.042422354221343994,0.9994780421257019,0.00017407034465577453,0.00034814068931154907,0,-22.230539470911026
2008-05-28,fold_1,Pre-crisis upturn + GFC onset,0.009282841347157955,1,-0.00881433766335249,-1,-0.00881433766335249,-0.050862789154052734,0.9997428059577942,8.575156971346587e-05,0.00017150313942693174,0,-88.1433766335249
2008-05-29,fold_1,Pre-crisis upturn + GFC onset,-0.007401434239000082,-1,0.0014764738734811544,1,-0.0014764738734811544,-0.05226415395736694,0.999629020690918,0.00012370164040476084,0.0002474032808095217,0,-14.764738734811544
2008-05-30,fold_1,Pre-crisis upturn + GFC onset,-0.0013302400475367904,-1,0.0003264624683652073,1,-0.0003264624683652073,-0.052573561668395996,0.9992524981498718,0.0002493378706276417,0.0004986757412552834,0,-3.264624683652073
2008-06-02,fold_1,Pre-crisis upturn + GFC onset,0.013469994068145752,1,-0.0061646453104913235,-1,-0.0061646453104913235,-0.05841416120529175,0.9994988441467285,0.00016713209333829582,0.00033426418667659163,0,-61.646453104913235
2008-06-03,fold_1,Pre-crisis upturn + GFC onset,0.00539983157068491,1,-0.001142001012340188,-1,-0.001142001012340188,-0.05948948860168457,0.99899822473526,0.00033426471054553986,0.0006685294210910797,0,-11.42001012340188
2008-06-04,fold_1,Pre-crisis upturn + GFC onset,0.016139201819896698,1,0.010132720693945885,1,0.010132720693945885,-0.04995959997177124,0.9997544884681702,8.185687329387292e-05,0.00016371374658774585,1,101.32720693945885
2008-06-05,fold_1,Pre-crisis upturn + GFC onset,0.0028415804263204336,1,0.012580753304064274,1,0.012580753304064274,-0.038007378578186035,0.9994794726371765,0.0001735940604703501,0.0003471881209407002,1,125.80753304064274
2008-06-06,fold_1,Pre-crisis upturn + GFC onset,0.0012031284859403968,1,-0.008963803760707378,-1,-0.008963803760707378,-0.04663050174713135,0.9994508624076843,0.00018313150212634355,0.0003662630042526871,0,-89.63803760707378
2008-06-09,fold_1,Pre-crisis upturn + GFC onset,0.00805854331701994,1,-0.011474243365228176,-1,-0.011474243365228176,-0.057569682598114014,0.9992058873176575,0.00026490716845728457,0.0005298143369145691,0,-114.74243365228176
2008-06-10,fold_1,Pre-crisis upturn + GFC onset,0.00363022624514997,1,0.006067509297281504,1,0.006067509297281504,-0.05185145139694214,0.9993811845779419,0.00020638179557863623,0.00041276359115727246,1,60.67509297281504
2008-06-11,fold_1,Pre-crisis upturn + GFC onset,-0.00034360066638328135,-1,-0.006230826023966074,-1,0.006230826023966074,-0.04594367742538452,0.9992223978042603,0.0002594070101622492,0.0005188140203244984,1,62.30826023966074
2008-06-12,fold_1,Pre-crisis upturn + GFC onset,0.0007053293520584702,1,-0.005947754718363285,-1,-0.005947754718363285,-0.05161815881729126,0.9992045760154724,0.00026533802156336606,0.0005306760431267321,0,-59.47754718363285
2008-06-13,fold_1,Pre-crisis upturn + GFC onset,0.009200920350849628,1,0.006823988631367683,1,0.006823988631367683,-0.045146405696868896,0.999087929725647,0.00030428628087975085,0.0006085725617595017,1,68.23988631367683
2008-06-16,fold_1,Pre-crisis upturn + GFC onset,-0.00011999532580375671,-1,0.0031044406350702047,1,-0.0031044406350702047,-0.0481107234954834,0.9995521903038025,0.0001493177260272205,0.000298635452054441,0,-31.044406350702047
2008-06-17,fold_1,Pre-crisis upturn + GFC onset,0.003989235498011112,1,0.0010409550741314888,1,0.0010409550741314888,-0.047119855880737305,0.9995841383934021,0.0001386725780321285,0.000277345156064257,1,10.409550741314888
2008-06-18,fold_1,Pre-crisis upturn + GFC onset,0.0018690743017941713,1,-0.0018145984504371881,-1,-0.0018145984504371881,-0.04884892702102661,0.9991833567619324,0.0002724206424318254,0.0005448412848636508,0,-18.14598450437188
2008-06-19,fold_1,Pre-crisis upturn + GFC onset,0.0031632091850042343,1,0.0076107727363705635,1,0.0076107727363705635,-0.041609883308410645,0.9996864795684814,0.0001045375393005088,0.0002090750786010176,1,76.10772736370564
2008-06-20,fold_1,Pre-crisis upturn + GFC onset,-0.0023953020572662354,-1,-0.00672138063237071,-1,0.00672138063237071,-0.03516817092895508,0.9991816878318787,0.0002729937550611794,0.0005459875101223588,1,67.2138063237071
2008-06-23,fold_1,Pre-crisis upturn + GFC onset,0.005354525055736303,1,0.0030361225362867117,1,0.0030361225362867117,-0.032238781452178955,0.9994250535964966,0.00019177564536221325,0.0003835512907244265,1,30.361225362867117
2008-06-24,fold_1,Pre-crisis upturn + GFC onset,0.0016194451600313187,1,0.006677090656012297,1,0.006677090656012297,-0.025776982307434082,0.9993964433670044,0.0002012918412219733,0.0004025836824439466,1,66.77090656012297
2008-06-25,fold_1,Pre-crisis upturn + GFC onset,0.004038424231112003,1,0.005040960386395454,1,0.005040960386395454,-0.020865917205810547,0.999462902545929,0.00017911534814629704,0.0003582306962925941,1,50.409603863954544
2008-06-26,fold_1,Pre-crisis upturn + GFC onset,0.003643776522949338,1,0.0,1,0.0,-0.020865917205810547,0.999423623085022,0.0001922234077937901,0.0003844468155875802,0,0.0
2008-06-27,fold_1,Pre-crisis upturn + GFC onset,-0.0019534353632479906,-1,-0.00018895813263952732,-1,0.00018895813263952732,-0.020680904388427734,0.9993267059326172,0.00022460213222075254,0.0004492042644415051,1,1.8895813263952732
2010-04-05,fold_2,Post-crash recovery,0.003511283313855529,1,-0.006459742318838835,-1,-0.006459742318838835,-0.006459712982177734,0.9993705153465271,0.00020994635997340083,0.00041989271994680166,0,-64.59742318838835
2010-04-06,fold_2,Post-crash recovery,0.003361778100952506,1,-0.003991239704191685,-1,-0.003991239704191685,-0.010425150394439697,0.9994080066680908,0.0001974372862605378,0.0003948745725210756,0,-39.91239704191685
2010-04-07,fold_2,Post-crash recovery,0.00048589808284305036,1,0.0009486044873483479,1,0.0009486044873483479,-0.009486496448516846,0.9992163181304932,0.0002614335098769516,0.0005228670197539032,1,9.486044873483479
2010-04-08,fold_2,Post-crash recovery,0.014764002524316311,1,0.01046330388635397,1,0.01046330388635397,0.0008776187896728516,0.9996896982192993,0.00010347659554099664,0.00020695319108199328,1,104.6330388635397
2010-04-09,fold_2,Post-crash recovery,0.0102857556194067,1,0.007042666897177696,1,0.007042666897177696,0.007926464080810547,0.9995831847190857,0.00013899526675231755,0.0002779905335046351,1,70.42666897177696
2010-04-12,fold_2,Post-crash recovery,0.005099548492580652,1,0.0009253707830794156,1,0.0009253707830794156,0.00885927677154541,0.9993740916252136,0.00020876977941952646,0.0004175395588390529,1,9.253707830794156
2010-04-13,fold_2,Post-crash recovery,0.0039024115540087223,1,0.0034823056776076555,1,0.0034823056776076555,0.012372493743896484,0.9991369843482971,0.00028791927616111934,0.0005758385523222387,1,34.823056776076555
2010-04-14,fold_2,Post-crash recovery,0.007997832261025906,1,-0.005999756511300802,-1,-0.005999756511300802,0.006298542022705078,0.9994069337844849,0.00019779261492658406,0.00039558522985316813,0,-59.99756511300802
2010-04-15,fold_2,Post-crash recovery,0.0026906568091362715,1,-0.00515845837071538,-1,-0.00515845837071538,0.0011075735092163086,0.9990590214729309,0.00031396769918501377,0.0006279353983700275,0,-51.5845837071538
2010-04-16,fold_2,Post-crash recovery,0.005413268692791462,1,-0.0012409078190103173,-1,-0.0012409078190103173,-0.0001347064971923828,0.9994335770606995,0.00018888802151195705,0.0003777760430239141,0,-12.409078190103173
2010-04-19,fold_2,Post-crash recovery,0.01081278920173645,1,-0.0038692092057317495,-1,-0.0038692092057317495,-0.004003405570983887,0.9988393187522888,0.0003873647947330028,0.0007747295894660056,0,-38.692092057317495
2010-04-20,fold_2,Post-crash recovery,0.0014928776072338223,1,-0.0033609094098210335,-1,-0.0033609094098210335,-0.0073508620262146,0.9991415739059448,0.0002863792469725013,0.0005727584939450026,0,-33.609094098210335
2010-04-21,fold_2,Post-crash recovery,0.00591915613040328,1,-0.008957214653491974,-1,-0.008957214653491974,-0.01624220609664917,0.9992569088935852,0.00024786137510091066,0.0004957227502018213,0,-89.57214653491974
2010-04-22,fold_2,Post-crash recovery,-0.0058366963639855385,-1,0.008592506870627403,1,-0.008592506870627403,-0.024695158004760742,0.999122679233551,0.00029270353843457997,0.0005854070768691599,0,-85.92506870627403
2010-04-23,fold_2,Post-crash recovery,0.0026326694060117006,1,0.001286504091694951,1,0.001286504091694951,-0.023440420627593994,0.9995090961456299,0.00016370980301871896,0.0003274196060374379,1,12.86504091694951
2010-04-26,fold_2,Post-crash recovery,0.008806254714727402,1,-0.01720094121992588,-1,-0.01720094121992588,-0.040238142013549805,0.9992092251777649,0.00026379909832030535,0.0005275981966406107,0,-172.0094121992588
2010-04-27,fold_2,Post-crash recovery,0.0019625648856163025,1,0.00319747650064528,1,0.00319747650064528,-0.03716939687728882,0.9995515942573547,0.0001495338074164465,0.000299067614832893,1,31.9747650064528
2010-04-28,fold_2,Post-crash recovery,0.010993589647114277,1,0.0037932186387479305,1,0.0037932186387479305,-0.03351712226867676,0.9994162321090698,0.00019471692212391645,0.0003894338442478329,1,37.932186387479305
2010-04-30,fold_2,Post-crash recovery,0.003911973442882299,1,-0.007378703448921442,-1,-0.007378703448921442,-0.04064851999282837,0.9991503953933716,0.0002834344340953976,0.0005668688681907952,0,-73.78703448921442
2010-05-06,fold_2,Post-crash recovery,0.0018849822226911783,1,0.009745693765580654,1,0.009745693765580654,-0.031298935413360596,0.9992247819900513,0.00025858922163024545,0.0005171784432604909,1,97.45693765580654
2010-05-07,fold_2,Post-crash recovery,0.002969499211758375,1,0.0018146689981222153,1,0.0018146689981222153,-0.029541015625,0.999211311340332,0.00026307598454877734,0.0005261519690975547,1,18.146689981222153
2010-05-10,fold_2,Post-crash recovery,0.006924888584762812,1,-0.011682657524943352,-1,-0.011682657524943352,-0.0408785343170166,0.9993882179260254,0.00020403861708473414,0.0004080772341694683,0,-116.82657524943352
2010-05-11,fold_2,Post-crash recovery,-0.0002757006441242993,-1,0.0007203565328381956,1,-0.0007203565328381956,-0.04156947135925293,0.9993157386779785,0.00022822432219982147,0.00045644864439964294,0,-7.203565328381956
2010-05-12,fold_2,Post-crash recovery,0.0020634362008422613,1,-0.007750330958515406,-1,-0.007750330958515406,-0.04899764060974121,0.9994035959243774,0.00019893550779670477,0.00039787101559340954,0,-77.50330958515406
2010-05-13,fold_2,Post-crash recovery,0.008338750340044498,1,-0.014436493627727032,-1,-0.014436493627727032,-0.06272679567337036,0.9988046884536743,0.0003989045217167586,0.0007978090434335172,0,-144.36493627727032
2010-05-14,fold_2,Post-crash recovery,0.0002812998427543789,1,0.00266445754095912,1,0.00266445754095912,-0.060229480266571045,0.9995465874671936,0.00015118371811695397,0.00030236743623390794,1,26.644575409591198
2010-05-17,fold_2,Post-crash recovery,-0.003989746328443289,-1,-0.0172696802765131,-1,0.0172696802765131,-0.04399991035461426,0.9991231560707092,0.0002925218432210386,0.0005850436864420772,1,172.696802765131
2010-05-18,fold_2,Post-crash recovery,0.006095011252909899,1,0.0176109466701746,1,0.0176109466701746,-0.02716386318206787,0.9988971948623657,0.00036797637585550547,0.0007359527517110109,1,176.109466701746
2010-05-19,fold_2,Post-crash recovery,-0.0023548626340925694,-1,0.006900882814079523,1,-0.006900882814079523,-0.03387731313705444,0.9993181228637695,0.0002274538710480556,0.0004549077420961112,0,-69.00882814079523
2010-05-20,fold_2,Post-crash recovery,-0.0049136048182845116,-1,0.0070626987144351006,1,-0.0070626987144351006,-0.04070073366165161,0.9992721676826477,0.00024277069314848632,0.00048554138629697263,0,-70.626987144351
2010-05-21,fold_2,Post-crash recovery,0.0008770022541284561,1,-0.017277510836720467,-1,-0.017277510836720467,-0.05727505683898926,0.9988517761230469,0.00038316805148497224,0.0007663361029699445,0,-172.77510836720467
2010-05-24,fold_2,Post-crash recovery,-0.0001958951324922964,-1,-0.0003210459544789046,-1,0.0003210459544789046,-0.056972384452819824,0.9991913437843323,0.0002697550517041236,0.0005395101034082472,1,3.210459544789046
2010-05-25,fold_2,Post-crash recovery,0.001749722519889474,1,-0.014011116698384285,-1,-0.014011116698384285,-0.07018530368804932,0.9997218251228333,9.272248280467466e-05,0.0001854449656093493,0,-140.11116698384285
2010-05-26,fold_2,Post-crash recovery,0.0021697848569601774,1,0.014373074285686016,1,0.014373074285686016,-0.05682098865509033,0.9994100332260132,0.00019677277305163443,0.00039354554610326886,1,143.73074285686016
2010-05-27,fold_2,Post-crash recovery,-0.00456870486959815,-1,-0.005989732686430216,-1,0.005989732686430216,-0.05117154121398926,0.9995896220207214,0.000136837552418001,0.000273675104836002,1,59.89732686430216
2010-05-28,fold_2,Post-crash recovery,-0.0042275432497262955,-1,0.0011304189683869481,1,-0.0011304189683869481,-0.05224412679672241,0.999593198299408,0.0001356595748802647,0.0002713191497605294,0,-11.304189683869481
2010-06-01,fold_2,Post-crash recovery,-0.0019208977464586496,-1,0.000489582889713347,1,-0.000489582889713347,-0.05270814895629883,0.9995006322860718,0.00016654643695801497,0.00033309287391602993,0,-4.89582889713347
2010-06-02,fold_2,Post-crash recovery,-0.00527687044814229,-1,-0.005683161783963442,-1,0.005683161783963442,-0.047324538230895996,0.9995597004890442,0.00014681379252579063,0.00029362758505158126,1,56.83161783963442
2010-06-03,fold_2,Post-crash recovery,-0.0008557135588489473,-1,-0.01630449667572975,-1,0.01630449667572975,-0.031791627407073975,0.9989508390426636,0.000350068265106529,0.000700136530213058,1,163.04496675729752
2010-06-04,fold_2,Post-crash recovery,-0.007761905435472727,-1,-0.004018112551420927,-1,0.004018112551420927,-0.027901291847229004,0.9992446899414062,0.00025194999761879444,0.0005038999952375889,1,40.18112551420927
2010-06-07,fold_2,Post-crash recovery,0.000762217678129673,1,0.0041184090077877045,1,0.0041184090077877045,-0.023897767066955566,0.9988864064216614,0.0003716288774739951,0.0007432577549479902,1,41.184090077877045
2010-06-08,fold_2,Post-crash recovery,0.0038777347654104233,1,0.0016669539036229253,1,0.0016669539036229253,-0.022270679473876953,0.9994250535964966,0.00019175409397576004,0.0003835081879515201,1,16.669539036229253
2010-06-09,fold_2,Post-crash recovery,-0.0009248701971955597,-1,0.00975992064923048,1,-0.00975992064923048,-0.031813204288482666,0.9994970560073853,0.00016770476941019297,0.00033540953882038593,0,-97.5992064923048
2010-06-10,fold_2,Post-crash recovery,-0.005970429629087448,-1,0.00041180214611813426,1,-0.00041180214611813426,-0.032211899757385254,0.9993324875831604,0.00022262406127993017,0.00044524812255986035,0,-4.118021461181343
2010-06-11,fold_2,Post-crash recovery,0.003360272152349353,1,0.008589374832808971,1,0.008589374832808971,-0.023899197578430176,0.9990097284317017,0.0003304002166260034,0.0006608004332520068,1,85.89374832808971
2010-06-14,fold_2,Post-crash recovery,-8.693337440490723e-05,-1,0.00826606061309576,1,-0.00826606061309576,-0.03196769952774048,0.9996028542518616,0.00013244530418887734,0.0002648906083777547,0,-82.6606061309576
2010-06-15,fold_2,Post-crash recovery,0.006059741135686636,1,-0.0005786734400317073,-1,-0.0005786734400317073,-0.032527923583984375,0.9996205568313599,0.0001264999300474301,0.0002529998600948602,0,-5.786734400317073
2010-06-16,fold_2,Post-crash recovery,-0.003009295789524913,-1,0.005695778410881758,1,-0.005695778410881758,-0.038038432598114014,0.9995057582855225,0.0001648358447710052,0.0003296716895420104,0,-56.95778410881758
2010-06-17,fold_2,Post-crash recovery,0.008883843198418617,1,0.000879864557646215,1,0.000879864557646215,-0.03719204664230347,0.9989548921585083,0.0003487340291030705,0.000697468058206141,1,8.79864557646215
2010-06-18,fold_2,Post-crash recovery,-0.0017567046452313662,-1,-0.006207311991602182,-1,0.006207311991602182,-0.031215548515319824,0.999159574508667,0.0002803836250677705,0.000560767250135541,1,62.073119916021824
2010-06-21,fold_2,Post-crash recovery,0.004290365148335695,1,-0.0033265468664467335,-1,-0.0033265468664467335,-0.034438252449035645,0.9993274211883545,0.00022436431027017534,0.0004487286205403507,0,-33.265468664467335
2010-06-22,fold_2,Post-crash recovery,-0.008879072032868862,-1,0.003584904596209526,1,-0.003584904596209526,-0.03789973258972168,0.9995071887969971,0.00016434397548437119,0.00032868795096874237,0,-35.84904596209526
2010-06-23,fold_2,Post-crash recovery,-0.004571694415062666,-1,0.0014927452430129051,1,-0.0014927452430129051,-0.03933590650558472,0.9995935559272766,0.00013555162877310067,0.00027110325754620135,0,-14.927452430129051
2010-06-24,fold_2,Post-crash recovery,-0.0011844992404803634,-1,0.002882967470213771,1,-0.002882967470213771,-0.04210543632507324,0.9989334940910339,0.00035587354796007276,0.0007117470959201455,0,-28.82967470213771
2010-06-25,fold_2,Post-crash recovery,-0.006248022895306349,-1,-0.007759139873087406,-1,0.007759139873087406,-0.03467303514480591,0.9992695450782776,0.00024366167781408876,0.0004873233556281775,1,77.59139873087406
2010-06-28,fold_2,Post-crash recovery,0.0064911129884421825,1,-0.007384906057268381,-1,-0.007384906057268381,-0.04180186986923218,0.9992992877960205,0.0002337113837711513,0.0004674227675423026,0,-73.84906057268381
2010-06-29,fold_2,Post-crash recovery,-0.0008565183961763978,-1,0.003583511570468545,1,-0.003583511570468545,-0.04523557424545288,0.9992378950119019,0.00025423691840842366,0.0005084738368168473,0,-35.83511570468545
2013-04-05,fold_3,Eurozone debt plateau,-0.007363032549619675,-1,0.004937021527439356,1,-0.004937021527439356,-0.00493699312210083,0.9991459846496582,0.00028491084231063724,0.0005698216846212745,0,-49.37021527439356
2013-04-08,fold_3,Eurozone debt plateau,-0.004960407968610525,-1,0.0028665303252637386,1,-0.0028665303252637386,-0.0077893733978271484,0.9993571639060974,0.00021441950229927897,0.00042883900459855795,0,-28.665303252637386
2013-04-09,fold_3,Eurozone debt plateau,-7.201917469501495e-06,-1,0.003910965286195278,1,-0.003910965286195278,-0.01166987419128418,0.9995545744895935,0.00014852732419967651,0.00029705464839935303,0,-39.10965286195278
2013-04-10,fold_3,Eurozone debt plateau,-0.00197778083384037,-1,-0.0019061239436268806,-1,0.0019061239436268806,-0.009785950183868408,0.9993460774421692,0.00021811187616549432,0.00043622375233098865,1,19.061239436268806
2013-04-11,fold_3,Eurozone debt plateau,-0.003122000489383936,-1,0.00455083604902029,1,-0.00455083604902029,-0.014292240142822266,0.9990422129631042,0.00031957015744410455,0.0006391403148882091,0,-45.508360490202904
2013-04-12,fold_3,Eurozone debt plateau,-0.003998317755758762,-1,-0.001178935170173645,-1,0.001178935170173645,-0.013130128383636475,0.9993515610694885,0.00021626696980092674,0.0004325339396018535,1,11.78935170173645
2013-04-15,fold_3,Eurozone debt plateau,-0.0021632376592606306,-1,-0.0034072035923600197,-1,0.0034072035923600197,-0.009767651557922363,0.9995668530464172,0.00014442864630836993,0.00028885729261673987,1,34.0720359236002
2013-04-16,fold_3,Eurozone debt plateau,-0.004380572121590376,-1,0.009501743130385876,1,-0.009501743130385876,-0.019176602363586426,0.9992730021476746,0.00024251887225545943,0.00048503774451091886,0,-95.01743130385876
2013-04-17,fold_3,Eurozone debt plateau,0.005031903740018606,1,-0.010910171084105968,-1,-0.010910171084105968,-0.029877543449401855,0.9991118311882019,0.00029630688368342817,0.0005926137673668563,0,-109.10171084105968
2013-04-18,fold_3,Eurozone debt plateau,-0.004359643440693617,-1,0.0013966822298243642,1,-0.0013966822298243642,-0.031232476234436035,0.9993450045585632,0.0002184762415708974,0.0004369524831417948,0,-13.966822298243642
2013-04-19,fold_3,Eurozone debt plateau,2.408549153187778e-05,1,0.0001958034554263577,1,0.0001958034554263577,-0.031042754650115967,0.999242901802063,0.0002525729069020599,0.0005051458138041198,1,1.9580345542635769
2013-04-22,fold_3,Eurozone debt plateau,0.0006263373652473092,1,0.0004571809549815953,1,0.0004571809549815953,-0.030599772930145264,0.9995390176773071,0.0001537273928988725,0.000307454785797745,1,4.571809549815953
2013-04-23,fold_3,Eurozone debt plateau,-0.005828025285154581,-1,-0.005145795177668333,-1,0.005145795177668333,-0.025611460208892822,0.998782217502594,0.00040642241947352886,0.0008128448389470577,1,51.45795177668333
2013-04-24,fold_3,Eurozone debt plateau,0.0069875712506473064,1,0.0017703734338283539,1,0.0017703734338283539,-0.023886442184448242,0.9994081258773804,0.00019742232689168304,0.0003948446537833661,1,17.70373433828354
2013-04-25,fold_3,Eurozone debt plateau,-0.0024261372163891792,-1,-0.0007805071654729545,-1,0.0007805071654729545,-0.023124635219573975,0.99924635887146,0.00025139746139757335,0.0005027949227951467,1,7.805071654729545
2013-04-26,fold_3,Eurozone debt plateau,-0.005441661458462477,-1,0.0027129673399031162,1,-0.0027129673399031162,-0.025774836540222168,0.9993019104003906,0.00023284279450308532,0.00046568558900617063,0,-27.129673399031162
2013-04-30,fold_3,Eurozone debt plateau,-0.0027925341855734587,-1,0.005530692171305418,1,-0.005530692171305418,-0.03116297721862793,0.9987473487854004,0.00041805379441939294,0.0008361075888387859,0,-55.30692171305418
2013-05-01,fold_3,Eurozone debt plateau,-0.007636870723217726,-1,0.0010545552941039205,1,-0.0010545552941039205,-0.032184720039367676,0.9994485974311829,0.00018391133926343173,0.00036782267852686346,0,-10.545552941039205
2013-05-02,fold_3,Eurozone debt plateau,0.0013367740903049707,1,-0.00888423714786768,-1,-0.00888423714786768,-0.040783047676086426,0.9993715882301331,0.00020961127302143723,0.00041922254604287446,0,-88.8423714786768
2013-05-07,fold_3,Eurozone debt plateau,-0.004822582006454468,-1,0.0005231635295785964,1,-0.0005231635295785964,-0.04128485918045044,0.9994262456893921,0.00019136369519401342,0.00038272739038802683,0,-5.2316352957859635
2013-05-08,fold_3,Eurozone debt plateau,0.008765103295445442,1,0.00644897622987628,1,0.00644897622987628,-0.035102128982543945,0.9994258880615234,0.00019149936269968748,0.00038299872539937496,1,64.4897622987628
2013-05-09,fold_3,Eurozone debt plateau,-0.0020830966532230377,-1,-0.009645446203649044,-1,0.009645446203649044,-0.02579522132873535,0.9995467066764832,0.00015116954455152154,0.0003023390891030431,1,96.45446203649044
2013-05-10,fold_3,Eurozone debt plateau,0.0060452306643128395,1,-0.005302789621055126,-1,-0.005302789621055126,-0.030961215496063232,0.999334990978241,0.00022180700034368783,0.00044361400068737566,0,-53.02789621055126
2013-05-13,fold_3,Eurozone debt plateau,0.009500901214778423,1,0.0017533899517729878,1,0.0017533899517729878,-0.029262065887451172,0.9992080330848694,0.0002642093750182539,0.0005284187500365078,1,17.53389951772988
2013-05-14,fold_3,Eurozone debt plateau,0.006738332100212574,1,-0.003920002840459347,-1,-0.003920002840459347,-0.033067405223846436,0.9993647933006287,0.0002118882694048807,0.0004237765388097614,0,-39.20002840459347
2013-05-15,fold_3,Eurozone debt plateau,0.003278326243162155,1,-0.004225410986691713,-1,-0.004225410986691713,-0.03715312480926514,0.9994083642959595,0.00019734656962100416,0.00039469313924200833,0,-42.25410986691713
2013-05-16,fold_3,Eurozone debt plateau,0.005373217165470123,1,6.449774082284421e-05,1,6.449774082284421e-05,-0.03709101676940918,0.9993587136268616,0.00021390269102994353,0.00042780538205988705,1,0.6449774082284421
2013-05-17,fold_3,Eurozone debt plateau,-0.002623894950374961,-1,-0.003696675878018141,-1,0.003696675878018141,-0.03353142738342285,0.9996856451034546,0.00010481765639269724,0.0002096353127853945,1,36.96675878018141
2013-05-20,fold_3,Eurozone debt plateau,-0.0018453106749802828,-1,0.004318435210734606,1,-0.004318435210734606,-0.037705063819885254,0.9995583891868591,0.00014725005894433707,0.00029450011788867414,0,-43.18435210734606
2013-05-21,fold_3,Eurozone debt plateau,-0.010287194512784481,-1,0.002170462626963854,1,-0.002170462626963854,-0.03979367017745972,0.9995669722557068,0.00014438439393416047,0.00028876878786832094,0,-21.70462626963854
2013-05-22,fold_3,Eurozone debt plateau,-0.007390185724943876,-1,-0.005958682391792536,-1,0.005958682391792536,-0.03407210111618042,0.9992049336433411,0.00026524384156800807,0.0005304876831360161,1,59.58682391792536
2013-05-23,fold_3,Eurozone debt plateau,-0.00394057109951973,-1,0.006462528370320797,1,-0.006462528370320797,-0.040314435958862305,0.9996389150619507,0.00012039388093398884,0.00024078776186797768,0,-64.62528370320797
2013-05-24,fold_3,Eurozone debt plateau,0.008390444330871105,1,0.0009831828065216541,1,0.0009831828065216541,-0.039370834827423096,0.9994251728057861,0.00019173359032720327,0.00038346718065440655,1,9.831828065216541
2013-05-28,fold_3,Eurozone debt plateau,0.005382940173149109,1,-0.006770005449652672,-1,-0.006770005449652672,-0.04587429761886597,0.9996148347854614,0.00012841145507991314,0.0002568229101598263,0,-67.70005449652672
2013-05-29,fold_3,Eurozone debt plateau,-0.004974804352968931,-1,0.007898152805864811,1,-0.007898152805864811,-0.053410112857818604,0.9992159605026245,0.0002615420671645552,0.0005230841343291104,0,-78.98152805864811
2013-05-30,fold_3,Eurozone debt plateau,-0.0064371987245976925,-1,0.007421950809657574,1,-0.007421950809657574,-0.06043565273284912,0.9991177916526794,0.00029432817245833576,0.0005886563449166715,0,-74.21950809657574
2013-05-31,fold_3,Eurozone debt plateau,-0.007541270460933447,-1,-0.0036389913875609636,-1,0.0036389913875609636,-0.057016611099243164,0.9991779923439026,0.00027419967227615416,0.0005483993445523083,1,36.389913875609636
2013-06-03,fold_3,Eurozone debt plateau,-0.004674062132835388,-1,0.005882744211703539,1,-0.005882744211703539,-0.062563955783844,0.999476969242096,0.00017445223056711257,0.00034890446113422513,0,-58.82744211703539
2013-06-04,fold_3,Eurozone debt plateau,-0.012030387297272682,-1,3.9302009099628776e-05,1,-3.9302009099628776e-05,-0.06260079145431519,0.9995773434638977,0.00014093035133555532,0.00028186070267111063,0,-0.39302009099628776
2013-06-05,fold_3,Eurozone debt plateau,0.005955194588750601,1,0.0015187669778242707,1,0.0015187669778242707,-0.06117713451385498,0.9991300702095032,0.00029021804220974445,0.0005804360844194889,1,15.187669778242707
2013-06-06,fold_3,Eurozone debt plateau,-0.006992587354034185,-1,0.011629591695964336,1,-0.011629591695964336,-0.07209527492523193,0.9995104074478149,0.00016326876357197762,0.00032653752714395523,0,-116.29591695964336
2013-06-07,fold_3,Eurozone debt plateau,-0.011627020314335823,-1,-0.0016265598824247718,-1,0.0016265598824247718,-0.07058590650558472,0.9997115731239319,9.616867464501411e-05,0.00019233734929002821,1,16.265598824247718
2013-06-10,fold_3,Eurozone debt plateau,0.00473012775182724,1,0.0,1,0.0,-0.07058590650558472,0.9990538954734802,0.0003156448947265744,0.0006312897894531488,0,0.0
2013-06-11,fold_3,Eurozone debt plateau,-0.005590701941400766,-1,0.0,1,-0.0,-0.07058590650558472,0.9996297359466553,0.00012347160372883081,0.00024694320745766163,0,-0.0
2013-06-12,fold_3,Eurozone debt plateau,-0.003597080009058118,-1,0.008737497963011265,1,-0.008737497963011265,-0.07870668172836304,0.9995952248573303,0.00013497397594619542,0.00026994795189239085,0,-87.37497963011265
2013-06-13,fold_3,Eurozone debt plateau,-0.0001035596287692897,-1,0.002125462982803583,1,-0.002125462982803583,-0.08066481351852417,0.9988769888877869,0.0003747414448298514,0.0007494828896597028,0,-21.25462982803583
2013-06-14,fold_3,Eurozone debt plateau,-0.00523794163018465,-1,-0.0014417035272344947,-1,0.0014417035272344947,-0.07933938503265381,0.9989639520645142,0.0003457189304754138,0.0006914378609508276,1,14.417035272344947
2013-06-17,fold_3,Eurozone debt plateau,-0.0015831304481253028,-1,0.001082459231838584,1,-0.001082459231838584,-0.08033597469329834,0.9992202520370483,0.0002600987209007144,0.0005201974418014288,0,-10.82459231838584
2013-06-18,fold_3,Eurozone debt plateau,0.0038982077967375517,1,0.0020085156429558992,1,0.0020085156429558992,-0.07848876714706421,0.9995821118354797,0.00013934697199147195,0.0002786939439829439,1,20.085156429558992
2013-06-19,fold_3,Eurozone debt plateau,-0.0009029293432831764,-1,-0.007323887664824724,-1,0.007323887664824724,-0.07173973321914673,0.9987245202064514,0.000425676436861977,0.000851352873723954,1,73.23887664824724
2013-06-20,fold_3,Eurozone debt plateau,0.0009128112578764558,1,-0.004235328175127506,-1,-0.004235328175127506,-0.07567119598388672,0.9996322393417358,0.00012263171083759516,0.00024526342167519033,0,-42.35328175127506
2013-06-21,fold_3,Eurozone debt plateau,0.0017933354247361422,1,-0.009842113591730595,-1,-0.009842113591730595,-0.08476853370666504,0.9991492033004761,0.0002838285581674427,0.0005676571163348854,0,-98.42113591730595
2013-06-24,fold_3,Eurozone debt plateau,-0.0010559697402641177,-1,0.002061850391328335,1,-0.002061850391328335,-0.0866556167602539,0.9995027780532837,0.00016582050011493266,0.0003316410002298653,0,-20.618503913283348
2013-06-25,fold_3,Eurozone debt plateau,0.0044391886331140995,1,-0.004002472851425409,-1,-0.004002472851425409,-0.09031122922897339,0.9995118379592896,0.00016280595446005464,0.00032561190892010927,0,-40.02472851425409
2013-06-26,fold_3,Eurozone debt plateau,-0.0012762676924467087,-1,-0.00507523724809289,-1,0.00507523724809289,-0.08569437265396118,0.99935382604599,0.00021554154227487743,0.00043108308454975486,1,50.7523724809289
2013-06-27,fold_3,Eurozone debt plateau,0.0006213400629349053,1,0.0017338114557787776,1,0.0017338114557787776,-0.08410918712615967,0.9993670582771301,0.0002111201611114666,0.0004222403222229332,1,17.338114557787776
2015-07-01,fold_4,Strong USD downturn,0.0015905023319646716,1,-0.009102738462388515,-1,-0.009102738462388515,-0.00910276174545288,0.9993768334388733,0.00020784938533324748,0.00041569877066649497,0,-91.02738462388515
2015-07-02,fold_4,Strong USD downturn,0.001887251972220838,1,0.004833896644413471,1,0.004833896644413471,-0.0043128132820129395,0.9993256330490112,0.00022494359291158617,0.00044988718582317233,1,48.33896644413471
2015-07-06,fold_4,Strong USD downturn,0.010002782568335533,1,0.00490582687780261,1,0.00490582687780261,0.0005718469619750977,0.9995414018630981,0.00015294666809495538,0.00030589333618991077,1,49.058268778026104
2015-07-07,fold_4,Strong USD downturn,0.013709652237594128,1,-0.003534203628078103,-1,-0.003534203628078103,-0.0029643774032592773,0.9991483688354492,0.00028409663354977965,0.0005681932670995593,0,-35.34203628078103
2015-07-08,fold_4,Strong USD downturn,0.003997232299298048,1,0.005546563304960728,1,0.005546563304960728,0.002565741539001465,0.9992283582687378,0.0002574191603343934,0.0005148383206687868,1,55.46563304960728
2015-07-09,fold_4,Strong USD downturn,0.005934427492320538,1,-0.0007190668839029968,-1,-0.0007190668839029968,0.0018448829650878906,0.9985705614089966,0.00047716256813146174,0.0009543251362629235,0,-7.190668839029968
2015-07-10,fold_4,Strong USD downturn,0.0007387500372715294,1,0.005965179298073053,1,0.005965179298073053,0.007821083068847656,0.9993426203727722,0.00021927990019321442,0.00043855980038642883,1,59.651792980730534
2015-07-13,fold_4,Strong USD downturn,0.0058647035621106625,1,-0.012452283874154091,-1,-0.012452283874154091,-0.0047286152839660645,0.9994008541107178,0.00019981629156973213,0.00039963258313946426,0,-124.52283874154091
2015-07-14,fold_4,Strong USD downturn,0.013371135108172894,1,0.0015961879398673773,1,0.0015961879398673773,-0.003139972686767578,0.9997360110282898,8.800697833066806e-05,0.00017601395666133612,1,15.961879398673773
2015-07-15,fold_4,Strong USD downturn,0.004752863198518753,1,-0.005854768678545952,-1,-0.005854768678545952,-0.008976399898529053,0.9995984435081482,0.00013391903485171497,0.00026783806970342994,0,-58.54768678545952
2015-07-16,fold_4,Strong USD downturn,0.005839350633323193,1,-0.005257993470877409,-1,-0.005257993470877409,-0.014187157154083252,0.9993189573287964,0.00022715202067047358,0.00045430404134094715,0,-52.57993470877409
2015-07-17,fold_4,Strong USD downturn,0.000681991339661181,1,-0.005122730508446693,-1,-0.005122730508446693,-0.019237220287322998,0.9995810389518738,0.00013970858708489686,0.0002794171741697937,0,-51.227305084466934
2015-07-21,fold_4,Strong USD downturn,0.004003515001386404,1,0.00964904110878706,1,0.00964904110878706,-0.009773790836334229,0.9995771050453186,0.00014101322449278086,0.00028202644898556173,1,96.4904110878706
2015-07-22,fold_4,Strong USD downturn,0.0035728260409086943,1,-0.0011801107320934534,-1,-0.0011801107320934534,-0.010942339897155762,0.9990058541297913,0.00033169877133332193,0.0006633975426666439,0,-11.801107320934534
2015-07-23,fold_4,Strong USD downturn,0.004951688926666975,1,0.005670242477208376,1,0.005670242477208376,-0.005334198474884033,0.9997135996818542,9.54994757194072e-05,0.0001909989514388144,1,56.70242477208376
2015-07-24,fold_4,Strong USD downturn,-0.0026628675404936075,-1,-0.0015141702024266124,-1,0.0015141702024266124,-0.003828108310699463,0.9990530610084534,0.00031595779000781476,0.0006319155800156295,1,15.141702024266124
2015-07-27,fold_4,Strong USD downturn,0.005402856972068548,1,0.010724127292633057,1,0.010724127292633057,0.006854891777038574,0.9990196228027344,0.00032708869548514485,0.0006541773909702897,1,107.24127292633057
2015-07-28,fold_4,Strong USD downturn,0.004015497397631407,1,-0.0021689776331186295,-1,-0.0021689776331186295,0.0046710968017578125,0.9996750354766846,0.00010837663285201415,0.0002167532657040283,0,-21.689776331186295
2015-07-29,fold_4,Strong USD downturn,0.005045113619416952,1,-0.007403244264423847,-1,-0.007403244264423847,-0.002766728401184082,0.9990992546081543,0.0003005172766279429,0.0006010345532558858,0,-74.03244264423847
2015-07-30,fold_4,Strong USD downturn,-0.005094277206808329,-1,-0.004080268554389477,-1,0.004080268554389477,0.0013022422790527344,0.9988945126533508,0.0003689198347274214,0.0007378396694548428,1,40.80268554389477
2015-07-31,fold_4,Strong USD downturn,0.00782892294228077,1,0.0027202083729207516,1,0.0027202083729207516,0.004026055335998535,0.9988787770271301,0.00037415113183669746,0.0007483022636733949,1,27.202083729207516
2015-08-03,fold_4,Strong USD downturn,-0.0026105211582034826,-1,-0.0011831811862066388,-1,0.0011831811862066388,0.00521397590637207,0.9995088577270508,0.0001637886161915958,0.0003275772323831916,1,11.831811862066388
2015-08-04,fold_4,Strong USD downturn,-0.0021578134037554264,-1,-0.006119636818766594,-1,0.006119636818766594,0.011365532875061035,0.9990160465240479,0.00032831658609211445,0.0006566331721842289,1,61.19636818766594
2015-08-05,fold_4,Strong USD downturn,-0.0076149823144078255,-1,0.0012975219869986176,1,-0.0012975219869986176,0.010053277015686035,0.9995856881141663,0.0001381743495585397,0.0002763486991170794,0,-12.975219869986176
2015-08-06,fold_4,Strong USD downturn,0.004759326111525297,1,0.0021963249891996384,1,0.0021963249891996384,0.012271642684936523,0.9995463490486145,0.00015127385267987847,0.00030254770535975695,1,21.963249891996384
2015-08-07,fold_4,Strong USD downturn,0.002992251655086875,1,0.0034758939873427153,1,0.0034758939873427153,0.015790224075317383,0.9994490742683411,0.00018372104386799037,0.00036744208773598075,1,34.75893987342715
2015-08-10,fold_4,Strong USD downturn,0.004748247098177671,1,0.004737264011055231,1,0.004737264011055231,0.02060222625732422,0.9993771910667419,0.00020775051962118596,0.0004155010392423719,1,47.37264011055231
2015-08-11,fold_4,Strong USD downturn,0.008418205194175243,1,0.0022746871691197157,1,0.0022746871691197157,0.022923707962036133,0.9992861151695251,0.0002381557278567925,0.000476311455713585,1,22.746871691197157
2015-08-12,fold_4,Strong USD downturn,0.004464233294129372,1,0.010770364664494991,1,0.010770364664494991,0.033940911293029785,0.9991950392723083,0.0002685362414922565,0.000537072482984513,1,107.70364664494991
2015-08-13,fold_4,Strong USD downturn,-0.006162632256746292,-1,0.0,1,-0.0,0.033940911293029785,0.9996356964111328,0.0001214633448398672,0.0002429266896797344,0,-0.0
2015-08-14,fold_4,Strong USD downturn,-0.0016117769991979003,-1,-0.0060900431126356125,-1,0.0060900431126356125,0.0402376651763916,0.999152421951294,0.00028274604119360447,0.0005654920823872089,1,60.900431126356125
2015-08-17,fold_4,Strong USD downturn,0.0026186837349087,1,-0.0013515696628019214,-1,-0.0013515696628019214,0.03883171081542969,0.9989529848098755,0.0003493544936645776,0.0006987089873291552,0,-13.515696628019214
2015-08-18,fold_4,Strong USD downturn,-0.002260299166664481,-1,-0.004257874097675085,-1,0.004257874097675085,0.043254971504211426,0.9994193315505981,0.00019366774358786643,0.00038733548717573285,1,42.57874097675085
2015-08-19,fold_4,Strong USD downturn,-0.0018541619647294283,-1,0.00790493655949831,1,-0.00790493655949831,0.03500807285308838,0.9993610978126526,0.00021310248121153563,0.00042620496242307127,0,-79.0493655949831
2015-08-20,fold_4,Strong USD downturn,-0.003091624705120921,-1,0.010697606019675732,1,-0.010697606019675732,0.023935914039611816,0.9990367889404297,0.00032136746449396014,0.0006427349289879203,0,-106.97606019675732
2015-08-21,fold_4,Strong USD downturn,0.005639803595840931,1,0.012457658536732197,1,0.012457658536732197,0.03669166564941406,0.9993189573287964,0.00022717758838552982,0.00045435517677105963,1,124.57658536732197
2015-08-24,fold_4,Strong USD downturn,-0.011369872838258743,-1,0.018115969374775887,1,-0.018115969374775887,0.01791095733642578,0.9995699524879456,0.0001433862344129011,0.0002867724688258022,0,-181.15969374775887
2015-08-25,fold_4,Strong USD downturn,-0.004617022350430489,-1,-0.00277227396145463,-1,0.00277227396145463,0.020732998847961426,0.9993560910224915,0.00021479038696270436,0.0004295807739254087,1,27.7227396145463
2015-08-26,fold_4,Strong USD downturn,-0.005893098656088114,-1,-0.018257446587085724,-1,0.018257446587085724,0.03936898708343506,0.9994196891784668,0.0001935434265760705,0.000387086853152141,1,182.57446587085724
2015-08-27,fold_4,Strong USD downturn,0.0025630497839301825,1,-0.008121015504002571,-1,-0.008121015504002571,0.03092825412750244,0.9987454414367676,0.0004186878213658929,0.0008373756427317858,0,-81.21015504002571
2015-08-28,fold_4,Strong USD downturn,-0.010886561125516891,-1,-0.0030165945645421743,-1,0.0030165945645421743,0.03403818607330322,0.9995125532150269,0.0001625477452762425,0.000325095490552485,1,30.165945645421743
2015-08-31,fold_4,Strong USD downturn,0.002977179130539298,1,0.001055276719853282,1,0.001055276719853282,0.03512930870056152,0.9992434978485107,0.0002523459552321583,0.0005046919104643166,1,10.55276719853282
2015-09-01,fold_4,Strong USD downturn,0.009901084005832672,1,0.006019366439431906,1,0.006019366439431906,0.04136013984680176,0.9995020627975464,0.00016606893041171134,0.00033213786082342267,1,60.19366439431906
2015-09-02,fold_4,Strong USD downturn,0.012195180170238018,1,-0.006853028200566769,-1,-0.006853028200566769,0.03422367572784424,0.9995893836021423,0.00013693305663764477,0.00027386611327528954,0,-68.53028200566769
2015-09-03,fold_4,Strong USD downturn,-0.004629367496818304,-1,-0.008032885380089283,-1,0.008032885380089283,0.042531490325927734,0.9989702701568604,0.00034361492726020515,0.0006872298545204103,1,80.32885380089283
2015-09-04,fold_4,Strong USD downturn,0.007822113111615181,1,0.002341874875128269,1,0.002341874875128269,0.044973015785217285,0.9992819428443909,0.00023952846822794527,0.00047905693645589054,1,23.418748751282692
2015-09-08,fold_4,Strong USD downturn,0.0012797598028555512,1,0.0038888398557901382,1,0.0038888398557901382,0.04903674125671387,0.9989044666290283,0.00036556931445375085,0.0007311386289075017,1,38.88839855790138
2015-09-09,fold_4,Strong USD downturn,0.003927886486053467,1,0.0011893943883478642,1,0.0011893943883478642,0.050284385681152344,0.9992539286613464,0.0002488698810338974,0.0004977397620677948,1,11.893943883478642
2015-09-10,fold_4,Strong USD downturn,-0.002959771314635873,-1,0.006255229003727436,1,-0.006255229003727436,0.04371464252471924,0.9995038509368896,0.00016544545360375196,0.0003308909072075039,0,-62.55229003727436
2015-09-11,fold_4,Strong USD downturn,0.003387467935681343,1,0.004707816056907177,1,0.004707816056907177,0.04862821102142334,0.9992836117744446,0.00023896688071545213,0.00047793376143090427,1,47.07816056907177
2015-09-14,fold_4,Strong USD downturn,0.007036175113171339,1,-0.003211408853530884,-1,-0.003211408853530884,0.04526066780090332,0.9989035129547119,0.000365901505574584,0.000731803011149168,0,-32.11408853530884
2015-09-15,fold_4,Strong USD downturn,0.0035628757905215025,1,-0.0031674618367105722,-1,-0.0031674618367105722,0.04194986820220947,0.9993174076080322,0.00022768869530409575,0.0004553773906081915,0,-31.674618367105722
2015-09-16,fold_4,Strong USD downturn,0.002625670749694109,1,0.0017954690847545862,1,0.0017954690847545862,0.04382061958312988,0.9993194341659546,0.0002270114200655371,0.0004540228401310742,1,17.954690847545862
2015-09-17,fold_4,Strong USD downturn,0.0019858835730701685,1,0.00964523945003748,1,0.00964523945003748,0.053888559341430664,0.9997082352638245,9.726886491989717e-05,0.00019453772983979434,1,96.4523945003748
2015-09-18,fold_4,Strong USD downturn,0.005296911112964153,1,-0.009553097188472748,-1,-0.009553097188472748,0.043820738792419434,0.9990174770355225,0.00032782048219814897,0.0006556409643962979,0,-95.53097188472748
2015-09-24,fold_4,Strong USD downturn,0.0021795970387756824,1,-0.0009837218094617128,-1,-0.0009837218094617128,0.042793869972229004,0.9991279244422913,0.0002909466566052288,0.0005818933132104576,0,-9.837218094617128
2015-09-25,fold_4,Strong USD downturn,-0.0019339964492246509,-1,0.0020386953838169575,1,-0.0020386953838169575,0.04066789150238037,0.99965500831604,0.00011504506255732849,0.00023009012511465698,0,-20.386953838169575
2015-09-28,fold_4,Strong USD downturn,-0.00014645307965110987,-1,0.0026168806944042444,1,-0.0026168806944042444,0.03794455528259277,0.9990112781524658,0.0003298900555819273,0.0006597801111638546,0,-26.168806944042444
2015-09-29,fold_4,Strong USD downturn,-0.002135271904990077,-1,0.002217428293079138,1,-0.002217428293079138,0.03564298152923584,0.999244213104248,0.0002521335845813155,0.000504267169162631,0,-22.174282930791378
2015-09-30,fold_4,Strong USD downturn,0.0001277423434657976,1,-0.007451786659657955,-1,-0.007451786659657955,0.027925610542297363,0.9993925094604492,0.00020259429584257305,0.0004051885916851461,0,-74.51786659657955
2015-10-01,fold_4,Strong USD downturn,0.003488949267193675,1,0.0019140391377732158,1,0.0019140391377732158,0.029893040657043457,0.9991790652275085,0.0002738734183367342,0.0005477468366734684,1,19.140391377732158
2015-10-02,fold_4,Strong USD downturn,0.008864248171448708,1,0.002997632836923003,1,0.002997632836923003,0.03298032283782959,0.999056875705719,0.0003146874951198697,0.0006293749902397394,1,29.976328369230032
2015-10-05,fold_4,Strong USD downturn,0.0019345105392858386,1,-0.0028323756996542215,-1,-0.0028323756996542215,0.030054569244384766,0.9995877146720886,0.00013747731281910092,0.00027495462563820183,0,-28.323756996542215
2015-10-06,fold_4,Strong USD downturn,-0.0005971452337689698,-1,0.006501608993858099,1,-0.006501608993858099,0.023357510566711426,0.9993771910667419,0.00020773029245901853,0.00041546058491803706,0,-65.01608993858099
2015-10-07,fold_4,Strong USD downturn,0.011017034761607647,1,-0.0024840589612722397,-1,-0.0024840589612722397,0.020815372467041016,0.9990434050559998,0.0003191459982190281,0.0006382919964380562,0,-24.840589612722397
2015-10-08,fold_4,Strong USD downturn,0.0028312820941209793,1,0.004176144953817129,1,0.004176144953817129,0.025078415870666504,0.9990322589874268,0.0003228872374165803,0.0006457744748331606,1,41.76144953817129
2015-10-09,fold_4,Strong USD downturn,0.005434353370219469,1,0.007356438785791397,1,0.007356438785791397,0.032619357109069824,0.999481737613678,0.00017286771617364138,0.00034573543234728277,1,73.56438785791397
2015-10-13,fold_4,Strong USD downturn,0.0013651875779032707,1,0.0025958227925002575,1,0.0025958227925002575,0.03529977798461914,0.9991965889930725,0.0002680387697182596,0.0005360775394365191,1,25.958227925002575
2015-10-14,fold_4,Strong USD downturn,0.0027980722952634096,1,0.007952532730996609,1,0.007952532730996609,0.0435330867767334,0.9994895458221436,0.00017023466352839023,0.00034046932705678046,1,79.52532730996609
2015-10-15,fold_4,Strong USD downturn,0.00550038879737258,1,-0.009355970658361912,-1,-0.009355970658361912,0.033769845962524414,0.9986415505409241,0.0004534228646662086,0.0009068457293324172,0,-93.55970658361912
2015-10-16,fold_4,Strong USD downturn,0.002252420177683234,1,-0.0006248753634281456,-1,-0.0006248753634281456,0.03312385082244873,0.9992606043815613,0.0002466578152962029,0.0004933156305924058,0,-6.2487536342814565
2015-10-19,fold_4,Strong USD downturn,-0.005099958274513483,-1,-0.002820884808897972,-1,0.002820884808897972,0.03603816032409668,0.999413013458252,0.00019576388876885176,0.0003915277775377035,1,28.20884808897972
2015-10-20,fold_4,Strong USD downturn,0.005358092486858368,1,0.002202671719714999,1,0.002202671719714999,0.038320183753967285,0.9996278285980225,0.00012408041220624,0.00024816082441248,1,22.026717197149992
2015-10-21,fold_4,Strong USD downturn,0.004999455064535141,1,-0.0005220280727371573,-1,-0.0005220280727371573,0.03777813911437988,0.9994590878486633,0.00018041033763438463,0.00036082067526876926,0,-5.2202807273715734
2015-10-22,fold_4,Strong USD downturn,-0.0015036612749099731,-1,-0.023535992950201035,-1,0.023535992950201035,0.062203288078308105,0.9995923638343811,0.0001359287416562438,0.0002718574833124876,1,235.35992950201035
2015-10-23,fold_4,Strong USD downturn,0.00389479030855,1,-0.005466054193675518,-1,-0.005466054193675518,0.056397199630737305,0.9992695450782776,0.00024364344426430762,0.00048728688852861524,0,-54.66054193675518
2015-10-26,fold_4,Strong USD downturn,0.0003230225411243737,1,0.004138649441301823,1,0.004138649441301823,0.06076931953430176,0.9991395473480225,0.0002870354801416397,0.0005740709602832794,1,41.38649441301823
2015-10-27,fold_4,Strong USD downturn,0.0034601823426783085,1,-0.002615799428895116,-1,-0.002615799428895116,0.05799460411071777,0.9994186162948608,0.0001939289504662156,0.0003878579009324312,0,-26.15799428895116
2015-10-28,fold_4,Strong USD downturn,0.0012370868353173137,1,-0.00979236513376236,-1,-0.00979236513376236,0.04763436317443848,0.9988442659378052,0.00038566754665225744,0.0007713350933045149,0,-97.9236513376236
2015-10-29,fold_4,Strong USD downturn,-0.004553293809294701,-1,0.005936706904321909,1,-0.005936706904321909,0.041414856910705566,0.9991040825843811,0.0002988884225487709,0.0005977768450975418,0,-59.36706904321909
2015-10-30,fold_4,Strong USD downturn,-0.002232750877737999,-1,0.0029219379648566246,1,-0.0029219379648566246,0.038371920585632324,0.9995951056480408,0.00013503181980922818,0.00027006363961845636,0,-29.219379648566246
2015-11-02,fold_4,Strong USD downturn,-0.005674585700035095,-1,-0.0009033163660205901,-1,0.0009033163660205901,0.03930997848510742,0.9995427131652832,0.00015250583237502724,0.0003050116647500545,1,9.0331636602059
2015-11-04,fold_4,Strong USD downturn,-0.0004684561863541603,-1,-0.008748723194003105,-1,0.008748723194003105,0.04840266704559326,0.9996263980865479,0.0001245572930201888,0.0002491145860403776,1,87.48723194003105
2015-11-05,fold_4,Strong USD downturn,-0.002258738037198782,-1,0.0014692713739350438,1,-0.0014692713739350438,0.046862244606018066,0.9994920492172241,0.0001693891390459612,0.0003387782780919224,0,-14.692713739350438
2015-11-06,fold_4,Strong USD downturn,-0.0013756174594163895,-1,-0.013835355639457703,-1,0.013835355639457703,0.06134593486785889,0.9990713596343994,0.00030981958843767643,0.0006196391768753529,1,138.35355639457703
2015-11-09,fold_4,Strong USD downturn,0.0013740623835474253,1,0.0024317402858287096,1,0.0024317402858287096,0.0639268159866333,0.9993244409561157,0.00022532873845193535,0.0004506574769038707,1,24.317402858287096
2015-11-10,fold_4,Strong USD downturn,-0.0009733641636557877,-1,-0.002040166174992919,-1,0.002040166174992919,0.06609737873077393,0.9991870522499084,0.0002711809065658599,0.0005423618131317198,1,20.40166174992919
2015-11-11,fold_4,Strong USD downturn,0.006690977606922388,1,0.0023678515572100878,1,0.0023678515572100878,0.06862175464630127,0.9994791150093079,0.00017372654110658914,0.0003474530822131783,1,23.678515572100878
2015-11-12,fold_4,Strong USD downturn,-0.002060457831248641,-1,0.004834278021007776,1,-0.004834278021007776,0.06345570087432861,0.9992652535438538,0.00024508583010174334,0.0004901716602034867,0,-48.34278021007776
2015-11-13,fold_4,Strong USD downturn,0.009067609906196594,1,-0.01063578575849533,-1,-0.01063578575849533,0.05214500427246094,0.9993335604667664,0.0002223003248218447,0.0004446006496436894,0,-106.35785758495331
2015-11-16,fold_4,Strong USD downturn,0.0007465625531040132,1,-0.0011222391622141004,-1,-0.0011222391622141004,0.05096423625946045,0.999290943145752,0.0002365156979067251,0.0004730313958134502,0,-11.222391622141004
2015-11-17,fold_4,Strong USD downturn,0.001414547790773213,1,-0.004129724111407995,-1,-0.004129724111407995,0.046624064445495605,0.9995050430297852,0.00016505541861988604,0.0003301108372397721,0,-41.29724111407995
2015-11-18,fold_4,Strong USD downturn,-0.0009554438292980194,-1,0.0024539949372410774,1,-0.0024539949372410774,0.04405570030212402,0.9993522763252258,0.00021605110669042915,0.0004321022133808583,0,-24.539949372410774
2015-11-19,fold_4,Strong USD downturn,0.004023480229079723,1,0.005266564432531595,1,0.005266564432531595,0.04955422878265381,0.9993780851364136,0.00020740492618642747,0.00041480985237285495,1,52.66564432531595
2015-11-20,fold_4,Strong USD downturn,0.0016893547726795077,1,-0.007938201539218426,-1,-0.007938201539218426,0.04122269153594971,0.9992777705192566,0.00024091950035654008,0.00048183900071308017,0,-79.38201539218426
2015-11-24,fold_4,Strong USD downturn,0.0004367718647699803,1,0.00017037845100276172,1,0.00017037845100276172,0.04140007495880127,0.9990804195404053,0.0003067899087909609,0.0006135798175819218,1,1.7037845100276172
2015-11-25,fold_4,Strong USD downturn,-0.00011210497905267403,-1,-0.0017743892967700958,-1,0.0017743892967700958,0.04324793815612793,0.9994373917579651,0.0001876484020613134,0.0003752968041226268,1,17.74389296770096
2015-11-27,fold_4,Strong USD downturn,-0.0033760368824005127,-1,-0.002021322725340724,-1,0.002021322725340724,0.0453566312789917,0.9995636343955994,0.0001455040619475767,0.0002910081238951534,1,20.21322725340724
2015-11-30,fold_4,Strong USD downturn,0.004618331324309111,1,-0.0009516000864095986,-1,-0.0009516000864095986,0.04436182975769043,0.9993866682052612,0.00020454000332392752,0.00040908000664785504,0,-9.516000864095986
2015-12-01,fold_4,Strong USD downturn,0.00364495487883687,1,0.0050048306584358215,1,0.0050048306584358215,0.049588680267333984,0.9991520643234253,0.00028287144959904253,0.0005657428991980851,1,50.048306584358215
2015-12-02,fold_4,Strong USD downturn,0.00019429325766395777,1,-0.0012098338920623064,-1,-0.0012098338920623064,0.04831886291503906,0.9995107650756836,0.00016317232802975923,0.00032634465605951846,0,-12.098338920623064
2015-12-03,fold_4,Strong USD downturn,0.002457858994603157,1,0.02854517288506031,1,0.02854517288506031,0.07824325561523438,0.9996953010559082,0.00010161786485696211,0.00020323572971392423,1,285.4517288506031
2015-12-04,fold_4,Strong USD downturn,0.006660108454525471,1,-0.0029278246220201254,-1,-0.0029278246220201254,0.07508635520935059,0.9990608096122742,0.0003133645514026284,0.0006267291028052568,0,-29.278246220201254
2015-12-07,fold_4,Strong USD downturn,0.004306205082684755,1,-0.004593567457050085,-1,-0.004593567457050085,0.07014787197113037,0.9994495511054993,0.00018356046348344535,0.0003671209269668907,0,-45.93567457050085
2015-12-08,fold_4,Strong USD downturn,0.00473352475091815,1,0.005534087773412466,1,0.005534087773412466,0.07607007026672363,0.9990031123161316,0.0003326373116578907,0.0006652746233157814,1,55.34087773412466
2015-12-09,fold_4,Strong USD downturn,0.0008249908569268882,1,0.011381609365344048,1,0.011381609365344048,0.08831751346588135,0.9991101622581482,0.00029687839560210705,0.0005937567912042141,1,113.81609365344048
2015-12-10,fold_4,Strong USD downturn,0.0013863857602700591,1,-0.006338960491120815,-1,-0.006338960491120815,0.08141875267028809,0.9989054203033447,0.0003652478626463562,0.0007304957252927125,0,-63.38960491120815
2015-12-11,fold_4,Strong USD downturn,0.004124432802200317,1,0.0032732149120420218,1,0.0032732149120420218,0.08495855331420898,0.9994741082191467,0.0001753901015035808,0.0003507802030071616,1,32.73214912042022
2015-12-14,fold_4,Strong USD downturn,0.0011792718432843685,1,0.0008245063363574445,1,0.0008245063363574445,0.08585309982299805,0.9996086955070496,0.00013049454719293863,0.00026098909438587725,1,8.245063363574445
2015-12-15,fold_4,Strong USD downturn,0.00118763477075845,1,-0.005162013694643974,-1,-0.005162013694643974,0.08024787902832031,0.9994677901268005,0.00017749144171830267,0.00035498288343660533,0,-51.62013694643974
2015-12-16,fold_4,Strong USD downturn,-0.001627584919333458,-1,-0.005643780343234539,-1,0.005643780343234539,0.08634448051452637,0.9995244741439819,0.00015859749692026526,0.0003171949938405305,1,56.43780343234539
2015-12-17,fold_4,Strong USD downturn,0.00479012681171298,1,-0.002797894412651658,-1,-0.002797894412651658,0.0833050012588501,0.9992762207984924,0.00024142795882653445,0.0004828559176530689,0,-27.97894412651658
2015-12-18,fold_4,Strong USD downturn,-0.0027210197877138853,-1,0.0023806451354175806,1,-0.0023806451354175806,0.0807260274887085,0.9994146823883057,0.0001952276797965169,0.0003904553595930338,0,-23.806451354175806
2015-12-21,fold_4,Strong USD downturn,0.0009266292909160256,1,0.003961352631449699,1,0.003961352631449699,0.0850071907043457,0.9995123147964478,0.0001626416778890416,0.0003252833557780832,1,39.613526314496994
2015-12-22,fold_4,Strong USD downturn,-0.004603110253810883,-1,0.003394516184926033,1,-0.003394516184926033,0.08132410049438477,0.9995293617248535,0.0001569585147080943,0.0003139170294161886,0,-33.94516184926033
2015-12-24,fold_4,Strong USD downturn,0.002282413188368082,1,0.00557277537882328,1,0.00557277537882328,0.08735013008117676,0.9995520710945129,0.00014935301442164928,0.00029870602884329855,1,55.7277537882328
2015-12-28,fold_4,Strong USD downturn,0.0040176683105528355,1,0.0008450971217826009,1,0.0008450971217826009,0.08826899528503418,0.9993990659713745,0.00020043703261762857,0.00040087406523525715,1,8.450971217826009
2015-12-29,fold_4,Strong USD downturn,-0.005150886718183756,-1,-0.004305660724639893,-1,0.004305660724639893,0.09295463562011719,0.9991607666015625,0.00027997582219541073,0.0005599516443908215,1,43.056607246398926
2019-04-04,fold_5,Low-vol plateau,0.001556535018607974,1,-0.0018746902933344245,-1,-0.0018746902933344245,-0.001874685287475586,0.999671220779419,0.00010962888336507604,0.00021925776673015207,0,-18.746902933344245
2019-04-05,fold_5,Low-vol plateau,0.004841268993914127,1,-0.0005610103835351765,-1,-0.0005610103835351765,-0.0024346113204956055,0.9992228746414185,0.00025925575755536556,0.0005185115151107311,0,-5.610103835351765
2019-04-08,fold_5,Low-vol plateau,-0.003558918833732605,-1,0.003286882070824504,1,-0.003286882070824504,-0.005713522434234619,0.999442994594574,0.00018575308786239475,0.0003715061757247895,0,-32.86882070824504
2019-04-09,fold_5,Low-vol plateau,-0.002628869144245982,-1,0.000935124815441668,1,-0.000935124815441668,-0.0066432952880859375,0.9992467164993286,0.0002512936480343342,0.0005025872960686684,0,-9.35124815441668
2019-04-10,fold_5,Low-vol plateau,0.004023462533950806,1,0.0008457988151349127,1,0.0008457988151349127,-0.005803108215332031,0.9988622665405273,0.00037966843228787184,0.0007593368645757437,1,8.457988151349127
2019-04-11,fold_5,Low-vol plateau,-0.006947088986635208,-1,-0.0013963867677375674,-1,0.0013963867677375674,-0.004414796829223633,0.9992678761482239,0.0002442282566335052,0.0004884565132670105,1,13.963867677375674
2019-04-12,fold_5,Low-vol plateau,0.0018828811589628458,1,0.003934172447770834,1,0.003934172447770834,-0.0004979968070983887,0.9994696974754333,0.00017687295621726662,0.00035374591243453324,1,39.34172447770834
2019-04-15,fold_5,Low-vol plateau,0.001781075494363904,1,-1.1282911145826802e-05,-1,-1.1282911145826802e-05,-0.0005092620849609375,0.9994413256645203,0.00018632739374879748,0.00037265478749759495,0,-0.11282911145826802
2019-04-16,fold_5,Low-vol plateau,0.002802440896630287,1,-0.001760470331646502,-1,-0.001760470331646502,-0.002268850803375244,0.9994437098503113,0.00018551009998191148,0.00037102019996382296,0,-17.60470331646502
2019-04-17,fold_5,Low-vol plateau,-0.00260375184006989,-1,0.0010732508962973952,1,-0.0010732508962973952,-0.0033396482467651367,0.999184787273407,0.00027193609275855124,0.0005438721855171025,0,-10.732508962973952
2019-04-18,fold_5,Low-vol plateau,0.00898237619549036,1,-0.005415794439613819,-1,-0.005415794439613819,-0.008737385272979736,0.9996731281280518,0.00010898497566813603,0.00021796995133627206,0,-54.15794439613819
2019-04-22,fold_5,Low-vol plateau,-0.004614339210093021,-1,0.0012835260713472962,1,-0.0012835260713472962,-0.010009706020355225,0.9995125532150269,0.00016256346134468913,0.00032512692268937826,0,-12.835260713472962
2019-04-23,fold_5,Low-vol plateau,0.00124627526383847,1,-0.0030754762701690197,-1,-0.0030754762701690197,-0.013054430484771729,0.9994756579399109,0.00017488229786977172,0.00034976459573954344,0,-30.754762701690197
2019-04-24,fold_5,Low-vol plateau,0.0012271160958334804,1,-0.006312881130725145,-1,-0.006312881130725145,-0.01928490400314331,0.9992460012435913,0.0002515370724722743,0.0005030741449445486,0,-63.12881130725145
2019-04-25,fold_5,Low-vol plateau,-0.001010978245176375,-1,-0.0014923748094588518,-1,0.0014923748094588518,-0.017821311950683594,0.9992715716362,0.00024297674826812,0.00048595349653624,1,14.923748094588518
2019-04-26,fold_5,Low-vol plateau,0.00014124494919087738,1,0.0012043117312714458,1,0.0012043117312714458,-0.016638517379760742,0.9991455078125,0.0002850811870303005,0.000570162374060601,1,12.043117312714458
2019-05-07,fold_5,Low-vol plateau,-0.004096161108464003,-1,-0.0009624563390389085,-1,0.0009624563390389085,-0.015692055225372314,0.9996436834335327,0.00011879970406880602,0.00023759940813761204,1,9.624563390389085
2019-05-08,fold_5,Low-vol plateau,-0.006677913945168257,-1,0.0006494636763818562,1,-0.0006494636763818562,-0.01633131504058838,0.9990062117576599,0.0003316141664981842,0.0006632283329963684,0,-6.494636763818562
2019-05-09,fold_5,Low-vol plateau,-0.0010335405822843313,-1,0.0021209637634456158,1,-0.0021209637634456158,-0.018417656421661377,0.9993119239807129,0.00022953258303459734,0.0004590651660691947,0,-21.209637634456158
2019-05-10,fold_5,Low-vol plateau,-0.004514121450483799,-1,0.0012809962499886751,1,-0.0012809962499886751,-0.019675076007843018,0.9993076324462891,0.00023094510834198445,0.0004618902166839689,0,-12.809962499886751
2019-05-13,fold_5,Low-vol plateau,-0.0033834308851510286,-1,-0.00034819229040294886,-1,0.00034819229040294886,-0.019333720207214355,0.9992056488990784,0.00026500964304432273,0.0005300192860886455,1,3.4819229040294886
2019-05-14,fold_5,Low-vol plateau,0.0022112492006272078,1,-0.002498582238331437,-1,-0.002498582238331437,-0.02178400754928589,0.9995542168617249,0.00014863500837236643,0.00029727001674473286,0,-24.98582238331437
2019-05-15,fold_5,Low-vol plateau,-0.0038053435273468494,-1,0.0002465155557729304,1,-0.0002465155557729304,-0.02202516794204712,0.9995661377906799,0.000144673787872307,0.000289347575744614,0,-2.465155557729304
2019-05-16,fold_5,Low-vol plateau,0.0010769919026643038,1,-0.00300564244389534,-1,-0.00300564244389534,-0.024964570999145508,0.9995192289352417,0.0001603499404154718,0.0003206998808309436,0,-30.0564244389534
2019-05-17,fold_5,Low-vol plateau,-0.00033796188654378057,-1,-0.0007370057865045965,-1,0.0007370057865045965,-0.024246037006378174,0.9991487264633179,0.0002840026863850653,0.0005680053727701306,1,7.370057865045965
2019-05-20,fold_5,Low-vol plateau,0.001349751022644341,1,0.00029040739173069596,1,0.00029040739173069596,-0.023962676525115967,0.9994761347770691,0.0001747336209518835,0.000349467241903767,1,2.9040739173069596
2019-05-21,fold_5,Low-vol plateau,-0.0012175344163551927,-1,-0.0011713255662471056,-1,0.0011713255662471056,-0.0228193998336792,0.9993318915367126,0.00022284201986622065,0.0004456840397324413,1,11.713255662471056
2019-05-23,fold_5,Low-vol plateau,0.009899891912937164,1,0.002606033580377698,1,0.002606033580377698,-0.02027285099029541,0.9996176958084106,0.00012747224536724389,0.00025494449073448777,1,26.06033580377698
2019-05-24,fold_5,Low-vol plateau,-0.0013157296925783157,-1,0.002241884358227253,1,-0.002241884358227253,-0.022469282150268555,0.9992254972457886,0.00025837623979896307,0.0005167524795979261,0,-22.41884358227253
2019-05-28,fold_5,Low-vol plateau,-0.0013077829498797655,-1,-0.002066653920337558,-1,0.002066653920337558,-0.02044910192489624,0.9994076490402222,0.0001975750783458352,0.0003951501566916704,1,20.666539203375578
2019-05-29,fold_5,Low-vol plateau,0.004488339181989431,1,-0.0029847442638128996,-1,-0.0029847442638128996,-0.0233728289604187,0.9994444251060486,0.0001852701388997957,0.0003705402777995914,0,-29.847442638128996
2019-05-30,fold_5,Low-vol plateau,-0.005168311297893524,-1,-0.0005565853207372129,-1,0.0005565853207372129,-0.02282923460006714,0.9991042017936707,0.00029883478418923914,0.0005976695683784783,1,5.565853207372129
2019-05-31,fold_5,Low-vol plateau,0.010114530101418495,1,0.003855000250041485,1,0.003855000250041485,-0.019062280654907227,0.9996657371520996,0.00011144424206577241,0.00022288848413154483,1,38.55000250041485
2019-06-03,fold_5,Low-vol plateau,0.0027311937883496284,1,0.006466649007052183,1,0.006466649007052183,-0.012718915939331055,0.9991590976715088,0.0002805249532684684,0.0005610499065369368,1,64.66649007052183
2019-06-04,fold_5,Low-vol plateau,-0.0022845386993139982,-1,0.0006865524337626994,1,-0.0006865524337626994,-0.013396739959716797,0.9994775652885437,0.00017423629469703883,0.00034847258939407766,0,-6.865524337626994
2019-06-05,fold_5,Low-vol plateau,0.0013495045714080334,1,-0.002223382471129298,-1,-0.002223382471129298,-0.015590310096740723,0.9994437098503113,0.00018553610425442457,0.00037107220850884914,0,-22.233824711292982
2019-06-06,fold_5,Low-vol plateau,0.0030507466290146112,1,0.004228744190186262,1,0.004228744190186262,-0.011427521705627441,0.9991337656974792,0.0002890057803597301,0.0005780115607194602,1,42.28744190186262
2019-06-07,fold_5,Low-vol plateau,0.007530333008617163,1,0.003871487220749259,1,0.003871487220749259,-0.007600307464599609,0.9995409250259399,0.000153098109876737,0.000306196219753474,1,38.71487220749259
2019-06-10,fold_5,Low-vol plateau,0.00703666964545846,1,-0.00018112821271643043,-1,-0.00018112821271643043,-0.0077800750732421875,0.9996297359466553,0.00012343889102339745,0.0002468777820467949,0,-1.8112821271643043
2019-06-11,fold_5,Low-vol plateau,0.0023208346683532,1,0.001008287537842989,1,0.001008287537842989,-0.006779670715332031,0.999313473701477,0.00022899263422004879,0.00045798526844009757,1,10.08287537842989
2019-06-12,fold_5,Low-vol plateau,0.001038850168697536,1,-0.002993301022797823,-1,-0.002993301022797823,-0.00975269079208374,0.9995984435081482,0.0001338952424703166,0.0002677904849406332,0,-29.93301022797823
2019-06-13,fold_5,Low-vol plateau,0.004102550446987152,1,-0.0013423121999949217,-1,-0.0013423121999949217,-0.011081874370574951,0.9993410706520081,0.00021976791322231293,0.00043953582644462585,0,-13.423121999949217
2019-06-14,fold_5,Low-vol plateau,-0.0020870869047939777,-1,-0.005619735922664404,-1,0.005619735922664404,-0.005524396896362305,0.9992208480834961,0.0002599306171759963,0.0005198612343519926,1,56.19735922664404
2019-06-17,fold_5,Low-vol plateau,0.010305908508598804,1,0.0006733588525094092,1,0.0006733588525094092,-0.004854679107666016,0.9993734955787659,0.00020895969646517187,0.00041791939293034375,1,6.733588525094092
2019-06-18,fold_5,Low-vol plateau,-0.00043573780567385256,-1,-0.0023515592329204082,-1,0.0023515592329204082,-0.0025146007537841797,0.9993948936462402,0.00020183681044727564,0.0004036736208945513,1,23.515592329204082
2019-06-19,fold_5,Low-vol plateau,-0.0028628469444811344,-1,0.003596331924200058,1,-0.003596331924200058,-0.006101846694946289,0.9992062449455261,0.000264789821812883,0.000529579643625766,0,-35.96331924200058
2019-06-20,fold_5,Low-vol plateau,-0.004601693246513605,-1,0.005082990508526564,1,-0.005082990508526564,-0.011153817176818848,0.9994335770606995,0.00018891268700826913,0.00037782537401653826,0,-50.829905085265636
2019-06-21,fold_5,Low-vol plateau,0.005440710578113794,1,0.007889659143984318,1,0.007889659143984318,-0.0033521652221679688,0.9994692206382751,0.00017703312914818525,0.0003540662582963705,1,78.89659143984318
2019-06-24,fold_5,Low-vol plateau,0.0027544463519006968,1,0.0013679296243935823,1,0.0013679296243935823,-0.001988828182220459,0.9991829991340637,0.00027253988082520664,0.0005450797616504133,1,13.679296243935823
2019-06-25,fold_5,Low-vol plateau,-0.004916998092085123,-1,-0.0026604935992509127,-1,0.0026604935992509127,0.0006663799285888672,0.9995015859603882,0.00016622977273073047,0.00033245954546146095,1,26.604935992509127
2019-06-26,fold_5,Low-vol plateau,0.004957175347954035,1,0.00042085087625309825,1,0.00042085087625309825,0.0010874271392822266,0.9996066689491272,0.00013114990724716336,0.0002622998144943267,1,4.2085087625309825
2019-06-27,fold_5,Low-vol plateau,0.006551786791533232,1,-0.0001591937179910019,-1,-0.0001591937179910019,0.000928044319152832,0.9991931319236755,0.00026916610659100115,0.0005383322131820023,0,-1.591937179910019
2019-06-28,fold_5,Low-vol plateau,-0.0013534057652577758,-1,-0.00070458889240399,-1,0.00070458889240399,0.001633286476135254,0.9991880059242249,0.0002708660322241485,0.000541732064448297,1,7.0458889240399
2019-07-01,fold_5,Low-vol plateau,0.008328662253916264,1,-0.0068176812492311,-1,-0.0068176812492311,-0.005195558071136475,0.9995193481445312,0.00016029260586947203,0.00032058521173894405,0,-68.176812492311
2019-07-02,fold_5,Low-vol plateau,-0.00019065783999394625,-1,0.0004969057627022266,1,-0.0004969057627022266,-0.0056899189949035645,0.9994296431541443,0.00019019765022676438,0.00038039530045352876,0,-4.969057627022266
2019-07-03,fold_5,Low-vol plateau,-0.00470298295840621,-1,-0.00045158492866903543,-1,0.00045158492866903543,-0.005240917205810547,0.9991390705108643,0.00028723065042868257,0.0005744613008573651,1,4.515849286690354
2019-07-05,fold_5,Low-vol plateau,0.0006123064085841179,1,-0.005175866652280092,-1,-0.005175866652280092,-0.01038968563079834,0.9994699358940125,0.00017676933202892542,0.00035353866405785084,0,-51.75866652280092
2019-07-08,fold_5,Low-vol plateau,0.004364002030342817,1,-0.0010094279423356056,-1,-0.0010094279423356056,-0.011388599872589111,0.9992982149124146,0.000234086430282332,0.000468172860564664,0,-10.094279423356056
2019-07-09,fold_5,Low-vol plateau,-0.0017749337712302804,-1,-0.0006948888185434043,-1,0.0006948888185434043,-0.010701656341552734,0.999206006526947,0.00026489546871744096,0.0005297909374348819,1,6.948888185434043
2019-07-10,fold_5,Low-vol plateau,-0.0005335830501280725,-1,0.004514812957495451,1,-0.004514812957495451,-0.01516813039779663,0.9992988109588623,0.0002338932390557602,0.0004677864781115204,0,-45.14812957495451
2019-07-11,fold_5,Low-vol plateau,0.0035098528023809195,1,-0.0005738722975365818,-1,-0.0005738722975365818,-0.015733301639556885,0.999305009841919,0.0002318045007996261,0.0004636090015992522,0,-5.7387229753658175
2019-07-12,fold_5,Low-vol plateau,-0.0022748007904738188,-1,0.001747183850966394,1,-0.001747183850966394,-0.017453014850616455,0.9991567134857178,0.0002813378523569554,0.0005626757047139108,0,-17.47183850966394
2019-07-16,fold_5,Low-vol plateau,0.012292134575545788,1,-0.004395125899463892,-1,-0.004395125899463892,-0.02177143096923828,0.9994150400161743,0.00019510982383508235,0.0003902196476701647,0,-43.95125899463892
2019-07-17,fold_5,Low-vol plateau,0.005885489284992218,1,0.0015496194828301668,1,0.0015496194828301668,-0.020255565643310547,0.9993082284927368,0.00023075021454133093,0.00046150042908266187,1,15.496194828301668
2019-07-18,fold_5,Low-vol plateau,0.010480868630111217,1,0.0028379710856825113,1,0.0028379710856825113,-0.017475008964538574,0.9993106126785278,0.00022996428015176207,0.00045992856030352414,1,28.379710856825113
2019-07-19,fold_5,Low-vol plateau,-0.0050147841684520245,-1,-0.003836731193587184,-1,0.003836731193587184,-0.013705313205718994,0.9996142387390137,0.00012862394214607775,0.0002572478842921555,1,38.36731193587184
2019-07-22,fold_5,Low-vol plateau,0.009681947529315948,1,-0.0010869659017771482,-1,-0.0010869659017771482,-0.01477736234664917,0.9994188547134399,0.00019383196195121855,0.0003876639239024371,0,-10.869659017771482
2019-07-23,fold_5,Low-vol plateau,-0.0005482396227307618,-1,-0.004895445425063372,-1,0.004895445425063372,-0.009954273700714111,0.9993494153022766,0.00021700901561416686,0.0004340180312283337,1,48.95445425063372
2019-07-24,fold_5,Low-vol plateau,0.007866325788199902,1,-0.0007910756976343691,-1,-0.0007910756976343691,-0.010737478733062744,0.9993625283241272,0.0002126132749253884,0.0004252265498507768,0,-7.910756976343691
2019-07-25,fold_5,Low-vol plateau,0.002172545762732625,1,0.0003343336284160614,1,0.0003343336284160614,-0.010406672954559326,0.9991756081581116,0.0002750090789049864,0.0005500181578099728,1,3.343336284160614
2019-07-26,fold_5,Low-vol plateau,-0.0025299221742898226,-1,-0.0012578507885336876,-1,0.0012578507885336876,-0.009161889553070068,0.9993919134140015,0.0002028024464379996,0.0004056048928759992,1,12.578507885336876
2019-07-29,fold_5,Low-vol plateau,-0.0027170348912477493,-1,0.000980583718046546,1,-0.000980583718046546,-0.010133445262908936,0.9994496703147888,0.0001835381262935698,0.0003670762525871396,0,-9.80583718046546
2019-07-30,fold_5,Low-vol plateau,0.01174637209624052,1,0.0013388646766543388,1,0.0013388646766543388,-0.0088081955909729,0.9988880753517151,0.0003710718883667141,0.0007421437767334282,1,13.388646766543388
2019-07-31,fold_5,Low-vol plateau,0.0012409441405907273,1,-0.007728002034127712,-1,-0.007728002034127712,-0.0164681077003479,0.9993225336074829,0.00022598942450713366,0.0004519788490142673,0,-77.28002034127712
2019-08-01,fold_5,Low-vol plateau,0.006314034108072519,1,0.0006425735191442072,1,0.0006425735191442072,-0.01583617925643921,0.9994420409202576,0.0001860938937170431,0.0003721877874340862,1,6.425735191442072
2019-08-02,fold_5,Low-vol plateau,0.0024896336253732443,1,0.0026325583457946777,1,0.0026325583457946777,-0.013245224952697754,0.9992619156837463,0.00024620574549771845,0.0004924114909954369,1,26.325583457946777
2019-08-05,fold_5,Low-vol plateau,0.002867848379537463,1,0.012222036719322205,1,0.012222036719322205,-0.0011850595474243164,0.9991581439971924,0.00028086258680559695,0.0005617251736111939,1,122.22036719322205
2019-08-06,fold_5,Low-vol plateau,0.0046296692453324795,1,-0.003272486152127385,-1,-0.003272486152127385,-0.0044536590576171875,0.999413013458252,0.0001957818167284131,0.0003915636334568262,0,-32.72486152127385
2019-08-07,fold_5,Low-vol plateau,0.0024423841387033463,1,-0.0002352914452785626,-1,-0.0002352914452785626,-0.004687905311584473,0.9992689490318298,0.00024386685981880873,0.00048773371963761747,0,-2.352914452785626
2019-08-08,fold_5,Low-vol plateau,-0.0032620534766465425,-1,-0.0015326269203796983,-1,0.0015326269203796983,-0.0031624436378479004,0.9986279010772705,0.0004579929809551686,0.0009159859619103372,1,15.326269203796983
2019-08-09,fold_5,Low-vol plateau,0.008815924637019634,1,0.0019053779542446136,1,0.0019053779542446136,-0.0012631416320800781,0.9995278120040894,0.0001574600173626095,0.000314920034725219,1,19.053779542446136
2019-08-13,fold_5,Low-vol plateau,0.003328884718939662,1,-0.0036772366147488356,-1,-0.0036772366147488356,-0.004935741424560547,0.9993971586227417,0.0002010786411119625,0.000402157282223925,0,-36.772366147488356
2019-08-14,fold_5,Low-vol plateau,0.004808560945093632,1,-0.003019839758053422,-1,-0.003019839758053422,-0.007940709590911865,0.9994389414787292,0.00018712610471993685,0.0003742522094398737,0,-30.19839758053422
2019-08-15,fold_5,Low-vol plateau,-0.000594050798099488,-1,-0.0026672929525375366,-1,0.0026672929525375366,-0.0052945613861083984,0.9993255138397217,0.00022498650650959462,0.00044997301301918924,1,26.672929525375366
2019-08-16,fold_5,Low-vol plateau,0.012904069386422634,1,-0.0017750132828950882,-1,-0.0017750132828950882,-0.0070601701736450195,0.9994837045669556,0.0001721550797810778,0.0003443101595621556,0,-17.750132828950882
2019-08-19,fold_5,Low-vol plateau,0.010673689655959606,1,-0.0009641959914006293,-1,-0.0009641959914006293,-0.00801759958267212,0.9991845488548279,0.00027202084311284125,0.0005440416862256825,0,-9.641959914006293
2019-08-20,fold_5,Low-vol plateau,0.013643570244312286,1,0.001320609007962048,1,0.001320609007962048,-0.006707608699798584,0.9994731545448303,0.00017572130309417844,0.0003514426061883569,1,13.20609007962048
2019-08-21,fold_5,Low-vol plateau,-0.004097891505807638,-1,-0.0006321496912278235,-1,0.0006321496912278235,-0.006079673767089844,0.9993641972541809,0.0002120861754519865,0.000424172350903973,1,6.321496912278235
2019-08-22,fold_5,Low-vol plateau,-0.0017556475941091776,-1,-0.0006096552242524922,-1,0.0006096552242524922,-0.005473732948303223,0.9995858073234558,0.00013811940152663738,0.00027623880305327475,1,6.096552242524922
2019-08-23,fold_5,Low-vol plateau,0.00014675110287498683,1,0.005326444748789072,1,0.005326444748789072,-0.00017648935317993164,0.9994456171989441,0.00018490366346668452,0.00036980732693336904,1,53.26444748789072
2019-08-26,fold_5,Low-vol plateau,0.0004896102473139763,1,-0.0035310082603245974,-1,-0.0035310082603245974,-0.0037068724632263184,0.9995929598808289,0.00013573271280620247,0.00027146542561240494,0,-35.310082603245974
2019-08-27,fold_5,Low-vol plateau,0.009670067578554153,1,-0.0012309884186834097,-1,-0.0012309884186834097,-0.004933297634124756,0.9992021918296814,0.00026613997761160135,0.0005322799552232027,0,-12.309884186834097
2019-08-28,fold_5,Low-vol plateau,-0.005784459412097931,-1,-0.0003769751638174057,-1,0.0003769751638174057,-0.004558205604553223,0.9990853071212769,0.00030517642153427005,0.0006103528430685401,1,3.769751638174057
2019-08-29,fold_5,Low-vol plateau,0.004281628876924515,1,-0.0021569994278252125,-1,-0.0021569994278252125,-0.006705343723297119,0.9987181425094604,0.0004278293054085225,0.000855658610817045,0,-21.569994278252125
2019-08-30,fold_5,Low-vol plateau,0.0121757248416543,1,-0.0063423048704862595,-1,-0.0063423048704862595,-0.01300513744354248,0.9995168447494507,0.00016112561570480466,0.0003222512314096093,0,-63.423048704862595
2019-09-03,fold_5,Low-vol plateau,0.016225099563598633,1,0.0005487410235218704,1,0.0005487410235218704,-0.012463569641113281,0.999552309513092,0.00014930040924809873,0.00029860081849619746,1,5.487410235218704
2019-09-04,fold_5,Low-vol plateau,-0.0002776535402517766,-1,0.005506451241672039,1,-0.005506451241672039,-0.01790142059326172,0.9992790818214417,0.00024047242186497897,0.00048094484372995794,0,-55.06451241672039
2019-09-05,fold_5,Low-vol plateau,0.009230410680174828,1,0.0001214242001879029,1,0.0001214242001879029,-0.017782092094421387,0.9991763234138489,0.0002747754624579102,0.0005495509249158204,1,1.214242001879029
2019-09-06,fold_5,Low-vol plateau,0.00429634191095829,1,-0.0014217004645615816,-1,-0.0014217004645615816,-0.01917850971221924,0.9993866682052612,0.00020454335026443005,0.0004090867005288601,0,-14.217004645615816
2019-09-09,fold_5,Low-vol plateau,-0.004934606142342091,-1,0.002519046887755394,1,-0.002519046887755394,-0.02164924144744873,0.9989610910415649,0.00034665598650462925,0.0006933119730092585,0,-25.19046887755394
2019-09-10,fold_5,Low-vol plateau,0.0032753520645201206,1,0.00017673612455837429,1,0.00017673612455837429,-0.021476268768310547,0.999355137348175,0.00021508644567802548,0.00043017289135605097,1,1.7673612455837429
2019-09-11,fold_5,Low-vol plateau,0.0076795415952801704,1,-0.003337112022563815,-1,-0.003337112022563815,-0.024741709232330322,0.9995263814926147,0.0001579589443281293,0.0003159178886562586,0,-33.37112022563815
2019-09-12,fold_5,Low-vol plateau,0.014531726017594337,1,0.004069486167281866,1,0.004069486167281866,-0.020772933959960938,0.9993601441383362,0.00021340462262742221,0.00042680924525484443,1,40.69486167281866
2019-09-13,fold_5,Low-vol plateau,0.0008841328672133386,1,0.0022721209097653627,1,0.0022721209097653627,-0.018548011779785156,0.9991487264633179,0.00028397439746186137,0.0005679487949237227,1,22.721209097653627
2019-09-17,fold_5,Low-vol plateau,0.0009322091354988515,1,0.00624600937590003,1,0.00624600937590003,-0.012417912483215332,0.9995993971824646,0.00013357815623749048,0.00026715631247498095,1,62.4600937590003
2019-09-18,fold_5,Low-vol plateau,0.00809211004525423,1,-0.003905115881934762,-1,-0.003905115881934762,-0.01627451181411743,0.9993295669555664,0.00022363763127941638,0.00044727526255883276,0,-39.05115881934762
2019-09-19,fold_5,Low-vol plateau,0.0007499695057049394,1,0.001546817016787827,1,0.001546817016787827,-0.014752805233001709,0.9992250204086304,0.000258532672887668,0.000517065345775336,1,15.46817016787827
2019-09-20,fold_5,Low-vol plateau,-0.0024904520250856876,-1,-0.0026665497571229935,-1,0.0026665497571229935,-0.012125551700592041,0.9992982149124146,0.00023406464606523514,0.0004681292921304703,1,26.665497571229935
2019-09-24,fold_5,Low-vol plateau,0.0011034499621018767,1,0.002104161074385047,1,0.002104161074385047,-0.010046899318695068,0.9991973042488098,0.00026776775484904647,0.0005355355096980929,1,21.04161074385047
2019-09-25,fold_5,Low-vol plateau,0.0010666357120499015,1,-0.005804941989481449,-1,-0.005804941989481449,-0.015793561935424805,0.9986724853515625,0.00044308637734502554,0.0008861727546900511,0,-58.04941989481449
2019-09-26,fold_5,Low-vol plateau,0.006464806385338306,1,-0.0027526237536221743,-1,-0.0027526237536221743,-0.01850271224975586,0.9993056058883667,0.00023160484852269292,0.00046320969704538584,0,-27.526237536221743
2019-09-27,fold_5,Low-vol plateau,0.0009376490488648415,1,0.0018274149624630809,1,0.0018274149624630809,-0.01670914888381958,0.9992974996566772,0.0002343156811548397,0.0004686313623096794,1,18.27414962463081
2022-04-05,fold_6,EUR crisis downturn,-0.0036507155746221542,-1,-0.006325795315206051,-1,0.006325795315206051,0.006325840950012207,0.9993650317192078,0.00021181088231969625,0.0004236217646393925,1,63.25795315206051
2022-04-06,fold_6,EUR crisis downturn,0.004788369871675968,1,-0.0007518871570937335,-1,-0.0007518871570937335,0.0055692195892333984,0.9994031190872192,0.00019908705144189298,0.00039817410288378596,0,-7.5188715709373355
2022-04-07,fold_6,EUR crisis downturn,0.002854401944205165,1,-0.0030639569740742445,-1,-0.0030639569740742445,0.0024881362915039062,0.9990549683570862,0.0003152978897560388,0.0006305957795120776,0,-30.639569740742445
2022-04-08,fold_6,EUR crisis downturn,0.0039388807490468025,1,0.0018505415646359324,1,0.0018505415646359324,0.004343271255493164,0.9990614056587219,0.00031314208172261715,0.0006262841634452343,1,18.505415646359324
2022-04-11,fold_6,EUR crisis downturn,0.004909909330308437,1,-0.0006418824777938426,-1,-0.0006418824777938426,0.003698587417602539,0.9995909333229065,0.00013640063116326928,0.00027280126232653856,0,-6.4188247779384255
2022-04-12,fold_6,EUR crisis downturn,0.006872611586004496,1,-0.004763457924127579,-1,-0.004763457924127579,-0.0010825395584106445,0.9993711113929749,0.00020978045358788222,0.00041956090717576444,0,-47.63457924127579
2022-04-13,fold_6,EUR crisis downturn,-0.0008340414497070014,-1,0.00650522205978632,1,-0.00650522205978632,-0.007580757141113281,0.9996780157089233,0.00010735107935033739,0.00021470215870067477,0,-65.0522205978632
2022-04-14,fold_6,EUR crisis downturn,0.0022393513936549425,1,-0.0069362265057861805,-1,-0.0069362265057861805,-0.01446443796157837,0.9993725419044495,0.00020928656158503145,0.0004185731231700629,0,-69.3622650578618
2022-04-18,fold_6,EUR crisis downturn,0.001022141077555716,1,-0.0030944086611270905,-1,-0.0030944086611270905,-0.01751410961151123,0.9993398785591125,0.00022019102470949292,0.00044038204941898584,0,-30.944086611270905
2022-04-19,fold_6,EUR crisis downturn,-0.00046353155630640686,-1,0.0011765266535803676,1,-0.0011765266535803676,-0.01867002248764038,0.9995561242103577,0.00014799814380239695,0.0002959962876047939,0,-11.765266535803676
2022-04-20,fold_6,EUR crisis downturn,-0.0023931588511914015,-1,0.005132047925144434,1,-0.005132047925144434,-0.02370619773864746,0.999358594417572,0.00021395194926299155,0.0004279038985259831,0,-51.32047925144434
2022-04-21,fold_6,EUR crisis downturn,0.01042119599878788,1,-0.0013543874956667423,-1,-0.0013543874956667423,-0.025028467178344727,0.9996771812438965,0.0001076486732927151,0.0002152973465854302,0,-13.543874956667423
2022-04-22,fold_6,EUR crisis downturn,-0.006846834905445576,-1,-0.0022270376794040203,-1,0.0022270376794040203,-0.02285712957382202,0.999514102935791,0.00016204264829866588,0.00032408529659733176,1,22.270376794040203
2022-04-25,fold_6,EUR crisis downturn,0.0019476490560919046,1,-0.008957143872976303,-1,-0.008957143872976303,-0.031609535217285156,0.9991317391395569,0.00028967324760742486,0.0005793464952148497,0,-89.57143872976303
2022-04-26,fold_6,EUR crisis downturn,-0.002172356005758047,-1,-0.006588426884263754,-1,0.006588426884263754,-0.025229334831237793,0.9990461468696594,0.0003182612417731434,0.0006365224835462868,1,65.88426884263754
2022-04-27,fold_6,EUR crisis downturn,-0.0007885777740739286,-1,-0.008317396976053715,-1,0.008317396976053715,-0.017121851444244385,0.9993311166763306,0.0002231092075817287,0.0004462184151634574,1,83.17396976053715
2022-04-28,fold_6,EUR crisis downturn,0.0008451672620140016,1,-0.004821411799639463,-1,-0.004821411799639463,-0.021860718727111816,0.9993053674697876,0.00023171900829765946,0.0004634380165953189,0,-48.214117996394634
2022-05-02,fold_6,EUR crisis downturn,-0.0064812153577804565,-1,-0.002553798258304596,-1,0.002553798258304596,-0.01936274766921997,0.9991182684898376,0.00029415261815302074,0.0005883052363060415,1,25.53798258304596
2022-05-06,fold_6,EUR crisis downturn,-0.0018352203769609332,-1,-0.0007161782123148441,-1,0.0007161782123148441,-0.018660426139831543,0.9995573163032532,0.0001476086035836488,0.0002952172071672976,1,7.161782123148441
2022-05-09,fold_6,EUR crisis downturn,-0.006013890262693167,-1,0.003190816380083561,1,-0.003190816380083561,-0.021791696548461914,0.9993029832839966,0.00023250048980116844,0.0004650009796023369,0,-31.90816380083561
2022-05-10,fold_6,EUR crisis downturn,-0.004099622834473848,-1,-0.0031072180718183517,-1,0.0031072180718183517,-0.018752217292785645,0.9990725517272949,0.0003094192361459136,0.0006188384722918272,1,31.072180718183517
2022-05-11,fold_6,EUR crisis downturn,-0.0024950006045401096,-1,-0.0019448387902230024,-1,0.0019448387902230024,-0.01684391498565674,0.9992303848266602,0.0002567354531493038,0.0005134709062986076,1,19.448387902230024
2022-05-12,fold_6,EUR crisis downturn,0.004673446994274855,1,-0.0126422718167305,-1,-0.0126422718167305,-0.02927321195602417,0.999473512172699,0.00017558981198817492,0.00035117962397634983,0,-126.42271816730499
2022-05-13,fold_6,EUR crisis downturn,-0.0038867518305778503,-1,0.002028132788836956,1,-0.002028132788836956,-0.031241953372955322,0.9995070695877075,0.00016439378669019789,0.00032878757338039577,0,-20.28132788836956
2022-05-16,fold_6,EUR crisis downturn,-0.0021750328596681356,-1,0.003684947732836008,1,-0.003684947732836008,-0.03481179475784302,0.999118983745575,0.000293930119369179,0.000587860238738358,0,-36.84947732836008
2022-05-17,fold_6,EUR crisis downturn,0.0031760570127516985,1,0.01043185405433178,1,0.01043185405433178,-0.024743080139160156,0.9995132684707642,0.00016232227790169418,0.00032464455580338836,1,104.3185405433178
2022-05-18,fold_6,EUR crisis downturn,0.0007524203392677009,1,-0.007121461909264326,-1,-0.007121461909264326,-0.03168833255767822,0.9996404647827148,0.00011989406630164012,0.00023978813260328025,0,-71.21461909264326
2022-05-19,fold_6,EUR crisis downturn,0.0001849688560469076,1,0.010145164094865322,1,0.010145164094865322,-0.021864652633666992,0.9993466734886169,0.00021791865583509207,0.00043583731167018414,1,101.45164094865322
2022-05-20,fold_6,EUR crisis downturn,0.004246436525136232,1,-0.000866660091560334,-1,-0.000866660091560334,-0.022712349891662598,0.9994537234306335,0.0001821939367800951,0.0003643878735601902,0,-8.66660091560334
2022-05-23,fold_6,EUR crisis downturn,0.00644381670281291,1,0.010617928579449654,1,0.010617928579449654,-0.012335538864135742,0.9994953870773315,0.00016829399100970477,0.00033658798201940954,1,106.17928579449654
2022-05-24,fold_6,EUR crisis downturn,0.0005066830781288445,1,0.005099795293062925,1,0.005099795293062925,-0.007298648357391357,0.9990168809890747,0.00032800150802358985,0.0006560030160471797,1,50.99795293062925
2022-05-25,fold_6,EUR crisis downturn,-8.30285280244425e-05,-1,-0.004648668225854635,-1,0.004648668225854635,-0.002683877944946289,0.9993478655815125,0.00021751050371676683,0.00043502100743353367,1,46.48668225854635
2022-05-26,fold_6,EUR crisis downturn,-0.0026453782338649035,-1,0.004336175508797169,1,-0.004336175508797169,-0.0070084333419799805,0.9994136095046997,0.00019559217616915703,0.00039118435233831406,0,-43.36175508797169
2022-05-27,fold_6,EUR crisis downturn,0.0008998728590086102,1,-0.0001395020226482302,-1,-0.0001395020226482302,-0.007146954536437988,0.9996280670166016,0.00012400728883221745,0.0002480145776644349,0,-1.395020226482302
2022-05-31,fold_6,EUR crisis downturn,0.005764023866504431,1,-0.0036603042390197515,-1,-0.0036603042390197515,-0.01078110933303833,0.9994254112243652,0.0001916348555823788,0.0003832697111647576,0,-36.603042390197515
2022-06-01,fold_6,EUR crisis downturn,-0.004138058051466942,-1,-0.007447231560945511,-1,0.007447231560945511,-0.003414154052734375,0.9995819926261902,0.0001393887068843469,0.0002787774137686938,1,74.47231560945511
2022-06-02,fold_6,EUR crisis downturn,-0.008748586289584637,-1,0.009095413610339165,1,-0.009095413610339165,-0.012478530406951904,0.9995737671852112,0.00014211900997906923,0.00028423801995813847,0,-90.95413610339165
2022-06-03,fold_6,EUR crisis downturn,0.009932936169207096,1,-0.0023275099229067564,-1,-0.0023275099229067564,-0.014777004718780518,0.9993929862976074,0.0002024498680839315,0.000404899736167863,0,-23.275099229067564
2022-06-06,fold_6,EUR crisis downturn,0.005815647076815367,1,-0.003228839486837387,-1,-0.003228839486837387,-0.01795816421508789,0.9993353486061096,0.00022168252326082438,0.00044336504652164876,0,-32.28839486837387
2022-06-07,fold_6,EUR crisis downturn,-0.0009049609652720392,-1,0.0006740176468156278,1,-0.0006740176468156278,-0.018620073795318604,0.9993315935134888,0.00022296019596979022,0.00044592039193958044,0,-6.740176468156278
2022-06-08,fold_6,EUR crisis downturn,0.007043393794447184,1,0.0017791216960176826,1,0.0017791216960176826,-0.01687413454055786,0.9993636012077332,0.0002122558216797188,0.0004245116433594376,1,17.791216960176826
2022-06-09,fold_6,EUR crisis downturn,0.003336434019729495,1,-0.009185684844851494,-1,-0.009185684844851494,-0.025904834270477295,0.9990123510360718,0.0003295392089057714,0.0006590784178115427,0,-91.85684844851494
2022-06-10,fold_6,EUR crisis downturn,-0.001840143813751638,-1,-0.012168340384960175,-1,0.012168340384960175,-0.014051735401153564,0.9986990690231323,0.0004341893072705716,0.0008683786145411432,1,121.68340384960175
2022-06-13,fold_6,EUR crisis downturn,-0.0031741061247885227,-1,-0.0071343835443258286,-1,0.0071343835443258286,-0.007017552852630615,0.9992244243621826,0.00025871183606795967,0.0005174236721359193,1,71.34383544325829
2022-06-14,fold_6,EUR crisis downturn,-0.0028574541211128235,-1,0.0024430977646261454,1,-0.0024430977646261454,-0.009443461894989014,0.9993616938591003,0.00021289945289026946,0.0004257989057805389,0,-24.430977646261454
2022-06-15,fold_6,EUR crisis downturn,0.004767720587551594,1,0.0014952836791053414,1,0.0014952836791053414,-0.007962346076965332,0.9995488524436951,0.00015044229803606868,0.00030088459607213736,1,14.952836791053414
2022-06-16,fold_6,EUR crisis downturn,-0.003861311823129654,-1,0.00866952445358038,1,-0.00866952445358038,-0.016562819480895996,0.9993151426315308,0.0002284589718328789,0.0004569179436657578,0,-86.6952445358038
2022-06-17,fold_6,EUR crisis downturn,0.001753133605234325,1,-0.005256267264485359,-1,-0.005256267264485359,-0.021732032299041748,0.9996381998062134,0.00012064947077305987,0.00024129894154611975,0,-52.56267264485359
2022-06-21,fold_6,EUR crisis downturn,0.006696952972561121,1,0.001126965624280274,1,0.001126965624280274,-0.020629525184631348,0.9992803931236267,0.00024003795988392085,0.0004800759197678417,1,11.26965624280274
2022-06-22,fold_6,EUR crisis downturn,0.004140913486480713,1,0.0029896728228777647,1,0.0029896728228777647,-0.017701566219329834,0.9992043375968933,0.00026542096748016775,0.0005308419349603355,1,29.896728228777647
2022-06-23,fold_6,EUR crisis downturn,-0.0028115359600633383,-1,-0.004165956750512123,-1,0.004165956750512123,-0.01360929012298584,0.9994614720344543,0.00017958652460947633,0.00035917304921895266,1,41.65956750512123
2022-06-24,fold_6,EUR crisis downturn,0.008270375430583954,1,0.004374321084469557,1,0.004374321084469557,-0.009294569492340088,0.9994396567344666,0.0001868768158601597,0.0003737536317203194,1,43.74321084469557
2022-06-27,fold_6,EUR crisis downturn,-0.0007466623792424798,-1,0.0013967370614409447,1,-0.0013967370614409447,-0.010678291320800781,0.9993622899055481,0.00021272357844281942,0.00042544715688563883,0,-13.967370614409447
2022-06-28,fold_6,EUR crisis downturn,0.0031127668917179108,1,-0.0054197353310883045,-1,-0.0054197353310883045,-0.016040146350860596,0.9995412826538086,0.0001529947912786156,0.0003059895825572312,0,-54.197353310883045
2022-06-29,fold_6,EUR crisis downturn,0.01458445843309164,1,-0.007312588859349489,-1,-0.007312588859349489,-0.023235440254211426,0.9992260932922363,0.00025816832203418016,0.0005163366440683603,0,-73.12588859349489
2022-06-30,fold_6,EUR crisis downturn,-0.010647164657711983,-1,0.0029757271986454725,1,-0.0029757271986454725,-0.026142001152038574,0.999610960483551,0.0001297532580792904,0.0002595065161585808,0,-29.757271986454725
2022-07-01,fold_6,EUR crisis downturn,-0.008270392194390297,-1,-0.0041735912673175335,-1,0.0041735912673175335,-0.022077500820159912,0.9996974468231201,0.00010089939314639196,0.00020179878629278392,1,41.735912673175335
2022-07-05,fold_6,EUR crisis downturn,-0.0022608886938542128,-1,-0.01682257279753685,-1,0.01682257279753685,-0.005626320838928223,0.9986252784729004,0.0004588872252497822,0.0009177744504995644,1,168.2257279753685
2022-07-06,fold_6,EUR crisis downturn,0.005691958125680685,1,-0.006947201211005449,-1,-0.006947201211005449,-0.01253443956375122,0.9990301132202148,0.00032359801116399467,0.0006471960223279893,0,-69.4720121100545
2022-07-07,fold_6,EUR crisis downturn,-0.001580303767696023,-1,-0.0016271539498120546,-1,0.0016271539498120546,-0.01092761754989624,0.9995840191841125,0.00013871739793103188,0.00027743479586206377,1,16.271539498120546
2022-07-08,fold_6,EUR crisis downturn,-0.006855136249214411,-1,-0.0003659561334643513,-1,0.0003659561334643513,-0.010565638542175293,0.9990102052688599,0.0003302312397863716,0.0006604624795727432,1,3.659561334643513
2022-07-11,fold_6,EUR crisis downturn,-0.009982362389564514,-1,-0.01166516449302435,-1,0.01166516449302435,0.0009762048721313477,0.9992870688438416,0.00023780898482073098,0.00047561796964146197,1,116.65164493024349
2022-07-12,fold_6,EUR crisis downturn,0.0015668492997065187,1,-0.0014347791438922286,-1,-0.0014347791438922286,-0.00045996904373168945,0.9989677667617798,0.0003444374306127429,0.0006888748612254858,0,-14.347791438922286
2022-07-13,fold_6,EUR crisis downturn,0.00375086790882051,1,-4.015977538074367e-05,-1,-4.015977538074367e-05,-0.0005001425743103027,0.9993228912353516,0.00022586743580177426,0.0004517348716035485,0,-0.4015977538074367
2022-07-14,fold_6,EUR crisis downturn,0.0023025746922940016,1,-0.0007017548778094351,-1,-0.0007017548778094351,-0.0012015104293823242,0.9994003772735596,0.00019999312644358724,0.0003999862528871745,0,-7.017548778094351
2022-07-15,fold_6,EUR crisis downturn,-0.008899032138288021,-1,0.007047208957374096,1,-0.007047208957374096,-0.008240282535552979,0.999306321144104,0.00023139458789955825,0.0004627891757991165,0,-70.47208957374096
2022-07-19,fold_6,EUR crisis downturn,0.0034702897537499666,1,0.008491970598697662,1,0.008491970598697662,0.00018167495727539062,0.9991887211799622,0.00027065747417509556,0.0005413149483501911,1,84.91970598697662
2022-07-20,fold_6,EUR crisis downturn,-0.0008849840960465372,-1,-0.004745147656649351,-1,0.004745147656649351,0.004927635192871094,0.9995412826538086,0.00015297229401767254,0.0003059445880353451,1,47.45147656649351
2022-07-21,fold_6,EUR crisis downturn,-0.0019825815688818693,-1,0.00376132526434958,1,-0.00376132526434958,0.0011477470397949219,0.9993612170219421,0.00021305738482624292,0.00042611476965248585,0,-37.6132526434958
2022-07-22,fold_6,EUR crisis downturn,-0.0020312340930104256,-1,-0.002039989223703742,-1,0.002039989223703742,0.003190159797668457,0.9992783665657043,0.00024071586085483432,0.00048143172170966864,1,20.39989223703742
2022-07-25,fold_6,EUR crisis downturn,-0.002613154938444495,-1,0.0024232829455286264,1,-0.0024232829455286264,0.000759124755859375,0.999062716960907,0.00031272563501261175,0.0006254512700252235,0,-24.232829455286264
2022-07-26,fold_6,EUR crisis downturn,-5.331170086719794e-06,-1,-0.009329265914857388,-1,0.009329265914857388,0.010095477104187012,0.9993301630020142,0.00022344190801959485,0.0004468838160391897,1,93.29265914857388
2022-07-27,fold_6,EUR crisis downturn,-0.0006052315584383905,-1,0.007871334441006184,1,-0.007871334441006184,0.0021446943283081055,0.9990742206573486,0.0003088783414568752,0.0006177566829137504,0,-78.71334441006184
2022-07-28,fold_6,EUR crisis downturn,-0.0018696703482419252,-1,-0.0016614561900496483,-1,0.0016614561900496483,0.003809690475463867,0.9993081092834473,0.00023077278456185013,0.00046154556912370026,1,16.614561900496483
2022-07-29,fold_6,EUR crisis downturn,-0.008528600446879864,-1,0.001561881392262876,1,-0.001561881392262876,0.002241849899291992,0.9995802044868469,0.0001400072214892134,0.0002800144429784268,0,-15.61881392262876
2022-08-01,fold_6,EUR crisis downturn,-0.009494357742369175,-1,0.005202550906687975,1,-0.005202550906687975,-0.0029723644256591797,0.9992461204528809,0.00025148046552203596,0.0005029609310440719,0,-52.02550906687975
2022-08-02,fold_6,EUR crisis downturn,-0.0041329036466777325,-1,-0.010297809727489948,-1,0.010297809727489948,0.007294774055480957,0.9995633959770203,0.00014557414397131652,0.00029114828794263303,1,102.97809727489948
2022-08-03,fold_6,EUR crisis downturn,-0.00048732684808783233,-1,0.00019285830785520375,1,-0.00019285830785520375,0.007100462913513184,0.999569833278656,0.0001434255245840177,0.0002868510491680354,0,-1.9285830785520375
2022-08-04,fold_6,EUR crisis downturn,-0.005712879355996847,-1,0.008874700404703617,1,-0.008874700404703617,-0.0018372535705566406,0.9987039566040039,0.00043257855577394366,0.0008651571115478873,0,-88.74700404703617
2022-08-05,fold_6,EUR crisis downturn,-0.002663422143086791,-1,-0.007506103254854679,-1,0.007506103254854679,0.005655050277709961,0.9995459914207458,0.00015140367031563073,0.00030280734063126147,1,75.06103254854679
2022-08-08,fold_6,EUR crisis downturn,0.004016794264316559,1,0.002630935749039054,1,0.002630935749039054,0.00830090045928955,0.9990302324295044,0.00032356748124584556,0.0006471349624916911,1,26.30935749039054
2022-08-09,fold_6,EUR crisis downturn,-0.0012919119326397777,-1,0.001031049294397235,1,-0.001031049294397235,0.0072612762451171875,0.9995960593223572,0.00013469533587340266,0.0002693906717468053,0,-10.31049294397235
2022-08-10,fold_6,EUR crisis downturn,-0.0021180131006985903,-1,0.00907498225569725,1,-0.00907498225569725,-0.0018796324729919434,0.9989211559295654,0.0003599984338507056,0.0007199968677014112,0,-90.7498225569725
2022-08-12,fold_6,EUR crisis downturn,0.0022310165222734213,1,-0.005846230313181877,-1,-0.005846230313181877,-0.00771486759185791,0.9995750784873962,0.00014168591587804258,0.00028337183175608516,0,-58.46230313181877
2022-08-15,fold_6,EUR crisis downturn,-0.0008420290541835129,-1,-0.009206736460328102,-1,0.009206736460328102,0.0014208555221557617,0.9991775155067444,0.00027436189702712,0.00054872379405424,1,92.06736460328102
2022-08-16,fold_6,EUR crisis downturn,0.0046380083076655865,1,0.0008543621515855193,1,0.0008543621515855193,0.0022764205932617188,0.9989336133003235,0.00035582800046540797,0.0007116560009308159,1,8.543621515855193
2022-08-17,fold_6,EUR crisis downturn,0.008117147721350193,1,0.000936616794206202,1,0.000936616794206202,0.003215193748474121,0.9989859461784363,0.0003383707662578672,0.0006767415325157344,1,9.36616794206202
2022-08-18,fold_6,EUR crisis downturn,-0.004150123335421085,-1,-0.00886909943073988,-1,0.00886909943073988,0.012112736701965332,0.9993304014205933,0.00022335465473588556,0.0004467093094717711,1,88.6909943073988
2022-08-19,fold_6,EUR crisis downturn,0.0038613961078226566,1,-0.005418936721980572,-1,-0.005418936721980572,0.006628155708312988,0.999504566192627,0.00016522621444892138,0.00033045242889784276,0,-54.18936721980572
2022-08-22,fold_6,EUR crisis downturn,0.0014071505283936858,1,-0.009541994892060757,-1,-0.009541994892060757,-0.0029770731925964355,0.9994587302207947,0.0001805284118745476,0.0003610568237490952,0,-95.41994892060757
2022-08-23,fold_6,EUR crisis downturn,0.002412649802863598,1,0.0027609101962298155,1,0.0027609101962298155,-0.0002244114875793457,0.9992249011993408,0.0002585721085779369,0.0005171442171558738,1,27.609101962298155
2022-08-24,fold_6,EUR crisis downturn,-0.003973718266934156,-1,0.00021929587819613516,1,-0.00021929587819613516,-0.0004436373710632324,0.9995959401130676,0.00013474271690938622,0.00026948543381877244,0,-2.1929587819613516
2022-08-25,fold_6,EUR crisis downturn,-0.002801034366711974,-1,0.00021942718012724072,1,-0.00021942718012724072,-0.0006629228591918945,0.9991410970687866,0.0002865268907044083,0.0005730537814088166,0,-2.194271801272407
2022-08-26,fold_6,EUR crisis downturn,-0.004161679185926914,-1,-0.0032698833383619785,-1,0.0032698833383619785,0.002604842185974121,0.9993108510971069,0.00022987516422290355,0.0004597503284458071,1,32.698833383619785
2022-08-29,fold_6,EUR crisis downturn,0.0003930396924261004,1,0.00758057227358222,1,0.00758057227358222,0.01020514965057373,0.9995793700218201,0.00014027034922037274,0.0002805406984407455,1,75.8057227358222
2022-08-30,fold_6,EUR crisis downturn,-0.00014709569222759455,-1,0.0011028088629245758,1,-0.0011028088629245758,0.00909113883972168,0.9995323419570923,0.0001559639349579811,0.0003119278699159622,0,-11.028088629245758
2022-08-31,fold_6,EUR crisis downturn,0.0054704840295016766,1,0.001395423780195415,1,0.001395423780195415,0.010499238967895508,0.9995356798171997,0.00015484326286241412,0.00030968652572482824,1,13.95423780195415
2022-09-01,fold_6,EUR crisis downturn,0.0019709907937794924,1,-0.008638561703264713,-1,-0.008638561703264713,0.00177001953125,0.9994161128997803,0.0001947417767951265,0.000389483553590253,0,-86.38561703264713
2022-09-02,fold_6,EUR crisis downturn,0.0031187948770821095,1,-0.004310653544962406,-1,-0.004310653544962406,-0.0025482773780822754,0.9996459484100342,0.00011803987581515685,0.0002360797516303137,0,-43.10653544962406
2022-09-06,fold_6,EUR crisis downturn,-0.0002519523841328919,-1,-0.005453890655189753,-1,0.005453890655189753,0.0028917789459228516,0.9995232820510864,0.00015896280820015818,0.00031792561640031636,1,54.538906551897526
2022-09-07,fold_6,EUR crisis downturn,-0.004455245099961758,-1,0.009875823743641376,1,-0.009875823743641376,-0.007012605667114258,0.9992414712905884,0.0002530415658839047,0.0005060831317678094,0,-98.75823743641376
2022-09-08,fold_6,EUR crisis downturn,0.0019566547125577927,1,0.0016320209251716733,1,0.0016320209251716733,-0.0053920745849609375,0.9992842078208923,0.00023878637875895947,0.00047757275751791894,1,16.320209251716733
2022-09-09,fold_6,EUR crisis downturn,0.0010666374582797289,1,0.00593199860304594,1,0.00593199860304594,0.0005079507827758789,0.9992169141769409,0.00026121840346604586,0.0005224368069320917,1,59.319986030459404
2022-09-12,fold_6,EUR crisis downturn,-0.0008208863437175751,-1,0.005773918703198433,1,-0.005773918703198433,-0.005268871784210205,0.999068558216095,0.00031075734295882285,0.0006215146859176457,0,-57.73918703198433
2022-09-13,fold_6,EUR crisis downturn,0.008415088057518005,1,-0.014563821256160736,-1,-0.014563821256160736,-0.019755959510803223,0.9989105463027954,0.00036354264011606574,0.0007270852802321315,0,-145.63821256160736
2022-09-14,fold_6,EUR crisis downturn,0.005671200808137655,1,0.00019961698853876442,1,0.00019961698853876442,-0.01956021785736084,0.9994150400161743,0.00019509339472278953,0.00039018678944557905,1,1.9961698853876442
2022-09-15,fold_6,EUR crisis downturn,0.0015964165795594454,1,0.0004294819082133472,1,0.0004294819082133472,-0.019139111042022705,0.9994528889656067,0.0001824483770178631,0.0003648967540357262,1,4.294819082133472
2022-09-16,fold_6,EUR crisis downturn,-0.010398111306130886,-1,0.0034075863659381866,1,-0.0034075863659381866,-0.02248150110244751,0.9995563626289368,0.00014794699382036924,0.0002958939876407385,0,-34.07586365938187
2022-09-20,fold_6,EUR crisis downturn,-0.0016580716473981738,-1,-0.005862889811396599,-1,0.005862889811396599,-0.016750454902648926,0.9995673298835754,0.00014429906150326133,0.00028859812300652266,1,58.62889811396599
2022-09-21,fold_6,EUR crisis downturn,-0.002993406727910042,-1,-0.014048072509467602,-1,0.014048072509467602,-0.0029376745223999023,0.9992710947990417,0.0002431291650282219,0.0004862583300564438,1,140.48072509467602
2022-09-22,fold_6,EUR crisis downturn,-0.0019875995349138975,-1,0.0011022116523236036,1,-0.0011022116523236036,-0.004036664962768555,0.9995841383934021,0.00013869487156625837,0.00027738974313251674,0,-11.022116523236036
2022-09-26,fold_6,EUR crisis downturn,0.008238854818046093,1,-0.006832936313003302,-1,-0.006832936313003302,-0.01084202527999878,0.9993645548820496,0.00021195346198510379,0.00042390692397020757,0,-68.32936313003302
2022-09-27,fold_6,EUR crisis downturn,-0.003216802841052413,-1,-0.002859671600162983,-1,0.002859671600162983,-0.008013308048248291,0.9993471503257751,0.00021776388166472316,0.0004355277633294463,1,28.59671600162983
2022-09-28,fold_6,EUR crisis downturn,-0.006191249471157789,-1,0.011669258587062359,1,-0.011669258587062359,-0.01958906650543213,0.9995166063308716,0.00016121316002681851,0.00032242632005363703,0,-116.69258587062359
2022-09-29,fold_6,EUR crisis downturn,0.0051445066928863525,1,0.012503246776759624,1,0.012503246776759624,-0.007330715656280518,0.9996170997619629,0.0001276861730730161,0.0002553723461460322,1,125.03246776759624
2025-04-08,fold_7,Recent mixed/upturn,-0.0033658479806035757,-1,0.005962451454252005,1,-0.005962451454252005,-0.00596243143081665,0.9992738366127014,0.0002422143006697297,0.0004844286013394594,0,-59.624514542520046
2025-04-09,fold_7,Recent mixed/upturn,0.0005470448522828519,1,-0.0025847177021205425,-1,-0.0025847177021205425,-0.008531689643859863,0.9996224641799927,0.0001258978300029412,0.0002517956600058824,0,-25.847177021205425
2025-04-10,fold_7,Recent mixed/upturn,0.006633057724684477,1,0.027919435873627663,1,0.027919435873627663,0.0191495418548584,0.9992345571517944,0.00025533116422593594,0.0005106623284518719,1,279.1943587362766
2025-04-11,fold_7,Recent mixed/upturn,-0.004543823190033436,-1,0.00757727911695838,1,-0.00757727911695838,0.011427164077758789,0.9996225833892822,0.00012583630450535566,0.0002516726090107113,0,-75.7727911695838
2025-04-14,fold_7,Recent mixed/upturn,-0.004076772835105658,-1,-0.00030624307692050934,-1,0.00030624307692050934,0.011736869812011719,0.9993500113487244,0.00021678076882380992,0.00043356153764761984,1,3.0624307692050934
2025-04-15,fold_7,Recent mixed/upturn,0.014920254237949848,1,-0.00414437847211957,-1,-0.00414437847211957,0.007543802261352539,0.9994754195213318,0.00017496028158348054,0.0003499205631669611,0,-41.4437847211957
2025-04-16,fold_7,Recent mixed/upturn,0.010891108773648739,1,0.00922001339495182,1,0.00922001339495182,0.01683330535888672,0.9991781115531921,0.0002741586067713797,0.0005483172135427594,1,92.2001339495182
2025-04-17,fold_7,Recent mixed/upturn,0.0024469920899719,1,0.01017727330327034,1,0.01017727330327034,0.02718186378479004,0.9993487000465393,0.00021722429664805532,0.00043444859329611063,1,101.7727330327034
2025-04-22,fold_7,Recent mixed/upturn,0.0056704874150455,1,-0.01403016597032547,-1,-0.01403016597032547,0.012770295143127441,0.9995214939117432,0.00015957621508277953,0.00031915243016555905,0,-140.3016597032547
2025-04-23,fold_7,Recent mixed/upturn,0.011099973693490028,1,-0.0021068835631012917,-1,-0.0021068835631012917,0.010636448860168457,0.9992145299911499,0.0002620135492179543,0.0005240270984359086,0,-21.068835631012917
2025-04-24,fold_7,Recent mixed/upturn,0.004133268725126982,1,0.003934726119041443,1,0.003934726119041443,0.014613032341003418,0.9990904331207275,0.0003034663968719542,0.0006069327937439084,1,39.34726119041443
2025-04-25,fold_7,Recent mixed/upturn,0.005369908642023802,1,-0.002529496792703867,-1,-0.002529496792703867,0.012046575546264648,0.9994421601295471,0.00018604380602482706,0.0003720876120496541,0,-25.29496792703867
2025-04-28,fold_7,Recent mixed/upturn,0.0017581373685970902,1,0.005818618461489677,1,0.005818618461489677,0.01793527603149414,0.9994770884513855,0.00017441636009607464,0.0003488327201921493,1,58.186184614896774
2025-04-30,fold_7,Recent mixed/upturn,-0.001503680250607431,-1,-0.005651242099702358,-1,0.005651242099702358,0.02368783950805664,0.9990839958190918,0.00030559697188436985,0.0006111939437687397,1,56.51242099702358
2025-05-01,fold_7,Recent mixed/upturn,0.013068968430161476,1,-0.002507785800844431,-1,-0.002507785800844431,0.021120667457580566,0.9996682405471802,0.00011063098645536229,0.00022126197291072458,0,-25.07785800844431
2025-05-02,fold_7,Recent mixed/upturn,0.014662801288068295,1,0.0023665628395974636,1,0.0023665628395974636,0.023537158966064453,0.9993011951446533,0.0002330976858502254,0.0004661953717004508,1,23.665628395974636
2025-05-07,fold_7,Recent mixed/upturn,0.01081877388060093,1,-0.003222282975912094,-1,-0.003222282975912094,0.02023899555206299,0.9993417859077454,0.00021954388648737222,0.00043908777297474444,0,-32.22282975912094
2025-05-08,fold_7,Recent mixed/upturn,0.011879070661962032,1,-0.007250799797475338,-1,-0.007250799797475338,0.012841463088989258,0.999451220035553,0.00018303973774891347,0.00036607947549782693,0,-72.50799797475338
2025-05-09,fold_7,Recent mixed/upturn,0.0006984923384152353,1,0.0004828175879083574,1,0.0004828175879083574,0.013330459594726562,0.9991427659988403,0.00028597525670193136,0.0005719505134038627,1,4.828175879083574
2025-05-12,fold_7,Recent mixed/upturn,0.00114345399197191,1,-0.011938820593059063,-1,-0.011938820593059063,0.0012325048446655273,0.9994484782218933,0.00018392642959952354,0.0003678528591990471,0,-119.38820593059063
2025-05-13,fold_7,Recent mixed/upturn,0.003057983471080661,1,0.008109462447464466,1,0.008109462447464466,0.009351968765258789,0.9995031356811523,0.00016568110731896013,0.00033136221463792026,1,81.09462447464466
2025-05-14,fold_7,Recent mixed/upturn,-0.003004632191732526,-1,-0.0003241990343667567,-1,0.0003241990343667567,0.009679198265075684,0.9993946552276611,0.00020188743656035513,0.00040377487312071025,1,3.2419903436675668
2025-05-15,fold_7,Recent mixed/upturn,0.0077881114557385445,1,0.0009625714155845344,1,0.0009625714155845344,0.010651111602783203,0.9992838501930237,0.00023888287250883877,0.00047776574501767755,1,9.625714155845344
2025-05-16,fold_7,Recent mixed/upturn,0.0009084171615540981,1,-0.0004587228177115321,-1,-0.0004587228177115321,0.010187506675720215,0.9992632269859314,0.00024576426949352026,0.0004915285389870405,0,-4.587228177115321
2025-05-19,fold_7,Recent mixed/upturn,0.005918738432228565,1,0.004100138321518898,1,0.004100138321518898,0.014329314231872559,0.9992517828941345,0.0002495880762580782,0.0004991761525161564,1,41.00138321518898
2025-05-20,fold_7,Recent mixed/upturn,-0.0026805084198713303,-1,0.004853827878832817,1,-0.004853827878832817,0.009405970573425293,0.9994090795516968,0.00019709207117557526,0.0003941841423511505,0,-48.53827878832817
2025-05-21,fold_7,Recent mixed/upturn,0.005128650460392237,1,0.003829962108284235,1,0.003829962108284235,0.013271927833557129,0.999366819858551,0.000211201113415882,0.000422402226831764,1,38.29962108284235
2025-05-22,fold_7,Recent mixed/upturn,0.004064086824655533,1,-0.004354733508080244,-1,-0.004354733508080244,0.008859395980834961,0.9996805191040039,0.00010651577758835629,0.00021303155517671257,0,-43.54733508080244
2025-05-23,fold_7,Recent mixed/upturn,0.000665986561216414,1,0.00806327536702156,1,0.00806327536702156,0.016994118690490723,0.9990873336791992,0.0003045134071726352,0.0006090268143452704,1,80.6327536702156
2025-05-27,fold_7,Recent mixed/upturn,0.0033580311574041843,1,-0.004512133076786995,-1,-0.004512133076786995,0.01240527629852295,0.9994068145751953,0.0001978468499146402,0.0003956936998292804,0,-45.12133076786995
2025-05-28,fold_7,Recent mixed/upturn,-0.0010802611941471696,-1,-0.009121845476329327,-1,0.009121845476329327,0.021640300750732422,0.9993826150894165,0.00020593056979123503,0.00041186113958247006,1,91.21845476329327
2025-05-29,fold_7,Recent mixed/upturn,-0.000951341527979821,-1,0.012880357913672924,1,-0.012880357913672924,0.008481144905090332,0.999286949634552,0.00023786292877048254,0.0004757258575409651,0,-128.80357913672924
2025-05-30,fold_7,Recent mixed/upturn,-0.002788405865430832,-1,-0.002202543430030346,-1,0.002202543430030346,0.010702371597290039,0.9992859959602356,0.00023816734028514475,0.0004763346805702895,1,22.02543430030346
2025-06-02,fold_7,Recent mixed/upturn,0.005515793804079294,1,0.008819226175546646,1,0.008819226175546646,0.019616007804870605,0.9991232752799988,0.0002924834261648357,0.0005849668523296714,1,88.19226175546646
2025-06-03,fold_7,Recent mixed/upturn,0.008049657568335533,1,-0.006022475194185972,-1,-0.006022475194185972,0.013475418090820312,0.9992232322692871,0.0002591365482658148,0.0005182730965316296,0,-60.22475194185972
2025-06-04,fold_7,Recent mixed/upturn,0.007590580265969038,1,0.0033009489998221397,1,0.0033009489998221397,0.016820788383483887,0.9991307854652405,0.00028997709159739316,0.0005799541831947863,1,33.0094899982214
2025-06-05,fold_7,Recent mixed/upturn,0.005417952314019203,1,0.0027832789346575737,1,0.0027832789346575737,0.019650936126708984,0.9995126724243164,0.00016252581553999335,0.0003250516310799867,1,27.832789346575737
2025-06-06,fold_7,Recent mixed/upturn,0.011928314343094826,1,-0.004015539772808552,-1,-0.004015539772808552,0.0155564546585083,0.9994454979896545,0.0001849103282438591,0.0003698206564877182,0,-40.15539772808552
2025-06-09,fold_7,Recent mixed/upturn,0.010688075795769691,1,0.001771340030245483,1,0.001771340030245483,0.01735532283782959,0.9993218183517456,0.0002262004418298602,0.0004524008836597204,1,17.71340030245483
2025-06-10,fold_7,Recent mixed/upturn,0.007993660867214203,1,0.0008235503337346017,1,0.0008235503337346017,0.01819312572479248,0.9993659853935242,0.00021146312064956874,0.0004229262412991375,1,8.235503337346017
2025-06-11,fold_7,Recent mixed/upturn,0.0015501383459195495,1,0.006284058094024658,1,0.006284058094024658,0.024591445922851562,0.9990156888961792,0.00032839944469742477,0.0006567988893948495,1,62.84058094024658
2025-06-12,fold_7,Recent mixed/upturn,0.013130760751664639,1,0.007899755612015724,1,0.007899755612015724,0.03268551826477051,0.9994232654571533,0.00019235438958276063,0.00038470877916552126,1,78.99755612015724
2025-06-13,fold_7,Recent mixed/upturn,0.006949752103537321,1,-0.003755935002118349,-1,-0.003755935002118349,0.02880680561065674,0.999416708946228,0.00019454445282462984,0.0003890889056492597,0,-37.55935002118349
2025-06-16,fold_7,Recent mixed/upturn,0.00401597935706377,1,-0.0004620169347617775,-1,-0.0004620169347617775,0.028331518173217773,0.9991834759712219,0.0002723721554502845,0.000544744310900569,0,-4.620169347617775
2025-06-17,fold_7,Recent mixed/upturn,-0.0008771978318691254,-1,-0.005948005244135857,-1,0.005948005244135857,0.03444802761077881,0.9991210103034973,0.0002932457427959889,0.0005864914855919778,1,59.480052441358566
2025-06-18,fold_7,Recent mixed/upturn,-0.001078387605957687,-1,-0.0004476588510442525,-1,0.0004476588510442525,0.03491103649139404,0.9990147352218628,0.0003287515137344599,0.0006575030274689198,1,4.476588510442525
2025-06-20,fold_7,Recent mixed/upturn,0.00627755606546998,1,-0.0010350376833230257,-1,-0.0010350376833230257,0.03383982181549072,0.9993651509284973,0.00021175306756049395,0.0004235061351209879,0,-10.350376833230257
2025-06-23,fold_7,Recent mixed/upturn,0.00608901446685195,1,0.008536921814084053,1,0.008536921814084053,0.04266560077667236,0.9992985725402832,0.00023398404300678521,0.00046796808601357043,1,85.36921814084053
2025-06-24,fold_7,Recent mixed/upturn,0.01179524790495634,1,0.0011379257775843143,1,0.0011379257775843143,0.04385209083557129,0.9994496703147888,0.00018354620260652155,0.0003670924052130431,1,11.379257775843143
2025-06-25,fold_7,Recent mixed/upturn,0.0034854491241276264,1,0.006157340481877327,1,0.006157340481877327,0.05027949810028076,0.9994217157363892,0.00019286073802504689,0.00038572147605009377,1,61.57340481877327
2025-06-26,fold_7,Recent mixed/upturn,0.006889416370540857,1,0.0007249234477058053,1,0.0007249234477058053,0.0510408878326416,0.9991039633750916,0.0002989481727126986,0.0005978963454253972,1,7.249234477058053
2025-06-27,fold_7,Recent mixed/upturn,0.0011274669086560607,1,0.0030139251612126827,1,0.0030139251612126827,0.05420863628387451,0.9992519021034241,0.00024952259263955057,0.0004990451852791011,1,30.139251612126827
2025-06-30,fold_7,Recent mixed/upturn,-0.009845840744674206,-1,0.005092043429613113,1,-0.005092043429613113,0.04884052276611328,0.9990068078041077,0.0003314051136840135,0.000662810227368027,0,-50.920434296131134
2025-07-01,fold_7,Recent mixed/upturn,0.005449901334941387,1,0.0015583859058097005,1,0.0015583859058097005,0.05047500133514404,0.9994511008262634,0.00018307814025320113,0.00036615628050640225,1,15.583859058097005
2025-07-02,fold_7,Recent mixed/upturn,-0.0012647233670577407,-1,-0.00044844072544947267,-1,0.00044844072544947267,0.05094611644744873,0.9994008541107178,0.0001998492080019787,0.0003996984160039574,1,4.484407254494727
2025-07-03,fold_7,Recent mixed/upturn,0.004715661983937025,1,-0.0024366681464016438,-1,-0.0024366681464016438,0.04838526248931885,0.9995025396347046,0.00016590864106547087,0.00033181728213094175,0,-24.366681464016438
2025-07-07,fold_7,Recent mixed/upturn,0.004634898621588945,1,-0.003755652578547597,-1,-0.003755652578547597,0.044447898864746094,0.9996047616004944,0.0001318003050982952,0.0002636006101965904,0,-37.55652578547597
2025-07-08,fold_7,Recent mixed/upturn,0.0005789354327134788,1,-0.0010200783144682646,-1,-0.0010200783144682646,0.04338252544403076,0.9993942975997925,0.0002020362444454804,0.0004040724888909608,0,-10.200783144682646
2025-07-09,fold_7,Recent mixed/upturn,-0.0004982464015483856,-1,0.000563176698051393,1,-0.000563176698051393,0.04279494285583496,0.9995822310447693,0.00013929804845247418,0.00027859609690494835,0,-5.63176698051393
2025-07-10,fold_7,Recent mixed/upturn,0.009556281380355358,1,-0.002422562800347805,-1,-0.002422562800347805,0.040268659591674805,0.9991995692253113,0.0002670065441634506,0.0005340130883269012,0,-24.22562800347805
2025-07-11,fold_7,Recent mixed/upturn,0.00806881207972765,1,-0.0017639847937971354,-1,-0.0017639847937971354,0.03843367099761963,0.9996071457862854,0.00013099171337671578,0.00026198342675343156,0,-17.639847937971354
2025-07-14,fold_7,Recent mixed/upturn,0.005657504312694073,1,-0.0013532100711017847,-1,-0.0013532100711017847,0.03702843189239502,0.9994105100631714,0.00019661724218167365,0.0003932344843633473,0,-13.532100711017847
2025-07-15,fold_7,Recent mixed/upturn,0.01594504900276661,1,-0.005049251951277256,-1,-0.005049251951277256,0.031792283058166504,0.999497652053833,0.0001675152889220044,0.0003350305778440088,0,-50.49251951277256
2025-07-16,fold_7,Recent mixed/upturn,0.0010029756231233478,1,0.002443466568365693,1,0.002443466568365693,0.03431344032287598,0.9990969896316528,0.00030127190984785557,0.0006025438196957111,1,24.43466568365693
2025-07-17,fold_7,Recent mixed/upturn,-0.0005099354311823845,-1,-0.0017422791570425034,-1,0.0017422791570425034,0.036115407943725586,0.9991752505302429,0.0002751490392256528,0.0005502980784513056,1,17.422791570425034
2025-07-18,fold_7,Recent mixed/upturn,0.00434122933074832,1,0.0013141727540642023,1,0.0013141727540642023,0.03747701644897461,0.999035120010376,0.0003219354257453233,0.0006438708514906466,1,13.141727540642023
2025-07-22,fold_7,Recent mixed/upturn,0.0008331224671564996,1,0.003815255593508482,1,0.003815255593508482,0.04143524169921875,0.9996336698532104,0.00012212917499709874,0.0002442583499941975,1,38.15255593508482
2025-07-23,fold_7,Recent mixed/upturn,0.00036710614222101867,1,0.0029907028656452894,1,0.0029907028656452894,0.04454994201660156,0.9991556406021118,0.0002816866326611489,0.0005633732653222978,1,29.907028656452894
2025-07-24,fold_7,Recent mixed/upturn,-0.00334698217920959,-1,-0.001540047349408269,-1,0.001540047349408269,0.046158671379089355,0.9993595480918884,0.0002136103721568361,0.0004272207443136722,1,15.40047349408269
2025-07-25,fold_7,Recent mixed/upturn,0.001311051077209413,1,5.8711641031550243e-05,1,5.8711641031550243e-05,0.04622018337249756,0.9991410970687866,0.00028651990578509867,0.0005730398115701973,1,0.5871164103155024
2025-07-28,fold_7,Recent mixed/upturn,0.006394725292921066,1,-0.013614622876048088,-1,-0.013614622876048088,0.03197634220123291,0.9994910955429077,0.00016970788419712335,0.0003394157683942467,0,-136.14622876048088
2025-07-29,fold_7,Recent mixed/upturn,-0.0011478181695565581,-1,-0.003950425889343023,-1,0.003950425889343023,0.03605318069458008,0.9993681311607361,0.0002107674372382462,0.0004215348744764924,1,39.50425889343023
2025-07-30,fold_7,Recent mixed/upturn,0.0017705804202705622,1,-0.010526402853429317,-1,-0.010526402853429317,0.025147199630737305,0.9997947812080383,6.842697621323168e-05,0.00013685395242646337,0,-105.26402853429317
2025-07-31,fold_7,Recent mixed/upturn,0.0007925003883428872,1,-0.0004912575823254883,-1,-0.0004912575823254883,0.024643540382385254,0.9992650151252747,0.000245155009906739,0.000490310019813478,0,-4.912575823254883
2025-08-01,fold_7,Recent mixed/upturn,0.00218746205791831,1,0.014263281598687172,1,0.014263281598687172,0.039258360862731934,0.9994377493858337,0.00018752756295725703,0.00037505512591451406,1,142.63281598687172
2025-08-04,fold_7,Recent mixed/upturn,0.0008232469554059207,1,-0.00022017340234015137,-1,-0.00022017340234015137,0.039029479026794434,0.9996115565299988,0.0001295281108468771,0.0002590562216937542,0,-2.2017340234015137
2025-08-05,fold_7,Recent mixed/upturn,-0.00011409027501940727,-1,-0.0004284036112949252,-1,0.0004284036112949252,0.03947460651397705,0.9992300271987915,0.0002568414492998272,0.0005136828985996544,1,4.284036112949252
2025-08-06,fold_7,Recent mixed/upturn,0.010134787298738956,1,0.007254479452967644,1,0.007254479452967644,0.04701542854309082,0.9991660118103027,0.0002782478404697031,0.0005564956809394062,1,72.54479452967644
2025-08-07,fold_7,Recent mixed/upturn,0.005686245393007994,1,0.0011559956474229693,1,0.0011559956474229693,0.0482257604598999,0.9998520612716675,4.931065996061079e-05,9.862131992122158e-05,1,11.559956474229693
2025-08-08,fold_7,Recent mixed/upturn,0.002475146669894457,1,-0.002457661321386695,-1,-0.002457661321386695,0.04564952850341797,0.9992527365684509,0.0002492513449396938,0.0004985026898793876,0,-24.57661321386695
2025-08-12,fold_7,Recent mixed/upturn,-0.00260376394726336,-1,0.005044498015195131,1,-0.005044498015195131,0.040374755859375,0.9996249675750732,0.00012506189523264766,0.0002501237904652953,0,-50.44498015195131
2025-08-13,fold_7,Recent mixed/upturn,0.005463407374918461,1,0.003068778896704316,1,0.003068778896704316,0.04356741905212402,0.9990962743759155,0.000301501015201211,0.000603002030402422,1,30.68778896704316
2025-08-14,fold_7,Recent mixed/upturn,-0.00023192317166831344,-1,-0.005254701245576143,-1,0.005254701245576143,0.04905104637145996,0.9995966553688049,0.0001344994961982593,0.0002689989923965186,1,52.54701245576143
2025-08-15,fold_7,Recent mixed/upturn,0.005530305206775665,1,0.004741219338029623,1,0.004741219338029623,0.05402481555938721,0.9992468357086182,0.0002512409701012075,0.000502481940202415,1,47.41219338029623
2025-08-18,fold_7,Recent mixed/upturn,0.007894892245531082,1,-0.003267246065661311,-1,-0.003267246065661311,0.05058109760284424,0.9994949102401733,0.00016842852346599102,0.00033685704693198204,0,-32.67246065661311
2025-08-19,fold_7,Recent mixed/upturn,0.0049724276177585125,1,-0.002212071092799306,-1,-0.002212071092799306,0.04825711250305176,0.9993072748184204,0.0002310828713234514,0.0004621657426469028,0,-22.12071092799306
2025-08-20,fold_7,Recent mixed/upturn,0.0030207016970962286,1,0.0007923034718260169,1,0.0007923034718260169,0.04908764362335205,0.9994445443153381,0.00018523949256632477,0.00037047898513264954,1,7.923034718260169
2025-08-21,fold_7,Recent mixed/upturn,-0.0018575172871351242,-1,-0.003321295604109764,-1,0.003321295604109764,0.052572011947631836,0.999243974685669,0.0002522109425626695,0.000504421885125339,1,33.21295604109764
2025-08-22,fold_7,Recent mixed/upturn,0.0031226330902427435,1,0.008313816972076893,1,0.008313816972076893,0.061322808265686035,0.999717652797699,9.414347005076706e-05,0.00018828694010153413,1,83.13816972076893
2025-08-25,fold_7,Recent mixed/upturn,0.0042809052392840385,1,-0.007784397341310978,-1,-0.007784397341310978,0.05306100845336914,0.9994168281555176,0.0001945202238857746,0.0003890404477715492,0,-77.84397341310978
2025-08-26,fold_7,Recent mixed/upturn,0.0019091976573690772,1,0.001804178929887712,1,0.001804178929887712,0.05496096611022949,0.9994403719902039,0.00018665324023459107,0.00037330648046918213,1,18.04178929887712
2025-08-27,fold_7,Recent mixed/upturn,0.004167220555245876,1,0.0007338296854868531,1,0.0007338296854868531,0.055735111236572266,0.9995556473731995,0.0001481576036894694,0.0002963152073789388,1,7.338296854868531
2025-08-28,fold_7,Recent mixed/upturn,0.0018500073347240686,1,0.0028852694667875767,1,0.0028852694667875767,0.05878114700317383,0.9991063475608826,0.00029812459251843393,0.0005962491850368679,1,28.852694667875767
2025-08-29,fold_7,Recent mixed/upturn,-0.011207222007215023,-1,0.0008769080741330981,1,-0.0008769080741330981,0.057852745056152344,0.9996738433837891,0.00010876542364712805,0.0002175308472942561,0,-8.769080741330981
2025-09-02,fold_7,Recent mixed/upturn,-0.006023702677339315,-1,-0.006818667519837618,-1,0.006818667519837618,0.06506586074829102,0.9995589852333069,0.0001470637071179226,0.0002941274142358452,1,68.18667519837618
2025-09-03,fold_7,Recent mixed/upturn,0.006040296517312527,1,0.0020988616161048412,1,0.0020988616161048412,0.06730139255523682,0.9993960857391357,0.00020142077119089663,0.00040284154238179326,1,20.988616161048412
2025-09-04,fold_7,Recent mixed/upturn,0.009103517048060894,1,-0.0003031234664376825,-1,-0.0003031234664376825,0.066977858543396,0.9995002746582031,0.00016666619922034442,0.00033333239844068885,0,-3.031234664376825
2025-09-05,fold_7,Recent mixed/upturn,0.0003154115693178028,1,0.004825879819691181,1,0.004825879819691181,0.07212686538696289,0.9996427297592163,0.00011911927867913619,0.00023823855735827237,1,48.25879819691181
2025-09-08,fold_7,Recent mixed/upturn,0.014622158370912075,1,0.00477817514911294,1,0.00477817514911294,0.07724964618682861,0.9994691014289856,0.00017704436322674155,0.0003540887264534831,1,47.7817514911294
2025-09-09,fold_7,Recent mixed/upturn,0.011155142448842525,1,-0.005640725139528513,-1,-0.005640725139528513,0.07117319107055664,0.9990966320037842,0.00030139830778352916,0.0006027966155670583,0,-56.40725139528513
2025-09-10,fold_7,Recent mixed/upturn,0.006469508167356253,1,5.857199721504003e-05,1,5.857199721504003e-05,0.07123589515686035,0.9991061091423035,0.0002982167061418295,0.000596433412283659,1,0.5857199721504003
2025-09-11,fold_7,Recent mixed/upturn,0.0011215158738195896,1,0.002675513969734311,1,0.002675513969734311,0.07410204410552979,0.9995471835136414,0.00015100507880561054,0.0003020101576112211,1,26.75513969734311
2025-09-12,fold_7,Recent mixed/upturn,0.0004794519336428493,1,-0.000703588651958853,-1,-0.000703588651958853,0.07334637641906738,0.9994118213653564,0.0001961919042514637,0.0003923838085029274,0,-7.03588651958853
2025-09-16,fold_7,Recent mixed/upturn,0.008612929843366146,1,0.009152790531516075,1,0.009152790531516075,0.08317041397094727,0.9994175434112549,0.00019425683422014117,0.00038851366844028234,1,91.52790531516075
2025-09-17,fold_7,Recent mixed/upturn,0.007573635783046484,1,-0.003796270117163658,-1,-0.003796270117163658,0.07905840873718262,0.9991685152053833,0.0002774157910607755,0.000554831582121551,0,-37.96270117163658
2025-09-18,fold_7,Recent mixed/upturn,0.0018069811630994081,1,-0.0029830695129930973,-1,-0.0029830695129930973,0.07583951950073242,0.9996271133422852,0.00012432533549144864,0.0002486506709828973,0,-29.830695129930973
2025-09-19,fold_7,Recent mixed/upturn,-0.0007420541951432824,-1,-0.004589194897562265,-1,0.004589194897562265,0.08077681064605713,0.9990057349205017,0.0003317633818369359,0.0006635267636738718,1,45.891948975622654
2025-09-22,fold_7,Recent mixed/upturn,-0.0006567278760485351,-1,0.005463925655931234,1,-0.005463925655931234,0.07487154006958008,0.9990836381912231,0.00030572008108720183,0.0006114401621744037,0,-54.639256559312344
2025-09-24,fold_7,Recent mixed/upturn,-0.0021363054402172565,-1,-0.005907559301704168,-1,0.005907559301704168,0.08122134208679199,0.9989885687828064,0.00033749741851352155,0.0006749948370270431,1,59.07559301704168
2025-09-25,fold_7,Recent mixed/upturn,0.0002620469022076577,1,-0.006974319461733103,-1,-0.006974319461733103,0.07368052005767822,0.9994377493858337,0.0001875056914286688,0.0003750113828573376,0,-69.74319461733103
2025-09-26,fold_7,Recent mixed/upturn,-0.0025484140496701,-1,0.0038988362066447735,1,-0.0038988362066447735,0.06949436664581299,0.999687910079956,0.0001040821080096066,0.0002081642160192132,0,-38.988362066447735
2025-09-29,fold_7,Recent mixed/upturn,-0.002758277580142021,-1,0.0019825738854706287,1,-0.0019825738854706287,0.06737399101257324,0.9994764924049377,0.0001745958288665861,0.0003491916577331722,0,-19.825738854706287
