date,fold,regime,prediction,pred_direction,actual_return,actual_direction,strategy_return,cumulative_return,confidence,aleatoric,epistemic,correct,pnl_bps
2008-01-23,fold_1,Pre-crisis upturn + GFC onset,0.0007262708968482912,1,0.009706642478704453,1,0.009706642478704453,0.009706616401672363,,,,1,97.06642478704453
2008-01-24,fold_1,Pre-crisis upturn + GFC onset,0.003987218253314495,1,-0.006706463638693094,-1,-0.006706463638693094,0.002935051918029785,,,,0,-67.06463638693094
2008-01-25,fold_1,Pre-crisis upturn + GFC onset,-0.0010259200353175402,-1,0.007704523392021656,1,-0.007704523392021656,-0.00479203462600708,,,,0,-77.04523392021656
2008-01-28,fold_1,Pre-crisis upturn + GFC onset,0.0012883697636425495,1,-0.001093094702810049,-1,-0.001093094702810049,-0.005879878997802734,,,,0,-10.93094702810049
2008-01-29,fold_1,Pre-crisis upturn + GFC onset,0.0004198604729026556,1,0.004004329908639193,1,0.004004329908639193,-0.0018990635871887207,,,,1,40.043299086391926
2008-01-30,fold_1,Pre-crisis upturn + GFC onset,0.002898589475080371,1,0.002289247466251254,1,0.002289247466251254,0.0003858804702758789,,,,1,22.89247466251254
2008-01-31,fold_1,Pre-crisis upturn + GFC onset,-0.0012826959136873484,-1,-0.004380703438073397,-1,0.004380703438073397,0.004768252372741699,,,,1,43.80703438073397
2008-02-01,fold_1,Pre-crisis upturn + GFC onset,-0.0015684516401961446,-1,0.001897936686873436,1,-0.001897936686873436,0.0028612613677978516,,,,0,-18.97936686873436
2008-02-04,fold_1,Pre-crisis upturn + GFC onset,-0.000818224623799324,-1,-0.012808330357074738,-1,0.012808330357074738,0.015706181526184082,,,,1,128.08330357074738
2008-02-05,fold_1,Pre-crisis upturn + GFC onset,-0.0034229943994432688,-1,-0.0014324913499876857,-1,0.0014324913499876857,0.017161250114440918,,,,1,14.324913499876857
2008-02-06,fold_1,Pre-crisis upturn + GFC onset,-0.00018692102457862347,-1,-0.009454712271690369,-1,0.009454712271690369,0.026778221130371094,,,,1,94.54712271690369
2008-02-07,fold_1,Pre-crisis upturn + GFC onset,-0.002702724654227495,-1,0.07542583346366882,1,-0.07542583346366882,-0.050667405128479004,,,,0,-754.2583346366882
2008-02-08,fold_1,Pre-crisis upturn + GFC onset,-0.006289364770054817,-1,-0.06865246593952179,-1,0.06865246593952179,0.014506697654724121,,,,1,686.5246593952179
2008-02-12,fold_1,Pre-crisis upturn + GFC onset,0.0015104168560355902,1,-0.0017758844187483191,-1,-0.0017758844187483191,0.012705087661743164,,,,0,-17.75884418748319
2008-02-13,fold_1,Pre-crisis upturn + GFC onset,-1.6363392205676064e-05,-1,0.006048077251762152,1,-0.006048077251762152,0.0065801143646240234,,,,0,-60.48077251762152
2008-02-14,fold_1,Pre-crisis upturn + GFC onset,6.947142537683249e-05,1,0.002186686033383012,1,0.002186686033383012,0.008781194686889648,,,,1,21.866860333830118
2008-02-15,fold_1,Pre-crisis upturn + GFC onset,0.0006475885165855289,1,-0.0017726941732689738,-1,-0.0017726941732689738,0.006992936134338379,,,,0,-17.72694173268974
2008-02-19,fold_1,Pre-crisis upturn + GFC onset,0.001395622966811061,1,-0.0004710935172624886,-1,-0.0004710935172624886,0.0065184831619262695,,,,0,-4.710935172624886
2008-02-20,fold_1,Pre-crisis upturn + GFC onset,0.0005088962498120964,1,0.006251954939216375,1,0.006251954939216375,0.01281118392944336,,,,1,62.51954939216375
2008-02-21,fold_1,Pre-crisis upturn + GFC onset,0.0023829301353543997,1,0.0007413247367367148,1,0.0007413247367367148,0.01356208324432373,,,,1,7.413247367367148
2008-02-22,fold_1,Pre-crisis upturn + GFC onset,-8.887069270713255e-06,-1,0.0006675262120552361,1,-0.0006675262120552361,0.012885570526123047,,,,0,-6.675262120552361
2008-02-25,fold_1,Pre-crisis upturn + GFC onset,-0.0003599853371270001,-1,0.010797196999192238,1,-0.010797196999192238,0.0019491910934448242,,,,0,-107.97196999192238
2008-02-26,fold_1,Pre-crisis upturn + GFC onset,0.003630266524851322,1,0.008133538998663425,1,0.008133538998663425,0.010098576545715332,,,,1,81.33538998663425
2008-02-27,fold_1,Pre-crisis upturn + GFC onset,0.0035329521633684635,1,0.005151412915438414,1,0.005151412915438414,0.015301942825317383,,,,1,51.514129154384136
2008-02-28,fold_1,Pre-crisis upturn + GFC onset,0.002490455284714699,1,-0.00025825100601650774,-1,-0.00025825100601650774,0.015039682388305664,,,,0,-2.5825100601650774
2008-02-29,fold_1,Pre-crisis upturn + GFC onset,-0.0008300374029204249,-1,0.0005320152267813683,1,-0.0005320152267813683,0.014499664306640625,,,,0,-5.320152267813683
2008-03-03,fold_1,Pre-crisis upturn + GFC onset,0.00035926015698350966,1,0.0006540778558701277,1,0.0006540778558701277,0.015163302421569824,,,,1,6.540778558701277
2008-03-04,fold_1,Pre-crisis upturn + GFC onset,9.18327787076123e-05,1,0.00439975643530488,1,0.00439975643530488,0.019629836082458496,,,,1,43.9975643530488
2008-03-05,fold_1,Pre-crisis upturn + GFC onset,9.367657912662253e-05,1,0.007077113725244999,1,0.007077113725244999,0.026845812797546387,,,,1,70.77113725244999
2008-03-06,fold_1,Pre-crisis upturn + GFC onset,0.002345683518797159,1,-0.00318984710611403,-1,-0.00318984710611403,0.02357029914855957,,,,0,-31.8984710611403
2008-03-07,fold_1,Pre-crisis upturn + GFC onset,-0.0006117954035289586,-1,0.00032211976940743625,1,-0.00032211976940743625,0.02324056625366211,,,,0,-3.2211976940743625
2008-03-10,fold_1,Pre-crisis upturn + GFC onset,-0.000839219253975898,-1,6.13881929893978e-05,1,-6.13881929893978e-05,0.023177742958068848,,,,0,-0.6138819298939779
2008-03-11,fold_1,Pre-crisis upturn + GFC onset,-0.0014120290288701653,-1,0.012913729064166546,1,-0.012913729064166546,0.009964704513549805,,,,0,-129.13729064166546
2008-03-12,fold_1,Pre-crisis upturn + GFC onset,0.002300725784152746,1,0.005280183628201485,1,0.005280183628201485,0.015297412872314453,,,,1,52.80183628201485
2008-03-13,fold_1,Pre-crisis upturn + GFC onset,0.0015017531113699079,1,-0.0002654764102771878,-1,-0.0002654764102771878,0.015027880668640137,,,,0,-2.6547641027718782
2008-03-14,fold_1,Pre-crisis upturn + GFC onset,0.001346812816336751,1,0.008330723270773888,1,0.008330723270773888,0.023483753204345703,,,,1,83.30723270773888
2008-03-17,fold_1,Pre-crisis upturn + GFC onset,-0.004751741420477629,-1,-0.00571519136428833,-1,0.00571519136428833,0.029333114624023438,,,,1,57.1519136428833
2008-03-18,fold_1,Pre-crisis upturn + GFC onset,-0.00238633481785655,-1,-0.001219803118146956,-1,0.001219803118146956,0.030588626861572266,,,,1,12.19803118146956
2008-03-19,fold_1,Pre-crisis upturn + GFC onset,-0.004395746160298586,-1,-0.012585368938744068,-1,0.012585368938744068,0.04355895519256592,,,,1,125.85368938744068
2008-03-24,fold_1,Pre-crisis upturn + GFC onset,-0.0016657680971547961,-1,0.011474939994513988,1,-0.011474939994513988,0.03158414363861084,,,,0,-114.74939994513988
2008-03-25,fold_1,Pre-crisis upturn + GFC onset,0.002169197890907526,1,0.013576983474195004,1,0.013576983474195004,0.04558992385864258,,,,1,135.76983474195004
2008-03-26,fold_1,Pre-crisis upturn + GFC onset,-7.711759099038318e-05,-1,-0.0006325822323560715,-1,0.0006325822323560715,0.04625129699707031,,,,1,6.325822323560715
2008-03-27,fold_1,Pre-crisis upturn + GFC onset,-0.0029988063033670187,-1,-0.0033570618834346533,-1,0.0033570618834346533,0.04976356029510498,,,,1,33.57061883434653
2008-03-28,fold_1,Pre-crisis upturn + GFC onset,-0.0026224167086184025,-1,-0.00018908978381659836,-1,0.00018908978381659836,0.04996204376220703,,,,1,1.8908978381659836
2008-03-31,fold_1,Pre-crisis upturn + GFC onset,-0.0028372202068567276,-1,-0.005079609341919422,-1,0.005079609341919422,0.055295467376708984,,,,1,50.79609341919422
2008-04-02,fold_1,Pre-crisis upturn + GFC onset,-0.0026865967083722353,-1,-0.0006893464596942067,-1,0.0006893464596942067,0.0560230016708374,,,,1,6.893464596942067
2008-04-03,fold_1,Pre-crisis upturn + GFC onset,-0.0008491185144521296,-1,0.0044534835033118725,1,-0.0044534835033118725,0.05132007598876953,,,,0,-44.534835033118725
2008-04-04,fold_1,Pre-crisis upturn + GFC onset,-0.00034611986484378576,-1,-0.0020259751472622156,-1,0.0020259751472622156,0.05344998836517334,,,,1,20.259751472622156
2008-04-07,fold_1,Pre-crisis upturn + GFC onset,-0.0031281542032957077,-1,-0.00808490440249443,-1,0.00808490440249443,0.06196701526641846,,,,1,80.8490440249443
2008-04-08,fold_1,Pre-crisis upturn + GFC onset,-0.008832941763103008,-1,0.01579233817756176,1,-0.01579233817756176,0.0451960563659668,,,,0,-157.9233817756176
2008-04-09,fold_1,Pre-crisis upturn + GFC onset,-0.00399484159424901,-1,-0.005179158411920071,-1,0.005179158411920071,0.05060935020446777,,,,1,51.79158411920071
2008-04-10,fold_1,Pre-crisis upturn + GFC onset,0.0012217139592394233,1,0.005078901536762714,1,0.005078901536762714,0.05594527721405029,,,,1,50.789015367627144
2008-04-11,fold_1,Pre-crisis upturn + GFC onset,-0.002665763022378087,-1,0.00018986649229191244,1,-0.00018986649229191244,0.05574476718902588,,,,0,-1.8986649229191244
2008-04-14,fold_1,Pre-crisis upturn + GFC onset,-0.0018716767663136125,-1,-0.002462598029524088,-1,0.002462598029524088,0.05834472179412842,,,,1,24.62598029524088
2008-04-15,fold_1,Pre-crisis upturn + GFC onset,-0.0014854666078463197,-1,0.010899379849433899,1,-0.010899379849433899,0.04680943489074707,,,,0,-108.99379849433899
2008-04-16,fold_1,Pre-crisis upturn + GFC onset,0.0008163218153640628,1,-0.0035143231507390738,-1,-0.0035143231507390738,0.04313063621520996,,,,0,-35.14323150739074
2008-04-17,fold_1,Pre-crisis upturn + GFC onset,-0.0032192254438996315,-1,-0.010573179461061954,-1,0.010573179461061954,0.05415976047515869,,,,1,105.73179461061954
2008-04-18,fold_1,Pre-crisis upturn + GFC onset,-0.002814673585817218,-1,0.011313356459140778,1,-0.011313356459140778,0.04223370552062988,,,,0,-113.13356459140778
2008-04-21,fold_1,Pre-crisis upturn + GFC onset,-0.0015255874022841454,-1,0.004780459683388472,1,-0.004780459683388472,0.03725135326385498,,,,0,-47.804596833884716
2008-04-22,fold_1,Pre-crisis upturn + GFC onset,-0.0017825165996327996,-1,-0.007127514574676752,-1,0.007127514574676752,0.04464435577392578,,,,1,71.27514574676752
2008-04-23,fold_1,Pre-crisis upturn + GFC onset,-0.0026333192363381386,-1,-0.011966871097683907,-1,0.011966871097683907,0.05714547634124756,,,,1,119.66871097683907
2008-04-24,fold_1,Pre-crisis upturn + GFC onset,-0.004814928863197565,-1,-0.0030023385770618916,-1,0.0030023385770618916,0.06031930446624756,,,,1,30.023385770618916
2008-04-25,fold_1,Pre-crisis upturn + GFC onset,-0.002739040646702051,-1,0.0010174394119530916,1,-0.0010174394119530916,0.05924046039581299,,,,0,-10.174394119530916
2008-04-28,fold_1,Pre-crisis upturn + GFC onset,-0.003292151028290391,-1,-0.0054796477779746056,-1,0.0054796477779746056,0.06504476070404053,,,,1,54.796477779746056
2008-04-30,fold_1,Pre-crisis upturn + GFC onset,-0.0023111391346901655,-1,-0.012038466520607471,-1,0.012038466520607471,0.0778663158416748,,,,1,120.38466520607471
2008-05-02,fold_1,Pre-crisis upturn + GFC onset,-0.0016399472951889038,-1,0.00415347795933485,1,-0.00415347795933485,0.07338941097259521,,,,0,-41.5347795933485
2008-05-07,fold_1,Pre-crisis upturn + GFC onset,-0.0062123853713274,-1,0.005134144332259893,1,-0.005134144332259893,0.06787848472595215,,,,0,-51.341443322598934
2008-05-08,fold_1,Pre-crisis upturn + GFC onset,-0.00921863503754139,-1,0.0016728068003430963,1,-0.0016728068003430963,0.06609213352203369,,,,0,-16.728068003430963
2008-05-09,fold_1,Pre-crisis upturn + GFC onset,-0.005499567370861769,-1,0.0032323605846613646,1,-0.0032323605846613646,0.06264615058898926,,,,0,-32.323605846613646
2008-05-12,fold_1,Pre-crisis upturn + GFC onset,0.0027205641381442547,1,-0.004055029712617397,-1,-0.004055029712617397,0.05833709239959717,,,,0,-40.55029712617397
2008-05-13,fold_1,Pre-crisis upturn + GFC onset,-0.0017867273418232799,-1,-0.0005104347947053611,-1,0.0005104347947053611,0.05887734889984131,,,,1,5.104347947053611
2008-05-14,fold_1,Pre-crisis upturn + GFC onset,-0.0014523261925205588,-1,-0.001174283679574728,-1,0.001174283679574728,0.06012082099914551,,,,1,11.74283679574728
2008-05-15,fold_1,Pre-crisis upturn + GFC onset,-0.0009243414388038218,-1,0.009388802573084831,1,-0.009388802573084831,0.05016756057739258,,,,0,-93.88802573084831
2008-05-16,fold_1,Pre-crisis upturn + GFC onset,0.0017848802963271737,1,-0.0043633379973471165,-1,-0.0043633379973471165,0.0455852746963501,,,,0,-43.633379973471165
2008-05-19,fold_1,Pre-crisis upturn + GFC onset,-0.000699557363986969,-1,0.008124498650431633,1,-0.008124498650431633,0.037090420722961426,,,,0,-81.24498650431633
2008-05-20,fold_1,Pre-crisis upturn + GFC onset,0.001946602831594646,1,0.00855705700814724,1,0.00855705700814724,0.045964837074279785,,,,1,85.5705700814724
2008-05-21,fold_1,Pre-crisis upturn + GFC onset,8.042044646572322e-05,1,-0.003555349772796035,-1,-0.003555349772796035,0.042246103286743164,,,,0,-35.55349772796035
2008-05-22,fold_1,Pre-crisis upturn + GFC onset,-0.0016844039782881737,-1,0.003377990797162056,1,-0.003377990797162056,0.03872537612915039,,,,0,-33.77990797162056
2008-05-23,fold_1,Pre-crisis upturn + GFC onset,-0.001117247506044805,-1,-0.0003629504353739321,-1,0.0003629504353739321,0.03910243511199951,,,,1,3.6295043537393212
2008-05-27,fold_1,Pre-crisis upturn + GFC onset,-0.002612961921840906,-1,-0.0022230539470911026,-1,0.0022230539470911026,0.041412353515625,,,,1,22.230539470911026
2008-05-28,fold_1,Pre-crisis upturn + GFC onset,-0.0017493792111054063,-1,-0.00881433766335249,-1,0.00881433766335249,0.05059170722961426,,,,1,88.1433766335249
2008-05-29,fold_1,Pre-crisis upturn + GFC onset,-0.0021155739668756723,-1,0.0014764738734811544,1,-0.0014764738734811544,0.04904055595397949,,,,0,-14.764738734811544
2008-05-30,fold_1,Pre-crisis upturn + GFC onset,-0.0016351002268493176,-1,0.0003264624683652073,1,-0.0003264624683652073,0.0486980676651001,,,,0,-3.264624683652073
2008-06-02,fold_1,Pre-crisis upturn + GFC onset,-0.0037993083242326975,-1,-0.0061646453104913235,-1,0.0061646453104913235,0.055162906646728516,,,,1,61.646453104913235
2008-06-03,fold_1,Pre-crisis upturn + GFC onset,-0.003570446977391839,-1,-0.001142001012340188,-1,0.001142001012340188,0.05636787414550781,,,,1,11.42001012340188
2008-06-04,fold_1,Pre-crisis upturn + GFC onset,-0.002323044231161475,-1,0.010132720693945885,1,-0.010132720693945885,0.04566395282745361,,,,0,-101.32720693945885
2008-06-05,fold_1,Pre-crisis upturn + GFC onset,-0.0003278489166405052,-1,0.012580753304064274,1,-0.012580753304064274,0.0325087308883667,,,,0,-125.80753304064274
2008-06-06,fold_1,Pre-crisis upturn + GFC onset,-0.0008968397160060704,-1,-0.008963803760707378,-1,0.008963803760707378,0.041763901710510254,,,,1,89.63803760707378
2008-06-09,fold_1,Pre-crisis upturn + GFC onset,-0.0022978954948484898,-1,-0.011474243365228176,-1,0.011474243365228176,0.05371737480163574,,,,1,114.74243365228176
2008-06-10,fold_1,Pre-crisis upturn + GFC onset,-0.004401569254696369,-1,0.006067509297281504,1,-0.006067509297281504,0.04732394218444824,,,,0,-60.67509297281504
2008-06-11,fold_1,Pre-crisis upturn + GFC onset,8.629856165498495e-05,1,-0.006230826023966074,-1,-0.006230826023966074,0.040798187255859375,,,,0,-62.30826023966074
2008-06-12,fold_1,Pre-crisis upturn + GFC onset,-0.00223947549238801,-1,-0.005947754718363285,-1,0.005947754718363285,0.046988606452941895,,,,1,59.47754718363285
2008-06-13,fold_1,Pre-crisis upturn + GFC onset,-0.001544806407764554,-1,0.006823988631367683,1,-0.006823988631367683,0.03984391689300537,,,,0,-68.23988631367683
2008-06-16,fold_1,Pre-crisis upturn + GFC onset,0.002840219298377633,1,0.0031044406350702047,1,0.0031044406350702047,0.04307210445404053,,,,1,31.044406350702047
2008-06-17,fold_1,Pre-crisis upturn + GFC onset,-0.002159370109438896,-1,0.0010409550741314888,1,-0.0010409550741314888,0.04198634624481201,,,,0,-10.409550741314888
2008-06-18,fold_1,Pre-crisis upturn + GFC onset,-0.0020520666148513556,-1,-0.0018145984504371881,-1,0.0018145984504371881,0.04387712478637695,,,,1,18.14598450437188
2008-06-19,fold_1,Pre-crisis upturn + GFC onset,-5.2918003348167986e-05,-1,0.0076107727363705635,1,-0.0076107727363705635,0.03593242168426514,,,,0,-76.10772736370564
2008-06-20,fold_1,Pre-crisis upturn + GFC onset,0.0008812013547867537,1,-0.00672138063237071,-1,-0.00672138063237071,0.028969526290893555,,,,0,-67.2138063237071
2008-06-23,fold_1,Pre-crisis upturn + GFC onset,-0.0015230252174660563,-1,0.0030361225362867117,1,-0.0030361225362867117,0.02584540843963623,,,,0,-30.361225362867117
2008-06-24,fold_1,Pre-crisis upturn + GFC onset,-0.00012810996850021183,-1,0.006677090656012297,1,-0.006677090656012297,0.01899576187133789,,,,0,-66.77090656012297
2008-06-25,fold_1,Pre-crisis upturn + GFC onset,0.0007121378439478576,1,0.005040960386395454,1,0.005040960386395454,0.024132490158081055,,,,1,50.409603863954544
2008-06-26,fold_1,Pre-crisis upturn + GFC onset,0.00037715508369728923,1,0.0,1,0.0,0.024132490158081055,,,,0,0.0
2008-06-27,fold_1,Pre-crisis upturn + GFC onset,-8.199313015211374e-05,-1,-0.00018895813263952732,-1,0.00018895813263952732,0.024325966835021973,,,,1,1.8895813263952732
2010-01-19,fold_2,Post-crash recovery,-0.0010841436451300979,-1,-0.011951462365686893,-1,0.011951462365686893,0.011951446533203125,,,,1,119.51462365686893
2010-01-20,fold_2,Post-crash recovery,-0.004909583833068609,-1,-0.0009444424649700522,-1,0.0009444424649700522,0.012907266616821289,,,,1,9.444424649700522
2010-01-21,fold_2,Post-crash recovery,-0.0005443294649012387,-1,0.003125128336250782,1,-0.003125128336250782,0.009741783142089844,,,,0,-31.25128336250782
2010-01-22,fold_2,Post-crash recovery,-0.00022068669204600155,-1,0.0006368025206029415,1,-0.0006368025206029415,0.00909876823425293,,,,0,-6.368025206029415
2010-01-25,fold_2,Post-crash recovery,0.0008169744396582246,1,-0.004788059741258621,-1,-0.004788059741258621,0.004267215728759766,,,,0,-47.88059741258621
2010-01-26,fold_2,Post-crash recovery,-0.0017639590660110116,-1,-0.003648065496236086,-1,0.003648065496236086,0.007930874824523926,,,,1,36.48065496236086
2010-01-27,fold_2,Post-crash recovery,-0.0019649751484394073,-1,-0.004483596887439489,-1,0.004483596887439489,0.012449979782104492,,,,1,44.835968874394894
2010-01-28,fold_2,Post-crash recovery,-0.0021663696970790625,-1,-0.0072386483661830425,-1,0.0072386483661830425,0.019778728485107422,,,,1,72.38648366183043
2010-01-29,fold_2,Post-crash recovery,-0.0018620407208800316,-1,0.0043313405476510525,1,-0.0043313405476510525,0.015361666679382324,,,,0,-43.313405476510525
2010-02-01,fold_2,Post-crash recovery,0.0008515691733919084,1,0.0035359642934054136,1,0.0035359642934054136,0.018952012062072754,,,,1,35.359642934054136
2010-02-02,fold_2,Post-crash recovery,0.0009181232890114188,1,-0.0053796786814928055,-1,-0.0053796786814928055,0.01347041130065918,,,,0,-53.796786814928055
2010-02-03,fold_2,Post-crash recovery,-0.0017091137124225497,-1,-0.01122969388961792,-1,0.01122969388961792,0.024851441383361816,,,,1,112.2969388961792
2010-02-04,fold_2,Post-crash recovery,-0.0014307554811239243,-1,-0.004719560965895653,-1,0.004719560965895653,0.029688358306884766,,,,1,47.19560965895653
2010-02-05,fold_2,Post-crash recovery,-0.0009250606526620686,-1,-0.0018570575630292296,-1,0.0018570575630292296,0.0316004753112793,,,,1,18.570575630292296
2010-02-08,fold_2,Post-crash recovery,0.0006903638131916523,1,0.009330499917268753,1,0.009330499917268753,0.04122579097747803,,,,1,93.30499917268753
2010-02-09,fold_2,Post-crash recovery,0.0016555377515032887,1,-0.0020905188284814358,-1,-0.0020905188284814358,0.03904914855957031,,,,0,-20.905188284814358
2010-02-10,fold_2,Post-crash recovery,-0.0005693500279448926,-1,-0.005199064500629902,-1,0.005199064500629902,0.044451236724853516,,,,1,51.99064500629902
2010-02-12,fold_2,Post-crash recovery,-0.0009093908010981977,-1,-0.0023396951146423817,-1,0.0023396951146423817,0.04689490795135498,,,,1,23.396951146423817
2010-02-16,fold_2,Post-crash recovery,0.0015791699988767505,1,-0.01163397915661335,-1,-0.01163397915661335,0.03471529483795166,,,,0,-116.3397915661335
2010-02-17,fold_2,Post-crash recovery,-0.0016514466842636466,-1,-0.010688421316444874,-1,0.010688421316444874,0.04577481746673584,,,,1,106.88421316444874
2010-02-18,fold_2,Post-crash recovery,0.001552930218167603,1,0.011409442871809006,1,0.011409442871809006,0.057706475257873535,,,,1,114.09442871809006
2010-02-19,fold_2,Post-crash recovery,-0.0028988528065383434,-1,-0.0006938879960216582,-1,0.0006938879960216582,0.058440446853637695,,,,1,6.938879960216582
2010-02-22,fold_2,Post-crash recovery,0.0005793081363663077,1,-0.005776017438620329,-1,-0.005776017438620329,0.05232691764831543,,,,0,-57.76017438620329
2010-02-23,fold_2,Post-crash recovery,-0.0014484715647995472,-1,0.001191824907436967,1,-0.001191824907436967,0.05107271671295166,,,,0,-11.918249074369669
2010-02-24,fold_2,Post-crash recovery,-0.00015789731696713716,-1,-0.000527954485733062,-1,0.000527954485733062,0.05162763595581055,,,,1,5.27954485733062
2010-02-25,fold_2,Post-crash recovery,-5.305469312588684e-05,-1,0.007020008284598589,1,-0.007020008284598589,0.044245243072509766,,,,0,-70.20008284598589
2010-02-26,fold_2,Post-crash recovery,0.0018630748381838202,1,-0.005058620125055313,-1,-0.005058620125055313,0.038962721824645996,,,,0,-50.58620125055313
2010-03-01,fold_2,Post-crash recovery,-0.001373692648485303,-1,0.004317773040384054,1,-0.004317773040384054,0.03447675704956055,,,,0,-43.17773040384054
2010-03-02,fold_2,Post-crash recovery,0.00031683474662713706,1,0.005946443881839514,1,0.005946443881839514,0.04062819480895996,,,,1,59.46443881839514
2010-03-03,fold_2,Post-crash recovery,0.0026429565623402596,1,-0.00858509074896574,-1,-0.00858509074896574,0.03169429302215576,,,,0,-85.8509074896574
2010-03-04,fold_2,Post-crash recovery,-0.0018831643974408507,-1,0.003311865497380495,1,-0.003311865497380495,0.02827739715576172,,,,0,-33.11865497380495
2010-03-05,fold_2,Post-crash recovery,4.410039400681853e-05,1,-0.0008851704187691212,-1,-0.0008851704187691212,0.027367234230041504,,,,0,-8.851704187691212
2010-03-08,fold_2,Post-crash recovery,-0.0002478571841493249,-1,-0.0007347645587287843,-1,0.0007347645587287843,0.0281221866607666,,,,1,7.347645587287843
2010-03-09,fold_2,Post-crash recovery,-0.0011647192295640707,-1,0.002674186136573553,1,-0.002674186136573553,0.025372862815856934,,,,0,-26.74186136573553
2010-03-10,fold_2,Post-crash recovery,0.000565474561881274,1,0.0030791175086051226,1,0.0030791175086051226,0.028530120849609375,,,,1,30.791175086051226
2010-03-11,fold_2,Post-crash recovery,0.0003622857329901308,1,0.006182710640132427,1,0.006182710640132427,0.03488922119140625,,,,1,61.82710640132427
2010-03-12,fold_2,Post-crash recovery,0.002775317057967186,1,-0.006715663243085146,-1,-0.006715663243085146,0.027939319610595703,,,,0,-67.15663243085146
2010-03-15,fold_2,Post-crash recovery,-0.0022867696825414896,-1,0.006677919998764992,1,-0.006677919998764992,0.021074771881103516,,,,0,-66.77919998764992
2010-03-16,fold_2,Post-crash recovery,0.002724944381043315,1,-0.0022119286004453897,-1,-0.0022119286004453897,0.018816232681274414,,,,0,-22.119286004453897
2010-03-17,fold_2,Post-crash recovery,0.0006622654036618769,1,-0.009053192101418972,-1,-0.009053192101418972,0.009592771530151367,,,,0,-90.53192101418972
2010-03-18,fold_2,Post-crash recovery,-0.002639882732182741,-1,-0.0056584724225103855,-1,0.0056584724225103855,0.015305519104003906,,,,1,56.584724225103855
2010-03-19,fold_2,Post-crash recovery,-0.003194641787558794,-1,0.0022249817848205566,1,-0.0022249817848205566,0.013046503067016602,,,,0,-22.249817848205566
2010-03-23,fold_2,Post-crash recovery,-0.0013942604418843985,-1,-0.010171548463404179,-1,0.010171548463404179,0.02335071563720703,,,,1,101.71548463404179
2010-03-24,fold_2,Post-crash recovery,-0.0045255022123456,-1,-0.0017964079743251204,-1,0.0017964079743251204,0.02518904209136963,,,,1,17.964079743251204
2010-03-25,fold_2,Post-crash recovery,-0.001777218421921134,-1,0.0077375867404043674,1,-0.0077375867404043674,0.017256617546081543,,,,0,-77.37586740404367
2010-03-26,fold_2,Post-crash recovery,0.0027556472923606634,1,0.005298086442053318,1,0.005298086442053318,0.022646188735961914,,,,1,52.98086442053318
2010-03-29,fold_2,Post-crash recovery,0.001778623554855585,1,-0.0042286706157028675,-1,-0.0042286706157028675,0.018321752548217773,,,,0,-42.286706157028675
2010-03-30,fold_2,Post-crash recovery,-2.9037906642770395e-05,-1,0.006254276726394892,1,-0.006254276726394892,0.011952877044677734,,,,0,-62.54276726394892
2010-03-31,fold_2,Post-crash recovery,0.002646449487656355,1,0.0056237718090415,1,0.0056237718090415,0.01764392852783203,,,,1,56.237718090415
2010-04-01,fold_2,Post-crash recovery,0.002015144331380725,1,-0.005820577964186668,-1,-0.005820577964186668,0.011720657348632812,,,,0,-58.205779641866684
2010-04-05,fold_2,Post-crash recovery,-0.0016196264186874032,-1,-0.006459742318838835,-1,0.006459742318838835,0.018256068229675293,,,,1,64.59742318838835
2010-04-06,fold_2,Post-crash recovery,-0.0009540030732750893,-1,-0.003991239704191685,-1,0.003991239704191685,0.022320151329040527,,,,1,39.91239704191685
2010-04-07,fold_2,Post-crash recovery,-0.00020406594558153301,-1,0.0009486044873483479,1,-0.0009486044873483479,0.021350383758544922,,,,0,-9.486044873483479
2010-04-08,fold_2,Post-crash recovery,-0.00030051774228923023,-1,0.01046330388635397,1,-0.01046330388635397,0.010663747787475586,,,,0,-104.6330388635397
2010-04-09,fold_2,Post-crash recovery,0.0025995303876698017,1,0.007042666897177696,1,0.007042666897177696,0.017781496047973633,,,,1,70.42666897177696
2010-04-12,fold_2,Post-crash recovery,0.003966095391660929,1,0.0009253707830794156,1,0.0009253707830794156,0.018723368644714355,,,,1,9.253707830794156
2010-04-13,fold_2,Post-crash recovery,0.0003901229065377265,1,0.0034823056776076555,1,0.0034823056776076555,0.022270917892456055,,,,1,34.823056776076555
2010-04-14,fold_2,Post-crash recovery,0.002466377802193165,1,-0.005999756511300802,-1,-0.005999756511300802,0.01613759994506836,,,,0,-59.99756511300802
2010-04-15,fold_2,Post-crash recovery,-0.0023334454745054245,-1,-0.00515845837071538,-1,0.00515845837071538,0.02137923240661621,,,,1,51.5845837071538
2010-04-16,fold_2,Post-crash recovery,-0.0026212926022708416,-1,-0.0012409078190103173,-1,0.0012409078190103173,0.022646665573120117,,,,1,12.409078190103173
2010-04-19,fold_2,Post-crash recovery,-0.0011781919747591019,-1,-0.0038692092057317495,-1,0.0038692092057317495,0.02660346031188965,,,,1,38.692092057317495
2010-04-20,fold_2,Post-crash recovery,5.186628914088942e-05,1,-0.0033609094098210335,-1,-0.0033609094098210335,0.023153066635131836,,,,0,-33.609094098210335
2010-04-21,fold_2,Post-crash recovery,-0.0006495470879599452,-1,-0.008957214653491974,-1,0.008957214653491974,0.03231775760650635,,,,1,89.57214653491974
2010-04-22,fold_2,Post-crash recovery,-0.002415021415799856,-1,0.008592506870627403,1,-0.008592506870627403,0.023447632789611816,,,,0,-85.92506870627403
2010-04-23,fold_2,Post-crash recovery,0.0015052808448672295,1,0.001286504091694951,1,0.001286504091694951,0.024764299392700195,,,,1,12.86504091694951
2010-04-26,fold_2,Post-crash recovery,-0.001420424203388393,-1,-0.01720094121992588,-1,0.01720094121992588,0.042391180992126465,,,,1,172.0094121992588
2010-04-27,fold_2,Post-crash recovery,-0.006584811955690384,-1,0.00319747650064528,1,-0.00319747650064528,0.03905808925628662,,,,0,-31.9747650064528
2010-04-28,fold_2,Post-crash recovery,-0.00256021274253726,-1,0.0037932186387479305,1,-0.0037932186387479305,0.03511667251586914,,,,0,-37.932186387479305
2010-04-30,fold_2,Post-crash recovery,0.0003128760145045817,1,-0.007378703448921442,-1,-0.007378703448921442,0.027478814125061035,,,,0,-73.78703448921442
2010-05-06,fold_2,Post-crash recovery,-0.007909377105534077,-1,0.009745693765580654,1,-0.009745693765580654,0.01746535301208496,,,,0,-97.45693765580654
2010-05-07,fold_2,Post-crash recovery,0.009526673704385757,1,0.0018146689981222153,1,0.0018146689981222153,0.01931178569793701,,,,1,18.146689981222153
2010-05-10,fold_2,Post-crash recovery,0.0032652756199240685,1,-0.011682657524943352,-1,-0.011682657524943352,0.0074034929275512695,,,,0,-116.82657524943352
2010-05-11,fold_2,Post-crash recovery,-0.003173303557559848,-1,0.0007203565328381956,1,-0.0007203565328381956,0.006677746772766113,,,,0,-7.203565328381956
2010-05-12,fold_2,Post-crash recovery,-0.0023488053120672703,-1,-0.007750330958515406,-1,0.007750330958515406,0.014479756355285645,,,,1,77.50330958515406
2010-05-13,fold_2,Post-crash recovery,-0.002088862471282482,-1,-0.014436493627727032,-1,0.014436493627727032,0.029125332832336426,,,,1,144.36493627727032
2010-05-14,fold_2,Post-crash recovery,-0.007370247505605221,-1,0.00266445754095912,1,-0.00266445754095912,0.026383280754089355,,,,0,-26.644575409591198
2010-05-17,fold_2,Post-crash recovery,-0.0012286178534850478,-1,-0.0172696802765131,-1,0.0172696802765131,0.04410862922668457,,,,1,172.696802765131
2010-05-18,fold_2,Post-crash recovery,-0.007564446423202753,-1,0.0176109466701746,1,-0.0176109466701746,0.025720834732055664,,,,0,-176.109466701746
2010-05-19,fold_2,Post-crash recovery,0.0038187014870345592,1,0.006900882814079523,1,0.006900882814079523,0.03279924392700195,,,,1,69.00882814079523
2010-05-20,fold_2,Post-crash recovery,0.00679371040314436,1,0.0070626987144351006,1,0.0070626987144351006,0.04009354114532471,,,,1,70.626987144351
2010-05-21,fold_2,Post-crash recovery,0.0008131730137392879,1,-0.017277510836720467,-1,-0.017277510836720467,0.022123336791992188,,,,0,-172.77510836720467
2010-05-24,fold_2,Post-crash recovery,-0.005061774980276823,-1,-0.0003210459544789046,-1,0.0003210459544789046,0.02245151996612549,,,,1,3.210459544789046
2010-05-25,fold_2,Post-crash recovery,-0.004224472679197788,-1,-0.014011116698384285,-1,0.014011116698384285,0.03677725791931152,,,,1,140.11116698384285
2010-05-26,fold_2,Post-crash recovery,-0.003473368240520358,-1,0.014373074285686016,1,-0.014373074285686016,0.021875619888305664,,,,0,-143.73074285686016
2010-05-27,fold_2,Post-crash recovery,0.005487431306391954,1,-0.005989732686430216,-1,-0.005989732686430216,0.0157548189163208,,,,0,-59.89732686430216
2010-05-28,fold_2,Post-crash recovery,-0.0033567999489605427,-1,0.0011304189683869481,1,-0.0011304189683869481,0.014606595039367676,,,,0,-11.304189683869481
2010-06-01,fold_2,Post-crash recovery,-0.0018646462121978402,-1,0.000489582889713347,1,-0.000489582889713347,0.01410984992980957,,,,0,-4.89582889713347
2010-06-02,fold_2,Post-crash recovery,0.0012583452044054866,1,-0.005683161783963442,-1,-0.005683161783963442,0.00834643840789795,,,,0,-56.83161783963442
2010-06-03,fold_2,Post-crash recovery,-0.0027389705646783113,-1,-0.01630449667572975,-1,0.01630449667572975,0.024787068367004395,,,,1,163.04496675729752
2010-06-04,fold_2,Post-crash recovery,-0.008903969079256058,-1,-0.004018112551420927,-1,0.004018112551420927,0.02890467643737793,,,,1,40.18112551420927
2010-06-07,fold_2,Post-crash recovery,-0.0005838070646859705,-1,0.0041184090077877045,1,-0.0041184090077877045,0.02466726303100586,,,,0,-41.184090077877045
2010-06-08,fold_2,Post-crash recovery,-0.0010125801200047135,-1,0.0016669539036229253,1,-0.0016669539036229253,0.022959232330322266,,,,0,-16.669539036229253
2010-06-09,fold_2,Post-crash recovery,0.0020337782334536314,1,0.00975992064923048,1,0.00975992064923048,0.0329432487487793,,,,1,97.5992064923048
2010-06-10,fold_2,Post-crash recovery,0.00434931879863143,1,0.00041180214611813426,1,0.00041180214611813426,0.033368587493896484,,,,1,4.118021461181343
2010-06-11,fold_2,Post-crash recovery,-0.0034324233420193195,-1,0.008589374832808971,1,-0.008589374832808971,0.024492621421813965,,,,0,-85.89374832808971
2010-06-14,fold_2,Post-crash recovery,0.003995408304035664,1,0.00826606061309576,1,0.00826606061309576,0.032961130142211914,,,,1,82.6606061309576
2010-06-15,fold_2,Post-crash recovery,0.004070863127708435,1,-0.0005786734400317073,-1,-0.0005786734400317073,0.032363295555114746,,,,0,-5.786734400317073
2010-06-16,fold_2,Post-crash recovery,0.0002011051692534238,1,0.005695778410881758,1,0.005695778410881758,0.03824341297149658,,,,1,56.95778410881758
2010-06-17,fold_2,Post-crash recovery,0.003608721774071455,1,0.000879864557646215,1,0.000879864557646215,0.03915691375732422,,,,1,8.79864557646215
2010-06-18,fold_2,Post-crash recovery,-0.0004694824747275561,-1,-0.006207311991602182,-1,0.006207311991602182,0.04560732841491699,,,,1,62.073119916021824
2010-06-21,fold_2,Post-crash recovery,-0.0026641362346708775,-1,-0.0033265468664467335,-1,0.0033265468664467335,0.04908561706542969,,,,1,33.265468664467335
2010-06-22,fold_2,Post-crash recovery,-0.0021528853103518486,-1,0.003584904596209526,1,-0.003584904596209526,0.04532468318939209,,,,0,-35.84904596209526
2010-06-23,fold_2,Post-crash recovery,0.003251099493354559,1,0.0014927452430129051,1,0.0014927452430129051,0.046885132789611816,,,,1,14.927452430129051
2010-06-24,fold_2,Post-crash recovery,-0.000835079699754715,-1,0.002882967470213771,1,-0.002882967470213771,0.04386699199676514,,,,0,-28.82967470213771
2010-06-25,fold_2,Post-crash recovery,0.004069485701620579,1,-0.007759139873087406,-1,-0.007759139873087406,0.035767436027526855,,,,0,-77.59139873087406
2010-06-28,fold_2,Post-crash recovery,-0.0028168722055852413,-1,-0.007384906057268381,-1,0.007384906057268381,0.043416500091552734,,,,1,73.84906057268381
2010-06-29,fold_2,Post-crash recovery,-0.0038965169806033373,-1,0.003583511570468545,1,-0.003583511570468545,0.03967738151550293,,,,0,-35.83511570468545
2013-01-18,fold_3,Eurozone debt plateau,-0.0046843537129461765,-1,-0.00392940966412425,-1,0.00392940966412425,0.0039293766021728516,,,,1,39.294096641242504
2013-01-22,fold_3,Eurozone debt plateau,0.0026192895602434874,1,0.00018636102322489023,1,0.00018636102322489023,0.004116415977478027,,,,1,1.8636102322489023
2013-01-23,fold_3,Eurozone debt plateau,-0.0002455269859638065,-1,-0.0004125860577914864,-1,0.0004125860577914864,0.004530668258666992,,,,1,4.125860577914864
2013-01-24,fold_3,Eurozone debt plateau,-0.00020033273904118687,-1,0.004572297912091017,1,-0.004572297912091017,-6.23464584350586e-05,,,,0,-45.72297912091017
2013-01-25,fold_3,Eurozone debt plateau,0.0027396127115935087,1,0.007231287192553282,1,0.007231287192553282,0.007168412208557129,,,,1,72.31287192553282
2013-01-28,fold_3,Eurozone debt plateau,-0.0010142449755221605,-1,-0.0014656366547569633,-1,0.0014656366547569633,0.008644580841064453,,,,1,14.656366547569633
2013-01-29,fold_3,Eurozone debt plateau,0.003917877562344074,1,0.003372915554791689,1,0.003372915554791689,0.0120466947555542,,,,1,33.72915554791689
2013-01-30,fold_3,Eurozone debt plateau,0.002844763221219182,1,0.005685125477612019,1,0.005685125477612019,0.017800331115722656,,,,1,56.851254776120186
2013-01-31,fold_3,Eurozone debt plateau,0.0007501859799958766,1,0.003144102171063423,1,0.003144102171063423,0.021000385284423828,,,,1,31.44102171063423
2013-02-01,fold_3,Eurozone debt plateau,0.0014415859477594495,1,0.0027706902474164963,1,0.0027706902474164963,0.023829221725463867,,,,1,27.706902474164963
2013-02-04,fold_3,Eurozone debt plateau,-0.005822622217237949,-1,-0.01003915723413229,-1,0.01003915723413229,0.03410768508911133,,,,1,100.3915723413229
2013-02-05,fold_3,Eurozone debt plateau,0.0019836747087538242,1,0.005160914734005928,1,0.005160914734005928,0.039444684982299805,,,,1,51.60914734005928
2013-02-06,fold_3,Eurozone debt plateau,-0.0038715358823537827,-1,-0.004232979379594326,-1,0.004232979379594326,0.04384469985961914,,,,1,42.32979379594326
2013-02-07,fold_3,Eurozone debt plateau,-0.00628859456628561,-1,-0.009948350489139557,-1,0.009948350489139557,0.0542292594909668,,,,1,99.48350489139557
2013-02-08,fold_3,Eurozone debt plateau,0.0003353638749103993,1,-0.0015773915220052004,-1,-0.0015773915220052004,0.0525662899017334,,,,0,-15.773915220052004
2013-02-12,fold_3,Eurozone debt plateau,0.0030732995364814997,1,0.0036186398938298225,1,0.0036186398938298225,0.05637514591217041,,,,1,36.186398938298225
2013-02-13,fold_3,Eurozone debt plateau,0.0006229756982065737,1,-0.0005645840428769588,-1,-0.0005645840428769588,0.05577874183654785,,,,0,-5.6458404287695885
2013-02-14,fold_3,Eurozone debt plateau,-0.004065589979290962,-1,-0.00681004673242569,-1,0.00681004673242569,0.06296861171722412,,,,1,68.1004673242569
2013-02-15,fold_3,Eurozone debt plateau,-0.0001254502567462623,-1,-0.0006672476301901042,-1,0.0006672476301901042,0.06367778778076172,,,,1,6.6724763019010425
2013-02-19,fold_3,Eurozone debt plateau,0.0019212423358112574,1,0.003643653355538845,1,0.003643653355538845,0.06755340099334717,,,,1,36.43653355538845
2013-02-20,fold_3,Eurozone debt plateau,-0.006415551993995905,-1,-0.009158467873930931,-1,0.009158467873930931,0.0773305892944336,,,,1,91.58467873930931
2013-02-21,fold_3,Eurozone debt plateau,-0.00419223727658391,-1,-0.005937489680945873,-1,0.005937489680945873,0.08372724056243896,,,,1,59.37489680945873
2013-02-22,fold_3,Eurozone debt plateau,0.00024261734506580979,1,0.00011880857346113771,1,0.00011880857346113771,0.08385598659515381,,,,1,1.1880857346113771
2013-02-25,fold_3,Eurozone debt plateau,-0.0025247910525649786,-1,-0.009916401468217373,-1,0.009916401468217373,0.0946040153503418,,,,1,99.16401468217373
2013-02-26,fold_3,Eurozone debt plateau,-0.0012120625469833612,-1,6.532984116347507e-05,1,-6.532984116347507e-05,0.09453248977661133,,,,0,-0.6532984116347507
2013-02-27,fold_3,Eurozone debt plateau,0.0042338608764112,1,0.006509747821837664,1,0.006509747821837664,0.10165762901306152,,,,1,65.09747821837664
2013-02-28,fold_3,Eurozone debt plateau,-0.004462410695850849,-1,-0.006921785417944193,-1,0.006921785417944193,0.10928308963775635,,,,1,69.21785417944193
2013-03-01,fold_3,Eurozone debt plateau,-0.002996399998664856,-1,-0.003293330315500498,-1,0.003293330315500498,0.11293625831604004,,,,1,32.93330315500498
2013-03-04,fold_3,Eurozone debt plateau,0.0021140596363693476,1,0.0014731583651155233,1,0.0014731583651155233,0.11457586288452148,,,,1,14.731583651155233
2013-03-05,fold_3,Eurozone debt plateau,0.0018886890029534698,1,0.0009524957276880741,1,0.0009524957276880741,0.11563742160797119,,,,1,9.524957276880741
2013-03-06,fold_3,Eurozone debt plateau,-0.004140088334679604,-1,-0.0053601814433932304,-1,0.0053601814433932304,0.12161743640899658,,,,1,53.601814433932304
2013-03-07,fold_3,Eurozone debt plateau,0.005512211471796036,1,0.010226847603917122,1,0.010226847603917122,0.13308799266815186,,,,1,102.26847603917122
2013-03-08,fold_3,Eurozone debt plateau,-0.007702857721596956,-1,-0.009403315372765064,-1,0.009403315372765064,0.14374279975891113,,,,1,94.03315372765064
2013-03-11,fold_3,Eurozone debt plateau,0.0018439600244164467,1,0.0034406150225549936,1,0.0034406150225549936,0.14767801761627197,,,,1,34.406150225549936
2013-03-12,fold_3,Eurozone debt plateau,-0.0006559182074852288,-1,-0.0002605045447126031,-1,0.0002605045447126031,0.14797699451446533,,,,1,2.605045447126031
2013-03-13,fold_3,Eurozone debt plateau,-0.003955115098506212,-1,-0.005442651454359293,-1,0.005442651454359293,0.15422499179840088,,,,1,54.42651454359293
2013-03-14,fold_3,Eurozone debt plateau,0.0038500765804201365,1,0.004164100158959627,1,0.004164100158959627,0.15903127193450928,,,,1,41.64100158959627
2013-03-15,fold_3,Eurozone debt plateau,0.0037597499322146177,1,-0.009192564524710178,-1,-0.009192564524710178,0.14837682247161865,,,,0,-91.92564524710178
2013-03-18,fold_3,Eurozone debt plateau,-0.004672801587730646,-1,0.004051790572702885,1,-0.004051790572702885,0.14372384548187256,,,,0,-40.51790572702885
2013-03-19,fold_3,Eurozone debt plateau,-0.0037431528326123953,-1,-0.006264734081923962,-1,0.006264734081923962,0.15088891983032227,,,,1,62.647340819239616
2013-03-21,fold_3,Eurozone debt plateau,-0.0009736272040754557,-1,-0.002839107299223542,-1,0.002839107299223542,0.15415644645690918,,,,1,28.391072992235422
2013-03-22,fold_3,Eurozone debt plateau,0.0038340790197253227,1,0.0092341098934412,1,0.0092341098934412,0.16481399536132812,,,,1,92.341098934412
2013-03-25,fold_3,Eurozone debt plateau,-0.005552292335778475,-1,-0.012717006728053093,-1,0.012717006728053093,0.1796269416809082,,,,1,127.17006728053093
2013-03-26,fold_3,Eurozone debt plateau,0.0013032500864937901,1,0.00012858747504651546,1,0.00012858747504651546,0.17977869510650635,,,,1,1.2858747504651546
2013-03-27,fold_3,Eurozone debt plateau,-0.004165577236562967,-1,-0.0063889650627970695,-1,0.0063889650627970695,0.18731629848480225,,,,1,63.889650627970695
2013-03-28,fold_3,Eurozone debt plateau,0.003653362626209855,1,0.002973254071548581,1,0.002973254071548581,0.19084644317626953,,,,1,29.73254071548581
2013-04-01,fold_3,Eurozone debt plateau,0.0030109351500868797,1,0.0034695772919803858,1,0.0034695772919803858,0.1949782371520996,,,,1,34.69577291980386
2013-04-02,fold_3,Eurozone debt plateau,-0.002637130208313465,-1,-0.0023077132645994425,-1,0.0023077132645994425,0.19773602485656738,,,,1,23.077132645994425
2013-04-03,fold_3,Eurozone debt plateau,0.0026468904688954353,1,0.002313051139935851,1,0.002313051139935851,0.20050644874572754,,,,1,23.13051139935851
2013-04-04,fold_3,Eurozone debt plateau,4.5415476051857695e-05,1,0.006076161749660969,1,0.006076161749660969,0.2078009843826294,,,,1,60.76161749660969
2013-04-05,fold_3,Eurozone debt plateau,0.0005399059737101197,1,0.004937021527439356,1,0.004937021527439356,0.21376395225524902,,,,1,49.37021527439356
2013-04-08,fold_3,Eurozone debt plateau,-0.006664177868515253,-1,0.0028665303252637386,1,-0.0028665303252637386,0.21028470993041992,,,,0,-28.665303252637386
2013-04-09,fold_3,Eurozone debt plateau,0.0035278191789984703,1,0.003910965286195278,1,0.003910965286195278,0.2150181531906128,,,,1,39.10965286195278
2013-04-10,fold_3,Eurozone debt plateau,-0.005137662868946791,-1,-0.0019061239436268806,-1,0.0019061239436268806,0.21733415126800537,,,,1,19.061239436268806
2013-04-11,fold_3,Eurozone debt plateau,0.0013593289768323302,1,0.00455083604902029,1,0.00455083604902029,0.22287404537200928,,,,1,45.508360490202904
2013-04-12,fold_3,Eurozone debt plateau,-0.0007826905930414796,-1,-0.001178935170173645,-1,0.001178935170173645,0.22431576251983643,,,,1,11.78935170173645
2013-04-15,fold_3,Eurozone debt plateau,-0.0012742254184558988,-1,-0.0034072035923600197,-1,0.0034072035923600197,0.22848725318908691,,,,1,34.0720359236002
2013-04-16,fold_3,Eurozone debt plateau,0.008883197791874409,1,0.009501743130385876,1,0.009501743130385876,0.2401599884033203,,,,1,95.01743130385876
2013-04-17,fold_3,Eurozone debt plateau,-0.010726844891905785,-1,-0.010910171084105968,-1,0.010910171084105968,0.25369036197662354,,,,1,109.10171084105968
2013-04-18,fold_3,Eurozone debt plateau,0.00026940423413179815,1,0.0013966822298243642,1,0.0013966822298243642,0.2554413080215454,,,,1,13.966822298243642
2013-04-19,fold_3,Eurozone debt plateau,0.0007610509055666625,1,0.0001958034554263577,1,0.0001958034554263577,0.25568723678588867,,,,1,1.9580345542635769
2013-04-22,fold_3,Eurozone debt plateau,0.001981454435735941,1,0.0004571809549815953,1,0.0004571809549815953,0.25626134872436523,,,,1,4.571809549815953
2013-04-23,fold_3,Eurozone debt plateau,-0.0005720560438930988,-1,-0.005145795177668333,-1,0.005145795177668333,0.262725830078125,,,,1,51.45795177668333
2013-04-24,fold_3,Eurozone debt plateau,0.004121958278119564,1,0.0017703734338283539,1,0.0017703734338283539,0.2649613618850708,,,,1,17.70373433828354
2013-04-25,fold_3,Eurozone debt plateau,0.003551565110683441,1,-0.0007805071654729545,-1,-0.0007805071654729545,0.26397407054901123,,,,0,-7.805071654729545
2013-04-26,fold_3,Eurozone debt plateau,0.004250739701092243,1,0.0027129673399031162,1,0.0027129673399031162,0.267403244972229,,,,1,27.129673399031162
2013-04-30,fold_3,Eurozone debt plateau,0.00498519791290164,1,0.005530692171305418,1,0.005530692171305418,0.2744128704071045,,,,1,55.30692171305418
2013-05-01,fold_3,Eurozone debt plateau,0.000435430119978264,1,0.0010545552941039205,1,0.0010545552941039205,0.27575671672821045,,,,1,10.545552941039205
2013-05-02,fold_3,Eurozone debt plateau,-0.00644785026088357,-1,-0.00888423714786768,-1,0.00888423714786768,0.2870907783508301,,,,1,88.8423714786768
2013-05-07,fold_3,Eurozone debt plateau,0.0007762153982184827,1,0.0005231635295785964,1,0.0005231635295785964,0.28776419162750244,,,,1,5.2316352957859635
2013-05-08,fold_3,Eurozone debt plateau,0.0054373228922486305,1,0.00644897622987628,1,0.00644897622987628,0.2960689067840576,,,,1,64.4897622987628
2013-05-09,fold_3,Eurozone debt plateau,-0.009062154218554497,-1,-0.009645446203649044,-1,0.009645446203649044,0.30857014656066895,,,,1,96.45446203649044
2013-05-10,fold_3,Eurozone debt plateau,-0.003970228135585785,-1,-0.005302789621055126,-1,0.005302789621055126,0.31550920009613037,,,,1,53.02789621055126
2013-05-13,fold_3,Eurozone debt plateau,-0.0006394914817065,-1,0.0017533899517729878,1,-0.0017533899517729878,0.3132026195526123,,,,0,-17.53389951772988
2013-05-14,fold_3,Eurozone debt plateau,-0.003607562044635415,-1,-0.003920002840459347,-1,0.003920002840459347,0.31835031509399414,,,,1,39.20002840459347
2013-05-15,fold_3,Eurozone debt plateau,-0.003283032216131687,-1,-0.004225410986691713,-1,0.004225410986691713,0.3239208459854126,,,,1,42.25410986691713
2013-05-16,fold_3,Eurozone debt plateau,0.0009992707055062056,1,6.449774082284421e-05,1,6.449774082284421e-05,0.32400619983673096,,,,1,0.6449774082284421
2013-05-17,fold_3,Eurozone debt plateau,-0.005444571375846863,-1,-0.003696675878018141,-1,0.003696675878018141,0.3289005756378174,,,,1,36.96675878018141
2013-05-20,fold_3,Eurozone debt plateau,0.0053950767032802105,1,0.004318435210734606,1,0.004318435210734606,0.33463943004608154,,,,1,43.18435210734606
2013-05-21,fold_3,Eurozone debt plateau,-0.00044962315587326884,-1,0.002170462626963854,1,-0.002170462626963854,0.33174264430999756,,,,0,-21.70462626963854
2013-05-22,fold_3,Eurozone debt plateau,-0.004976133815944195,-1,-0.005958682391792536,-1,0.005958682391792536,0.3396780490875244,,,,1,59.58682391792536
2013-05-23,fold_3,Eurozone debt plateau,0.005411234684288502,1,0.006462528370320797,1,0.006462528370320797,0.348335862159729,,,,1,64.62528370320797
2013-05-24,fold_3,Eurozone debt plateau,0.0012630352284759283,1,0.0009831828065216541,1,0.0009831828065216541,0.34966158866882324,,,,1,9.831828065216541
2013-05-28,fold_3,Eurozone debt plateau,-0.005164544563740492,-1,-0.006770005449652672,-1,0.006770005449652672,0.3587988615036011,,,,1,67.70005449652672
2013-05-29,fold_3,Eurozone debt plateau,0.005809151567518711,1,0.007898152805864811,1,0.007898152805864811,0.36953091621398926,,,,1,78.98152805864811
2013-05-30,fold_3,Eurozone debt plateau,0.006830637808889151,1,0.007421950809657574,1,0.007421950809657574,0.3796955347061157,,,,1,74.21950809657574
2013-05-31,fold_3,Eurozone debt plateau,-0.005191412288695574,-1,-0.0036389913875609636,-1,0.0036389913875609636,0.384716272354126,,,,1,36.389913875609636
2013-06-03,fold_3,Eurozone debt plateau,0.00876821018755436,1,0.005882744211703539,1,0.005882744211703539,0.3928622007369995,,,,1,58.82744211703539
2013-06-04,fold_3,Eurozone debt plateau,-0.001510372618213296,-1,3.9302009099628776e-05,1,-3.9302009099628776e-05,0.3928074836730957,,,,0,-0.39302009099628776
2013-06-05,fold_3,Eurozone debt plateau,0.0022132827434688807,1,0.0015187669778242707,1,0.0015187669778242707,0.39492273330688477,,,,1,15.187669778242707
2013-06-06,fold_3,Eurozone debt plateau,0.008879133500158787,1,0.011629591695964336,1,0.011629591695964336,0.41114509105682373,,,,1,116.29591695964336
2013-06-07,fold_3,Eurozone debt plateau,-0.0023941867984831333,-1,-0.0016265598824247718,-1,0.0016265598824247718,0.413440465927124,,,,1,16.265598824247718
2013-06-10,fold_3,Eurozone debt plateau,0.0010093129239976406,1,0.0,1,0.0,0.413440465927124,,,,0,0.0
2013-06-11,fold_3,Eurozone debt plateau,0.005926366895437241,1,0.0,1,0.0,0.413440465927124,,,,0,0.0
2013-06-12,fold_3,Eurozone debt plateau,0.001681710360571742,1,0.008737497963011265,1,0.008737497963011265,0.42579030990600586,,,,1,87.37497963011265
2013-06-13,fold_3,Eurozone debt plateau,0.004545318894088268,1,0.002125462982803583,1,0.002125462982803583,0.4288208484649658,,,,1,21.25462982803583
2013-06-14,fold_3,Eurozone debt plateau,-0.001462195417843759,-1,-0.0014417035272344947,-1,0.0014417035272344947,0.4308807849884033,,,,1,14.417035272344947
2013-06-17,fold_3,Eurozone debt plateau,0.0018703693058341742,1,0.001082459231838584,1,0.001082459231838584,0.43242955207824707,,,,1,10.82459231838584
2013-06-18,fold_3,Eurozone debt plateau,-0.00017749924154486507,-1,0.0020085156429558992,1,-0.0020085156429558992,0.4295525550842285,,,,0,-20.085156429558992
2013-06-19,fold_3,Eurozone debt plateau,-0.008671514689922333,-1,-0.007323887664824724,-1,0.007323887664824724,0.440022349357605,,,,1,73.23887664824724
2013-06-20,fold_3,Eurozone debt plateau,-0.005675218068063259,-1,-0.004235328175127506,-1,0.004235328175127506,0.4461214542388916,,,,1,42.35328175127506
2013-06-21,fold_3,Eurozone debt plateau,-0.005474877543747425,-1,-0.009842113591730595,-1,0.009842113591730595,0.46035444736480713,,,,1,98.42113591730595
2013-06-24,fold_3,Eurozone debt plateau,-0.002789861522614956,-1,0.002061850391328335,1,-0.002061850391328335,0.4573434591293335,,,,0,-20.618503913283348
2013-06-25,fold_3,Eurozone debt plateau,-0.0013054924784228206,-1,-0.004002472851425409,-1,0.004002472851425409,0.4631763696670532,,,,1,40.02472851425409
2013-06-26,fold_3,Eurozone debt plateau,-0.004226078279316425,-1,-0.00507523724809289,-1,0.00507523724809289,0.47060227394104004,,,,1,50.7523724809289
2013-06-27,fold_3,Eurozone debt plateau,0.001126975635997951,1,0.0017338114557787776,1,0.0017338114557787776,0.47315192222595215,,,,1,17.338114557787776
2015-04-15,fold_4,Strong USD downturn,0.003837094409391284,1,0.0027866659220308065,1,0.0027866659220308065,0.0027866363525390625,,,,1,27.866659220308065
2015-04-16,fold_4,Strong USD downturn,0.00839674286544323,1,0.007378339767456055,1,0.007378339767456055,0.010185480117797852,,,,1,73.78339767456055
2015-04-17,fold_4,Strong USD downturn,-0.0017916131764650345,-1,0.0050807795487344265,1,-0.0050807795487344265,0.005052924156188965,,,,0,-50.807795487344265
2015-04-20,fold_4,Strong USD downturn,-0.004166089463979006,-1,-0.005803639534860849,-1,0.005803639534860849,0.010885834693908691,,,,1,58.036395348608494
2015-04-21,fold_4,Strong USD downturn,-0.00019536861509550363,-1,-0.0005370663129724562,-1,0.0005370663129724562,0.01142871379852295,,,,1,5.370663129724562
2015-04-22,fold_4,Strong USD downturn,-0.0003303072298876941,-1,-0.0014802230289205909,-1,0.0014802230289205909,0.012925863265991211,,,,1,14.802230289205909
2015-04-23,fold_4,Strong USD downturn,0.008197768591344357,1,0.008316786028444767,1,0.008316786028444767,0.02135014533996582,,,,1,83.16786028444767
2015-04-24,fold_4,Strong USD downturn,0.0030209822580218315,1,0.004988814238458872,1,0.004988814238458872,0.026445388793945312,,,,1,49.88814238458872
2015-04-27,fold_4,Strong USD downturn,0.0006890631630085409,1,0.0008267566445283592,1,0.0008267566445283592,0.027293920516967773,,,,1,8.267566445283592
2015-04-28,fold_4,Strong USD downturn,0.007420667912811041,1,0.0083804065361619,1,0.0083804065361619,0.035903096199035645,,,,1,83.804065361619
2015-04-30,fold_4,Strong USD downturn,0.0028125501703470945,1,0.009027745574712753,1,0.009027745574712753,0.04525494575500488,,,,1,90.27745574712753
2015-05-01,fold_4,Strong USD downturn,-0.00604433985427022,-1,-0.002561562927439809,-1,0.002561562927439809,0.04793238639831543,,,,1,25.61562927439809
2015-05-07,fold_4,Strong USD downturn,-0.007697833236306906,-1,-0.008334004320204258,-1,0.008334004320204258,0.056665897369384766,,,,1,83.34004320204258
2015-05-08,fold_4,Strong USD downturn,-0.0013583209365606308,-1,-0.004701511934399605,-1,0.004701511934399605,0.06163382530212402,,,,1,47.01511934399605
2015-05-11,fold_4,Strong USD downturn,-0.0025043722707778215,-1,-0.0044355494901537895,-1,0.0044355494901537895,0.06634271144866943,,,,1,44.355494901537895
2015-05-12,fold_4,Strong USD downturn,0.005287553649395704,1,0.006912466138601303,1,0.006912466138601303,0.07371377944946289,,,,1,69.12466138601303
2015-05-13,fold_4,Strong USD downturn,0.008632318116724491,1,0.011498061008751392,1,0.011498061008751392,0.08605945110321045,,,,1,114.98061008751392
2015-05-14,fold_4,Strong USD downturn,0.0026699795853346586,1,0.0048014628700912,1,0.0048014628700912,0.09127414226531982,,,,1,48.014628700912
2015-05-15,fold_4,Strong USD downturn,0.0021974537521600723,1,0.0035136754158884287,1,0.0035136754158884287,0.0951085090637207,,,,1,35.13675415888429
2015-05-18,fold_4,Strong USD downturn,-0.0088876998052001,-1,-0.010386107489466667,-1,0.010386107489466667,0.10648238658905029,,,,1,103.86107489466667
2015-05-19,fold_4,Strong USD downturn,-0.009307418949902058,-1,-0.015850599855184555,-1,0.015850599855184555,0.12402069568634033,,,,1,158.50599855184555
2015-05-20,fold_4,Strong USD downturn,-0.0012299674563109875,-1,-0.004118285607546568,-1,0.004118285607546568,0.12864983081817627,,,,1,41.18285607546568
2015-05-21,fold_4,Strong USD downturn,0.002674890449270606,1,0.001000001560896635,1,0.001000001560896635,0.12977850437164307,,,,1,10.00001560896635
2015-05-22,fold_4,Strong USD downturn,-0.007918210700154305,-1,-0.010696151293814182,-1,0.010696151293814182,0.1418628692626953,,,,1,106.96151293814182
2015-05-26,fold_4,Strong USD downturn,-0.008877499029040337,-1,-0.007502323482185602,-1,0.007502323482185602,0.15042948722839355,,,,1,75.02323482185602
2015-05-27,fold_4,Strong USD downturn,-6.920556188561022e-05,-1,0.0010246067540720105,1,-0.0010246067540720105,0.14925074577331543,,,,0,-10.246067540720105
2015-05-28,fold_4,Strong USD downturn,0.003650976810604334,1,0.005534912459552288,1,0.005534912459552288,0.15561175346374512,,,,1,55.34912459552288
2015-05-29,fold_4,Strong USD downturn,0.00019560600048862398,1,-0.0002191598032368347,-1,-0.0002191598032368347,0.1553584337234497,,,,0,-2.191598032368347
2015-06-01,fold_4,Strong USD downturn,-0.0037930100224912167,-1,-0.0031894471030682325,-1,0.0031894471030682325,0.15904343128204346,,,,1,31.894471030682325
2015-06-02,fold_4,Strong USD downturn,0.01098091620951891,1,0.020783551037311554,1,0.020783551037311554,0.18313241004943848,,,,1,207.83551037311554
2015-06-03,fold_4,Strong USD downturn,0.0013492248253896832,1,0.009670482017099857,1,0.009670482017099857,0.19457387924194336,,,,1,96.70482017099857
2015-06-04,fold_4,Strong USD downturn,-0.0013953663874417543,-1,-0.004438275005668402,-1,0.004438275005668402,0.19987571239471436,,,,1,44.38275005668402
2015-06-05,fold_4,Strong USD downturn,-0.008584466762840748,-1,-0.008897615596652031,-1,0.008897615596652031,0.21055185794830322,,,,1,88.97615596652031
2015-06-08,fold_4,Strong USD downturn,0.00847127940505743,1,0.015556452795863152,1,0.015556452795863152,0.2293837070465088,,,,1,155.56452795863152
2015-06-09,fold_4,Strong USD downturn,0.0002678957243915647,1,0.0016044342191889882,1,0.0016044342191889882,0.23135614395141602,,,,1,16.044342191889882
2015-06-10,fold_4,Strong USD downturn,0.005259474739432335,1,0.0011425005504861474,1,0.0011425005504861474,0.23276293277740479,,,,1,11.425005504861474
2015-06-11,fold_4,Strong USD downturn,-0.0033206529915332794,-1,-0.006306036841124296,-1,0.006306036841124296,0.24053680896759033,,,,1,63.06036841124296
2015-06-12,fold_4,Strong USD downturn,8.007545693544671e-05,1,-0.0018400050466880202,-1,-0.0018400050466880202,0.23825418949127197,,,,0,-18.400050466880202
2015-06-15,fold_4,Strong USD downturn,0.0012171814450994134,1,0.005085863173007965,1,0.005085863173007965,0.24455177783966064,,,,1,50.85863173007965
2015-06-16,fold_4,Strong USD downturn,-0.0014984927838668227,-1,-0.0031028008088469505,-1,0.0031028008088469505,0.2484133243560791,,,,1,31.028008088469505
2015-06-17,fold_4,Strong USD downturn,0.007004394195973873,1,0.011381383053958416,1,0.011381383053958416,0.26262199878692627,,,,1,113.81383053958416
2015-06-18,fold_4,Strong USD downturn,0.002287777606397867,1,6.814974767621607e-05,1,6.814974767621607e-05,0.26270806789398193,,,,1,0.6814974767621607
2015-06-19,fold_4,Strong USD downturn,-0.0007535127806477249,-1,0.0001934272440848872,1,-0.0001934272440848872,0.2624638080596924,,,,0,-1.934272440848872
2015-06-22,fold_4,Strong USD downturn,-0.002070666290819645,-1,-0.0020996162202209234,-1,0.0020996162202209234,0.26511454582214355,,,,1,20.996162202209234
2015-06-23,fold_4,Strong USD downturn,-0.010086230002343655,-1,-0.01558514405041933,-1,0.01558514405041933,0.2848316431045532,,,,1,155.8514405041933
2015-06-24,fold_4,Strong USD downturn,0.0017961050616577268,1,0.0031154805328696966,1,0.0031154805328696966,0.2888345718383789,,,,1,31.154805328696966
2015-06-25,fold_4,Strong USD downturn,0.0004910705029033124,1,-0.0003584684163797647,-1,-0.0003584684163797647,0.2883725166320801,,,,0,-3.5846841637976468
2015-06-26,fold_4,Strong USD downturn,-0.003110376186668873,-1,-0.02034766413271427,-1,0.02034766413271427,0.31458795070648193,,,,1,203.47664132714272
2015-06-29,fold_4,Strong USD downturn,0.008849718607962132,1,0.02259182743728161,1,0.02259182743728161,0.3442869186401367,,,,1,225.9182743728161
2015-06-30,fold_4,Strong USD downturn,-0.007332969922572374,-1,-0.007839072495698929,-1,0.007839072495698929,0.35482490062713623,,,,1,78.39072495698929
2015-07-01,fold_4,Strong USD downturn,-0.005394668783992529,-1,-0.009102738462388515,-1,0.009102738462388515,0.3671574592590332,,,,1,91.02738462388515
2015-07-02,fold_4,Strong USD downturn,0.0020771834533661604,1,0.004833896644413471,1,0.004833896644413471,0.3737661838531494,,,,1,48.33896644413471
2015-07-06,fold_4,Strong USD downturn,-0.0007365151541307569,-1,0.00490582687780261,1,-0.00490582687780261,0.367026686668396,,,,0,-49.058268778026104
2015-07-07,fold_4,Strong USD downturn,-0.0055402908474206924,-1,-0.003534203628078103,-1,0.003534203628078103,0.37185800075531006,,,,1,35.34203628078103
2015-07-08,fold_4,Strong USD downturn,0.004806377924978733,1,0.005546563304960728,1,0.005546563304960728,0.3794671297073364,,,,1,55.46563304960728
2015-07-09,fold_4,Strong USD downturn,-0.0035311072133481503,-1,-0.0007190668839029968,-1,0.0007190668839029968,0.3804590702056885,,,,1,7.190668839029968
2015-07-10,fold_4,Strong USD downturn,0.005636946298182011,1,0.005965179298073053,1,0.005965179298073053,0.38869380950927734,,,,1,59.651792980730534
2015-07-13,fold_4,Strong USD downturn,-0.008984120562672615,-1,-0.012452283874154091,-1,0.012452283874154091,0.4059861898422241,,,,1,124.52283874154091
2015-07-14,fold_4,Strong USD downturn,0.002378742443397641,1,0.0015961879398673773,1,0.0015961879398673773,0.40823042392730713,,,,1,15.961879398673773
2015-07-15,fold_4,Strong USD downturn,-0.004764054901897907,-1,-0.005854768678545952,-1,0.005854768678545952,0.41647517681121826,,,,1,58.54768678545952
2015-07-16,fold_4,Strong USD downturn,-0.004150544758886099,-1,-0.005257993470877409,-1,0.005257993470877409,0.42392289638519287,,,,1,52.57993470877409
2015-07-17,fold_4,Strong USD downturn,-0.0010975112672895193,-1,-0.005122730508446693,-1,0.005122730508446693,0.4312173128128052,,,,1,51.227305084466934
2015-07-21,fold_4,Strong USD downturn,0.0064199334010481834,1,0.00964904110878706,1,0.00964904110878706,0.445027232170105,,,,1,96.4904110878706
2015-07-22,fold_4,Strong USD downturn,-0.003221629187464714,-1,-0.0011801107320934534,-1,0.0011801107320934534,0.44673240184783936,,,,1,11.801107320934534
2015-07-23,fold_4,Strong USD downturn,0.00369728310033679,1,0.005670242477208376,1,0.005670242477208376,0.4549356698989868,,,,1,56.70242477208376
2015-07-24,fold_4,Strong USD downturn,-0.00166212092153728,-1,-0.0015141702024266124,-1,0.0015141702024266124,0.4571387767791748,,,,1,15.141702024266124
2015-07-27,fold_4,Strong USD downturn,0.006527145393192768,1,0.010724127292633057,1,0.010724127292633057,0.4727652072906494,,,,1,107.24127292633057
2015-07-28,fold_4,Strong USD downturn,-0.002952547976747155,-1,-0.0021689776331186295,-1,0.0021689776331186295,0.4759596586227417,,,,1,21.689776331186295
2015-07-29,fold_4,Strong USD downturn,-0.0016742816660553217,-1,-0.007403244264423847,-1,0.007403244264423847,0.4868866205215454,,,,1,74.03244264423847
2015-07-30,fold_4,Strong USD downturn,-0.0029965692665427923,-1,-0.004080268554389477,-1,0.004080268554389477,0.4929535388946533,,,,1,40.80268554389477
2015-07-31,fold_4,Strong USD downturn,0.0011139042908325791,1,0.0027202083729207516,1,0.0027202083729207516,0.49701476097106934,,,,1,27.202083729207516
2015-08-03,fold_4,Strong USD downturn,-0.0007752363453619182,-1,-0.0011831811862066388,-1,0.0011831811862066388,0.49878597259521484,,,,1,11.831811862066388
2015-08-04,fold_4,Strong USD downturn,-0.0027429277542978525,-1,-0.006119636818766594,-1,0.006119636818766594,0.507957935333252,,,,1,61.19636818766594
2015-08-05,fold_4,Strong USD downturn,0.000673625385388732,1,0.0012975219869986176,1,0.0012975219869986176,0.5099145174026489,,,,1,12.975219869986176
2015-08-06,fold_4,Strong USD downturn,0.00026199815329164267,1,0.0021963249891996384,1,0.0021963249891996384,0.5132308006286621,,,,1,21.963249891996384
2015-08-07,fold_4,Strong USD downturn,0.002042801585048437,1,0.0034758939873427153,1,0.0034758939873427153,0.5184906721115112,,,,1,34.75893987342715
2015-08-10,fold_4,Strong USD downturn,0.0026400205679237843,1,0.004737264011055231,1,0.004737264011055231,0.525684118270874,,,,1,47.37264011055231
2015-08-11,fold_4,Strong USD downturn,-0.001206546789035201,-1,0.0022746871691197157,1,-0.0022746871691197157,0.5222136974334717,,,,0,-22.746871691197157
2015-08-12,fold_4,Strong USD downturn,0.007781123276799917,1,0.010770364664494991,1,0.010770364664494991,0.5386084318161011,,,,1,107.70364664494991
2015-08-13,fold_4,Strong USD downturn,-0.0018196735763922334,-1,0.0,1,-0.0,0.5386084318161011,,,,0,-0.0
2015-08-14,fold_4,Strong USD downturn,-0.0002210121019743383,-1,-0.0060900431126356125,-1,0.0060900431126356125,0.5479786396026611,,,,1,60.900431126356125
2015-08-17,fold_4,Strong USD downturn,-0.0016356643754988909,-1,-0.0013515696628019214,-1,0.0013515696628019214,0.5500708818435669,,,,1,13.515696628019214
2015-08-18,fold_4,Strong USD downturn,-0.0007820521714165807,-1,-0.004257874097675085,-1,0.004257874097675085,0.5566709041595459,,,,1,42.57874097675085
2015-08-19,fold_4,Strong USD downturn,0.0034239385277032852,1,0.00790493655949831,1,0.00790493655949831,0.5689761638641357,,,,1,79.0493655949831
2015-08-20,fold_4,Strong USD downturn,0.004859409295022488,1,0.010697606019675732,1,0.010697606019675732,0.5857604742050171,,,,1,106.97606019675732
2015-08-21,fold_4,Strong USD downturn,0.00647237291559577,1,0.012457658536732197,1,0.012457658536732197,0.6055152416229248,,,,1,124.57658536732197
2015-08-24,fold_4,Strong USD downturn,0.0015302379615604877,1,0.018115969374775887,1,0.018115969374775887,0.6346007585525513,,,,1,181.15969374775887
2015-08-25,fold_4,Strong USD downturn,-0.00967382825911045,-1,-0.00277227396145463,-1,0.00277227396145463,0.6391323804855347,,,,1,27.7227396145463
2015-08-26,fold_4,Strong USD downturn,-0.00633810693398118,-1,-0.018257446587085724,-1,0.018257446587085724,0.6690587997436523,,,,1,182.57446587085724
2015-08-27,fold_4,Strong USD downturn,-0.005277300253510475,-1,-0.008121015504002571,-1,0.008121015504002571,0.6826132535934448,,,,1,81.21015504002571
2015-08-28,fold_4,Strong USD downturn,-0.003936836961656809,-1,-0.0030165945645421743,-1,0.0030165945645421743,0.6876890659332275,,,,1,30.165945645421743
2015-08-31,fold_4,Strong USD downturn,0.0008914450299926102,1,0.001055276719853282,1,0.001055276719853282,0.6894699335098267,,,,1,10.55276719853282
2015-09-01,fold_4,Strong USD downturn,0.004000022541731596,1,0.006019366439431906,1,0.006019366439431906,0.6996394395828247,,,,1,60.19366439431906
2015-09-02,fold_4,Strong USD downturn,-0.0027710977010428905,-1,-0.006853028200566769,-1,0.006853028200566769,0.7112870216369629,,,,1,68.53028200566769
2015-09-03,fold_4,Strong USD downturn,-0.0042398301884531975,-1,-0.008032885380089283,-1,0.008032885380089283,0.7250336408615112,,,,1,80.32885380089283
2015-09-04,fold_4,Strong USD downturn,0.0025793013628572226,1,0.002341874875128269,1,0.002341874875128269,0.7290734052658081,,,,1,23.418748751282692
2015-09-08,fold_4,Strong USD downturn,0.0027364015113562346,1,0.0038888398557901382,1,0.0038888398557901382,0.7357975244522095,,,,1,38.88839855790138
2015-09-09,fold_4,Strong USD downturn,-0.0017875467892736197,-1,0.0011893943883478642,1,-0.0011893943883478642,0.7337329387664795,,,,0,-11.893943883478642
2015-09-10,fold_4,Strong USD downturn,0.004334824625402689,1,0.006255229003727436,1,0.006255229003727436,0.7445778846740723,,,,1,62.55229003727436
2015-09-11,fold_4,Strong USD downturn,0.0027318457141518593,1,0.004707816056907177,1,0.004707816056907177,0.7527910470962524,,,,1,47.07816056907177
2015-09-14,fold_4,Strong USD downturn,-0.0013765307376161218,-1,-0.003211408853530884,-1,0.003211408853530884,0.7584198713302612,,,,1,32.11408853530884
2015-09-15,fold_4,Strong USD downturn,-0.0022593969479203224,-1,-0.0031674618367105722,-1,0.0031674618367105722,0.7639896869659424,,,,1,31.674618367105722
2015-09-16,fold_4,Strong USD downturn,0.00204942817799747,1,0.0017954690847545862,1,0.0017954690847545862,0.767156720161438,,,,1,17.954690847545862
2015-09-17,fold_4,Strong USD downturn,0.006502099335193634,1,0.00964523945003748,1,0.00964523945003748,0.7842013835906982,,,,1,96.4523945003748
2015-09-18,fold_4,Strong USD downturn,-0.003769285511225462,-1,-0.009553097188472748,-1,0.009553097188472748,0.8012460470199585,,,,1,95.53097188472748
2015-09-24,fold_4,Strong USD downturn,0.0010705712484195828,1,-0.0009837218094617128,-1,-0.0009837218094617128,0.7994741201400757,,,,0,-9.837218094617128
2015-09-25,fold_4,Strong USD downturn,-0.0021596362348645926,-1,0.0020386953838169575,1,-0.0020386953838169575,0.7958054542541504,,,,0,-20.386953838169575
2015-09-28,fold_4,Strong USD downturn,0.0013975489418953657,1,0.0026168806944042444,1,0.0026168806944042444,0.8005049228668213,,,,1,26.168806944042444
2015-09-29,fold_4,Strong USD downturn,0.0013781874440610409,1,0.002217428293079138,1,0.002217428293079138,0.8044973611831665,,,,1,22.174282930791378
2015-09-30,fold_4,Strong USD downturn,-0.0038681214209645987,-1,-0.007451786659657955,-1,0.007451786659657955,0.8179440498352051,,,,1,74.51786659657955
2015-10-01,fold_4,Strong USD downturn,0.002506856108084321,1,0.0019140391377732158,1,0.0019140391377732158,0.8214236497879028,,,,1,19.140391377732158
2015-10-02,fold_4,Strong USD downturn,0.0030391989275813103,1,0.002997632836923003,1,0.002997632836923003,0.8268836736679077,,,,1,29.976328369230032
2015-10-05,fold_4,Strong USD downturn,-0.00278869247995317,-1,-0.0028323756996542215,-1,0.0028323756996542215,0.8320581912994385,,,,1,28.323756996542215
2015-10-06,fold_4,Strong USD downturn,0.005369052290916443,1,0.006501608993858099,1,0.006501608993858099,0.843969464302063,,,,1,65.01608993858099
2015-10-07,fold_4,Strong USD downturn,-0.0005311009008437395,-1,-0.0024840589612722397,-1,0.0024840589612722397,0.8485500812530518,,,,1,24.840589612722397
2015-10-08,fold_4,Strong USD downturn,0.001957349944859743,1,0.004176144953817129,1,0.004176144953817129,0.8562698364257812,,,,1,41.76144953817129
2015-10-09,fold_4,Strong USD downturn,0.0038880694191902876,1,0.007356438785791397,1,0.007356438785791397,0.8699252605438232,,,,1,73.56438785791397
2015-10-13,fold_4,Strong USD downturn,0.00033630727557465434,1,0.0025958227925002575,1,0.0025958227925002575,0.874779224395752,,,,1,25.958227925002575
2015-10-14,fold_4,Strong USD downturn,0.006526544690132141,1,0.007952532730996609,1,0.007952532730996609,0.8896884918212891,,,,1,79.52532730996609
2015-10-15,fold_4,Strong USD downturn,-0.004010370932519436,-1,-0.009355970658361912,-1,0.009355970658361912,0.9073684215545654,,,,1,93.55970658361912
2015-10-16,fold_4,Strong USD downturn,-0.0007004066719673574,-1,-0.0006248753634281456,-1,0.0006248753634281456,0.9085602760314941,,,,1,6.2487536342814565
2015-10-19,fold_4,Strong USD downturn,-0.003956320695579052,-1,-0.002820884808897972,-1,0.002820884808897972,0.9139440059661865,,,,1,28.20884808897972
2015-10-20,fold_4,Strong USD downturn,0.0013275662204250693,1,0.002202671719714999,1,0.002202671719714999,0.9181597232818604,,,,1,22.026717197149992
2015-10-21,fold_4,Strong USD downturn,-0.002520956564694643,-1,-0.0005220280727371573,-1,0.0005220280727371573,0.9191610813140869,,,,1,5.2202807273715734
2015-10-22,fold_4,Strong USD downturn,-0.009681888855993748,-1,-0.023535992950201035,-1,0.023535992950201035,0.9643304347991943,,,,1,235.35992950201035
2015-10-23,fold_4,Strong USD downturn,-0.005750120151787996,-1,-0.005466054193675518,-1,0.005466054193675518,0.9750676155090332,,,,1,54.66054193675518
2015-10-26,fold_4,Strong USD downturn,0.0022823212202638388,1,0.004138649441301823,1,0.004138649441301823,0.9832417964935303,,,,1,41.38649441301823
2015-10-27,fold_4,Strong USD downturn,-0.00047477486077696085,-1,-0.002615799428895116,-1,0.002615799428895116,0.9884295463562012,,,,1,26.15799428895116
2015-10-28,fold_4,Strong USD downturn,-0.005832246039062738,-1,-0.00979236513376236,-1,0.00979236513376236,1.0079009532928467,,,,1,97.9236513376236
2015-10-29,fold_4,Strong USD downturn,0.0054039377719163895,1,0.005936706904321909,1,0.005936706904321909,1.0198214054107666,,,,1,59.36706904321909
2015-10-30,fold_4,Strong USD downturn,0.002102596452459693,1,0.0029219379648566246,1,0.0029219379648566246,1.0257232189178467,,,,1,29.219379648566246
2015-11-02,fold_4,Strong USD downturn,8.368261478608474e-05,1,-0.0009033163660205901,-1,-0.0009033163660205901,1.0238933563232422,,,,0,-9.0331636602059
2015-11-04,fold_4,Strong USD downturn,-0.0056168814189732075,-1,-0.008748723194003105,-1,0.008748723194003105,1.041599988937378,,,,1,87.48723194003105
2015-11-05,fold_4,Strong USD downturn,0.0003683315881062299,1,0.0014692713739350438,1,0.0014692713739350438,1.0445995330810547,,,,1,14.692713739350438
2015-11-06,fold_4,Strong USD downturn,-0.008798069320619106,-1,-0.013835355639457703,-1,0.013835355639457703,1.0728871822357178,,,,1,138.35355639457703
2015-11-09,fold_4,Strong USD downturn,0.0013770939549431205,1,0.0024317402858287096,1,0.0024317402858287096,1.077927827835083,,,,1,24.317402858287096
2015-11-10,fold_4,Strong USD downturn,-0.002561617409810424,-1,-0.002040166174992919,-1,0.002040166174992919,1.082167148590088,,,,1,20.40166174992919
2015-11-11,fold_4,Strong USD downturn,0.0021970230154693127,1,0.0023678515572100878,1,0.0023678515572100878,1.087097406387329,,,,1,23.678515572100878
2015-11-12,fold_4,Strong USD downturn,0.0017855273326858878,1,0.004834278021007776,1,0.004834278021007776,1.0971870422363281,,,,1,48.34278021007776
2015-11-13,fold_4,Strong USD downturn,-0.003203134983778,-1,-0.01063578575849533,-1,0.01063578575849533,1.1194920539855957,,,,1,106.35785758495331
2015-11-16,fold_4,Strong USD downturn,-0.0013287717010825872,-1,-0.0011222391622141004,-1,0.0011222391622141004,1.121870517730713,,,,1,11.222391622141004
2015-11-17,fold_4,Strong USD downturn,-0.0011376215843483806,-1,-0.004129724111407995,-1,0.004129724111407995,1.1306333541870117,,,,1,41.29724111407995
2015-11-18,fold_4,Strong USD downturn,0.0008106973255053163,1,0.0024539949372410774,1,0.0024539949372410774,1.135862112045288,,,,1,24.539949372410774
2015-11-19,fold_4,Strong USD downturn,0.004212208557873964,1,0.005266564432531595,1,0.005266564432531595,1.1471107006072998,,,,1,52.66564432531595
2015-11-20,fold_4,Strong USD downturn,-0.004070112947374582,-1,-0.007938201539218426,-1,0.007938201539218426,1.1641547679901123,,,,1,79.38201539218426
2015-11-24,fold_4,Strong USD downturn,0.0013448629761114717,1,0.00017037845100276172,1,0.00017037845100276172,1.1645233631134033,,,,1,1.7037845100276172
2015-11-25,fold_4,Strong USD downturn,-0.0021863810252398252,-1,-0.0017743892967700958,-1,0.0017743892967700958,1.1683640480041504,,,,1,17.74389296770096
2015-11-27,fold_4,Strong USD downturn,-0.0013953049201518297,-1,-0.002021322725340724,-1,0.002021322725340724,1.1727468967437744,,,,1,20.21322725340724
2015-11-30,fold_4,Strong USD downturn,-0.0009480770095251501,-1,-0.0009516000864095986,-1,0.0009516000864095986,1.1748147010803223,,,,1,9.516000864095986
2015-12-01,fold_4,Strong USD downturn,0.0023094704374670982,1,0.0050048306584358215,1,0.0050048306584358215,1.185699462890625,,,,1,50.048306584358215
2015-12-02,fold_4,Strong USD downturn,-0.0021296581253409386,-1,-0.0012098338920623064,-1,0.0012098338920623064,1.1883437633514404,,,,1,12.098338920623064
2015-12-03,fold_4,Strong USD downturn,0.00575219327583909,1,0.02854517288506031,1,0.02854517288506031,1.2508103847503662,,,,1,285.4517288506031
2015-12-04,fold_4,Strong USD downturn,-0.006345369853079319,-1,-0.0029278246220201254,-1,0.0029278246220201254,1.2574002742767334,,,,1,29.278246220201254
2015-12-07,fold_4,Strong USD downturn,-0.0025521914940327406,-1,-0.004593567457050085,-1,0.004593567457050085,1.2677698135375977,,,,1,45.93567457050085
2015-12-08,fold_4,Strong USD downturn,0.0006508425576612353,1,0.005534087773412466,1,0.005534087773412466,1.2803196907043457,,,,1,55.34087773412466
2015-12-09,fold_4,Strong USD downturn,0.005915272049605846,1,0.011381609365344048,1,0.011381609365344048,1.3062734603881836,,,,1,113.81609365344048
2015-12-10,fold_4,Strong USD downturn,-0.003764914581552148,-1,-0.006338960491120815,-1,0.006338960491120815,1.3208928108215332,,,,1,63.38960491120815
2015-12-11,fold_4,Strong USD downturn,0.002108518499881029,1,0.0032732149120420218,1,0.0032732149120420218,1.3284897804260254,,,,1,32.73214912042022
2015-12-14,fold_4,Strong USD downturn,-0.00023682345636188984,-1,0.0008245063363574445,1,-0.0008245063363574445,1.3265700340270996,,,,0,-8.245063363574445
2015-12-15,fold_4,Strong USD downturn,-0.0038304035551846027,-1,-0.005162013694643974,-1,0.005162013694643974,1.3385798931121826,,,,1,51.62013694643974
2015-12-16,fold_4,Strong USD downturn,0.002178540686145425,1,-0.005643780343234539,-1,-0.005643780343234539,1.3253815174102783,,,,0,-56.43780343234539
2015-12-17,fold_4,Strong USD downturn,-0.006060084793716669,-1,-0.002797894412651658,-1,0.002797894412651658,1.3318874835968018,,,,1,27.97894412651658
2015-12-18,fold_4,Strong USD downturn,0.0030547347851097584,1,0.0023806451354175806,1,0.0023806451354175806,1.3374388217926025,,,,1,23.806451354175806
2015-12-21,fold_4,Strong USD downturn,0.0018677824409678578,1,0.003961352631449699,1,0.003961352631449699,1.34669828414917,,,,1,39.613526314496994
2015-12-22,fold_4,Strong USD downturn,0.001382236834615469,1,0.003394516184926033,1,0.003394516184926033,1.3546640872955322,,,,1,33.94516184926033
2015-12-24,fold_4,Strong USD downturn,0.0023232095409184694,1,0.00557277537882328,1,0.00557277537882328,1.367786169052124,,,,1,55.7277537882328
2015-12-28,fold_4,Strong USD downturn,0.0006830879137851298,1,0.0008450971217826009,1,0.0008450971217826009,1.3697872161865234,,,,1,8.450971217826009
2015-12-29,fold_4,Strong USD downturn,-0.000854829850140959,-1,-0.004305660724639893,-1,0.004305660724639893,1.379990577697754,,,,1,43.056607246398926
2019-01-18,fold_5,Low-vol plateau,-0.002710375003516674,-1,-0.002375367796048522,-1,0.002375367796048522,0.002375364303588867,,,,1,23.75367796048522
2019-01-22,fold_5,Low-vol plateau,0.000330914044752717,1,-0.0004659610567614436,-1,-0.0004659610567614436,0.0019083023071289062,,,,0,-4.659610567614436
2019-01-23,fold_5,Low-vol plateau,0.0023121449630707502,1,0.002129587111994624,1,0.002129587111994624,0.004041910171508789,,,,1,21.29587111994624
2019-01-24,fold_5,Low-vol plateau,-0.004712788853794336,-1,-0.006561825051903725,-1,0.006561825051903725,0.010630249977111816,,,,1,65.61825051903725
2019-01-25,fold_5,Low-vol plateau,0.008047319948673248,1,0.0087994784116745,1,0.0087994784116745,0.019523262977600098,,,,1,87.994784116745
2019-01-28,fold_5,Low-vol plateau,-0.0002737963804975152,-1,0.0014859054936096072,1,-0.0014859054936096072,0.01800835132598877,,,,0,-14.859054936096072
2019-01-29,fold_5,Low-vol plateau,-0.00039407450822182,-1,0.0004688061017077416,1,-0.0004688061017077416,0.017531156539916992,,,,0,-4.688061017077416
2019-01-30,fold_5,Low-vol plateau,0.005148138850927353,1,0.004572131671011448,1,0.004572131671011448,0.02218341827392578,,,,1,45.72131671011448
2019-01-31,fold_5,Low-vol plateau,-0.002641216618940234,-1,-0.0033203826751559973,-1,0.0033203826751559973,0.025577425956726074,,,,1,33.20382675155997
2019-02-01,fold_5,Low-vol plateau,0.0003529817040544003,1,0.0005040323012508452,1,0.0005040323012508452,0.02609431743621826,,,,1,5.040323012508452
2019-02-04,fold_5,Low-vol plateau,-0.0027572910767048597,-1,-0.0016581708332523704,-1,0.0016581708332523704,0.027795791625976562,,,,1,16.581708332523704
2019-02-05,fold_5,Low-vol plateau,-0.002116848947480321,-1,-0.002304801717400551,-1,0.002304801717400551,0.030164599418640137,,,,1,23.04801717400551
2019-02-06,fold_5,Low-vol plateau,-0.003058501984924078,-1,-0.003853170434013009,-1,0.003853170434013009,0.03413403034210205,,,,1,38.53170434013009
2019-02-07,fold_5,Low-vol plateau,-0.0006959766033105552,-1,-0.002392479684203863,-1,0.002392479684203863,0.036608219146728516,,,,1,23.92479684203863
2019-02-08,fold_5,Low-vol plateau,-0.0007085062679834664,-1,-0.0012795890215784311,-1,0.0012795890215784311,0.03793466091156006,,,,1,12.795890215784311
2019-02-12,fold_5,Low-vol plateau,0.003833550726994872,1,0.004930588882416487,1,0.004930588882416487,0.0430523157119751,,,,1,49.30588882416487
2019-02-13,fold_5,Low-vol plateau,-0.004210721701383591,-1,-0.006150586996227503,-1,0.006150586996227503,0.04946768283843994,,,,1,61.50586996227503
2019-02-14,fold_5,Low-vol plateau,0.0021615936420857906,1,0.0026995516382157803,1,0.0026995516382157803,0.05230069160461426,,,,1,26.995516382157803
2019-02-15,fold_5,Low-vol plateau,0.0006977504235692322,1,0.0002372502494836226,1,0.0002372502494836226,0.052550315856933594,,,,1,2.372502494836226
2019-02-19,fold_5,Low-vol plateau,0.00397935975342989,1,0.002744921250268817,1,0.002744921250268817,0.05543947219848633,,,,1,27.44921250268817
2019-02-20,fold_5,Low-vol plateau,0.0007346886559389532,1,0.0002950014313682914,1,0.0002950014313682914,0.05575084686279297,,,,1,2.950014313682914
2019-02-21,fold_5,Low-vol plateau,-0.001288083498366177,-1,-0.0002949144400190562,-1,0.0002949144400190562,0.05606222152709961,,,,1,2.949144400190562
2019-02-22,fold_5,Low-vol plateau,0.0015277117490768433,1,-6.799641414545476e-05,-1,-6.799641414545476e-05,0.05599045753479004,,,,0,-0.6799641414545476
2019-02-25,fold_5,Low-vol plateau,0.0011718219611793756,1,0.0022280586417764425,1,0.0022280586417764425,0.05834317207336426,,,,1,22.280586417764425
2019-02-26,fold_5,Low-vol plateau,0.003927319776266813,1,0.0022558243945240974,1,0.0022558243945240974,0.060730576515197754,,,,1,22.558243945240974
2019-02-27,fold_5,Low-vol plateau,-0.0011450703023001552,-1,-0.001137981773354113,-1,0.001137981773354113,0.061937689781188965,,,,1,11.379817733541131
2019-02-28,fold_5,Low-vol plateau,-5.736350067309104e-05,-1,-0.000591427437029779,-1,0.000591427437029779,0.06256568431854248,,,,1,5.91427437029779
2019-03-01,fold_5,Low-vol plateau,-0.003325203899294138,-1,0.00021612558339256793,1,-0.00021612558339256793,0.062336087226867676,,,,0,-2.1612558339256793
2019-03-04,fold_5,Low-vol plateau,-0.0014439958613365889,-1,-0.0033898816909641027,-1,0.0033898816909641027,0.06593728065490723,,,,1,33.89881690964103
2019-03-05,fold_5,Low-vol plateau,-0.0008248315425589681,-1,-0.0026684298645704985,-1,0.0026684298645704985,0.06878161430358887,,,,1,26.684298645704985
2019-03-06,fold_5,Low-vol plateau,-0.0002213798143202439,-1,0.0006109592504799366,1,-0.0006109592504799366,0.06812858581542969,,,,0,-6.109592504799366
2019-03-07,fold_5,Low-vol plateau,-0.006783373188227415,-1,-0.010224131867289543,-1,0.010224131867289543,0.07904922962188721,,,,1,102.24131867289543
2019-03-08,fold_5,Low-vol plateau,0.003653766820207238,1,0.0030440150294452906,1,0.0030440150294452906,0.08233392238616943,,,,1,30.440150294452906
2019-03-11,fold_5,Low-vol plateau,0.0016066640382632613,1,0.00238696183077991,1,0.00238696183077991,0.08491742610931396,,,,1,23.8696183077991
2019-03-12,fold_5,Low-vol plateau,0.0027509713545441628,1,0.0025057890452444553,1,0.0025057890452444553,0.08763599395751953,,,,1,25.057890452444553
2019-03-13,fold_5,Low-vol plateau,0.0034812050871551037,1,0.0038639309350401163,1,0.0038639309350401163,0.09183859825134277,,,,1,38.63930935040116
2019-03-14,fold_5,Low-vol plateau,-0.00232247868552804,-1,-0.002001645043492317,-1,0.002001645043492317,0.09402406215667725,,,,1,20.016450434923172
2019-03-15,fold_5,Low-vol plateau,0.0023658403661102057,1,0.0010074680903926492,1,0.0010074680903926492,0.09512627124786377,,,,1,10.074680903926492
2019-03-18,fold_5,Low-vol plateau,0.0008805567631497979,1,0.0014510758919641376,1,0.0014510758919641376,0.09671545028686523,,,,1,14.510758919641376
2019-03-19,fold_5,Low-vol plateau,0.0016705417074263096,1,0.001646355027332902,1,0.001646355027332902,0.09852111339569092,,,,1,16.46355027332902
2019-03-20,fold_5,Low-vol plateau,0.005575534421950579,1,0.006434020586311817,1,0.006434020586311817,0.10558891296386719,,,,1,64.34020586311817
2019-03-22,fold_5,Low-vol plateau,-0.001165140187367797,-1,-0.0069582522846758366,-1,0.0069582522846758366,0.11328184604644775,,,,1,69.58252284675837
2019-03-25,fold_5,Low-vol plateau,0.0013590194284915924,1,0.0017652605893090367,1,0.0017652605893090367,0.11524701118469238,,,,1,17.652605893090367
2019-03-26,fold_5,Low-vol plateau,-0.0011953392531722784,-1,-0.003619218012318015,-1,0.003619218012318015,0.11928331851959229,,,,1,36.19218012318015
2019-03-27,fold_5,Low-vol plateau,-0.0003606029786169529,-1,-0.0020477843936532736,-1,0.0020477843936532736,0.12157535552978516,,,,1,20.477843936532736
2019-03-28,fold_5,Low-vol plateau,-0.003499974263831973,-1,-0.0019316303078085184,-1,0.0019316303078085184,0.12374186515808105,,,,1,19.316303078085184
2019-03-29,fold_5,Low-vol plateau,-0.0002692257985472679,-1,-0.0005498689133673906,-1,0.0005498689133673906,0.1243598461151123,,,,1,5.498689133673906
2019-04-01,fold_5,Low-vol plateau,0.0005742288776673377,1,-0.0016136592021211982,-1,-0.0016136592021211982,0.12254548072814941,,,,0,-16.13659202121198
2019-04-02,fold_5,Low-vol plateau,-0.0008689590031281114,-1,-0.0001680841378401965,-1,0.0001680841378401965,0.1227341890335083,,,,1,1.680841378401965
2019-04-03,fold_5,Low-vol plateau,0.0030719100032001734,1,0.003846475388854742,1,0.003846475388854742,0.12705278396606445,,,,1,38.46475388854742
2019-04-04,fold_5,Low-vol plateau,-0.002085886662825942,-1,-0.0018746902933344245,-1,0.0018746902933344245,0.1291656494140625,,,,1,18.746902933344245
2019-04-05,fold_5,Low-vol plateau,-0.00025870813988149166,-1,-0.0005610103835351765,-1,0.0005610103835351765,0.12979912757873535,,,,1,5.610103835351765
2019-04-08,fold_5,Low-vol plateau,0.003466468770056963,1,0.003286882070824504,1,0.003286882070824504,0.13351261615753174,,,,1,32.86882070824504
2019-04-09,fold_5,Low-vol plateau,0.00014043865667190403,1,0.000935124815441668,1,0.000935124815441668,0.13457250595092773,,,,1,9.35124815441668
2019-04-10,fold_5,Low-vol plateau,0.001099283923394978,1,0.0008457988151349127,1,0.0008457988151349127,0.13553214073181152,,,,1,8.457988151349127
2019-04-11,fold_5,Low-vol plateau,-0.0020084467250853777,-1,-0.0013963867677375674,-1,0.0013963867677375674,0.13711786270141602,,,,1,13.963867677375674
2019-04-12,fold_5,Low-vol plateau,0.002545436378568411,1,0.003934172447770834,1,0.003934172447770834,0.14159142971038818,,,,1,39.34172447770834
2019-04-15,fold_5,Low-vol plateau,0.00028751217178069055,1,-1.1282911145826802e-05,-1,-1.1282911145826802e-05,0.1415785551071167,,,,0,-0.11282911145826802
2019-04-16,fold_5,Low-vol plateau,-0.0005328370025381446,-1,-0.001760470331646502,-1,0.001760470331646502,0.14358830451965332,,,,1,17.60470331646502
2019-04-17,fold_5,Low-vol plateau,0.0007730320212431252,1,0.0010732508962973952,1,0.0010732508962973952,0.14481568336486816,,,,1,10.732508962973952
2019-04-18,fold_5,Low-vol plateau,-0.003953217528760433,-1,-0.005415794439613819,-1,0.005415794439613819,0.1510157585144043,,,,1,54.15794439613819
2019-04-22,fold_5,Low-vol plateau,0.002046761102974415,1,0.0012835260713472962,1,0.0012835260713472962,0.15249311923980713,,,,1,12.835260713472962
2019-04-23,fold_5,Low-vol plateau,-0.0027641979977488518,-1,-0.0030754762701690197,-1,0.0030754762701690197,0.1560375690460205,,,,1,30.754762701690197
2019-04-24,fold_5,Low-vol plateau,-0.004496950190514326,-1,-0.006312881130725145,-1,0.006312881130725145,0.16333544254302979,,,,1,63.12881130725145
2019-04-25,fold_5,Low-vol plateau,-0.00023699950543232262,-1,-0.0014923748094588518,-1,0.0014923748094588518,0.16507160663604736,,,,1,14.923748094588518
2019-04-26,fold_5,Low-vol plateau,0.0022581915836781263,1,0.0012043117312714458,1,0.0012043117312714458,0.16647469997406006,,,,1,12.043117312714458
2019-05-07,fold_5,Low-vol plateau,-0.0010097307385876775,-1,-0.0009624563390389085,-1,0.0009624563390389085,0.16759741306304932,,,,1,9.624563390389085
2019-05-08,fold_5,Low-vol plateau,0.00036759881186299026,1,0.0006494636763818562,1,0.0006494636763818562,0.16835570335388184,,,,1,6.494636763818562
2019-05-09,fold_5,Low-vol plateau,0.0028262948617339134,1,0.0021209637634456158,1,0.0021209637634456158,0.17083370685577393,,,,1,21.209637634456158
2019-05-10,fold_5,Low-vol plateau,0.00037625068216584623,1,0.0012809962499886751,1,0.0012809962499886751,0.17233359813690186,,,,1,12.809962499886751
2019-05-13,fold_5,Low-vol plateau,-0.0006159714539535344,-1,-0.00034819229040294886,-1,0.00034819229040294886,0.17274177074432373,,,,1,3.4819229040294886
2019-05-14,fold_5,Low-vol plateau,-0.0015482540475204587,-1,-0.002498582238331437,-1,0.002498582238331437,0.17567205429077148,,,,1,24.98582238331437
2019-05-15,fold_5,Low-vol plateau,-0.0001442258944734931,-1,0.0002465155557729304,1,-0.0002465155557729304,0.17538225650787354,,,,0,-2.465155557729304
2019-05-16,fold_5,Low-vol plateau,-0.002700885059311986,-1,-0.00300564244389534,-1,0.00300564244389534,0.17891502380371094,,,,1,30.0564244389534
2019-05-17,fold_5,Low-vol plateau,-0.0014493815833702683,-1,-0.0007370057865045965,-1,0.0007370057865045965,0.17978382110595703,,,,1,7.370057865045965
2019-05-20,fold_5,Low-vol plateau,0.0006311903707683086,1,0.00029040739173069596,1,0.00029040739173069596,0.18012642860412598,,,,1,2.9040739173069596
2019-05-21,fold_5,Low-vol plateau,-0.0007781816530041397,-1,-0.0011713255662471056,-1,0.0011713255662471056,0.18150877952575684,,,,1,11.713255662471056
2019-05-23,fold_5,Low-vol plateau,0.0023708483204245567,1,0.002606033580377698,1,0.002606033580377698,0.18458783626556396,,,,1,26.06033580377698
2019-05-24,fold_5,Low-vol plateau,0.002452041255310178,1,0.002241884358227253,1,0.002241884358227253,0.18724346160888672,,,,1,22.41884358227253
2019-05-28,fold_5,Low-vol plateau,-0.003832870861515403,-1,-0.002066653920337558,-1,0.002066653920337558,0.1896970272064209,,,,1,20.666539203375578
2019-05-29,fold_5,Low-vol plateau,-0.0013842378975823522,-1,-0.0029847442638128996,-1,0.0029847442638128996,0.19324803352355957,,,,1,29.847442638128996
2019-05-30,fold_5,Low-vol plateau,0.0003208391717635095,1,-0.0005565853207372129,-1,-0.0005565853207372129,0.19258391857147217,,,,0,-5.565853207372129
2019-05-31,fold_5,Low-vol plateau,0.0032798650208860636,1,0.003855000250041485,1,0.003855000250041485,0.1971813440322876,,,,1,38.55000250041485
2019-06-03,fold_5,Low-vol plateau,0.005327257793396711,1,0.006466649007052183,1,0.006466649007052183,0.20492303371429443,,,,1,64.66649007052183
2019-06-04,fold_5,Low-vol plateau,0.0005032696644775569,1,0.0006865524337626994,1,0.0006865524337626994,0.2057502269744873,,,,1,6.865524337626994
2019-06-05,fold_5,Low-vol plateau,-0.003282955614849925,-1,-0.002223382471129298,-1,0.002223382471129298,0.20843100547790527,,,,1,22.233824711292982
2019-06-06,fold_5,Low-vol plateau,0.0031630839221179485,1,0.004228744190186262,1,0.004228744190186262,0.2135411500930786,,,,1,42.28744190186262
2019-06-07,fold_5,Low-vol plateau,0.0038971351459622383,1,0.003871487220749259,1,0.003871487220749259,0.21823930740356445,,,,1,38.71487220749259
2019-06-10,fold_5,Low-vol plateau,-0.0013588155852630734,-1,-0.00018112821271643043,-1,0.00018112821271643043,0.21845996379852295,,,,1,1.8112821271643043
2019-06-11,fold_5,Low-vol plateau,0.0010189189342781901,1,0.001008287537842989,1,0.001008287537842989,0.2196885347366333,,,,1,10.08287537842989
2019-06-12,fold_5,Low-vol plateau,-0.0031459236051887274,-1,-0.002993301022797823,-1,0.002993301022797823,0.22333943843841553,,,,1,29.93301022797823
2019-06-13,fold_5,Low-vol plateau,0.00020010366279166192,1,-0.0013423121999949217,-1,-0.0013423121999949217,0.22169733047485352,,,,0,-13.423121999949217
2019-06-14,fold_5,Low-vol plateau,-0.004973164759576321,-1,-0.005619735922664404,-1,0.005619735922664404,0.22856295108795166,,,,1,56.19735922664404
2019-06-17,fold_5,Low-vol plateau,0.0003164195513818413,1,0.0006733588525094092,1,0.0006733588525094092,0.22939026355743408,,,,1,6.733588525094092
2019-06-18,fold_5,Low-vol plateau,-0.0003582719073165208,-1,-0.0023515592329204082,-1,0.0023515592329204082,0.23228120803833008,,,,1,23.515592329204082
2019-06-19,fold_5,Low-vol plateau,0.005086029879748821,1,0.003596331924200058,1,0.003596331924200058,0.23671281337738037,,,,1,35.96331924200058
2019-06-20,fold_5,Low-vol plateau,0.004384404513984919,1,0.005082990508526564,1,0.005082990508526564,0.24299895763397217,,,,1,50.829905085265636
2019-06-21,fold_5,Low-vol plateau,0.00391125725582242,1,0.007889659143984318,1,0.007889659143984318,0.2528057098388672,,,,1,78.89659143984318
2019-06-24,fold_5,Low-vol plateau,0.0021475604735314846,1,0.0013679296243935823,1,0.0013679296243935823,0.2545194625854492,,,,1,13.679296243935823
2019-06-25,fold_5,Low-vol plateau,-0.0018781011458486319,-1,-0.0026604935992509127,-1,0.0026604935992509127,0.257857084274292,,,,1,26.604935992509127
2019-06-26,fold_5,Low-vol plateau,-0.00017821029177866876,-1,0.00042085087625309825,1,-0.00042085087625309825,0.257327675819397,,,,0,-4.2085087625309825
2019-06-27,fold_5,Low-vol plateau,0.00047773655387572944,1,-0.0001591937179910019,-1,-0.0001591937179910019,0.2571275234222412,,,,0,-1.591937179910019
2019-06-28,fold_5,Low-vol plateau,0.0008455935749225318,1,-0.00070458889240399,-1,-0.00070458889240399,0.2562417984008789,,,,0,-7.0458889240399
2019-07-01,fold_5,Low-vol plateau,-0.005426468793302774,-1,-0.0068176812492311,-1,0.0068176812492311,0.26480650901794434,,,,1,68.176812492311
2019-07-02,fold_5,Low-vol plateau,0.0017141710268333554,1,0.0004969057627022266,1,0.0004969057627022266,0.26543498039245605,,,,1,4.969057627022266
2019-07-03,fold_5,Low-vol plateau,-0.00026937248185276985,-1,-0.00045158492866903543,-1,0.00045158492866903543,0.26600635051727295,,,,1,4.515849286690354
2019-07-05,fold_5,Low-vol plateau,-0.004568685777485371,-1,-0.005175866652280092,-1,0.005175866652280092,0.27255892753601074,,,,1,51.75866652280092
2019-07-08,fold_5,Low-vol plateau,-0.0008860970265232027,-1,-0.0010094279423356056,-1,0.0010094279423356056,0.27384352684020996,,,,1,10.094279423356056
2019-07-09,fold_5,Low-vol plateau,-0.0005778208724223077,-1,-0.0006948888185434043,-1,0.0006948888185434043,0.2747286558151245,,,,1,6.948888185434043
2019-07-10,fold_5,Low-vol plateau,0.0039816005155444145,1,0.004514812957495451,1,0.004514812957495451,0.28048384189605713,,,,1,45.14812957495451
2019-07-11,fold_5,Low-vol plateau,0.0002602525055408478,1,-0.0005738722975365818,-1,-0.0005738722975365818,0.2797490358352661,,,,0,-5.7387229753658175
2019-07-12,fold_5,Low-vol plateau,0.002948522102087736,1,0.001747183850966394,1,0.001747183850966394,0.28198492527008057,,,,1,17.47183850966394
2019-07-16,fold_5,Low-vol plateau,-0.0042875418439507484,-1,-0.004395125899463892,-1,0.004395125899463892,0.2876194715499878,,,,1,43.95125899463892
2019-07-17,fold_5,Low-vol plateau,0.0019172815373167396,1,0.0015496194828301668,1,0.0015496194828301668,0.28961479663848877,,,,1,15.496194828301668
2019-07-18,fold_5,Low-vol plateau,0.004291640128940344,1,0.0028379710856825113,1,0.0028379710856825113,0.29327476024627686,,,,1,28.379710856825113
2019-07-19,fold_5,Low-vol plateau,-0.004241717979311943,-1,-0.003836731193587184,-1,0.003836731193587184,0.2982367277145386,,,,1,38.36731193587184
2019-07-22,fold_5,Low-vol plateau,-0.0004338259168434888,-1,-0.0010869659017771482,-1,0.0010869659017771482,0.29964780807495117,,,,1,10.869659017771482
2019-07-23,fold_5,Low-vol plateau,-0.0039680046029388905,-1,-0.004895445425063372,-1,0.004895445425063372,0.3060101270675659,,,,1,48.95445425063372
2019-07-24,fold_5,Low-vol plateau,9.227160262526013e-06,1,-0.0007910756976343691,-1,-0.0007910756976343691,0.3049769401550293,,,,0,-7.910756976343691
2019-07-25,fold_5,Low-vol plateau,-0.0010807369835674763,-1,0.0003343336284160614,1,-0.0003343336284160614,0.30454063415527344,,,,0,-3.343336284160614
2019-07-26,fold_5,Low-vol plateau,-0.0013049348490312696,-1,-0.0012578507885336876,-1,0.0012578507885336876,0.3061816692352295,,,,1,12.578507885336876
2019-07-29,fold_5,Low-vol plateau,-0.00019717900431714952,-1,0.000980583718046546,1,-0.000980583718046546,0.3049008846282959,,,,0,-9.80583718046546
2019-07-30,fold_5,Low-vol plateau,3.2598909456282854e-05,1,0.0013388646766543388,1,0.0013388646766543388,0.3066478967666626,,,,1,13.388646766543388
2019-07-31,fold_5,Low-vol plateau,-0.004572686739265919,-1,-0.007728002034127712,-1,0.007728002034127712,0.3167456388473511,,,,1,77.28002034127712
2019-08-01,fold_5,Low-vol plateau,0.0018706703558564186,1,0.0006425735191442072,1,0.0006425735191442072,0.31759166717529297,,,,1,6.425735191442072
2019-08-02,fold_5,Low-vol plateau,0.002792396117001772,1,0.0026325583457946777,1,0.0026325583457946777,0.3210604190826416,,,,1,26.325583457946777
2019-08-05,fold_5,Low-vol plateau,0.005101512186229229,1,0.012222036719322205,1,0.012222036719322205,0.33720648288726807,,,,1,122.22036719322205
2019-08-06,fold_5,Low-vol plateau,-0.0016358238644897938,-1,-0.003272486152127385,-1,0.003272486152127385,0.3415825366973877,,,,1,32.72486152127385
2019-08-07,fold_5,Low-vol plateau,0.0013075047172605991,1,-0.0002352914452785626,-1,-0.0002352914452785626,0.3412668704986572,,,,0,-2.352914452785626
2019-08-08,fold_5,Low-vol plateau,-0.000428923376603052,-1,-0.0015326269203796983,-1,0.0015326269203796983,0.34332263469696045,,,,1,15.326269203796983
2019-08-09,fold_5,Low-vol plateau,0.0009484507027082145,1,0.0019053779542446136,1,0.0019053779542446136,0.3458820581436157,,,,1,19.053779542446136
2019-08-13,fold_5,Low-vol plateau,-0.004016418941318989,-1,-0.0036772366147488356,-1,0.0036772366147488356,0.35083115100860596,,,,1,36.772366147488356
2019-08-14,fold_5,Low-vol plateau,-0.0015847429167479277,-1,-0.003019839758053422,-1,0.003019839758053422,0.35491037368774414,,,,1,30.19839758053422
2019-08-15,fold_5,Low-vol plateau,-0.0007417610031552613,-1,-0.0026672929525375366,-1,0.0026672929525375366,0.3585243225097656,,,,1,26.672929525375366
2019-08-16,fold_5,Low-vol plateau,0.00014835338515695184,1,-0.0017750132828950882,-1,-0.0017750132828950882,0.3561129570007324,,,,0,-17.750132828950882
2019-08-19,fold_5,Low-vol plateau,-0.0019030775874853134,-1,-0.0009641959914006293,-1,0.0009641959914006293,0.3574204444885254,,,,1,9.641959914006293
2019-08-20,fold_5,Low-vol plateau,0.001519503421150148,1,0.001320609007962048,1,0.001320609007962048,0.35921311378479004,,,,1,13.20609007962048
2019-08-21,fold_5,Low-vol plateau,-0.0007618893287144601,-1,-0.0006321496912278235,-1,0.0006321496912278235,0.36007237434387207,,,,1,6.321496912278235
2019-08-22,fold_5,Low-vol plateau,0.0016193515621125698,1,-0.0006096552242524922,-1,-0.0006096552242524922,0.3592432737350464,,,,0,-6.096552242524922
2019-08-23,fold_5,Low-vol plateau,0.004898384213447571,1,0.005326444748789072,1,0.005326444748789072,0.36648309230804443,,,,1,53.26444748789072
2019-08-26,fold_5,Low-vol plateau,-0.004018998239189386,-1,-0.0035310082603245974,-1,0.0035310082603245974,0.3713080883026123,,,,1,35.310082603245974
2019-08-27,fold_5,Low-vol plateau,0.0011402311502024531,1,-0.0012309884186834097,-1,-0.0012309884186834097,0.3696199655532837,,,,0,-12.309884186834097
2019-08-28,fold_5,Low-vol plateau,-0.0016456490848213434,-1,-0.0003769751638174057,-1,0.0003769751638174057,0.3701362609863281,,,,1,3.769751638174057
2019-08-29,fold_5,Low-vol plateau,-0.003147526178508997,-1,-0.0021569994278252125,-1,0.0021569994278252125,0.37309157848358154,,,,1,21.569994278252125
2019-08-30,fold_5,Low-vol plateau,-0.0037034039851278067,-1,-0.0063423048704862595,-1,0.0063423048704862595,0.38180017471313477,,,,1,63.423048704862595
2019-09-03,fold_5,Low-vol plateau,-0.0006239389185793698,-1,0.0005487410235218704,1,-0.0005487410235218704,0.3810420036315918,,,,0,-5.487410235218704
2019-09-04,fold_5,Low-vol plateau,0.005190594587475061,1,0.005506451241672039,1,0.005506451241672039,0.38864660263061523,,,,1,55.06451241672039
2019-09-05,fold_5,Low-vol plateau,0.0004979403456673026,1,0.0001214242001879029,1,0.0001214242001879029,0.3888152837753296,,,,1,1.214242001879029
2019-09-06,fold_5,Low-vol plateau,0.00034539634361863136,1,-0.0014217004645615816,-1,-0.0014217004645615816,0.3868408203125,,,,0,-14.217004645615816
2019-09-09,fold_5,Low-vol plateau,0.001699576387181878,1,0.002519046887755394,1,0.002519046887755394,0.39033424854278564,,,,1,25.19046887755394
2019-09-10,fold_5,Low-vol plateau,-0.0004946038825437427,-1,0.00017673612455837429,1,-0.00017673612455837429,0.3900885581970215,,,,0,-1.7673612455837429
2019-09-11,fold_5,Low-vol plateau,-0.0031014929991215467,-1,-0.003337112022563815,-1,0.003337112022563815,0.3947274684906006,,,,1,33.37112022563815
2019-09-12,fold_5,Low-vol plateau,0.0041627525351941586,1,0.004069486167281866,1,0.004069486167281866,0.4004032611846924,,,,1,40.69486167281866
2019-09-13,fold_5,Low-vol plateau,0.0005414311890490353,1,0.0022721209097653627,1,0.0022721209097653627,0.40358519554138184,,,,1,22.721209097653627
2019-09-17,fold_5,Low-vol plateau,0.004599373787641525,1,0.00624600937590003,1,0.00624600937590003,0.41235196590423584,,,,1,62.4600937590003
2019-09-18,fold_5,Low-vol plateau,-0.003761856583878398,-1,-0.003905115881934762,-1,0.003905115881934762,0.4178673028945923,,,,1,39.05115881934762
2019-09-19,fold_5,Low-vol plateau,0.0037548746913671494,1,0.001546817016787827,1,0.001546817016787827,0.42006051540374756,,,,1,15.46817016787827
2019-09-20,fold_5,Low-vol plateau,-0.0026909466832876205,-1,-0.0026665497571229935,-1,0.0026665497571229935,0.4238471984863281,,,,1,26.665497571229935
2019-09-24,fold_5,Low-vol plateau,0.0027000943664461374,1,0.002104161074385047,1,0.002104161074385047,0.42684316635131836,,,,1,21.04161074385047
2019-09-25,fold_5,Low-vol plateau,-0.005596727132797241,-1,-0.005804941989481449,-1,0.005804941989481449,0.43512582778930664,,,,1,58.04941989481449
2019-09-26,fold_5,Low-vol plateau,-0.0012140355538576841,-1,-0.0027526237536221743,-1,0.0027526237536221743,0.43907618522644043,,,,1,27.526237536221743
2019-09-27,fold_5,Low-vol plateau,0.0011308890534564853,1,0.0018274149624630809,1,0.0018274149624630809,0.44170594215393066,,,,1,18.27414962463081
2022-01-19,fold_6,EUR crisis downturn,0.002419488737359643,1,0.0012138050515204668,1,0.0012138050515204668,0.0012137889862060547,,,,1,12.138050515204668
2022-01-20,fold_6,EUR crisis downturn,-0.0023996636737138033,-1,-0.002613516291603446,-1,0.002613516291603446,0.003830552101135254,,,,1,26.13516291603446
2022-01-21,fold_6,EUR crisis downturn,0.0011846976121887565,1,0.0024497758131474257,1,0.0024497758131474257,0.00628972053527832,,,,1,24.497758131474257
2022-01-24,fold_6,EUR crisis downturn,-0.0031886219512671232,-1,-0.0015288135036826134,-1,0.0015288135036826134,0.007828235626220703,,,,1,15.288135036826134
2022-01-25,fold_6,EUR crisis downturn,-0.0006387651665136218,-1,-0.0017295886063948274,-1,0.0017295886063948274,0.009571433067321777,,,,1,17.295886063948274
2022-01-26,fold_6,EUR crisis downturn,-0.0049013737589120865,-1,-0.005396849941462278,-1,0.005396849941462278,0.015019893646240234,,,,1,53.968499414622784
2022-01-27,fold_6,EUR crisis downturn,-0.006588122341781855,-1,-0.008583232760429382,-1,0.008583232760429382,0.02373194694519043,,,,1,85.83232760429382
2022-01-28,fold_6,EUR crisis downturn,0.0004299210850149393,1,0.000479530863231048,1,0.000479530863231048,0.024222850799560547,,,,1,4.79530863231048
2022-01-31,fold_6,EUR crisis downturn,0.007263232953846455,1,0.0069287000223994255,1,0.0069287000223994255,0.031319379806518555,,,,1,69.28700022399426
2022-02-01,fold_6,EUR crisis downturn,0.0013599030207842588,1,0.0039458139799535275,1,0.0039458139799535275,0.035388827323913574,,,,1,39.458139799535275
2022-02-02,fold_6,EUR crisis downturn,0.004270609933882952,1,0.0023053139448165894,1,0.0023053139448165894,0.037775635719299316,,,,1,23.053139448165894
2022-02-03,fold_6,EUR crisis downturn,0.00508288387209177,1,0.012018885463476181,1,0.012018885463476181,0.05024862289428711,,,,1,120.18885463476181
2022-02-04,fold_6,EUR crisis downturn,-0.0015010482165962458,-1,0.001695401151664555,1,-0.001695401151664555,0.04846799373626709,,,,0,-16.95401151664555
2022-02-07,fold_6,EUR crisis downturn,0.0006598466425202787,1,-0.0010641802800819278,-1,-0.0010641802800819278,0.04735219478607178,,,,0,-10.641802800819278
2022-02-08,fold_6,EUR crisis downturn,-0.002178488066419959,-1,-0.0018959172302857041,-1,0.0018959172302857041,0.04933786392211914,,,,1,18.95917230285704
2022-02-09,fold_6,EUR crisis downturn,0.0019136330811306834,1,2.275372389703989e-05,1,2.275372389703989e-05,0.0493617057800293,,,,1,0.2275372389703989
2022-02-10,fold_6,EUR crisis downturn,-0.0009224204695783556,-1,-0.0005249936948530376,-1,0.0005249936948530376,0.04991257190704346,,,,1,5.249936948530376
2022-02-14,fold_6,EUR crisis downturn,-0.003209303366020322,-1,-0.005166933406144381,-1,0.005166933406144381,0.05533730983734131,,,,1,51.669334061443806
2022-02-15,fold_6,EUR crisis downturn,0.004368748050183058,1,0.00446309894323349,1,0.00446309894323349,0.06004738807678223,,,,1,44.6309894323349
2022-02-16,fold_6,EUR crisis downturn,0.002863988745957613,1,0.0016266792081296444,1,0.0016266792081296444,0.06177175045013428,,,,1,16.266792081296444
2022-02-17,fold_6,EUR crisis downturn,-0.0014929212629795074,-1,-0.0007728770724497736,-1,0.0007728770724497736,0.0625922679901123,,,,1,7.7287707244977355
2022-02-18,fold_6,EUR crisis downturn,-0.002253346610814333,-1,-0.004334500525146723,-1,0.004334500525146723,0.06719803810119629,,,,1,43.34500525146723
2022-02-22,fold_6,EUR crisis downturn,-0.00020087504526600242,-1,0.001721999142318964,1,-0.001721999142318964,0.06536030769348145,,,,0,-17.21999142318964
2022-02-24,fold_6,EUR crisis downturn,-0.009623324498534203,-1,-0.010172287933528423,-1,0.010172287933528423,0.07619738578796387,,,,1,101.72287933528423
2022-02-25,fold_6,EUR crisis downturn,0.005729861557483673,1,-0.0008610449731349945,-1,-0.0008610449731349945,0.07527077198028564,,,,0,-8.610449731349945
2022-02-28,fold_6,EUR crisis downturn,-0.0005894787609577179,-1,0.00311812711879611,1,-0.00311812711879611,0.07191801071166992,,,,0,-31.1812711879611
2022-03-01,fold_6,EUR crisis downturn,-0.00694186519831419,-1,-0.007414391729980707,-1,0.007414391729980707,0.07986557483673096,,,,1,74.14391729980707
2022-03-02,fold_6,EUR crisis downturn,0.0011851935414597392,1,-0.0018336334032937884,-1,-0.0018336334032937884,0.07788550853729248,,,,0,-18.336334032937884
2022-03-03,fold_6,EUR crisis downturn,-0.004496077541261911,-1,-0.004094634670764208,-1,0.004094634670764208,0.08229899406433105,,,,1,40.94634670764208
2022-03-04,fold_6,EUR crisis downturn,-0.009091431275010109,-1,-0.017377527430653572,-1,0.017377527430653572,0.10110664367675781,,,,1,173.77527430653572
2022-03-07,fold_6,EUR crisis downturn,-0.005792367272078991,-1,-0.0008476009825244546,-1,0.0008476009825244546,0.10203993320465088,,,,1,8.476009825244546
2022-03-08,fold_6,EUR crisis downturn,0.002946421504020691,1,0.0030297928024083376,1,0.0030297928024083376,0.10537886619567871,,,,1,30.297928024083376
2022-03-09,fold_6,EUR crisis downturn,0.010546870529651642,1,0.01611238159239292,1,0.01611238159239292,0.12318909168243408,,,,1,161.12381592392921
2022-03-10,fold_6,EUR crisis downturn,-0.008661793544888496,-1,-0.005407776217907667,-1,0.005407776217907667,0.1292630434036255,,,,1,54.07776217907667
2022-03-11,fold_6,EUR crisis downturn,-0.005864112637937069,-1,-0.007433895952999592,-1,0.007433895952999592,0.13765788078308105,,,,1,74.33895952999592
2022-03-14,fold_6,EUR crisis downturn,0.0006367728346958756,1,0.001017721719108522,1,0.001017721719108522,0.13881564140319824,,,,1,10.17721719108522
2022-03-15,fold_6,EUR crisis downturn,0.0005040945252403617,1,0.0023914421908557415,1,0.0023914421908557415,0.1415390968322754,,,,1,23.914421908557415
2022-03-16,fold_6,EUR crisis downturn,0.006804373115301132,1,0.004794404376298189,1,0.004794404376298189,0.14701199531555176,,,,1,47.94404376298189
2022-03-17,fold_6,EUR crisis downturn,0.003727006958797574,1,0.007037183735519648,1,0.007037183735519648,0.15508365631103516,,,,1,70.37183735519648
2022-03-18,fold_6,EUR crisis downturn,-0.0019173437030985951,-1,-0.005079824943095446,-1,0.005079824943095446,0.1609513759613037,,,,1,50.798249430954456
2022-03-22,fold_6,EUR crisis downturn,0.0005639243172481656,1,0.0011360200587660074,1,0.0011360200587660074,0.16227030754089355,,,,1,11.360200587660074
2022-03-23,fold_6,EUR crisis downturn,-0.0015877247788012028,-1,-0.0021242026705294847,-1,0.0021242026705294847,0.16473913192749023,,,,1,21.242026705294847
2022-03-24,fold_6,EUR crisis downturn,-0.0006825433229096234,-1,0.00029731090762652457,1,-0.00029731090762652457,0.16439282894134521,,,,0,-2.9731090762652457
2022-03-25,fold_6,EUR crisis downturn,2.506001510482747e-05,1,-0.00251486012712121,-1,-0.00251486012712121,0.16146457195281982,,,,0,-25.1486012712121
2022-03-28,fold_6,EUR crisis downturn,-0.0029355508740991354,-1,0.001088330172933638,1,-0.001088330172933638,0.16020047664642334,,,,0,-10.883301729336381
2022-03-29,fold_6,EUR crisis downturn,0.007765031885355711,1,0.008884331211447716,1,0.008884331211447716,0.1705080270767212,,,,1,88.84331211447716
2022-03-30,fold_6,EUR crisis downturn,0.004641490988433361,1,0.006339906714856625,1,0.006339906714856625,0.17792892456054688,,,,1,63.399067148566246
2022-03-31,fold_6,EUR crisis downturn,-0.005911928601562977,-1,-0.00801636092364788,-1,0.00801636092364788,0.1873716115951538,,,,1,80.1636092364788
2022-04-01,fold_6,EUR crisis downturn,-0.0025389562360942364,-1,-0.0022647094447165728,-1,0.0022647094447165728,0.19006073474884033,,,,1,22.647094447165728
2022-04-04,fold_6,EUR crisis downturn,-0.0033404596615582705,-1,-0.006464783102273941,-1,0.006464783102273941,0.19775426387786865,,,,1,64.64783102273941
2022-04-05,fold_6,EUR crisis downturn,-0.004242474213242531,-1,-0.006325795315206051,-1,0.006325795315206051,0.20533108711242676,,,,1,63.25795315206051
2022-04-06,fold_6,EUR crisis downturn,-0.0002788560523185879,-1,-0.0007518871570937335,-1,0.0007518871570937335,0.2062373161315918,,,,1,7.5188715709373355
2022-04-07,fold_6,EUR crisis downturn,-0.0004142494290135801,-1,-0.0030639569740742445,-1,0.0030639569740742445,0.20993316173553467,,,,1,30.639569740742445
2022-04-08,fold_6,EUR crisis downturn,8.496602822560817e-05,1,0.0018505415646359324,1,0.0018505415646359324,0.21217215061187744,,,,1,18.505415646359324
2022-04-11,fold_6,EUR crisis downturn,-0.001177096040919423,-1,-0.0006418824777938426,-1,0.0006418824777938426,0.21295034885406494,,,,1,6.4188247779384255
2022-04-12,fold_6,EUR crisis downturn,-0.003215782344341278,-1,-0.004763457924127579,-1,0.004763457924127579,0.2187281847000122,,,,1,47.63457924127579
2022-04-13,fold_6,EUR crisis downturn,0.004757924471050501,1,0.00650522205978632,1,0.00650522205978632,0.22665631771087646,,,,1,65.0522205978632
2022-04-14,fold_6,EUR crisis downturn,-0.005810133181512356,-1,-0.0069362265057861805,-1,0.0069362265057861805,0.23516464233398438,,,,1,69.3622650578618
2022-04-18,fold_6,EUR crisis downturn,-0.0038677488919347525,-1,-0.0030944086611270905,-1,0.0030944086611270905,0.23898673057556152,,,,1,30.944086611270905
2022-04-19,fold_6,EUR crisis downturn,-0.0006251817103475332,-1,0.0011765266535803676,1,-0.0011765266535803676,0.23752903938293457,,,,0,-11.765266535803676
2022-04-20,fold_6,EUR crisis downturn,0.00563927972689271,1,0.005132047925144434,1,0.005132047925144434,0.24388015270233154,,,,1,51.32047925144434
2022-04-21,fold_6,EUR crisis downturn,-0.00205681542865932,-1,-0.0013543874956667423,-1,0.0013543874956667423,0.24556481838226318,,,,1,13.543874956667423
2022-04-22,fold_6,EUR crisis downturn,-0.0055298348888754845,-1,-0.0022270376794040203,-1,0.0022270376794040203,0.24833881855010986,,,,1,22.270376794040203
2022-04-25,fold_6,EUR crisis downturn,-0.00468839704990387,-1,-0.008957143872976303,-1,0.008957143872976303,0.25952041149139404,,,,1,89.57143872976303
2022-04-26,fold_6,EUR crisis downturn,-0.004785578232258558,-1,-0.006588426884263754,-1,0.006588426884263754,0.2678186893463135,,,,1,65.88426884263754
2022-04-27,fold_6,EUR crisis downturn,-0.005093377083539963,-1,-0.008317396976053715,-1,0.008317396976053715,0.27836358547210693,,,,1,83.17396976053715
2022-04-28,fold_6,EUR crisis downturn,-0.004658989142626524,-1,-0.004821411799639463,-1,0.004821411799639463,0.284527063369751,,,,1,48.214117996394634
2022-05-02,fold_6,EUR crisis downturn,-0.005912662949413061,-1,-0.002553798258304596,-1,0.002553798258304596,0.2878074645996094,,,,1,25.53798258304596
2022-05-06,fold_6,EUR crisis downturn,0.0013974393950775266,1,-0.0007161782123148441,-1,-0.0007161782123148441,0.286885142326355,,,,0,-7.161782123148441
2022-05-09,fold_6,EUR crisis downturn,0.00016619538655504584,1,0.003190816380083561,1,0.003190816380083561,0.2909914255142212,,,,1,31.90816380083561
2022-05-10,fold_6,EUR crisis downturn,-0.0024065703619271517,-1,-0.0031072180718183517,-1,0.0031072180718183517,0.295002818107605,,,,1,31.072180718183517
2022-05-11,fold_6,EUR crisis downturn,0.0009709901642054319,1,-0.0019448387902230024,-1,-0.0019448387902230024,0.2924842834472656,,,,0,-19.448387902230024
2022-05-12,fold_6,EUR crisis downturn,-0.007752697914838791,-1,-0.0126422718167305,-1,0.0126422718167305,0.30882418155670166,,,,1,126.42271816730499
2022-05-13,fold_6,EUR crisis downturn,0.004137616604566574,1,0.002028132788836956,1,0.002028132788836956,0.3114786148071289,,,,1,20.28132788836956
2022-05-16,fold_6,EUR crisis downturn,0.002986898412927985,1,0.003684947732836008,1,0.003684947732836008,0.3163113594055176,,,,1,36.84947732836008
2022-05-17,fold_6,EUR crisis downturn,0.0073941233567893505,1,0.01043185405433178,1,0.01043185405433178,0.3300429582595825,,,,1,104.3185405433178
2022-05-18,fold_6,EUR crisis downturn,-0.005376843735575676,-1,-0.007121461909264326,-1,0.007121461909264326,0.33951473236083984,,,,1,71.21461909264326
2022-05-19,fold_6,EUR crisis downturn,0.009329981170594692,1,0.010145164094865322,1,0.010145164094865322,0.3531043529510498,,,,1,101.45164094865322
2022-05-20,fold_6,EUR crisis downturn,-0.004676826298236847,-1,-0.000866660091560334,-1,0.000866660091560334,0.35427701473236084,,,,1,8.66660091560334
2022-05-23,fold_6,EUR crisis downturn,0.007950954139232635,1,0.010617928579449654,1,0.010617928579449654,0.36865663528442383,,,,1,106.17928579449654
2022-05-24,fold_6,EUR crisis downturn,0.0009087184444069862,1,0.005099795293062925,1,0.005099795293062925,0.3756364583969116,,,,1,50.99795293062925
2022-05-25,fold_6,EUR crisis downturn,-0.0019353133393451571,-1,-0.004648668225854635,-1,0.004648668225854635,0.38203132152557373,,,,1,46.48668225854635
2022-05-26,fold_6,EUR crisis downturn,0.0025614032056182623,1,0.004336175508797169,1,0.004336175508797169,0.3880239725112915,,,,1,43.36175508797169
2022-05-27,fold_6,EUR crisis downturn,0.000961989804636687,1,-0.0001395020226482302,-1,-0.0001395020226482302,0.38783037662506104,,,,0,-1.395020226482302
2022-05-31,fold_6,EUR crisis downturn,-0.0013925285311415792,-1,-0.0036603042390197515,-1,0.0036603042390197515,0.3929102420806885,,,,1,36.603042390197515
2022-06-01,fold_6,EUR crisis downturn,-0.005832265596836805,-1,-0.007447231560945511,-1,0.007447231560945511,0.40328359603881836,,,,1,74.47231560945511
2022-06-02,fold_6,EUR crisis downturn,0.007635525427758694,1,0.009095413610339165,1,0.009095413610339165,0.4160470962524414,,,,1,90.95413610339165
2022-06-03,fold_6,EUR crisis downturn,-0.004505680873990059,-1,-0.0023275099229067564,-1,0.0023275099229067564,0.4193429946899414,,,,1,23.275099229067564
2022-06-06,fold_6,EUR crisis downturn,-0.0028202543035149574,-1,-0.003228839486837387,-1,0.003228839486837387,0.4239257574081421,,,,1,32.28839486837387
2022-06-07,fold_6,EUR crisis downturn,0.0016140614170581102,1,0.0006740176468156278,1,0.0006740176468156278,0.42488551139831543,,,,1,6.740176468156278
2022-06-08,fold_6,EUR crisis downturn,-0.00228191539645195,-1,0.0017791216960176826,1,-0.0017791216960176826,0.4223504066467285,,,,0,-17.791216960176826
2022-06-09,fold_6,EUR crisis downturn,-0.006061443593353033,-1,-0.009185684844851494,-1,0.009185684844851494,0.4354156255722046,,,,1,91.85684844851494
2022-06-10,fold_6,EUR crisis downturn,-0.00701743783429265,-1,-0.012168340384960175,-1,0.012168340384960175,0.45288217067718506,,,,1,121.68340384960175
2022-06-13,fold_6,EUR crisis downturn,-0.00636698491871357,-1,-0.0071343835443258286,-1,0.0071343835443258286,0.4632476568222046,,,,1,71.34383544325829
2022-06-14,fold_6,EUR crisis downturn,-0.003622479969635606,-1,0.0024430977646261454,1,-0.0024430977646261454,0.45967280864715576,,,,0,-24.430977646261454
2022-06-15,fold_6,EUR crisis downturn,0.003640261245891452,1,0.0014952836791053414,1,0.0014952836791053414,0.461855411529541,,,,1,14.952836791053414
2022-06-16,fold_6,EUR crisis downturn,0.008448679000139236,1,0.00866952445358038,1,0.00866952445358038,0.4745289087295532,,,,1,86.6952445358038
2022-06-17,fold_6,EUR crisis downturn,-0.007799803279340267,-1,-0.005256267264485359,-1,0.005256267264485359,0.4822794198989868,,,,1,52.56267264485359
2022-06-21,fold_6,EUR crisis downturn,0.0022558157797902822,1,0.001126965624280274,1,0.001126965624280274,0.4839498996734619,,,,1,11.26965624280274
2022-06-22,fold_6,EUR crisis downturn,0.0025378267746418715,1,0.0029896728228777647,1,0.0029896728228777647,0.4883863925933838,,,,1,29.896728228777647
2022-06-23,fold_6,EUR crisis downturn,-0.0020588261540979147,-1,-0.004165956750512123,-1,0.004165956750512123,0.4945870637893677,,,,1,41.65956750512123
2022-06-24,fold_6,EUR crisis downturn,0.00308501860126853,1,0.004374321084469557,1,0.004374321084469557,0.5011247396469116,,,,1,43.74321084469557
2022-06-27,fold_6,EUR crisis downturn,0.0017544361762702465,1,0.0013967370614409447,1,0.0013967370614409447,0.5032215118408203,,,,1,13.967370614409447
2022-06-28,fold_6,EUR crisis downturn,-0.0055629787966609,-1,-0.0054197353310883045,-1,0.0054197353310883045,0.5113685131072998,,,,1,54.197353310883045
2022-06-29,fold_6,EUR crisis downturn,-0.004655421711504459,-1,-0.007312588859349489,-1,0.007312588859349489,0.5224204063415527,,,,1,73.12588859349489
2022-06-30,fold_6,EUR crisis downturn,0.0039855907671153545,1,0.0029757271986454725,1,0.0029757271986454725,0.5269507169723511,,,,1,29.757271986454725
2022-07-01,fold_6,EUR crisis downturn,-0.004072293173521757,-1,-0.0041735912673175335,-1,0.0041735912673175335,0.5333236455917358,,,,1,41.735912673175335
2022-07-05,fold_6,EUR crisis downturn,-0.01161943655461073,-1,-0.01682257279753685,-1,0.01682257279753685,0.5591181516647339,,,,1,168.2257279753685
2022-07-06,fold_6,EUR crisis downturn,-0.004788994323462248,-1,-0.006947201211005449,-1,0.006947201211005449,0.5699496269226074,,,,1,69.4720121100545
2022-07-07,fold_6,EUR crisis downturn,0.0005054489593021572,1,-0.0016271539498120546,-1,-0.0016271539498120546,0.5673950910568237,,,,0,-16.271539498120546
2022-07-08,fold_6,EUR crisis downturn,0.0017258359584957361,1,-0.0003659561334643513,-1,-0.0003659561334643513,0.5668214559555054,,,,0,-3.659561334643513
2022-07-11,fold_6,EUR crisis downturn,-0.0067419977858662605,-1,-0.01166516449302435,-1,0.01166516449302435,0.5850986242294312,,,,1,116.65164493024349
2022-07-12,fold_6,EUR crisis downturn,-0.00013018296158406883,-1,-0.0014347791438922286,-1,0.0014347791438922286,0.587372899055481,,,,1,14.347791438922286
2022-07-13,fold_6,EUR crisis downturn,0.0013098720228299499,1,-4.015977538074367e-05,-1,-4.015977538074367e-05,0.5873091220855713,,,,0,-0.4015977538074367
2022-07-14,fold_6,EUR crisis downturn,-0.005184050649404526,-1,-0.0007017548778094351,-1,0.0007017548778094351,0.5884230136871338,,,,1,7.017548778094351
2022-07-15,fold_6,EUR crisis downturn,0.005128924269229174,1,0.007047208957374096,1,0.007047208957374096,0.5996168851852417,,,,1,70.47208957374096
2022-07-19,fold_6,EUR crisis downturn,0.006224503740668297,1,0.008491970598697662,1,0.008491970598697662,0.6132007837295532,,,,1,84.91970598697662
2022-07-20,fold_6,EUR crisis downturn,-0.0044429418630898,-1,-0.004745147656649351,-1,0.004745147656649351,0.6208555698394775,,,,1,47.45147656649351
2022-07-21,fold_6,EUR crisis downturn,0.0021859407424926758,1,0.00376132526434958,1,0.00376132526434958,0.626952052116394,,,,1,37.6132526434958
2022-07-22,fold_6,EUR crisis downturn,0.0013065692037343979,1,-0.002039989223703742,-1,-0.002039989223703742,0.6236331462860107,,,,0,-20.39989223703742
2022-07-25,fold_6,EUR crisis downturn,0.002920500934123993,1,0.0024232829455286264,1,0.0024232829455286264,0.6275676488876343,,,,1,24.232829455286264
2022-07-26,fold_6,EUR crisis downturn,-0.006676642224192619,-1,-0.009329265914857388,-1,0.009329265914857388,0.6427516937255859,,,,1,93.29265914857388
2022-07-27,fold_6,EUR crisis downturn,0.0072622220031917095,1,0.007871334441006184,1,0.007871334441006184,0.6556824445724487,,,,1,78.71334441006184
2022-07-28,fold_6,EUR crisis downturn,0.0007488576811738312,1,-0.0016614561900496483,-1,-0.0016614561900496483,0.6529315710067749,,,,0,-16.614561900496483
2022-07-29,fold_6,EUR crisis downturn,0.004581604152917862,1,0.001561881392262876,1,0.001561881392262876,0.6555132865905762,,,,1,15.61881392262876
2022-08-01,fold_6,EUR crisis downturn,0.003949528560042381,1,0.005202550906687975,1,0.005202550906687975,0.6641261577606201,,,,1,52.02550906687975
2022-08-02,fold_6,EUR crisis downturn,-0.006618271116167307,-1,-0.010297809727489948,-1,0.010297809727489948,0.6812629699707031,,,,1,102.97809727489948
2022-08-03,fold_6,EUR crisis downturn,-0.0015174571890383959,-1,0.00019285830785520375,1,-0.00019285830785520375,0.680938720703125,,,,0,-1.9285830785520375
2022-08-04,fold_6,EUR crisis downturn,0.007479418069124222,1,0.008874700404703617,1,0.008874700404703617,0.6958564519882202,,,,1,88.74700404703617
2022-08-05,fold_6,EUR crisis downturn,-0.007457065396010876,-1,-0.007506103254854679,-1,0.007506103254854679,0.7085857391357422,,,,1,75.06103254854679
2022-08-08,fold_6,EUR crisis downturn,0.002112181391566992,1,0.002630935749039054,1,0.002630935749039054,0.713080883026123,,,,1,26.30935749039054
2022-08-09,fold_6,EUR crisis downturn,0.00021744043624494225,1,0.001031049294397235,1,0.001031049294397235,0.7148470878601074,,,,1,10.31049294397235
2022-08-10,fold_6,EUR crisis downturn,0.01012754999101162,1,0.00907498225569725,1,0.00907498225569725,0.7304091453552246,,,,1,90.7498225569725
2022-08-12,fold_6,EUR crisis downturn,-0.0049058557488024235,-1,-0.005846230313181877,-1,0.005846230313181877,0.7405256032943726,,,,1,58.46230313181877
2022-08-15,fold_6,EUR crisis downturn,-0.006102197337895632,-1,-0.009206736460328102,-1,0.009206736460328102,0.7565501928329468,,,,1,92.06736460328102
2022-08-16,fold_6,EUR crisis downturn,0.001100466470234096,1,0.0008543621515855193,1,0.0008543621515855193,0.7580509185791016,,,,1,8.543621515855193
2022-08-17,fold_6,EUR crisis downturn,-0.0007614995120093226,-1,0.000936616794206202,1,-0.000936616794206202,0.7564042806625366,,,,0,-9.36616794206202
2022-08-18,fold_6,EUR crisis downturn,-0.006311716511845589,-1,-0.00886909943073988,-1,0.00886909943073988,0.771981954574585,,,,1,88.6909943073988
2022-08-19,fold_6,EUR crisis downturn,-0.005489954724907875,-1,-0.005418936721980572,-1,0.005418936721980572,0.7815841436386108,,,,1,54.18936721980572
2022-08-22,fold_6,EUR crisis downturn,-0.006654181983321905,-1,-0.009541994892060757,-1,0.009541994892060757,0.798583984375,,,,1,95.41994892060757
2022-08-23,fold_6,EUR crisis downturn,0.004697790369391441,1,0.0027609101962298155,1,0.0027609101962298155,0.8035496473312378,,,,1,27.609101962298155
2022-08-24,fold_6,EUR crisis downturn,-0.0005138518754392862,-1,0.00021929587819613516,1,-0.00021929587819613516,0.8031541109085083,,,,0,-2.1929587819613516
2022-08-25,fold_6,EUR crisis downturn,0.002415264258161187,1,0.00021942718012724072,1,0.00021942718012724072,0.8035498857498169,,,,1,2.194271801272407
2022-08-26,fold_6,EUR crisis downturn,-0.004063350148499012,-1,-0.0032698833383619785,-1,0.0032698833383619785,0.8094472885131836,,,,1,32.698833383619785
2022-08-29,fold_6,EUR crisis downturn,9.162052447209135e-05,1,0.00758057227358222,1,0.00758057227358222,0.8231638669967651,,,,1,75.8057227358222
2022-08-30,fold_6,EUR crisis downturn,0.00017812944133765996,1,0.0011028088629245758,1,0.0011028088629245758,0.8251744508743286,,,,1,11.028088629245758
2022-08-31,fold_6,EUR crisis downturn,0.000642830622382462,1,0.001395423780195415,1,0.001395423780195415,0.827721357345581,,,,1,13.95423780195415
2022-09-01,fold_6,EUR crisis downturn,-0.006483970209956169,-1,-0.008638561703264713,-1,0.008638561703264713,0.8435103893280029,,,,1,86.38561703264713
2022-09-02,fold_6,EUR crisis downturn,0.0016013685381039977,1,-0.004310653544962406,-1,-0.004310653544962406,0.8355636596679688,,,,0,-43.10653544962406
2022-09-06,fold_6,EUR crisis downturn,-0.006330184172838926,-1,-0.005453890655189753,-1,0.005453890655189753,0.8455747365951538,,,,1,54.538906551897526
2022-09-07,fold_6,EUR crisis downturn,0.003960445523262024,1,0.009875823743641376,1,0.009875823743641376,0.8638012409210205,,,,1,98.75823743641376
2022-09-08,fold_6,EUR crisis downturn,0.0008844584226608276,1,0.0016320209251716733,1,0.0016320209251716733,0.8668428659439087,,,,1,16.320209251716733
2022-09-09,fold_6,EUR crisis downturn,0.006645407062023878,1,0.00593199860304594,1,0.00593199860304594,0.8779169321060181,,,,1,59.319986030459404
2022-09-12,fold_6,EUR crisis downturn,0.005525724496692419,1,0.005773918703198433,1,0.005773918703198433,0.8887598514556885,,,,1,57.73918703198433
2022-09-13,fold_6,EUR crisis downturn,-0.011398705653846264,-1,-0.014563821256160736,-1,0.014563821256160736,0.9162673950195312,,,,1,145.63821256160736
2022-09-14,fold_6,EUR crisis downturn,0.002364175859838724,1,0.00019961698853876442,1,0.00019961698853876442,0.9166500568389893,,,,1,1.9961698853876442
2022-09-15,fold_6,EUR crisis downturn,-0.0007626424194313586,-1,0.0004294819082133472,1,-0.0004294819082133472,0.9158267974853516,,,,0,-4.294819082133472
2022-09-16,fold_6,EUR crisis downturn,-0.00013774330727756023,-1,0.0034075863659381866,1,-0.0034075863659381866,0.9092984199523926,,,,0,-34.07586365938187
2022-09-20,fold_6,EUR crisis downturn,-0.003933299332857132,-1,-0.005862889811396599,-1,0.005862889811396599,0.9204922914505005,,,,1,58.62889811396599
2022-09-21,fold_6,EUR crisis downturn,-0.003666279371827841,-1,-0.014048072509467602,-1,0.014048072509467602,0.9474714994430542,,,,1,140.48072509467602
2022-09-22,fold_6,EUR crisis downturn,-0.00520365871489048,-1,0.0011022116523236036,1,-0.0011022116523236036,0.9453250169754028,,,,0,-11.022116523236036
2022-09-26,fold_6,EUR crisis downturn,-0.00710100494325161,-1,-0.006832936313003302,-1,0.006832936313003302,0.9586173295974731,,,,1,68.32936313003302
2022-09-27,fold_6,EUR crisis downturn,0.00117963133379817,1,-0.002859671600162983,-1,-0.002859671600162983,0.9530164003372192,,,,0,-28.59671600162983
2022-09-28,fold_6,EUR crisis downturn,0.010734157636761665,1,0.011669258587062359,1,0.011669258587062359,0.975806713104248,,,,1,116.69258587062359
2022-09-29,fold_6,EUR crisis downturn,0.003205784596502781,1,0.012503246776759624,1,0.012503246776759624,1.0005106925964355,,,,1,125.03246776759624
2025-01-22,fold_7,Recent mixed/upturn,-0.0006175705348141491,-1,0.00040599689236842096,1,-0.00040599689236842096,-0.00040596723556518555,,,,0,-4.05996892368421
2025-01-23,fold_7,Recent mixed/upturn,0.0014222611207515001,1,0.0005624851328320801,1,0.0005624851328320801,0.00015628337860107422,,,,1,5.624851328320801
2025-01-24,fold_7,Recent mixed/upturn,0.005132078658789396,1,0.00495113804936409,1,0.00495113804936409,0.0051081180572509766,,,,1,49.5113804936409
2025-01-27,fold_7,Recent mixed/upturn,0.0003874699759762734,1,-0.0021516145206987858,-1,-0.0021516145206987858,0.002945542335510254,,,,0,-21.516145206987858
2025-01-28,fold_7,Recent mixed/upturn,-0.004038651008158922,-1,-0.001533105387352407,-1,0.001533105387352407,0.004483222961425781,,,,1,15.33105387352407
2025-01-29,fold_7,Recent mixed/upturn,-0.000940635334700346,-1,-0.0003648616257123649,-1,0.0003648616257123649,0.004849791526794434,,,,1,3.648616257123649
2025-01-30,fold_7,Recent mixed/upturn,0.0022200660314410925,1,-0.0026825745590031147,-1,-0.0026825745590031147,0.002154231071472168,,,,0,-26.825745590031147
2025-01-31,fold_7,Recent mixed/upturn,-0.004706334788352251,-1,-0.014377536252140999,-1,0.014377536252140999,0.016562819480895996,,,,1,143.77536252141
2025-02-03,fold_7,Recent mixed/upturn,-0.004994800314307213,-1,0.0077662100084125996,1,-0.0077662100084125996,0.008667945861816406,,,,0,-77.662100084126
2025-02-04,fold_7,Recent mixed/upturn,0.007030262611806393,1,0.004398011602461338,1,0.004398011602461338,0.013104081153869629,,,,1,43.98011602461338
2025-02-05,fold_7,Recent mixed/upturn,0.0030766308773308992,1,0.002704183105379343,1,0.002704183105379343,0.015843629837036133,,,,1,27.04183105379343
2025-02-06,fold_7,Recent mixed/upturn,-0.0008715958683751523,-1,-0.0014540054835379124,-1,0.0014540054835379124,0.017320632934570312,,,,1,14.540054835379124
2025-02-07,fold_7,Recent mixed/upturn,-0.00328957661986351,-1,-0.007135644089430571,-1,0.007135644089430571,0.024579882621765137,,,,1,71.3564408943057
2025-02-10,fold_7,Recent mixed/upturn,-0.0012749022571370006,-1,-0.0009786115260794759,-1,0.0009786115260794759,0.025582551956176758,,,,1,9.786115260794759
2025-02-12,fold_7,Recent mixed/upturn,1.8535803974373266e-05,1,0.002608470618724823,1,0.002608470618724823,0.02825772762298584,,,,1,26.08470618724823
2025-02-13,fold_7,Recent mixed/upturn,0.00514542730525136,1,0.006705875508487225,1,0.006705875508487225,0.03515315055847168,,,,1,67.05875508487225
2025-02-14,fold_7,Recent mixed/upturn,0.0058053033426404,1,0.002632782096043229,1,0.002632782096043229,0.03787839412689209,,,,1,26.32782096043229
2025-02-18,fold_7,Recent mixed/upturn,-0.004109986126422882,-1,-0.00353158637881279,-1,0.00353158637881279,0.04154372215270996,,,,1,35.3158637881279
2025-02-19,fold_7,Recent mixed/upturn,-0.0003977029991801828,-1,-0.002615605480968952,-1,0.002615605480968952,0.044268012046813965,,,,1,26.156054809689522
2025-02-20,fold_7,Recent mixed/upturn,0.007027273532003164,1,0.007633917964994907,1,0.007633917964994907,0.05223989486694336,,,,1,76.33917964994907
2025-02-21,fold_7,Recent mixed/upturn,-0.0026480325032025576,-1,-0.0024511523079127073,-1,0.0024511523079127073,0.05481910705566406,,,,1,24.511523079127073
2025-02-25,fold_7,Recent mixed/upturn,0.002632983261719346,1,0.005998783744871616,1,0.005998783744871616,0.06114673614501953,,,,1,59.987837448716164
2025-02-26,fold_7,Recent mixed/upturn,-0.0011144529562443495,-1,-0.0033563824836164713,-1,0.0033563824836164713,0.06470835208892822,,,,1,33.56382483616471
2025-02-27,fold_7,Recent mixed/upturn,-0.005470410455018282,-1,-0.008929464034736156,-1,0.008929464034736156,0.07421565055847168,,,,1,89.29464034736156
2025-02-28,fold_7,Recent mixed/upturn,-0.0027017458342015743,-1,0.0018017083639279008,1,-0.0018017083639279008,0.0722801685333252,,,,0,-18.017083639279008
2025-03-03,fold_7,Recent mixed/upturn,0.007027359679341316,1,0.006836147513240576,1,0.006836147513240576,0.07961046695709229,,,,1,68.36147513240576
2025-03-04,fold_7,Recent mixed/upturn,0.006813951767981052,1,0.013538874685764313,1,0.013538874685764313,0.09422719478607178,,,,1,135.38874685764313
2025-03-05,fold_7,Recent mixed/upturn,-0.0028952639549970627,-1,0.015803681686520576,1,-0.015803681686520576,0.0769343376159668,,,,0,-158.03681686520576
2025-03-06,fold_7,Recent mixed/upturn,0.00536197517067194,1,-0.0006472344393841922,-1,-0.0006472344393841922,0.07623732089996338,,,,0,-6.472344393841922
2025-03-07,fold_7,Recent mixed/upturn,0.002276670653373003,1,0.006733564659953117,1,0.006733564659953117,0.08348417282104492,,,,1,67.33564659953117
2025-03-10,fold_7,Recent mixed/upturn,-0.0014145099557936192,-1,-0.0019510398851707578,-1,0.0019510398851707578,0.08559811115264893,,,,1,19.510398851707578
2025-03-11,fold_7,Recent mixed/upturn,0.0049604568630456924,1,0.006897692568600178,1,0.006897692568600178,0.09308624267578125,,,,1,68.97692568600178
2025-03-12,fold_7,Recent mixed/upturn,-0.0014127104077488184,-1,-0.002558252075687051,-1,0.002558252075687051,0.09588265419006348,,,,1,25.582520756870508
2025-03-13,fold_7,Recent mixed/upturn,-0.0020783476065844297,-1,-0.0028116365429013968,-1,0.0028116365429013968,0.09896385669708252,,,,1,28.116365429013968
2025-03-14,fold_7,Recent mixed/upturn,0.0017997650429606438,1,0.002361313672736287,1,0.002361313672736287,0.10155880451202393,,,,1,23.61313672736287
2025-03-17,fold_7,Recent mixed/upturn,0.0029685813933610916,1,0.003483176464214921,1,0.003483176464214921,0.10539567470550537,,,,1,34.83176464214921
2025-03-18,fold_7,Recent mixed/upturn,0.0004845125658903271,1,0.0018596742302179337,1,0.0018596742302179337,0.10745131969451904,,,,1,18.596742302179337
2025-03-19,fold_7,Recent mixed/upturn,-0.001125240232795477,-1,-0.0025206219870597124,-1,0.0025206219870597124,0.11024284362792969,,,,1,25.206219870597124
2025-03-21,fold_7,Recent mixed/upturn,-0.0014756479067727923,-1,-0.0019287904724478722,-1,0.0019287904724478722,0.11238431930541992,,,,1,19.28790472447872
2025-03-24,fold_7,Recent mixed/upturn,-0.000793397193774581,-1,-0.0029709464870393276,-1,0.0029709464870393276,0.11568915843963623,,,,1,29.709464870393276
2025-03-25,fold_7,Recent mixed/upturn,0.001048813690431416,1,-0.001488630659878254,-1,-0.001488630659878254,0.11402833461761475,,,,0,-14.88630659878254
2025-03-26,fold_7,Recent mixed/upturn,-0.003563458099961281,-1,-0.0042109801433980465,-1,0.0042109801433980465,0.11871945858001709,,,,1,42.109801433980465
2025-03-27,fold_7,Recent mixed/upturn,0.0048653376288712025,1,0.0054869032464921474,1,0.0054869032464921474,0.12485766410827637,,,,1,54.869032464921474
2025-03-28,fold_7,Recent mixed/upturn,-0.00017876274068839848,-1,0.002121507888659835,1,-0.002121507888659835,0.12247121334075928,,,,0,-21.21507888659835
2025-03-31,fold_7,Recent mixed/upturn,-0.0010726526379585266,-1,-0.0004652105853892863,-1,0.0004652105853892863,0.1229933500289917,,,,1,4.652105853892863
2025-04-01,fold_7,Recent mixed/upturn,0.0001287742197746411,1,-0.0021160184405744076,-1,-0.0021160184405744076,0.12061703205108643,,,,0,-21.160184405744076
2025-04-02,fold_7,Recent mixed/upturn,0.004441640805453062,1,0.010439658537507057,1,0.010439658537507057,0.13231587409973145,,,,1,104.39658537507057
2025-04-03,fold_7,Recent mixed/upturn,0.008389654569327831,1,0.012380016967654228,1,0.012380016967654228,0.14633393287658691,,,,1,123.80016967654228
2025-04-04,fold_7,Recent mixed/upturn,-0.008060446940362453,-1,-0.0053604403510689735,-1,0.0053604403510689735,0.15247881412506104,,,,1,53.604403510689735
2025-04-07,fold_7,Recent mixed/upturn,-0.0021522396709769964,-1,-0.006298223044723272,-1,0.006298223044723272,0.15973734855651855,,,,1,62.98223044723272
2025-04-08,fold_7,Recent mixed/upturn,0.0029019389767199755,1,0.005962451454252005,1,0.005962451454252005,0.16665232181549072,,,,1,59.624514542520046
2025-04-09,fold_7,Recent mixed/upturn,0.0010063762310892344,1,-0.0025847177021205425,-1,-0.0025847177021205425,0.1636369228363037,,,,0,-25.847177021205425
2025-04-10,fold_7,Recent mixed/upturn,0.00994834117591381,1,0.027919435873627663,1,0.027919435873627663,0.19612503051757812,,,,1,279.1943587362766
2025-04-11,fold_7,Recent mixed/upturn,0.0048979055136442184,1,0.00757727911695838,1,0.00757727911695838,0.20518839359283447,,,,1,75.7727911695838
2025-04-14,fold_7,Recent mixed/upturn,0.0033453316427767277,1,-0.00030624307692050934,-1,-0.00030624307692050934,0.20481932163238525,,,,0,-3.0624307692050934
2025-04-15,fold_7,Recent mixed/upturn,-0.005961286369711161,-1,-0.00414437847211957,-1,0.00414437847211957,0.20981264114379883,,,,1,41.4437847211957
2025-04-16,fold_7,Recent mixed/upturn,0.0072962213307619095,1,0.00922001339495182,1,0.00922001339495182,0.22096717357635498,,,,1,92.2001339495182
2025-04-17,fold_7,Recent mixed/upturn,-0.0003592028224375099,-1,0.01017727330327034,1,-0.01017727330327034,0.20854103565216064,,,,0,-101.7727330327034
2025-04-22,fold_7,Recent mixed/upturn,-0.00635796133428812,-1,-0.01403016597032547,-1,0.01403016597032547,0.22549712657928467,,,,1,140.3016597032547
2025-04-23,fold_7,Recent mixed/upturn,-0.0050380295142531395,-1,-0.0021068835631012917,-1,0.0021068835631012917,0.22807908058166504,,,,1,21.068835631012917
2025-04-24,fold_7,Recent mixed/upturn,0.004010684788227081,1,0.003934726119041443,1,0.003934726119041443,0.23291122913360596,,,,1,39.34726119041443
2025-04-25,fold_7,Recent mixed/upturn,-0.0019588021095842123,-1,-0.002529496792703867,-1,0.002529496792703867,0.23602986335754395,,,,1,25.29496792703867
2025-04-28,fold_7,Recent mixed/upturn,0.004219983238726854,1,0.005818618461489677,1,0.005818618461489677,0.24322187900543213,,,,1,58.186184614896774
2025-04-30,fold_7,Recent mixed/upturn,-0.0012505868216976523,-1,-0.005651242099702358,-1,0.005651242099702358,0.250247597694397,,,,1,56.51242099702358
2025-05-01,fold_7,Recent mixed/upturn,-0.004587937146425247,-1,-0.002507785800844431,-1,0.002507785800844431,0.25338292121887207,,,,1,25.07785800844431
2025-05-02,fold_7,Recent mixed/upturn,0.0026337713934481144,1,0.0023665628395974636,1,0.0023665628395974636,0.2563490867614746,,,,1,23.665628395974636
2025-05-07,fold_7,Recent mixed/upturn,-0.003541741520166397,-1,-0.003222282975912094,-1,0.003222282975912094,0.2603973150253296,,,,1,32.22282975912094
2025-05-08,fold_7,Recent mixed/upturn,-0.006839462090283632,-1,-0.007250799797475338,-1,0.007250799797475338,0.2695361375808716,,,,1,72.50799797475338
2025-05-09,fold_7,Recent mixed/upturn,0.0033575743436813354,1,0.0004828175879083574,1,0.0004828175879083574,0.2701491117477417,,,,1,4.828175879083574
2025-05-12,fold_7,Recent mixed/upturn,-0.008775988593697548,-1,-0.011938820593059063,-1,0.011938820593059063,0.28531312942504883,,,,1,119.38820593059063
2025-05-13,fold_7,Recent mixed/upturn,0.007164974231272936,1,0.008109462447464466,1,0.008109462447464466,0.29573631286621094,,,,1,81.09462447464466
2025-05-14,fold_7,Recent mixed/upturn,-0.0006606472306884825,-1,-0.0003241990343667567,-1,0.0003241990343667567,0.2961564064025879,,,,1,3.2419903436675668
2025-05-15,fold_7,Recent mixed/upturn,0.002015824196860194,1,0.0009625714155845344,1,0.0009625714155845344,0.29740405082702637,,,,1,9.625714155845344
2025-05-16,fold_7,Recent mixed/upturn,-0.001570998807437718,-1,-0.0004587228177115321,-1,0.0004587228177115321,0.29799914360046387,,,,1,4.587228177115321
2025-05-19,fold_7,Recent mixed/upturn,0.0059419116005301476,1,0.004100138321518898,1,0.004100138321518898,0.3033210039138794,,,,1,41.00138321518898
2025-05-20,fold_7,Recent mixed/upturn,0.0023147291503846645,1,0.004853827878832817,1,0.004853827878832817,0.3096470832824707,,,,1,48.53827878832817
2025-05-21,fold_7,Recent mixed/upturn,0.004119810648262501,1,0.003829962108284235,1,0.003829962108284235,0.3146629333496094,,,,1,38.29962108284235
2025-05-22,fold_7,Recent mixed/upturn,-0.003862125799059868,-1,-0.004354733508080244,-1,0.004354733508080244,0.32038795948028564,,,,1,43.54733508080244
2025-05-23,fold_7,Recent mixed/upturn,0.007388056721538305,1,0.00806327536702156,1,0.00806327536702156,0.33103466033935547,,,,1,80.6327536702156
2025-05-27,fold_7,Recent mixed/upturn,-0.004810665268450975,-1,-0.004512133076786995,-1,0.004512133076786995,0.3370405435562134,,,,1,45.12133076786995
2025-05-28,fold_7,Recent mixed/upturn,-0.003722144290804863,-1,-0.009121845476329327,-1,0.009121845476329327,0.3492368459701538,,,,1,91.21845476329327
2025-05-29,fold_7,Recent mixed/upturn,0.006247840356081724,1,0.012880357913672924,1,0.012880357913672924,0.3666154146194458,,,,1,128.80357913672924
2025-05-30,fold_7,Recent mixed/upturn,-0.0013207041192799807,-1,-0.002202543430030346,-1,0.002202543430030346,0.369625449180603,,,,1,22.02543430030346
2025-06-02,fold_7,Recent mixed/upturn,0.005677682347595692,1,0.008819226175546646,1,0.008819226175546646,0.3817044496536255,,,,1,88.19226175546646
2025-06-03,fold_7,Recent mixed/upturn,-0.005221382714807987,-1,-0.006022475194185972,-1,0.006022475194185972,0.3900257349014282,,,,1,60.22475194185972
2025-06-04,fold_7,Recent mixed/upturn,0.004785573109984398,1,0.0033009489998221397,1,0.0033009489998221397,0.3946141004562378,,,,1,33.0094899982214
2025-06-05,fold_7,Recent mixed/upturn,1.7338939869659953e-05,1,0.0027832789346575737,1,0.0027832789346575737,0.3984956741333008,,,,1,27.832789346575737
2025-06-06,fold_7,Recent mixed/upturn,-0.004218189045786858,-1,-0.004015539772808552,-1,0.004015539772808552,0.404111385345459,,,,1,40.15539772808552
2025-06-09,fold_7,Recent mixed/upturn,0.0029089779127389193,1,0.001771340030245483,1,0.001771340030245483,0.4065985679626465,,,,1,17.71340030245483
2025-06-10,fold_7,Recent mixed/upturn,-0.0004605944559443742,-1,0.0008235503337346017,1,-0.0008235503337346017,0.40544021129608154,,,,0,-8.235503337346017
2025-06-11,fold_7,Recent mixed/upturn,0.0039755417965352535,1,0.006284058094024658,1,0.006284058094024658,0.4142719507217407,,,,1,62.84058094024658
2025-06-12,fold_7,Recent mixed/upturn,0.006309253629297018,1,0.007899755612015724,1,0.007899755612015724,0.4254443645477295,,,,1,78.99755612015724
2025-06-13,fold_7,Recent mixed/upturn,-0.003314344445243478,-1,-0.003755935002118349,-1,0.003755935002118349,0.43079817295074463,,,,1,37.55935002118349
2025-06-16,fold_7,Recent mixed/upturn,0.0028388043865561485,1,-0.0004620169347617775,-1,-0.0004620169347617775,0.43013715744018555,,,,0,-4.620169347617775
2025-06-17,fold_7,Recent mixed/upturn,-0.006814632099121809,-1,-0.005948005244135857,-1,0.005948005244135857,0.43864357471466064,,,,1,59.480052441358566
2025-06-18,fold_7,Recent mixed/upturn,-5.284204598865472e-05,-1,-0.0004476588510442525,-1,0.0004476588510442525,0.43928754329681396,,,,1,4.476588510442525
2025-06-20,fold_7,Recent mixed/upturn,0.0017814015736803412,1,-0.0010350376833230257,-1,-0.0010350376833230257,0.43779778480529785,,,,0,-10.350376833230257
2025-06-23,fold_7,Recent mixed/upturn,0.0035645426250994205,1,0.008536921814084053,1,0.008536921814084053,0.45007216930389404,,,,1,85.36921814084053
2025-06-24,fold_7,Recent mixed/upturn,0.004372484516352415,1,0.0011379257775843143,1,0.0011379257775843143,0.45172226428985596,,,,1,11.379257775843143
2025-06-25,fold_7,Recent mixed/upturn,0.0017756029265001416,1,0.006157340481877327,1,0.006157340481877327,0.46066105365753174,,,,1,61.57340481877327
2025-06-26,fold_7,Recent mixed/upturn,0.004578706808388233,1,0.0007249234477058053,1,0.0007249234477058053,0.4617198705673218,,,,1,7.249234477058053
2025-06-27,fold_7,Recent mixed/upturn,-0.0021960169542580843,-1,0.0030139251612126827,1,-0.0030139251612126827,0.4573143720626831,,,,0,-30.139251612126827
2025-06-30,fold_7,Recent mixed/upturn,0.004756865091621876,1,0.005092043429613113,1,0.005092043429613113,0.4647350311279297,,,,1,50.920434296131134
2025-07-01,fold_7,Recent mixed/upturn,0.0007927412516437471,1,0.0015583859058097005,1,0.0015583859058097005,0.46701765060424805,,,,1,15.583859058097005
2025-07-02,fold_7,Recent mixed/upturn,0.0007614017813466489,1,-0.00044844072544947267,-1,-0.00044844072544947267,0.4663597345352173,,,,0,-4.484407254494727
2025-07-03,fold_7,Recent mixed/upturn,-0.0036156452260911465,-1,-0.0024366681464016438,-1,0.0024366681464016438,0.4699326753616333,,,,1,24.366681464016438
2025-07-07,fold_7,Recent mixed/upturn,-0.0035366499796509743,-1,-0.003755652578547597,-1,0.003755652578547597,0.47545325756073,,,,1,37.55652578547597
2025-07-08,fold_7,Recent mixed/upturn,0.00017393728194292635,1,-0.0010200783144682646,-1,-0.0010200783144682646,0.47394824028015137,,,,0,-10.200783144682646
2025-07-09,fold_7,Recent mixed/upturn,0.0007030441192910075,1,0.000563176698051393,1,0.000563176698051393,0.47477829456329346,,,,1,5.63176698051393
2025-07-10,fold_7,Recent mixed/upturn,-0.001476743258535862,-1,-0.002422562800347805,-1,0.002422562800347805,0.47835099697113037,,,,1,24.22562800347805
2025-07-11,fold_7,Recent mixed/upturn,-0.0014908871380612254,-1,-0.0017639847937971354,-1,0.0017639847937971354,0.4809587001800537,,,,1,17.639847937971354
2025-07-14,fold_7,Recent mixed/upturn,-0.0015651137800887227,-1,-0.0013532100711017847,-1,0.0013532100711017847,0.48296284675598145,,,,1,13.532100711017847
2025-07-15,fold_7,Recent mixed/upturn,-0.004940477665513754,-1,-0.005049251951277256,-1,0.005049251951277256,0.4904506206512451,,,,1,50.49251951277256
2025-07-16,fold_7,Recent mixed/upturn,0.0031429606024175882,1,0.002443466568365693,1,0.002443466568365693,0.4940924644470215,,,,1,24.43466568365693
2025-07-17,fold_7,Recent mixed/upturn,-0.003286693012341857,-1,-0.0017422791570425034,-1,0.0017422791570425034,0.49669551849365234,,,,1,17.422791570425034
2025-07-18,fold_7,Recent mixed/upturn,0.0027721982914954424,1,0.0013141727540642023,1,0.0013141727540642023,0.49866247177124023,,,,1,13.141727540642023
2025-07-22,fold_7,Recent mixed/upturn,0.0042499699629843235,1,0.003815255593508482,1,0.003815255593508482,0.5043803453445435,,,,1,38.15255593508482
2025-07-23,fold_7,Recent mixed/upturn,0.001882812357507646,1,0.0029907028656452894,1,0.0029907028656452894,0.508879542350769,,,,1,29.907028656452894
2025-07-24,fold_7,Recent mixed/upturn,-0.0014802786754444242,-1,-0.001540047349408269,-1,0.001540047349408269,0.5112032890319824,,,,1,15.40047349408269
2025-07-25,fold_7,Recent mixed/upturn,-0.0020916012581437826,-1,5.8711641031550243e-05,1,-5.8711641031550243e-05,0.5111145973205566,,,,0,-0.5871164103155024
2025-07-28,fold_7,Recent mixed/upturn,-0.00784123782068491,-1,-0.013614622876048088,-1,0.013614622876048088,0.53168785572052,,,,1,136.14622876048088
2025-07-29,fold_7,Recent mixed/upturn,-0.0020846270490437746,-1,-0.003950425889343023,-1,0.003950425889343023,0.5377388000488281,,,,1,39.50425889343023
2025-07-30,fold_7,Recent mixed/upturn,-0.00703986594453454,-1,-0.010526402853429317,-1,0.010526402853429317,0.553925633430481,,,,1,105.26402853429317
2025-07-31,fold_7,Recent mixed/upturn,-0.00035385257797315717,-1,-0.0004912575823254883,-1,0.0004912575823254883,0.5546890497207642,,,,1,4.912575823254883
2025-08-01,fold_7,Recent mixed/upturn,0.010022352449595928,1,0.014263281598687172,1,0.014263281598687172,0.5768640041351318,,,,1,142.63281598687172
2025-08-04,fold_7,Recent mixed/upturn,-0.001535428105853498,-1,-0.00022017340234015137,-1,0.00022017340234015137,0.5772111415863037,,,,1,2.2017340234015137
2025-08-05,fold_7,Recent mixed/upturn,-3.4253436751896515e-05,-1,-0.0004284036112949252,-1,0.0004284036112949252,0.5778868198394775,,,,1,4.284036112949252
2025-08-06,fold_7,Recent mixed/upturn,0.005349929444491863,1,0.007254479452967644,1,0.007254479452967644,0.5893335342407227,,,,1,72.54479452967644
2025-08-07,fold_7,Recent mixed/upturn,-0.0020781485363841057,-1,0.0011559956474229693,1,-0.0011559956474229693,0.587496280670166,,,,0,-11.559956474229693
2025-08-08,fold_7,Recent mixed/upturn,0.002246457152068615,1,-0.002457661321386695,-1,-0.002457661321386695,0.5835946798324585,,,,0,-24.57661321386695
2025-08-12,fold_7,Recent mixed/upturn,0.004287609364837408,1,0.005044498015195131,1,0.005044498015195131,0.5915830135345459,,,,1,50.44498015195131
2025-08-13,fold_7,Recent mixed/upturn,0.0020362725481390953,1,0.003068778896704316,1,0.003068778896704316,0.5964672565460205,,,,1,30.68778896704316
2025-08-14,fold_7,Recent mixed/upturn,-0.0041585457511246204,-1,-0.005254701245576143,-1,0.005254701245576143,0.6048562526702881,,,,1,52.54701245576143
2025-08-15,fold_7,Recent mixed/upturn,0.003993767313659191,1,0.004741219338029623,1,0.004741219338029623,0.6124651432037354,,,,1,47.41219338029623
2025-08-18,fold_7,Recent mixed/upturn,-0.0034945784136652946,-1,-0.003267246065661311,-1,0.003267246065661311,0.6177334785461426,,,,1,32.67246065661311
2025-08-19,fold_7,Recent mixed/upturn,-0.0007662583375349641,-1,-0.002212071092799306,-1,0.002212071092799306,0.6213120222091675,,,,1,22.12071092799306
2025-08-20,fold_7,Recent mixed/upturn,0.0009669298306107521,1,0.0007923034718260169,1,0.0007923034718260169,0.6225965023040771,,,,1,7.923034718260169
2025-08-21,fold_7,Recent mixed/upturn,-0.004118832293897867,-1,-0.003321295604109764,-1,0.003321295604109764,0.6279855966567993,,,,1,33.21295604109764
2025-08-22,fold_7,Recent mixed/upturn,0.008535787463188171,1,0.008313816972076893,1,0.008313816972076893,0.6415202617645264,,,,1,83.13816972076893
2025-08-25,fold_7,Recent mixed/upturn,-0.006326903589069843,-1,-0.007784397341310978,-1,0.007784397341310978,0.6542984247207642,,,,1,77.84397341310978
2025-08-26,fold_7,Recent mixed/upturn,0.002473335713148117,1,0.001804178929887712,1,0.001804178929887712,0.6572831869125366,,,,1,18.04178929887712
2025-08-27,fold_7,Recent mixed/upturn,3.0907714972272515e-05,1,0.0007338296854868531,1,0.0007338296854868531,0.6584993600845337,,,,1,7.338296854868531
2025-08-28,fold_7,Recent mixed/upturn,0.004072795156389475,1,0.0028852694667875767,1,0.0028852694667875767,0.6632845401763916,,,,1,28.852694667875767
2025-08-29,fold_7,Recent mixed/upturn,8.037045336095616e-05,1,0.0008769080741330981,1,0.0008769080741330981,0.6647430658340454,,,,1,8.769080741330981
2025-09-02,fold_7,Recent mixed/upturn,-0.005672813858836889,-1,-0.006818667519837618,-1,0.006818667519837618,0.6760944128036499,,,,1,68.18667519837618
2025-09-03,fold_7,Recent mixed/upturn,0.003329565981402993,1,0.0020988616161048412,1,0.0020988616161048412,0.679612398147583,,,,1,20.988616161048412
2025-09-04,fold_7,Recent mixed/upturn,-0.0018845476442947984,-1,-0.0003031234664376825,-1,0.0003031234664376825,0.6801215410232544,,,,1,3.031234664376825
2025-09-05,fold_7,Recent mixed/upturn,0.005108156241476536,1,0.004825879819691181,1,0.004825879819691181,0.6882295608520508,,,,1,48.25879819691181
2025-09-08,fold_7,Recent mixed/upturn,0.002798621542751789,1,0.00477817514911294,1,0.00477817514911294,0.696296215057373,,,,1,47.7817514911294
2025-09-09,fold_7,Recent mixed/upturn,-0.0036740521900355816,-1,-0.005640725139528513,-1,0.005640725139528513,0.7058645486831665,,,,1,56.40725139528513
2025-09-10,fold_7,Recent mixed/upturn,0.000442011805716902,1,5.857199721504003e-05,1,5.857199721504003e-05,0.7059644460678101,,,,1,0.5857199721504003
2025-09-11,fold_7,Recent mixed/upturn,0.0025496394373476505,1,0.002675513969734311,1,0.002675513969734311,0.7105288505554199,,,,1,26.75513969734311
2025-09-12,fold_7,Recent mixed/upturn,-0.0003658990317489952,-1,-0.000703588651958853,-1,0.000703588651958853,0.7117323875427246,,,,1,7.03588651958853
2025-09-16,fold_7,Recent mixed/upturn,0.0059829032979905605,1,0.009152790531516075,1,0.009152790531516075,0.727399468421936,,,,1,91.52790531516075
2025-09-17,fold_7,Recent mixed/upturn,-0.0026397770270705223,-1,-0.003796270117163658,-1,0.003796270117163658,0.733957052230835,,,,1,37.96270117163658
2025-09-18,fold_7,Recent mixed/upturn,-0.004125245846807957,-1,-0.0029830695129930973,-1,0.0029830695129930973,0.7391296625137329,,,,1,29.830695129930973
2025-09-19,fold_7,Recent mixed/upturn,-0.0028292599599808455,-1,-0.004589194897562265,-1,0.004589194897562265,0.7471108436584473,,,,1,45.891948975622654
2025-09-22,fold_7,Recent mixed/upturn,0.003275454742833972,1,0.005463925655931234,1,0.005463925655931234,0.7566570043563843,,,,1,54.639256559312344
2025-09-24,fold_7,Recent mixed/upturn,-0.004999810829758644,-1,-0.005907559301704168,-1,0.005907559301704168,0.7670345306396484,,,,1,59.07559301704168
2025-09-25,fold_7,Recent mixed/upturn,-0.0050772554241120815,-1,-0.006974319461733103,-1,0.006974319461733103,0.7793583869934082,,,,1,69.74319461733103
2025-09-26,fold_7,Recent mixed/upturn,0.004222509451210499,1,0.0038988362066447735,1,0.0038988362066447735,0.7862958908081055,,,,1,38.988362066447735
2025-09-29,fold_7,Recent mixed/upturn,0.0020504205022007227,1,0.0019825738854706287,1,0.0019825738854706287,0.7898373603820801,,,,1,19.825738854706287
