date,fold,regime,prediction,pred_direction,actual_return,actual_direction,strategy_return,cumulative_return,confidence,aleatoric,epistemic,correct,pnl_bps
2008-04-09,fold_1,Pre-crisis upturn + GFC onset,0.0010722331935539842,1,-0.005179158411920071,-1,-0.005179158411920071,-0.005179166793823242,0.9999562501907349,1.4575097338820342e-05,2.9150194677640684e-05,0,-51.79158411920071
2008-04-10,fold_1,Pre-crisis upturn + GFC onset,0.0009405711898580194,1,0.005078901536762714,1,0.005078901536762714,-0.0001265406608581543,0.9999605417251587,1.3136893358023372e-05,2.6273786716046743e-05,1,50.789015367627144
2008-04-11,fold_1,Pre-crisis upturn + GFC onset,0.0007489967974834144,1,0.00018986649229191244,1,0.00018986649229191244,6.330013275146484e-05,0.9999457597732544,1.8063179595628753e-05,3.6126359191257507e-05,1,1.8986649229191244
2008-04-14,fold_1,Pre-crisis upturn + GFC onset,0.003617362817749381,1,-0.002462598029524088,-1,-0.002462598029524088,-0.0023995041847229004,0.9999701976776123,9.920046977640595e-06,1.984009395528119e-05,0,-24.62598029524088
2008-04-15,fold_1,Pre-crisis upturn + GFC onset,0.0030242654029279947,1,0.010899379849433899,1,0.010899379849433899,0.008473753929138184,0.9999532699584961,1.5580570106976666e-05,3.116114021395333e-05,1,108.99379849433899
2008-04-16,fold_1,Pre-crisis upturn + GFC onset,0.0009668322163634002,1,-0.0035143231507390738,-1,-0.0035143231507390738,0.004929661750793457,0.9999594688415527,1.3516765648091678e-05,2.7033531296183355e-05,0,-35.14323150739074
2008-04-17,fold_1,Pre-crisis upturn + GFC onset,0.0025735769886523485,1,-0.010573179461061954,-1,-0.010573179461061954,-0.005695641040802002,0.9999464750289917,1.7829815988079645e-05,3.565963197615929e-05,0,-105.73179461061954
2008-04-18,fold_1,Pre-crisis upturn + GFC onset,0.0012737533543258905,1,0.011313356459140778,1,0.011313356459140778,0.005553245544433594,0.9999617338180542,1.2766270629072096e-05,2.5532541258144192e-05,1,113.13356459140778
2008-04-21,fold_1,Pre-crisis upturn + GFC onset,0.0022260963451117277,1,0.004780459683388472,1,0.004780459683388472,0.010360240936279297,0.9999510049819946,1.6323692761943676e-05,3.264738552388735e-05,1,47.804596833884716
2008-04-22,fold_1,Pre-crisis upturn + GFC onset,0.0012939341831952333,1,-0.007127514574676752,-1,-0.007127514574676752,0.0031589269638061523,0.9999792575836182,6.929866231075721e-06,1.3859732462151442e-05,0,-71.27514574676752
2008-04-23,fold_1,Pre-crisis upturn + GFC onset,0.002799729583784938,1,-0.011966871097683907,-1,-0.011966871097683907,-0.008845746517181396,0.9999556541442871,1.4788904991291929e-05,2.9577809982583858e-05,0,-119.66871097683907
2008-04-24,fold_1,Pre-crisis upturn + GFC onset,0.0031176158227026463,1,-0.0030023385770618916,-1,-0.0030023385770618916,-0.011821508407592773,0.9999752044677734,8.246537618106231e-06,1.6493075236212462e-05,0,-30.023385770618916
2008-04-25,fold_1,Pre-crisis upturn + GFC onset,0.002559119835495949,1,0.0010174394119530916,1,0.0010174394119530916,-0.010816097259521484,0.9999754428863525,8.177620657079387e-06,1.6355241314158775e-05,1,10.174394119530916
2008-04-28,fold_1,Pre-crisis upturn + GFC onset,0.000791905156802386,1,-0.0054796477779746056,-1,-0.0054796477779746056,-0.016236484050750732,0.999946117401123,1.7972803107113577e-05,3.5945606214227155e-05,0,-54.796477779746056
2008-04-30,fold_1,Pre-crisis upturn + GFC onset,0.0028693280182778835,1,-0.012038466520607471,-1,-0.012038466520607471,-0.028079509735107422,0.9999542236328125,1.527319363958668e-05,3.054638727917336e-05,0,-120.38466520607471
2008-05-02,fold_1,Pre-crisis upturn + GFC onset,0.0028911323752254248,1,0.00415347795933485,1,0.00415347795933485,-0.02404266595840454,0.9999666213989258,1.1127224752272014e-05,2.2254449504544027e-05,1,41.5347795933485
2008-05-07,fold_1,Pre-crisis upturn + GFC onset,0.0014172835508361459,1,0.005134144332259893,1,0.005134144332259893,-0.019032001495361328,0.999957799911499,1.4061578440305311e-05,2.8123156880610622e-05,1,51.341443322598934
2008-05-08,fold_1,Pre-crisis upturn + GFC onset,0.001595505396835506,1,0.0016728068003430963,1,0.0016728068003430963,-0.017390966415405273,0.9999483823776245,1.7196669432451017e-05,3.4393338864902034e-05,1,16.728068003430963
2008-05-09,fold_1,Pre-crisis upturn + GFC onset,-0.0007813326083123684,-1,0.0032323605846613646,1,-0.0032323605846613646,-0.020567119121551514,0.9999420642852783,1.93208506971132e-05,3.86417013942264e-05,0,-32.323605846613646
2008-05-12,fold_1,Pre-crisis upturn + GFC onset,0.0018982868641614914,1,-0.004055029712617397,-1,-0.004055029712617397,-0.024538755416870117,0.9999666213989258,1.11065955934464e-05,2.22131911868928e-05,0,-40.55029712617397
2008-05-13,fold_1,Pre-crisis upturn + GFC onset,0.0015141676412895322,1,-0.0005104347947053611,-1,-0.0005104347947053611,-0.02503669261932373,0.9999548196792603,1.5070113477122504e-05,3.014022695424501e-05,0,-5.104347947053611
2008-05-14,fold_1,Pre-crisis upturn + GFC onset,0.0025329762138426304,1,-0.001174283679574728,-1,-0.001174283679574728,-0.026181578636169434,0.999966025352478,1.1323172657284886e-05,2.264634531456977e-05,0,-11.74283679574728
2008-05-15,fold_1,Pre-crisis upturn + GFC onset,0.0014668790390715003,1,0.009388802573084831,1,0.009388802573084831,-0.017038583755493164,0.9999536275863647,1.544448605272919e-05,3.088897210545838e-05,1,93.88802573084831
2008-05-16,fold_1,Pre-crisis upturn + GFC onset,0.0012886554468423128,1,-0.0043633379973471165,-1,-0.0043633379973471165,-0.021327614784240723,0.9999758005142212,8.082181921054143e-06,1.6164363842108287e-05,0,-43.633379973471165
2008-05-19,fold_1,Pre-crisis upturn + GFC onset,0.0024890885688364506,1,0.008124498650431633,1,0.008124498650431633,-0.013376414775848389,0.9999525547027588,1.583100856805686e-05,3.166201713611372e-05,1,81.24498650431633
2008-05-20,fold_1,Pre-crisis upturn + GFC onset,0.00214497116394341,1,0.00855705700814724,1,0.00855705700814724,-0.004933774471282959,0.9999593496322632,1.355679523840081e-05,2.711359047680162e-05,1,85.5705700814724
2008-05-21,fold_1,Pre-crisis upturn + GFC onset,0.0016332789091393352,1,-0.003555349772796035,-1,-0.003555349772796035,-0.00847160816192627,0.9999406337738037,1.979246189875994e-05,3.958492379751988e-05,0,-35.55349772796035
2008-05-22,fold_1,Pre-crisis upturn + GFC onset,0.0034699521493166685,1,0.003377990797162056,1,0.003377990797162056,-0.005122184753417969,0.9999430179595947,1.8982998881256208e-05,3.7965997762512416e-05,1,33.77990797162056
2008-05-23,fold_1,Pre-crisis upturn + GFC onset,0.002285571536049247,1,-0.0003629504353739321,-1,-0.0003629504353739321,-0.005483269691467285,0.999944806098938,1.8405733499093913e-05,3.6811466998187825e-05,0,-3.6295043537393212
2008-05-27,fold_1,Pre-crisis upturn + GFC onset,0.003964429255574942,1,-0.0022230539470911026,-1,-0.0022230539470911026,-0.007694125175476074,0.9999336004257202,2.2140287910588086e-05,4.428057582117617e-05,0,-22.230539470911026
2008-05-28,fold_1,Pre-crisis upturn + GFC onset,0.0016683696303516626,1,-0.00881433766335249,-1,-0.00881433766335249,-0.016440629959106445,0.9999563694000244,1.4556820133293513e-05,2.9113640266587026e-05,0,-88.1433766335249
2008-05-29,fold_1,Pre-crisis upturn + GFC onset,0.0015541788889095187,1,0.0014764738734811544,1,0.0014764738734811544,-0.014988362789154053,0.9999814033508301,6.200104508025106e-06,1.2400209016050212e-05,1,14.764738734811544
2008-05-30,fold_1,Pre-crisis upturn + GFC onset,0.0017362142680212855,1,0.0003264624683652073,1,0.0003264624683652073,-0.014666736125946045,0.9999418258666992,1.9383549442864023e-05,3.8767098885728046e-05,1,3.264624683652073
2008-06-02,fold_1,Pre-crisis upturn + GFC onset,0.003194956574589014,1,-0.0061646453104913235,-1,-0.0061646453104913235,-0.020740985870361328,0.9999657869338989,1.1381766853446607e-05,2.2763533706893213e-05,0,-61.646453104913235
2008-06-03,fold_1,Pre-crisis upturn + GFC onset,0.0016720365965738893,1,-0.001142001012340188,-1,-0.001142001012340188,-0.021859347820281982,0.9999637603759766,1.2091545613657217e-05,2.4183091227314435e-05,0,-11.42001012340188
2008-06-04,fold_1,Pre-crisis upturn + GFC onset,0.0038444034289568663,1,0.010132720693945885,1,0.010132720693945885,-0.011948168277740479,0.9999687671661377,1.0391435353085399e-05,2.0782870706170797e-05,1,101.32720693945885
2008-06-05,fold_1,Pre-crisis upturn + GFC onset,0.00045925937592983246,1,0.012580753304064274,1,0.012580753304064274,0.00048232078552246094,0.9999693632125854,1.0206483239016961e-05,2.0412966478033923e-05,1,125.80753304064274
2008-06-06,fold_1,Pre-crisis upturn + GFC onset,0.0027513725217431784,1,-0.008963803760707378,-1,-0.008963803760707378,-0.008485853672027588,0.9999547004699707,1.50999676407082e-05,3.01999352814164e-05,0,-89.63803760707378
2008-06-09,fold_1,Pre-crisis upturn + GFC onset,0.0020641793962568045,1,-0.011474243365228176,-1,-0.011474243365228176,-0.019862711429595947,0.9999686479568481,1.0452628885104787e-05,2.0905257770209573e-05,0,-114.74243365228176
2008-06-10,fold_1,Pre-crisis upturn + GFC onset,0.0012327544391155243,1,0.006067509297281504,1,0.006067509297281504,-0.013915717601776123,0.9999781847000122,7.257896413648268e-06,1.4515792827296536e-05,1,60.67509297281504
2008-06-11,fold_1,Pre-crisis upturn + GFC onset,0.0024195765145123005,1,-0.006230826023966074,-1,-0.006230826023966074,-0.020059823989868164,0.999948263168335,1.7260186723433435e-05,3.452037344686687e-05,0,-62.30826023966074
2008-06-12,fold_1,Pre-crisis upturn + GFC onset,0.00024998048320412636,1,-0.005947754718363285,-1,-0.005947754718363285,-0.025888264179229736,0.9999347925186157,2.171737105527427e-05,4.343474211054854e-05,0,-59.47754718363285
2008-06-13,fold_1,Pre-crisis upturn + GFC onset,0.002161226002499461,1,0.006823988631367683,1,0.006823988631367683,-0.019240915775299072,0.9999632835388184,1.2238928320584819e-05,2.4477856641169637e-05,1,68.23988631367683
2008-06-16,fold_1,Pre-crisis upturn + GFC onset,0.0009585304069332778,1,0.0031044406350702047,1,0.0031044406350702047,-0.01619619131088257,0.9999706745147705,9.774008503882214e-06,1.954801700776443e-05,1,31.044406350702047
2008-06-17,fold_1,Pre-crisis upturn + GFC onset,0.003483020467683673,1,0.0010409550741314888,1,0.0010409550741314888,-0.015172123908996582,0.9999568462371826,1.4370396456797607e-05,2.8740792913595214e-05,1,10.409550741314888
2008-06-18,fold_1,Pre-crisis upturn + GFC onset,0.0025523826479911804,1,-0.0018145984504371881,-1,-0.0018145984504371881,-0.016959190368652344,0.999954104423523,1.5300685845431872e-05,3.0601371690863743e-05,0,-18.14598450437188
2008-06-19,fold_1,Pre-crisis upturn + GFC onset,0.0012459983117878437,1,0.0076107727363705635,1,0.0076107727363705635,-0.009477436542510986,0.9999583959579468,1.3869815120415296e-05,2.7739630240830593e-05,1,76.10772736370564
2008-06-20,fold_1,Pre-crisis upturn + GFC onset,0.0016578583745285869,1,-0.00672138063237071,-1,-0.00672138063237071,-0.016135096549987793,0.999958872795105,1.36875514726853e-05,2.73751029453706e-05,0,-67.2138063237071
2008-06-23,fold_1,Pre-crisis upturn + GFC onset,0.0021022376604378223,1,0.0030361225362867117,1,0.0030361225362867117,-0.013147950172424316,0.9999611377716064,1.2932905519846827e-05,2.5865811039693654e-05,1,30.361225362867117
2008-06-24,fold_1,Pre-crisis upturn + GFC onset,0.003424025373533368,1,0.006677090656012297,1,0.006677090656012297,-0.006558716297149658,0.9999560117721558,1.4670309610664845e-05,2.934061922132969e-05,1,66.77090656012297
2008-06-25,fold_1,Pre-crisis upturn + GFC onset,0.0005703568458557129,1,0.005040960386395454,1,0.005040960386395454,-0.0015507936477661133,0.9999665021896362,1.1172317499585915e-05,2.234463499917183e-05,1,50.409603863954544
2008-06-26,fold_1,Pre-crisis upturn + GFC onset,0.0009216524777002633,1,0.0,1,0.0,-0.0015507936477661133,0.9999252557754517,2.492736530257389e-05,4.985473060514778e-05,0,0.0
2008-06-27,fold_1,Pre-crisis upturn + GFC onset,0.0007560900412499905,1,-0.00018895813263952732,-1,-0.00018895813263952732,-0.0017394423484802246,0.9999394416809082,2.016599682974629e-05,4.033199365949258e-05,0,-1.8895813263952732
2010-04-05,fold_2,Post-crash recovery,0.004458968993276358,1,-0.006459742318838835,-1,-0.006459742318838835,-0.006459712982177734,0.9999417066574097,1.942537164723035e-05,3.88507432944607e-05,0,-64.59742318838835
2010-04-06,fold_2,Post-crash recovery,0.004323883913457394,1,-0.003991239704191685,-1,-0.003991239704191685,-0.010425150394439697,0.9999494552612305,1.6833737390697934e-05,3.366747478139587e-05,0,-39.91239704191685
2010-04-07,fold_2,Post-crash recovery,-0.0006525047356262803,-1,0.0009486044873483479,1,-0.0009486044873483479,-0.011363863945007324,0.999954342842102,1.5201938367681578e-05,3.0403876735363156e-05,0,-9.486044873483479
2010-04-08,fold_2,Post-crash recovery,0.002912040101364255,1,0.01046330388635397,1,0.01046330388635397,-0.0010194182395935059,0.9999521970748901,1.5945694030961022e-05,3.1891388061922044e-05,1,104.6330388635397
2010-04-09,fold_2,Post-crash recovery,0.004495052620768547,1,0.007042666897177696,1,0.007042666897177696,0.0060160160064697266,0.999953031539917,1.5657631593057886e-05,3.131526318611577e-05,1,70.42666897177696
2010-04-12,fold_2,Post-crash recovery,0.000973654561676085,1,0.0009253707830794156,1,0.0009253707830794156,0.006947040557861328,0.9999374151229858,2.0853154637734406e-05,4.170630927546881e-05,1,9.253707830794156
2010-04-13,fold_2,Post-crash recovery,0.0013373626861721277,1,0.0034823056776076555,1,0.0034823056776076555,0.010453581809997559,0.9999300241470337,2.3314149075304158e-05,4.6628298150608316e-05,1,34.823056776076555
2010-04-14,fold_2,Post-crash recovery,0.0031554927118122578,1,-0.005999756511300802,-1,-0.005999756511300802,0.004391074180603027,0.9999747276306152,8.41022665554192e-06,1.682045331108384e-05,0,-59.99756511300802
2010-04-15,fold_2,Post-crash recovery,0.0015938238939270377,1,-0.00515845837071538,-1,-0.00515845837071538,-0.0007900595664978027,0.9999558925628662,1.4682656001241412e-05,2.9365312002482824e-05,0,-51.5845837071538
2010-04-16,fold_2,Post-crash recovery,0.001667618635110557,1,-0.0012409078190103173,-1,-0.0012409078190103173,-0.002030014991760254,0.9999703168869019,9.904374564939644e-06,1.980874912987929e-05,0,-12.409078190103173
2010-04-19,fold_2,Post-crash recovery,0.001143875764682889,1,-0.0038692092057317495,-1,-0.0038692092057317495,-0.005891382694244385,0.9999459981918335,1.799152778403368e-05,3.598305556806736e-05,0,-38.692092057317495
2010-04-20,fold_2,Post-crash recovery,0.0023925600107759237,1,-0.0033609094098210335,-1,-0.0033609094098210335,-0.009232521057128906,0.9999611377716064,1.2957440048921853e-05,2.5914880097843707e-05,0,-33.609094098210335
2010-04-21,fold_2,Post-crash recovery,0.003148835152387619,1,-0.008957214653491974,-1,-0.008957214653491974,-0.018107056617736816,0.9999655485153198,1.1492920748423785e-05,2.298584149684757e-05,0,-89.57214653491974
2010-04-22,fold_2,Post-crash recovery,0.0026532651390880346,1,0.008592506870627403,1,0.008592506870627403,-0.009670138359069824,0.9999589920043945,1.3655483598995488e-05,2.7310967197990976e-05,1,85.92506870627403
2010-04-23,fold_2,Post-crash recovery,-0.0004410686087794602,-1,0.001286504091694951,1,-0.001286504091694951,-0.010944187641143799,0.9999685287475586,1.0495317837921903e-05,2.0990635675843805e-05,0,-12.86504091694951
2010-04-26,fold_2,Post-crash recovery,0.0026648540515452623,1,-0.01720094121992588,-1,-0.01720094121992588,-0.027956902980804443,0.9999656677246094,1.1448265468061436e-05,2.2896530936122872e-05,0,-172.0094121992588
2010-04-27,fold_2,Post-crash recovery,0.0020233418326824903,1,0.00319747650064528,1,0.00319747650064528,-0.024848878383636475,0.9999589920043945,1.3648946151079144e-05,2.729789230215829e-05,1,31.9747650064528
2010-04-28,fold_2,Post-crash recovery,0.0012709820875898004,1,0.0037932186387479305,1,0.0037932186387479305,-0.021149873733520508,0.9999747276306152,8.427655302511994e-06,1.6855310605023988e-05,1,37.932186387479305
2010-04-30,fold_2,Post-crash recovery,0.0024096728302538395,1,-0.007378703448921442,-1,-0.007378703448921442,-0.028372526168823242,0.9999716281890869,9.463679816690274e-06,1.8927359633380547e-05,0,-73.78703448921442
2010-05-06,fold_2,Post-crash recovery,0.0016312480438500643,1,0.009745693765580654,1,0.009745693765580654,-0.01890331506729126,0.9999599456787109,1.3338180906430352e-05,2.6676361812860705e-05,1,97.45693765580654
2010-05-07,fold_2,Post-crash recovery,0.005012816283851862,1,0.0018146689981222153,1,0.0018146689981222153,-0.017122924327850342,0.9999538660049438,1.538893957331311e-05,3.077787914662622e-05,1,18.146689981222153
2010-05-10,fold_2,Post-crash recovery,0.0034532228019088507,1,-0.011682657524943352,-1,-0.011682657524943352,-0.028605520725250244,0.9999814033508301,6.177710019983351e-06,1.2355420039966702e-05,0,-116.82657524943352
2010-05-11,fold_2,Post-crash recovery,0.001325437449850142,1,0.0007203565328381956,1,0.0007203565328381956,-0.027905762195587158,0.9999139308929443,2.867934381356463e-05,5.735868762712926e-05,1,7.203565328381956
2010-05-12,fold_2,Post-crash recovery,0.003919240087270737,1,-0.007750330958515406,-1,-0.007750330958515406,-0.03543978929519653,0.9999758005142212,8.055928446992766e-06,1.6111856893985532e-05,0,-77.50330958515406
2010-05-13,fold_2,Post-crash recovery,0.004361943807452917,1,-0.014436493627727032,-1,-0.014436493627727032,-0.04936462640762329,0.9999810457229614,6.333688361337408e-06,1.2667376722674817e-05,0,-144.36493627727032
2010-05-14,fold_2,Post-crash recovery,0.0023462886456400156,1,0.00266445754095912,1,0.00266445754095912,-0.046831727027893066,0.9999642372131348,1.190402872452978e-05,2.380805744905956e-05,1,26.644575409591198
2010-05-17,fold_2,Post-crash recovery,0.002603762550279498,1,-0.0172696802765131,-1,-0.0172696802765131,-0.06329262256622314,0.9999443292617798,1.8556042050477117e-05,3.7112084100954235e-05,0,-172.696802765131
2010-05-18,fold_2,Post-crash recovery,0.0028623470570892096,1,0.0176109466701746,1,0.0176109466701746,-0.04679638147354126,0.9999674558639526,1.084097402781481e-05,2.168194805562962e-05,1,176.109466701746
2010-05-19,fold_2,Post-crash recovery,0.0014495206996798515,1,0.006900882814079523,1,0.006900882814079523,-0.04021841287612915,0.9999628067016602,1.2374662219372112e-05,2.4749324438744225e-05,1,69.00882814079523
2010-05-20,fold_2,Post-crash recovery,0.002417990704998374,1,0.0070626987144351006,1,0.0070626987144351006,-0.033439815044403076,0.9999624490737915,1.2505675840657204e-05,2.501135168131441e-05,1,70.626987144351
2010-05-21,fold_2,Post-crash recovery,0.0008160541183315217,1,-0.017277510836720467,-1,-0.017277510836720467,-0.05013960599899292,0.9999570846557617,1.4303063835541252e-05,2.8606127671082504e-05,0,-172.77510836720467
2010-05-24,fold_2,Post-crash recovery,0.002698226599022746,1,-0.0003210459544789046,-1,-0.0003210459544789046,-0.05044454336166382,0.9999505281448364,1.647930548642762e-05,3.295861097285524e-05,0,-3.210459544789046
2010-05-25,fold_2,Post-crash recovery,0.0024295810144394636,1,-0.014011116698384285,-1,-0.014011116698384285,-0.06374889612197876,0.9999837875366211,5.4104302762425505e-06,1.0820860552485101e-05,0,-140.11116698384285
2010-05-26,fold_2,Post-crash recovery,0.001639426569454372,1,0.014373074285686016,1,0.014373074285686016,-0.05029207468032837,0.9999767541885376,7.761675988149364e-06,1.5523351976298727e-05,1,143.73074285686016
2010-05-27,fold_2,Post-crash recovery,0.0013176742941141129,1,-0.005989732686430216,-1,-0.005989732686430216,-0.055980563163757324,0.9999852180480957,4.93942798129865e-06,9.8788559625973e-06,0,-59.89732686430216
2010-05-28,fold_2,Post-crash recovery,0.0009127300581894815,1,0.0011304189683869481,1,0.0011304189683869481,-0.05491340160369873,0.9999792575836182,6.917237442394253e-06,1.3834474884788506e-05,1,11.304189683869481
2010-06-01,fold_2,Post-crash recovery,0.002064978703856468,1,0.000489582889713347,1,0.000489582889713347,-0.05445069074630737,0.9999680519104004,1.065031665348215e-05,2.13006333069643e-05,1,4.89582889713347
2010-06-02,fold_2,Post-crash recovery,0.0014386618277058005,1,-0.005683161783963442,-1,-0.005683161783963442,-0.05982440710067749,0.9999639987945557,1.199624875880545e-05,2.39924975176109e-05,0,-56.83161783963442
2010-06-03,fold_2,Post-crash recovery,0.0029957031365484,1,-0.01630449667572975,-1,-0.01630449667572975,-0.07515347003936768,0.9999418258666992,1.940572474268265e-05,3.88114494853653e-05,0,-163.04496675729752
2010-06-04,fold_2,Post-crash recovery,0.002616702811792493,1,-0.004018112551420927,-1,-0.004018112551420927,-0.07886964082717896,0.9999570846557617,1.4284757526183967e-05,2.8569515052367933e-05,0,-40.18112551420927
2010-06-07,fold_2,Post-crash recovery,0.001446319161914289,1,0.0041184090077877045,1,0.0041184090077877045,-0.07507604360580444,0.9999662637710571,1.1238820661674254e-05,2.2477641323348507e-05,1,41.184090077877045
2010-06-08,fold_2,Post-crash recovery,0.00036693699075840414,1,0.0016669539036229253,1,0.0016669539036229253,-0.07353430986404419,0.9999638795852661,1.204786622110987e-05,2.409573244221974e-05,1,16.669539036229253
2010-06-09,fold_2,Post-crash recovery,-0.00033795685158111155,-1,0.00975992064923048,1,-0.00975992064923048,-0.08257651329040527,0.9999805688858032,6.484168807219248e-06,1.2968337614438497e-05,0,-97.5992064923048
2010-06-10,fold_2,Post-crash recovery,0.002150990068912506,1,0.00041180214611813426,1,0.00041180214611813426,-0.08219873905181885,0.9999470710754395,1.764961598382797e-05,3.529923196765594e-05,1,4.118021461181343
2010-06-11,fold_2,Post-crash recovery,0.001876439549960196,1,0.008589374832808971,1,0.008589374832808971,-0.07431536912918091,0.9999574422836304,1.416368377249455e-05,2.83273675449891e-05,1,85.89374832808971
2010-06-14,fold_2,Post-crash recovery,0.0016129048308357596,1,0.00826606061309576,1,0.00826606061309576,-0.06666356325149536,0.9999523162841797,1.5903957319096662e-05,3.1807914638193324e-05,1,82.6606061309576
2010-06-15,fold_2,Post-crash recovery,0.003126713680103421,1,-0.0005786734400317073,-1,-0.0005786734400317073,-0.06720370054244995,0.9999557733535767,1.4723947970196605e-05,2.944789594039321e-05,0,-5.786734400317073
2010-06-16,fold_2,Post-crash recovery,-3.6408753658179194e-05,-1,0.005695778410881758,1,-0.005695778410881758,-0.07251667976379395,0.9999569654464722,1.4334599654830527e-05,2.8669199309661053e-05,0,-56.95778410881758
2010-06-17,fold_2,Post-crash recovery,0.003178515238687396,1,0.000879864557646215,1,0.000879864557646215,-0.0717005729675293,0.9999418258666992,1.940438596648164e-05,3.880877193296328e-05,1,8.79864557646215
2010-06-18,fold_2,Post-crash recovery,0.0014514460926875472,1,-0.006207311991602182,-1,-0.006207311991602182,-0.07746279239654541,0.9999768733978271,7.709722922299989e-06,1.5419445844599977e-05,0,-62.073119916021824
2010-06-21,fold_2,Post-crash recovery,0.002757605165243149,1,-0.0033265468664467335,-1,-0.0033265468664467335,-0.08053165674209595,0.9999504089355469,1.6511241483385675e-05,3.302248296677135e-05,0,-33.265468664467335
2010-06-22,fold_2,Post-crash recovery,0.00303394696675241,1,0.003584904596209526,1,0.003584904596209526,-0.07723546028137207,0.9999474287033081,1.752993011905346e-05,3.505986023810692e-05,1,35.84904596209526
2010-06-23,fold_2,Post-crash recovery,0.0012606421951204538,1,0.0014927452430129051,1,0.0014927452430129051,-0.07585799694061279,0.9999423027038574,1.9221639377065003e-05,3.8443278754130006e-05,1,14.927452430129051
2010-06-24,fold_2,Post-crash recovery,0.0005565814790315926,1,0.002882967470213771,1,0.002882967470213771,-0.07319372892379761,0.9999594688415527,1.3501266948878765e-05,2.700253389775753e-05,1,28.82967470213771
2010-06-25,fold_2,Post-crash recovery,0.001689401688054204,1,-0.007759139873087406,-1,-0.007759139873087406,-0.08038496971130371,0.9999518394470215,1.6053609215305187e-05,3.2107218430610374e-05,0,-77.59139873087406
2010-06-28,fold_2,Post-crash recovery,0.0014739945763722062,1,-0.007384906057268381,-1,-0.007384906057268381,-0.08717620372772217,0.9999244213104248,2.5183113393723033e-05,5.036622678744607e-05,0,-73.84906057268381
2010-06-29,fold_2,Post-crash recovery,0.00040121228084899485,1,0.003583511570468545,1,0.003583511570468545,-0.08390504121780396,0.9999736547470093,8.766532118897885e-06,1.753306423779577e-05,1,35.83511570468545
2013-04-05,fold_3,Eurozone debt plateau,0.0008936654776334763,1,0.004937021527439356,1,0.004937021527439356,0.0049370527267456055,0.9999350309371948,2.167100683436729e-05,4.334201366873458e-05,1,49.37021527439356
2013-04-08,fold_3,Eurozone debt plateau,0.0023324263747781515,1,0.0028665303252637386,1,0.0028665303252637386,0.007817745208740234,0.9999750852584839,8.321067980432417e-06,1.6642135960864834e-05,1,28.665303252637386
2013-04-09,fold_3,Eurozone debt plateau,0.0024732553865760565,1,0.003910965286195278,1,0.003910965286195278,0.011759281158447266,0.9999698400497437,1.0054296581074595e-05,2.010859316214919e-05,1,39.10965286195278
2013-04-10,fold_3,Eurozone debt plateau,0.002476466353982687,1,-0.0019061239436268806,-1,-0.0019061239436268806,0.009830713272094727,0.999961256980896,1.2913355931232218e-05,2.5826711862464435e-05,0,-19.061239436268806
2013-04-11,fold_3,Eurozone debt plateau,0.0020179369021207094,1,0.00455083604902029,1,0.00455083604902029,0.014426231384277344,0.9999527931213379,1.5720190276624635e-05,3.144038055324927e-05,1,45.508360490202904
2013-04-12,fold_3,Eurozone debt plateau,-6.011389268678613e-05,-1,-0.001178935170173645,-1,0.001178935170173645,0.015622258186340332,0.9999562501907349,1.4569483028026298e-05,2.9138966056052595e-05,1,11.78935170173645
2013-04-15,fold_3,Eurozone debt plateau,0.002272640122100711,1,-0.0034072035923600197,-1,-0.0034072035923600197,0.012161850929260254,0.9999727010726929,9.099187082028948e-06,1.8198374164057896e-05,0,-34.0720359236002
2013-04-16,fold_3,Eurozone debt plateau,0.0015984941273927689,1,0.009501743130385876,1,0.009501743130385876,0.02177906036376953,0.9999505281448364,1.64805260283174e-05,3.29610520566348e-05,1,95.01743130385876
2013-04-17,fold_3,Eurozone debt plateau,0.0004703197628259659,1,-0.010910171084105968,-1,-0.010910171084105968,0.010631322860717773,0.999976634979248,7.80331902205944e-06,1.560663804411888e-05,0,-109.10171084105968
2013-04-18,fold_3,Eurozone debt plateau,0.0028966679237782955,1,0.0013966822298243642,1,0.0013966822298243642,0.012042880058288574,0.9999303817749023,2.31912581512006e-05,4.63825163024012e-05,1,13.966822298243642
2013-04-19,fold_3,Eurozone debt plateau,0.0018719095969572663,1,0.0001958034554263577,1,0.0001958034554263577,0.012241125106811523,0.9999641180038452,1.1974343578913249e-05,2.3948687157826498e-05,1,1.9580345542635769
2013-04-22,fold_3,Eurozone debt plateau,0.00044292808161117136,1,0.0004571809549815953,1,0.0004571809549815953,0.012703895568847656,0.9999644756317139,1.184995926450938e-05,2.369991852901876e-05,1,4.571809549815953
2013-04-23,fold_3,Eurozone debt plateau,0.0016281584976240993,1,-0.005145795177668333,-1,-0.005145795177668333,0.007492780685424805,0.9999685287475586,1.0480584933247883e-05,2.0961169866495766e-05,0,-51.45795177668333
2013-04-24,fold_3,Eurozone debt plateau,0.0014689731178805232,1,0.0017703734338283539,1,0.0017703734338283539,0.009276390075683594,0.999972939491272,9.02587180462433e-06,1.805174360924866e-05,1,17.70373433828354
2013-04-25,fold_3,Eurozone debt plateau,0.0030920319259166718,1,-0.0007805071654729545,-1,-0.0007805071654729545,0.008488655090332031,0.9999642372131348,1.1902323421963956e-05,2.3804646843927912e-05,0,-7.805071654729545
2013-04-26,fold_3,Eurozone debt plateau,0.0028257754165679216,1,0.0027129673399031162,1,0.0027129673399031162,0.011224627494812012,0.9999724626541138,9.159206456388347e-06,1.8318412912776694e-05,1,27.129673399031162
2013-04-30,fold_3,Eurozone debt plateau,0.0013454429572448134,1,0.005530692171305418,1,0.005530692171305418,0.016817450523376465,0.9999241828918457,2.5255680156988092e-05,5.0511360313976184e-05,1,55.30692171305418
2013-05-01,fold_3,Eurozone debt plateau,0.0037996619939804077,1,0.0010545552941039205,1,0.0010545552941039205,0.017889738082885742,0.9999707937240601,9.72743691818323e-06,1.945487383636646e-05,1,10.545552941039205
2013-05-02,fold_3,Eurozone debt plateau,0.0018803291022777557,1,-0.00888423714786768,-1,-0.00888423714786768,0.008846521377563477,0.9999439716339111,1.868439903773833e-05,3.736879807547666e-05,0,-88.8423714786768
2013-05-07,fold_3,Eurozone debt plateau,0.0011623308528214693,1,0.0005231635295785964,1,0.0005231635295785964,0.009374380111694336,0.9999589920043945,1.36773942358559e-05,2.73547884717118e-05,1,5.2316352957859635
2013-05-08,fold_3,Eurozone debt plateau,-0.0008542481809854507,-1,0.00644897622987628,1,-0.00644897622987628,0.0028649568557739258,0.9999727010726929,9.096370376937557e-06,1.8192740753875114e-05,0,-64.4897622987628
2013-05-09,fold_3,Eurozone debt plateau,0.003291975473985076,1,-0.009645446203649044,-1,-0.009645446203649044,-0.006808161735534668,0.9999265670776367,2.4484348614350893e-05,4.8968697228701785e-05,0,-96.45446203649044
2013-05-10,fold_3,Eurozone debt plateau,0.003460317151620984,1,-0.005302789621055126,-1,-0.005302789621055126,-0.012074828147888184,0.9999701976776123,9.93911726254737e-06,1.987823452509474e-05,0,-53.02789621055126
2013-05-13,fold_3,Eurozone debt plateau,0.003670954843983054,1,0.0017533899517729878,1,0.0017533899517729878,-0.010342538356781006,0.9999589920043945,1.365010848530801e-05,2.730021697061602e-05,1,17.53389951772988
2013-05-14,fold_3,Eurozone debt plateau,0.0005339658819139004,1,-0.003920002840459347,-1,-0.003920002840459347,-0.014222025871276855,0.9999572038650513,1.4278099115472287e-05,2.8556198230944574e-05,0,-39.20002840459347
2013-05-15,fold_3,Eurozone debt plateau,0.004030709154903889,1,-0.004225410986691713,-1,-0.004225410986691713,-0.01838737726211548,0.9999769926071167,7.646141057193745e-06,1.529228211438749e-05,0,-42.25410986691713
2013-05-16,fold_3,Eurozone debt plateau,0.001691297977231443,1,6.449774082284421e-05,1,6.449774082284421e-05,-0.018324077129364014,0.9999748468399048,8.387719390157145e-06,1.677543878031429e-05,1,0.6449774082284421
2013-05-17,fold_3,Eurozone debt plateau,0.002799475332722068,1,-0.003696675878018141,-1,-0.003696675878018141,-0.021953046321868896,0.999951958656311,1.6000269170035608e-05,3.2000538340071216e-05,0,-36.96675878018141
2013-05-20,fold_3,Eurozone debt plateau,0.0008810224826447666,1,0.004318435210734606,1,0.004318435210734606,-0.01772940158843994,0.9999583959579468,1.3872239833290223e-05,2.7744479666580446e-05,1,43.18435210734606
2013-05-21,fold_3,Eurozone debt plateau,0.0026910235174000263,1,0.002170462626963854,1,0.002170462626963854,-0.01559746265411377,0.9999456405639648,1.810797766665928e-05,3.621595533331856e-05,1,21.70462626963854
2013-05-22,fold_3,Eurozone debt plateau,0.002528698416426778,1,-0.005958682391792536,-1,-0.005958682391792536,-0.021463215351104736,0.9999779462814331,7.329781965381699e-06,1.4659563930763397e-05,0,-59.58682391792536
2013-05-23,fold_3,Eurozone debt plateau,-0.0007805218338035047,-1,0.006462528370320797,1,-0.006462528370320797,-0.02778702974319458,0.9999456405639648,1.8099168300977908e-05,3.6198336601955816e-05,0,-64.62528370320797
2013-05-24,fold_3,Eurozone debt plateau,0.002956398529931903,1,0.0009831828065216541,1,0.0009831828065216541,-0.026831090450286865,0.9999754428863525,8.176290975825395e-06,1.635258195165079e-05,1,9.831828065216541
2013-05-28,fold_3,Eurozone debt plateau,0.004243387375026941,1,-0.006770005449652672,-1,-0.006770005449652672,-0.03341943025588989,0.9999678134918213,1.0721502803789917e-05,2.1443005607579835e-05,0,-67.70005449652672
2013-05-29,fold_3,Eurozone debt plateau,0.0016135219484567642,1,0.007898152805864811,1,0.007898152805864811,-0.02578514814376831,0.9999531507492065,1.559817246743478e-05,3.119634493486956e-05,1,78.98152805864811
2013-05-30,fold_3,Eurozone debt plateau,0.002084135776385665,1,0.007421950809657574,1,0.007421950809657574,-0.01855456829071045,0.999954104423523,1.5298010112019256e-05,3.059602022403851e-05,1,74.21950809657574
2013-05-31,fold_3,Eurozone debt plateau,0.0010112269083037972,1,-0.0036389913875609636,-1,-0.0036389913875609636,-0.02212601900100708,0.9999736547470093,8.789744242676534e-06,1.7579488485353068e-05,0,-36.389913875609636
2013-06-03,fold_3,Eurozone debt plateau,-0.0008861111709848046,-1,0.005882744211703539,1,-0.005882744211703539,-0.02787858247756958,0.9999558925628662,1.471762061555637e-05,2.943524123111274e-05,0,-58.82744211703539
2013-06-04,fold_3,Eurozone debt plateau,0.00042781440424732864,1,3.9302009099628776e-05,1,3.9302009099628776e-05,-0.02784031629562378,0.9999792575836182,6.910728188813664e-06,1.3821456377627328e-05,1,0.39302009099628776
2013-06-05,fold_3,Eurozone debt plateau,0.002954259281978011,1,0.0015187669778242707,1,0.0015187669778242707,-0.026363849639892578,0.9999521970748901,1.5932926544337533e-05,3.186585308867507e-05,1,15.187669778242707
2013-06-06,fold_3,Eurozone debt plateau,0.0007615787908434868,1,0.011629591695964336,1,0.011629591695964336,-0.015040874481201172,0.9999520778656006,1.595806133991573e-05,3.191612267983146e-05,1,116.29591695964336
2013-06-07,fold_3,Eurozone debt plateau,0.0011112422216683626,1,-0.0016265598824247718,-1,-0.0016265598824247718,-0.016642987728118896,0.999962329864502,1.2544744095066562e-05,2.5089488190133125e-05,0,-16.265598824247718
2013-06-10,fold_3,Eurozone debt plateau,0.00041390510159544647,1,0.0,1,0.0,-0.016642987728118896,0.9999492168426514,1.690646786300931e-05,3.381293572601862e-05,0,0.0
2013-06-11,fold_3,Eurozone debt plateau,0.003536573378369212,1,0.0,1,0.0,-0.016642987728118896,0.9999653100967407,1.1572321454877965e-05,2.314464290975593e-05,0,0.0
2013-06-12,fold_3,Eurozone debt plateau,0.00010406933870399371,1,0.008737497963011265,1,0.008737497963011265,-0.008050978183746338,0.9999570846557617,1.4294608263298869e-05,2.8589216526597738e-05,1,87.37497963011265
2013-06-13,fold_3,Eurozone debt plateau,9.36544529395178e-05,1,0.002125462982803583,1,0.002125462982803583,-0.005942583084106445,0.9999697208404541,1.0099245628225617e-05,2.0198491256451234e-05,1,21.25462982803583
2013-06-14,fold_3,Eurozone debt plateau,0.0019526409450918436,1,-0.0014417035272344947,-1,-0.0014417035272344947,-0.0073757171630859375,0.9999648332595825,1.1711931620084215e-05,2.342386324016843e-05,0,-14.417035272344947
2013-06-17,fold_3,Eurozone debt plateau,0.0011435477063059807,1,0.001082459231838584,1,0.001082459231838584,-0.006301283836364746,0.9999785423278809,7.159998858696781e-06,1.4319997717393562e-05,1,10.82459231838584
2013-06-18,fold_3,Eurozone debt plateau,0.0015342790866270661,1,0.0020085156429558992,1,0.0020085156429558992,-0.004305362701416016,0.9999271631240845,2.4289771317853592e-05,4.8579542635707185e-05,1,20.085156429558992
2013-06-19,fold_3,Eurozone debt plateau,0.002353028627112508,1,-0.007323887664824724,-1,-0.007323887664824724,-0.011597692966461182,0.9999552965164185,1.4898774679750204e-05,2.9797549359500408e-05,0,-73.23887664824724
2013-06-20,fold_3,Eurozone debt plateau,0.0008520427509211004,1,-0.004235328175127506,-1,-0.004235328175127506,-0.01578390598297119,0.9999511241912842,1.627223718969617e-05,3.254447437939234e-05,0,-42.35328175127506
2013-06-21,fold_3,Eurozone debt plateau,-0.00038870584103278816,-1,-0.009842113591730595,-1,0.009842113591730595,-0.006097078323364258,0.999947190284729,1.7604572349227965e-05,3.520914469845593e-05,1,98.42113591730595
2013-06-24,fold_3,Eurozone debt plateau,0.002030628500506282,1,0.002061850391328335,1,0.002061850391328335,-0.004047811031341553,0.999962329864502,1.2563685231725685e-05,2.512737046345137e-05,1,20.618503913283348
2013-06-25,fold_3,Eurozone debt plateau,0.0014949910109862685,1,-0.004002472851425409,-1,-0.004002472851425409,-0.008034050464630127,0.9999569654464722,1.434365549357608e-05,2.868731098715216e-05,0,-40.02472851425409
2013-06-26,fold_3,Eurozone debt plateau,-0.0005885952268727124,-1,-0.00507523724809289,-1,0.00507523724809289,-0.002999603748321533,0.9999041557312012,3.1960498745320365e-05,6.392099749064073e-05,1,50.7523724809289
2013-06-27,fold_3,Eurozone debt plateau,0.003342393785715103,1,0.0017338114557787776,1,0.0017338114557787776,-0.0012710094451904297,0.999924898147583,2.5039184038178064e-05,5.007836807635613e-05,1,17.338114557787776
2015-07-01,fold_4,Strong USD downturn,0.0008946778252720833,1,-0.009102738462388515,-1,-0.009102738462388515,-0.00910276174545288,0.9999542236328125,1.5241924302245025e-05,3.048384860449005e-05,0,-91.02738462388515
2015-07-02,fold_4,Strong USD downturn,0.00037226593121886253,1,0.004833896644413471,1,0.004833896644413471,-0.0043128132820129395,0.9999593496322632,1.3555294572142884e-05,2.7110589144285768e-05,1,48.33896644413471
2015-07-06,fold_4,Strong USD downturn,0.000939908844884485,1,0.00490582687780261,1,0.00490582687780261,0.0005718469619750977,0.9999592304229736,1.3594745723821688e-05,2.7189491447643377e-05,1,49.058268778026104
2015-07-07,fold_4,Strong USD downturn,0.0018287973944097757,1,-0.003534203628078103,-1,-0.003534203628078103,-0.0029643774032592773,0.9999722242355347,9.247450179827865e-06,1.849490035965573e-05,0,-35.34203628078103
2015-07-08,fold_4,Strong USD downturn,0.00291711138561368,1,0.005546563304960728,1,0.005546563304960728,0.002565741539001465,0.9999462366104126,1.7923273844644427e-05,3.5846547689288855e-05,1,55.46563304960728
2015-07-09,fold_4,Strong USD downturn,0.0020227190107107162,1,-0.0007190668839029968,-1,-0.0007190668839029968,0.0018448829650878906,0.9999743700027466,8.55677262734389e-06,1.711354525468778e-05,0,-7.190668839029968
2015-07-10,fold_4,Strong USD downturn,-2.5035440557985567e-05,-1,0.005965179298073053,1,-0.005965179298073053,-0.004131317138671875,0.9999250173568726,2.4988008590298705e-05,4.997601718059741e-05,0,-59.651792980730534
2015-07-13,fold_4,Strong USD downturn,0.0006805643788538873,1,-0.012452283874154091,-1,-0.012452283874154091,-0.016532182693481445,0.9999703168869019,9.875448085949756e-06,1.9750896171899512e-05,0,-124.52283874154091
2015-07-14,fold_4,Strong USD downturn,0.0019399840384721756,1,0.0015961879398673773,1,0.0015961879398673773,-0.014962375164031982,0.9999722242355347,9.249921276932582e-06,1.8499842553865165e-05,1,15.961879398673773
2015-07-15,fold_4,Strong USD downturn,0.0021572913974523544,1,-0.005854768678545952,-1,-0.005854768678545952,-0.020729541778564453,0.9999085664749146,3.0481998692266643e-05,6.0963997384533286e-05,0,-58.54768678545952
2015-07-16,fold_4,Strong USD downturn,0.0012810410698875785,1,-0.005257993470877409,-1,-0.005257993470877409,-0.025878489017486572,0.9999450445175171,1.8323240510653704e-05,3.664648102130741e-05,0,-52.57993470877409
2015-07-17,fold_4,Strong USD downturn,0.0014716223813593388,1,-0.005122730508446693,-1,-0.005122730508446693,-0.03086864948272705,0.9999333620071411,2.222635521320626e-05,4.445271042641252e-05,0,-51.227305084466934
2015-07-21,fold_4,Strong USD downturn,0.0014005027478560805,1,0.00964904110878706,1,0.00964904110878706,-0.021517455577850342,0.9999498128890991,1.671378777245991e-05,3.342757554491982e-05,1,96.4904110878706
2015-07-22,fold_4,Strong USD downturn,0.0018020280404016376,1,-0.0011801107320934534,-1,-0.0011801107320934534,-0.022672176361083984,0.9999595880508423,1.344781048828736e-05,2.689562097657472e-05,0,-11.801107320934534
2015-07-23,fold_4,Strong USD downturn,0.003299833508208394,1,0.005670242477208376,1,0.005670242477208376,-0.017130553722381592,0.9999493360519409,1.68774276971817e-05,3.37548553943634e-05,1,56.70242477208376
2015-07-24,fold_4,Strong USD downturn,0.0008241206523962319,1,-0.0015141702024266124,-1,-0.0015141702024266124,-0.01861882209777832,0.9999674558639526,1.0840417417057324e-05,2.168083483411465e-05,0,-15.141702024266124
2015-07-27,fold_4,Strong USD downturn,0.0013118719216436148,1,0.010724127292633057,1,0.010724127292633057,-0.008094429969787598,0.9999581575393677,1.3926715837442316e-05,2.7853431674884632e-05,1,107.24127292633057
2015-07-28,fold_4,Strong USD downturn,0.0010949313873425126,1,-0.0021689776331186295,-1,-0.0021689776331186295,-0.010245800018310547,0.999961256980896,1.2926829185744282e-05,2.5853658371488564e-05,0,-21.689776331186295
2015-07-29,fold_4,Strong USD downturn,-0.0006528740632347763,-1,-0.007403244264423847,-1,0.007403244264423847,-0.002918422222137451,0.9999732971191406,8.880132554622833e-06,1.7760265109245665e-05,1,74.03244264423847
2015-07-30,fold_4,Strong USD downturn,0.00046973975258879364,1,-0.004080268554389477,-1,-0.004080268554389477,-0.006986796855926514,0.9999529123306274,1.5698213246650994e-05,3.139642649330199e-05,0,-40.80268554389477
2015-07-31,fold_4,Strong USD downturn,0.0015198126202449203,1,0.0027202083729207516,1,0.0027202083729207516,-0.004285573959350586,0.9999591112136841,1.3644775208376814e-05,2.7289550416753627e-05,1,27.202083729207516
2015-08-03,fold_4,Strong USD downturn,0.0018484963802620769,1,-0.0011831811862066388,-1,-0.0011831811862066388,-0.005463659763336182,0.9999415874481201,1.9454813809716143e-05,3.8909627619432285e-05,0,-11.831811862066388
2015-08-04,fold_4,Strong USD downturn,0.002564514521509409,1,-0.006119636818766594,-1,-0.006119636818766594,-0.011549830436706543,0.9999570846557617,1.4320517038868275e-05,2.864103407773655e-05,0,-61.19636818766594
2015-08-05,fold_4,Strong USD downturn,0.0011593442177399993,1,0.0012975219869986176,1,0.0012975219869986176,-0.010267317295074463,0.9999401569366455,1.9940658603445627e-05,3.9881317206891254e-05,1,12.975219869986176
2015-08-06,fold_4,Strong USD downturn,0.0016360421432182193,1,0.0021963249891996384,1,0.0021963249891996384,-0.008093535900115967,0.9999706745147705,9.759265594766475e-06,1.951853118953295e-05,1,21.963249891996384
2015-08-07,fold_4,Strong USD downturn,0.0018518870929256082,1,0.0034758939873427153,1,0.0034758939873427153,-0.0046457648277282715,0.999937891960144,2.0699486412922852e-05,4.1398972825845703e-05,1,34.75893987342715
2015-08-10,fold_4,Strong USD downturn,0.0003110695688519627,1,0.004737264011055231,1,0.004737264011055231,6.949901580810547e-05,0.9999527931213379,1.5745850760140456e-05,3.149170152028091e-05,1,47.37264011055231
2015-08-11,fold_4,Strong USD downturn,0.002293819095939398,1,0.0022746871691197157,1,0.0022746871691197157,0.0023442506790161133,0.999936580657959,2.114729068125598e-05,4.229458136251196e-05,1,22.746871691197157
2015-08-12,fold_4,Strong USD downturn,-0.00013608076551463455,-1,0.010770364664494991,1,-0.010770364664494991,-0.008451402187347412,0.9999790191650391,6.977094926696736e-06,1.3954189853393473e-05,0,-107.70364664494991
2015-08-13,fold_4,Strong USD downturn,0.0018577411537989974,1,0.0,1,0.0,-0.008451402187347412,0.9999464750289917,1.7844466128735803e-05,3.5688932257471606e-05,0,0.0
2015-08-14,fold_4,Strong USD downturn,0.0013379398733377457,1,-0.0060900431126356125,-1,-0.0060900431126356125,-0.014489948749542236,0.9999759197235107,8.006022653717082e-06,1.6012045307434164e-05,0,-60.900431126356125
2015-08-17,fold_4,Strong USD downturn,0.002076435135677457,1,-0.0013515696628019214,-1,-0.0013515696628019214,-0.01582193374633789,0.9999628067016602,1.2382381100906059e-05,2.4764762201812118e-05,0,-13.515696628019214
2015-08-18,fold_4,Strong USD downturn,0.00018224566883873194,1,-0.004257874097675085,-1,-0.004257874097675085,-0.02001243829727173,0.9999673366546631,1.0902981557592284e-05,2.1805963115184568e-05,0,-42.57874097675085
2015-08-19,fold_4,Strong USD downturn,0.002949807792901993,1,0.00790493655949831,1,0.00790493655949831,-0.01226574182510376,0.9999306201934814,2.313533150299918e-05,4.627066300599836e-05,1,79.0493655949831
2015-08-20,fold_4,Strong USD downturn,0.001984776696190238,1,0.010697606019675732,1,0.010697606019675732,-0.0016993284225463867,0.9999700784683228,9.981795301428065e-06,1.996359060285613e-05,1,106.97606019675732
2015-08-21,fold_4,Strong USD downturn,0.000129995503812097,1,0.012457658536732197,1,0.012457658536732197,0.010737061500549316,0.999966025352478,1.1340011951688211e-05,2.2680023903376423e-05,1,124.57658536732197
2015-08-24,fold_4,Strong USD downturn,0.001057530753314495,1,0.018115969374775887,1,0.018115969374775887,0.029047608375549316,0.9999681711196899,1.0594478226266801e-05,2.1188956452533603e-05,1,181.15969374775887
2015-08-25,fold_4,Strong USD downturn,0.0007851682603359222,1,-0.00277227396145463,-1,-0.00277227396145463,0.02619481086730957,0.9999672174453735,1.0923641639237758e-05,2.1847283278475516e-05,0,-27.7227396145463
2015-08-26,fold_4,Strong USD downturn,0.0016566021367907524,1,-0.018257446587085724,-1,-0.018257446587085724,0.007459163665771484,0.9999768733978271,7.698897206864785e-06,1.539779441372957e-05,0,-182.57446587085724
2015-08-27,fold_4,Strong USD downturn,0.002994624665006995,1,-0.008121015504002571,-1,-0.008121015504002571,-0.0007224082946777344,0.9999384880065918,2.048355236183852e-05,4.096710472367704e-05,0,-81.21015504002571
2015-08-28,fold_4,Strong USD downturn,0.0019578286446630955,1,-0.0030165945645421743,-1,-0.0030165945645421743,-0.0037367939949035645,0.9999603033065796,1.323743344983086e-05,2.647486689966172e-05,0,-30.165945645421743
2015-08-31,fold_4,Strong USD downturn,0.001937127555720508,1,0.001055276719853282,1,0.001055276719853282,-0.0026854872703552246,0.9999762773513794,7.923546036181506e-06,1.584709207236301e-05,1,10.55276719853282
2015-09-01,fold_4,Strong USD downturn,1.2940913620695937e-05,1,0.006019366439431906,1,0.006019366439431906,0.003317713737487793,0.9999502897262573,1.655045161896851e-05,3.310090323793702e-05,1,60.19366439431906
2015-09-02,fold_4,Strong USD downturn,0.002983566140756011,1,-0.006853028200566769,-1,-0.006853028200566769,-0.003558039665222168,0.9999327659606934,2.239892455691006e-05,4.479784911382012e-05,0,-68.53028200566769
2015-09-03,fold_4,Strong USD downturn,0.0019522171933203936,1,-0.008032885380089283,-1,-0.008032885380089283,-0.0115622878074646,0.9999698400497437,1.0055987331725191e-05,2.0111974663450383e-05,0,-80.32885380089283
2015-09-04,fold_4,Strong USD downturn,0.001234852010384202,1,0.002341874875128269,1,0.002341874875128269,-0.00924748182296753,0.9999620914459229,1.2622611393453553e-05,2.5245222786907107e-05,1,23.418748751282692
2015-09-08,fold_4,Strong USD downturn,0.00417741946876049,1,0.0038888398557901382,1,0.0038888398557901382,-0.005394577980041504,0.9999524354934692,1.5831730706850067e-05,3.1663461413700134e-05,1,38.88839855790138
2015-09-09,fold_4,Strong USD downturn,0.0019577243365347385,1,0.0011893943883478642,1,0.0011893943883478642,-0.0042116641998291016,0.9999525547027588,1.5813235222594813e-05,3.1626470445189625e-05,1,11.893943883478642
2015-09-10,fold_4,Strong USD downturn,0.0001569088635733351,1,0.006255229003727436,1,0.006255229003727436,0.0020172595977783203,0.9999696016311646,1.0113481948792469e-05,2.0226963897584938e-05,1,62.55229003727436
2015-09-11,fold_4,Strong USD downturn,-0.0007194908685050905,-1,0.004707816056907177,1,-0.004707816056907177,-0.00270003080368042,0.9999589920043945,1.3659748219652101e-05,2.7319496439304203e-05,0,-47.07816056907177
2015-09-14,fold_4,Strong USD downturn,-0.0008857703069224954,-1,-0.003211408853530884,-1,0.003211408853530884,0.0005027055740356445,0.9999706745147705,9.780163964023814e-06,1.9560327928047627e-05,1,32.11408853530884
2015-09-15,fold_4,Strong USD downturn,0.0018679561326280236,1,-0.0031674618367105722,-1,-0.0031674618367105722,-0.0026663541793823242,0.9999628067016602,1.2384647561702877e-05,2.4769295123405755e-05,0,-31.674618367105722
2015-09-16,fold_4,Strong USD downturn,0.0012243129312992096,1,0.0017954690847545862,1,0.0017954690847545862,-0.0008757114410400391,0.99994957447052,1.6801404854049906e-05,3.360280970809981e-05,1,17.954690847545862
2015-09-17,fold_4,Strong USD downturn,0.0012433130759745836,1,0.00964523945003748,1,0.00964523945003748,0.008761048316955566,0.9999781847000122,7.263600764417788e-06,1.4527201528835576e-05,1,96.4523945003748
2015-09-18,fold_4,Strong USD downturn,0.0014396775513887405,1,-0.009553097188472748,-1,-0.009553097188472748,-0.0008757114410400391,0.9999488592147827,1.7024407497956418e-05,3.4048814995912835e-05,0,-95.53097188472748
2015-09-24,fold_4,Strong USD downturn,0.0023766166996210814,1,-0.0009837218094617128,-1,-0.0009837218094617128,-0.0018585920333862305,0.999957799911499,1.4063035450817551e-05,2.8126070901635103e-05,0,-9.837218094617128
2015-09-25,fold_4,Strong USD downturn,-0.0013739103451371193,-1,0.0020386953838169575,1,-0.0020386953838169575,-0.0038934946060180664,0.9999473094940186,1.754782715579495e-05,3.50956543115899e-05,0,-20.386953838169575
2015-09-28,fold_4,Strong USD downturn,0.0006344798021018505,1,0.0026168806944042444,1,0.0026168806944042444,-0.0012868046760559082,0.9999645948410034,1.1782342880906072e-05,2.3564685761812143e-05,1,26.168806944042444
2015-09-29,fold_4,Strong USD downturn,0.0028119897469878197,1,0.002217428293079138,1,0.002217428293079138,0.0009278059005737305,0.9999527931213379,1.571900247654412e-05,3.143800495308824e-05,1,22.174282930791378
2015-09-30,fold_4,Strong USD downturn,0.0002611452655401081,1,-0.007451786659657955,-1,-0.007451786659657955,-0.006530880928039551,0.9999786615371704,7.104480118869105e-06,1.420896023773821e-05,0,-74.51786659657955
2015-10-01,fold_4,Strong USD downturn,0.002931516617536545,1,0.0019140391377732158,1,0.0019140391377732158,-0.004629373550415039,0.9999457597732544,1.8063643437926657e-05,3.6127286875853315e-05,1,19.140391377732158
2015-10-02,fold_4,Strong USD downturn,0.0019560656510293484,1,0.002997632836923003,1,0.002997632836923003,-0.0016456246376037598,0.9999432563781738,1.8901666408055462e-05,3.7803332816110924e-05,1,29.976328369230032
2015-10-05,fold_4,Strong USD downturn,0.0029935070779174566,1,-0.0028323756996542215,-1,-0.0028323756996542215,-0.004473328590393066,0.9999668598175049,1.1050963621528354e-05,2.2101927243056707e-05,0,-28.323756996542215
2015-10-06,fold_4,Strong USD downturn,0.0020713123958557844,1,0.006501608993858099,1,0.006501608993858099,0.0019991397857666016,0.9999443292617798,1.8572358385426924e-05,3.714471677085385e-05,1,65.01608993858099
2015-10-07,fold_4,Strong USD downturn,-0.0001223566068802029,-1,-0.0024840589612722397,-1,0.0024840589612722397,0.004488229751586914,0.9999594688415527,1.3513163139577955e-05,2.702632627915591e-05,1,24.840589612722397
2015-10-08,fold_4,Strong USD downturn,0.0017443541437387466,1,0.004176144953817129,1,0.004176144953817129,0.008683085441589355,0.9999717473983765,9.412246072315611e-06,1.8824492144631222e-05,1,41.76144953817129
2015-10-09,fold_4,Strong USD downturn,0.00042414182098582387,1,0.007356438785791397,1,0.007356438785791397,0.016103386878967285,0.9999713897705078,9.540568498778157e-06,1.9081136997556314e-05,1,73.56438785791397
2015-10-13,fold_4,Strong USD downturn,0.001197667676024139,1,0.0025958227925002575,1,0.0025958227925002575,0.01874101161956787,0.999955415725708,1.486411474616034e-05,2.972822949232068e-05,1,25.958227925002575
2015-10-14,fold_4,Strong USD downturn,0.0016100447392091155,1,0.007952532730996609,1,0.007952532730996609,0.026842594146728516,0.9999581575393677,1.395898016198771e-05,2.791796032397542e-05,1,79.52532730996609
2015-10-15,fold_4,Strong USD downturn,0.0012195734307169914,1,-0.009355970658361912,-1,-0.009355970658361912,0.017235517501831055,0.9999784231185913,7.18114870323916e-06,1.436229740647832e-05,0,-93.55970658361912
2015-10-16,fold_4,Strong USD downturn,8.830614206090104e-06,1,-0.0006248753634281456,-1,-0.0006248753634281456,0.01659989356994629,0.9999340772628784,2.1963684048387222e-05,4.3927368096774444e-05,0,-6.2487536342814565
2015-10-19,fold_4,Strong USD downturn,4.7284924221457914e-05,1,-0.002820884808897972,-1,-0.002820884808897972,0.013732194900512695,0.9999485015869141,1.7147876860690303e-05,3.4295753721380606e-05,0,-28.20884808897972
2015-10-20,fold_4,Strong USD downturn,0.004618890583515167,1,0.002202671719714999,1,0.002202671719714999,0.01596510410308838,0.9999665021896362,1.1155306310683955e-05,2.231061262136791e-05,1,22.026717197149992
2015-10-21,fold_4,Strong USD downturn,0.0017436323687434196,1,-0.0005220280727371573,-1,-0.0005220280727371573,0.015434741973876953,0.9999592304229736,1.3593846233561635e-05,2.718769246712327e-05,0,-5.2202807273715734
2015-10-22,fold_4,Strong USD downturn,0.0016006088117137551,1,-0.023535992950201035,-1,-0.023535992950201035,-0.008464515209197998,0.9999676942825317,1.0771344932436477e-05,2.1542689864872955e-05,0,-235.35992950201035
2015-10-23,fold_4,Strong USD downturn,0.0015073533868417144,1,-0.005466054193675518,-1,-0.005466054193675518,-0.013884305953979492,0.9999512434005737,1.624515061848797e-05,3.249030123697594e-05,0,-54.66054193675518
2015-10-26,fold_4,Strong USD downturn,0.0013186385622248054,1,0.004138649441301823,1,0.004138649441301823,-0.009803056716918945,0.9999582767486572,1.3916450370743405e-05,2.783290074148681e-05,1,41.38649441301823
2015-10-27,fold_4,Strong USD downturn,0.003911993931978941,1,-0.002615799428895116,-1,-0.002615799428895116,-0.01239323616027832,0.9999511241912842,1.6286448953906074e-05,3.257289790781215e-05,0,-26.15799428895116
2015-10-28,fold_4,Strong USD downturn,0.0008242581388913095,1,-0.00979236513376236,-1,-0.00979236513376236,-0.022064268589019775,0.9999732971191406,8.914480531529989e-06,1.7828961063059978e-05,0,-97.9236513376236
2015-10-29,fold_4,Strong USD downturn,0.0029611827339977026,1,0.005936706904321909,1,0.005936706904321909,-0.016258537769317627,0.9999836683273315,5.455236987472745e-06,1.091047397494549e-05,1,59.36706904321909
2015-10-30,fold_4,Strong USD downturn,0.00440991623327136,1,0.0029219379648566246,1,0.0029219379648566246,-0.013384103775024414,0.9999526739120483,1.577125658513978e-05,3.154251317027956e-05,1,29.219379648566246
2015-11-02,fold_4,Strong USD downturn,0.003095695050433278,1,-0.0009033163660205901,-1,-0.0009033163660205901,-0.014275312423706055,0.9999676942825317,1.076690932677593e-05,2.153381865355186e-05,0,-9.0331636602059
2015-11-04,fold_4,Strong USD downturn,0.0009991258848458529,1,-0.008748723194003105,-1,-0.008748723194003105,-0.022899150848388672,0.9999686479568481,1.0433500392537098e-05,2.0867000785074197e-05,0,-87.48723194003105
2015-11-05,fold_4,Strong USD downturn,0.002539620501920581,1,0.0014692713739350438,1,0.0014692713739350438,-0.021463513374328613,0.9999604225158691,1.3201736692280974e-05,2.640347338456195e-05,1,14.692713739350438
2015-11-06,fold_4,Strong USD downturn,0.0014001306844875216,1,-0.013835355639457703,-1,-0.013835355639457703,-0.035001933574676514,0.999945878982544,1.8036587789538316e-05,3.607317557907663e-05,0,-138.35355639457703
2015-11-09,fold_4,Strong USD downturn,0.002666027983650565,1,0.0024317402858287096,1,0.0024317402858287096,-0.032655298709869385,0.9999608993530273,1.3040448720857967e-05,2.6080897441715933e-05,1,24.317402858287096
2015-11-10,fold_4,Strong USD downturn,0.0025824529584497213,1,-0.002040166174992919,-1,-0.002040166174992919,-0.03462880849838257,0.99994957447052,1.6822850739117712e-05,3.3645701478235424e-05,0,-20.40166174992919
2015-11-11,fold_4,Strong USD downturn,0.00011021504178643227,1,0.0023678515572100878,1,0.0023678515572100878,-0.03234297037124634,0.9999353885650635,2.151617627532687e-05,4.303235255065374e-05,1,23.678515572100878
2015-11-12,fold_4,Strong USD downturn,0.0032976444344967604,1,0.004834278021007776,1,0.004834278021007776,-0.027665019035339355,0.9999769926071167,7.682005161768757e-06,1.5364010323537514e-05,1,48.34278021007776
2015-11-13,fold_4,Strong USD downturn,0.0028330576606094837,1,-0.01063578575849533,-1,-0.01063578575849533,-0.03800654411315918,0.999954342842102,1.522284401289653e-05,3.044568802579306e-05,0,-106.35785758495331
2015-11-16,fold_4,Strong USD downturn,0.0017050562892109156,1,-0.0011222391622141004,-1,-0.0011222391622141004,-0.039086103439331055,0.9999505281448364,1.6476020391564816e-05,3.295204078312963e-05,0,-11.222391622141004
2015-11-17,fold_4,Strong USD downturn,0.0010099764913320541,1,-0.004129724111407995,-1,-0.004129724111407995,-0.043054401874542236,0.9999688863754272,1.035792229231447e-05,2.071584458462894e-05,0,-41.29724111407995
2015-11-18,fold_4,Strong USD downturn,0.00040276310755871236,1,0.0024539949372410774,1,0.0024539949372410774,-0.04070603847503662,0.9999668598175049,1.105222418118501e-05,2.210444836237002e-05,1,24.539949372410774
2015-11-19,fold_4,Strong USD downturn,-0.0001750052033457905,-1,0.005266564432531595,1,-0.005266564432531595,-0.045758187770843506,0.9999669790267944,1.1011073183908593e-05,2.2022146367817186e-05,0,-52.66564432531595
2015-11-20,fold_4,Strong USD downturn,0.0016795321134850383,1,-0.007938201539218426,-1,-0.007938201539218426,-0.053333163261413574,0.9999512434005737,1.62424476002343e-05,3.24848952004686e-05,0,-79.38201539218426
2015-11-24,fold_4,Strong USD downturn,0.0044427975080907345,1,0.00017037845100276172,1,0.00017037845100276172,-0.05317187309265137,0.9999475479125977,1.748477552609984e-05,3.496955105219968e-05,1,1.7037845100276172
2015-11-25,fold_4,Strong USD downturn,0.0004668127803597599,1,-0.0017743892967700958,-1,-0.0017743892967700958,-0.05485188961029053,0.9999668598175049,1.1035704119422007e-05,2.2071408238844015e-05,0,-17.74389296770096
2015-11-27,fold_4,Strong USD downturn,0.002633362542837858,1,-0.002021322725340724,-1,-0.002021322725340724,-0.05676233768463135,0.9999668598175049,1.102961596188834e-05,2.205923192377668e-05,0,-20.21322725340724
2015-11-30,fold_4,Strong USD downturn,0.0012369893956929445,1,-0.0009516000864095986,-1,-0.0009516000864095986,-0.057659924030303955,0.9999353885650635,2.151701664843131e-05,4.303403329686262e-05,0,-9.516000864095986
2015-12-01,fold_4,Strong USD downturn,0.0014234642731025815,1,0.0050048306584358215,1,0.0050048306584358215,-0.052943646907806396,0.9999587535858154,1.375234751321841e-05,2.750469502643682e-05,1,50.048306584358215
2015-12-02,fold_4,Strong USD downturn,0.001541698002256453,1,-0.0012098338920623064,-1,-0.0012098338920623064,-0.05408942699432373,0.9999629259109497,1.2358217645669356e-05,2.4716435291338712e-05,0,-12.098338920623064
2015-12-03,fold_4,Strong USD downturn,0.002077477052807808,1,0.02854517288506031,1,0.02854517288506031,-0.027088284492492676,0.9999634027481079,1.2203816368128173e-05,2.4407632736256346e-05,1,285.4517288506031
2015-12-04,fold_4,Strong USD downturn,-0.0006143158534541726,-1,-0.0029278246220201254,-1,0.0029278246220201254,-0.024239838123321533,0.9999852180480957,4.918623744742945e-06,9.83724748948589e-06,1,29.278246220201254
2015-12-07,fold_4,Strong USD downturn,0.0014720138860866427,1,-0.004593567457050085,-1,-0.004593567457050085,-0.028722047805786133,0.9999635219573975,1.2142822924943175e-05,2.428564584988635e-05,0,-45.93567457050085
2015-12-08,fold_4,Strong USD downturn,-0.0005393536994233727,-1,0.005534087773412466,1,-0.005534087773412466,-0.03409719467163086,0.9999561309814453,1.4615849977417383e-05,2.9231699954834767e-05,0,-55.34087773412466
2015-12-09,fold_4,Strong USD downturn,0.002621282357722521,1,0.011381609365344048,1,0.011381609365344048,-0.023103654384613037,0.9999547004699707,1.510065430920804e-05,3.020130861841608e-05,1,113.81609365344048
2015-12-10,fold_4,Strong USD downturn,0.0011489598546177149,1,-0.006338960491120815,-1,-0.006338960491120815,-0.029296159744262695,0.9999707937240601,9.71738245425513e-06,1.943476490851026e-05,0,-63.38960491120815
2015-12-11,fold_4,Strong USD downturn,0.002876069163903594,1,0.0032732149120420218,1,0.0032732149120420218,-0.026118814945220947,0.9999604225158691,1.317052920057904e-05,2.634105840115808e-05,1,32.73214912042022
2015-12-14,fold_4,Strong USD downturn,0.0026473794132471085,1,0.0008245063363574445,1,0.0008245063363574445,-0.02531588077545166,0.9999788999557495,7.016447852947749e-06,1.4032895705895498e-05,1,8.245063363574445
2015-12-15,fold_4,Strong USD downturn,0.0013067778199911118,1,-0.005162013694643974,-1,-0.005162013694643974,-0.030347228050231934,0.9999558925628662,1.4706458387081511e-05,2.9412916774163023e-05,0,-51.62013694643974
2015-12-16,fold_4,Strong USD downturn,0.0017427959246560931,1,-0.005643780343234539,-1,-0.005643780343234539,-0.03581976890563965,0.9999333620071411,2.2229123715078458e-05,4.4458247430156916e-05,0,-56.43780343234539
2015-12-17,fold_4,Strong USD downturn,0.001662385300733149,1,-0.002797894412651658,-1,-0.002797894412651658,-0.03851747512817383,0.9999302625656128,2.325304194528144e-05,4.650608389056288e-05,0,-27.97894412651658
2015-12-18,fold_4,Strong USD downturn,0.0003738071827683598,1,0.0023806451354175806,1,0.0023806451354175806,-0.03622853755950928,0.9999551773071289,1.4920755347702652e-05,2.9841510695405304e-05,1,23.806451354175806
2015-12-21,fold_4,Strong USD downturn,0.0015455993125215173,1,0.003961352631449699,1,0.003961352631449699,-0.03241074085235596,0.9999748468399048,8.385407454625238e-06,1.6770814909250475e-05,1,39.613526314496994
2015-12-22,fold_4,Strong USD downturn,0.0007502462831325829,1,0.003394516184926033,1,0.003394516184926033,-0.029126286506652832,0.9999302625656128,2.3252867322298698e-05,4.6505734644597396e-05,1,33.94516184926033
2015-12-24,fold_4,Strong USD downturn,0.0009092646650969982,1,0.00557277537882328,1,0.00557277537882328,-0.0237157940864563,0.9999639987945557,1.2000006790913176e-05,2.400001358182635e-05,1,55.7277537882328
2015-12-28,fold_4,Strong USD downturn,0.00031811054213903844,1,0.0008450971217826009,1,0.0008450971217826009,-0.022890746593475342,0.9999654293060303,1.1538970284163952e-05,2.3077940568327904e-05,1,8.450971217826009
2015-12-29,fold_4,Strong USD downturn,0.0012588987592607737,1,-0.004305660724639893,-1,-0.004305660724639893,-0.02709782123565674,0.9999545812606812,1.5142816664592829e-05,3.0285633329185657e-05,0,-43.056607246398926
2019-04-04,fold_5,Low-vol plateau,0.001140815787948668,1,-0.0018746902933344245,-1,-0.0018746902933344245,-0.001874685287475586,0.9999570846557617,1.4291870684246533e-05,2.8583741368493065e-05,0,-18.746902933344245
2019-04-05,fold_5,Low-vol plateau,-0.0007688640616834164,-1,-0.0005610103835351765,-1,0.0005610103835351765,-0.0013147592544555664,0.9999638795852661,1.203823194373399e-05,2.407646388746798e-05,1,5.610103835351765
2019-04-08,fold_5,Low-vol plateau,0.0007526408298872411,1,0.003286882070824504,1,0.003286882070824504,0.001967787742614746,0.9999629259109497,1.235601939697517e-05,2.471203879395034e-05,1,32.86882070824504
2019-04-09,fold_5,Low-vol plateau,0.0024688190314918756,1,0.000935124815441668,1,0.000935124815441668,0.002904653549194336,0.999961256980896,1.2922747373522725e-05,2.584549474704545e-05,1,9.35124815441668
2019-04-10,fold_5,Low-vol plateau,0.0005102325230836868,1,0.0008457988151349127,1,0.0008457988151349127,0.0037529468536376953,0.9999374151229858,2.0844438040512614e-05,4.168887608102523e-05,1,8.457988151349127
2019-04-11,fold_5,Low-vol plateau,0.003424798371270299,1,-0.0013963867677375674,-1,-0.0013963867677375674,0.00235140323638916,0.9999711513519287,9.606589628674556e-06,1.921317925734911e-05,0,-13.963867677375674
2019-04-12,fold_5,Low-vol plateau,0.003221572143957019,1,0.003934172447770834,1,0.003934172447770834,0.006294846534729004,0.9999773502349854,7.548368103016401e-06,1.5096736206032801e-05,1,39.34172447770834
2019-04-15,fold_5,Low-vol plateau,0.003907287959009409,1,-1.1282911145826802e-05,-1,-1.1282911145826802e-05,0.00628352165222168,0.9999401569366455,1.9930106645915657e-05,3.9860213291831315e-05,0,-0.11282911145826802
2019-04-16,fold_5,Low-vol plateau,0.00198976113460958,1,-0.001760470331646502,-1,-0.001760470331646502,0.0045119524002075195,0.9999581575393677,1.394624723616289e-05,2.789249447232578e-05,0,-17.60470331646502
2019-04-17,fold_5,Low-vol plateau,0.0016100154025480151,1,0.0010732508962973952,1,0.0010732508962973952,0.005590081214904785,0.9999669790267944,1.102125497709494e-05,2.204250995418988e-05,1,10.732508962973952
2019-04-18,fold_5,Low-vol plateau,0.002099518198519945,1,-0.005415794439613819,-1,-0.005415794439613819,0.00014400482177734375,0.9999569654464722,1.4348360309668351e-05,2.8696720619336702e-05,0,-54.15794439613819
2019-04-22,fold_5,Low-vol plateau,0.0015465812757611275,1,0.0012835260713472962,1,0.0012835260713472962,0.001427769660949707,0.9999450445175171,1.8304761397303082e-05,3.6609522794606164e-05,1,12.835260713472962
2019-04-23,fold_5,Low-vol plateau,0.0007811451214365661,1,-0.0030754762701690197,-1,-0.0030754762701690197,-0.0016521215438842773,0.9999450445175171,1.832644375099335e-05,3.66528875019867e-05,0,-30.754762701690197
2019-04-24,fold_5,Low-vol plateau,1.9068085748585872e-05,1,-0.006312881130725145,-1,-0.006312881130725145,-0.007954597473144531,0.9999785423278809,7.135334726626752e-06,1.4270669453253504e-05,0,-63.12881130725145
2019-04-25,fold_5,Low-vol plateau,0.0015729200094938278,1,-0.0014923748094588518,-1,-0.0014923748094588518,-0.009435117244720459,0.9999639987945557,1.1979228474956471e-05,2.3958456949912943e-05,0,-14.923748094588518
2019-04-26,fold_5,Low-vol plateau,0.0022092133294790983,1,0.0012043117312714458,1,0.0012043117312714458,-0.008242249488830566,0.9999562501907349,1.4572178770322353e-05,2.9144357540644705e-05,1,12.043117312714458
2019-05-07,fold_5,Low-vol plateau,0.002723447745665908,1,-0.0009624563390389085,-1,-0.0009624563390389085,-0.009196758270263672,0.9999732971191406,8.908850759326015e-06,1.781770151865203e-05,0,-9.624563390389085
2019-05-08,fold_5,Low-vol plateau,0.0014827244449406862,1,0.0006494636763818562,1,0.0006494636763818562,-0.008553266525268555,0.9999696016311646,1.0119898433913477e-05,2.0239796867826954e-05,1,6.494636763818562
2019-05-09,fold_5,Low-vol plateau,0.0012400057166814804,1,0.0021209637634456158,1,0.0021209637634456158,-0.0064504146575927734,0.99996018409729,1.3276229765324388e-05,2.6552459530648775e-05,1,21.209637634456158
2019-05-10,fold_5,Low-vol plateau,0.0020938024390488863,1,0.0012809962499886751,1,0.0012809962499886751,-0.005177676677703857,0.9999654293060303,1.1511318007251248e-05,2.3022636014502496e-05,1,12.809962499886751
2019-05-13,fold_5,Low-vol plateau,0.0013228749157860875,1,-0.00034819229040294886,-1,-0.00034819229040294886,-0.005524098873138428,0.9999631643295288,1.2288583093322814e-05,2.4577166186645627e-05,0,-3.4819229040294886
2019-05-14,fold_5,Low-vol plateau,0.004074492957442999,1,-0.002498582238331437,-1,-0.002498582238331437,-0.008008837699890137,0.9999608993530273,1.3038652468821965e-05,2.607730493764393e-05,0,-24.98582238331437
2019-05-15,fold_5,Low-vol plateau,0.0016552119050174952,1,0.0002465155557729304,1,0.0002465155557729304,-0.007764279842376709,0.9999662637710571,1.1233328223170247e-05,2.2466656446340494e-05,1,2.465155557729304
2019-05-16,fold_5,Low-vol plateau,0.0015480200527235866,1,-0.00300564244389534,-1,-0.00300564244389534,-0.010746538639068604,0.9999555349349976,1.4821513104834594e-05,2.9643026209669188e-05,0,-30.0564244389534
2019-05-17,fold_5,Low-vol plateau,0.0031935886945575476,1,-0.0007370057865045965,-1,-0.0007370057865045965,-0.011475622653961182,0.9999583959579468,1.3860835679224692e-05,2.7721671358449385e-05,0,-7.370057865045965
2019-05-20,fold_5,Low-vol plateau,-0.00012450628855731338,-1,0.00029040739173069596,1,-0.00029040739173069596,-0.011762678623199463,0.9999614953994751,1.2829819752369076e-05,2.5659639504738152e-05,0,-2.9040739173069596
2019-05-21,fold_5,Low-vol plateau,0.0014842285308986902,1,-0.0011713255662471056,-1,-0.0011713255662471056,-0.012920260429382324,0.9999680519104004,1.0661437045200728e-05,2.1322874090401456e-05,0,-11.713255662471056
2019-05-23,fold_5,Low-vol plateau,0.0012947965878993273,1,0.002606033580377698,1,0.002606033580377698,-0.010347902774810791,0.9999608993530273,1.3039109944656957e-05,2.6078219889313914e-05,1,26.06033580377698
2019-05-24,fold_5,Low-vol plateau,0.002779851434752345,1,0.002241884358227253,1,0.002241884358227253,-0.008129239082336426,0.9999634027481079,1.221380807692185e-05,2.44276161538437e-05,1,22.41884358227253
2019-05-28,fold_5,Low-vol plateau,0.002351728966459632,1,-0.002066653920337558,-1,-0.002066653920337558,-0.010179102420806885,0.9999465942382812,1.7814581951824948e-05,3.5629163903649896e-05,0,-20.666539203375578
2019-05-29,fold_5,Low-vol plateau,0.0004801472823601216,1,-0.0029847442638128996,-1,-0.0029847442638128996,-0.013133466243743896,0.9999494552612305,1.6859017705428414e-05,3.371803541085683e-05,0,-29.847442638128996
2019-05-30,fold_5,Low-vol plateau,-0.0016490987036377192,-1,-0.0005565853207372129,-1,0.0005565853207372129,-0.012584209442138672,0.9999699592590332,1.0018760804086924e-05,2.0037521608173847e-05,1,5.565853207372129
2019-05-31,fold_5,Low-vol plateau,0.0020883074030280113,1,0.003855000250041485,1,0.003855000250041485,-0.008777737617492676,0.999948263168335,1.724989306239877e-05,3.449978612479754e-05,1,38.55000250041485
2019-06-03,fold_5,Low-vol plateau,5.988460179651156e-05,1,0.006466649007052183,1,0.006466649007052183,-0.002367854118347168,0.9999493360519409,1.6869240425876342e-05,3.3738480851752684e-05,1,64.66649007052183
2019-06-04,fold_5,Low-vol plateau,0.0019143585814163089,1,0.0006865524337626994,1,0.0006865524337626994,-0.0016829371452331543,0.9999465942382812,1.7794020095607266e-05,3.558804019121453e-05,1,6.865524337626994
2019-06-05,fold_5,Low-vol plateau,0.0027447461616247892,1,-0.002223382471129298,-1,-0.002223382471129298,-0.0039025545120239258,0.9999568462371826,1.4393520359590184e-05,2.8787040719180368e-05,0,-22.233824711292982
2019-06-06,fold_5,Low-vol plateau,0.0032046528067439795,1,0.004228744190186262,1,0.004228744190186262,0.0003097057342529297,0.999962568283081,1.2471205081965309e-05,2.4942410163930617e-05,1,42.28744190186262
2019-06-07,fold_5,Low-vol plateau,0.0031677812803536654,1,0.003871487220749259,1,0.003871487220749259,0.004182338714599609,0.9999679327011108,1.0701773135224357e-05,2.1403546270448714e-05,1,38.71487220749259
2019-06-10,fold_5,Low-vol plateau,0.0012354858918115497,1,-0.00018112821271643043,-1,-0.00018112821271643043,0.004000425338745117,0.9999436140060425,1.8809880202752538e-05,3.7619760405505076e-05,0,-1.8112821271643043
2019-06-11,fold_5,Low-vol plateau,0.002629971830174327,1,0.001008287537842989,1,0.001008287537842989,0.0050127506256103516,0.9999598264694214,1.3402304830378853e-05,2.6804609660757706e-05,1,10.08287537842989
2019-06-12,fold_5,Low-vol plateau,0.0014116652309894562,1,-0.002993301022797823,-1,-0.002993301022797823,0.0020045042037963867,0.9999642372131348,1.1922421435883734e-05,2.384484287176747e-05,0,-29.93301022797823
2019-06-13,fold_5,Low-vol plateau,0.003067555371671915,1,-0.0013423121999949217,-1,-0.0013423121999949217,0.0006594657897949219,0.999963641166687,1.2117105143261142e-05,2.4234210286522284e-05,0,-13.423121999949217
2019-06-14,fold_5,Low-vol plateau,-0.0014937842497602105,-1,-0.005619735922664404,-1,0.005619735922664404,0.006282925605773926,0.9999613761901855,1.2881756447313819e-05,2.5763512894627638e-05,1,56.19735922664404
2019-06-17,fold_5,Low-vol plateau,0.002862552646547556,1,0.0006733588525094092,1,0.0006733588525094092,0.006960511207580566,0.9999343156814575,2.1879293853999116e-05,4.375858770799823e-05,1,6.733588525094092
2019-06-18,fold_5,Low-vol plateau,0.002179245464503765,1,-0.0023515592329204082,-1,-0.0023515592329204082,0.004592537879943848,0.9999815225601196,6.165235390653834e-06,1.2330470781307667e-05,0,-23.515592329204082
2019-06-19,fold_5,Low-vol plateau,0.0013864998472854495,1,0.003596331924200058,1,0.003596331924200058,0.008205413818359375,0.9999711513519287,9.62807098403573e-06,1.925614196807146e-05,1,35.96331924200058
2019-06-20,fold_5,Low-vol plateau,-0.0005564881721511483,-1,0.005082990508526564,1,-0.005082990508526564,0.00308072566986084,0.9999490976333618,1.6958518244791776e-05,3.391703648958355e-05,0,-50.829905085265636
2019-06-21,fold_5,Low-vol plateau,0.0005581104196608067,1,0.007889659143984318,1,0.007889659143984318,0.010994672775268555,0.9999624490737915,1.2494102520577144e-05,2.4988205041154288e-05,1,78.89659143984318
2019-06-24,fold_5,Low-vol plateau,0.0050137885846197605,1,0.0013679296243935823,1,0.0013679296243935823,0.012377619743347168,0.9999527931213379,1.575088026584126e-05,3.150176053168252e-05,1,13.679296243935823
2019-06-25,fold_5,Low-vol plateau,0.0023964177817106247,1,-0.0026604935992509127,-1,-0.0026604935992509127,0.009684205055236816,0.9999529123306274,1.571141547174193e-05,3.142283094348386e-05,0,-26.604935992509127
2019-06-26,fold_5,Low-vol plateau,7.53451167838648e-05,1,0.00042085087625309825,1,0.00042085087625309825,0.0101090669631958,0.999964714050293,1.1762477697629947e-05,2.3524955395259894e-05,1,4.2085087625309825
2019-06-27,fold_5,Low-vol plateau,0.0019567457493394613,1,-0.0001591937179910019,-1,-0.0001591937179910019,0.009948253631591797,0.9999608993530273,1.3039229997957591e-05,2.6078459995915182e-05,0,-1.591937179910019
2019-06-28,fold_5,Low-vol plateau,0.002454589819535613,1,-0.00070458889240399,-1,-0.00070458889240399,0.009236693382263184,0.9999641180038452,1.1955875379499048e-05,2.3911750758998096e-05,0,-7.0458889240399
2019-07-01,fold_5,Low-vol plateau,0.0032136484514921904,1,-0.0068176812492311,-1,-0.0068176812492311,0.0023560523986816406,0.999974250793457,8.577544576837681e-06,1.7155089153675362e-05,0,-68.176812492311
2019-07-02,fold_5,Low-vol plateau,-0.0011623973259702325,-1,0.0004969057627022266,1,-0.0004969057627022266,0.0018579959869384766,0.999971866607666,9.385094926983584e-06,1.8770189853967167e-05,0,-4.969057627022266
2019-07-03,fold_5,Low-vol plateau,0.0017673401162028313,1,-0.00045158492866903543,-1,-0.00045158492866903543,0.0014055967330932617,0.9999599456787109,1.3363616744754836e-05,2.6727233489509672e-05,0,-4.515849286690354
2019-07-05,fold_5,Low-vol plateau,0.0021355936769396067,1,-0.005175866652280092,-1,-0.005175866652280092,-0.0037775635719299316,0.9999716281890869,9.452033737034071e-06,1.8904067474068142e-05,0,-51.75866652280092
2019-07-08,fold_5,Low-vol plateau,-0.0012396069942042232,-1,-0.0010094279423356056,-1,0.0010094279423356056,-0.002771914005279541,0.9999693632125854,1.0195142749580555e-05,2.039028549916111e-05,1,10.094279423356056
2019-07-09,fold_5,Low-vol plateau,0.0009340340620838106,1,-0.0006948888185434043,-1,-0.0006948888185434043,-0.0034648776054382324,0.9999557733535767,1.4748932699149009e-05,2.9497865398298018e-05,0,-6.948888185434043
2019-07-10,fold_5,Low-vol plateau,0.0017378845950588584,1,0.004514812957495451,1,0.004514812957495451,0.0010342597961425781,0.9999698400497437,1.0051287063106429e-05,2.0102574126212858e-05,1,45.14812957495451
2019-07-11,fold_5,Low-vol plateau,0.0005614386755041778,1,-0.0005738722975365818,-1,-0.0005738722975365818,0.0004597902297973633,0.9999758005142212,8.082519343588501e-06,1.6165038687177002e-05,0,-5.7387229753658175
2019-07-12,fold_5,Low-vol plateau,0.003398376749828458,1,0.001747183850966394,1,0.001747183850966394,0.0022077560424804688,0.9999693632125854,1.022324704536004e-05,2.044649409072008e-05,1,17.47183850966394
2019-07-16,fold_5,Low-vol plateau,0.002789230551570654,1,-0.004395125899463892,-1,-0.004395125899463892,-0.002197086811065674,0.999958872795105,1.3710331586480606e-05,2.7420663172961213e-05,0,-43.95125899463892
2019-07-17,fold_5,Low-vol plateau,0.0009109000093303621,1,0.0015496194828301668,1,0.0015496194828301668,-0.0006508827209472656,0.9999740123748779,8.657146281620953e-06,1.7314292563241906e-05,1,15.496194828301668
2019-07-18,fold_5,Low-vol plateau,0.00030144472839310765,1,0.0028379710856825113,1,0.0028379710856825113,0.002185344696044922,0.9999812841415405,6.252144885365851e-06,1.2504289770731702e-05,1,28.379710856825113
2019-07-19,fold_5,Low-vol plateau,0.0016604935517534614,1,-0.003836731193587184,-1,-0.003836731193587184,-0.0016598105430603027,0.999962329864502,1.2548649465315975e-05,2.509729893063195e-05,0,-38.36731193587184
2019-07-22,fold_5,Low-vol plateau,0.0016305033350363374,1,-0.0010869659017771482,-1,-0.0010869659017771482,-0.0027449727058410645,0.9999731779098511,8.942922249843832e-06,1.7885844499687664e-05,0,-10.869659017771482
2019-07-23,fold_5,Low-vol plateau,-0.001340224756859243,-1,-0.004895445425063372,-1,0.004895445425063372,0.0021370649337768555,0.9999585151672363,1.3811612006975338e-05,2.7623224013950676e-05,1,48.95445425063372
2019-07-24,fold_5,Low-vol plateau,0.0006919141160324216,1,-0.0007910756976343691,-1,-0.0007910756976343691,0.0013443231582641602,0.9999573230743408,1.4222899153537583e-05,2.8445798307075165e-05,0,-7.910756976343691
2019-07-25,fold_5,Low-vol plateau,0.0016385335475206375,1,0.0003343336284160614,1,0.0003343336284160614,0.0016791820526123047,0.9999721050262451,9.286098247685004e-06,1.8572196495370008e-05,1,3.343336284160614
2019-07-26,fold_5,Low-vol plateau,0.0031957998871803284,1,-0.0012578507885336876,-1,-0.0012578507885336876,0.00041925907135009766,0.9999572038650513,1.4280730283644516e-05,2.8561460567289032e-05,0,-12.578507885336876
2019-07-29,fold_5,Low-vol plateau,0.0006004719180054963,1,0.000980583718046546,1,0.000980583718046546,0.0014002323150634766,0.9999688863754272,1.0379983905295376e-05,2.075996781059075e-05,1,9.80583718046546
2019-07-30,fold_5,Low-vol plateau,-0.00014197883137967438,-1,0.0013388646766543388,1,-0.0013388646766543388,5.9485435485839844e-05,0.9999665021896362,1.1161178917973302e-05,2.2322357835946605e-05,0,-13.388646766543388
2019-07-31,fold_5,Low-vol plateau,0.001440530875697732,1,-0.007728002034127712,-1,-0.007728002034127712,-0.007668972015380859,0.9999521970748901,1.5916342817945406e-05,3.183268563589081e-05,0,-77.28002034127712
2019-08-01,fold_5,Low-vol plateau,-0.00013195975043345243,-1,0.0006425735191442072,1,-0.0006425735191442072,-0.008306622505187988,0.9999608993530273,1.3049973858869635e-05,2.609994771773927e-05,0,-6.425735191442072
2019-08-02,fold_5,Low-vol plateau,0.0002036991500062868,1,0.0026325583457946777,1,0.0026325583457946777,-0.0056958794593811035,0.999954342842102,1.5230472854455002e-05,3.0460945708910003e-05,1,26.325583457946777
2019-08-05,fold_5,Low-vol plateau,0.0011424071853980422,1,0.012222036719322205,1,0.012222036719322205,0.006456613540649414,0.9999570846557617,1.4294421816885006e-05,2.858884363377001e-05,1,122.22036719322205
2019-08-06,fold_5,Low-vol plateau,0.0011477854568511248,1,-0.003272486152127385,-1,-0.003272486152127385,0.003162980079650879,0.9999380111694336,2.0655372281908058e-05,4.1310744563816115e-05,0,-32.72486152127385
2019-08-07,fold_5,Low-vol plateau,0.0012457502307370305,1,-0.0002352914452785626,-1,-0.0002352914452785626,0.002926945686340332,0.9999548196792603,1.504771898908075e-05,3.00954379781615e-05,0,-2.352914452785626
2019-08-08,fold_5,Low-vol plateau,0.0007363479817286134,1,-0.0015326269203796983,-1,-0.0015326269203796983,0.0013898611068725586,0.9999436140060425,1.877669092209544e-05,3.755338184419088e-05,0,-15.326269203796983
2019-08-09,fold_5,Low-vol plateau,-0.0006668936694040895,-1,0.0019053779542446136,1,-0.0019053779542446136,-0.0005181431770324707,0.9999505281448364,1.6481310012750328e-05,3.2962620025500655e-05,0,-19.053779542446136
2019-08-13,fold_5,Low-vol plateau,0.003129979595541954,1,-0.0036772366147488356,-1,-0.0036772366147488356,-0.004193484783172607,0.9999634027481079,1.2189657354610972e-05,2.4379314709221944e-05,0,-36.772366147488356
2019-08-14,fold_5,Low-vol plateau,-0.00017302390187978745,-1,-0.003019839758053422,-1,0.003019839758053422,-0.0011863112449645996,0.9999287128448486,2.374664109083824e-05,4.749328218167648e-05,1,30.19839758053422
2019-08-15,fold_5,Low-vol plateau,0.0017831657314673066,1,-0.0026672929525375366,-1,-0.0026672929525375366,-0.0038504600524902344,0.9999843835830688,5.196871370571898e-06,1.0393742741143797e-05,0,-26.672929525375366
2019-08-16,fold_5,Low-vol plateau,0.0012222027871757746,1,-0.0017750132828950882,-1,-0.0017750132828950882,-0.005618631839752197,0.9999653100967407,1.1543766959221102e-05,2.3087533918442205e-05,0,-17.750132828950882
2019-08-19,fold_5,Low-vol plateau,0.0006875263643451035,1,-0.0009641959914006293,-1,-0.0009641959914006293,-0.006577432155609131,0.9999411106109619,1.9618762962636538e-05,3.9237525925273076e-05,0,-9.641959914006293
2019-08-20,fold_5,Low-vol plateau,0.001781401108019054,1,0.001320609007962048,1,0.001320609007962048,-0.005265533924102783,0.9999490976333618,1.6971194781945087e-05,3.3942389563890174e-05,1,13.20609007962048
2019-08-21,fold_5,Low-vol plateau,0.003307661507278681,1,-0.0006321496912278235,-1,-0.0006321496912278235,-0.005894362926483154,0.99996018409729,1.3253225915832445e-05,2.650645183166489e-05,0,-6.321496912278235
2019-08-22,fold_5,Low-vol plateau,0.0020333558786660433,1,-0.0006096552242524922,-1,-0.0006096552242524922,-0.006500422954559326,0.9999375343322754,2.0810288333450444e-05,4.162057666690089e-05,0,-6.096552242524922
2019-08-23,fold_5,Low-vol plateau,0.0026430103462189436,1,0.005326444748789072,1,0.005326444748789072,-0.001208662986755371,0.9999693632125854,1.022185188048752e-05,2.044370376097504e-05,1,53.26444748789072
2019-08-26,fold_5,Low-vol plateau,0.0012629844713956118,1,-0.0035310082603245974,-1,-0.0035310082603245974,-0.004735350608825684,0.9999593496322632,1.3538105122279376e-05,2.707621024455875e-05,0,-35.310082603245974
2019-08-27,fold_5,Low-vol plateau,0.0034422543831169605,1,-0.0012309884186834097,-1,-0.0012309884186834097,-0.005960524082183838,0.9999587535858154,1.3757676242676098e-05,2.7515352485352196e-05,0,-12.309884186834097
2019-08-28,fold_5,Low-vol plateau,0.0020994965452700853,1,-0.0003769751638174057,-1,-0.0003769751638174057,-0.006335258483886719,0.999945878982544,1.8043672753265128e-05,3.6087345506530255e-05,0,-3.769751638174057
2019-08-29,fold_5,Low-vol plateau,0.0007801284082233906,1,-0.0021569994278252125,-1,-0.0021569994278252125,-0.00847858190536499,0.9999474287033081,1.7502678019809537e-05,3.500535603961907e-05,0,-21.569994278252125
2019-08-30,fold_5,Low-vol plateau,0.0020914035849273205,1,-0.0063423048704862595,-1,-0.0063423048704862595,-0.014767110347747803,0.9999721050262451,9.295594281866215e-06,1.859118856373243e-05,0,-63.423048704862595
2019-09-03,fold_5,Low-vol plateau,0.0007460447959601879,1,0.0005487410235218704,1,0.0005487410235218704,-0.01422649621963501,0.9999562501907349,1.4592233128496446e-05,2.918446625699289e-05,1,5.487410235218704
2019-09-04,fold_5,Low-vol plateau,0.0011766585521399975,1,0.005506451241672039,1,0.005506451241672039,-0.008798420429229736,0.9999598264694214,1.3377652066992596e-05,2.675530413398519e-05,1,55.06451241672039
2019-09-05,fold_5,Low-vol plateau,0.002773087937384844,1,0.0001214242001879029,1,0.0001214242001879029,-0.008678019046783447,0.9999562501907349,1.4586118595616426e-05,2.9172237191232853e-05,1,1.214242001879029
2019-09-06,fold_5,Low-vol plateau,0.0009260251536034048,1,-0.0014217004645615816,-1,-0.0014217004645615816,-0.010087370872497559,0.9999454021453857,1.8204780644737184e-05,3.640956128947437e-05,0,-14.217004645615816
2019-09-09,fold_5,Low-vol plateau,0.0007532894960604608,1,0.002519046887755394,1,0.002519046887755394,-0.007593750953674316,0.9999544620513916,1.517014970886521e-05,3.034029941773042e-05,1,25.19046887755394
2019-09-10,fold_5,Low-vol plateau,0.002827903488650918,1,0.00017673612455837429,1,0.00017673612455837429,-0.007418334484100342,0.9999552965164185,1.488414181949338e-05,2.976828363898676e-05,1,1.7673612455837429
2019-09-11,fold_5,Low-vol plateau,0.0009874257957562804,1,-0.003337112022563815,-1,-0.003337112022563815,-0.01073068380355835,0.9999474287033081,1.7532605852466077e-05,3.506521170493215e-05,0,-33.37112022563815
2019-09-12,fold_5,Low-vol plateau,0.0026084857527166605,1,0.004069486167281866,1,0.004069486167281866,-0.006704926490783691,0.9999432563781738,1.8918584828497842e-05,3.7837169656995684e-05,1,40.69486167281866
2019-09-13,fold_5,Low-vol plateau,0.0003789432521443814,1,0.0022721209097653627,1,0.0022721209097653627,-0.004448056221008301,0.9999632835388184,1.2244014214957133e-05,2.4488028429914266e-05,1,22.721209097653627
2019-09-17,fold_5,Low-vol plateau,0.0028443068731576204,1,0.00624600937590003,1,0.00624600937590003,0.0017701387405395508,0.9999246597290039,2.510339800210204e-05,5.020679600420408e-05,1,62.4600937590003
2019-09-18,fold_5,Low-vol plateau,0.000429684849223122,1,-0.003905115881934762,-1,-0.003905115881934762,-0.002141892910003662,0.9999790191650391,6.980217676755274e-06,1.3960435353510547e-05,0,-39.05115881934762
2019-09-19,fold_5,Low-vol plateau,0.001542993588373065,1,0.001546817016787827,1,0.001546817016787827,-0.0005983710289001465,0.9999529123306274,1.5691206499468535e-05,3.138241299893707e-05,1,15.46817016787827
2019-09-20,fold_5,Low-vol plateau,0.003042065305635333,1,-0.0026665497571229935,-1,-0.0026665497571229935,-0.0032632946968078613,0.9998917579650879,3.607837061281316e-05,7.215674122562632e-05,0,-26.665497571229935
2019-09-24,fold_5,Low-vol plateau,0.002359620062634349,1,0.002104161074385047,1,0.002104161074385047,-0.0011659860610961914,0.9999587535858154,1.3749334357271437e-05,2.7498668714542873e-05,1,21.04161074385047
2019-09-25,fold_5,Low-vol plateau,0.0025935189332813025,1,-0.005804941989481449,-1,-0.005804941989481449,-0.006964147090911865,0.9999361038208008,2.1308247596607544e-05,4.261649519321509e-05,0,-58.04941989481449
2019-09-26,fold_5,Low-vol plateau,0.0011320681078359485,1,-0.0027526237536221743,-1,-0.0027526237536221743,-0.009697556495666504,0.9999583959579468,1.3883809515391476e-05,2.7767619030782953e-05,0,-27.526237536221743
2019-09-27,fold_5,Low-vol plateau,0.0014048103475943208,1,0.0018274149624630809,1,0.0018274149624630809,-0.00788789987564087,0.9999659061431885,1.1362851182639133e-05,2.2725702365278266e-05,1,18.27414962463081
2022-04-05,fold_6,EUR crisis downturn,-0.0005518716061487794,-1,-0.006325795315206051,-1,0.006325795315206051,0.006325840950012207,0.9999639987945557,1.1993779480690137e-05,2.3987558961380273e-05,1,63.25795315206051
2022-04-06,fold_6,EUR crisis downturn,0.0006727254367433488,1,-0.0007518871570937335,-1,-0.0007518871570937335,0.0055692195892333984,0.9999485015869141,1.7151909560197964e-05,3.430381912039593e-05,0,-7.5188715709373355
2022-04-07,fold_6,EUR crisis downturn,0.0021963464096188545,1,-0.0030639569740742445,-1,-0.0030639569740742445,0.0024881362915039062,0.999968409538269,1.0507754268473946e-05,2.101550853694789e-05,0,-30.639569740742445
2022-04-08,fold_6,EUR crisis downturn,0.0024030215572565794,1,0.0018505415646359324,1,0.0018505415646359324,0.004343271255493164,0.9999613761901855,1.2881035218015313e-05,2.5762070436030626e-05,1,18.505415646359324
2022-04-11,fold_6,EUR crisis downturn,0.0005960386479273438,1,-0.0006418824777938426,-1,-0.0006418824777938426,0.003698587417602539,0.9999384880065918,2.048888745775912e-05,4.097777491551824e-05,0,-6.4188247779384255
2022-04-12,fold_6,EUR crisis downturn,0.0025438773445785046,1,-0.004763457924127579,-1,-0.004763457924127579,-0.0010825395584106445,0.9999440908432007,1.865285412350204e-05,3.730570824700408e-05,0,-47.63457924127579
2022-04-13,fold_6,EUR crisis downturn,0.0017463861731812358,1,0.00650522205978632,1,0.00650522205978632,0.005415678024291992,0.9999375343322754,2.0837724150624126e-05,4.167544830124825e-05,1,65.0522205978632
2022-04-14,fold_6,EUR crisis downturn,0.0003234056930523366,1,-0.0069362265057861805,-1,-0.0069362265057861805,-0.0015581250190734863,0.9999672174453735,1.0928771189355757e-05,2.1857542378711514e-05,0,-69.3622650578618
2022-04-18,fold_6,EUR crisis downturn,0.0030388024169951677,1,-0.0030944086611270905,-1,-0.0030944086611270905,-0.004647731781005859,0.9999383687973022,2.0522877093753777e-05,4.1045754187507555e-05,0,-30.944086611270905
2022-04-19,fold_6,EUR crisis downturn,0.0001064930111169815,1,0.0011765266535803676,1,0.0011765266535803676,-0.003476738929748535,0.9999778270721436,7.379357612080639e-06,1.4758715224161278e-05,1,11.765266535803676
2022-04-20,fold_6,EUR crisis downturn,0.0027900238055735826,1,0.005132047925144434,1,0.005132047925144434,0.0016374588012695312,0.9999604225158691,1.3174818377592601e-05,2.6349636755185202e-05,1,51.32047925144434
2022-04-21,fold_6,EUR crisis downturn,0.002733770990744233,1,-0.0013543874956667423,-1,-0.0013543874956667423,0.0002808570861816406,0.9999755620956421,8.128193258016836e-06,1.6256386516033672e-05,0,-13.543874956667423
2022-04-22,fold_6,EUR crisis downturn,-2.5389715574419824e-06,-1,-0.0022270376794040203,-1,0.0022270376794040203,0.00250852108001709,0.9999676942825317,1.0757525160443038e-05,2.1515050320886075e-05,1,22.270376794040203
2022-04-25,fold_6,EUR crisis downturn,0.0024388052988797426,1,-0.008957143872976303,-1,-0.008957143872976303,-0.006471097469329834,0.9999662637710571,1.1245208042964805e-05,2.249041608592961e-05,0,-89.57143872976303
2022-04-26,fold_6,EUR crisis downturn,0.0004854316939599812,1,-0.006588426884263754,-1,-0.006588426884263754,-0.013016879558563232,0.9999444484710693,1.8494250980438665e-05,3.698850196087733e-05,0,-65.88426884263754
2022-04-27,fold_6,EUR crisis downturn,0.0030337036587297916,1,-0.008317396976053715,-1,-0.008317396976053715,-0.021226048469543457,0.999963641166687,1.2123231499572285e-05,2.424646299914457e-05,0,-83.17396976053715
2022-04-28,fold_6,EUR crisis downturn,0.00011971406638622284,1,-0.004821411799639463,-1,-0.004821411799639463,-0.02594512701034546,0.9999573230743408,1.4228175132302567e-05,2.8456350264605135e-05,0,-48.214117996394634
2022-05-02,fold_6,EUR crisis downturn,0.003153016557916999,1,-0.002553798258304596,-1,-0.002553798258304596,-0.02843266725540161,0.9999593496322632,1.3533234778151382e-05,2.7066469556302764e-05,0,-25.53798258304596
2022-05-06,fold_6,EUR crisis downturn,0.0024622087366878986,1,-0.0007161782123148441,-1,-0.0007161782123148441,-0.029128432273864746,0.9999523162841797,1.5902713130344637e-05,3.1805426260689273e-05,0,-7.161782123148441
2022-05-09,fold_6,EUR crisis downturn,0.0016147698042914271,1,0.003190816380083561,1,0.003190816380083561,-0.02603048086166382,0.9999504089355469,1.6538215277250856e-05,3.307643055450171e-05,1,31.90816380083561
2022-05-10,fold_6,EUR crisis downturn,0.00016360227891709656,1,-0.0031072180718183517,-1,-0.0031072180718183517,-0.029056787490844727,0.999966025352478,1.1313398317724932e-05,2.2626796635449864e-05,0,-31.072180718183517
2022-05-11,fold_6,EUR crisis downturn,0.0028791967779397964,1,-0.0019448387902230024,-1,-0.0019448387902230024,-0.030945122241973877,0.9999496936798096,1.6781163139967248e-05,3.3562326279934496e-05,0,-19.448387902230024
2022-05-12,fold_6,EUR crisis downturn,0.0027906494215130806,1,-0.0126422718167305,-1,-0.0126422718167305,-0.043196141719818115,0.999910831451416,2.9730412279604934e-05,5.946082455920987e-05,0,-126.42271816730499
2022-05-13,fold_6,EUR crisis downturn,0.0014819583157077432,1,0.002028132788836956,1,0.002028132788836956,-0.0412556529045105,0.9999816417694092,6.121908427303424e-06,1.2243816854606848e-05,1,20.28132788836956
2022-05-16,fold_6,EUR crisis downturn,0.002018052153289318,1,0.003684947732836008,1,0.003684947732836008,-0.03772270679473877,0.9999634027481079,1.22077290143352e-05,2.44154580286704e-05,1,36.84947732836008
2022-05-17,fold_6,EUR crisis downturn,0.0016635973006486893,1,0.01043185405433178,1,0.01043185405433178,-0.027684330940246582,0.9999580383300781,1.3985659279569518e-05,2.7971318559139036e-05,1,104.3185405433178
2022-05-18,fold_6,EUR crisis downturn,0.0017657196149230003,1,-0.007121461909264326,-1,-0.007121461909264326,-0.03460860252380371,0.9999221563339233,2.5951138013624586e-05,5.190227602724917e-05,0,-71.21461909264326
2022-05-19,fold_6,EUR crisis downturn,0.0019990361761301756,1,0.010145164094865322,1,0.010145164094865322,-0.02481454610824585,0.9999692440032959,1.0244379154755734e-05,2.0488758309511468e-05,1,101.45164094865322
2022-05-20,fold_6,EUR crisis downturn,0.0025204948615282774,1,-0.000866660091560334,-1,-0.000866660091560334,-0.025659680366516113,0.9999340772628784,2.1989237211528234e-05,4.397847442305647e-05,0,-8.66660091560334
2022-05-23,fold_6,EUR crisis downturn,0.0011936345836147666,1,0.010617928579449654,1,0.010617928579449654,-0.015314161777496338,0.9999350309371948,2.1634725271724164e-05,4.326945054344833e-05,1,106.17928579449654
2022-05-24,fold_6,EUR crisis downturn,0.0014372853329405189,1,0.005099795293062925,1,0.005099795293062925,-0.010292470455169678,0.9999535083770752,1.5498802895308472e-05,3.0997605790616944e-05,1,50.99795293062925
2022-05-25,fold_6,EUR crisis downturn,0.0007894656737335026,1,-0.004648668225854635,-1,-0.004648668225854635,-0.014893293380737305,0.9999251365661621,2.495791886758525e-05,4.99158377351705e-05,0,-46.48668225854635
2022-05-26,fold_6,EUR crisis downturn,0.0029566411394625902,1,0.004336175508797169,1,0.004336175508797169,-0.010621726512908936,0.9999520778656006,1.597908340045251e-05,3.195816680090502e-05,1,43.36175508797169
2022-05-27,fold_6,EUR crisis downturn,0.001156853511929512,1,-0.0001395020226482302,-1,-0.0001395020226482302,-0.010759711265563965,0.9999630451202393,1.231129135703668e-05,2.462258271407336e-05,0,-1.395020226482302
2022-05-31,fold_6,EUR crisis downturn,0.0010180709650740027,1,-0.0036603042390197515,-1,-0.0036603042390197515,-0.01438063383102417,0.9999691247940063,1.0301529982825741e-05,2.0603059965651482e-05,0,-36.603042390197515
2022-06-01,fold_6,EUR crisis downturn,0.0017412400338798761,1,-0.007447231560945511,-1,-0.007447231560945511,-0.0217207670211792,0.9999622106552124,1.2597773093148135e-05,2.519554618629627e-05,0,-74.47231560945511
2022-06-02,fold_6,EUR crisis downturn,0.0029271342791616917,1,0.009095413610339165,1,0.009095413610339165,-0.012822926044464111,0.9999504089355469,1.652917853789404e-05,3.305835707578808e-05,1,90.95413610339165
2022-06-03,fold_6,EUR crisis downturn,0.0011176512343809009,1,-0.0023275099229067564,-1,-0.0023275099229067564,-0.01512056589126587,0.9999674558639526,1.0842670235433616e-05,2.168534047086723e-05,0,-23.275099229067564
2022-06-06,fold_6,EUR crisis downturn,0.0029229081701487303,1,-0.003228839486837387,-1,-0.003228839486837387,-0.01830059289932251,0.999968409538269,1.0508462764846627e-05,2.1016925529693253e-05,0,-32.28839486837387
2022-06-07,fold_6,EUR crisis downturn,0.001857046619988978,1,0.0006740176468156278,1,0.0006740176468156278,-0.0176389217376709,0.9999687671661377,1.03895381471375e-05,2.0779076294275e-05,1,6.740176468156278
2022-06-08,fold_6,EUR crisis downturn,0.0021680104546248913,1,0.0017791216960176826,1,0.0017791216960176826,-0.015891194343566895,0.9999698400497437,1.0062670298793819e-05,2.0125340597587638e-05,1,17.791216960176826
2022-06-09,fold_6,EUR crisis downturn,0.0006263381219469011,1,-0.009185684844851494,-1,-0.009185684844851494,-0.024930894374847412,0.9999321699142456,2.2598635041504167e-05,4.5197270083008334e-05,0,-91.85684844851494
2022-06-10,fold_6,EUR crisis downturn,0.0019833229016512632,1,-0.012168340384960175,-1,-0.012168340384960175,-0.036795854568481445,0.9999747276306152,8.434457413386554e-06,1.6868914826773107e-05,0,-121.68340384960175
2022-06-13,fold_6,EUR crisis downturn,0.0006075592827983201,1,-0.0071343835443258286,-1,-0.0071343835443258286,-0.043667733669281006,0.9999634027481079,1.221194088429911e-05,2.442388176859822e-05,0,-71.34383544325829
2022-06-14,fold_6,EUR crisis downturn,0.0013590805465355515,1,0.0024430977646261454,1,0.0024430977646261454,-0.041331350803375244,0.9999655485153198,1.1471320249256678e-05,2.2942640498513356e-05,1,24.430977646261454
2022-06-15,fold_6,EUR crisis downturn,0.002607017057016492,1,0.0014952836791053414,1,0.0014952836791053414,-0.039897918701171875,0.9999444484710693,1.8516631826059893e-05,3.7033263652119786e-05,1,14.952836791053414
2022-06-16,fold_6,EUR crisis downturn,0.003513278905302286,1,0.00866952445358038,1,0.00866952445358038,-0.0315743088722229,0.9999406337738037,1.9778541172854602e-05,3.9557082345709205e-05,1,86.6952445358038
2022-06-17,fold_6,EUR crisis downturn,0.0036568976938724518,1,-0.005256267264485359,-1,-0.005256267264485359,-0.03666466474533081,0.9999606609344482,1.3095553185848985e-05,2.619110637169797e-05,0,-52.56267264485359
2022-06-21,fold_6,EUR crisis downturn,0.00014946050941944122,1,0.001126965624280274,1,0.001126965624280274,-0.03557896614074707,0.9999805688858032,6.477822807937628e-06,1.2955645615875255e-05,1,11.26965624280274
2022-06-22,fold_6,EUR crisis downturn,0.003110295394435525,1,0.0029896728228777647,1,0.0029896728228777647,-0.0326957106590271,0.9999642372131348,1.1931353583349846e-05,2.3862707166699693e-05,1,29.896728228777647
2022-06-23,fold_6,EUR crisis downturn,0.00021421843848656863,1,-0.004165956750512123,-1,-0.004165956750512123,-0.03672546148300171,0.9999611377716064,1.2941295608470682e-05,2.5882591216941364e-05,0,-41.65956750512123
2022-06-24,fold_6,EUR crisis downturn,0.0015927577624097466,1,0.004374321084469557,1,0.004374321084469557,-0.03251183032989502,0.9999531507492065,1.5598277968820184e-05,3.119655593764037e-05,1,43.74321084469557
2022-06-27,fold_6,EUR crisis downturn,0.0003993529826402664,1,0.0013967370614409447,1,0.0013967370614409447,-0.031160473823547363,0.9999616146087646,1.2774946299032308e-05,2.5549892598064616e-05,1,13.967370614409447
2022-06-28,fold_6,EUR crisis downturn,0.0011767616961151361,1,-0.0054197353310883045,-1,-0.0054197353310883045,-0.0364113450050354,0.9999591112136841,1.3630186003865674e-05,2.7260372007731348e-05,0,-54.197353310883045
2022-06-29,fold_6,EUR crisis downturn,0.0034197901841253042,1,-0.007312588859349489,-1,-0.007312588859349489,-0.04345768690109253,0.9999459981918335,1.8008577171713114e-05,3.601715434342623e-05,0,-73.12588859349489
2022-06-30,fold_6,EUR crisis downturn,0.0018677134066820145,1,0.0029757271986454725,1,0.0029757271986454725,-0.040611326694488525,0.9999680519104004,1.0651613592926878e-05,2.1303227185853757e-05,1,29.757271986454725
2022-07-01,fold_6,EUR crisis downturn,0.003326133592054248,1,-0.0041735912673175335,-1,-0.0041735912673175335,-0.04461538791656494,0.999990701675415,3.1012707495392533e-06,6.202541499078507e-06,0,-41.735912673175335
2022-07-05,fold_6,EUR crisis downturn,0.0025560965295881033,1,-0.01682257279753685,-1,-0.01682257279753685,-0.06068742275238037,0.9999498128890991,1.6708332623238675e-05,3.341666524647735e-05,0,-168.2257279753685
2022-07-06,fold_6,EUR crisis downturn,0.0020569993648678064,1,-0.006947201211005449,-1,-0.006947201211005449,-0.06721305847167969,0.999958872795105,1.3719242815568577e-05,2.7438485631137155e-05,0,-69.4720121100545
2022-07-07,fold_6,EUR crisis downturn,0.0026539694517850876,1,-0.0016271539498120546,-1,-0.0016271539498120546,-0.06873083114624023,0.9999604225158691,1.3187869626563042e-05,2.6375739253126085e-05,0,-16.271539498120546
2022-07-08,fold_6,EUR crisis downturn,-0.000796458509285003,-1,-0.0003659561334643513,-1,0.0003659561334643513,-0.06839001178741455,0.9999781847000122,7.2510179052187596e-06,1.4502035810437519e-05,1,3.659561334643513
2022-07-11,fold_6,EUR crisis downturn,0.0019931078422814608,1,-0.01166516449302435,-1,-0.01166516449302435,-0.07925736904144287,0.9999392032623291,2.0245224732207134e-05,4.049044946441427e-05,0,-116.65164493024349
2022-07-12,fold_6,EUR crisis downturn,0.002273224527016282,1,-0.0014347791438922286,-1,-0.0014347791438922286,-0.08057844638824463,0.9999693632125854,1.0217794624622911e-05,2.0435589249245822e-05,0,-14.347791438922286
2022-07-13,fold_6,EUR crisis downturn,0.0007759425789117813,1,-4.015977538074367e-05,-1,-4.015977538074367e-05,-0.08061540126800537,0.9999581575393677,1.3953036614111625e-05,2.790607322822325e-05,0,-0.4015977538074367
2022-07-14,fold_6,EUR crisis downturn,0.0019128347048535943,1,-0.0007017548778094351,-1,-0.0007017548778094351,-0.0812605619430542,0.9999692440032959,1.0239319635729771e-05,2.0478639271459542e-05,0,-7.017548778094351
2022-07-15,fold_6,EUR crisis downturn,0.0024476873222738504,1,0.007047208957374096,1,0.007047208957374096,-0.07478606700897217,0.9999603033065796,1.3224253962107468e-05,2.6448507924214937e-05,1,70.47208957374096
2022-07-19,fold_6,EUR crisis downturn,0.0016937857726588845,1,0.008491970598697662,1,0.008491970598697662,-0.0669291615486145,0.9999418258666992,1.938286550284829e-05,3.876573100569658e-05,1,84.91970598697662
2022-07-20,fold_6,EUR crisis downturn,0.0017374908784404397,1,-0.004745147656649351,-1,-0.004745147656649351,-0.07135671377182007,0.9999638795852661,1.2022533155686688e-05,2.4045066311373375e-05,0,-47.45147656649351
2022-07-21,fold_6,EUR crisis downturn,0.001700746826827526,1,0.00376132526434958,1,0.00376132526434958,-0.0678638219833374,0.9999651908874512,1.1584242201934103e-05,2.3168484403868206e-05,1,37.6132526434958
2022-07-22,fold_6,EUR crisis downturn,0.0015654083108529449,1,-0.002039989223703742,-1,-0.002039989223703742,-0.06976532936096191,0.9999415874481201,1.945423719007522e-05,3.890847438015044e-05,0,-20.39989223703742
2022-07-25,fold_6,EUR crisis downturn,0.003915711771696806,1,0.0024232829455286264,1,0.0024232829455286264,-0.06751108169555664,0.999966025352478,1.1336667739669792e-05,2.2673335479339585e-05,1,24.232829455286264
2022-07-26,fold_6,EUR crisis downturn,0.0015137855662032962,1,-0.009329265914857388,-1,-0.009329265914857388,-0.07621049880981445,0.9999334812164307,2.215669519500807e-05,4.431339039001614e-05,0,-93.29265914857388
2022-07-27,fold_6,EUR crisis downturn,0.00019593183242250234,1,0.007871334441006184,1,0.007871334441006184,-0.0689389705657959,0.9999662637710571,1.122464982472593e-05,2.244929964945186e-05,1,78.71334441006184
2022-07-28,fold_6,EUR crisis downturn,0.0018768463050946593,1,-0.0016614561900496483,-1,-0.0016614561900496483,-0.07048588991165161,0.9999556541442871,1.4796019968343899e-05,2.9592039936687797e-05,0,-16.614561900496483
2022-07-29,fold_6,EUR crisis downturn,0.0017632732633501291,1,0.001561881392262876,1,0.001561881392262876,-0.06903409957885742,0.9999741315841675,8.630073352833278e-06,1.7260146705666557e-05,1,15.61881392262876
2022-08-01,fold_6,EUR crisis downturn,-0.0013424697099253535,-1,0.005202550906687975,1,-0.005202550906687975,-0.07387745380401611,0.999961256980896,1.290070667891996e-05,2.580141335783992e-05,0,-52.02550906687975
2022-08-02,fold_6,EUR crisis downturn,0.0009911233792081475,1,-0.010297809727489948,-1,-0.010297809727489948,-0.08341449499130249,0.9999669790267944,1.1009372428816278e-05,2.2018744857632555e-05,0,-102.97809727489948
2022-08-03,fold_6,EUR crisis downturn,0.002759424736723304,1,0.00019285830785520375,1,0.00019285830785520375,-0.08323770761489868,0.9999521970748901,1.5941395759000443e-05,3.1882791518000886e-05,1,1.9285830785520375
2022-08-04,fold_6,EUR crisis downturn,0.0019520644564181566,1,0.008874700404703617,1,0.008874700404703617,-0.07510173320770264,0.9999488592147827,1.7040643797372468e-05,3.4081287594744936e-05,1,88.74700404703617
2022-08-05,fold_6,EUR crisis downturn,0.001160519546829164,1,-0.007506103254854679,-1,-0.007506103254854679,-0.08204412460327148,0.9999401569366455,1.9938897821702994e-05,3.987779564340599e-05,0,-75.06103254854679
2022-08-08,fold_6,EUR crisis downturn,0.003453083336353302,1,0.002630935749039054,1,0.002630935749039054,-0.07962900400161743,0.9999526739120483,1.5769372112117708e-05,3.1538744224235415e-05,1,26.30935749039054
2022-08-09,fold_6,EUR crisis downturn,0.00040208810241892934,1,0.001031049294397235,1,0.001031049294397235,-0.07868003845214844,0.9999622106552124,1.2605910342244897e-05,2.5211820684489794e-05,1,10.31049294397235
2022-08-10,fold_6,EUR crisis downturn,0.0004695040115620941,1,0.00907498225569725,1,0.00907498225569725,-0.07031911611557007,0.9999655485153198,1.148488991020713e-05,2.296977982041426e-05,1,90.7498225569725
2022-08-12,fold_6,EUR crisis downturn,0.002481763018295169,1,-0.005846230313181877,-1,-0.005846230313181877,-0.07575422525405884,0.9999561309814453,1.4619035027862992e-05,2.9238070055725984e-05,0,-58.46230313181877
2022-08-15,fold_6,EUR crisis downturn,0.004315828438848257,1,-0.009206736460328102,-1,-0.009206736460328102,-0.08426350355148315,0.9999270439147949,2.430204585834872e-05,4.860409171669744e-05,0,-92.06736460328102
2022-08-16,fold_6,EUR crisis downturn,0.001522467122413218,1,0.0008543621515855193,1,0.0008543621515855193,-0.08348113298416138,0.9999531507492065,1.5611056369380094e-05,3.122211273876019e-05,1,8.543621515855193
2022-08-17,fold_6,EUR crisis downturn,0.00063811190193519,1,0.000936616794206202,1,0.000936616794206202,-0.0826227068901062,0.9999815225601196,6.163816124171717e-06,1.2327632248343434e-05,1,9.36616794206202
2022-08-18,fold_6,EUR crisis downturn,0.0012543684570118785,1,-0.00886909943073988,-1,-0.00886909943073988,-0.0907590389251709,0.9999500513076782,1.6645777577650733e-05,3.3291555155301467e-05,0,-88.6909943073988
2022-08-19,fold_6,EUR crisis downturn,0.0021215099841356277,1,-0.005418936721980572,-1,-0.005418936721980572,-0.09568619728088379,0.9999579191207886,1.4007335266796872e-05,2.8014670533593744e-05,0,-54.18936721980572
2022-08-22,fold_6,EUR crisis downturn,0.003164564957842231,1,-0.009541994892060757,-1,-0.009541994892060757,-0.10431516170501709,0.9999477863311768,1.7410804503015243e-05,3.4821609006030485e-05,0,-95.41994892060757
2022-08-23,fold_6,EUR crisis downturn,0.0012933573452755809,1,0.0027609101962298155,1,0.0027609101962298155,-0.10184228420257568,0.999941349029541,1.955847255885601e-05,3.911694511771202e-05,1,27.609101962298155
2022-08-24,fold_6,EUR crisis downturn,0.0017025497509166598,1,0.00021929587819613516,1,0.00021929587819613516,-0.10164529085159302,0.9999476671218872,1.744024302752223e-05,3.488048605504446e-05,1,2.1929587819613516
2022-08-25,fold_6,EUR crisis downturn,0.004086097236722708,1,0.00021942718012724072,1,0.00021942718012724072,-0.10144811868667603,0.999975323677063,8.2228725659661e-06,1.64457451319322e-05,1,2.194271801272407
2022-08-26,fold_6,EUR crisis downturn,0.0025480734184384346,1,-0.0032698833383619785,-1,-0.0032698833383619785,-0.1043863296508789,0.9999462366104126,1.7899981685332023e-05,3.5799963370664045e-05,0,-32.698833383619785
2022-08-29,fold_6,EUR crisis downturn,0.002277643419802189,1,0.00758057227358222,1,0.00758057227358222,-0.09759712219238281,0.9999524354934692,1.583313860464841e-05,3.166627720929682e-05,1,75.8057227358222
2022-08-30,fold_6,EUR crisis downturn,0.00331328809261322,1,0.0011028088629245758,1,0.0011028088629245758,-0.09660196304321289,0.9999579191207886,1.4011779967404436e-05,2.8023559934808873e-05,1,11.028088629245758
2022-08-31,fold_6,EUR crisis downturn,0.0010664290748536587,1,0.001395423780195415,1,0.001395423780195415,-0.09534132480621338,0.9999654293060303,1.1503934729262255e-05,2.300786945852451e-05,1,13.95423780195415
2022-09-01,fold_6,EUR crisis downturn,0.000398353673517704,1,-0.008638561703264713,-1,-0.008638561703264713,-0.10315626859664917,0.999957799911499,1.4054676285013556e-05,2.8109352570027113e-05,0,-86.38561703264713
2022-09-02,fold_6,EUR crisis downturn,0.003765095490962267,1,-0.004310653544962406,-1,-0.004310653544962406,-0.10702228546142578,0.9999600648880005,1.3312924238562118e-05,2.6625848477124237e-05,0,-43.10653544962406
2022-09-06,fold_6,EUR crisis downturn,0.00040174610330723226,1,-0.005453890655189753,-1,-0.005453890655189753,-0.1118924617767334,0.9999417066574097,1.942166818480473e-05,3.884333636960946e-05,0,-54.538906551897526
2022-09-07,fold_6,EUR crisis downturn,0.001054118969477713,1,0.009875823743641376,1,0.009875823743641376,-0.10312169790267944,0.9999750852584839,8.308107680932153e-06,1.6616215361864306e-05,1,98.75823743641376
2022-09-08,fold_6,EUR crisis downturn,0.0003435388207435608,1,0.0016320209251716733,1,0.0016320209251716733,-0.10165798664093018,0.9999587535858154,1.3747759112447966e-05,2.7495518224895932e-05,1,16.320209251716733
2022-09-09,fold_6,EUR crisis downturn,0.003481864230707288,1,0.00593199860304594,1,0.00593199860304594,-0.09632903337478638,0.9999467134475708,1.7768348698155023e-05,3.5536697396310046e-05,1,59.319986030459404
2022-09-12,fold_6,EUR crisis downturn,0.0013555738842114806,1,0.005773918703198433,1,0.005773918703198433,-0.09111130237579346,0.9999676942825317,1.0769760592665989e-05,2.1539521185331978e-05,1,57.73918703198433
2022-09-13,fold_6,EUR crisis downturn,0.00027549295919016004,1,-0.014563821256160736,-1,-0.014563821256160736,-0.10434818267822266,0.9999496936798096,1.676042484177742e-05,3.352084968355484e-05,0,-145.63821256160736
2022-09-14,fold_6,EUR crisis downturn,-0.0015146455261856318,-1,0.00019961698853876442,1,-0.00019961698853876442,-0.10452699661254883,0.9999414682388306,1.9497425455483608e-05,3.8994850910967216e-05,0,-1.9961698853876442
2022-09-15,fold_6,EUR crisis downturn,0.0022097264882177114,1,0.0004294819082133472,1,0.0004294819082133472,-0.10414236783981323,0.99994957447052,1.6792129827081226e-05,3.358425965416245e-05,1,4.294819082133472
2022-09-16,fold_6,EUR crisis downturn,0.0020366243552416563,1,0.0034075863659381866,1,0.0034075863659381866,-0.10108965635299683,0.9999771118164062,7.623898454767186e-06,1.5247796909534372e-05,1,34.07586365938187
2022-09-20,fold_6,EUR crisis downturn,0.00032297216239385307,1,-0.005862889811396599,-1,-0.005862889811396599,-0.10635989904403687,0.9999513626098633,1.6217667507589795e-05,3.243533501517959e-05,0,-58.62889811396599
2022-09-21,fold_6,EUR crisis downturn,0.0035789671819657087,1,-0.014048072509467602,-1,-0.014048072509467602,-0.11891382932662964,0.999968409538269,1.0529250175750349e-05,2.1058500351500697e-05,0,-140.48072509467602
2022-09-22,fold_6,EUR crisis downturn,0.0016218022210523486,1,0.0011022116523236036,1,0.0011022116523236036,-0.1179426908493042,0.9999587535858154,1.3738154848397244e-05,2.7476309696794488e-05,1,11.022116523236036
2022-09-26,fold_6,EUR crisis downturn,0.001163103966973722,1,-0.006832936313003302,-1,-0.006832936313003302,-0.12396973371505737,0.9999624490737915,1.2525175407063216e-05,2.5050350814126432e-05,0,-68.32936313003302
2022-09-27,fold_6,EUR crisis downturn,0.00018631685816217214,1,-0.002859671600162983,-1,-0.002859671600162983,-0.12647485733032227,0.9999370574951172,2.097400647471659e-05,4.194801294943318e-05,0,-28.59671600162983
2022-09-28,fold_6,EUR crisis downturn,0.000933776784222573,1,0.011669258587062359,1,0.011669258587062359,-0.11628144979476929,0.9999380111694336,2.0675239284173585e-05,4.135047856834717e-05,1,116.69258587062359
2022-09-29,fold_6,EUR crisis downturn,0.0011383604723960161,1,0.012503246776759624,1,0.012503246776759624,-0.10523205995559692,0.9999696016311646,1.0133092473552097e-05,2.0266184947104193e-05,1,125.03246776759624
2025-04-08,fold_7,Recent mixed/upturn,0.001950951642356813,1,0.005962451454252005,1,0.005962451454252005,0.005962491035461426,0.9999505281448364,1.648733450565487e-05,3.297466901130974e-05,1,59.624514542520046
2025-04-09,fold_7,Recent mixed/upturn,0.0015861664433032274,1,-0.0025847177021205425,-1,-0.0025847177021205425,0.003362417221069336,0.9999613761901855,1.2871671060565859e-05,2.5743342121131718e-05,0,-25.847177021205425
2025-04-10,fold_7,Recent mixed/upturn,-0.00012077912833774462,-1,0.027919435873627663,1,-0.027919435873627663,-0.024650871753692627,0.9999557733535767,1.4721082152391318e-05,2.9442164304782636e-05,0,-279.1943587362766
2025-04-11,fold_7,Recent mixed/upturn,0.0012488444335758686,1,0.00757727911695838,1,0.00757727911695838,-0.017260372638702393,0.999958872795105,1.3720901733904611e-05,2.7441803467809223e-05,1,75.7727911695838
2025-04-14,fold_7,Recent mixed/upturn,0.002120689256116748,1,-0.00030624307692050934,-1,-0.00030624307692050934,-0.01756131649017334,0.9999474287033081,1.7526966985315084e-05,3.505393397063017e-05,0,-3.0624307692050934
2025-04-15,fold_7,Recent mixed/upturn,0.0007591433241032064,1,-0.00414437847211957,-1,-0.00414437847211957,-0.021632909774780273,0.9999662637710571,1.1235410966037307e-05,2.2470821932074614e-05,0,-41.4437847211957
2025-04-16,fold_7,Recent mixed/upturn,0.0022814625408500433,1,0.00922001339495182,1,0.00922001339495182,-0.012612342834472656,0.9999592304229736,1.3599270459963009e-05,2.7198540919926018e-05,1,92.2001339495182
2025-04-17,fold_7,Recent mixed/upturn,0.0004863830399699509,1,0.01017727330327034,1,0.01017727330327034,-0.0025634765625,0.9999498128890991,1.6715386664145626e-05,3.343077332829125e-05,1,101.7727330327034
2025-04-22,fold_7,Recent mixed/upturn,-0.0009566525113768876,-1,-0.01403016597032547,-1,0.01403016597032547,0.011430740356445312,0.999969482421875,1.0184839993598871e-05,2.0369679987197742e-05,1,140.3016597032547
2025-04-23,fold_7,Recent mixed/upturn,0.002592518925666809,1,-0.0021068835631012917,-1,-0.0021068835631012917,0.009299755096435547,0.9999654293060303,1.1531837117217947e-05,2.3063674234435894e-05,0,-21.068835631012917
2025-04-24,fold_7,Recent mixed/upturn,0.00154696439858526,1,0.003934726119041443,1,0.003934726119041443,0.013271093368530273,0.9999747276306152,8.425804480793886e-06,1.6851608961587772e-05,1,39.34726119041443
2025-04-25,fold_7,Recent mixed/upturn,-0.00012679994688369334,-1,-0.002529496792703867,-1,0.002529496792703867,0.01583421230316162,0.9999843835830688,5.210719336901093e-06,1.0421438673802186e-05,1,25.29496792703867
2025-04-28,fold_7,Recent mixed/upturn,0.0020374611485749483,1,0.005818618461489677,1,0.005818618461489677,0.021744966506958008,0.9999592304229736,1.3581558050645981e-05,2.7163116101291962e-05,1,58.186184614896774
2025-04-30,fold_7,Recent mixed/upturn,0.003756651422008872,1,-0.005651242099702358,-1,-0.005651242099702358,0.015970826148986816,0.9999511241912842,1.6296955436700955e-05,3.259391087340191e-05,0,-56.51242099702358
2025-05-01,fold_7,Recent mixed/upturn,0.0007887032115831971,1,-0.002507785800844431,-1,-0.002507785800844431,0.013422966003417969,0.9999631643295288,1.2287061508686747e-05,2.4574123017373495e-05,0,-25.07785800844431
2025-05-02,fold_7,Recent mixed/upturn,0.0016983405221253633,1,0.0023665628395974636,1,0.0023665628395974636,0.015821218490600586,0.9999593496322632,1.3561337254941463e-05,2.7122674509882927e-05,1,23.665628395974636
2025-05-07,fold_7,Recent mixed/upturn,0.0026274966076016426,1,-0.003222282975912094,-1,-0.003222282975912094,0.012547969818115234,0.9999386072158813,2.0464103727135807e-05,4.0928207454271615e-05,0,-32.22282975912094
2025-05-08,fold_7,Recent mixed/upturn,0.0017916098004207015,1,-0.007250799797475338,-1,-0.007250799797475338,0.0052062273025512695,0.9999501705169678,1.6596019122516736e-05,3.319203824503347e-05,0,-72.50799797475338
2025-05-09,fold_7,Recent mixed/upturn,0.0014193657552823424,1,0.0004828175879083574,1,0.0004828175879083574,0.0056915283203125,0.999943733215332,1.8745267880149186e-05,3.749053576029837e-05,1,4.828175879083574
2025-05-12,fold_7,Recent mixed/upturn,0.002951062982901931,1,-0.011938820593059063,-1,-0.011938820593059063,-0.0063152313232421875,0.9999300241470337,2.3308217350859195e-05,4.661643470171839e-05,0,-119.38820593059063
2025-05-13,fold_7,Recent mixed/upturn,0.002165870973840356,1,0.008109462447464466,1,0.008109462447464466,0.0017429590225219727,0.999966025352478,1.1335977433191147e-05,2.2671954866382293e-05,1,81.09462447464466
2025-05-14,fold_7,Recent mixed/upturn,0.0018822444835677743,1,-0.0003241990343667567,-1,-0.0003241990343667567,0.0014182329177856445,0.999954342842102,1.5229204109346028e-05,3.0458408218692057e-05,0,-3.2419903436675668
2025-05-15,fold_7,Recent mixed/upturn,0.00042368259164504707,1,0.0009625714155845344,1,0.0009625714155845344,0.0023821592330932617,0.9999425411224365,1.9135364709654823e-05,3.8270729419309646e-05,1,9.625714155845344
2025-05-16,fold_7,Recent mixed/upturn,0.001817674026824534,1,-0.0004587228177115321,-1,-0.0004587228177115321,0.0019223690032958984,0.9999347925186157,2.1715099137509242e-05,4.3430198275018483e-05,0,-4.587228177115321
2025-05-19,fold_7,Recent mixed/upturn,0.0020353111904114485,1,0.004100138321518898,1,0.004100138321518898,0.00603032112121582,0.9999387264251709,2.0403240341693163e-05,4.0806480683386326e-05,1,41.00138321518898
2025-05-20,fold_7,Recent mixed/upturn,0.002301569562405348,1,0.004853827878832817,1,0.004853827878832817,0.010913491249084473,0.9999459981918335,1.7984793885261752e-05,3.5969587770523503e-05,1,48.53827878832817
2025-05-21,fold_7,Recent mixed/upturn,0.0032366239465773106,1,0.003829962108284235,1,0.003829962108284235,0.014785289764404297,0.9999631643295288,1.226518907060381e-05,2.453037814120762e-05,1,38.29962108284235
2025-05-22,fold_7,Recent mixed/upturn,0.0018378597451373935,1,-0.004354733508080244,-1,-0.004354733508080244,0.010366201400756836,0.9999558925628662,1.4701462532684673e-05,2.9402925065369345e-05,0,-43.54733508080244
2025-05-23,fold_7,Recent mixed/upturn,0.00011203922622371465,1,0.00806327536702156,1,0.00806327536702156,0.018513083457946777,0.9999648332595825,1.1716404515027534e-05,2.343280903005507e-05,1,80.6327536702156
2025-05-27,fold_7,Recent mixed/upturn,0.0033024069853127003,1,-0.004512133076786995,-1,-0.004512133076786995,0.01391744613647461,0.9999402761459351,1.9913690266548656e-05,3.982738053309731e-05,0,-45.12133076786995
2025-05-28,fold_7,Recent mixed/upturn,0.0029528115410357714,1,-0.009121845476329327,-1,-0.009121845476329327,0.004668712615966797,0.999958872795105,1.369378423987655e-05,2.73875684797531e-05,0,-91.21845476329327
2025-05-29,fold_7,Recent mixed/upturn,-0.0010509990388527513,-1,0.012880357913672924,1,-0.012880357913672924,-0.00827181339263916,0.9999492168426514,1.6937869077082723e-05,3.387573815416545e-05,0,-128.80357913672924
2025-05-30,fold_7,Recent mixed/upturn,0.0007686009630560875,1,-0.002202543430030346,-1,-0.002202543430030346,-0.0104561448097229,0.9999662637710571,1.1228939911234193e-05,2.2457879822468385e-05,0,-22.02543430030346
2025-06-02,fold_7,Recent mixed/upturn,0.0009390250197611749,1,0.008819226175546646,1,0.008819226175546646,-0.001729130744934082,0.9999499320983887,1.6669408068992198e-05,3.3338816137984395e-05,1,88.19226175546646
2025-06-03,fold_7,Recent mixed/upturn,1.5074573639139999e-05,1,-0.006022475194185972,-1,-0.006022475194185972,-0.007741153240203857,0.999950647354126,1.643054019950796e-05,3.286108039901592e-05,0,-60.22475194185972
2025-06-04,fold_7,Recent mixed/upturn,0.0020681070163846016,1,0.0033009489998221397,1,0.0033009489998221397,-0.004465818405151367,0.9999772310256958,7.587530035380041e-06,1.5175060070760082e-05,1,33.0094899982214
2025-06-05,fold_7,Recent mixed/upturn,0.00045646840590052307,1,0.0027832789346575737,1,0.0027832789346575737,-0.0016949772834777832,0.9999477863311768,1.7400152501068078e-05,3.4800305002136156e-05,1,27.832789346575737
2025-06-06,fold_7,Recent mixed/upturn,0.0012241015210747719,1,-0.004015539772808552,-1,-0.004015539772808552,-0.005703747272491455,0.9999794960021973,6.825349828432081e-06,1.3650699656864163e-05,0,-40.15539772808552
2025-06-09,fold_7,Recent mixed/upturn,0.0027351693715900183,1,0.001771340030245483,1,0.001771340030245483,-0.003942549228668213,0.9999511241912842,1.6286490790662356e-05,3.257298158132471e-05,1,17.71340030245483
2025-06-10,fold_7,Recent mixed/upturn,0.0018480051076039672,1,0.0008235503337346017,1,0.0008235503337346017,-0.003122270107269287,0.999950647354126,1.6431424228358082e-05,3.2862848456716165e-05,1,8.235503337346017
2025-06-11,fold_7,Recent mixed/upturn,0.0003460964362602681,1,0.006284058094024658,1,0.006284058094024658,0.003142118453979492,0.9999639987945557,1.1986524441454094e-05,2.3973048882908188e-05,1,62.84058094024658
2025-06-12,fold_7,Recent mixed/upturn,0.0026709127705544233,1,0.007899755612015724,1,0.007899755612015724,0.011066675186157227,0.9999481439590454,1.7270778698730282e-05,3.4541557397460565e-05,1,78.99755612015724
2025-06-13,fold_7,Recent mixed/upturn,0.0031490642577409744,1,-0.003755935002118349,-1,-0.003755935002118349,0.007269144058227539,0.9999614953994751,1.2840175259043463e-05,2.5680350518086925e-05,0,-37.55935002118349
2025-06-16,fold_7,Recent mixed/upturn,0.0004021282366011292,1,-0.0004620169347617775,-1,-0.0004620169347617775,0.006803750991821289,0.9999634027481079,1.221196635015076e-05,2.442393270030152e-05,0,-4.620169347617775
2025-06-17,fold_7,Recent mixed/upturn,0.001398551044985652,1,-0.005948005244135857,-1,-0.005948005244135857,0.000815272331237793,0.9999074935913086,3.082128387177363e-05,6.164256774354726e-05,0,-59.480052441358566
2025-06-18,fold_7,Recent mixed/upturn,0.0008629324147477746,1,-0.0004476588510442525,-1,-0.0004476588510442525,0.00036728382110595703,0.9999531507492065,1.561544559081085e-05,3.12308911816217e-05,0,-4.476588510442525
2025-06-20,fold_7,Recent mixed/upturn,1.3728346857533325e-05,1,-0.0010350376833230257,-1,-0.0010350376833230257,-0.0006681084632873535,0.9999688863754272,1.036744833982084e-05,2.073489667964168e-05,0,-10.350376833230257
2025-06-23,fold_7,Recent mixed/upturn,-0.0012815374648198485,-1,0.008536921814084053,1,-0.008536921814084053,-0.009199321269989014,0.9999523162841797,1.591036379977595e-05,3.18207275995519e-05,0,-85.36921814084053
2025-06-24,fold_7,Recent mixed/upturn,0.0001349231315543875,1,0.0011379257775843143,1,0.0011379257775843143,-0.008071839809417725,0.9999767541885376,7.742305569991004e-06,1.5484611139982007e-05,1,11.379257775843143
2025-06-25,fold_7,Recent mixed/upturn,0.0033158008009195328,1,0.006157340481877327,1,0.006157340481877327,-0.0019641518592834473,0.9999692440032959,1.0253868822474033e-05,2.0507737644948065e-05,1,61.57340481877327
2025-06-26,fold_7,Recent mixed/upturn,0.001870655338279903,1,0.0007249234477058053,1,0.0007249234477058053,-0.0012406706809997559,0.9999442100524902,1.859026997408364e-05,3.718053994816728e-05,1,7.249234477058053
2025-06-27,fold_7,Recent mixed/upturn,0.0017007532296702266,1,0.0030139251612126827,1,0.0030139251612126827,0.0017695426940917969,0.999976396560669,7.85441261541564e-06,1.570882523083128e-05,1,30.139251612126827
2025-06-30,fold_7,Recent mixed/upturn,0.0024935679975897074,1,0.005092043429613113,1,0.005092043429613113,0.006870627403259277,0.99994957447052,1.681050162005704e-05,3.362100324011408e-05,1,50.920434296131134
2025-07-01,fold_7,Recent mixed/upturn,0.0021851875353604555,1,0.0015583859058097005,1,0.0015583859058097005,0.008439779281616211,0.9999594688415527,1.3513790690922178e-05,2.7027581381844357e-05,1,15.583859058097005
2025-07-02,fold_7,Recent mixed/upturn,0.0012823318829759955,1,-0.00044844072544947267,-1,-0.00044844072544947267,0.007987499237060547,0.999940037727356,1.9991175577160902e-05,3.9982351154321805e-05,0,-4.484407254494727
2025-07-03,fold_7,Recent mixed/upturn,0.0026647632475942373,1,-0.0024366681464016438,-1,-0.0024366681464016438,0.00553131103515625,0.9999417066574097,1.944564064615406e-05,3.889128129230812e-05,0,-24.366681464016438
2025-07-07,fold_7,Recent mixed/upturn,0.0032010057475417852,1,-0.003755652578547597,-1,-0.003755652578547597,0.0017548799514770508,0.9999653100967407,1.1542007996467873e-05,2.3084015992935747e-05,0,-37.55652578547597
2025-07-08,fold_7,Recent mixed/upturn,0.00226446520537138,1,-0.0010200783144682646,-1,-0.0010200783144682646,0.0007330179214477539,0.9999617338180542,1.2743461411446333e-05,2.5486922822892666e-05,0,-10.200783144682646
2025-07-09,fold_7,Recent mixed/upturn,0.0021648595575243235,1,0.000563176698051393,1,0.000563176698051393,0.0012965202331542969,0.9999709129333496,9.684948054200504e-06,1.9369896108401008e-05,1,5.63176698051393
2025-07-10,fold_7,Recent mixed/upturn,0.0001653049112064764,1,-0.002422562800347805,-1,-0.002422562800347805,-0.0011292099952697754,0.9999644756317139,1.185748533316655e-05,2.37149706663331e-05,0,-24.22562800347805
2025-07-11,fold_7,Recent mixed/upturn,0.0010302156442776322,1,-0.0017639847937971354,-1,-0.0017639847937971354,-0.002891242504119873,0.9999516010284424,1.6145975678227842e-05,3.2291951356455684e-05,0,-17.639847937971354
2025-07-14,fold_7,Recent mixed/upturn,0.0012850139755755663,1,-0.0013532100711017847,-1,-0.0013532100711017847,-0.004240512847900391,0.9999717473983765,9.405865966982674e-06,1.8811731933965348e-05,0,-13.532100711017847
2025-07-15,fold_7,Recent mixed/upturn,0.0030102403834462166,1,-0.005049251951277256,-1,-0.005049251951277256,-0.009268343448638916,0.9999392032623291,2.0281297111068852e-05,4.0562594222137704e-05,0,-50.49251951277256
2025-07-16,fold_7,Recent mixed/upturn,0.001948410295881331,1,0.002443466568365693,1,0.002443466568365693,-0.006847560405731201,0.9999613761901855,1.2879452697234228e-05,2.5758905394468457e-05,1,24.43466568365693
2025-07-17,fold_7,Recent mixed/upturn,0.0009970824467018247,1,-0.0017422791570425034,-1,-0.0017422791570425034,-0.008577942848205566,0.9999589920043945,1.3647650121129118e-05,2.7295300242258236e-05,0,-17.422791570425034
2025-07-18,fold_7,Recent mixed/upturn,0.0036679566837847233,1,0.0013141727540642023,1,0.0013141727540642023,-0.007275044918060303,0.9999717473983765,9.414790838491172e-06,1.8829581676982343e-05,1,13.141727540642023
2025-07-22,fold_7,Recent mixed/upturn,0.0005364647367969155,1,0.003815255593508482,1,0.003815255593508482,-0.003487527370452881,0.9999330043792725,2.2308953703031875e-05,4.461790740606375e-05,1,38.15255593508482
2025-07-23,fold_7,Recent mixed/upturn,0.00036689380067400634,1,0.0029907028656452894,1,0.0029907028656452894,-0.0005072355270385742,0.9999580383300781,1.3998465874465182e-05,2.7996931748930365e-05,1,29.907028656452894
2025-07-24,fold_7,Recent mixed/upturn,0.0008658842998556793,1,-0.001540047349408269,-1,-0.001540047349408269,-0.002046525478363037,0.9999669790267944,1.1023324987036176e-05,2.2046649974072352e-05,0,-15.40047349408269
2025-07-25,fold_7,Recent mixed/upturn,0.0028083394281566143,1,5.8711641031550243e-05,1,5.8711641031550243e-05,-0.0019878745079040527,0.9999613761901855,1.2881969269074034e-05,2.5763938538148068e-05,1,0.5871164103155024
2025-07-28,fold_7,Recent mixed/upturn,0.0017477974761277437,1,-0.013614622876048088,-1,-0.013614622876048088,-0.015575408935546875,0.9999580383300781,1.3989085346111096e-05,2.7978170692222193e-05,0,-136.14622876048088
2025-07-29,fold_7,Recent mixed/upturn,0.0025128209963440895,1,-0.003950425889343023,-1,-0.003950425889343023,-0.019464313983917236,0.9999477863311768,1.741106461849995e-05,3.48221292369999e-05,0,-39.50425889343023
2025-07-30,fold_7,Recent mixed/upturn,0.00316965882666409,1,-0.010526402853429317,-1,-0.010526402853429317,-0.029785871505737305,0.9999444484710693,1.8510292647988535e-05,3.702058529597707e-05,0,-105.26402853429317
2025-07-31,fold_7,Recent mixed/upturn,0.0009547622757963836,1,-0.0004912575823254883,-1,-0.0004912575823254883,-0.030262529850006104,0.9999657869338989,1.13920232251985e-05,2.2784046450397e-05,0,-4.912575823254883
2025-08-01,fold_7,Recent mixed/upturn,0.0006540786707773805,1,0.014263281598687172,1,0.014263281598687172,-0.016430914402008057,0.9999610185623169,1.3008133464609273e-05,2.6016266929218546e-05,1,142.63281598687172
2025-08-04,fold_7,Recent mixed/upturn,0.0022761987056583166,1,-0.00022017340234015137,-1,-0.00022017340234015137,-0.01664745807647705,0.9999649524688721,1.168604831036646e-05,2.337209662073292e-05,0,-2.2017340234015137
2025-08-05,fold_7,Recent mixed/upturn,0.0020732544362545013,1,-0.0004284036112949252,-1,-0.0004284036112949252,-0.017068684101104736,0.9999785423278809,7.133288363547763e-06,1.4266576727095526e-05,0,-4.284036112949252
2025-08-06,fold_7,Recent mixed/upturn,0.0007259806734509766,1,0.007254479452967644,1,0.007254479452967644,-0.00993800163269043,0.9999828338623047,5.703333954443224e-06,1.1406667908886448e-05,1,72.54479452967644
2025-08-07,fold_7,Recent mixed/upturn,0.002380044898018241,1,0.0011559956474229693,1,0.0011559956474229693,-0.008793532848358154,0.9999536275863647,1.5467028788407333e-05,3.0934057576814666e-05,1,11.559956474229693
2025-08-08,fold_7,Recent mixed/upturn,0.002496259054169059,1,-0.002457661321386695,-1,-0.002457661321386695,-0.01122957468032837,0.9999266862869263,2.443170888000168e-05,4.886341776000336e-05,0,-24.57661321386695
2025-08-12,fold_7,Recent mixed/upturn,0.002368287416175008,1,0.005044498015195131,1,0.005044498015195131,-0.006241738796234131,0.9999572038650513,1.4253901099436916e-05,2.8507802198873833e-05,1,50.44498015195131
2025-08-13,fold_7,Recent mixed/upturn,0.0020936636719852686,1,0.003068778896704316,1,0.003068778896704316,-0.0031920671463012695,0.9999613761901855,1.2858312402386218e-05,2.5716624804772437e-05,1,30.68778896704316
2025-08-14,fold_7,Recent mixed/upturn,0.00011480395187390968,1,-0.005254701245576143,-1,-0.005254701245576143,-0.008430004119873047,0.9999723434448242,9.226982001564465e-06,1.845396400312893e-05,0,-52.54701245576143
2025-08-15,fold_7,Recent mixed/upturn,0.0035940513480454683,1,0.004741219338029623,1,0.004741219338029623,-0.003728806972503662,0.9999533891677856,1.552871435706038e-05,3.105742871412076e-05,1,47.41219338029623
2025-08-18,fold_7,Recent mixed/upturn,0.0036282227374613285,1,-0.003267246065661311,-1,-0.003267246065661311,-0.0069838762283325195,0.999950647354126,1.6446247173007578e-05,3.2892494346015155e-05,0,-32.67246065661311
2025-08-19,fold_7,Recent mixed/upturn,0.0011519069084897637,1,-0.002212071092799306,-1,-0.002212071092799306,-0.00918048620223999,0.999982476234436,5.828379016747931e-06,1.1656758033495862e-05,0,-22.12071092799306
2025-08-20,fold_7,Recent mixed/upturn,0.0018606152152642608,1,0.0007923034718260169,1,0.0007923034718260169,-0.008395493030548096,0.9999730587005615,8.989843991003e-06,1.7979687982006e-05,1,7.923034718260169
2025-08-21,fold_7,Recent mixed/upturn,0.0017400749493390322,1,-0.003321295604109764,-1,-0.003321295604109764,-0.01168888807296753,0.9999632835388184,1.2242927368788514e-05,2.448585473757703e-05,0,-33.21295604109764
2025-08-22,fold_7,Recent mixed/upturn,0.0003612648870330304,1,0.008313816972076893,1,0.008313816972076893,-0.003472268581390381,0.9999597072601318,1.3441657756629866e-05,2.688331551325973e-05,1,83.13816972076893
2025-08-25,fold_7,Recent mixed/upturn,0.0019649015739560127,1,-0.007784397341310978,-1,-0.007784397341310978,-0.01122969388961792,0.9999628067016602,1.2403018445183989e-05,2.4806036890367977e-05,0,-77.84397341310978
2025-08-26,fold_7,Recent mixed/upturn,0.001752009498886764,1,0.001804178929887712,1,0.001804178929887712,-0.009445726871490479,0.9999622106552124,1.2602995411725715e-05,2.520599082345143e-05,1,18.04178929887712
2025-08-27,fold_7,Recent mixed/upturn,0.0016540983924642205,1,0.0007338296854868531,1,0.0007338296854868531,-0.008718788623809814,0.999980092048645,6.652324373135343e-06,1.3304648746270686e-05,1,7.338296854868531
2025-08-28,fold_7,Recent mixed/upturn,0.0005732635036110878,1,0.0028852694667875767,1,0.0028852694667875767,-0.005858719348907471,0.9999808073043823,6.396536718966672e-06,1.2793073437933344e-05,1,28.852694667875767
2025-08-29,fold_7,Recent mixed/upturn,0.0028345591854304075,1,0.0008769080741330981,1,0.0008769080741330981,-0.004986941814422607,0.9999687671661377,1.0426592780277133e-05,2.0853185560554266e-05,1,8.769080741330981
2025-09-02,fold_7,Recent mixed/upturn,0.0018279936630278826,1,-0.006818667519837618,-1,-0.006818667519837618,-0.011771619319915771,0.9999798536300659,6.702904101985041e-06,1.3405808203970082e-05,0,-68.18667519837618
2025-09-03,fold_7,Recent mixed/upturn,0.0014239188749343157,1,0.0020988616161048412,1,0.0020988616161048412,-0.009697437286376953,0.9999642372131348,1.1935571819776669e-05,2.3871143639553338e-05,1,20.988616161048412
2025-09-04,fold_7,Recent mixed/upturn,0.001785866217687726,1,-0.0003031234664376825,-1,-0.0003031234664376825,-0.009997665882110596,0.9999474287033081,1.752486059558578e-05,3.504972119117156e-05,0,-3.031234664376825
2025-09-05,fold_7,Recent mixed/upturn,0.003497455036267638,1,0.004825879819691181,1,0.004825879819691181,-0.00522005558013916,0.9999547004699707,1.5080886441865005e-05,3.016177288373001e-05,1,48.25879819691181
2025-09-08,fold_7,Recent mixed/upturn,0.0023022976238280535,1,0.00477817514911294,1,0.00477817514911294,-0.0004668235778808594,0.9999535083770752,1.5509018339798786e-05,3.101803667959757e-05,1,47.7817514911294
2025-09-09,fold_7,Recent mixed/upturn,0.002001506043598056,1,-0.005640725139528513,-1,-0.005640725139528513,-0.006104946136474609,0.9999641180038452,1.1962445569224656e-05,2.392489113844931e-05,0,-56.40725139528513
2025-09-10,fold_7,Recent mixed/upturn,0.00017539570399094373,1,5.857199721504003e-05,1,5.857199721504003e-05,-0.006046772003173828,0.9999489784240723,1.700486973277293e-05,3.400973946554586e-05,1,0.5857199721504003
2025-09-11,fold_7,Recent mixed/upturn,0.002799658803269267,1,0.002675513969734311,1,0.002675513969734311,-0.0033873915672302246,0.999972939491272,9.031767149281222e-06,1.8063534298562445e-05,1,26.75513969734311
2025-09-12,fold_7,Recent mixed/upturn,0.0018326853169128299,1,-0.000703588651958853,-1,-0.000703588651958853,-0.00408858060836792,0.999974250793457,8.576668733439874e-06,1.7153337466879748e-05,0,-7.03588651958853
2025-09-16,fold_7,Recent mixed/upturn,0.003682504640892148,1,0.009152790531516075,1,0.009152790531516075,0.005026817321777344,0.9999434947967529,1.8840784832718782e-05,3.7681569665437564e-05,1,91.52790531516075
2025-09-17,fold_7,Recent mixed/upturn,0.0026620763819664717,1,-0.003796270117163658,-1,-0.003796270117163658,0.001211404800415039,0.9999455213546753,1.8161408661399037e-05,3.632281732279807e-05,0,-37.96270117163658
2025-09-18,fold_7,Recent mixed/upturn,0.00039073816151358187,1,-0.0029830695129930973,-1,-0.0029830695129930973,-0.0017753243446350098,0.9999371767044067,2.094455703627318e-05,4.188911407254636e-05,0,-29.830695129930973
2025-09-19,fold_7,Recent mixed/upturn,0.0006494877743534744,1,-0.004589194897562265,-1,-0.004589194897562265,-0.006356358528137207,0.999971866607666,9.379827133670915e-06,1.875965426734183e-05,0,-45.891948975622654
2025-09-22,fold_7,Recent mixed/upturn,-0.0005281012854538858,-1,0.005463925655931234,1,-0.005463925655931234,-0.011785507202148438,0.9999620914459229,1.2634047379833646e-05,2.5268094759667292e-05,0,-54.639256559312344
2025-09-24,fold_7,Recent mixed/upturn,0.0019891317933797836,1,-0.005907559301704168,-1,-0.005907559301704168,-0.017623424530029297,0.9999465942382812,1.7818372725741938e-05,3.5636745451483876e-05,0,-59.07559301704168
2025-09-25,fold_7,Recent mixed/upturn,0.002180842449888587,1,-0.006974319461733103,-1,-0.006974319461733103,-0.0244748592376709,0.999944806098938,1.8386857846053317e-05,3.6773715692106634e-05,0,-69.74319461733103
2025-09-26,fold_7,Recent mixed/upturn,0.0036185376811772585,1,0.0038988362066447735,1,0.0038988362066447735,-0.020671427249908447,0.9999223947525024,2.5868992452160455e-05,5.173798490432091e-05,1,38.988362066447735
2025-09-29,fold_7,Recent mixed/upturn,0.00036071930662728846,1,0.0019825738854706287,1,0.0019825738854706287,-0.018729865550994873,0.9999680519104004,1.0652320270310156e-05,2.1304640540620312e-05,1,19.825738854706287
