date,fold,regime,prediction,pred_direction,actual_return,actual_direction,strategy_return,cumulative_return,confidence,aleatoric,epistemic,correct,pnl_bps
2008-01-23,fold_1,Pre-crisis upturn + GFC onset,0.00012207803956698626,1,0.009706642478704453,1,0.009706642478704453,0.009706616401672363,,,,1,97.06642478704453
2008-01-24,fold_1,Pre-crisis upturn + GFC onset,0.0034535015001893044,1,-0.006706463638693094,-1,-0.006706463638693094,0.002935051918029785,,,,0,-67.06463638693094
2008-01-25,fold_1,Pre-crisis upturn + GFC onset,-1.875496127468068e-05,-1,0.007704523392021656,1,-0.007704523392021656,-0.00479203462600708,,,,0,-77.04523392021656
2008-01-28,fold_1,Pre-crisis upturn + GFC onset,0.0014145546592772007,1,-0.001093094702810049,-1,-0.001093094702810049,-0.005879878997802734,,,,0,-10.93094702810049
2008-01-29,fold_1,Pre-crisis upturn + GFC onset,0.0008376039913855493,1,0.004004329908639193,1,0.004004329908639193,-0.0018990635871887207,,,,1,40.043299086391926
2008-01-30,fold_1,Pre-crisis upturn + GFC onset,0.002906074281781912,1,0.002289247466251254,1,0.002289247466251254,0.0003858804702758789,,,,1,22.89247466251254
2008-01-31,fold_1,Pre-crisis upturn + GFC onset,-9.047531784744933e-05,-1,-0.004380703438073397,-1,0.004380703438073397,0.004768252372741699,,,,1,43.80703438073397
2008-02-01,fold_1,Pre-crisis upturn + GFC onset,-0.0010695005767047405,-1,0.001897936686873436,1,-0.001897936686873436,0.0028612613677978516,,,,0,-18.97936686873436
2008-02-04,fold_1,Pre-crisis upturn + GFC onset,-0.0018166560912504792,-1,-0.012808330357074738,-1,0.012808330357074738,0.015706181526184082,,,,1,128.08330357074738
2008-02-05,fold_1,Pre-crisis upturn + GFC onset,-0.0033575044944882393,-1,-0.0014324913499876857,-1,0.0014324913499876857,0.017161250114440918,,,,1,14.324913499876857
2008-02-06,fold_1,Pre-crisis upturn + GFC onset,-0.0009345718426629901,-1,-0.009454712271690369,-1,0.009454712271690369,0.026778221130371094,,,,1,94.54712271690369
2008-02-07,fold_1,Pre-crisis upturn + GFC onset,-0.0030426012817770243,-1,0.07542583346366882,1,-0.07542583346366882,-0.050667405128479004,,,,0,-754.2583346366882
2008-02-08,fold_1,Pre-crisis upturn + GFC onset,-0.006259268615394831,-1,-0.06865246593952179,-1,0.06865246593952179,0.014506697654724121,,,,1,686.5246593952179
2008-02-12,fold_1,Pre-crisis upturn + GFC onset,0.0009867028566077352,1,-0.0017758844187483191,-1,-0.0017758844187483191,0.012705087661743164,,,,0,-17.75884418748319
2008-02-13,fold_1,Pre-crisis upturn + GFC onset,-5.50184995518066e-05,-1,0.006048077251762152,1,-0.006048077251762152,0.0065801143646240234,,,,0,-60.48077251762152
2008-02-14,fold_1,Pre-crisis upturn + GFC onset,-0.0010396632133051753,-1,0.002186686033383012,1,-0.002186686033383012,0.0043790340423583984,,,,0,-21.866860333830118
2008-02-15,fold_1,Pre-crisis upturn + GFC onset,0.0016366628697142005,1,-0.0017726941732689738,-1,-0.0017726941732689738,0.0025985240936279297,,,,0,-17.72694173268974
2008-02-19,fold_1,Pre-crisis upturn + GFC onset,7.467075920430943e-05,1,-0.0004710935172624886,-1,-0.0004710935172624886,0.0021262168884277344,,,,0,-4.710935172624886
2008-02-20,fold_1,Pre-crisis upturn + GFC onset,0.0009560780599713326,1,0.006251954939216375,1,0.006251954939216375,0.008391499519348145,,,,1,62.51954939216375
2008-02-21,fold_1,Pre-crisis upturn + GFC onset,0.0026777873281389475,1,0.0007413247367367148,1,0.0007413247367367148,0.009139060974121094,,,,1,7.413247367367148
2008-02-22,fold_1,Pre-crisis upturn + GFC onset,0.000571509706787765,1,0.0006675262120552361,1,0.0006675262120552361,0.009812712669372559,,,,1,6.675262120552361
2008-02-25,fold_1,Pre-crisis upturn + GFC onset,-0.00029898161301389337,-1,0.010797196999192238,1,-0.010797196999192238,-0.0010904669761657715,,,,0,-107.97196999192238
2008-02-26,fold_1,Pre-crisis upturn + GFC onset,0.0033541496377438307,1,0.008133538998663425,1,0.008133538998663425,0.007034182548522949,,,,1,81.33538998663425
2008-02-27,fold_1,Pre-crisis upturn + GFC onset,0.0025928914546966553,1,0.005151412915438414,1,0.005151412915438414,0.012221813201904297,,,,1,51.514129154384136
2008-02-28,fold_1,Pre-crisis upturn + GFC onset,0.0013042885111644864,1,-0.00025825100601650774,-1,-0.00025825100601650774,0.011960387229919434,,,,0,-2.5825100601650774
2008-02-29,fold_1,Pre-crisis upturn + GFC onset,-0.0013875709846615791,-1,0.0005320152267813683,1,-0.0005320152267813683,0.011422038078308105,,,,0,-5.320152267813683
2008-03-03,fold_1,Pre-crisis upturn + GFC onset,0.0001854135189205408,1,0.0006540778558701277,1,0.0006540778558701277,0.012083649635314941,,,,1,6.540778558701277
2008-03-04,fold_1,Pre-crisis upturn + GFC onset,-0.001266314066015184,-1,0.00439975643530488,1,-0.00439975643530488,0.007630705833435059,,,,0,-43.9975643530488
2008-03-05,fold_1,Pre-crisis upturn + GFC onset,-0.0024824070278555155,-1,0.007077113725244999,1,-0.007077113725244999,0.0004996061325073242,,,,0,-70.77113725244999
2008-03-06,fold_1,Pre-crisis upturn + GFC onset,0.0011605956824496388,1,-0.00318984710611403,-1,-0.00318984710611403,-0.0026918649673461914,,,,0,-31.8984710611403
2008-03-07,fold_1,Pre-crisis upturn + GFC onset,-0.0012406234163790941,-1,0.00032211976940743625,1,-0.00032211976940743625,-0.0030130743980407715,,,,0,-3.2211976940743625
2008-03-10,fold_1,Pre-crisis upturn + GFC onset,-0.0019962794613093138,-1,6.13881929893978e-05,1,-6.13881929893978e-05,-0.0030742883682250977,,,,0,-0.6138819298939779
2008-03-11,fold_1,Pre-crisis upturn + GFC onset,-0.0014352942816913128,-1,0.012913729064166546,1,-0.012913729064166546,-0.01594829559326172,,,,0,-129.13729064166546
2008-03-12,fold_1,Pre-crisis upturn + GFC onset,0.00012017023254884407,1,0.005280183628201485,1,0.005280183628201485,-0.010752379894256592,,,,1,52.80183628201485
2008-03-13,fold_1,Pre-crisis upturn + GFC onset,0.0004295169492252171,1,-0.0002654764102771878,-1,-0.0002654764102771878,-0.011014997959136963,,,,0,-2.6547641027718782
2008-03-14,fold_1,Pre-crisis upturn + GFC onset,0.0003821501159109175,1,0.008330723270773888,1,0.008330723270773888,-0.0027760863304138184,,,,1,83.30723270773888
2008-03-17,fold_1,Pre-crisis upturn + GFC onset,-0.0020076725631952286,-1,-0.00571519136428833,-1,0.00571519136428833,0.002923130989074707,,,,1,57.1519136428833
2008-03-18,fold_1,Pre-crisis upturn + GFC onset,0.0007268348126672208,1,-0.001219803118146956,-1,-0.001219803118146956,0.0016998052597045898,,,,0,-12.19803118146956
2008-03-19,fold_1,Pre-crisis upturn + GFC onset,-0.00443329568952322,-1,-0.012585368938744068,-1,0.012585368938744068,0.01430654525756836,,,,1,125.85368938744068
2008-03-24,fold_1,Pre-crisis upturn + GFC onset,-0.001830221270211041,-1,0.011474939994513988,1,-0.011474939994513988,0.0026674270629882812,,,,0,-114.74939994513988
2008-03-25,fold_1,Pre-crisis upturn + GFC onset,0.002063535386696458,1,0.013576983474195004,1,0.013576983474195004,0.016280651092529297,,,,1,135.76983474195004
2008-03-26,fold_1,Pre-crisis upturn + GFC onset,-0.0007016785093583167,-1,-0.0006325822323560715,-1,0.0006325822323560715,0.01692342758178711,,,,1,6.325822323560715
2008-03-27,fold_1,Pre-crisis upturn + GFC onset,-0.0023954540956765413,-1,-0.0033570618834346533,-1,0.0033570618834346533,0.020337343215942383,,,,1,33.57061883434653
2008-03-28,fold_1,Pre-crisis upturn + GFC onset,-0.0024625048972666264,-1,-0.00018908978381659836,-1,0.00018908978381659836,0.020530223846435547,,,,1,1.8908978381659836
2008-03-31,fold_1,Pre-crisis upturn + GFC onset,-0.0034312489442527294,-1,-0.005079609341919422,-1,0.005079609341919422,0.02571415901184082,,,,1,50.79609341919422
2008-04-02,fold_1,Pre-crisis upturn + GFC onset,-0.006685453001409769,-1,-0.0006893464596942067,-1,0.0006893464596942067,0.026421308517456055,,,,1,6.893464596942067
2008-04-03,fold_1,Pre-crisis upturn + GFC onset,-0.003386072348803282,-1,0.0044534835033118725,1,-0.0044534835033118725,0.021850109100341797,,,,0,-44.534835033118725
2008-04-04,fold_1,Pre-crisis upturn + GFC onset,-0.0018128586234524846,-1,-0.0020259751472622156,-1,0.0020259751472622156,0.023920297622680664,,,,1,20.259751472622156
2008-04-07,fold_1,Pre-crisis upturn + GFC onset,-0.006083311978727579,-1,-0.00808490440249443,-1,0.00808490440249443,0.032198548316955566,,,,1,80.8490440249443
2008-04-08,fold_1,Pre-crisis upturn + GFC onset,-0.009085847064852715,-1,0.01579233817756176,1,-0.01579233817756176,0.015897750854492188,,,,0,-157.9233817756176
2008-04-09,fold_1,Pre-crisis upturn + GFC onset,-0.007822070270776749,-1,-0.005179158411920071,-1,0.005179158411920071,0.02115929126739502,,,,1,51.79158411920071
2008-04-10,fold_1,Pre-crisis upturn + GFC onset,5.221186074777506e-05,1,0.005078901536762714,1,0.005078901536762714,0.02634561061859131,,,,1,50.789015367627144
2008-04-11,fold_1,Pre-crisis upturn + GFC onset,-0.005647087469696999,-1,0.00018986649229191244,1,-0.00018986649229191244,0.026150822639465332,,,,0,-1.8986649229191244
2008-04-14,fold_1,Pre-crisis upturn + GFC onset,-0.0037494415882974863,-1,-0.002462598029524088,-1,0.002462598029524088,0.028677821159362793,,,,1,24.62598029524088
2008-04-15,fold_1,Pre-crisis upturn + GFC onset,-0.002908891998231411,-1,0.010899379849433899,1,-0.010899379849433899,0.017465829849243164,,,,0,-108.99379849433899
2008-04-16,fold_1,Pre-crisis upturn + GFC onset,-0.0024601470213383436,-1,-0.0035143231507390738,-1,0.0035143231507390738,0.021041512489318848,,,,1,35.14323150739074
2008-04-17,fold_1,Pre-crisis upturn + GFC onset,-0.005410299636423588,-1,-0.010573179461061954,-1,0.010573179461061954,0.0318371057510376,,,,1,105.73179461061954
2008-04-18,fold_1,Pre-crisis upturn + GFC onset,-0.006928336340934038,-1,0.011313356459140778,1,-0.011313356459140778,0.020163536071777344,,,,0,-113.13356459140778
2008-04-21,fold_1,Pre-crisis upturn + GFC onset,-0.007112555205821991,-1,0.004780459683388472,1,-0.004780459683388472,0.015286684036254883,,,,0,-47.804596833884716
2008-04-22,fold_1,Pre-crisis upturn + GFC onset,-0.005497715901583433,-1,-0.007127514574676752,-1,0.007127514574676752,0.022523164749145508,,,,1,71.27514574676752
2008-04-23,fold_1,Pre-crisis upturn + GFC onset,-0.0040635401383042336,-1,-0.011966871097683907,-1,0.011966871097683907,0.034759521484375,,,,1,119.66871097683907
2008-04-24,fold_1,Pre-crisis upturn + GFC onset,-0.006924940273165703,-1,-0.0030023385770618916,-1,0.0030023385770618916,0.03786611557006836,,,,1,30.023385770618916
2008-04-25,fold_1,Pre-crisis upturn + GFC onset,-0.0069039869122207165,-1,0.0010174394119530916,1,-0.0010174394119530916,0.03681015968322754,,,,0,-10.174394119530916
2008-04-28,fold_1,Pre-crisis upturn + GFC onset,-0.008747341111302376,-1,-0.0054796477779746056,-1,0.0054796477779746056,0.04249155521392822,,,,1,54.796477779746056
2008-04-30,fold_1,Pre-crisis upturn + GFC onset,-0.0050913686864078045,-1,-0.012038466520607471,-1,0.012038466520607471,0.05504155158996582,,,,1,120.38466520607471
2008-05-02,fold_1,Pre-crisis upturn + GFC onset,-0.004094935022294521,-1,0.00415347795933485,1,-0.00415347795933485,0.0506594181060791,,,,0,-41.5347795933485
2008-05-07,fold_1,Pre-crisis upturn + GFC onset,-0.009247617796063423,-1,0.005134144332259893,1,-0.005134144332259893,0.04526519775390625,,,,0,-51.341443322598934
2008-05-08,fold_1,Pre-crisis upturn + GFC onset,-0.015838272869586945,-1,0.0016728068003430963,1,-0.0016728068003430963,0.04351663589477539,,,,0,-16.728068003430963
2008-05-09,fold_1,Pre-crisis upturn + GFC onset,-0.008805936202406883,-1,0.0032323605846613646,1,-0.0032323605846613646,0.040143609046936035,,,,0,-32.323605846613646
2008-05-12,fold_1,Pre-crisis upturn + GFC onset,0.0014203875325620174,1,-0.004055029712617397,-1,-0.004055029712617397,0.03592574596405029,,,,0,-40.55029712617397
2008-05-13,fold_1,Pre-crisis upturn + GFC onset,-0.002764849690720439,-1,-0.0005104347947053611,-1,0.0005104347947053611,0.03645455837249756,,,,1,5.104347947053611
2008-05-14,fold_1,Pre-crisis upturn + GFC onset,-0.002820811467245221,-1,-0.001174283679574728,-1,0.001174283679574728,0.037671685218811035,,,,1,11.74283679574728
2008-05-15,fold_1,Pre-crisis upturn + GFC onset,-0.002739747054874897,-1,0.009388802573084831,1,-0.009388802573084831,0.027929186820983887,,,,0,-93.88802573084831
2008-05-16,fold_1,Pre-crisis upturn + GFC onset,0.000753047235775739,1,-0.0043633379973471165,-1,-0.0043633379973471165,0.023443937301635742,,,,0,-43.633379973471165
2008-05-19,fold_1,Pre-crisis upturn + GFC onset,-0.0006690228474326432,-1,0.008124498650431633,1,-0.008124498650431633,0.0151289701461792,,,,0,-81.24498650431633
2008-05-20,fold_1,Pre-crisis upturn + GFC onset,-0.0007775611011311412,-1,0.00855705700814724,1,-0.00855705700814724,0.006442427635192871,,,,0,-85.5705700814724
2008-05-21,fold_1,Pre-crisis upturn + GFC onset,-0.002706715604290366,-1,-0.003555349772796035,-1,0.003555349772796035,0.010020613670349121,,,,1,35.55349772796035
2008-05-22,fold_1,Pre-crisis upturn + GFC onset,-0.0028887183871120214,-1,0.003377990797162056,1,-0.003377990797162056,0.006608843803405762,,,,0,-33.77990797162056
2008-05-23,fold_1,Pre-crisis upturn + GFC onset,-0.002999508986249566,-1,-0.0003629504353739321,-1,0.0003629504353739321,0.006974220275878906,,,,1,3.6295043537393212
2008-05-27,fold_1,Pre-crisis upturn + GFC onset,-0.003777639241889119,-1,-0.0022230539470911026,-1,0.0022230539470911026,0.009212732315063477,,,,1,22.230539470911026
2008-05-28,fold_1,Pre-crisis upturn + GFC onset,-0.0019523737719282508,-1,-0.00881433766335249,-1,0.00881433766335249,0.018108248710632324,,,,1,88.1433766335249
2008-05-29,fold_1,Pre-crisis upturn + GFC onset,-0.0032697939313948154,-1,0.0014764738734811544,1,-0.0014764738734811544,0.016605019569396973,,,,0,-14.764738734811544
2008-05-30,fold_1,Pre-crisis upturn + GFC onset,-0.0022884965874254704,-1,0.0003264624683652073,1,-0.0003264624683652073,0.016273140907287598,,,,0,-3.264624683652073
2008-06-02,fold_1,Pre-crisis upturn + GFC onset,-0.005081798881292343,-1,-0.0061646453104913235,-1,0.0061646453104913235,0.022538185119628906,,,,1,61.646453104913235
2008-06-03,fold_1,Pre-crisis upturn + GFC onset,-0.003611498512327671,-1,-0.001142001012340188,-1,0.001142001012340188,0.02370595932006836,,,,1,11.42001012340188
2008-06-04,fold_1,Pre-crisis upturn + GFC onset,-0.002329015638679266,-1,0.010132720693945885,1,-0.010132720693945885,0.01333308219909668,,,,0,-101.32720693945885
2008-06-05,fold_1,Pre-crisis upturn + GFC onset,-0.00021171639673411846,-1,0.012580753304064274,1,-0.012580753304064274,0.0005846023559570312,,,,0,-125.80753304064274
2008-06-06,fold_1,Pre-crisis upturn + GFC onset,-0.0033389420714229345,-1,-0.008963803760707378,-1,0.008963803760707378,0.009553670883178711,,,,1,89.63803760707378
2008-06-09,fold_1,Pre-crisis upturn + GFC onset,-0.0031370981596410275,-1,-0.011474243365228176,-1,0.011474243365228176,0.021137595176696777,,,,1,114.74243365228176
2008-06-10,fold_1,Pre-crisis upturn + GFC onset,-0.004618345759809017,-1,0.006067509297281504,1,-0.006067509297281504,0.014941811561584473,,,,0,-60.67509297281504
2008-06-11,fold_1,Pre-crisis upturn + GFC onset,-0.0024041312281042337,-1,-0.006230826023966074,-1,0.006230826023966074,0.021265745162963867,,,,1,62.30826023966074
2008-06-12,fold_1,Pre-crisis upturn + GFC onset,-0.0018469977658241987,-1,-0.005947754718363285,-1,0.005947754718363285,0.027339935302734375,,,,1,59.47754718363285
2008-06-13,fold_1,Pre-crisis upturn + GFC onset,-0.0023517797235399485,-1,0.006823988631367683,1,-0.006823988631367683,0.02032935619354248,,,,0,-68.23988631367683
2008-06-16,fold_1,Pre-crisis upturn + GFC onset,0.0010604166891425848,1,0.0031044406350702047,1,0.0031044406350702047,0.02349686622619629,,,,1,31.044406350702047
2008-06-17,fold_1,Pre-crisis upturn + GFC onset,-0.0036619887687265873,-1,0.0010409550741314888,1,-0.0010409550741314888,0.022431492805480957,,,,0,-10.409550741314888
2008-06-18,fold_1,Pre-crisis upturn + GFC onset,-0.0045151966623961926,-1,-0.0018145984504371881,-1,0.0018145984504371881,0.024286746978759766,,,,1,18.14598450437188
2008-06-19,fold_1,Pre-crisis upturn + GFC onset,0.0004321193555369973,1,0.0076107727363705635,1,0.0076107727363705635,0.032082438468933105,,,,1,76.10772736370564
2008-06-20,fold_1,Pre-crisis upturn + GFC onset,0.00027327757561579347,1,-0.00672138063237071,-1,-0.00672138063237071,0.025145411491394043,,,,0,-67.2138063237071
2008-06-23,fold_1,Pre-crisis upturn + GFC onset,-0.0019391783280298114,-1,0.0030361225362867117,1,-0.0030361225362867117,0.022032976150512695,,,,0,-30.361225362867117
2008-06-24,fold_1,Pre-crisis upturn + GFC onset,0.00015467379125766456,1,0.006677090656012297,1,0.006677090656012297,0.028857111930847168,,,,1,66.77090656012297
2008-06-25,fold_1,Pre-crisis upturn + GFC onset,-0.00037821719888597727,-1,0.005040960386395454,1,-0.005040960386395454,0.023670673370361328,,,,0,-50.409603863954544
2008-06-26,fold_1,Pre-crisis upturn + GFC onset,-0.0017675681738182902,-1,0.0,1,-0.0,0.023670673370361328,,,,0,-0.0
2008-06-27,fold_1,Pre-crisis upturn + GFC onset,-9.698413487058133e-05,-1,-0.00018895813263952732,-1,0.00018895813263952732,0.023864150047302246,,,,1,1.8895813263952732
2010-01-19,fold_2,Post-crash recovery,-0.0010919540654867887,-1,-0.011951462365686893,-1,0.011951462365686893,0.011951446533203125,,,,1,119.51462365686893
2010-01-20,fold_2,Post-crash recovery,-0.0043135774321854115,-1,-0.0009444424649700522,-1,0.0009444424649700522,0.012907266616821289,,,,1,9.444424649700522
2010-01-21,fold_2,Post-crash recovery,-0.00015450168575625867,-1,0.003125128336250782,1,-0.003125128336250782,0.009741783142089844,,,,0,-31.25128336250782
2010-01-22,fold_2,Post-crash recovery,0.00017119567201007158,1,0.0006368025206029415,1,0.0006368025206029415,0.010384798049926758,,,,1,6.368025206029415
2010-01-25,fold_2,Post-crash recovery,0.0013182361144572496,1,-0.004788059741258621,-1,-0.004788059741258621,0.005547046661376953,,,,0,-47.88059741258621
2010-01-26,fold_2,Post-crash recovery,-0.0018847009632736444,-1,-0.003648065496236086,-1,0.003648065496236086,0.009215354919433594,,,,1,36.48065496236086
2010-01-27,fold_2,Post-crash recovery,-0.0015893008094280958,-1,-0.004483596887439489,-1,0.004483596887439489,0.013740301132202148,,,,1,44.835968874394894
2010-01-28,fold_2,Post-crash recovery,-0.0032561831176280975,-1,-0.0072386483661830425,-1,0.0072386483661830425,0.02107834815979004,,,,1,72.38648366183043
2010-01-29,fold_2,Post-crash recovery,-0.0011233780533075333,-1,0.0043313405476510525,1,-0.0043313405476510525,0.016655683517456055,,,,0,-43.313405476510525
2010-02-01,fold_2,Post-crash recovery,0.0007706301403231919,1,0.0035359642934054136,1,0.0035359642934054136,0.020250558853149414,,,,1,35.359642934054136
2010-02-02,fold_2,Post-crash recovery,0.0006053059478290379,1,-0.0053796786814928055,-1,-0.0053796786814928055,0.014761924743652344,,,,0,-53.796786814928055
2010-02-03,fold_2,Post-crash recovery,-0.0020249285735189915,-1,-0.01122969388961792,-1,0.01122969388961792,0.026157498359680176,,,,1,112.2969388961792
2010-02-04,fold_2,Post-crash recovery,-0.0018341110553592443,-1,-0.004719560965895653,-1,0.004719560965895653,0.031000614166259766,,,,1,47.19560965895653
2010-02-05,fold_2,Post-crash recovery,-0.0006984507199376822,-1,-0.0018570575630292296,-1,0.0018570575630292296,0.03291523456573486,,,,1,18.570575630292296
2010-02-08,fold_2,Post-crash recovery,0.00016288446204271168,1,0.009330499917268753,1,0.009330499917268753,0.042552828788757324,,,,1,93.30499917268753
2010-02-09,fold_2,Post-crash recovery,0.0028975154273211956,1,-0.0020905188284814358,-1,-0.0020905188284814358,0.04037332534790039,,,,0,-20.905188284814358
2010-02-10,fold_2,Post-crash recovery,0.0004825764917768538,1,-0.005199064500629902,-1,-0.005199064500629902,0.03496432304382324,,,,0,-51.99064500629902
2010-02-12,fold_2,Post-crash recovery,-0.0013785895425826311,-1,-0.0023396951146423817,-1,0.0023396951146423817,0.03738582134246826,,,,1,23.396951146423817
2010-02-16,fold_2,Post-crash recovery,0.0006378297111950815,1,-0.01163397915661335,-1,-0.01163397915661335,0.025316834449768066,,,,0,-116.3397915661335
2010-02-17,fold_2,Post-crash recovery,0.0003454544930718839,1,-0.010688421316444874,-1,-0.010688421316444874,0.014357805252075195,,,,0,-106.88421316444874
2010-02-18,fold_2,Post-crash recovery,0.0029988265596330166,1,0.011409442871809006,1,0.011409442871809006,0.02593100070953369,,,,1,114.09442871809006
2010-02-19,fold_2,Post-crash recovery,-0.0040578776970505714,-1,-0.0006938879960216582,-1,0.0006938879960216582,0.026642918586730957,,,,1,6.938879960216582
2010-02-22,fold_2,Post-crash recovery,0.0018464698223397136,1,-0.005776017438620329,-1,-0.005776017438620329,0.020713090896606445,,,,0,-57.76017438620329
2010-02-23,fold_2,Post-crash recovery,-0.0016420684987679124,-1,0.001191824907436967,1,-0.001191824907436967,0.019496560096740723,,,,0,-11.918249074369669
2010-02-24,fold_2,Post-crash recovery,0.0009512959513813257,1,-0.000527954485733062,-1,-0.000527954485733062,0.018958330154418945,,,,0,-5.27954485733062
2010-02-25,fold_2,Post-crash recovery,-0.00028778883279301226,-1,0.007020008284598589,1,-0.007020008284598589,0.011805295944213867,,,,0,-70.20008284598589
2010-02-26,fold_2,Post-crash recovery,0.001805269275791943,1,-0.005058620125055313,-1,-0.005058620125055313,0.0066869258880615234,,,,0,-50.58620125055313
2010-03-01,fold_2,Post-crash recovery,-0.0001003924262477085,-1,0.004317773040384054,1,-0.004317773040384054,0.0023403167724609375,,,,0,-43.17773040384054
2010-03-02,fold_2,Post-crash recovery,-0.0008712978451512754,-1,0.005946443881839514,1,-0.005946443881839514,-0.0036200284957885742,,,,0,-59.46443881839514
2010-03-03,fold_2,Post-crash recovery,0.0025286476593464613,1,-0.00858509074896574,-1,-0.00858509074896574,-0.012174069881439209,,,,0,-85.8509074896574
2010-03-04,fold_2,Post-crash recovery,-0.0009041293524205685,-1,0.003311865497380495,1,-0.003311865497380495,-0.01544564962387085,,,,0,-33.11865497380495
2010-03-05,fold_2,Post-crash recovery,0.000329945090925321,1,-0.0008851704187691212,-1,-0.0008851704187691212,-0.01631718873977661,,,,0,-8.851704187691212
2010-03-08,fold_2,Post-crash recovery,-0.0008261759649030864,-1,-0.0007347645587287843,-1,0.0007347645587287843,-0.01559436321258545,,,,1,7.347645587287843
2010-03-09,fold_2,Post-crash recovery,-0.00022758582781534642,-1,0.002674186136573553,1,-0.002674186136573553,-0.018226802349090576,,,,0,-26.74186136573553
2010-03-10,fold_2,Post-crash recovery,0.0014988494804129004,1,0.0030791175086051226,1,0.0030791175086051226,-0.015203773975372314,,,,1,30.791175086051226
2010-03-11,fold_2,Post-crash recovery,0.0004592652840074152,1,0.006182710640132427,1,0.006182710640132427,-0.009115099906921387,,,,1,61.82710640132427
2010-03-12,fold_2,Post-crash recovery,0.0024153990671038628,1,-0.006715663243085146,-1,-0.006715663243085146,-0.015769541263580322,,,,0,-67.15663243085146
2010-03-15,fold_2,Post-crash recovery,-0.0027551446110010147,-1,0.006677919998764992,1,-0.006677919998764992,-0.022342145442962646,,,,0,-66.77919998764992
2010-03-16,fold_2,Post-crash recovery,0.0023662003222852945,1,-0.0022119286004453897,-1,-0.0022119286004453897,-0.024504661560058594,,,,0,-22.119286004453897
2010-03-17,fold_2,Post-crash recovery,1.1174153769388795e-05,1,-0.009053192101418972,-1,-0.009053192101418972,-0.033335983753204346,,,,0,-90.53192101418972
2010-03-18,fold_2,Post-crash recovery,-0.0031765936873853207,-1,-0.0056584724225103855,-1,0.0056584724225103855,-0.027866125106811523,,,,1,56.584724225103855
2010-03-19,fold_2,Post-crash recovery,-0.003015504451468587,-1,0.0022249817848205566,1,-0.0022249817848205566,-0.030029118061065674,,,,0,-22.249817848205566
2010-03-23,fold_2,Post-crash recovery,-0.0012226271210238338,-1,-0.010171548463404179,-1,0.010171548463404179,-0.020162999629974365,,,,1,101.71548463404179
2010-03-24,fold_2,Post-crash recovery,-0.005392652936279774,-1,-0.0017964079743251204,-1,0.0017964079743251204,-0.01840287446975708,,,,1,17.964079743251204
2010-03-25,fold_2,Post-crash recovery,-0.0018560875905677676,-1,0.0077375867404043674,1,-0.0077375867404043674,-0.025998055934906006,,,,0,-77.37586740404367
2010-03-26,fold_2,Post-crash recovery,0.003154666628688574,1,0.005298086442053318,1,0.005298086442053318,-0.02083766460418701,,,,1,52.98086442053318
2010-03-29,fold_2,Post-crash recovery,0.001895338878966868,1,-0.0042286706157028675,-1,-0.0042286706157028675,-0.024978220462799072,,,,0,-42.286706157028675
2010-03-30,fold_2,Post-crash recovery,0.00040083122439682484,1,0.006254276726394892,1,0.006254276726394892,-0.018880128860473633,,,,1,62.54276726394892
2010-03-31,fold_2,Post-crash recovery,0.0028517914470285177,1,0.0056237718090415,1,0.0056237718090415,-0.013362467288970947,,,,1,56.237718090415
2010-04-01,fold_2,Post-crash recovery,0.0020549925975501537,1,-0.005820577964186668,-1,-0.005820577964186668,-0.019105255603790283,,,,0,-58.205779641866684
2010-04-05,fold_2,Post-crash recovery,-0.00168944476172328,-1,-0.006459742318838835,-1,0.006459742318838835,-0.012768983840942383,,,,1,64.59742318838835
2010-04-06,fold_2,Post-crash recovery,-0.0013764066388830543,-1,-0.003991239704191685,-1,0.003991239704191685,-0.008828699588775635,,,,1,39.91239704191685
2010-04-07,fold_2,Post-crash recovery,-0.0001371886464767158,-1,0.0009486044873483479,1,-0.0009486044873483479,-0.009768903255462646,,,,0,-9.486044873483479
2010-04-08,fold_2,Post-crash recovery,-0.0007137460634112358,-1,0.01046330388635397,1,-0.01046330388635397,-0.0201299786567688,,,,0,-104.6330388635397
2010-04-09,fold_2,Post-crash recovery,0.003352305619046092,1,0.007042666897177696,1,0.007042666897177696,-0.013229072093963623,,,,1,70.42666897177696
2010-04-12,fold_2,Post-crash recovery,0.0056447419337928295,1,0.0009253707830794156,1,0.0009253707830794156,-0.012315869331359863,,,,1,9.253707830794156
2010-04-13,fold_2,Post-crash recovery,-0.0005411470192484558,-1,0.0034823056776076555,1,-0.0034823056776076555,-0.01575523614883423,,,,0,-34.823056776076555
2010-04-14,fold_2,Post-crash recovery,0.0015547123039141297,1,-0.005999756511300802,-1,-0.005999756511300802,-0.021660447120666504,,,,0,-59.99756511300802
2010-04-15,fold_2,Post-crash recovery,-0.0029873112216591835,-1,-0.00515845837071538,-1,0.00515845837071538,-0.016613781452178955,,,,1,51.5845837071538
2010-04-16,fold_2,Post-crash recovery,-0.0019223546842113137,-1,-0.0012409078190103173,-1,0.0012409078190103173,-0.015393555164337158,,,,1,12.409078190103173
2010-04-19,fold_2,Post-crash recovery,-0.0008336083265021443,-1,-0.0038692092057317495,-1,0.0038692092057317495,-0.011583924293518066,,,,1,38.692092057317495
2010-04-20,fold_2,Post-crash recovery,-0.0003105378127656877,-1,-0.0033609094098210335,-1,0.0033609094098210335,-0.00826197862625122,,,,1,33.609094098210335
2010-04-21,fold_2,Post-crash recovery,-0.0006186016253195703,-1,-0.008957214653491974,-1,0.008957214653491974,0.0006213188171386719,,,,1,89.57214653491974
2010-04-22,fold_2,Post-crash recovery,-0.001702406327240169,-1,0.008592506870627403,1,-0.008592506870627403,-0.007976531982421875,,,,0,-85.92506870627403
2010-04-23,fold_2,Post-crash recovery,0.0021529977675527334,1,0.001286504091694951,1,0.001286504091694951,-0.006700277328491211,,,,1,12.86504091694951
2010-04-26,fold_2,Post-crash recovery,-0.0011857532663270831,-1,-0.01720094121992588,-1,0.01720094121992588,0.010385394096374512,,,,1,172.0094121992588
2010-04-27,fold_2,Post-crash recovery,-0.005528990179300308,-1,0.00319747650064528,1,-0.00319747650064528,0.007154703140258789,,,,0,-31.9747650064528
2010-04-28,fold_2,Post-crash recovery,-0.0026502397377043962,-1,0.0037932186387479305,1,-0.0037932186387479305,0.0033342838287353516,,,,0,-37.932186387479305
2010-04-30,fold_2,Post-crash recovery,0.00015243135567288846,1,-0.007378703448921442,-1,-0.007378703448921442,-0.004069030284881592,,,,0,-73.78703448921442
2010-05-06,fold_2,Post-crash recovery,-0.0073000602424144745,-1,0.009745693765580654,1,-0.009745693765580654,-0.013775110244750977,,,,0,-97.45693765580654
2010-05-07,fold_2,Post-crash recovery,0.011226309463381767,1,0.0018146689981222153,1,0.0018146689981222153,-0.011985361576080322,,,,1,18.146689981222153
2010-05-10,fold_2,Post-crash recovery,0.005064412951469421,1,-0.011682657524943352,-1,-0.011682657524943352,-0.023527979850769043,,,,0,-116.82657524943352
2010-05-11,fold_2,Post-crash recovery,-0.001651134924031794,-1,0.0007203565328381956,1,-0.0007203565328381956,-0.024231433868408203,,,,0,-7.203565328381956
2010-05-12,fold_2,Post-crash recovery,0.000651890819426626,1,-0.007750330958515406,-1,-0.007750330958515406,-0.031793951988220215,,,,0,-77.50330958515406
2010-05-13,fold_2,Post-crash recovery,-0.002125675091519952,-1,-0.014436493627727032,-1,0.014436493627727032,-0.017816483974456787,,,,1,144.36493627727032
2010-05-14,fold_2,Post-crash recovery,-0.004921012558043003,-1,0.00266445754095912,1,-0.00266445754095912,-0.020433485507965088,,,,0,-26.644575409591198
2010-05-17,fold_2,Post-crash recovery,-0.0011392891174182296,-1,-0.0172696802765131,-1,0.0172696802765131,-0.0035166144371032715,,,,1,172.696802765131
2010-05-18,fold_2,Post-crash recovery,-0.004473443608731031,-1,0.0176109466701746,1,-0.0176109466701746,-0.02106565237045288,,,,0,-176.109466701746
2010-05-19,fold_2,Post-crash recovery,0.002912768628448248,1,0.006900882814079523,1,0.006900882814079523,-0.014310121536254883,,,,1,69.00882814079523
2010-05-20,fold_2,Post-crash recovery,0.006809736602008343,1,0.0070626987144351006,1,0.0070626987144351006,-0.007348537445068359,,,,1,70.626987144351
2010-05-21,fold_2,Post-crash recovery,0.0017567037139087915,1,-0.017277510836720467,-1,-0.017277510836720467,-0.024499118328094482,,,,0,-172.77510836720467
2010-05-24,fold_2,Post-crash recovery,-0.005902320612221956,-1,-0.0003210459544789046,-1,0.0003210459544789046,-0.02418595552444458,,,,1,3.210459544789046
2010-05-25,fold_2,Post-crash recovery,-0.0042066131718456745,-1,-0.014011116698384285,-1,0.014011116698384285,-0.010513663291931152,,,,1,140.11116698384285
2010-05-26,fold_2,Post-crash recovery,-0.0038232384249567986,-1,0.014373074285686016,1,-0.014373074285686016,-0.024735629558563232,,,,0,-143.73074285686016
2010-05-27,fold_2,Post-crash recovery,0.004632467404007912,1,-0.005989732686430216,-1,-0.005989732686430216,-0.03057718276977539,,,,0,-59.89732686430216
2010-05-28,fold_2,Post-crash recovery,-0.0022502148058265448,-1,0.0011304189683869481,1,-0.0011304189683869481,-0.03167301416397095,,,,0,-11.304189683869481
2010-06-01,fold_2,Post-crash recovery,-0.00198098155669868,-1,0.000489582889713347,1,-0.000489582889713347,-0.032147109508514404,,,,0,-4.89582889713347
2010-06-02,fold_2,Post-crash recovery,0.00208051735535264,1,-0.005683161783963442,-1,-0.005683161783963442,-0.03764760494232178,,,,0,-56.83161783963442
2010-06-03,fold_2,Post-crash recovery,-0.0017164498567581177,-1,-0.01630449667572975,-1,0.01630449667572975,-0.021956920623779297,,,,1,163.04496675729752
2010-06-04,fold_2,Post-crash recovery,-0.008351176977157593,-1,-0.004018112551420927,-1,0.004018112551420927,-0.018027067184448242,,,,1,40.18112551420927
2010-06-07,fold_2,Post-crash recovery,-0.0007999141234904528,-1,0.0041184090077877045,1,-0.0041184090077877045,-0.02207118272781372,,,,0,-41.184090077877045
2010-06-08,fold_2,Post-crash recovery,0.001049593323841691,1,0.0016669539036229253,1,0.0016669539036229253,-0.020441055297851562,,,,1,16.669539036229253
2010-06-09,fold_2,Post-crash recovery,0.002526578726246953,1,0.00975992064923048,1,0.00975992064923048,-0.010880649089813232,,,,1,97.5992064923048
2010-06-10,fold_2,Post-crash recovery,0.006500087678432465,1,0.00041180214611813426,1,0.00041180214611813426,-0.010473370552062988,,,,1,4.118021461181343
2010-06-11,fold_2,Post-crash recovery,-0.0028225078713148832,-1,0.008589374832808971,1,-0.008589374832808971,-0.018972814083099365,,,,0,-85.89374832808971
2010-06-14,fold_2,Post-crash recovery,0.002874984871596098,1,0.00826606061309576,1,0.00826606061309576,-0.010863542556762695,,,,1,82.6606061309576
2010-06-15,fold_2,Post-crash recovery,0.00467808498069644,1,-0.0005786734400317073,-1,-0.0005786734400317073,-0.011435985565185547,,,,0,-5.786734400317073
2010-06-16,fold_2,Post-crash recovery,0.0005468653398565948,1,0.005695778410881758,1,0.005695778410881758,-0.005805313587188721,,,,1,56.95778410881758
2010-06-17,fold_2,Post-crash recovery,0.003590635722503066,1,0.000879864557646215,1,0.000879864557646215,-0.004930555820465088,,,,1,8.79864557646215
2010-06-18,fold_2,Post-crash recovery,-0.0008566210744902492,-1,-0.006207311991602182,-1,0.006207311991602182,0.0012462139129638672,,,,1,62.073119916021824
2010-06-21,fold_2,Post-crash recovery,-0.002922997111454606,-1,-0.0033265468664467335,-1,0.0033265468664467335,0.004576921463012695,,,,1,33.265468664467335
2010-06-22,fold_2,Post-crash recovery,-0.003387605305761099,-1,0.003584904596209526,1,-0.003584904596209526,0.0009756088256835938,,,,0,-35.84904596209526
2010-06-23,fold_2,Post-crash recovery,0.0042910207994282246,1,0.0014927452430129051,1,0.0014927452430129051,0.002469778060913086,,,,1,14.927452430129051
2010-06-24,fold_2,Post-crash recovery,-0.002140764147043228,-1,0.002882967470213771,1,-0.002882967470213771,-0.0004202723503112793,,,,0,-28.82967470213771
2010-06-25,fold_2,Post-crash recovery,0.0052413190715014935,1,-0.007759139873087406,-1,-0.007759139873087406,-0.008176147937774658,,,,0,-77.59139873087406
2010-06-28,fold_2,Post-crash recovery,-0.002697430783882737,-1,-0.007384906057268381,-1,0.007384906057268381,-0.0008516311645507812,,,,1,73.84906057268381
2010-06-29,fold_2,Post-crash recovery,-0.003557144198566675,-1,0.003583511570468545,1,-0.003583511570468545,-0.004432082176208496,,,,0,-35.83511570468545
2013-01-18,fold_3,Eurozone debt plateau,-0.005214776378124952,-1,-0.00392940966412425,-1,0.00392940966412425,0.0039293766021728516,,,,1,39.294096641242504
2013-01-22,fold_3,Eurozone debt plateau,0.0037228160072118044,1,0.00018636102322489023,1,0.00018636102322489023,0.004116415977478027,,,,1,1.8636102322489023
2013-01-23,fold_3,Eurozone debt plateau,0.00034942402271553874,1,-0.0004125860577914864,-1,-0.0004125860577914864,0.0037021636962890625,,,,0,-4.125860577914864
2013-01-24,fold_3,Eurozone debt plateau,0.00039954157546162605,1,0.004572297912091017,1,0.004572297912091017,0.008291363716125488,,,,1,45.72297912091017
2013-01-25,fold_3,Eurozone debt plateau,0.0034697530791163445,1,0.007231287192553282,1,0.007231287192553282,0.015582561492919922,,,,1,72.31287192553282
2013-01-28,fold_3,Eurozone debt plateau,-0.00044868397526443005,-1,-0.0014656366547569633,-1,0.0014656366547569633,0.017071127891540527,,,,1,14.656366547569633
2013-01-29,fold_3,Eurozone debt plateau,0.004904406610876322,1,0.003372915554791689,1,0.003372915554791689,0.02050161361694336,,,,1,33.72915554791689
2013-01-30,fold_3,Eurozone debt plateau,0.003071663435548544,1,0.005685125477612019,1,0.005685125477612019,0.02630329132080078,,,,1,56.851254776120186
2013-01-31,fold_3,Eurozone debt plateau,0.0012941287131980062,1,0.003144102171063423,1,0.003144102171063423,0.02953016757965088,,,,1,31.44102171063423
2013-02-01,fold_3,Eurozone debt plateau,0.0016441892366856337,1,0.0027706902474164963,1,0.0027706902474164963,0.03238260746002197,,,,1,27.706902474164963
2013-02-04,fold_3,Eurozone debt plateau,-0.00589747354388237,-1,-0.01003915723413229,-1,0.01003915723413229,0.042746901512145996,,,,1,100.3915723413229
2013-02-05,fold_3,Eurozone debt plateau,0.001966150477528572,1,0.005160914734005928,1,0.005160914734005928,0.048128485679626465,,,,1,51.60914734005928
2013-02-06,fold_3,Eurozone debt plateau,-0.0042722453363239765,-1,-0.004232979379594326,-1,0.004232979379594326,0.05256521701812744,,,,1,42.32979379594326
2013-02-07,fold_3,Eurozone debt plateau,-0.005848871078342199,-1,-0.009948350489139557,-1,0.009948350489139557,0.06303656101226807,,,,1,99.48350489139557
2013-02-08,fold_3,Eurozone debt plateau,0.00020716438302770257,1,-0.0015773915220052004,-1,-0.0015773915220052004,0.06135976314544678,,,,0,-15.773915220052004
2013-02-12,fold_3,Eurozone debt plateau,0.003575982293114066,1,0.0036186398938298225,1,0.0036186398938298225,0.06520044803619385,,,,1,36.186398938298225
2013-02-13,fold_3,Eurozone debt plateau,0.0009711237507872283,1,-0.0005645840428769588,-1,-0.0005645840428769588,0.06459903717041016,,,,0,-5.6458404287695885
2013-02-14,fold_3,Eurozone debt plateau,-0.004377414006739855,-1,-0.00681004673242569,-1,0.00681004673242569,0.07184898853302002,,,,1,68.1004673242569
2013-02-15,fold_3,Eurozone debt plateau,0.0005913711502216756,1,-0.0006672476301901042,-1,-0.0006672476301901042,0.07113373279571533,,,,0,-6.6724763019010425
2013-02-19,fold_3,Eurozone debt plateau,0.0034995481837540865,1,0.003643653355538845,1,0.003643653355538845,0.07503652572631836,,,,1,36.43653355538845
2013-02-20,fold_3,Eurozone debt plateau,-0.006716650445014238,-1,-0.009158467873930931,-1,0.009158467873930931,0.08488225936889648,,,,1,91.58467873930931
2013-02-21,fold_3,Eurozone debt plateau,-0.0039008052553981543,-1,-0.005937489680945873,-1,0.005937489680945873,0.09132373332977295,,,,1,59.37489680945873
2013-02-22,fold_3,Eurozone debt plateau,0.0012019997229799628,1,0.00011880857346113771,1,0.00011880857346113771,0.0914534330368042,,,,1,1.1880857346113771
2013-02-25,fold_3,Eurozone debt plateau,-0.0022660507820546627,-1,-0.009916401468217373,-1,0.009916401468217373,0.10227680206298828,,,,1,99.16401468217373
2013-02-26,fold_3,Eurozone debt plateau,0.0002820584340952337,1,6.532984116347507e-05,1,6.532984116347507e-05,0.10234880447387695,,,,1,0.6532984116347507
2013-02-27,fold_3,Eurozone debt plateau,0.006188783794641495,1,0.006509747821837664,1,0.006509747821837664,0.10952484607696533,,,,1,65.09747821837664
2013-02-28,fold_3,Eurozone debt plateau,-0.005237432196736336,-1,-0.006921785417944193,-1,0.006921785417944193,0.11720466613769531,,,,1,69.21785417944193
2013-03-01,fold_3,Eurozone debt plateau,-0.0030803007539361715,-1,-0.003293330315500498,-1,0.003293330315500498,0.12088394165039062,,,,1,32.93330315500498
2013-03-04,fold_3,Eurozone debt plateau,0.003004401223734021,1,0.0014731583651155233,1,0.0014731583651155233,0.12253522872924805,,,,1,14.731583651155233
2013-03-05,fold_3,Eurozone debt plateau,0.002155125606805086,1,0.0009524957276880741,1,0.0009524957276880741,0.123604416847229,,,,1,9.524957276880741
2013-03-06,fold_3,Eurozone debt plateau,-0.0041928356513381,-1,-0.0053601814433932304,-1,0.0053601814433932304,0.12962710857391357,,,,1,53.601814433932304
2013-03-07,fold_3,Eurozone debt plateau,0.006665572989732027,1,0.010226847603917122,1,0.010226847603917122,0.14117968082427979,,,,1,102.26847603917122
2013-03-08,fold_3,Eurozone debt plateau,-0.007920339703559875,-1,-0.009403315372765064,-1,0.009403315372765064,0.15191054344177246,,,,1,94.03315372765064
2013-03-11,fold_3,Eurozone debt plateau,0.0025306912139058113,1,0.0034406150225549936,1,0.0034406150225549936,0.15587377548217773,,,,1,34.406150225549936
2013-03-12,fold_3,Eurozone debt plateau,-0.00043290024041198194,-1,-0.0002605045447126031,-1,0.0002605045447126031,0.156174898147583,,,,1,2.605045447126031
2013-03-13,fold_3,Eurozone debt plateau,-0.0032403620425611734,-1,-0.005442651454359293,-1,0.005442651454359293,0.16246747970581055,,,,1,54.42651454359293
2013-03-14,fold_3,Eurozone debt plateau,0.004326175432652235,1,0.004164100158959627,1,0.004164100158959627,0.16730809211730957,,,,1,41.64100158959627
2013-03-15,fold_3,Eurozone debt plateau,0.004245005082339048,1,-0.009192564524710178,-1,-0.009192564524710178,0.156577467918396,,,,0,-91.92564524710178
2013-03-18,fold_3,Eurozone debt plateau,-0.0037484762724488974,-1,0.004051790572702885,1,-0.004051790572702885,0.15189123153686523,,,,0,-40.51790572702885
2013-03-19,fold_3,Eurozone debt plateau,-0.002557600848376751,-1,-0.006264734081923962,-1,0.006264734081923962,0.15910744667053223,,,,1,62.647340819239616
2013-03-21,fold_3,Eurozone debt plateau,-0.0009460754808969796,-1,-0.002839107299223542,-1,0.002839107299223542,0.16239821910858154,,,,1,28.391072992235422
2013-03-22,fold_3,Eurozone debt plateau,0.004041541833430529,1,0.0092341098934412,1,0.0092341098934412,0.17313194274902344,,,,1,92.341098934412
2013-03-25,fold_3,Eurozone debt plateau,-0.006416632793843746,-1,-0.012717006728053093,-1,0.012717006728053093,0.18805062770843506,,,,1,127.17006728053093
2013-03-26,fold_3,Eurozone debt plateau,0.0018705643014982343,1,0.00012858747504651546,1,0.00012858747504651546,0.18820345401763916,,,,1,1.2858747504651546
2013-03-27,fold_3,Eurozone debt plateau,-0.0045110443606972694,-1,-0.0063889650627970695,-1,0.0063889650627970695,0.195794939994812,,,,1,63.889650627970695
2013-03-28,fold_3,Eurozone debt plateau,0.00419524684548378,1,0.002973254071548581,1,0.002973254071548581,0.1993502378463745,,,,1,29.73254071548581
2013-04-01,fold_3,Eurozone debt plateau,0.003449302399531007,1,0.0034695772919803858,1,0.0034695772919803858,0.20351147651672363,,,,1,34.69577291980386
2013-04-02,fold_3,Eurozone debt plateau,-0.0023364124353975058,-1,-0.0023077132645994425,-1,0.0023077132645994425,0.20628893375396729,,,,1,23.077132645994425
2013-04-03,fold_3,Eurozone debt plateau,0.00373887550085783,1,0.002313051139935851,1,0.002313051139935851,0.20907914638519287,,,,1,23.13051139935851
2013-04-04,fold_3,Eurozone debt plateau,3.70036214007996e-05,1,0.006076161749660969,1,0.006076161749660969,0.21642577648162842,,,,1,60.76161749660969
2013-04-05,fold_3,Eurozone debt plateau,0.00030948169296607375,1,0.004937021527439356,1,0.004937021527439356,0.22243130207061768,,,,1,49.37021527439356
2013-04-08,fold_3,Eurozone debt plateau,-0.005017183255404234,-1,0.0028665303252637386,1,-0.0028665303252637386,0.21892714500427246,,,,0,-28.665303252637386
2013-04-09,fold_3,Eurozone debt plateau,0.002434422494843602,1,0.003910965286195278,1,0.003910965286195278,0.22369444370269775,,,,1,39.10965286195278
2013-04-10,fold_3,Eurozone debt plateau,-0.003994345664978027,-1,-0.0019061239436268806,-1,0.0019061239436268806,0.2260270118713379,,,,1,19.061239436268806
2013-04-11,fold_3,Eurozone debt plateau,0.0002456055080983788,1,0.00455083604902029,1,0.00455083604902029,0.23160648345947266,,,,1,45.508360490202904
2013-04-12,fold_3,Eurozone debt plateau,-0.0005785305984318256,-1,-0.001178935170173645,-1,0.001178935170173645,0.23305857181549072,,,,1,11.78935170173645
2013-04-15,fold_3,Eurozone debt plateau,-0.0012988165253773332,-1,-0.0034072035923600197,-1,0.0034072035923600197,0.2372598648071289,,,,1,34.0720359236002
2013-04-16,fold_3,Eurozone debt plateau,0.009091679006814957,1,0.009501743130385876,1,0.009501743130385876,0.2490159273147583,,,,1,95.01743130385876
2013-04-17,fold_3,Eurozone debt plateau,-0.010149913839995861,-1,-0.010910171084105968,-1,0.010910171084105968,0.26264286041259766,,,,1,109.10171084105968
2013-04-18,fold_3,Eurozone debt plateau,-0.000557023158762604,-1,0.0013966822298243642,1,-0.0013966822298243642,0.26087939739227295,,,,0,-13.966822298243642
2013-04-19,fold_3,Eurozone debt plateau,0.0017317887395620346,1,0.0001958034554263577,1,0.0001958034554263577,0.26112639904022217,,,,1,1.9580345542635769
2013-04-22,fold_3,Eurozone debt plateau,0.0024207583628594875,1,0.0004571809549815953,1,0.0004571809549815953,0.26170289516448975,,,,1,4.571809549815953
2013-04-23,fold_3,Eurozone debt plateau,-0.00033832999179139733,-1,-0.005145795177668333,-1,0.005145795177668333,0.26819539070129395,,,,1,51.45795177668333
2013-04-24,fold_3,Eurozone debt plateau,0.003950071986764669,1,0.0017703734338283539,1,0.0017703734338283539,0.27044057846069336,,,,1,17.70373433828354
2013-04-25,fold_3,Eurozone debt plateau,0.0031586249824613333,1,-0.0007805071654729545,-1,-0.0007805071654729545,0.26944899559020996,,,,0,-7.805071654729545
2013-04-26,fold_3,Eurozone debt plateau,0.004481706768274307,1,0.0027129673399031162,1,0.0027129673399031162,0.27289295196533203,,,,1,27.129673399031162
2013-04-30,fold_3,Eurozone debt plateau,0.005111274309456348,1,0.005530692171305418,1,0.005530692171305418,0.27993297576904297,,,,1,55.30692171305418
2013-05-01,fold_3,Eurozone debt plateau,0.000607730878982693,1,0.0010545552941039205,1,0.0010545552941039205,0.2812826633453369,,,,1,10.545552941039205
2013-05-02,fold_3,Eurozone debt plateau,-0.006441218312829733,-1,-0.00888423714786768,-1,0.00888423714786768,0.29266583919525146,,,,1,88.8423714786768
2013-05-07,fold_3,Eurozone debt plateau,0.001121354871429503,1,0.0005231635295785964,1,0.0005231635295785964,0.2933422327041626,,,,1,5.2316352957859635
2013-05-08,fold_3,Eurozone debt plateau,0.005940356757491827,1,0.00644897622987628,1,0.00644897622987628,0.3016829490661621,,,,1,64.4897622987628
2013-05-09,fold_3,Eurozone debt plateau,-0.00922697689384222,-1,-0.009645446203649044,-1,0.009645446203649044,0.3142383098602295,,,,1,96.45446203649044
2013-05-10,fold_3,Eurozone debt plateau,-0.004455436021089554,-1,-0.005302789621055126,-1,0.005302789621055126,0.3212074041366577,,,,1,53.02789621055126
2013-05-13,fold_3,Eurozone debt plateau,-0.0007930674473755062,-1,0.0017533899517729878,1,-0.0017533899517729878,0.3188908100128174,,,,0,-17.53389951772988
2013-05-14,fold_3,Eurozone debt plateau,-0.003256861586123705,-1,-0.003920002840459347,-1,0.003920002840459347,0.3240607976913452,,,,1,39.20002840459347
2013-05-15,fold_3,Eurozone debt plateau,-0.0030043902806937695,-1,-0.004225410986691713,-1,0.004225410986691713,0.32965540885925293,,,,1,42.25410986691713
2013-05-16,fold_3,Eurozone debt plateau,0.000896174053195864,1,6.449774082284421e-05,1,6.449774082284421e-05,0.32974112033843994,,,,1,0.6449774082284421
2013-05-17,fold_3,Eurozone debt plateau,-0.005638247821480036,-1,-0.003696675878018141,-1,0.003696675878018141,0.3346567153930664,,,,1,36.96675878018141
2013-05-20,fold_3,Eurozone debt plateau,0.0054841539822518826,1,0.004318435210734606,1,0.004318435210734606,0.34042036533355713,,,,1,43.18435210734606
2013-05-21,fold_3,Eurozone debt plateau,-0.0005976639222353697,-1,0.002170462626963854,1,-0.002170462626963854,0.3375110626220703,,,,0,-21.70462626963854
2013-05-22,fold_3,Eurozone debt plateau,-0.005501642823219299,-1,-0.005958682391792536,-1,0.005958682391792536,0.3454807996749878,,,,1,59.58682391792536
2013-05-23,fold_3,Eurozone debt plateau,0.00550072081387043,1,0.006462528370320797,1,0.006462528370320797,0.35417604446411133,,,,1,64.62528370320797
2013-05-24,fold_3,Eurozone debt plateau,0.0011630670633167028,1,0.0009831828065216541,1,0.0009831828065216541,0.355507493019104,,,,1,9.831828065216541
2013-05-28,fold_3,Eurozone debt plateau,-0.005464011337608099,-1,-0.006770005449652672,-1,0.006770005449652672,0.3646843433380127,,,,1,67.70005449652672
2013-05-29,fold_3,Eurozone debt plateau,0.005826724227517843,1,0.007898152805864811,1,0.007898152805864811,0.3754628896713257,,,,1,78.98152805864811
2013-05-30,fold_3,Eurozone debt plateau,0.006513021886348724,1,0.007421950809657574,1,0.007421950809657574,0.3856714963912964,,,,1,74.21950809657574
2013-05-31,fold_3,Eurozone debt plateau,-0.005858275108039379,-1,-0.0036389913875609636,-1,0.0036389913875609636,0.3907139301300049,,,,1,36.389913875609636
2013-06-03,fold_3,Eurozone debt plateau,0.009403723292052746,1,0.005882744211703539,1,0.005882744211703539,0.39889514446258545,,,,1,58.82744211703539
2013-06-04,fold_3,Eurozone debt plateau,-0.0011624122271314263,-1,3.9302009099628776e-05,1,-3.9302009099628776e-05,0.39884018898010254,,,,0,-0.39302009099628776
2013-06-05,fold_3,Eurozone debt plateau,0.0018280470976606011,1,0.0015187669778242707,1,0.0015187669778242707,0.400964617729187,,,,1,15.187669778242707
2013-06-06,fold_3,Eurozone debt plateau,0.010313029401004314,1,0.011629591695964336,1,0.011629591695964336,0.41725730895996094,,,,1,116.29591695964336
2013-06-07,fold_3,Eurozone debt plateau,-0.002093883231282234,-1,-0.0016265598824247718,-1,0.0016265598824247718,0.41956257820129395,,,,1,16.265598824247718
2013-06-10,fold_3,Eurozone debt plateau,0.0006806465098634362,1,0.0,1,0.0,0.41956257820129395,,,,0,0.0
2013-06-11,fold_3,Eurozone debt plateau,0.00558598292991519,1,0.0,1,0.0,0.41956257820129395,,,,0,0.0
2013-06-12,fold_3,Eurozone debt plateau,0.0016652821796014905,1,0.008737497963011265,1,0.008737497963011265,0.4319659471511841,,,,1,87.37497963011265
2013-06-13,fold_3,Eurozone debt plateau,0.005043698009103537,1,0.002125462982803583,1,0.002125462982803583,0.43500959873199463,,,,1,21.25462982803583
2013-06-14,fold_3,Eurozone debt plateau,-0.0013092821463942528,-1,-0.0014417035272344947,-1,0.0014417035272344947,0.43707847595214844,,,,1,14.417035272344947
2013-06-17,fold_3,Eurozone debt plateau,0.0023483135737478733,1,0.001082459231838584,1,0.001082459231838584,0.4386340379714966,,,,1,10.82459231838584
2013-06-18,fold_3,Eurozone debt plateau,0.000873343029525131,1,0.0020085156429558992,1,0.0020085156429558992,0.4415236711502075,,,,1,20.085156429558992
2013-06-19,fold_3,Eurozone debt plateau,-0.008320570923388004,-1,-0.007323887664824724,-1,0.007323887664824724,0.45208120346069336,,,,1,73.23887664824724
2013-06-20,fold_3,Eurozone debt plateau,-0.005923246033489704,-1,-0.004235328175127506,-1,0.004235328175127506,0.4582313299179077,,,,1,42.35328175127506
2013-06-21,fold_3,Eurozone debt plateau,-0.005156318657100201,-1,-0.009842113591730595,-1,0.009842113591730595,0.4725834131240845,,,,1,98.42113591730595
2013-06-24,fold_3,Eurozone debt plateau,-0.0033753591123968363,-1,0.002061850391328335,1,-0.002061850391328335,0.4695471525192261,,,,0,-20.618503913283348
2013-06-25,fold_3,Eurozone debt plateau,-0.0015358161181211472,-1,-0.004002472851425409,-1,0.004002472851425409,0.4754289388656616,,,,1,40.02472851425409
2013-06-26,fold_3,Eurozone debt plateau,-0.003930486738681793,-1,-0.00507523724809289,-1,0.00507523724809289,0.48291707038879395,,,,1,50.7523724809289
2013-06-27,fold_3,Eurozone debt plateau,0.0015210144920274615,1,0.0017338114557787776,1,0.0017338114557787776,0.4854881763458252,,,,1,17.338114557787776
2015-04-15,fold_4,Strong USD downturn,0.0033091718796640635,1,0.0027866659220308065,1,0.0027866659220308065,0.0027866363525390625,,,,1,27.866659220308065
2015-04-16,fold_4,Strong USD downturn,0.009448320604860783,1,0.007378339767456055,1,0.007378339767456055,0.010185480117797852,,,,1,73.78339767456055
2015-04-17,fold_4,Strong USD downturn,-0.0015014318050816655,-1,0.0050807795487344265,1,-0.0050807795487344265,0.005052924156188965,,,,0,-50.807795487344265
2015-04-20,fold_4,Strong USD downturn,-0.004427571780979633,-1,-0.005803639534860849,-1,0.005803639534860849,0.010885834693908691,,,,1,58.036395348608494
2015-04-21,fold_4,Strong USD downturn,-0.0003533244307618588,-1,-0.0005370663129724562,-1,0.0005370663129724562,0.01142871379852295,,,,1,5.370663129724562
2015-04-22,fold_4,Strong USD downturn,-0.000363178871339187,-1,-0.0014802230289205909,-1,0.0014802230289205909,0.012925863265991211,,,,1,14.802230289205909
2015-04-23,fold_4,Strong USD downturn,0.009215380065143108,1,0.008316786028444767,1,0.008316786028444767,0.02135014533996582,,,,1,83.16786028444767
2015-04-24,fold_4,Strong USD downturn,0.002449827967211604,1,0.004988814238458872,1,0.004988814238458872,0.026445388793945312,,,,1,49.88814238458872
2015-04-27,fold_4,Strong USD downturn,6.306984141701832e-05,1,0.0008267566445283592,1,0.0008267566445283592,0.027293920516967773,,,,1,8.267566445283592
2015-04-28,fold_4,Strong USD downturn,0.00817024614661932,1,0.0083804065361619,1,0.0083804065361619,0.035903096199035645,,,,1,83.804065361619
2015-04-30,fold_4,Strong USD downturn,0.0031447159126400948,1,0.009027745574712753,1,0.009027745574712753,0.04525494575500488,,,,1,90.27745574712753
2015-05-01,fold_4,Strong USD downturn,-0.006672756280750036,-1,-0.002561562927439809,-1,0.002561562927439809,0.04793238639831543,,,,1,25.61562927439809
2015-05-07,fold_4,Strong USD downturn,-0.009152938611805439,-1,-0.008334004320204258,-1,0.008334004320204258,0.056665897369384766,,,,1,83.34004320204258
2015-05-08,fold_4,Strong USD downturn,-0.0006175378221087158,-1,-0.004701511934399605,-1,0.004701511934399605,0.06163382530212402,,,,1,47.01511934399605
2015-05-11,fold_4,Strong USD downturn,-0.0023395870812237263,-1,-0.0044355494901537895,-1,0.0044355494901537895,0.06634271144866943,,,,1,44.355494901537895
2015-05-12,fold_4,Strong USD downturn,0.005065483041107655,1,0.006912466138601303,1,0.006912466138601303,0.07371377944946289,,,,1,69.12466138601303
2015-05-13,fold_4,Strong USD downturn,0.008463634178042412,1,0.011498061008751392,1,0.011498061008751392,0.08605945110321045,,,,1,114.98061008751392
2015-05-14,fold_4,Strong USD downturn,0.0032621121499687433,1,0.0048014628700912,1,0.0048014628700912,0.09127414226531982,,,,1,48.014628700912
2015-05-15,fold_4,Strong USD downturn,0.001540399738587439,1,0.0035136754158884287,1,0.0035136754158884287,0.0951085090637207,,,,1,35.13675415888429
2015-05-18,fold_4,Strong USD downturn,-0.00866711512207985,-1,-0.010386107489466667,-1,0.010386107489466667,0.10648238658905029,,,,1,103.86107489466667
2015-05-19,fold_4,Strong USD downturn,-0.01035227719694376,-1,-0.015850599855184555,-1,0.015850599855184555,0.12402069568634033,,,,1,158.50599855184555
2015-05-20,fold_4,Strong USD downturn,-0.0022891389671713114,-1,-0.004118285607546568,-1,0.004118285607546568,0.12864983081817627,,,,1,41.18285607546568
2015-05-21,fold_4,Strong USD downturn,0.003215552307665348,1,0.001000001560896635,1,0.001000001560896635,0.12977850437164307,,,,1,10.00001560896635
2015-05-22,fold_4,Strong USD downturn,-0.008288242854177952,-1,-0.010696151293814182,-1,0.010696151293814182,0.1418628692626953,,,,1,106.96151293814182
2015-05-26,fold_4,Strong USD downturn,-0.009720156900584698,-1,-0.007502323482185602,-1,0.007502323482185602,0.15042948722839355,,,,1,75.02323482185602
2015-05-27,fold_4,Strong USD downturn,1.1848154827021062e-05,1,0.0010246067540720105,1,0.0010246067540720105,0.15160822868347168,,,,1,10.246067540720105
2015-05-28,fold_4,Strong USD downturn,0.00327098835259676,1,0.005534912459552288,1,0.005534912459552288,0.1579822301864624,,,,1,55.34912459552288
2015-05-29,fold_4,Strong USD downturn,-7.597092917421833e-05,-1,-0.0002191598032368347,-1,0.0002191598032368347,0.15823590755462646,,,,1,2.191598032368347
2015-06-01,fold_4,Strong USD downturn,-0.003942999988794327,-1,-0.0031894471030682325,-1,0.0031894471030682325,0.16193008422851562,,,,1,31.894471030682325
2015-06-02,fold_4,Strong USD downturn,0.01281878724694252,1,0.020783551037311554,1,0.020783551037311554,0.18607914447784424,,,,1,207.83551037311554
2015-06-03,fold_4,Strong USD downturn,0.0007822563638910651,1,0.009670482017099857,1,0.009670482017099857,0.19754910469055176,,,,1,96.70482017099857
2015-06-04,fold_4,Strong USD downturn,-0.0018118582665920258,-1,-0.004438275005668402,-1,0.004438275005668402,0.2028641700744629,,,,1,44.38275005668402
2015-06-05,fold_4,Strong USD downturn,-0.008124325424432755,-1,-0.008897615596652031,-1,0.008897615596652031,0.21356689929962158,,,,1,88.97615596652031
2015-06-08,fold_4,Strong USD downturn,0.008599205873906612,1,0.015556452795863152,1,0.015556452795863152,0.23244571685791016,,,,1,155.56452795863152
2015-06-09,fold_4,Strong USD downturn,-0.000552235811483115,-1,0.0016044342191889882,1,-0.0016044342191889882,0.23046839237213135,,,,0,-16.044342191889882
2015-06-10,fold_4,Strong USD downturn,0.005436531733721495,1,0.0011425005504861474,1,0.0011425005504861474,0.2318742275238037,,,,1,11.425005504861474
2015-06-11,fold_4,Strong USD downturn,-0.0032240876462310553,-1,-0.006306036841124296,-1,0.006306036841124296,0.23964250087738037,,,,1,63.06036841124296
2015-06-12,fold_4,Strong USD downturn,-0.00025854771956801414,-1,-0.0018400050466880202,-1,0.0018400050466880202,0.24192345142364502,,,,1,18.400050466880202
2015-06-15,fold_4,Strong USD downturn,0.0008481224067509174,1,0.005085863173007965,1,0.005085863173007965,0.2482396364212036,,,,1,50.85863173007965
2015-06-16,fold_4,Strong USD downturn,-0.001479686819948256,-1,-0.0031028008088469505,-1,0.0031028008088469505,0.25211262702941895,,,,1,31.028008088469505
2015-06-17,fold_4,Strong USD downturn,0.008609706535935402,1,0.011381383053958416,1,0.011381383053958416,0.26636338233947754,,,,1,113.81383053958416
2015-06-18,fold_4,Strong USD downturn,0.001480868668295443,1,6.814974767621607e-05,1,6.814974767621607e-05,0.2664496898651123,,,,1,0.6814974767621607
2015-06-19,fold_4,Strong USD downturn,-0.0007749365759082139,-1,0.0001934272440848872,1,-0.0001934272440848872,0.26620471477508545,,,,0,-1.934272440848872
2015-06-22,fold_4,Strong USD downturn,-0.002453690627589822,-1,-0.0020996162202209234,-1,0.0020996162202209234,0.268863320350647,,,,1,20.996162202209234
2015-06-23,fold_4,Strong USD downturn,-0.01067344006150961,-1,-0.01558514405041933,-1,0.01558514405041933,0.2886388301849365,,,,1,155.8514405041933
2015-06-24,fold_4,Strong USD downturn,0.0015361618716269732,1,0.0031154805328696966,1,0.0031154805328696966,0.2926536798477173,,,,1,31.154805328696966
2015-06-25,fold_4,Strong USD downturn,-5.8054152759723365e-05,-1,-0.0003584684163797647,-1,0.0003584684163797647,0.29311704635620117,,,,1,3.5846841637976468
2015-06-26,fold_4,Strong USD downturn,-0.002313891425728798,-1,-0.02034766413271427,-1,0.02034766413271427,0.31942903995513916,,,,1,203.47664132714272
2015-06-29,fold_4,Strong USD downturn,0.009669443592429161,1,0.02259182743728161,1,0.02259182743728161,0.349237322807312,,,,1,225.9182743728161
2015-06-30,fold_4,Strong USD downturn,-0.007878823205828667,-1,-0.007839072495698929,-1,0.007839072495698929,0.3598140478134155,,,,1,78.39072495698929
2015-07-01,fold_4,Strong USD downturn,-0.005011787172406912,-1,-0.009102738462388515,-1,0.009102738462388515,0.37219202518463135,,,,1,91.02738462388515
2015-07-02,fold_4,Strong USD downturn,0.0027914668899029493,1,0.004833896644413471,1,0.004833896644413471,0.3788250684738159,,,,1,48.33896644413471
2015-07-06,fold_4,Strong USD downturn,0.00048711258568800986,1,0.00490582687780261,1,0.00490582687780261,0.3855893611907959,,,,1,49.058268778026104
2015-07-07,fold_4,Strong USD downturn,-0.00577253382652998,-1,-0.003534203628078103,-1,0.003534203628078103,0.39048635959625244,,,,1,35.34203628078103
2015-07-08,fold_4,Strong USD downturn,0.003958960995078087,1,0.005546563304960728,1,0.005546563304960728,0.39819884300231934,,,,1,55.46563304960728
2015-07-09,fold_4,Strong USD downturn,-0.0019424892961978912,-1,-0.0007190668839029968,-1,0.0007190668839029968,0.3992042541503906,,,,1,7.190668839029968
2015-07-10,fold_4,Strong USD downturn,0.007224656641483307,1,0.005965179298073053,1,0.005965179298073053,0.4075508117675781,,,,1,59.651792980730534
2015-07-13,fold_4,Strong USD downturn,-0.01018728781491518,-1,-0.012452283874154091,-1,0.012452283874154091,0.42507803440093994,,,,1,124.52283874154091
2015-07-14,fold_4,Strong USD downturn,0.0021246543619781733,1,0.0015961879398673773,1,0.0015961879398673773,0.42735278606414795,,,,1,15.961879398673773
2015-07-15,fold_4,Strong USD downturn,-0.004356556572020054,-1,-0.005854768678545952,-1,0.005854768678545952,0.4357095956802368,,,,1,58.54768678545952
2015-07-16,fold_4,Strong USD downturn,-0.004340598825365305,-1,-0.005257993470877409,-1,0.005257993470877409,0.44325852394104004,,,,1,52.57993470877409
2015-07-17,fold_4,Strong USD downturn,-0.00014455645577982068,-1,-0.005122730508446693,-1,0.005122730508446693,0.45065200328826904,,,,1,51.227305084466934
2015-07-21,fold_4,Strong USD downturn,0.007487158756703138,1,0.00964904110878706,1,0.00964904110878706,0.4646494388580322,,,,1,96.4904110878706
2015-07-22,fold_4,Strong USD downturn,-0.0032690921798348427,-1,-0.0011801107320934534,-1,0.0011801107320934534,0.466377854347229,,,,1,11.801107320934534
2015-07-23,fold_4,Strong USD downturn,0.0038915742188692093,1,0.005670242477208376,1,0.005670242477208376,0.4746924638748169,,,,1,56.70242477208376
2015-07-24,fold_4,Strong USD downturn,-0.0017363805091008544,-1,-0.0015141702024266124,-1,0.0015141702024266124,0.47692549228668213,,,,1,15.141702024266124
2015-07-27,fold_4,Strong USD downturn,0.007403917610645294,1,0.010724127292633057,1,0.010724127292633057,0.49276411533355713,,,,1,107.24127292633057
2015-07-28,fold_4,Strong USD downturn,-0.002901246538385749,-1,-0.0021689776331186295,-1,0.0021689776331186295,0.4960019588470459,,,,1,21.689776331186295
2015-07-29,fold_4,Strong USD downturn,-0.0010341783054172993,-1,-0.007403244264423847,-1,0.007403244264423847,0.5070772171020508,,,,1,74.03244264423847
2015-07-30,fold_4,Strong USD downturn,-0.003129969583824277,-1,-0.004080268554389477,-1,0.004080268554389477,0.5132265090942383,,,,1,40.80268554389477
2015-07-31,fold_4,Strong USD downturn,0.002309350296854973,1,0.0027202083729207516,1,0.0027202083729207516,0.5173428058624268,,,,1,27.202083729207516
2015-08-03,fold_4,Strong USD downturn,-0.0015768066514283419,-1,-0.0011831811862066388,-1,0.0011831811862066388,0.5191380977630615,,,,1,11.831811862066388
2015-08-04,fold_4,Strong USD downturn,-0.0037380692083388567,-1,-0.006119636818766594,-1,0.006119636818766594,0.5284346342086792,,,,1,61.19636818766594
2015-08-05,fold_4,Strong USD downturn,0.0009194331360049546,1,0.0012975219869986176,1,0.0012975219869986176,0.5304176807403564,,,,1,12.975219869986176
2015-08-06,fold_4,Strong USD downturn,0.001026284764520824,1,0.0021963249891996384,1,0.0021963249891996384,0.5337789058685303,,,,1,21.963249891996384
2015-08-07,fold_4,Strong USD downturn,0.001708691823296249,1,0.0034758939873427153,1,0.0034758939873427153,0.5391101837158203,,,,1,34.75893987342715
2015-08-10,fold_4,Strong USD downturn,0.0020658401772379875,1,0.004737264011055231,1,0.004737264011055231,0.5464013814926147,,,,1,47.37264011055231
2015-08-11,fold_4,Strong USD downturn,-0.0014108966570347548,-1,0.0022746871691197157,1,-0.0022746871691197157,0.5428837537765503,,,,0,-22.746871691197157
2015-08-12,fold_4,Strong USD downturn,0.007329581771045923,1,0.010770364664494991,1,0.010770364664494991,0.559501051902771,,,,1,107.70364664494991
2015-08-13,fold_4,Strong USD downturn,-0.0018347800942137837,-1,0.0,1,-0.0,0.559501051902771,,,,0,-0.0
2015-08-14,fold_4,Strong USD downturn,-0.00046424620086327195,-1,-0.0060900431126356125,-1,0.0060900431126356125,0.5689984560012817,,,,1,60.900431126356125
2015-08-17,fold_4,Strong USD downturn,-0.001058428082615137,-1,-0.0013515696628019214,-1,0.0013515696628019214,0.5711190700531006,,,,1,13.515696628019214
2015-08-18,fold_4,Strong USD downturn,-0.0011319045443087816,-1,-0.004257874097675085,-1,0.004257874097675085,0.5778087377548218,,,,1,42.57874097675085
2015-08-19,fold_4,Strong USD downturn,0.004384237807244062,1,0.00790493655949831,1,0.00790493655949831,0.5902811288833618,,,,1,79.0493655949831
2015-08-20,fold_4,Strong USD downturn,0.004920521751046181,1,0.010697606019675732,1,0.010697606019675732,0.6072933673858643,,,,1,106.97606019675732
2015-08-21,fold_4,Strong USD downturn,0.007574601098895073,1,0.012457658536732197,1,0.012457658536732197,0.6273163557052612,,,,1,124.57658536732197
2015-08-24,fold_4,Strong USD downturn,0.004335707053542137,1,0.018115969374775887,1,0.018115969374775887,0.6567968130111694,,,,1,181.15969374775887
2015-08-25,fold_4,Strong USD downturn,-0.009342842735350132,-1,-0.00277227396145463,-1,0.00277227396145463,0.661389946937561,,,,1,27.7227396145463
2015-08-26,fold_4,Strong USD downturn,-0.006633969489485025,-1,-0.018257446587085724,-1,0.018257446587085724,0.6917227506637573,,,,1,182.57446587085724
2015-08-27,fold_4,Strong USD downturn,-0.0074220807291567326,-1,-0.008121015504002571,-1,0.008121015504002571,0.7054612636566162,,,,1,81.21015504002571
2015-08-28,fold_4,Strong USD downturn,-0.00527010066434741,-1,-0.0030165945645421743,-1,0.0030165945645421743,0.7106059789657593,,,,1,30.165945645421743
2015-08-31,fold_4,Strong USD downturn,0.0011645647464320064,1,0.001055276719853282,1,0.001055276719853282,0.7124110460281372,,,,1,10.55276719853282
2015-09-01,fold_4,Strong USD downturn,0.0037388375494629145,1,0.006019366439431906,1,0.006019366439431906,0.7227185964584351,,,,1,60.19366439431906
2015-09-02,fold_4,Strong USD downturn,-0.0021140023600310087,-1,-0.006853028200566769,-1,0.006853028200566769,0.7345243692398071,,,,1,68.53028200566769
2015-09-03,fold_4,Strong USD downturn,-0.005319058429449797,-1,-0.008032885380089283,-1,0.008032885380089283,0.748457670211792,,,,1,80.32885380089283
2015-09-04,fold_4,Strong USD downturn,0.0015748547157272696,1,0.002341874875128269,1,0.002341874875128269,0.7525522708892822,,,,1,23.418748751282692
2015-09-08,fold_4,Strong USD downturn,0.003473704680800438,1,0.0038888398557901382,1,0.0038888398557901382,0.7593677043914795,,,,1,38.88839855790138
2015-09-09,fold_4,Strong USD downturn,-0.0019304902525618672,-1,0.0011893943883478642,1,-0.0011893943883478642,0.7572751045227051,,,,0,-11.893943883478642
2015-09-10,fold_4,Strong USD downturn,0.004836926702409983,1,0.006255229003727436,1,0.006255229003727436,0.7682672739028931,,,,1,62.55229003727436
2015-09-11,fold_4,Strong USD downturn,0.001198640326038003,1,0.004707816056907177,1,0.004707816056907177,0.7765918970108032,,,,1,47.07816056907177
2015-09-14,fold_4,Strong USD downturn,-0.0026910246815532446,-1,-0.003211408853530884,-1,0.003211408853530884,0.7822972536087036,,,,1,32.11408853530884
2015-09-15,fold_4,Strong USD downturn,-0.0019857261795550585,-1,-0.0031674618367105722,-1,0.0031674618367105722,0.78794264793396,,,,1,31.674618367105722
2015-09-16,fold_4,Strong USD downturn,0.0028225162532180548,1,0.0017954690847545862,1,0.0017954690847545862,0.7911527156829834,,,,1,17.954690847545862
2015-09-17,fold_4,Strong USD downturn,0.008305148221552372,1,0.00964523945003748,1,0.00964523945003748,0.8084287643432617,,,,1,96.4523945003748
2015-09-18,fold_4,Strong USD downturn,-0.004719797521829605,-1,-0.009553097188472748,-1,0.009553097188472748,0.82570481300354,,,,1,95.53097188472748
2015-09-24,fold_4,Strong USD downturn,0.0014787402469664812,1,-0.0009837218094617128,-1,-0.0009837218094617128,0.823908805847168,,,,0,-9.837218094617128
2015-09-25,fold_4,Strong USD downturn,-0.0016573520842939615,-1,0.0020386953838169575,1,-0.0020386953838169575,0.8201904296875,,,,0,-20.386953838169575
2015-09-28,fold_4,Strong USD downturn,0.0011851588496938348,1,0.0026168806944042444,1,0.0026168806944042444,0.8249536752700806,,,,1,26.168806944042444
2015-09-29,fold_4,Strong USD downturn,0.0015389248728752136,1,0.002217428293079138,1,0.002217428293079138,0.8290003538131714,,,,1,22.174282930791378
2015-09-30,fold_4,Strong USD downturn,-0.004154030233621597,-1,-0.007451786659657955,-1,0.007451786659657955,0.8426296710968018,,,,1,74.51786659657955
2015-10-01,fold_4,Strong USD downturn,0.003171502146869898,1,0.0019140391377732158,1,0.0019140391377732158,0.8461564779281616,,,,1,19.140391377732158
2015-10-02,fold_4,Strong USD downturn,0.0026020437944680452,1,0.002997632836923003,1,0.002997632836923003,0.8516905307769775,,,,1,29.976328369230032
2015-10-05,fold_4,Strong USD downturn,-0.002675580559298396,-1,-0.0028323756996542215,-1,0.0028323756996542215,0.8569352626800537,,,,1,28.323756996542215
2015-10-06,fold_4,Strong USD downturn,0.006113643292337656,1,0.006501608993858099,1,0.006501608993858099,0.8690081834793091,,,,1,65.01608993858099
2015-10-07,fold_4,Strong USD downturn,-0.000824732065666467,-1,-0.0024840589612722397,-1,0.0024840589612722397,0.8736509084701538,,,,1,24.840589612722397
2015-10-08,fold_4,Strong USD downturn,0.0024041812866926193,1,0.004176144953817129,1,0.004176144953817129,0.881475567817688,,,,1,41.76144953817129
2015-10-09,fold_4,Strong USD downturn,0.0042209806852042675,1,0.007356438785791397,1,0.007356438785791397,0.895316481590271,,,,1,73.56438785791397
2015-10-13,fold_4,Strong USD downturn,0.0006179295596666634,1,0.0025958227925002575,1,0.0025958227925002575,0.9002363681793213,,,,1,25.958227925002575
2015-10-14,fold_4,Strong USD downturn,0.0068009695969522,1,0.007952532730996609,1,0.007952532730996609,0.9153481721878052,,,,1,79.52532730996609
2015-10-15,fold_4,Strong USD downturn,-0.004320112057030201,-1,-0.009355970658361912,-1,0.009355970658361912,0.9332681894302368,,,,1,93.55970658361912
2015-10-16,fold_4,Strong USD downturn,-0.0006248473655432463,-1,-0.0006248753634281456,-1,0.0006248753634281456,0.9344762563705444,,,,1,6.2487536342814565
2015-10-19,fold_4,Strong USD downturn,-0.003273764858022332,-1,-0.002820884808897972,-1,0.002820884808897972,0.939933180809021,,,,1,28.20884808897972
2015-10-20,fold_4,Strong USD downturn,0.0012937195133417845,1,0.002202671719714999,1,0.002202671719714999,0.9442061185836792,,,,1,22.026717197149992
2015-10-21,fold_4,Strong USD downturn,-0.0018289407016709447,-1,-0.0005220280727371573,-1,0.0005220280727371573,0.9452210664749146,,,,1,5.2202807273715734
2015-10-22,fold_4,Strong USD downturn,-0.009694613516330719,-1,-0.023535992950201035,-1,0.023535992950201035,0.9910037517547607,,,,1,235.35992950201035
2015-10-23,fold_4,Strong USD downturn,-0.006192232947796583,-1,-0.005466054193675518,-1,0.005466054193675518,1.0018868446350098,,,,1,54.66054193675518
2015-10-26,fold_4,Strong USD downturn,0.0019234692445024848,1,0.004138649441301823,1,0.004138649441301823,1.0101721286773682,,,,1,41.38649441301823
2015-10-27,fold_4,Strong USD downturn,-0.0004916275502182543,-1,-0.002615799428895116,-1,0.002615799428895116,1.0154304504394531,,,,1,26.15799428895116
2015-10-28,fold_4,Strong USD downturn,-0.005490064155310392,-1,-0.00979236513376236,-1,0.00979236513376236,1.0351662635803223,,,,1,97.9236513376236
2015-10-29,fold_4,Strong USD downturn,0.006258123554289341,1,0.005936706904321909,1,0.005936706904321909,1.0472486019134521,,,,1,59.36706904321909
2015-10-30,fold_4,Strong USD downturn,0.0013889987021684647,1,0.0029219379648566246,1,0.0029219379648566246,1.0532305240631104,,,,1,29.219379648566246
2015-11-02,fold_4,Strong USD downturn,-0.00010071446740766987,-1,-0.0009033163660205901,-1,0.0009033163660205901,1.0550854206085205,,,,1,9.0331636602059
2015-11-04,fold_4,Strong USD downturn,-0.0047119008377194405,-1,-0.008748723194003105,-1,0.008748723194003105,1.0730648040771484,,,,1,87.48723194003105
2015-11-05,fold_4,Strong USD downturn,-0.0005459780804812908,-1,0.0014692713739350438,1,-0.0014692713739350438,1.070019006729126,,,,0,-14.692713739350438
2015-11-06,fold_4,Strong USD downturn,-0.009319120086729527,-1,-0.013835355639457703,-1,0.013835355639457703,1.0986583232879639,,,,1,138.35355639457703
2015-11-09,fold_4,Strong USD downturn,0.0015511977253481746,1,0.0024317402858287096,1,0.0024317402858287096,1.1037616729736328,,,,1,24.317402858287096
2015-11-10,fold_4,Strong USD downturn,-0.0032220722641795874,-1,-0.002040166174992919,-1,0.002040166174992919,1.1080536842346191,,,,1,20.40166174992919
2015-11-11,fold_4,Strong USD downturn,0.0031129398848861456,1,0.0023678515572100878,1,0.0023678515572100878,1.1130452156066895,,,,1,23.678515572100878
2015-11-12,fold_4,Strong USD downturn,0.0021717373747378588,1,0.004834278021007776,1,0.004834278021007776,1.123260259628296,,,,1,48.34278021007776
2015-11-13,fold_4,Strong USD downturn,-0.002667858498170972,-1,-0.01063578575849533,-1,0.01063578575849533,1.1458427906036377,,,,1,106.35785758495331
2015-11-16,fold_4,Strong USD downturn,-0.0008903173729777336,-1,-0.0011222391622141004,-1,0.0011222391622141004,1.1482508182525635,,,,1,11.222391622141004
2015-11-17,fold_4,Strong USD downturn,-0.0008773822337388992,-1,-0.004129724111407995,-1,0.004129724111407995,1.1571226119995117,,,,1,41.29724111407995
2015-11-18,fold_4,Strong USD downturn,0.0011882382677868009,1,0.0024539949372410774,1,0.0024539949372410774,1.1624162197113037,,,,1,24.539949372410774
2015-11-19,fold_4,Strong USD downturn,0.004622720647603273,1,0.005266564432531595,1,0.005266564432531595,1.173804759979248,,,,1,52.66564432531595
2015-11-20,fold_4,Strong USD downturn,-0.004582235123962164,-1,-0.007938201539218426,-1,0.007938201539218426,1.1910607814788818,,,,1,79.38201539218426
2015-11-24,fold_4,Strong USD downturn,0.0017972586210817099,1,0.00017037845100276172,1,0.00017037845100276172,1.1914341449737549,,,,1,1.7037845100276172
2015-11-25,fold_4,Strong USD downturn,-0.002746486570686102,-1,-0.0017743892967700958,-1,0.0017743892967700958,1.1953227519989014,,,,1,17.74389296770096
2015-11-27,fold_4,Strong USD downturn,-0.0009073511464521289,-1,-0.002021322725340724,-1,0.002021322725340724,1.1997601985931396,,,,1,20.21322725340724
2015-11-30,fold_4,Strong USD downturn,-0.0015898254932835698,-1,-0.0009516000864095986,-1,0.0009516000864095986,1.2018535137176514,,,,1,9.516000864095986
2015-12-01,fold_4,Strong USD downturn,0.0033478992991149426,1,0.0050048306584358215,1,0.0050048306584358215,1.2128734588623047,,,,1,50.048306584358215
2015-12-02,fold_4,Strong USD downturn,-0.0022808415815234184,-1,-0.0012098338920623064,-1,0.0012098338920623064,1.2155506610870361,,,,1,12.098338920623064
2015-12-03,fold_4,Strong USD downturn,0.006039297208189964,1,0.02854517288506031,1,0.02854517288506031,1.2787938117980957,,,,1,285.4517288506031
2015-12-04,fold_4,Strong USD downturn,-0.008123309351503849,-1,-0.0029278246220201254,-1,0.0029278246220201254,1.2854657173156738,,,,1,29.278246220201254
2015-12-07,fold_4,Strong USD downturn,-0.003533934475854039,-1,-0.004593567457050085,-1,0.004593567457050085,1.295964241027832,,,,1,45.93567457050085
2015-12-08,fold_4,Strong USD downturn,0.0005187089554965496,1,0.005534087773412466,1,0.005534087773412466,1.3086702823638916,,,,1,55.34087773412466
2015-12-09,fold_4,Strong USD downturn,0.005729044321924448,1,0.011381609365344048,1,0.011381609365344048,1.334946632385254,,,,1,113.81609365344048
2015-12-10,fold_4,Strong USD downturn,-0.004345661494880915,-1,-0.006338960491120815,-1,0.006338960491120815,1.349747657775879,,,,1,63.38960491120815
2015-12-11,fold_4,Strong USD downturn,0.0005614615511149168,1,0.0032732149120420218,1,0.0032732149120420218,1.3574390411376953,,,,1,32.73214912042022
2015-12-14,fold_4,Strong USD downturn,-0.0005740592605434358,-1,0.0008245063363574445,1,-0.0008245063363574445,1.3554952144622803,,,,0,-8.245063363574445
2015-12-15,fold_4,Strong USD downturn,-0.004855533596128225,-1,-0.005162013694643974,-1,0.005162013694643974,1.3676543235778809,,,,1,51.62013694643974
2015-12-16,fold_4,Strong USD downturn,0.0017758025787770748,1,-0.005643780343234539,-1,-0.005643780343234539,1.3542916774749756,,,,0,-56.43780343234539
2015-12-17,fold_4,Strong USD downturn,-0.006561014335602522,-1,-0.002797894412651658,-1,0.002797894412651658,1.3608787059783936,,,,1,27.97894412651658
2015-12-18,fold_4,Strong USD downturn,0.00381548167206347,1,0.0023806451354175806,1,0.0023806451354175806,1.3664989471435547,,,,1,23.806451354175806
2015-12-21,fold_4,Strong USD downturn,0.002518336521461606,1,0.003961352631449699,1,0.003961352631449699,1.375873327255249,,,,1,39.613526314496994
2015-12-22,fold_4,Strong USD downturn,0.0016787104541435838,1,0.003394516184926033,1,0.003394516184926033,1.3839380741119385,,,,1,33.94516184926033
2015-12-24,fold_4,Strong USD downturn,0.001846116385422647,1,0.00557277537882328,1,0.00557277537882328,1.3972232341766357,,,,1,55.7277537882328
2015-12-28,fold_4,Strong USD downturn,0.0010365057969465852,1,0.0008450971217826009,1,0.0008450971217826009,1.3992490768432617,,,,1,8.450971217826009
2015-12-29,fold_4,Strong USD downturn,-8.059601532295346e-05,-1,-0.004305660724639893,-1,0.004305660724639893,1.4095792770385742,,,,1,43.056607246398926
2019-01-18,fold_5,Low-vol plateau,-0.002926525194197893,-1,-0.002375367796048522,-1,0.002375367796048522,0.002375364303588867,,,,1,23.75367796048522
2019-01-22,fold_5,Low-vol plateau,0.00027341253007762134,1,-0.0004659610567614436,-1,-0.0004659610567614436,0.0019083023071289062,,,,0,-4.659610567614436
2019-01-23,fold_5,Low-vol plateau,0.0025782857555896044,1,0.002129587111994624,1,0.002129587111994624,0.004041910171508789,,,,1,21.29587111994624
2019-01-24,fold_5,Low-vol plateau,-0.005166348535567522,-1,-0.006561825051903725,-1,0.006561825051903725,0.010630249977111816,,,,1,65.61825051903725
2019-01-25,fold_5,Low-vol plateau,0.008388725109398365,1,0.0087994784116745,1,0.0087994784116745,0.019523262977600098,,,,1,87.994784116745
2019-01-28,fold_5,Low-vol plateau,-0.00022708726464770734,-1,0.0014859054936096072,1,-0.0014859054936096072,0.01800835132598877,,,,0,-14.859054936096072
2019-01-29,fold_5,Low-vol plateau,-0.0013291880022734404,-1,0.0004688061017077416,1,-0.0004688061017077416,0.017531156539916992,,,,0,-4.688061017077416
2019-01-30,fold_5,Low-vol plateau,0.005742589943110943,1,0.004572131671011448,1,0.004572131671011448,0.02218341827392578,,,,1,45.72131671011448
2019-01-31,fold_5,Low-vol plateau,-0.003051628591492772,-1,-0.0033203826751559973,-1,0.0033203826751559973,0.025577425956726074,,,,1,33.20382675155997
2019-02-01,fold_5,Low-vol plateau,0.0003600408381316811,1,0.0005040323012508452,1,0.0005040323012508452,0.02609431743621826,,,,1,5.040323012508452
2019-02-04,fold_5,Low-vol plateau,-0.0031788276974111795,-1,-0.0016581708332523704,-1,0.0016581708332523704,0.027795791625976562,,,,1,16.581708332523704
2019-02-05,fold_5,Low-vol plateau,-0.0027824477292597294,-1,-0.002304801717400551,-1,0.002304801717400551,0.030164599418640137,,,,1,23.04801717400551
2019-02-06,fold_5,Low-vol plateau,-0.003586815670132637,-1,-0.003853170434013009,-1,0.003853170434013009,0.03413403034210205,,,,1,38.53170434013009
2019-02-07,fold_5,Low-vol plateau,-0.0008468981250189245,-1,-0.002392479684203863,-1,0.002392479684203863,0.036608219146728516,,,,1,23.92479684203863
2019-02-08,fold_5,Low-vol plateau,-0.0002691612462513149,-1,-0.0012795890215784311,-1,0.0012795890215784311,0.03793466091156006,,,,1,12.795890215784311
2019-02-12,fold_5,Low-vol plateau,0.004215917084366083,1,0.004930588882416487,1,0.004930588882416487,0.0430523157119751,,,,1,49.30588882416487
2019-02-13,fold_5,Low-vol plateau,-0.004685484804213047,-1,-0.006150586996227503,-1,0.006150586996227503,0.04946768283843994,,,,1,61.50586996227503
2019-02-14,fold_5,Low-vol plateau,0.002366812201216817,1,0.0026995516382157803,1,0.0026995516382157803,0.05230069160461426,,,,1,26.995516382157803
2019-02-15,fold_5,Low-vol plateau,0.0007672634092159569,1,0.0002372502494836226,1,0.0002372502494836226,0.052550315856933594,,,,1,2.372502494836226
2019-02-19,fold_5,Low-vol plateau,0.003547661006450653,1,0.002744921250268817,1,0.002744921250268817,0.05543947219848633,,,,1,27.44921250268817
2019-02-20,fold_5,Low-vol plateau,0.0007694443920627236,1,0.0002950014313682914,1,0.0002950014313682914,0.05575084686279297,,,,1,2.950014313682914
2019-02-21,fold_5,Low-vol plateau,-0.0014744114596396685,-1,-0.0002949144400190562,-1,0.0002949144400190562,0.05606222152709961,,,,1,2.949144400190562
2019-02-22,fold_5,Low-vol plateau,0.0016033200081437826,1,-6.799641414545476e-05,-1,-6.799641414545476e-05,0.05599045753479004,,,,0,-0.6799641414545476
2019-02-25,fold_5,Low-vol plateau,0.0015486038755625486,1,0.0022280586417764425,1,0.0022280586417764425,0.05834317207336426,,,,1,22.280586417764425
2019-02-26,fold_5,Low-vol plateau,0.0038209878839552402,1,0.0022558243945240974,1,0.0022558243945240974,0.060730576515197754,,,,1,22.558243945240974
2019-02-27,fold_5,Low-vol plateau,-0.0010509847197681665,-1,-0.001137981773354113,-1,0.001137981773354113,0.061937689781188965,,,,1,11.379817733541131
2019-02-28,fold_5,Low-vol plateau,-0.0004815435386262834,-1,-0.000591427437029779,-1,0.000591427437029779,0.06256568431854248,,,,1,5.91427437029779
2019-03-01,fold_5,Low-vol plateau,-0.003286454128101468,-1,0.00021612558339256793,1,-0.00021612558339256793,0.062336087226867676,,,,0,-2.1612558339256793
2019-03-04,fold_5,Low-vol plateau,-0.001815501949749887,-1,-0.0033898816909641027,-1,0.0033898816909641027,0.06593728065490723,,,,1,33.89881690964103
2019-03-05,fold_5,Low-vol plateau,-0.0011426778510212898,-1,-0.0026684298645704985,-1,0.0026684298645704985,0.06878161430358887,,,,1,26.684298645704985
2019-03-06,fold_5,Low-vol plateau,4.2672301788115874e-05,1,0.0006109592504799366,1,0.0006109592504799366,0.06943464279174805,,,,1,6.109592504799366
2019-03-07,fold_5,Low-vol plateau,-0.007810212206095457,-1,-0.010224131867289543,-1,0.010224131867289543,0.08036863803863525,,,,1,102.24131867289543
2019-03-08,fold_5,Low-vol plateau,0.0034808714408427477,1,0.0030440150294452906,1,0.0030440150294452906,0.08365726470947266,,,,1,30.440150294452906
2019-03-11,fold_5,Low-vol plateau,0.0016980940708890557,1,0.00238696183077991,1,0.00238696183077991,0.08624386787414551,,,,1,23.8696183077991
2019-03-12,fold_5,Low-vol plateau,0.002546819159761071,1,0.0025057890452444553,1,0.0025057890452444553,0.0889657735824585,,,,1,25.057890452444553
2019-03-13,fold_5,Low-vol plateau,0.003434587037190795,1,0.0038639309350401163,1,0.0038639309350401163,0.09317350387573242,,,,1,38.63930935040116
2019-03-14,fold_5,Low-vol plateau,-0.0014663627371191978,-1,-0.002001645043492317,-1,0.002001645043492317,0.09536159038543701,,,,1,20.016450434923172
2019-03-15,fold_5,Low-vol plateau,0.0026018412318080664,1,0.0010074680903926492,1,0.0010074680903926492,0.0964651107788086,,,,1,10.074680903926492
2019-03-18,fold_5,Low-vol plateau,0.0008623028406873345,1,0.0014510758919641376,1,0.0014510758919641376,0.09805619716644287,,,,1,14.510758919641376
2019-03-19,fold_5,Low-vol plateau,0.0017413765890523791,1,0.001646355027332902,1,0.001646355027332902,0.09986400604248047,,,,1,16.46355027332902
2019-03-20,fold_5,Low-vol plateau,0.005352283827960491,1,0.006434020586311817,1,0.006434020586311817,0.10694050788879395,,,,1,64.34020586311817
2019-03-22,fold_5,Low-vol plateau,-0.0005559003911912441,-1,-0.0069582522846758366,-1,0.0069582522846758366,0.11464285850524902,,,,1,69.58252284675837
2019-03-25,fold_5,Low-vol plateau,0.001474501914344728,1,0.0017652605893090367,1,0.0017652605893090367,0.11661052703857422,,,,1,17.652605893090367
2019-03-26,fold_5,Low-vol plateau,-0.0007901280769146979,-1,-0.003619218012318015,-1,0.003619218012318015,0.1206517219543457,,,,1,36.19218012318015
2019-03-27,fold_5,Low-vol plateau,-5.807069464935921e-05,-1,-0.0020477843936532736,-1,0.0020477843936532736,0.12294661998748779,,,,1,20.477843936532736
2019-03-28,fold_5,Low-vol plateau,-0.0032768668606877327,-1,-0.0019316303078085184,-1,0.0019316303078085184,0.1251157522201538,,,,1,19.316303078085184
2019-03-29,fold_5,Low-vol plateau,-0.00031959405168890953,-1,-0.0005498689133673906,-1,0.0005498689133673906,0.12573444843292236,,,,1,5.498689133673906
2019-04-01,fold_5,Low-vol plateau,0.0004993341863155365,1,-0.0016136592021211982,-1,-0.0016136592021211982,0.12391781806945801,,,,0,-16.13659202121198
2019-04-02,fold_5,Low-vol plateau,-0.0008323740330524743,-1,-0.0001680841378401965,-1,0.0001680841378401965,0.124106764793396,,,,1,1.680841378401965
2019-04-03,fold_5,Low-vol plateau,0.003357371548190713,1,0.003846475388854742,1,0.003846475388854742,0.12843072414398193,,,,1,38.46475388854742
2019-04-04,fold_5,Low-vol plateau,-0.0019494545413181186,-1,-0.0018746902933344245,-1,0.0018746902933344245,0.1305462121963501,,,,1,18.746902933344245
2019-04-05,fold_5,Low-vol plateau,-0.00035750007373280823,-1,-0.0005610103835351765,-1,0.0005610103835351765,0.13118040561676025,,,,1,5.610103835351765
2019-04-08,fold_5,Low-vol plateau,0.003857444506138563,1,0.003286882070824504,1,0.003286882070824504,0.13489842414855957,,,,1,32.86882070824504
2019-04-09,fold_5,Low-vol plateau,0.00017858290812000632,1,0.000935124815441668,1,0.000935124815441668,0.13595962524414062,,,,1,9.35124815441668
2019-04-10,fold_5,Low-vol plateau,0.0015522296307608485,1,0.0008457988151349127,1,0.0008457988151349127,0.13692045211791992,,,,1,8.457988151349127
2019-04-11,fold_5,Low-vol plateau,-0.0022572821471840143,-1,-0.0013963867677375674,-1,0.0013963867677375674,0.13850808143615723,,,,1,13.963867677375674
2019-04-12,fold_5,Low-vol plateau,0.00263538071885705,1,0.003934172447770834,1,0.003934172447770834,0.14298713207244873,,,,1,39.34172447770834
2019-04-15,fold_5,Low-vol plateau,2.503056930436287e-05,1,-1.1282911145826802e-05,-1,-1.1282911145826802e-05,0.14297425746917725,,,,0,-0.11282911145826802
2019-04-16,fold_5,Low-vol plateau,-0.0006900876178406179,-1,-0.001760470331646502,-1,0.001760470331646502,0.14498639106750488,,,,1,17.60470331646502
2019-04-17,fold_5,Low-vol plateau,0.0009383488795720041,1,0.0010732508962973952,1,0.0010732508962973952,0.14621520042419434,,,,1,10.732508962973952
2019-04-18,fold_5,Low-vol plateau,-0.004198279231786728,-1,-0.005415794439613819,-1,0.005415794439613819,0.15242290496826172,,,,1,54.15794439613819
2019-04-22,fold_5,Low-vol plateau,0.0020014927722513676,1,0.0012835260713472962,1,0.0012835260713472962,0.1539020538330078,,,,1,12.835260713472962
2019-04-23,fold_5,Low-vol plateau,-0.0033987523056566715,-1,-0.0030754762701690197,-1,0.0030754762701690197,0.15745091438293457,,,,1,30.754762701690197
2019-04-24,fold_5,Low-vol plateau,-0.00515856733545661,-1,-0.006312881130725145,-1,0.006312881130725145,0.16475772857666016,,,,1,63.12881130725145
2019-04-25,fold_5,Low-vol plateau,-0.0006425667670555413,-1,-0.0014923748094588518,-1,0.0014923748094588518,0.16649603843688965,,,,1,14.923748094588518
2019-04-26,fold_5,Low-vol plateau,0.0025487649254500866,1,0.0012043117312714458,1,0.0012043117312714458,0.16790080070495605,,,,1,12.043117312714458
2019-05-07,fold_5,Low-vol plateau,-0.0014353942824527621,-1,-0.0009624563390389085,-1,0.0009624563390389085,0.16902494430541992,,,,1,9.624563390389085
2019-05-08,fold_5,Low-vol plateau,5.472175689646974e-05,1,0.0006494636763818562,1,0.0006494636763818562,0.16978418827056885,,,,1,6.494636763818562
2019-05-09,fold_5,Low-vol plateau,0.002742084674537182,1,0.0021209637634456158,1,0.0021209637634456158,0.17226529121398926,,,,1,21.209637634456158
2019-05-10,fold_5,Low-vol plateau,0.00044820961193181574,1,0.0012809962499886751,1,0.0012809962499886751,0.17376697063446045,,,,1,12.809962499886751
2019-05-13,fold_5,Low-vol plateau,-0.0012688933638855815,-1,-0.00034819229040294886,-1,0.00034819229040294886,0.17417573928833008,,,,1,3.4819229040294886
2019-05-14,fold_5,Low-vol plateau,-0.001439249492250383,-1,-0.002498582238331437,-1,0.002498582238331437,0.17710959911346436,,,,1,24.98582238331437
2019-05-15,fold_5,Low-vol plateau,-0.00026798801263794303,-1,0.0002465155557729304,1,-0.0002465155557729304,0.17681944370269775,,,,0,-2.465155557729304
2019-05-16,fold_5,Low-vol plateau,-0.0035230352077633142,-1,-0.00300564244389534,-1,0.00300564244389534,0.18035650253295898,,,,1,30.0564244389534
2019-05-17,fold_5,Low-vol plateau,-0.0020245248451828957,-1,-0.0007370057865045965,-1,0.0007370057865045965,0.18122637271881104,,,,1,7.370057865045965
2019-05-20,fold_5,Low-vol plateau,0.00034505873918533325,1,0.00029040739173069596,1,0.00029040739173069596,0.18156933784484863,,,,1,2.9040739173069596
2019-05-21,fold_5,Low-vol plateau,-0.0008117437828332186,-1,-0.0011713255662471056,-1,0.0011713255662471056,0.1829533576965332,,,,1,11.713255662471056
2019-05-23,fold_5,Low-vol plateau,0.0018249813001602888,1,0.002606033580377698,1,0.002606033580377698,0.18603622913360596,,,,1,26.06033580377698
2019-05-24,fold_5,Low-vol plateau,0.002466012490913272,1,0.002241884358227253,1,0.002241884358227253,0.18869519233703613,,,,1,22.41884358227253
2019-05-28,fold_5,Low-vol plateau,-0.004266307223588228,-1,-0.002066653920337558,-1,0.002066653920337558,0.19115173816680908,,,,1,20.666539203375578
2019-05-29,fold_5,Low-vol plateau,-0.0014130627969279885,-1,-0.0029847442638128996,-1,0.0029847442638128996,0.19470703601837158,,,,1,29.847442638128996
2019-05-30,fold_5,Low-vol plateau,-4.107580480194883e-06,-1,-0.0005565853207372129,-1,0.0005565853207372129,0.19537198543548584,,,,1,5.565853207372129
2019-05-31,fold_5,Low-vol plateau,0.003035652916878462,1,0.003855000250041485,1,0.003855000250041485,0.19998013973236084,,,,1,38.55000250041485
2019-06-03,fold_5,Low-vol plateau,0.005422596819698811,1,0.006466649007052183,1,0.006466649007052183,0.2077399492263794,,,,1,64.66649007052183
2019-06-04,fold_5,Low-vol plateau,0.0005093805375508964,1,0.0006865524337626994,1,0.0006865524337626994,0.20856904983520508,,,,1,6.865524337626994
2019-06-05,fold_5,Low-vol plateau,-0.0038234146777540445,-1,-0.002223382471129298,-1,0.002223382471129298,0.21125614643096924,,,,1,22.233824711292982
2019-06-06,fold_5,Low-vol plateau,0.0027664611116051674,1,0.004228744190186262,1,0.004228744190186262,0.21637821197509766,,,,1,42.28744190186262
2019-06-07,fold_5,Low-vol plateau,0.0037819785065948963,1,0.003871487220749259,1,0.003871487220749259,0.22108733654022217,,,,1,38.71487220749259
2019-06-10,fold_5,Low-vol plateau,-0.0013285011518746614,-1,-0.00018112821271643043,-1,0.00018112821271643043,0.22130846977233887,,,,1,1.8112821271643043
2019-06-11,fold_5,Low-vol plateau,0.0009452247759327292,1,0.001008287537842989,1,0.001008287537842989,0.22253990173339844,,,,1,10.08287537842989
2019-06-12,fold_5,Low-vol plateau,-0.003526958404108882,-1,-0.002993301022797823,-1,0.002993301022797823,0.22619938850402832,,,,1,29.93301022797823
2019-06-13,fold_5,Low-vol plateau,9.562985360389575e-05,1,-0.0013423121999949217,-1,-0.0013423121999949217,0.22455346584320068,,,,0,-13.423121999949217
2019-06-14,fold_5,Low-vol plateau,-0.0057266331277787685,-1,-0.005619735922664404,-1,0.005619735922664404,0.23143517971038818,,,,1,56.19735922664404
2019-06-17,fold_5,Low-vol plateau,0.00022906949743628502,1,0.0006733588525094092,1,0.0006733588525094092,0.23226439952850342,,,,1,6.733588525094092
2019-06-18,fold_5,Low-vol plateau,-0.0007901287754066288,-1,-0.0023515592329204082,-1,0.0023515592329204082,0.2351621389389038,,,,1,23.515592329204082
2019-06-19,fold_5,Low-vol plateau,0.005374674219638109,1,0.003596331924200058,1,0.003596331924200058,0.23960411548614502,,,,1,35.96331924200058
2019-06-20,fold_5,Low-vol plateau,0.004405602812767029,1,0.005082990508526564,1,0.005082990508526564,0.24590492248535156,,,,1,50.829905085265636
2019-06-21,fold_5,Low-vol plateau,0.003994889557361603,1,0.007889659143984318,1,0.007889659143984318,0.2557346820831299,,,,1,78.89659143984318
2019-06-24,fold_5,Low-vol plateau,0.002109593478962779,1,0.0013679296243935823,1,0.0013679296243935823,0.25745248794555664,,,,1,13.679296243935823
2019-06-25,fold_5,Low-vol plateau,-0.0017275592545047402,-1,-0.0026604935992509127,-1,0.0026604935992509127,0.26079797744750977,,,,1,26.604935992509127
2019-06-26,fold_5,Low-vol plateau,-0.0006658830097876489,-1,0.00042085087625309825,1,-0.00042085087625309825,0.26026737689971924,,,,0,-4.2085087625309825
2019-06-27,fold_5,Low-vol plateau,0.00015437141701113433,1,-0.0001591937179910019,-1,-0.0001591937179910019,0.2600667476654053,,,,0,-1.591937179910019
2019-06-28,fold_5,Low-vol plateau,0.0008628408540971577,1,-0.00070458889240399,-1,-0.00070458889240399,0.25917887687683105,,,,0,-7.0458889240399
2019-07-01,fold_5,Low-vol plateau,-0.005998388398438692,-1,-0.0068176812492311,-1,0.0068176812492311,0.267763614654541,,,,1,68.176812492311
2019-07-02,fold_5,Low-vol plateau,0.002020329935476184,1,0.0004969057627022266,1,0.0004969057627022266,0.26839351654052734,,,,1,4.969057627022266
2019-07-03,fold_5,Low-vol plateau,-0.00025924743385985494,-1,-0.00045158492866903543,-1,0.00045158492866903543,0.26896631717681885,,,,1,4.515849286690354
2019-07-05,fold_5,Low-vol plateau,-0.005096879322081804,-1,-0.005175866652280092,-1,0.005175866652280092,0.2755342721939087,,,,1,51.75866652280092
2019-07-08,fold_5,Low-vol plateau,-0.0006237323395907879,-1,-0.0010094279423356056,-1,0.0010094279423356056,0.2768218517303467,,,,1,10.094279423356056
2019-07-09,fold_5,Low-vol plateau,-0.0006485494668595493,-1,-0.0006948888185434043,-1,0.0006948888185434043,0.27770912647247314,,,,1,6.948888185434043
2019-07-10,fold_5,Low-vol plateau,0.0038602056447416544,1,0.004514812957495451,1,0.004514812957495451,0.283477783203125,,,,1,45.14812957495451
2019-07-11,fold_5,Low-vol plateau,-6.479467992903665e-05,-1,-0.0005738722975365818,-1,0.0005738722975365818,0.2842143774032593,,,,1,5.7387229753658175
2019-07-12,fold_5,Low-vol plateau,0.0031693801283836365,1,0.001747183850966394,1,0.001747183850966394,0.28645801544189453,,,,1,17.47183850966394
2019-07-16,fold_5,Low-vol plateau,-0.004640126600861549,-1,-0.004395125899463892,-1,0.004395125899463892,0.2921121120452881,,,,1,43.95125899463892
2019-07-17,fold_5,Low-vol plateau,0.002052939496934414,1,0.0015496194828301668,1,0.0015496194828301668,0.294114351272583,,,,1,15.496194828301668
2019-07-18,fold_5,Low-vol plateau,0.004400670528411865,1,0.0028379710856825113,1,0.0028379710856825113,0.297787070274353,,,,1,28.379710856825113
2019-07-19,fold_5,Low-vol plateau,-0.004776285029947758,-1,-0.003836731193587184,-1,0.003836731193587184,0.3027663230895996,,,,1,38.36731193587184
2019-07-22,fold_5,Low-vol plateau,-0.0006741012330166996,-1,-0.0010869659017771482,-1,0.0010869659017771482,0.30418241024017334,,,,1,10.869659017771482
2019-07-23,fold_5,Low-vol plateau,-0.004486306104809046,-1,-0.004895445425063372,-1,0.004895445425063372,0.3105670213699341,,,,1,48.95445425063372
2019-07-24,fold_5,Low-vol plateau,0.0001842286583269015,1,-0.0007910756976343691,-1,-0.0007910756976343691,0.30953025817871094,,,,0,-7.910756976343691
2019-07-25,fold_5,Low-vol plateau,-0.0017085566651076078,-1,0.0003343336284160614,1,-0.0003343336284160614,0.3090924024581909,,,,0,-3.343336284160614
2019-07-26,fold_5,Low-vol plateau,-0.0011552347568795085,-1,-0.0012578507885336876,-1,0.0012578507885336876,0.3107391595840454,,,,1,12.578507885336876
2019-07-29,fold_5,Low-vol plateau,-0.0006577036110684276,-1,0.000980583718046546,1,-0.000980583718046546,0.30945396423339844,,,,0,-9.80583718046546
2019-07-30,fold_5,Low-vol plateau,-0.00017761003982741386,-1,0.0013388646766543388,1,-0.0013388646766543388,0.30770087242126465,,,,0,-13.388646766543388
2019-07-31,fold_5,Low-vol plateau,-0.005142322275787592,-1,-0.007728002034127712,-1,0.007728002034127712,0.3178067207336426,,,,1,77.28002034127712
2019-08-01,fold_5,Low-vol plateau,0.0017909582238644361,1,0.0006425735191442072,1,0.0006425735191442072,0.3186534643173218,,,,1,6.425735191442072
2019-08-02,fold_5,Low-vol plateau,0.0023542866110801697,1,0.0026325583457946777,1,0.0026325583457946777,0.3221249580383301,,,,1,26.325583457946777
2019-08-05,fold_5,Low-vol plateau,0.006016670260578394,1,0.012222036719322205,1,0.012222036719322205,0.3382840156555176,,,,1,122.22036719322205
2019-08-06,fold_5,Low-vol plateau,-0.0020215706899762154,-1,-0.003272486152127385,-1,0.003272486152127385,0.34266364574432373,,,,1,32.72486152127385
2019-08-07,fold_5,Low-vol plateau,0.001024575438350439,1,-0.0002352914452785626,-1,-0.0002352914452785626,0.34234774112701416,,,,0,-2.352914452785626
2019-08-08,fold_5,Low-vol plateau,-0.0007161108660511672,-1,-0.0015326269203796983,-1,0.0015326269203796983,0.3444051742553711,,,,1,15.326269203796983
2019-08-09,fold_5,Low-vol plateau,0.0003029814688488841,1,0.0019053779542446136,1,0.0019053779542446136,0.3469667434692383,,,,1,19.053779542446136
2019-08-13,fold_5,Low-vol plateau,-0.0036110668443143368,-1,-0.0036772366147488356,-1,0.0036772366147488356,0.35191988945007324,,,,1,36.772366147488356
2019-08-14,fold_5,Low-vol plateau,-0.0014167360495775938,-1,-0.003019839758053422,-1,0.003019839758053422,0.35600244998931885,,,,1,30.19839758053422
2019-08-15,fold_5,Low-vol plateau,-0.0004458939656615257,-1,-0.0026672929525375366,-1,0.0026672929525375366,0.3596193790435791,,,,1,26.672929525375366
2019-08-16,fold_5,Low-vol plateau,0.0005211897660046816,1,-0.0017750132828950882,-1,-0.0017750132828950882,0.35720598697662354,,,,0,-17.750132828950882
2019-08-19,fold_5,Low-vol plateau,-0.0018366536824032664,-1,-0.0009641959914006293,-1,0.0009641959914006293,0.35851454734802246,,,,1,9.641959914006293
2019-08-20,fold_5,Low-vol plateau,0.001960448222234845,1,0.001320609007962048,1,0.001320609007962048,0.3603086471557617,,,,1,13.20609007962048
2019-08-21,fold_5,Low-vol plateau,-0.0006826556054875255,-1,-0.0006321496912278235,-1,0.0006321496912278235,0.36116862297058105,,,,1,6.321496912278235
2019-08-22,fold_5,Low-vol plateau,0.0015795157523825765,1,-0.0006096552242524922,-1,-0.0006096552242524922,0.36033880710601807,,,,0,-6.096552242524922
2019-08-23,fold_5,Low-vol plateau,0.005245628301054239,1,0.005326444748789072,1,0.005326444748789072,0.3675844669342041,,,,1,53.26444748789072
2019-08-26,fold_5,Low-vol plateau,-0.0038633921649307013,-1,-0.0035310082603245974,-1,0.0035310082603245974,0.37241339683532715,,,,1,35.310082603245974
2019-08-27,fold_5,Low-vol plateau,0.0011372218141332269,1,-0.0012309884186834097,-1,-0.0012309884186834097,0.3707239627838135,,,,0,-12.309884186834097
2019-08-28,fold_5,Low-vol plateau,-0.000948230444919318,-1,-0.0003769751638174057,-1,0.0003769751638174057,0.37124061584472656,,,,1,3.769751638174057
2019-08-29,fold_5,Low-vol plateau,-0.0036354230251163244,-1,-0.0021569994278252125,-1,0.0021569994278252125,0.374198317527771,,,,1,21.569994278252125
2019-08-30,fold_5,Low-vol plateau,-0.004058669786900282,-1,-0.0063423048704862595,-1,0.0063423048704862595,0.38291382789611816,,,,1,63.423048704862595
2019-09-03,fold_5,Low-vol plateau,-0.0006880506407469511,-1,0.0005487410235218704,1,-0.0005487410235218704,0.3821549415588379,,,,0,-5.487410235218704
2019-09-04,fold_5,Low-vol plateau,0.005865979008376598,1,0.005506451241672039,1,0.005506451241672039,0.3897656202316284,,,,1,55.06451241672039
2019-09-05,fold_5,Low-vol plateau,0.00017402177036274225,1,0.0001214242001879029,1,0.0001214242001879029,0.3899344205856323,,,,1,1.214242001879029
2019-09-06,fold_5,Low-vol plateau,0.000492627325002104,1,-0.0014217004645615816,-1,-0.0014217004645615816,0.3879584074020386,,,,0,-14.217004645615816
2019-09-09,fold_5,Low-vol plateau,0.0017252604011446238,1,0.002519046887755394,1,0.002519046887755394,0.39145469665527344,,,,1,25.19046887755394
2019-09-10,fold_5,Low-vol plateau,-0.00030069920467212796,-1,0.00017673612455837429,1,-0.00017673612455837429,0.3912087678909302,,,,0,-1.7673612455837429
2019-09-11,fold_5,Low-vol plateau,-0.0032518855296075344,-1,-0.003337112022563815,-1,0.003337112022563815,0.39585137367248535,,,,1,33.37112022563815
2019-09-12,fold_5,Low-vol plateau,0.004808118101209402,1,0.004069486167281866,1,0.004069486167281866,0.4015316963195801,,,,1,40.69486167281866
2019-09-13,fold_5,Low-vol plateau,1.707755473034922e-05,1,0.0022721209097653627,1,0.0022721209097653627,0.4047161340713501,,,,1,22.721209097653627
2019-09-17,fold_5,Low-vol plateau,0.004873885307461023,1,0.00624600937590003,1,0.00624600937590003,0.4134899377822876,,,,1,62.4600937590003
2019-09-18,fold_5,Low-vol plateau,-0.004099689889699221,-1,-0.003905115881934762,-1,0.003905115881934762,0.4190096855163574,,,,1,39.05115881934762
2019-09-19,fold_5,Low-vol plateau,0.0037098510656505823,1,0.001546817016787827,1,0.001546817016787827,0.42120468616485596,,,,1,15.46817016787827
2019-09-20,fold_5,Low-vol plateau,-0.0032605209853500128,-1,-0.0026665497571229935,-1,0.0026665497571229935,0.42499446868896484,,,,1,26.665497571229935
2019-09-24,fold_5,Low-vol plateau,0.002740239491686225,1,0.002104161074385047,1,0.002104161074385047,0.42799293994903564,,,,1,21.04161074385047
2019-09-25,fold_5,Low-vol plateau,-0.0060614631511271,-1,-0.005804941989481449,-1,0.005804941989481449,0.43628227710723877,,,,1,58.04941989481449
2019-09-26,fold_5,Low-vol plateau,-0.0017351483693346381,-1,-0.0027526237536221743,-1,0.0027526237536221743,0.44023585319519043,,,,1,27.526237536221743
2019-09-27,fold_5,Low-vol plateau,0.00034730747574940324,1,0.0018274149624630809,1,0.0018274149624630809,0.442867636680603,,,,1,18.27414962463081
2022-01-19,fold_6,EUR crisis downturn,0.001968240365386009,1,0.0012138050515204668,1,0.0012138050515204668,0.0012137889862060547,,,,1,12.138050515204668
2022-01-20,fold_6,EUR crisis downturn,-0.0022647117730230093,-1,-0.002613516291603446,-1,0.002613516291603446,0.003830552101135254,,,,1,26.13516291603446
2022-01-21,fold_6,EUR crisis downturn,0.0016641743713989854,1,0.0024497758131474257,1,0.0024497758131474257,0.00628972053527832,,,,1,24.497758131474257
2022-01-24,fold_6,EUR crisis downturn,-0.0035876126494258642,-1,-0.0015288135036826134,-1,0.0015288135036826134,0.007828235626220703,,,,1,15.288135036826134
2022-01-25,fold_6,EUR crisis downturn,-0.00044257985427975655,-1,-0.0017295886063948274,-1,0.0017295886063948274,0.009571433067321777,,,,1,17.295886063948274
2022-01-26,fold_6,EUR crisis downturn,-0.005230084992945194,-1,-0.005396849941462278,-1,0.005396849941462278,0.015019893646240234,,,,1,53.968499414622784
2022-01-27,fold_6,EUR crisis downturn,-0.007565892767161131,-1,-0.008583232760429382,-1,0.008583232760429382,0.02373194694519043,,,,1,85.83232760429382
2022-01-28,fold_6,EUR crisis downturn,-4.277236803318374e-05,-1,0.000479530863231048,1,-0.000479530863231048,0.023241043090820312,,,,0,-4.79530863231048
2022-01-31,fold_6,EUR crisis downturn,0.007299403659999371,1,0.0069287000223994255,1,0.0069287000223994255,0.030330777168273926,,,,1,69.28700022399426
2022-02-01,fold_6,EUR crisis downturn,0.0016642787959426641,1,0.0039458139799535275,1,0.0039458139799535275,0.03439629077911377,,,,1,39.458139799535275
2022-02-02,fold_6,EUR crisis downturn,0.004634436685591936,1,0.0023053139448165894,1,0.0023053139448165894,0.03678083419799805,,,,1,23.053139448165894
2022-02-03,fold_6,EUR crisis downturn,0.005128816235810518,1,0.012018885463476181,1,0.012018885463476181,0.04924178123474121,,,,1,120.18885463476181
2022-02-04,fold_6,EUR crisis downturn,-0.001174905919469893,-1,0.001695401151664555,1,-0.001695401151664555,0.04746294021606445,,,,0,-16.95401151664555
2022-02-07,fold_6,EUR crisis downturn,0.0006717971991747618,1,-0.0010641802800819278,-1,-0.0010641802800819278,0.0463482141494751,,,,0,-10.641802800819278
2022-02-08,fold_6,EUR crisis downturn,-0.0024003549478948116,-1,-0.0018959172302857041,-1,0.0018959172302857041,0.04833197593688965,,,,1,18.95917230285704
2022-02-09,fold_6,EUR crisis downturn,0.002083311090245843,1,2.275372389703989e-05,1,2.275372389703989e-05,0.048355817794799805,,,,1,0.2275372389703989
2022-02-10,fold_6,EUR crisis downturn,-0.0013753395760431886,-1,-0.0005249936948530376,-1,0.0005249936948530376,0.04890620708465576,,,,1,5.249936948530376
2022-02-14,fold_6,EUR crisis downturn,-0.003923582844436169,-1,-0.005166933406144381,-1,0.005166933406144381,0.05432581901550293,,,,1,51.669334061443806
2022-02-15,fold_6,EUR crisis downturn,0.004778273869305849,1,0.00446309894323349,1,0.00446309894323349,0.05903136730194092,,,,1,44.6309894323349
2022-02-16,fold_6,EUR crisis downturn,0.003173804609104991,1,0.0016266792081296444,1,0.0016266792081296444,0.06075417995452881,,,,1,16.266792081296444
2022-02-17,fold_6,EUR crisis downturn,-0.0019264136208221316,-1,-0.0007728770724497736,-1,0.0007728770724497736,0.06157398223876953,,,,1,7.7287707244977355
2022-02-18,fold_6,EUR crisis downturn,-0.00256839906796813,-1,-0.004334500525146723,-1,0.004334500525146723,0.06617534160614014,,,,1,43.34500525146723
2022-02-22,fold_6,EUR crisis downturn,-0.00034896592842414975,-1,0.001721999142318964,1,-0.001721999142318964,0.06433939933776855,,,,0,-17.21999142318964
2022-02-24,fold_6,EUR crisis downturn,-0.009823464788496494,-1,-0.010172287933528423,-1,0.010172287933528423,0.07516610622406006,,,,1,101.72287933528423
2022-02-25,fold_6,EUR crisis downturn,0.006213763263076544,1,-0.0008610449731349945,-1,-0.0008610449731349945,0.07424032688140869,,,,0,-8.610449731349945
2022-02-28,fold_6,EUR crisis downturn,-0.0009410041966475546,-1,0.00311812711879611,1,-0.00311812711879611,0.07089078426361084,,,,0,-31.1812711879611
2022-03-01,fold_6,EUR crisis downturn,-0.007994218729436398,-1,-0.007414391729980707,-1,0.007414391729980707,0.07883071899414062,,,,1,74.14391729980707
2022-03-02,fold_6,EUR crisis downturn,0.001578097348101437,1,-0.0018336334032937884,-1,-0.0018336334032937884,0.07685256004333496,,,,0,-18.336334032937884
2022-03-03,fold_6,EUR crisis downturn,-0.004732286557555199,-1,-0.004094634670764208,-1,0.004094634670764208,0.08126187324523926,,,,1,40.94634670764208
2022-03-04,fold_6,EUR crisis downturn,-0.009892142377793789,-1,-0.017377527430653572,-1,0.017377527430653572,0.10005152225494385,,,,1,173.77527430653572
2022-03-07,fold_6,EUR crisis downturn,-0.006338660605251789,-1,-0.0008476009825244546,-1,0.0008476009825244546,0.10098385810852051,,,,1,8.476009825244546
2022-03-08,fold_6,EUR crisis downturn,0.002876509679481387,1,0.0030297928024083376,1,0.0030297928024083376,0.10431969165802002,,,,1,30.297928024083376
2022-03-09,fold_6,EUR crisis downturn,0.012444685213267803,1,0.01611238159239292,1,0.01611238159239292,0.12211287021636963,,,,1,161.12381592392921
2022-03-10,fold_6,EUR crisis downturn,-0.00922621600329876,-1,-0.005407776217907667,-1,0.005407776217907667,0.1281810998916626,,,,1,54.07776217907667
2022-03-11,fold_6,EUR crisis downturn,-0.005858882796019316,-1,-0.007433895952999592,-1,0.007433895952999592,0.1365678310394287,,,,1,74.33895952999592
2022-03-14,fold_6,EUR crisis downturn,0.0007234757649712265,1,0.001017721719108522,1,0.001017721719108522,0.13772451877593994,,,,1,10.17721719108522
2022-03-15,fold_6,EUR crisis downturn,0.0013233124045655131,1,0.0023914421908557415,1,0.0023914421908557415,0.14044535160064697,,,,1,23.914421908557415
2022-03-16,fold_6,EUR crisis downturn,0.008544282987713814,1,0.004794404376298189,1,0.004794404376298189,0.1459130048751831,,,,1,47.94404376298189
2022-03-17,fold_6,EUR crisis downturn,0.002952868351712823,1,0.007037183735519648,1,0.007037183735519648,0.15397703647613525,,,,1,70.37183735519648
2022-03-18,fold_6,EUR crisis downturn,-0.0008747999672777951,-1,-0.005079824943095446,-1,0.005079824943095446,0.15983903408050537,,,,1,50.798249430954456
2022-03-22,fold_6,EUR crisis downturn,0.0016624175477772951,1,0.0011360200587660074,1,0.0011360200587660074,0.16115665435791016,,,,1,11.360200587660074
2022-03-23,fold_6,EUR crisis downturn,-0.0009639717172831297,-1,-0.0021242026705294847,-1,0.0021242026705294847,0.16362321376800537,,,,1,21.242026705294847
2022-03-24,fold_6,EUR crisis downturn,7.572004687972367e-05,1,0.00029731090762652457,1,0.00029731090762652457,0.16396915912628174,,,,1,2.9731090762652457
2022-03-25,fold_6,EUR crisis downturn,0.0003617526963353157,1,-0.00251486012712121,-1,-0.00251486012712121,0.1610419750213623,,,,0,-25.1486012712121
2022-03-28,fold_6,EUR crisis downturn,-0.002970689907670021,-1,0.001088330172933638,1,-0.001088330172933638,0.15977835655212402,,,,0,-10.883301729336381
2022-03-29,fold_6,EUR crisis downturn,0.008796640671789646,1,0.008884331211447716,1,0.008884331211447716,0.1700822114944458,,,,1,88.84331211447716
2022-03-30,fold_6,EUR crisis downturn,0.005068193655461073,1,0.006339906714856625,1,0.006339906714856625,0.17750036716461182,,,,1,63.399067148566246
2022-03-31,fold_6,EUR crisis downturn,-0.006160038523375988,-1,-0.00801636092364788,-1,0.00801636092364788,0.18693959712982178,,,,1,80.1636092364788
2022-04-01,fold_6,EUR crisis downturn,-0.0026014158502221107,-1,-0.0022647094447165728,-1,0.0022647094447165728,0.18962764739990234,,,,1,22.647094447165728
2022-04-04,fold_6,EUR crisis downturn,-0.002998808864504099,-1,-0.006464783102273941,-1,0.006464783102273941,0.197318434715271,,,,1,64.64783102273941
2022-04-05,fold_6,EUR crisis downturn,-0.005550450645387173,-1,-0.006325795315206051,-1,0.006325795315206051,0.20489251613616943,,,,1,63.25795315206051
2022-04-06,fold_6,EUR crisis downturn,-0.0007570485468022525,-1,-0.0007518871570937335,-1,0.0007518871570937335,0.20579838752746582,,,,1,7.5188715709373355
2022-04-07,fold_6,EUR crisis downturn,7.656194065930322e-05,1,-0.0030639569740742445,-1,-0.0030639569740742445,0.202103853225708,,,,0,-30.639569740742445
2022-04-08,fold_6,EUR crisis downturn,0.0003497453290037811,1,0.0018505415646359324,1,0.0018505415646359324,0.20432829856872559,,,,1,18.505415646359324
2022-04-11,fold_6,EUR crisis downturn,-0.0016860960749909282,-1,-0.0006418824777938426,-1,0.0006418824777938426,0.2051013708114624,,,,1,6.4188247779384255
2022-04-12,fold_6,EUR crisis downturn,-0.0031934771686792374,-1,-0.004763457924127579,-1,0.004763457924127579,0.21084189414978027,,,,1,47.63457924127579
2022-04-13,fold_6,EUR crisis downturn,0.005288641434162855,1,0.00650522205978632,1,0.00650522205978632,0.2187187671661377,,,,1,65.0522205978632
2022-04-14,fold_6,EUR crisis downturn,-0.00615490460768342,-1,-0.0069362265057861805,-1,0.0069362265057861805,0.22717201709747314,,,,1,69.3622650578618
2022-04-18,fold_6,EUR crisis downturn,-0.0038617539685219526,-1,-0.0030944086611270905,-1,0.0030944086611270905,0.23096942901611328,,,,1,30.944086611270905
2022-04-19,fold_6,EUR crisis downturn,-0.00011511497723404318,-1,0.0011765266535803676,1,-0.0011765266535803676,0.22952115535736084,,,,0,-11.765266535803676
2022-04-20,fold_6,EUR crisis downturn,0.006238758563995361,1,0.005132047925144434,1,0.005132047925144434,0.2358311414718628,,,,1,51.32047925144434
2022-04-21,fold_6,EUR crisis downturn,-0.0019000853644683957,-1,-0.0013543874956667423,-1,0.0013543874956667423,0.23750483989715576,,,,1,13.543874956667423
2022-04-22,fold_6,EUR crisis downturn,-0.005291599780321121,-1,-0.0022270376794040203,-1,0.0022270376794040203,0.24026083946228027,,,,1,22.270376794040203
2022-04-25,fold_6,EUR crisis downturn,-0.0049768732860684395,-1,-0.008957143872976303,-1,0.008957143872976303,0.25137007236480713,,,,1,89.57143872976303
2022-04-26,fold_6,EUR crisis downturn,-0.004452537279576063,-1,-0.006588426884263754,-1,0.006588426884263754,0.2596147060394287,,,,1,65.88426884263754
2022-04-27,fold_6,EUR crisis downturn,-0.005306252744048834,-1,-0.008317396976053715,-1,0.008317396976053715,0.2700914144515991,,,,1,83.17396976053715
2022-04-28,fold_6,EUR crisis downturn,-0.005870290566235781,-1,-0.004821411799639463,-1,0.004821411799639463,0.2762150764465332,,,,1,48.214117996394634
2022-05-02,fold_6,EUR crisis downturn,-0.006519408896565437,-1,-0.002553798258304596,-1,0.002553798258304596,0.27947425842285156,,,,1,25.53798258304596
2022-05-06,fold_6,EUR crisis downturn,0.0013212913181632757,1,-0.0007161782123148441,-1,-0.0007161782123148441,0.27855801582336426,,,,0,-7.161782123148441
2022-05-09,fold_6,EUR crisis downturn,0.00019969005370512605,1,0.003190816380083561,1,0.003190816380083561,0.28263771533966064,,,,1,31.90816380083561
2022-05-10,fold_6,EUR crisis downturn,-0.002785079414024949,-1,-0.0031072180718183517,-1,0.0031072180718183517,0.28662312030792236,,,,1,31.072180718183517
2022-05-11,fold_6,EUR crisis downturn,0.0012550263199955225,1,-0.0019448387902230024,-1,-0.0019448387902230024,0.2841207981109619,,,,0,-19.448387902230024
2022-05-12,fold_6,EUR crisis downturn,-0.007556117605417967,-1,-0.0126422718167305,-1,0.0126422718167305,0.3003549575805664,,,,1,126.42271816730499
2022-05-13,fold_6,EUR crisis downturn,0.005148029886186123,1,0.002028132788836956,1,0.002028132788836956,0.30299222469329834,,,,1,20.28132788836956
2022-05-16,fold_6,EUR crisis downturn,0.0038566363509744406,1,0.003684947732836008,1,0.003684947732836008,0.3077937364578247,,,,1,36.84947732836008
2022-05-17,fold_6,EUR crisis downturn,0.009639578871428967,1,0.01043185405433178,1,0.01043185405433178,0.3214365243911743,,,,1,104.3185405433178
2022-05-18,fold_6,EUR crisis downturn,-0.005466573406010866,-1,-0.007121461909264326,-1,0.007121461909264326,0.33084702491760254,,,,1,71.21461909264326
2022-05-19,fold_6,EUR crisis downturn,0.009992452338337898,1,0.010145164094865322,1,0.010145164094865322,0.344348669052124,,,,1,101.45164094865322
2022-05-20,fold_6,EUR crisis downturn,-0.004522368777543306,-1,-0.000866660091560334,-1,0.000866660091560334,0.3455137014389038,,,,1,8.66660091560334
2022-05-23,fold_6,EUR crisis downturn,0.008503777906298637,1,0.010617928579449654,1,0.010617928579449654,0.3598003387451172,,,,1,106.17928579449654
2022-05-24,fold_6,EUR crisis downturn,0.0011190149234607816,1,0.005099795293062925,1,0.005099795293062925,0.36673498153686523,,,,1,50.99795293062925
2022-05-25,fold_6,EUR crisis downturn,-0.0026420208159834146,-1,-0.004648668225854635,-1,0.004648668225854635,0.3730884790420532,,,,1,46.48668225854635
2022-05-26,fold_6,EUR crisis downturn,0.0022934828884899616,1,0.004336175508797169,1,0.004336175508797169,0.379042387008667,,,,1,43.36175508797169
2022-05-27,fold_6,EUR crisis downturn,0.000907430425286293,1,-0.0001395020226482302,-1,-0.0001395020226482302,0.3788501024246216,,,,0,-1.395020226482302
2022-05-31,fold_6,EUR crisis downturn,-0.002057420089840889,-1,-0.0036603042390197515,-1,0.0036603042390197515,0.38389718532562256,,,,1,36.603042390197515
2022-06-01,fold_6,EUR crisis downturn,-0.005467020440846682,-1,-0.007447231560945511,-1,0.007447231560945511,0.39420342445373535,,,,1,74.47231560945511
2022-06-02,fold_6,EUR crisis downturn,0.008515122346580029,1,0.009095413610339165,1,0.009095413610339165,0.4068843126296997,,,,1,90.95413610339165
2022-06-03,fold_6,EUR crisis downturn,-0.0048925746232271194,-1,-0.0023275099229067564,-1,0.0023275099229067564,0.4101588726043701,,,,1,23.275099229067564
2022-06-06,fold_6,EUR crisis downturn,-0.0029718780424445868,-1,-0.003228839486837387,-1,0.003228839486837387,0.41471195220947266,,,,1,32.28839486837387
2022-06-07,fold_6,EUR crisis downturn,0.001246045809239149,1,0.0006740176468156278,1,0.0006740176468156278,0.41566550731658936,,,,1,6.740176468156278
2022-06-08,fold_6,EUR crisis downturn,-0.0024001572746783495,-1,0.0017791216960176826,1,-0.0017791216960176826,0.41314685344696045,,,,0,-17.791216960176826
2022-06-09,fold_6,EUR crisis downturn,-0.0072312424890697,-1,-0.009185684844851494,-1,0.009185684844851494,0.426127552986145,,,,1,91.85684844851494
2022-06-10,fold_6,EUR crisis downturn,-0.00781484879553318,-1,-0.012168340384960175,-1,0.012168340384960175,0.44348108768463135,,,,1,121.68340384960175
2022-06-13,fold_6,EUR crisis downturn,-0.00534257385879755,-1,-0.0071343835443258286,-1,0.0071343835443258286,0.4537794589996338,,,,1,71.34383544325829
2022-06-14,fold_6,EUR crisis downturn,-0.004394105635583401,-1,0.0024430977646261454,1,-0.0024430977646261454,0.4502277374267578,,,,0,-24.430977646261454
2022-06-15,fold_6,EUR crisis downturn,0.0031249849125742912,1,0.0014952836791053414,1,0.0014952836791053414,0.4523961544036865,,,,1,14.952836791053414
2022-06-16,fold_6,EUR crisis downturn,0.010493313893675804,1,0.00866952445358038,1,0.00866952445358038,0.46498775482177734,,,,1,86.6952445358038
2022-06-17,fold_6,EUR crisis downturn,-0.008147137239575386,-1,-0.005256267264485359,-1,0.005256267264485359,0.4726881980895996,,,,1,52.56267264485359
2022-06-21,fold_6,EUR crisis downturn,0.0008982847211882472,1,0.001126965624280274,1,0.001126965624280274,0.47434794902801514,,,,1,11.26965624280274
2022-06-22,fold_6,EUR crisis downturn,0.001675381907261908,1,0.0029896728228777647,1,0.0029896728228777647,0.4787557125091553,,,,1,29.896728228777647
2022-06-23,fold_6,EUR crisis downturn,-0.0028272971976548433,-1,-0.004165956750512123,-1,0.004165956750512123,0.48491621017456055,,,,1,41.65956750512123
2022-06-24,fold_6,EUR crisis downturn,0.00394890271127224,1,0.004374321084469557,1,0.004374321084469557,0.4914116859436035,,,,1,43.74321084469557
2022-06-27,fold_6,EUR crisis downturn,0.001819087890908122,1,0.0013967370614409447,1,0.0013967370614409447,0.4934948682785034,,,,1,13.967370614409447
2022-06-28,fold_6,EUR crisis downturn,-0.005238842219114304,-1,-0.0054197353310883045,-1,0.0054197353310883045,0.5015891790390015,,,,1,54.197353310883045
2022-06-29,fold_6,EUR crisis downturn,-0.004125136882066727,-1,-0.007312588859349489,-1,0.007312588859349489,0.5125695466995239,,,,1,73.12588859349489
2022-06-30,fold_6,EUR crisis downturn,0.004730957094579935,1,0.0029757271986454725,1,0.0029757271986454725,0.5170705318450928,,,,1,29.757271986454725
2022-07-01,fold_6,EUR crisis downturn,-0.003977482207119465,-1,-0.0041735912673175335,-1,0.0041735912673175335,0.523402214050293,,,,1,41.735912673175335
2022-07-05,fold_6,EUR crisis downturn,-0.012429852969944477,-1,-0.01682257279753685,-1,0.01682257279753685,0.5490297079086304,,,,1,168.2257279753685
2022-07-06,fold_6,EUR crisis downturn,-0.005423732101917267,-1,-0.006947201211005449,-1,0.006947201211005449,0.559791088104248,,,,1,69.4720121100545
2022-07-07,fold_6,EUR crisis downturn,0.0006743855774402618,1,-0.0016271539498120546,-1,-0.0016271539498120546,0.5572531223297119,,,,0,-16.271539498120546
2022-07-08,fold_6,EUR crisis downturn,0.0017087954329326749,1,-0.0003659561334643513,-1,-0.0003659561334643513,0.5566831827163696,,,,0,-3.659561334643513
2022-07-11,fold_6,EUR crisis downturn,-0.007600857876241207,-1,-0.01166516449302435,-1,0.01166516449302435,0.574842095375061,,,,1,116.65164493024349
2022-07-12,fold_6,EUR crisis downturn,-0.0001391079422319308,-1,-0.0014347791438922286,-1,0.0014347791438922286,0.5771017074584961,,,,1,14.347791438922286
2022-07-13,fold_6,EUR crisis downturn,0.0015335115604102612,1,-4.015977538074367e-05,-1,-4.015977538074367e-05,0.5770384073257446,,,,0,-0.4015977538074367
2022-07-14,fold_6,EUR crisis downturn,-0.005156251136213541,-1,-0.0007017548778094351,-1,0.0007017548778094351,0.5781451463699341,,,,1,7.017548778094351
2022-07-15,fold_6,EUR crisis downturn,0.005188963375985622,1,0.007047208957374096,1,0.007047208957374096,0.5892666578292847,,,,1,70.47208957374096
2022-07-19,fold_6,EUR crisis downturn,0.006958708167076111,1,0.008491970598697662,1,0.008491970598697662,0.6027626991271973,,,,1,84.91970598697662
2022-07-20,fold_6,EUR crisis downturn,-0.0042277234606444836,-1,-0.004745147656649351,-1,0.004745147656649351,0.610368013381958,,,,1,47.45147656649351
2022-07-21,fold_6,EUR crisis downturn,0.0027040548156946898,1,0.00376132526434958,1,0.00376132526434958,0.6164250373840332,,,,1,37.6132526434958
2022-07-22,fold_6,EUR crisis downturn,0.001995702739804983,1,-0.002039989223703742,-1,-0.002039989223703742,0.613127589225769,,,,0,-20.39989223703742
2022-07-25,fold_6,EUR crisis downturn,0.0036223928909748793,1,0.0024232829455286264,1,0.0024232829455286264,0.6170367002487183,,,,1,24.232829455286264
2022-07-26,fold_6,EUR crisis downturn,-0.0064757573418319225,-1,-0.009329265914857388,-1,0.009329265914857388,0.6321225166320801,,,,1,93.29265914857388
2022-07-27,fold_6,EUR crisis downturn,0.008205907419323921,1,0.007871334441006184,1,0.007871334441006184,0.6449695825576782,,,,1,78.71334441006184
2022-07-28,fold_6,EUR crisis downturn,0.0011638773139566183,1,-0.0016614561900496483,-1,-0.0016614561900496483,0.6422364711761475,,,,0,-16.614561900496483
2022-07-29,fold_6,EUR crisis downturn,0.00486162630841136,1,0.001561881392262876,1,0.001561881392262876,0.6448014974594116,,,,1,15.61881392262876
2022-08-01,fold_6,EUR crisis downturn,0.003729578573256731,1,0.005202550906687975,1,0.005202550906687975,0.6533585786819458,,,,1,52.02550906687975
2022-08-02,fold_6,EUR crisis downturn,-0.007199297659099102,-1,-0.010297809727489948,-1,0.010297809727489948,0.6703845262527466,,,,1,102.97809727489948
2022-08-03,fold_6,EUR crisis downturn,-0.002008367097005248,-1,0.00019285830785520375,1,-0.00019285830785520375,0.6700623035430908,,,,0,-1.9285830785520375
2022-08-04,fold_6,EUR crisis downturn,0.006932069547474384,1,0.008874700404703617,1,0.008874700404703617,0.6848834753036499,,,,1,88.74700404703617
2022-08-05,fold_6,EUR crisis downturn,-0.006835463456809521,-1,-0.007506103254854679,-1,0.007506103254854679,0.6975303888320923,,,,1,75.06103254854679
2022-08-08,fold_6,EUR crisis downturn,0.0017489680321887136,1,0.002630935749039054,1,0.002630935749039054,0.7019964456558228,,,,1,26.30935749039054
2022-08-09,fold_6,EUR crisis downturn,0.00023774370492901653,1,0.001031049294397235,1,0.001031049294397235,0.7037513256072998,,,,1,10.31049294397235
2022-08-10,fold_6,EUR crisis downturn,0.011847221292555332,1,0.00907498225569725,1,0.00907498225569725,0.7192127704620361,,,,1,90.7498225569725
2022-08-12,fold_6,EUR crisis downturn,-0.0052144089713692665,-1,-0.005846230313181877,-1,0.005846230313181877,0.7292637825012207,,,,1,58.46230313181877
2022-08-15,fold_6,EUR crisis downturn,-0.0061559658497571945,-1,-0.009206736460328102,-1,0.009206736460328102,0.7451847791671753,,,,1,92.06736460328102
2022-08-16,fold_6,EUR crisis downturn,0.0009080280433408916,1,0.0008543621515855193,1,0.0008543621515855193,0.7466758489608765,,,,1,8.543621515855193
2022-08-17,fold_6,EUR crisis downturn,-0.0009918846189975739,-1,0.000936616794206202,1,-0.000936616794206202,0.7450398206710815,,,,0,-9.36616794206202
2022-08-18,fold_6,EUR crisis downturn,-0.006632539443671703,-1,-0.00886909943073988,-1,0.00886909943073988,0.7605166435241699,,,,1,88.6909943073988
2022-08-19,fold_6,EUR crisis downturn,-0.006003754213452339,-1,-0.005418936721980572,-1,0.005418936721980572,0.7700567245483398,,,,1,54.18936721980572
2022-08-22,fold_6,EUR crisis downturn,-0.007128697354346514,-1,-0.009541994892060757,-1,0.009541994892060757,0.7869465351104736,,,,1,95.41994892060757
2022-08-23,fold_6,EUR crisis downturn,0.004567112773656845,1,0.0027609101962298155,1,0.0027609101962298155,0.7918801307678223,,,,1,27.609101962298155
2022-08-24,fold_6,EUR crisis downturn,-0.0005617004935629666,-1,0.00021929587819613516,1,-0.00021929587819613516,0.7914872169494629,,,,0,-2.1929587819613516
2022-08-25,fold_6,EUR crisis downturn,0.002642550738528371,1,0.00021942718012724072,1,0.00021942718012724072,0.7918803691864014,,,,1,2.194271801272407
2022-08-26,fold_6,EUR crisis downturn,-0.004691642709076405,-1,-0.0032698833383619785,-1,0.0032698833383619785,0.7977396249771118,,,,1,32.698833383619785
2022-08-29,fold_6,EUR crisis downturn,0.0004116401541978121,1,0.00758057227358222,1,0.00758057227358222,0.811367392539978,,,,1,75.8057227358222
2022-08-30,fold_6,EUR crisis downturn,9.534650598652661e-05,1,0.0011028088629245758,1,0.0011028088629245758,0.8133649826049805,,,,1,11.028088629245758
2022-08-31,fold_6,EUR crisis downturn,0.0007200200343504548,1,0.001395423780195415,1,0.001395423780195415,0.8158954381942749,,,,1,13.95423780195415
2022-09-01,fold_6,EUR crisis downturn,-0.007304959464818239,-1,-0.008638561703264713,-1,0.008638561703264713,0.8315823078155518,,,,1,86.38561703264713
2022-09-02,fold_6,EUR crisis downturn,0.0016268586041405797,1,-0.004310653544962406,-1,-0.004310653544962406,0.823686957359314,,,,0,-43.10653544962406
2022-09-06,fold_6,EUR crisis downturn,-0.0065012467093765736,-1,-0.005453890655189753,-1,0.005453890655189753,0.833633303642273,,,,1,54.538906551897526
2022-09-07,fold_6,EUR crisis downturn,0.0031580841168761253,1,0.009875823743641376,1,0.009875823743641376,0.8517419099807739,,,,1,98.75823743641376
2022-09-08,fold_6,EUR crisis downturn,0.0009622765937820077,1,0.0016320209251716733,1,0.0016320209251716733,0.8547638654708862,,,,1,16.320209251716733
2022-09-09,fold_6,EUR crisis downturn,0.007672903593629599,1,0.00593199860304594,1,0.00593199860304594,0.8657662868499756,,,,1,59.319986030459404
2022-09-12,fold_6,EUR crisis downturn,0.00575282983481884,1,0.005773918703198433,1,0.005773918703198433,0.8765389919281006,,,,1,57.73918703198433
2022-09-13,fold_6,EUR crisis downturn,-0.013191059231758118,-1,-0.014563821256160736,-1,0.014563821256160736,0.903868556022644,,,,1,145.63821256160736
2022-09-14,fold_6,EUR crisis downturn,0.0028693529311567545,1,0.00019961698853876442,1,0.00019961698853876442,0.9042487144470215,,,,1,1.9961698853876442
2022-09-15,fold_6,EUR crisis downturn,-0.0016911142738536,-1,0.0004294819082133472,1,-0.0004294819082133472,0.9034308195114136,,,,0,-4.294819082133472
2022-09-16,fold_6,EUR crisis downturn,-0.00015627509856130928,-1,0.0034075863659381866,1,-0.0034075863659381866,0.8969446420669556,,,,0,-34.07586365938187
2022-09-20,fold_6,EUR crisis downturn,-0.004665526561439037,-1,-0.005862889811396599,-1,0.005862889811396599,0.9080661535263062,,,,1,58.62889811396599
2022-09-21,fold_6,EUR crisis downturn,-0.0038778248708695173,-1,-0.014048072509467602,-1,0.014048072509467602,0.9348708391189575,,,,1,140.48072509467602
2022-09-22,fold_6,EUR crisis downturn,-0.00472161965444684,-1,0.0011022116523236036,1,-0.0011022116523236036,0.932738184928894,,,,0,-11.022116523236036
2022-09-26,fold_6,EUR crisis downturn,-0.007103262934833765,-1,-0.006832936313003302,-1,0.006832936313003302,0.9459445476531982,,,,1,68.32936313003302
2022-09-27,fold_6,EUR crisis downturn,0.00057129847118631,1,-0.002859671600162983,-1,-0.002859671600162983,0.9403798580169678,,,,0,-28.59671600162983
2022-09-28,fold_6,EUR crisis downturn,0.011886106804013252,1,0.011669258587062359,1,0.011669258587062359,0.9630227088928223,,,,1,116.69258587062359
2022-09-29,fold_6,EUR crisis downturn,0.00380114559084177,1,0.012503246776759624,1,0.012503246776759624,0.9875669479370117,,,,1,125.03246776759624
2025-01-22,fold_7,Recent mixed/upturn,-0.00036868330789729953,-1,0.00040599689236842096,1,-0.00040599689236842096,-0.00040596723556518555,,,,0,-4.05996892368421
2025-01-23,fold_7,Recent mixed/upturn,0.0018029413186013699,1,0.0005624851328320801,1,0.0005624851328320801,0.00015628337860107422,,,,1,5.624851328320801
2025-01-24,fold_7,Recent mixed/upturn,0.005489984527230263,1,0.00495113804936409,1,0.00495113804936409,0.0051081180572509766,,,,1,49.5113804936409
2025-01-27,fold_7,Recent mixed/upturn,0.0007729782955721021,1,-0.0021516145206987858,-1,-0.0021516145206987858,0.002945542335510254,,,,0,-21.516145206987858
2025-01-28,fold_7,Recent mixed/upturn,-0.003079887479543686,-1,-0.001533105387352407,-1,0.001533105387352407,0.004483222961425781,,,,1,15.33105387352407
2025-01-29,fold_7,Recent mixed/upturn,-0.0008685756474733353,-1,-0.0003648616257123649,-1,0.0003648616257123649,0.004849791526794434,,,,1,3.648616257123649
2025-01-30,fold_7,Recent mixed/upturn,0.002989636268466711,1,-0.0026825745590031147,-1,-0.0026825745590031147,0.002154231071472168,,,,0,-26.825745590031147
2025-01-31,fold_7,Recent mixed/upturn,-0.005010182503610849,-1,-0.014377536252140999,-1,0.014377536252140999,0.016562819480895996,,,,1,143.77536252141
2025-02-03,fold_7,Recent mixed/upturn,-0.005356749054044485,-1,0.0077662100084125996,1,-0.0077662100084125996,0.008667945861816406,,,,0,-77.662100084126
2025-02-04,fold_7,Recent mixed/upturn,0.008184191770851612,1,0.004398011602461338,1,0.004398011602461338,0.013104081153869629,,,,1,43.98011602461338
2025-02-05,fold_7,Recent mixed/upturn,0.0038020736537873745,1,0.002704183105379343,1,0.002704183105379343,0.015843629837036133,,,,1,27.04183105379343
2025-02-06,fold_7,Recent mixed/upturn,-0.0005177492857910693,-1,-0.0014540054835379124,-1,0.0014540054835379124,0.017320632934570312,,,,1,14.540054835379124
2025-02-07,fold_7,Recent mixed/upturn,-0.003915353678166866,-1,-0.007135644089430571,-1,0.007135644089430571,0.024579882621765137,,,,1,71.3564408943057
2025-02-10,fold_7,Recent mixed/upturn,-0.0014076563529670238,-1,-0.0009786115260794759,-1,0.0009786115260794759,0.025582551956176758,,,,1,9.786115260794759
2025-02-12,fold_7,Recent mixed/upturn,0.00024850701447576284,1,0.002608470618724823,1,0.002608470618724823,0.02825772762298584,,,,1,26.08470618724823
2025-02-13,fold_7,Recent mixed/upturn,0.006059054285287857,1,0.006705875508487225,1,0.006705875508487225,0.03515315055847168,,,,1,67.05875508487225
2025-02-14,fold_7,Recent mixed/upturn,0.006487450562417507,1,0.002632782096043229,1,0.002632782096043229,0.03787839412689209,,,,1,26.32782096043229
2025-02-18,fold_7,Recent mixed/upturn,-0.003925257828086615,-1,-0.00353158637881279,-1,0.00353158637881279,0.04154372215270996,,,,1,35.3158637881279
2025-02-19,fold_7,Recent mixed/upturn,0.00016749724454712123,1,-0.002615605480968952,-1,-0.002615605480968952,0.03881943225860596,,,,0,-26.156054809689522
2025-02-20,fold_7,Recent mixed/upturn,0.007482149638235569,1,0.007633917964994907,1,0.007633917964994907,0.04674971103668213,,,,1,76.33917964994907
2025-02-21,fold_7,Recent mixed/upturn,-0.00323395780287683,-1,-0.0024511523079127073,-1,0.0024511523079127073,0.049315452575683594,,,,1,24.511523079127073
2025-02-25,fold_7,Recent mixed/upturn,0.0028391110245138407,1,0.005998783744871616,1,0.005998783744871616,0.055610060691833496,,,,1,59.987837448716164
2025-02-26,fold_7,Recent mixed/upturn,-0.0011358140036463737,-1,-0.0033563824836164713,-1,0.0033563824836164713,0.059153079986572266,,,,1,33.56382483616471
2025-02-27,fold_7,Recent mixed/upturn,-0.00574223417788744,-1,-0.008929464034736156,-1,0.008929464034736156,0.0686107873916626,,,,1,89.29464034736156
2025-02-28,fold_7,Recent mixed/upturn,-0.0026869371067732573,-1,0.0018017083639279008,1,-0.0018017083639279008,0.06668543815612793,,,,0,-18.017083639279008
2025-03-03,fold_7,Recent mixed/upturn,0.007515696343034506,1,0.006836147513240576,1,0.006836147513240576,0.07397747039794922,,,,1,68.36147513240576
2025-03-04,fold_7,Recent mixed/upturn,0.008243069052696228,1,0.013538874685764313,1,0.013538874685764313,0.08851790428161621,,,,1,135.38874685764313
2025-03-05,fold_7,Recent mixed/upturn,-0.002570538083091378,-1,0.015803681686520576,1,-0.015803681686520576,0.07131528854370117,,,,0,-158.03681686520576
2025-03-06,fold_7,Recent mixed/upturn,0.005932429805397987,1,-0.0006472344393841922,-1,-0.0006472344393841922,0.07062184810638428,,,,0,-6.472344393841922
2025-03-07,fold_7,Recent mixed/upturn,0.0030070410575717688,1,0.006733564659953117,1,0.006733564659953117,0.07783091068267822,,,,1,67.33564659953117
2025-03-10,fold_7,Recent mixed/upturn,-0.00242891744710505,-1,-0.0019510398851707578,-1,0.0019510398851707578,0.07993388175964355,,,,1,19.510398851707578
2025-03-11,fold_7,Recent mixed/upturn,0.005281334277242422,1,0.006897692568600178,1,0.006897692568600178,0.08738291263580322,,,,1,68.97692568600178
2025-03-12,fold_7,Recent mixed/upturn,-0.0016414598794654012,-1,-0.002558252075687051,-1,0.002558252075687051,0.0901646614074707,,,,1,25.582520756870508
2025-03-13,fold_7,Recent mixed/upturn,-0.0019034264842048287,-1,-0.0028116365429013968,-1,0.0028116365429013968,0.09322988986968994,,,,1,28.116365429013968
2025-03-14,fold_7,Recent mixed/upturn,0.0020135845988988876,1,0.002361313672736287,1,0.002361313672736287,0.09581136703491211,,,,1,23.61313672736287
2025-03-17,fold_7,Recent mixed/upturn,0.00370555417612195,1,0.003483176464214921,1,0.003483176464214921,0.09962832927703857,,,,1,34.83176464214921
2025-03-18,fold_7,Recent mixed/upturn,0.0009577956516295671,1,0.0018596742302179337,1,0.0018596742302179337,0.10167324542999268,,,,1,18.596742302179337
2025-03-19,fold_7,Recent mixed/upturn,-0.0010480241617187858,-1,-0.0025206219870597124,-1,0.0025206219870597124,0.10445022583007812,,,,1,25.206219870597124
2025-03-21,fold_7,Recent mixed/upturn,-0.0014874786138534546,-1,-0.0019287904724478722,-1,0.0019287904724478722,0.10658049583435059,,,,1,19.28790472447872
2025-03-24,fold_7,Recent mixed/upturn,-0.000715138332452625,-1,-0.0029709464870393276,-1,0.0029709464870393276,0.10986804962158203,,,,1,29.709464870393276
2025-03-25,fold_7,Recent mixed/upturn,0.0010427141096442938,1,-0.001488630659878254,-1,-0.001488630659878254,0.10821592807769775,,,,0,-14.88630659878254
2025-03-26,fold_7,Recent mixed/upturn,-0.003519265213981271,-1,-0.0042109801433980465,-1,0.0042109801433980465,0.11288261413574219,,,,1,42.109801433980465
2025-03-27,fold_7,Recent mixed/upturn,0.006016375031322241,1,0.0054869032464921474,1,0.0054869032464921474,0.11898887157440186,,,,1,54.869032464921474
2025-03-28,fold_7,Recent mixed/upturn,0.0004564937553368509,1,0.002121507888659835,1,0.002121507888659835,0.12136280536651611,,,,1,21.21507888659835
2025-03-31,fold_7,Recent mixed/upturn,-0.0011060782708227634,-1,-0.0004652105853892863,-1,0.0004652105853892863,0.12188446521759033,,,,1,4.652105853892863
2025-04-01,fold_7,Recent mixed/upturn,0.0002878661616705358,1,-0.0021160184405744076,-1,-0.0021160184405744076,0.11951053142547607,,,,0,-21.160184405744076
2025-04-02,fold_7,Recent mixed/upturn,0.0048181344754993916,1,0.010439658537507057,1,0.010439658537507057,0.13119781017303467,,,,1,104.39658537507057
2025-04-03,fold_7,Recent mixed/upturn,0.010039620101451874,1,0.012380016967654228,1,0.012380016967654228,0.14520204067230225,,,,1,123.80016967654228
2025-04-04,fold_7,Recent mixed/upturn,-0.009111509658396244,-1,-0.0053604403510689735,-1,0.0053604403510689735,0.15134084224700928,,,,1,53.604403510689735
2025-04-07,fold_7,Recent mixed/upturn,-0.002334043849259615,-1,-0.006298223044723272,-1,0.006298223044723272,0.15859222412109375,,,,1,62.98223044723272
2025-04-08,fold_7,Recent mixed/upturn,0.002603621454909444,1,0.005962451454252005,1,0.005962451454252005,0.16550028324127197,,,,1,59.624514542520046
2025-04-09,fold_7,Recent mixed/upturn,0.0008742265054024756,1,-0.0025847177021205425,-1,-0.0025847177021205425,0.16248786449432373,,,,0,-25.847177021205425
2025-04-10,fold_7,Recent mixed/upturn,0.012321025133132935,1,0.027919435873627663,1,0.027919435873627663,0.19494378566741943,,,,1,279.1943587362766
2025-04-11,fold_7,Recent mixed/upturn,0.0053758942522108555,1,0.00757727911695838,1,0.00757727911695838,0.20399820804595947,,,,1,75.7727911695838
2025-04-14,fold_7,Recent mixed/upturn,0.0023033993784338236,1,-0.00030624307692050934,-1,-0.00030624307692050934,0.2036294937133789,,,,0,-3.0624307692050934
2025-04-15,fold_7,Recent mixed/upturn,-0.006173137109726667,-1,-0.00414437847211957,-1,0.00414437847211957,0.20861780643463135,,,,1,41.4437847211957
2025-04-16,fold_7,Recent mixed/upturn,0.0061757806688547134,1,0.00922001339495182,1,0.00922001339495182,0.21976125240325928,,,,1,92.2001339495182
2025-04-17,fold_7,Recent mixed/upturn,-0.0002656432625371963,-1,0.01017727330327034,1,-0.01017727330327034,0.20734739303588867,,,,0,-101.7727330327034
2025-04-22,fold_7,Recent mixed/upturn,-0.007923582568764687,-1,-0.01403016597032547,-1,0.01403016597032547,0.22428679466247559,,,,1,140.3016597032547
2025-04-23,fold_7,Recent mixed/upturn,-0.004045871552079916,-1,-0.0021068835631012917,-1,0.0021068835631012917,0.2268662452697754,,,,1,21.068835631012917
2025-04-24,fold_7,Recent mixed/upturn,0.002697024494409561,1,0.003934726119041443,1,0.003934726119041443,0.23169362545013428,,,,1,39.34726119041443
2025-04-25,fold_7,Recent mixed/upturn,-0.002096362877637148,-1,-0.002529496792703867,-1,0.002529496792703867,0.23480916023254395,,,,1,25.29496792703867
2025-04-28,fold_7,Recent mixed/upturn,0.004747541155666113,1,0.005818618461489677,1,0.005818618461489677,0.24199402332305908,,,,1,58.186184614896774
2025-04-30,fold_7,Recent mixed/upturn,-0.000543409725651145,-1,-0.005651242099702358,-1,0.005651242099702358,0.24901282787322998,,,,1,56.51242099702358
2025-05-01,fold_7,Recent mixed/upturn,-0.004043115768581629,-1,-0.002507785800844431,-1,0.002507785800844431,0.25214505195617676,,,,1,25.07785800844431
2025-05-02,fold_7,Recent mixed/upturn,0.002168256789445877,1,0.0023665628395974636,1,0.0023665628395974636,0.2551083564758301,,,,1,23.665628395974636
2025-05-07,fold_7,Recent mixed/upturn,-0.0036078228149563074,-1,-0.003222282975912094,-1,0.003222282975912094,0.2591526508331299,,,,1,32.22282975912094
2025-05-08,fold_7,Recent mixed/upturn,-0.007299879565834999,-1,-0.007250799797475338,-1,0.007250799797475338,0.26828253269195557,,,,1,72.50799797475338
2025-05-09,fold_7,Recent mixed/upturn,0.0019158012000843883,1,0.0004828175879083574,1,0.0004828175879083574,0.26889491081237793,,,,1,4.828175879083574
2025-05-12,fold_7,Recent mixed/upturn,-0.008536103181540966,-1,-0.011938820593059063,-1,0.011938820593059063,0.2840440273284912,,,,1,119.38820593059063
2025-05-13,fold_7,Recent mixed/upturn,0.006416338961571455,1,0.008109462447464466,1,0.008109462447464466,0.29445695877075195,,,,1,81.09462447464466
2025-05-14,fold_7,Recent mixed/upturn,-0.0022357518319040537,-1,-0.0003241990343667567,-1,0.0003241990343667567,0.29487669467926025,,,,1,3.2419903436675668
2025-05-15,fold_7,Recent mixed/upturn,0.00305124931037426,1,0.0009625714155845344,1,0.0009625714155845344,0.2961231470108032,,,,1,9.625714155845344
2025-05-16,fold_7,Recent mixed/upturn,-0.002461671829223633,-1,-0.0004587228177115321,-1,0.0004587228177115321,0.29671764373779297,,,,1,4.587228177115321
2025-05-19,fold_7,Recent mixed/upturn,0.00619432982057333,1,0.004100138321518898,1,0.004100138321518898,0.30203425884246826,,,,1,41.00138321518898
2025-05-20,fold_7,Recent mixed/upturn,0.0028884820640087128,1,0.004853827878832817,1,0.004853827878832817,0.30835413932800293,,,,1,48.53827878832817
2025-05-21,fold_7,Recent mixed/upturn,0.003645904827862978,1,0.003829962108284235,1,0.003829962108284235,0.31336510181427,,,,1,38.29962108284235
2025-05-22,fold_7,Recent mixed/upturn,-0.0035902042873203754,-1,-0.004354733508080244,-1,0.004354733508080244,0.31908440589904785,,,,1,43.54733508080244
2025-05-23,fold_7,Recent mixed/upturn,0.008427582681179047,1,0.00806327536702156,1,0.00806327536702156,0.3297206163406372,,,,1,80.6327536702156
2025-05-27,fold_7,Recent mixed/upturn,-0.00420068483799696,-1,-0.004512133076786995,-1,0.004512133076786995,0.3357205390930176,,,,1,45.12133076786995
2025-05-28,fold_7,Recent mixed/upturn,-0.004629067610949278,-1,-0.009121845476329327,-1,0.009121845476329327,0.3479048013687134,,,,1,91.21845476329327
2025-05-29,fold_7,Recent mixed/upturn,0.0067038885317742825,1,0.012880357913672924,1,0.012880357913672924,0.36526620388031006,,,,1,128.80357913672924
2025-05-30,fold_7,Recent mixed/upturn,-0.001673243590630591,-1,-0.002202543430030346,-1,0.002202543430030346,0.3682732582092285,,,,1,22.02543430030346
2025-06-02,fold_7,Recent mixed/upturn,0.006214754655957222,1,0.008819226175546646,1,0.008819226175546646,0.3803403377532959,,,,1,88.19226175546646
2025-06-03,fold_7,Recent mixed/upturn,-0.005061574280261993,-1,-0.006022475194185972,-1,0.006022475194185972,0.38865339756011963,,,,1,60.22475194185972
2025-06-04,fold_7,Recent mixed/upturn,0.005201209802180529,1,0.0033009489998221397,1,0.0033009489998221397,0.39323723316192627,,,,1,33.0094899982214
2025-06-05,fold_7,Recent mixed/upturn,-0.0003818974655587226,-1,0.0027832789346575737,1,-0.0027832789346575737,0.3893594741821289,,,,0,-27.832789346575737
2025-06-06,fold_7,Recent mixed/upturn,-0.004729122389107943,-1,-0.004015539772808552,-1,0.004015539772808552,0.394938588142395,,,,1,40.15539772808552
2025-06-09,fold_7,Recent mixed/upturn,0.004118072800338268,1,0.001771340030245483,1,0.001771340030245483,0.39740943908691406,,,,1,17.71340030245483
2025-06-10,fold_7,Recent mixed/upturn,0.0001733151002554223,1,0.0008235503337346017,1,0.0008235503337346017,0.39856016635894775,,,,1,8.235503337346017
2025-06-11,fold_7,Recent mixed/upturn,0.003734682220965624,1,0.006284058094024658,1,0.006284058094024658,0.40734875202178955,,,,1,62.84058094024658
2025-06-12,fold_7,Recent mixed/upturn,0.006190854124724865,1,0.007899755612015724,1,0.007899755612015724,0.4184664487838745,,,,1,78.99755612015724
2025-06-13,fold_7,Recent mixed/upturn,-0.00408024899661541,-1,-0.003755935002118349,-1,0.003755935002118349,0.423794150352478,,,,1,37.55935002118349
2025-06-16,fold_7,Recent mixed/upturn,0.0031418194994330406,1,-0.0004620169347617775,-1,-0.0004620169347617775,0.4231363534927368,,,,0,-4.620169347617775
2025-06-17,fold_7,Recent mixed/upturn,-0.007433204911649227,-1,-0.005948005244135857,-1,0.005948005244135857,0.43160104751586914,,,,1,59.480052441358566
2025-06-18,fold_7,Recent mixed/upturn,-0.0001832183770602569,-1,-0.0004476588510442525,-1,0.0004476588510442525,0.43224191665649414,,,,1,4.476588510442525
2025-06-20,fold_7,Recent mixed/upturn,0.001950599136762321,1,-0.0010350376833230257,-1,-0.0010350376833230257,0.4307595491409302,,,,0,-10.350376833230257
2025-06-23,fold_7,Recent mixed/upturn,0.004334011115133762,1,0.008536921814084053,1,0.008536921814084053,0.4429738521575928,,,,1,85.36921814084053
2025-06-24,fold_7,Recent mixed/upturn,0.005318194627761841,1,0.0011379257775843143,1,0.0011379257775843143,0.4446159601211548,,,,1,11.379257775843143
2025-06-25,fold_7,Recent mixed/upturn,0.0020630392245948315,1,0.006157340481877327,1,0.006157340481877327,0.45351099967956543,,,,1,61.57340481877327
2025-06-26,fold_7,Recent mixed/upturn,0.003636221634224057,1,0.0007249234477058053,1,0.0007249234477058053,0.4545646905899048,,,,1,7.249234477058053
2025-06-27,fold_7,Recent mixed/upturn,-0.0017917798832058907,-1,0.0030139251612126827,1,-0.0030139251612126827,0.4501807689666748,,,,0,-30.139251612126827
2025-06-30,fold_7,Recent mixed/upturn,0.005104991607367992,1,0.005092043429613113,1,0.005092043429613113,0.4575650691986084,,,,1,50.920434296131134
2025-07-01,fold_7,Recent mixed/upturn,0.0006927506765350699,1,0.0015583859058097005,1,0.0015583859058097005,0.45983660221099854,,,,1,15.583859058097005
2025-07-02,fold_7,Recent mixed/upturn,0.00022142801026348025,1,-0.00044844072544947267,-1,-0.00044844072544947267,0.45918190479278564,,,,0,-4.484407254494727
2025-07-03,fold_7,Recent mixed/upturn,-0.00334253185428679,-1,-0.0024366681464016438,-1,0.0024366681464016438,0.46273744106292725,,,,1,24.366681464016438
2025-07-07,fold_7,Recent mixed/upturn,-0.0038405407685786486,-1,-0.003755652578547597,-1,0.003755652578547597,0.46823108196258545,,,,1,37.55652578547597
2025-07-08,fold_7,Recent mixed/upturn,0.00017133381334133446,1,-0.0010200783144682646,-1,-0.0010200783144682646,0.46673333644866943,,,,0,-10.200783144682646
2025-07-09,fold_7,Recent mixed/upturn,0.0007658458780497313,1,0.000563176698051393,1,0.000563176698051393,0.4675593376159668,,,,1,5.63176698051393
2025-07-10,fold_7,Recent mixed/upturn,-0.002062383573502302,-1,-0.002422562800347805,-1,0.002422562800347805,0.4711146354675293,,,,1,24.22562800347805
2025-07-11,fold_7,Recent mixed/upturn,-0.0019328545313328505,-1,-0.0017639847937971354,-1,0.0017639847937971354,0.4737095832824707,,,,1,17.639847937971354
2025-07-14,fold_7,Recent mixed/upturn,-0.0013329890789464116,-1,-0.0013532100711017847,-1,0.0013532100711017847,0.4757039546966553,,,,1,13.532100711017847
2025-07-15,fold_7,Recent mixed/upturn,-0.005452150944620371,-1,-0.005049251951277256,-1,0.005049251951277256,0.48315513134002686,,,,1,50.49251951277256
2025-07-16,fold_7,Recent mixed/upturn,0.004274039063602686,1,0.002443466568365693,1,0.002443466568365693,0.4867790937423706,,,,1,24.43466568365693
2025-07-17,fold_7,Recent mixed/upturn,-0.0035840861964970827,-1,-0.0017422791570425034,-1,0.0017422791570425034,0.48936939239501953,,,,1,17.422791570425034
2025-07-18,fold_7,Recent mixed/upturn,0.003126478986814618,1,0.0013141727540642023,1,0.0013141727540642023,0.4913266897201538,,,,1,13.141727540642023
2025-07-22,fold_7,Recent mixed/upturn,0.003755775513127446,1,0.003815255593508482,1,0.003815255593508482,0.4970165491104126,,,,1,38.15255593508482
2025-07-23,fold_7,Recent mixed/upturn,0.002029301133006811,1,0.0029907028656452894,1,0.0029907028656452894,0.5014936923980713,,,,1,29.907028656452894
2025-07-24,fold_7,Recent mixed/upturn,-0.0018102555768564343,-1,-0.001540047349408269,-1,0.001540047349408269,0.5038061141967773,,,,1,15.40047349408269
2025-07-25,fold_7,Recent mixed/upturn,-0.002662081504240632,-1,5.8711641031550243e-05,1,-5.8711641031550243e-05,0.5037177801132202,,,,0,-0.5871164103155024
2025-07-28,fold_7,Recent mixed/upturn,-0.007800000719726086,-1,-0.013614622876048088,-1,0.013614622876048088,0.5241904258728027,,,,1,136.14622876048088
2025-07-29,fold_7,Recent mixed/upturn,-0.0025964234955608845,-1,-0.003950425889343023,-1,0.003950425889343023,0.5302116870880127,,,,1,39.50425889343023
2025-07-30,fold_7,Recent mixed/upturn,-0.008305416442453861,-1,-0.010526402853429317,-1,0.010526402853429317,0.5463193655014038,,,,1,105.26402853429317
2025-07-31,fold_7,Recent mixed/upturn,-0.00016792980022728443,-1,-0.0004912575823254883,-1,0.0004912575823254883,0.5470789670944214,,,,1,4.912575823254883
2025-08-01,fold_7,Recent mixed/upturn,0.011087527498602867,1,0.014263281598687172,1,0.014263281598687172,0.5691453218460083,,,,1,142.63281598687172
2025-08-04,fold_7,Recent mixed/upturn,-0.0007369132363237441,-1,-0.00022017340234015137,-1,0.00022017340234015137,0.5694907903671265,,,,1,2.2017340234015137
2025-08-05,fold_7,Recent mixed/upturn,0.0001586165017215535,1,-0.0004284036112949252,-1,-0.0004284036112949252,0.5688184499740601,,,,0,-4.284036112949252
2025-08-06,fold_7,Recent mixed/upturn,0.005915275774896145,1,0.007254479452967644,1,0.007254479452967644,0.5801993608474731,,,,1,72.54479452967644
2025-08-07,fold_7,Recent mixed/upturn,-0.0017496469663456082,-1,0.0011559956474229693,1,-0.0011559956474229693,0.5783727169036865,,,,0,-11.559956474229693
2025-08-08,fold_7,Recent mixed/upturn,0.0021477374248206615,1,-0.002457661321386695,-1,-0.002457661321386695,0.5744935274124146,,,,0,-24.57661321386695
2025-08-12,fold_7,Recent mixed/upturn,0.004276057705283165,1,0.005044498015195131,1,0.005044498015195131,0.5824359655380249,,,,1,50.44498015195131
2025-08-13,fold_7,Recent mixed/upturn,0.0022201405372470617,1,0.003068778896704316,1,0.003068778896704316,0.5872921943664551,,,,1,30.68778896704316
2025-08-14,fold_7,Recent mixed/upturn,-0.0040000067092478275,-1,-0.005254701245576143,-1,0.005254701245576143,0.5956330299377441,,,,1,52.54701245576143
2025-08-15,fold_7,Recent mixed/upturn,0.004920415114611387,1,0.004741219338029623,1,0.004741219338029623,0.6031982898712158,,,,1,47.41219338029623
2025-08-18,fold_7,Recent mixed/upturn,-0.0035149971954524517,-1,-0.003267246065661311,-1,0.003267246065661311,0.6084363460540771,,,,1,32.67246065661311
2025-08-19,fold_7,Recent mixed/upturn,-0.00046805074089206755,-1,-0.002212071092799306,-1,0.002212071092799306,0.6119942665100098,,,,1,22.12071092799306
2025-08-20,fold_7,Recent mixed/upturn,0.0009409764315932989,1,0.0007923034718260169,1,0.0007923034718260169,0.6132713556289673,,,,1,7.923034718260169
2025-08-21,fold_7,Recent mixed/upturn,-0.004233495332300663,-1,-0.003321295604109764,-1,0.003321295604109764,0.6186294555664062,,,,1,33.21295604109764
2025-08-22,fold_7,Recent mixed/upturn,0.010618766769766808,1,0.008313816972076893,1,0.008313816972076893,0.6320863962173462,,,,1,83.13816972076893
2025-08-25,fold_7,Recent mixed/upturn,-0.0066678766161203384,-1,-0.007784397341310978,-1,0.007784397341310978,0.6447911262512207,,,,1,77.84397341310978
2025-08-26,fold_7,Recent mixed/upturn,0.002121887169778347,1,0.001804178929887712,1,0.001804178929887712,0.6477587223052979,,,,1,18.04178929887712
2025-08-27,fold_7,Recent mixed/upturn,-0.0004634894721675664,-1,0.0007338296854868531,1,-0.0007338296854868531,0.6465494632720947,,,,0,-7.338296854868531
2025-08-28,fold_7,Recent mixed/upturn,0.004379997029900551,1,0.0028852694667875767,1,0.0028852694667875767,0.6513000726699829,,,,1,28.852694667875767
2025-08-29,fold_7,Recent mixed/upturn,2.0198420315864496e-05,1,0.0008769080741330981,1,0.0008769080741330981,0.6527481079101562,,,,1,8.769080741330981
2025-09-02,fold_7,Recent mixed/upturn,-0.00648149661719799,-1,-0.006818667519837618,-1,0.006818667519837618,0.6640176773071289,,,,1,68.18667519837618
2025-09-03,fold_7,Recent mixed/upturn,0.003577746916562319,1,0.0020988616161048412,1,0.0020988616161048412,0.6675102710723877,,,,1,20.988616161048412
2025-09-04,fold_7,Recent mixed/upturn,-0.0016560608055442572,-1,-0.0003031234664376825,-1,0.0003031234664376825,0.668015718460083,,,,1,3.031234664376825
2025-09-05,fold_7,Recent mixed/upturn,0.004732596222311258,1,0.004825879819691181,1,0.004825879819691181,0.6760653257369995,,,,1,48.25879819691181
2025-09-08,fold_7,Recent mixed/upturn,0.0026697677094489336,1,0.00477817514911294,1,0.00477817514911294,0.684073805809021,,,,1,47.7817514911294
2025-09-09,fold_7,Recent mixed/upturn,-0.004044201225042343,-1,-0.005640725139528513,-1,0.005640725139528513,0.6935732364654541,,,,1,56.40725139528513
2025-09-10,fold_7,Recent mixed/upturn,-5.1126440666848794e-05,-1,5.857199721504003e-05,1,-5.857199721504003e-05,0.6934740543365479,,,,0,-0.5857199721504003
2025-09-11,fold_7,Recent mixed/upturn,0.002704414539039135,1,0.002675513969734311,1,0.002675513969734311,0.698004961013794,,,,1,26.75513969734311
2025-09-12,fold_7,Recent mixed/upturn,-0.00037443151813931763,-1,-0.000703588651958853,-1,0.000703588651958853,0.6991996765136719,,,,1,7.03588651958853
2025-09-16,fold_7,Recent mixed/upturn,0.006601826753467321,1,0.009152790531516075,1,0.009152790531516075,0.7147520780563354,,,,1,91.52790531516075
2025-09-17,fold_7,Recent mixed/upturn,-0.0032063608523458242,-1,-0.003796270117163658,-1,0.003796270117163658,0.7212616205215454,,,,1,37.96270117163658
2025-09-18,fold_7,Recent mixed/upturn,-0.0037503240164369345,-1,-0.0029830695129930973,-1,0.0029830695129930973,0.7263963222503662,,,,1,29.830695129930973
2025-09-19,fold_7,Recent mixed/upturn,-0.0032848771661520004,-1,-0.004589194897562265,-1,0.004589194897562265,0.7343190908432007,,,,1,45.891948975622654
2025-09-22,fold_7,Recent mixed/upturn,0.0029632537625730038,1,0.005463925655931234,1,0.005463925655931234,0.7437953948974609,,,,1,54.639256559312344
2025-09-24,fold_7,Recent mixed/upturn,-0.0057375808246433735,-1,-0.005907559301704168,-1,0.005907559301704168,0.7540969848632812,,,,1,59.07559301704168
2025-09-25,fold_7,Recent mixed/upturn,-0.005589268635958433,-1,-0.006974319461733103,-1,0.006974319461733103,0.7663305997848511,,,,1,69.74319461733103
2025-09-26,fold_7,Recent mixed/upturn,0.004240458365529776,1,0.0038988362066447735,1,0.0038988362066447735,0.7732173204421997,,,,1,38.988362066447735
2025-09-29,fold_7,Recent mixed/upturn,0.00208574952557683,1,0.0019825738854706287,1,0.0019825738854706287,0.7767328023910522,,,,1,19.825738854706287
