date,fold,regime,prediction,pred_direction,actual_return,actual_direction,strategy_return,cumulative_return,confidence,aleatoric,epistemic,correct,pnl_bps
2008-01-23,fold_1,Pre-crisis upturn + GFC onset,0.009960141032934189,1,0.009706642478704453,1,0.009706642478704453,0.009706616401672363,0.9999395608901978,2.015914287767373e-05,4.031828575534746e-05,1,97.06642478704453
2008-01-24,fold_1,Pre-crisis upturn + GFC onset,0.007079567760229111,1,-0.006706463638693094,-1,-0.006706463638693094,0.002935051918029785,0.9999641180038452,1.1967843420279678e-05,2.3935686840559356e-05,0,-67.06463638693094
2008-01-25,fold_1,Pre-crisis upturn + GFC onset,0.00527953589335084,1,0.007704523392021656,1,0.007704523392021656,0.010662198066711426,0.9999037981033325,3.205172106390819e-05,6.410344212781638e-05,1,77.04523392021656
2008-01-28,fold_1,Pre-crisis upturn + GFC onset,0.0011994047090411186,1,-0.001093094702810049,-1,-0.001093094702810049,0.009557485580444336,0.999779999256134,7.334780093515292e-05,0.00014669560187030584,0,-10.93094702810049
2008-01-29,fold_1,Pre-crisis upturn + GFC onset,0.0024963561445474625,1,0.004004329908639193,1,0.004004329908639193,0.01360011100769043,0.9999490976333618,1.695742321317084e-05,3.391484642634168e-05,1,40.043299086391926
2008-01-30,fold_1,Pre-crisis upturn + GFC onset,-0.0008358214981853962,-1,0.002289247466251254,1,-0.002289247466251254,0.011279702186584473,0.99992835521698,2.3890917873359285e-05,4.778183574671857e-05,0,-22.89247466251254
2008-01-31,fold_1,Pre-crisis upturn + GFC onset,0.00320651987567544,1,-0.004380703438073397,-1,-0.004380703438073397,0.006849527359008789,0.9998983144760132,3.389634730410762e-05,6.779269460821524e-05,0,-43.80703438073397
2008-02-01,fold_1,Pre-crisis upturn + GFC onset,0.004706644918769598,1,0.001897936686873436,1,0.001897936686873436,0.008760452270507812,0.9999233484268188,2.554360071371775e-05,5.10872014274355e-05,1,18.97936686873436
2008-02-04,fold_1,Pre-crisis upturn + GFC onset,0.005871597211807966,1,-0.012808330357074738,-1,-0.012808330357074738,-0.004160106182098389,0.9999314546585083,2.2864600396133028e-05,4.5729200792266056e-05,0,-128.08330357074738
2008-02-05,fold_1,Pre-crisis upturn + GFC onset,0.005553077440708876,1,-0.0014324913499876857,-1,-0.0014324913499876857,-0.0055866241455078125,0.9998052716255188,6.493855471489951e-05,0.00012987710942979902,0,-14.324913499876857
2008-02-06,fold_1,Pre-crisis upturn + GFC onset,0.011785965412855148,1,-0.009454712271690369,-1,-0.009454712271690369,-0.014988541603088379,0.9998434782028198,5.215231794863939e-05,0.00010430463589727879,0,-94.54712271690369
2008-02-07,fold_1,Pre-crisis upturn + GFC onset,0.022178595885634422,1,0.07542583346366882,1,0.07542583346366882,0.05930674076080322,0.9999090433120728,3.0321629310492426e-05,6.064325862098485e-05,1,754.2583346366882
2008-02-08,fold_1,Pre-crisis upturn + GFC onset,0.004593378398567438,1,-0.06865246593952179,-1,-0.06865246593952179,-0.013417243957519531,0.9998942613601685,3.523813938954845e-05,7.04762787790969e-05,0,-686.5246593952179
2008-02-12,fold_1,Pre-crisis upturn + GFC onset,0.015618378296494484,1,-0.0017758844187483191,-1,-0.0017758844187483191,-0.015169262886047363,0.9998617172241211,4.6106175432214513e-05,9.221235086442903e-05,0,-17.75884418748319
2008-02-13,fold_1,Pre-crisis upturn + GFC onset,0.01833391562104225,1,0.006048077251762152,1,0.006048077251762152,-0.009212911128997803,0.9998780488967896,4.0654460462974384e-05,8.130892092594877e-05,1,60.48077251762152
2008-02-14,fold_1,Pre-crisis upturn + GFC onset,0.021164579316973686,1,0.002186686033383012,1,0.002186686033383012,-0.007046401500701904,0.9998465776443481,5.113484803587198e-05,0.00010226969607174397,1,21.866860333830118
2008-02-15,fold_1,Pre-crisis upturn + GFC onset,0.02418726682662964,1,-0.0017726941732689738,-1,-0.0017726941732689738,-0.008806586265563965,0.9999245405197144,2.5157240088446997e-05,5.0314480176893994e-05,0,-17.72694173268974
2008-02-19,fold_1,Pre-crisis upturn + GFC onset,0.02313140593469143,1,-0.0004710935172624886,-1,-0.0004710935172624886,-0.009273529052734375,0.9998726844787598,4.2447882151464e-05,8.4895764302928e-05,0,-4.710935172624886
2008-02-20,fold_1,Pre-crisis upturn + GFC onset,0.018447617068886757,1,0.006251954939216375,1,0.006251954939216375,-0.0030795931816101074,0.9999276399612427,2.4108856450766325e-05,4.821771290153265e-05,1,62.51954939216375
2008-02-21,fold_1,Pre-crisis upturn + GFC onset,0.017945772036910057,1,0.0007413247367367148,1,0.0007413247367367148,-0.0023404955863952637,0.9999088048934937,3.0381133910850622e-05,6.0762267821701244e-05,1,7.413247367367148
2008-02-22,fold_1,Pre-crisis upturn + GFC onset,0.016158010810613632,1,0.0006675262120552361,1,0.0006675262120552361,-0.0016744732856750488,0.9999310970306396,2.2944588636164553e-05,4.588917727232911e-05,1,6.675262120552361
2008-02-25,fold_1,Pre-crisis upturn + GFC onset,0.023383958265185356,1,0.010797196999192238,1,0.010797196999192238,0.009104609489440918,0.9998806715011597,3.9774062315700576e-05,7.954812463140115e-05,1,107.97196999192238
2008-02-26,fold_1,Pre-crisis upturn + GFC onset,0.020327070727944374,1,0.008133538998663425,1,0.008133538998663425,0.017312169075012207,0.9998676776885986,4.4095024350099266e-05,8.819004870019853e-05,1,81.33538998663425
2008-02-27,fold_1,Pre-crisis upturn + GFC onset,0.0250310730189085,1,0.005151412915438414,1,0.005151412915438414,0.0225527286529541,0.9997625946998596,7.915952301118523e-05,0.00015831904602237046,1,51.514129154384136
2008-02-28,fold_1,Pre-crisis upturn + GFC onset,0.025951160117983818,1,-0.00025825100601650774,-1,-0.00025825100601650774,0.02228868007659912,0.9997228980064392,9.240242070518434e-05,0.00018480484141036868,0,-2.5825100601650774
2008-02-29,fold_1,Pre-crisis upturn + GFC onset,0.03169022873044014,1,0.0005320152267813683,1,0.0005320152267813683,0.022832512855529785,0.9997437596321106,8.543115109205246e-05,0.00017086230218410492,1,5.320152267813683
2008-03-03,fold_1,Pre-crisis upturn + GFC onset,0.025528788566589355,1,0.0006540778558701277,1,0.0006540778558701277,0.02350151538848877,0.9997588992118835,8.039454405661672e-05,0.00016078908811323345,1,6.540778558701277
2008-03-04,fold_1,Pre-crisis upturn + GFC onset,0.024968920275568962,1,0.00439975643530488,1,0.00439975643530488,0.02800464630126953,0.9996246099472046,0.00012515152047853917,0.00025030304095707834,1,43.9975643530488
2008-03-05,fold_1,Pre-crisis upturn + GFC onset,0.026214176788926125,1,0.007077113725244999,1,0.007077113725244999,0.03527998924255371,0.999795138835907,6.831233622506261e-05,0.00013662467245012522,1,70.77113725244999
2008-03-06,fold_1,Pre-crisis upturn + GFC onset,0.022075971588492393,1,-0.00318984710611403,-1,-0.00318984710611403,0.03197753429412842,0.9998575448989868,4.749028812511824e-05,9.498057625023648e-05,0,-31.8984710611403
2008-03-07,fold_1,Pre-crisis upturn + GFC onset,0.019870523363351822,1,0.00032211976940743625,1,0.00032211976940743625,0.032309889793395996,0.9998624324798584,4.586426439345814e-05,9.172852878691629e-05,1,3.2211976940743625
2008-03-10,fold_1,Pre-crisis upturn + GFC onset,0.014476886950433254,1,6.13881929893978e-05,1,6.13881929893978e-05,0.03237330913543701,0.9998445510864258,5.1816699851769954e-05,0.00010363339970353991,1,0.6138819298939779
2008-03-11,fold_1,Pre-crisis upturn + GFC onset,0.011528114788234234,1,0.012913729064166546,1,0.012913729064166546,0.04570508003234863,0.9999418258666992,1.939208959811367e-05,3.878417919622734e-05,1,129.13729064166546
2008-03-12,fold_1,Pre-crisis upturn + GFC onset,0.015014913864433765,1,0.005280183628201485,1,0.005280183628201485,0.05122649669647217,0.9999240636825562,2.531049176468514e-05,5.062098352937028e-05,1,52.80183628201485
2008-03-13,fold_1,Pre-crisis upturn + GFC onset,0.012550847604870796,1,-0.0002654764102771878,-1,-0.0002654764102771878,0.05094742774963379,0.99992835521698,2.3897366190794855e-05,4.779473238158971e-05,0,-2.6547641027718782
2008-03-14,fold_1,Pre-crisis upturn + GFC onset,0.0067243124358356,1,0.008330723270773888,1,0.008330723270773888,0.059702515602111816,0.9999203681945801,2.655040407262277e-05,5.310080814524554e-05,1,83.30723270773888
2008-03-17,fold_1,Pre-crisis upturn + GFC onset,0.0026040119118988514,1,-0.00571519136428833,-1,-0.00571519136428833,0.053646087646484375,0.9999129772186279,2.9021579393884167e-05,5.8043158787768334e-05,0,-57.1519136428833
2008-03-18,fold_1,Pre-crisis upturn + GFC onset,0.0055546569637954235,1,-0.001219803118146956,-1,-0.001219803118146956,0.0523608922958374,0.9999433755874634,1.8853697838494554e-05,3.770739567698911e-05,0,-12.19803118146956
2008-03-19,fold_1,Pre-crisis upturn + GFC onset,0.0030078934505581856,1,-0.012585368938744068,-1,-0.012585368938744068,0.039116621017456055,0.9999219179153442,2.6021774829132482e-05,5.2043549658264965e-05,0,-125.85368938744068
2008-03-24,fold_1,Pre-crisis upturn + GFC onset,0.007216086145490408,1,0.011474939994513988,1,0.011474939994513988,0.0510404109954834,0.9998399019241333,5.3344949265010655e-05,0.00010668989853002131,1,114.74939994513988
2008-03-25,fold_1,Pre-crisis upturn + GFC onset,0.010245057754218578,1,0.013576983474195004,1,0.013576983474195004,0.06531035900115967,0.9999274015426636,2.4178460080293007e-05,4.8356920160586014e-05,1,135.76983474195004
2008-03-26,fold_1,Pre-crisis upturn + GFC onset,0.011457505635917187,1,-0.0006325822323560715,-1,-0.0006325822323560715,0.0646364688873291,0.9999277591705322,2.408179352642037e-05,4.816358705284074e-05,0,-6.325822323560715
2008-03-27,fold_1,Pre-crisis upturn + GFC onset,0.008505623787641525,1,-0.0033570618834346533,-1,-0.0033570618834346533,0.06106245517730713,0.9998836517333984,3.878173083649017e-05,7.756346167298034e-05,0,-33.57061883434653
2008-03-28,fold_1,Pre-crisis upturn + GFC onset,0.01050886232405901,1,-0.00018908978381659836,-1,-0.00018908978381659836,0.060861825942993164,0.999806821346283,6.442127050831914e-05,0.00012884254101663828,0,-1.8908978381659836
2008-03-31,fold_1,Pre-crisis upturn + GFC onset,0.006849684752523899,1,-0.005079609341919422,-1,-0.005079609341919422,0.05547308921813965,0.9999229907989502,2.5677583835204132e-05,5.1355167670408264e-05,0,-50.79609341919422
2008-04-02,fold_1,Pre-crisis upturn + GFC onset,0.011492498219013214,1,-0.0006893464596942067,-1,-0.0006893464596942067,0.05474555492401123,0.9999336004257202,2.2137804990052246e-05,4.427560998010449e-05,0,-6.893464596942067
2008-04-03,fold_1,Pre-crisis upturn + GFC onset,0.009356643073260784,1,0.0044534835033118725,1,0.0044534835033118725,0.059442877769470215,0.9999244213104248,2.5190223823301494e-05,5.038044764660299e-05,1,44.534835033118725
2008-04-04,fold_1,Pre-crisis upturn + GFC onset,0.00706601282581687,1,-0.0020259751472622156,-1,-0.0020259751472622156,0.0572965145111084,0.9999536275863647,1.5472483937628567e-05,3.0944967875257134e-05,0,-20.259751472622156
2008-04-07,fold_1,Pre-crisis upturn + GFC onset,0.01189938373863697,1,-0.00808490440249443,-1,-0.00808490440249443,0.04874837398529053,0.9999139308929443,2.8679049137281254e-05,5.735809827456251e-05,0,-80.8490440249443
2008-04-08,fold_1,Pre-crisis upturn + GFC onset,0.0021848382893949747,1,0.01579233817756176,1,0.01579233817756176,0.06531059741973877,0.999902606010437,3.247598579037003e-05,6.495197158074006e-05,1,157.9233817756176
2008-04-09,fold_1,Pre-crisis upturn + GFC onset,0.002756597939878702,1,-0.005179158411920071,-1,-0.005179158411920071,0.05979323387145996,0.9999260902404785,2.463220698700752e-05,4.926441397401504e-05,0,-51.79158411920071
2008-04-10,fold_1,Pre-crisis upturn + GFC onset,0.006680522114038467,1,0.005078901536762714,1,0.005078901536762714,0.06517577171325684,0.9999525547027588,1.5826277376618236e-05,3.165255475323647e-05,1,50.789015367627144
2008-04-11,fold_1,Pre-crisis upturn + GFC onset,0.007419529836624861,1,0.00018986649229191244,1,0.00018986649229191244,0.06537806987762451,0.9999545812606812,1.5137542504817247e-05,3.0275085009634495e-05,1,1.8986649229191244
2008-04-14,fold_1,Pre-crisis upturn + GFC onset,0.007361964322626591,1,-0.002462598029524088,-1,-0.002462598029524088,0.06275439262390137,0.9999256134033203,2.4808605303405784e-05,4.961721060681157e-05,0,-24.62598029524088
2008-04-15,fold_1,Pre-crisis upturn + GFC onset,0.01019813772290945,1,0.010899379849433899,1,0.010899379849433899,0.07433784008026123,0.9999487400054932,1.7073931303457357e-05,3.4147862606914714e-05,1,108.99379849433899
2008-04-16,fold_1,Pre-crisis upturn + GFC onset,0.007171217352151871,1,-0.0035143231507390738,-1,-0.0035143231507390738,0.07056224346160889,0.9998972415924072,3.424562237341888e-05,6.849124474683776e-05,0,-35.14323150739074
2008-04-17,fold_1,Pre-crisis upturn + GFC onset,0.005990313831716776,1,-0.010573179461061954,-1,-0.010573179461061954,0.059242963790893555,0.9998600482940674,4.665985397878103e-05,9.331970795756206e-05,0,-105.73179461061954
2008-04-18,fold_1,Pre-crisis upturn + GFC onset,0.0055583990179002285,1,0.011313356459140778,1,0.011313356459140778,0.07122647762298584,0.9999511241912842,1.627182609809097e-05,3.254365219618194e-05,1,113.13356459140778
2008-04-21,fold_1,Pre-crisis upturn + GFC onset,0.0015985409263521433,1,0.004780459683388472,1,0.004780459683388472,0.07634735107421875,0.9998866319656372,3.7801579310325906e-05,7.560315862065181e-05,1,47.804596833884716
2008-04-22,fold_1,Pre-crisis upturn + GFC onset,-0.00046674293116666377,-1,-0.007127514574676752,-1,0.007127514574676752,0.08401906490325928,0.9998971223831177,3.4274104109499604e-05,6.854820821899921e-05,1,71.27514574676752
2008-04-23,fold_1,Pre-crisis upturn + GFC onset,0.0034159980714321136,1,-0.011966871097683907,-1,-0.011966871097683907,0.07104671001434326,0.9999215602874756,2.612825483083725e-05,5.22565096616745e-05,0,-119.66871097683907
2008-04-24,fold_1,Pre-crisis upturn + GFC onset,0.006214661989361048,1,-0.0030023385770618916,-1,-0.0030023385770618916,0.06783103942871094,0.9999023675918579,3.254031980759464e-05,6.508063961518928e-05,0,-30.023385770618916
2008-04-25,fold_1,Pre-crisis upturn + GFC onset,0.009879219345748425,1,0.0010174394119530916,1,0.0010174394119530916,0.06891751289367676,0.9998747110366821,4.1767762013478205e-05,8.353552402695641e-05,1,10.174394119530916
2008-04-28,fold_1,Pre-crisis upturn + GFC onset,0.0015685249818488955,1,-0.0054796477779746056,-1,-0.0054796477779746056,0.06306028366088867,0.9997957348823547,6.81193414493464e-05,0.0001362386828986928,0,-54.796477779746056
2008-04-30,fold_1,Pre-crisis upturn + GFC onset,0.0036669315304607153,1,-0.012038466520607471,-1,-0.012038466520607471,0.0502626895904541,0.9998548030853271,4.841269401367754e-05,9.682538802735507e-05,0,-120.38466520607471
2008-05-02,fold_1,Pre-crisis upturn + GFC onset,0.00871436856687069,1,0.00415347795933485,1,0.00415347795933485,0.05462491512298584,0.9999165534973145,2.7817297450383194e-05,5.563459490076639e-05,1,41.5347795933485
2008-05-07,fold_1,Pre-crisis upturn + GFC onset,0.010793977417051792,1,0.005134144332259893,1,0.005134144332259893,0.060039520263671875,0.999885082244873,3.8317462895065546e-05,7.663492579013109e-05,1,51.341443322598934
2008-05-08,fold_1,Pre-crisis upturn + GFC onset,0.02153577096760273,1,0.0016728068003430963,1,0.0016728068003430963,0.0618128776550293,0.9999420642852783,1.9306211470393464e-05,3.861242294078693e-05,1,16.728068003430963
2008-05-09,fold_1,Pre-crisis upturn + GFC onset,0.016704095527529716,1,0.0032323605846613646,1,0.0032323605846613646,0.06524503231048584,0.9998579025268555,4.734763570013456e-05,9.469527140026912e-05,1,32.323605846613646
2008-05-12,fold_1,Pre-crisis upturn + GFC onset,0.01779276877641678,1,-0.004055029712617397,-1,-0.004055029712617397,0.06092548370361328,0.9999228715896606,2.5720370103954338e-05,5.1440740207908675e-05,0,-40.55029712617397
2008-05-13,fold_1,Pre-crisis upturn + GFC onset,0.015471398830413818,1,-0.0005104347947053611,-1,-0.0005104347947053611,0.06038391590118408,0.9999055862426758,3.1448740628547966e-05,6.289748125709593e-05,0,-5.104347947053611
2008-05-14,fold_1,Pre-crisis upturn + GFC onset,0.018139947205781937,1,-0.001174283679574728,-1,-0.001174283679574728,0.05913877487182617,0.9999010562896729,3.2988125894917175e-05,6.597625178983435e-05,0,-11.74283679574728
2008-05-15,fold_1,Pre-crisis upturn + GFC onset,0.020704952999949455,1,0.009388802573084831,1,0.009388802573084831,0.06908285617828369,0.9999361038208008,2.1307054339558817e-05,4.2614108679117635e-05,1,93.88802573084831
2008-05-16,fold_1,Pre-crisis upturn + GFC onset,0.015644768252968788,1,-0.0043633379973471165,-1,-0.0043633379973471165,0.06441807746887207,0.9999197721481323,2.6739633540273644e-05,5.347926708054729e-05,0,-43.633379973471165
2008-05-19,fold_1,Pre-crisis upturn + GFC onset,0.013357547111809254,1,0.008124498650431633,1,0.008124498650431633,0.0730658769607544,0.9998830556869507,3.8974463677732274e-05,7.794892735546455e-05,1,81.24498650431633
2008-05-20,fold_1,Pre-crisis upturn + GFC onset,0.01312986295670271,1,0.00855705700814724,1,0.00855705700814724,0.08224821090698242,0.9999240636825562,2.5314982849522494e-05,5.062996569904499e-05,1,85.5705700814724
2008-05-21,fold_1,Pre-crisis upturn + GFC onset,0.008350977674126625,1,-0.003555349772796035,-1,-0.003555349772796035,0.0784003734588623,0.9998737573623657,4.2057770770043135e-05,8.411554154008627e-05,0,-35.55349772796035
2008-05-22,fold_1,Pre-crisis upturn + GFC onset,0.006043179426342249,1,0.003377990797162056,1,0.003377990797162056,0.08204329013824463,0.9998569488525391,4.767889913637191e-05,9.535779827274382e-05,1,33.77990797162056
2008-05-23,fold_1,Pre-crisis upturn + GFC onset,0.006369351875036955,1,-0.0003629504353739321,-1,-0.0003629504353739321,0.08165061473846436,0.9999179840087891,2.7328742362442426e-05,5.465748472488485e-05,0,-3.6295043537393212
2008-05-27,fold_1,Pre-crisis upturn + GFC onset,0.003047332866117358,1,-0.0022230539470911026,-1,-0.0022230539470911026,0.07924604415893555,0.9998443126678467,5.190454248804599e-05,0.00010380908497609198,0,-22.230539470911026
2008-05-28,fold_1,Pre-crisis upturn + GFC onset,0.0035505201667547226,1,-0.00881433766335249,-1,-0.00881433766335249,0.06973326206207275,0.9999681711196899,1.0614011443976779e-05,2.1228022887953557e-05,0,-88.1433766335249
2008-05-29,fold_1,Pre-crisis upturn + GFC onset,0.004810824058949947,1,0.0014764738734811544,1,0.0014764738734811544,0.0713127851486206,0.9998849630355835,3.8343547203112394e-05,7.668709440622479e-05,1,14.764738734811544
2008-05-30,fold_1,Pre-crisis upturn + GFC onset,0.004151055123656988,1,0.0003264624683652073,1,0.0003264624683652073,0.0716625452041626,0.9999486207962036,1.711835284368135e-05,3.42367056873627e-05,1,3.264624683652073
2008-06-02,fold_1,Pre-crisis upturn + GFC onset,0.0008306129020638764,1,-0.0061646453104913235,-1,-0.0061646453104913235,0.06505608558654785,0.9999583959579468,1.3866947483620606e-05,2.7733894967241213e-05,0,-61.646453104913235
2008-06-03,fold_1,Pre-crisis upturn + GFC onset,0.0009892670204862952,1,-0.001142001012340188,-1,-0.001142001012340188,0.06383979320526123,0.9999411106109619,1.962630449270364e-05,3.925260898540728e-05,0,-11.42001012340188
2008-06-04,fold_1,Pre-crisis upturn + GFC onset,0.001931147649884224,1,0.010132720693945885,1,0.010132720693945885,0.07461929321289062,0.9999464750289917,1.7822756490204483e-05,3.5645512980408967e-05,1,101.32720693945885
2008-06-05,fold_1,Pre-crisis upturn + GFC onset,0.0007034045993350446,1,0.012580753304064274,1,0.012580753304064274,0.08813881874084473,0.9999717473983765,9.396139830641914e-06,1.879227966128383e-05,1,125.80753304064274
2008-06-06,fold_1,Pre-crisis upturn + GFC onset,-0.0014883256517350674,-1,-0.008963803760707378,-1,0.008963803760707378,0.09789276123046875,0.9999592304229736,1.3584355656348635e-05,2.716871131269727e-05,1,89.63803760707378
2008-06-09,fold_1,Pre-crisis upturn + GFC onset,0.0015285627450793982,1,-0.011474243365228176,-1,-0.011474243365228176,0.08529531955718994,0.999953031539917,1.5648578482796438e-05,3.1297156965592876e-05,0,-114.74243365228176
2008-06-10,fold_1,Pre-crisis upturn + GFC onset,0.0008785875397734344,1,0.006067509297281504,1,0.006067509297281504,0.09188032150268555,0.9999600648880005,1.330098803009605e-05,2.66019760601921e-05,1,60.67509297281504
2008-06-11,fold_1,Pre-crisis upturn + GFC onset,0.0010462187929078937,1,-0.006230826023966074,-1,-0.006230826023966074,0.08507704734802246,0.9999508857727051,1.6359967048629187e-05,3.2719934097258374e-05,0,-62.30826023966074
2008-06-12,fold_1,Pre-crisis upturn + GFC onset,0.0015375700313597918,1,-0.005947754718363285,-1,-0.005947754718363285,0.07862329483032227,0.9998927116394043,3.5750275856116787e-05,7.150055171223357e-05,0,-59.47754718363285
2008-06-13,fold_1,Pre-crisis upturn + GFC onset,0.002991351066157222,1,0.006823988631367683,1,0.006823988631367683,0.08598387241363525,0.999967098236084,1.0964375178446062e-05,2.1928750356892124e-05,1,68.23988631367683
2008-06-16,fold_1,Pre-crisis upturn + GFC onset,-9.636990580474958e-05,-1,0.0031044406350702047,1,-0.0031044406350702047,0.08261251449584961,0.9999498128890991,1.6713656805222854e-05,3.342731361044571e-05,0,-31.044406350702047
2008-06-17,fold_1,Pre-crisis upturn + GFC onset,0.0026873494498431683,1,0.0010409550741314888,1,0.0010409550741314888,0.08373939990997314,0.9999699592590332,1.0004032446886413e-05,2.0008064893772826e-05,1,10.409550741314888
2008-06-18,fold_1,Pre-crisis upturn + GFC onset,-0.0006987982778809965,-1,-0.0018145984504371881,-1,0.0018145984504371881,0.08570599555969238,0.9998912811279297,3.622023723437451e-05,7.244047446874902e-05,1,18.14598450437188
2008-06-19,fold_1,Pre-crisis upturn + GFC onset,-0.0001565284183016047,-1,0.0076107727363705635,1,-0.0076107727363705635,0.07744288444519043,0.9999333620071411,2.219193811470177e-05,4.438387622940354e-05,0,-76.10772736370564
2008-06-20,fold_1,Pre-crisis upturn + GFC onset,0.0014401889638975263,1,-0.00672138063237071,-1,-0.00672138063237071,0.07020103931427002,0.9999151229858398,2.8271620976738632e-05,5.6543241953477263e-05,0,-67.2138063237071
2008-06-23,fold_1,Pre-crisis upturn + GFC onset,0.006673438008874655,1,0.0030361225362867117,1,0.0030361225362867117,0.07345032691955566,0.9999160766601562,2.7988817237201147e-05,5.5977634474402294e-05,1,30.361225362867117
2008-06-24,fold_1,Pre-crisis upturn + GFC onset,0.004076182376593351,1,0.006677090656012297,1,0.006677090656012297,0.08061778545379639,0.9999381303787231,2.0616913388948888e-05,4.1233826777897775e-05,1,66.77090656012297
2008-06-25,fold_1,Pre-crisis upturn + GFC onset,0.007086940109729767,1,0.005040960386395454,1,0.005040960386395454,0.08606517314910889,0.9998974800109863,3.4154589229729027e-05,6.830917845945805e-05,1,50.409603863954544
2008-06-26,fold_1,Pre-crisis upturn + GFC onset,0.008140039630234241,1,0.0,1,0.0,0.08606517314910889,0.999942421913147,1.9189999875379726e-05,3.837999975075945e-05,0,0.0
2008-06-27,fold_1,Pre-crisis upturn + GFC onset,0.011009089648723602,1,-0.00018895813263952732,-1,-0.00018895813263952732,0.08586001396179199,0.9999274015426636,2.4177972591132857e-05,4.8355945182265714e-05,0,-1.8895813263952732
2010-01-19,fold_2,Post-crash recovery,0.005885818507522345,1,-0.011951462365686893,-1,-0.011951462365686893,-0.011951446533203125,0.9999326467514038,2.2466780137619935e-05,4.493356027523987e-05,0,-119.51462365686893
2010-01-20,fold_2,Post-crash recovery,0.006016938015818596,1,-0.0009444424649700522,-1,-0.0009444424649700522,-0.01288461685180664,0.999954342842102,1.523037462902721e-05,3.046074925805442e-05,0,-9.444424649700522
2010-01-21,fold_2,Post-crash recovery,0.0019418280571699142,1,0.003125128336250782,1,0.003125128336250782,-0.009799838066101074,0.9999703168869019,9.89380441751564e-06,1.978760883503128e-05,1,31.25128336250782
2010-01-22,fold_2,Post-crash recovery,0.003915044944733381,1,0.0006368025206029415,1,0.0006368025206029415,-0.009169280529022217,0.9999555349349976,1.4814940186624881e-05,2.9629880373249762e-05,1,6.368025206029415
2010-01-25,fold_2,Post-crash recovery,0.003085129661485553,1,-0.004788059741258621,-1,-0.004788059741258621,-0.013913393020629883,0.9999085664749146,3.049280530831311e-05,6.098561061662622e-05,0,-47.88059741258621
2010-01-26,fold_2,Post-crash recovery,0.005846563261002302,1,-0.003648065496236086,-1,-0.003648065496236086,-0.017510652542114258,0.9999451637268066,1.8268909116159193e-05,3.6537818232318386e-05,0,-36.48065496236086
2010-01-27,fold_2,Post-crash recovery,0.0038394827861338854,1,-0.004483596887439489,-1,-0.004483596887439489,-0.021915733814239502,0.9999160766601562,2.798088826239109e-05,5.596177652478218e-05,0,-44.835968874394894
2010-01-28,fold_2,Post-crash recovery,0.0035368360113352537,1,-0.0072386483661830425,-1,-0.0072386483661830425,-0.02899569272994995,0.9999239444732666,2.5358463972224854e-05,5.071692794444971e-05,0,-72.38648366183043
2010-01-29,fold_2,Post-crash recovery,0.002547479933127761,1,0.0043313405476510525,1,0.0043313405476510525,-0.024789929389953613,0.9999555349349976,1.4824575373495463e-05,2.9649150746990927e-05,1,43.313405476510525
2010-02-01,fold_2,Post-crash recovery,-0.0025410500820726156,-1,0.0035359642934054136,1,-0.0035359642934054136,-0.028238236904144287,0.9999570846557617,1.4319813999463804e-05,2.8639627998927608e-05,0,-35.359642934054136
2010-02-02,fold_2,Post-crash recovery,-0.001468798378482461,-1,-0.0053796786814928055,-1,0.0053796786814928055,-0.0230104923248291,0.9999618530273438,1.2703890206466895e-05,2.540778041293379e-05,1,53.796786814928055
2010-02-03,fold_2,Post-crash recovery,-0.0027352883480489254,-1,-0.01122969388961792,-1,0.01122969388961792,-0.012039124965667725,0.9999372959136963,2.090793350362219e-05,4.181586700724438e-05,1,112.2969388961792
2010-02-04,fold_2,Post-crash recovery,-0.007876886986196041,-1,-0.004719560965895653,-1,0.004719560965895653,-0.007376313209533691,0.9999462366104126,1.792732291505672e-05,3.585464583011344e-05,1,47.19560965895653
2010-02-05,fold_2,Post-crash recovery,-0.005141993053257465,-1,-0.0018570575630292296,-1,0.0018570575630292296,-0.005532979965209961,0.9999645948410034,1.1807813280029222e-05,2.3615626560058445e-05,1,18.570575630292296
2010-02-08,fold_2,Post-crash recovery,-0.0025549381971359253,-1,0.009330499917268753,1,-0.009330499917268753,-0.014811873435974121,0.9999719858169556,9.348272214992903e-06,1.8696544429985806e-05,0,-93.30499917268753
2010-02-09,fold_2,Post-crash recovery,-0.0025801309384405613,-1,-0.0020905188284814358,-1,0.0020905188284814358,-0.012752294540405273,0.9999563694000244,1.4523588106385432e-05,2.9047176212770864e-05,1,20.905188284814358
2010-02-10,fold_2,Post-crash recovery,-0.0032964330166578293,-1,-0.005199064500629902,-1,0.005199064500629902,-0.007619500160217285,0.9999692440032959,1.0266844583384227e-05,2.0533689166768454e-05,1,51.99064500629902
2010-02-12,fold_2,Post-crash recovery,0.0002716970629990101,1,-0.0023396951146423817,-1,-0.0023396951146423817,-0.009941399097442627,0.9999697208404541,1.010519736155402e-05,2.021039472310804e-05,0,-23.396951146423817
2010-02-16,fold_2,Post-crash recovery,-0.003671711776405573,-1,-0.01163397915661335,-1,0.01163397915661335,0.0015769004821777344,0.9999581575393677,1.3947375009593088e-05,2.7894750019186176e-05,1,116.3397915661335
2010-02-17,fold_2,Post-crash recovery,-0.0043341112323105335,-1,-0.010688421316444874,-1,0.010688421316444874,0.012282133102416992,0.9999382495880127,2.0590750864357688e-05,4.1181501728715375e-05,1,106.88421316444874
2010-02-18,fold_2,Post-crash recovery,-0.0033296141773462296,-1,0.011409442871809006,1,-0.011409442871809006,0.0007325410842895508,0.99993896484375,2.0347035388113e-05,4.0694070776226e-05,0,-114.09442871809006
2010-02-19,fold_2,Post-crash recovery,0.001374899293296039,1,-0.0006938879960216582,-1,-0.0006938879960216582,3.814697265625e-05,0.9999581575393677,1.3953065717942081e-05,2.7906131435884163e-05,0,-6.938879960216582
2010-02-22,fold_2,Post-crash recovery,-0.005170424003154039,-1,-0.005776017438620329,-1,0.005776017438620329,0.0058144330978393555,0.9999591112136841,1.3624993698613252e-05,2.7249987397226505e-05,1,57.76017438620329
2010-02-23,fold_2,Post-crash recovery,-0.0037189298309385777,-1,0.001191824907436967,1,-0.001191824907436967,0.004615664482116699,0.9999619722366333,1.2677026461460628e-05,2.5354052922921255e-05,0,-11.918249074369669
2010-02-24,fold_2,Post-crash recovery,-0.0025353797245770693,-1,-0.000527954485733062,-1,0.000527954485733062,0.005146026611328125,0.9999592304229736,1.3589597074314952e-05,2.7179194148629904e-05,1,5.27954485733062
2010-02-25,fold_2,Post-crash recovery,-0.0015641581267118454,-1,0.007020008284598589,1,-0.007020008284598589,-0.001910090446472168,0.9999592304229736,1.3575517186836805e-05,2.715103437367361e-05,0,-70.20008284598589
2010-02-26,fold_2,Post-crash recovery,-0.0018475629622116685,-1,-0.005058620125055313,-1,0.005058620125055313,0.003138899803161621,0.9999483823776245,1.719416832202114e-05,3.438833664404228e-05,1,50.58620125055313
2010-03-01,fold_2,Post-crash recovery,-0.001476370613090694,-1,0.004317773040384054,1,-0.004317773040384054,-0.0011923909187316895,0.9999411106109619,1.9637711375253275e-05,3.927542275050655e-05,0,-43.17773040384054
2010-03-02,fold_2,Post-crash recovery,-0.004977594595402479,-1,0.005946443881839514,1,-0.005946443881839514,-0.007131755352020264,0.9999343156814575,2.1890007701586e-05,4.3780015403172e-05,0,-59.46443881839514
2010-03-03,fold_2,Post-crash recovery,-0.010164804756641388,-1,-0.00858509074896574,-1,0.00858509074896574,0.0013921260833740234,0.9999023675918579,3.254877810832113e-05,6.509755621664226e-05,1,85.8509074896574
2010-03-04,fold_2,Post-crash recovery,-0.007410762365907431,-1,0.003311865497380495,1,-0.003311865497380495,-0.0019243359565734863,0.9998894929885864,3.682163151097484e-05,7.364326302194968e-05,0,-33.11865497380495
2010-03-05,fold_2,Post-crash recovery,-0.006757528521120548,-1,-0.0008851704187691212,-1,0.0008851704187691212,-0.0010409355163574219,0.9998990297317505,3.3642048947513103e-05,6.728409789502621e-05,1,8.851704187691212
2010-03-08,fold_2,Post-crash recovery,-0.0017343958606943488,-1,-0.0007347645587287843,-1,0.0007347645587287843,-0.00030690431594848633,0.9998780488967896,4.0635095501784235e-05,8.127019100356847e-05,1,7.347645587287843
2010-03-09,fold_2,Post-crash recovery,-0.003771784482523799,-1,0.002674186136573553,1,-0.002674186136573553,-0.0029802322387695312,0.9999188184738159,2.7066249458584934e-05,5.413249891716987e-05,0,-26.74186136573553
2010-03-10,fold_2,Post-crash recovery,-0.0031325635500252247,-1,0.0030791175086051226,1,-0.0030791175086051226,-0.006050169467926025,0.9998956918716431,3.475665653240867e-05,6.951331306481734e-05,0,-30.791175086051226
2010-03-11,fold_2,Post-crash recovery,-0.006719955708831549,-1,0.006182710640132427,1,-0.006182710640132427,-0.012195467948913574,0.9999122619628906,2.9256098059704527e-05,5.8512196119409055e-05,0,-61.82710640132427
2010-03-12,fold_2,Post-crash recovery,-0.006879638880491257,-1,-0.006715663243085146,-1,0.006715663243085146,-0.005561709403991699,0.9999438524246216,1.8710852600634098e-05,3.7421705201268196e-05,1,67.15663243085146
2010-03-15,fold_2,Post-crash recovery,0.0006620660424232483,1,0.006677919998764992,1,0.006677919998764992,0.001078963279724121,0.9998844861984253,3.849164568237029e-05,7.698329136474058e-05,1,66.77919998764992
2010-03-16,fold_2,Post-crash recovery,0.0015645677922293544,1,-0.0022119286004453897,-1,-0.0022119286004453897,-0.0011353492736816406,0.9999175071716309,2.750079511315562e-05,5.500159022631124e-05,0,-22.119286004453897
2010-03-17,fold_2,Post-crash recovery,-0.0031816058326512575,-1,-0.009053192101418972,-1,0.009053192101418972,0.007907629013061523,0.9999395608901978,2.0149742340436205e-05,4.029948468087241e-05,1,90.53192101418972
2010-03-18,fold_2,Post-crash recovery,-0.0037826483603566885,-1,-0.0056584724225103855,-1,0.0056584724225103855,0.01361083984375,0.9999396800994873,2.011710785154719e-05,4.023421570309438e-05,1,56.584724225103855
2010-03-19,fold_2,Post-crash recovery,-0.005351160652935505,-1,0.0022249817848205566,1,-0.0022249817848205566,0.01135551929473877,0.9999510049819946,1.631521990930196e-05,3.263043981860392e-05,0,-22.249817848205566
2010-03-23,fold_2,Post-crash recovery,-0.0021749900188297033,-1,-0.010171548463404179,-1,0.010171548463404179,0.021642565727233887,0.9999251365661621,2.4957995265140198e-05,4.9915990530280396e-05,1,101.71548463404179
2010-03-24,fold_2,Post-crash recovery,-0.0015733645996078849,-1,-0.0017964079743251204,-1,0.0017964079743251204,0.023477792739868164,0.9999196529388428,2.6779933250509202e-05,5.3559866501018405e-05,1,17.964079743251204
2010-03-25,fold_2,Post-crash recovery,-0.002533749444410205,-1,0.0077375867404043674,1,-0.0077375867404043674,0.015558600425720215,0.9999092817306519,3.0247645554482006e-05,6.049529110896401e-05,0,-77.37586740404367
2010-03-26,fold_2,Post-crash recovery,-0.0026527391746640205,-1,0.005298086442053318,1,-0.005298086442053318,0.010178089141845703,0.9999420642852783,1.9311075448058546e-05,3.862215089611709e-05,0,-52.98086442053318
2010-03-29,fold_2,Post-crash recovery,-0.002200279152020812,-1,-0.0042286706157028675,-1,0.0042286706157028675,0.014449834823608398,0.9999222755432129,2.5885397917591035e-05,5.177079583518207e-05,1,42.286706157028675
2010-03-30,fold_2,Post-crash recovery,-0.004496236331760883,-1,0.006254276726394892,1,-0.006254276726394892,0.008105158805847168,0.9999246597290039,2.5125516913249157e-05,5.0251033826498315e-05,0,-62.54276726394892
2010-03-31,fold_2,Post-crash recovery,-0.0013650855980813503,-1,0.0056237718090415,1,-0.0056237718090415,0.0024358034133911133,0.999947190284729,1.7602422303752974e-05,3.520484460750595e-05,0,-56.237718090415
2010-04-01,fold_2,Post-crash recovery,-0.003136069281026721,-1,-0.005820577964186668,-1,0.005820577964186668,0.008270621299743652,0.9999551773071289,1.494064326834632e-05,2.988128653669264e-05,1,58.205779641866684
2010-04-05,fold_2,Post-crash recovery,-0.0007639126852154732,-1,-0.006459742318838835,-1,0.006459742318838835,0.014783740043640137,0.9999620914459229,1.2650299140659627e-05,2.5300598281319253e-05,1,64.59742318838835
2010-04-06,fold_2,Post-crash recovery,-0.003961500711739063,-1,-0.003991239704191685,-1,0.003991239704191685,0.01883399486541748,0.9999557733535767,1.473579050070839e-05,2.947158100141678e-05,1,39.91239704191685
2010-04-07,fold_2,Post-crash recovery,-0.00436052680015564,-1,0.0009486044873483479,1,-0.0009486044873483479,0.017867565155029297,0.9999613761901855,1.2885904652648605e-05,2.577180930529721e-05,0,-9.486044873483479
2010-04-08,fold_2,Post-crash recovery,-0.0022059280890971422,-1,0.01046330388635397,1,-0.01046330388635397,0.007217288017272949,0.9999589920043945,1.367884124192642e-05,2.735768248385284e-05,0,-104.6330388635397
2010-04-09,fold_2,Post-crash recovery,-0.003328383667394519,-1,0.007042666897177696,1,-0.007042666897177696,0.00012385845184326172,0.999958872795105,1.3687179489352275e-05,2.737435897870455e-05,0,-70.42666897177696
2010-04-12,fold_2,Post-crash recovery,-0.005576980300247669,-1,0.0009253707830794156,1,-0.0009253707830794156,-0.0008016228675842285,0.9999382495880127,2.059359940176364e-05,4.118719880352728e-05,0,-9.253707830794156
2010-04-13,fold_2,Post-crash recovery,-0.0036112263333052397,-1,0.0034823056776076555,1,-0.0034823056776076555,-0.004281103610992432,0.9999715089797974,9.5021678134799e-06,1.90043356269598e-05,0,-34.823056776076555
2010-04-14,fold_2,Post-crash recovery,-0.00246369163505733,-1,-0.005999756511300802,-1,0.005999756511300802,0.0016930103302001953,0.9999526739120483,1.5789388271514326e-05,3.157877654302865e-05,1,59.99756511300802
2010-04-15,fold_2,Post-crash recovery,-0.002172568580135703,-1,-0.00515845837071538,-1,0.00515845837071538,0.006860136985778809,0.9999675750732422,1.0823860066011548e-05,2.1647720132023096e-05,1,51.5845837071538
2010-04-16,fold_2,Post-crash recovery,-0.00016847187362145633,-1,-0.0012409078190103173,-1,0.0012409078190103173,0.008109450340270996,0.9999569654464722,1.4343077964440454e-05,2.8686155928880908e-05,1,12.409078190103173
2010-04-19,fold_2,Post-crash recovery,0.0012196148745715618,1,-0.0038692092057317495,-1,-0.0038692092057317495,0.004208803176879883,0.9998903274536133,3.654879401437938e-05,7.309758802875876e-05,0,-38.692092057317495
2010-04-20,fold_2,Post-crash recovery,0.005030687432736158,1,-0.0033609094098210335,-1,-0.0033609094098210335,0.0008337497711181641,0.9999279975891113,2.4011715140659362e-05,4.8023430281318724e-05,0,-33.609094098210335
2010-04-21,fold_2,Post-crash recovery,0.00385753670707345,1,-0.008957214653491974,-1,-0.008957214653491974,-0.008130908012390137,0.9999783039093018,7.215844561869744e-06,1.4431689123739488e-05,0,-89.57214653491974
2010-04-22,fold_2,Post-crash recovery,0.005110233556479216,1,0.008592506870627403,1,0.008592506870627403,0.0003917217254638672,0.9999527931213379,1.5713156244601123e-05,3.1426312489202246e-05,1,85.92506870627403
2010-04-23,fold_2,Post-crash recovery,0.0011360578937456012,1,0.001286504091694951,1,0.001286504091694951,0.0016787052154541016,0.999975323677063,8.213451110350434e-06,1.6426902220700867e-05,1,12.86504091694951
2010-04-26,fold_2,Post-crash recovery,0.0012700707884505391,1,-0.01720094121992588,-1,-0.01720094121992588,-0.015551090240478516,0.9999668598175049,1.1033823284378741e-05,2.2067646568757482e-05,0,-172.0094121992588
2010-04-27,fold_2,Post-crash recovery,0.001706156530417502,1,0.00319747650064528,1,0.00319747650064528,-0.012403368949890137,0.9999533891677856,1.5544552297797054e-05,3.108910459559411e-05,1,31.9747650064528
2010-04-28,fold_2,Post-crash recovery,0.0031045344658195972,1,0.0037932186387479305,1,0.0037932186387479305,-0.00865715742111206,0.9999678134918213,1.0728348570410162e-05,2.1456697140820324e-05,1,37.932186387479305
2010-04-30,fold_2,Post-crash recovery,0.0052285767160356045,1,-0.007378703448921442,-1,-0.007378703448921442,-0.01597195863723755,0.9999759197235107,8.00438010628568e-06,1.600876021257136e-05,0,-73.78703448921442
2010-05-06,fold_2,Post-crash recovery,0.002730121137574315,1,0.009745693765580654,1,0.009745693765580654,-0.00638192892074585,0.9999738931655884,8.693138624948915e-06,1.738627724989783e-05,1,97.45693765580654
2010-05-07,fold_2,Post-crash recovery,0.004229474812746048,1,0.0018146689981222153,1,0.0018146689981222153,-0.004578769207000732,0.9999697208404541,1.0075350473925937e-05,2.0150700947851874e-05,1,18.146689981222153
2010-05-10,fold_2,Post-crash recovery,0.001119492924772203,1,-0.011682657524943352,-1,-0.011682657524943352,-0.01620793342590332,0.9999731779098511,8.928403076424729e-06,1.7856806152849458e-05,0,-116.82657524943352
2010-05-11,fold_2,Post-crash recovery,0.005722810979932547,1,0.0007203565328381956,1,0.0007203565328381956,-0.015499234199523926,0.9999639987945557,1.1995321074209642e-05,2.3990642148419283e-05,1,7.203565328381956
2010-05-12,fold_2,Post-crash recovery,0.007198718376457691,1,-0.007750330958515406,-1,-0.007750330958515406,-0.02312946319580078,0.9999637603759766,1.2079061889380682e-05,2.4158123778761365e-05,0,-77.50330958515406
2010-05-13,fold_2,Post-crash recovery,0.005696595646440983,1,-0.014436493627727032,-1,-0.014436493627727032,-0.037232041358947754,0.9999450445175171,1.8322480173083022e-05,3.6644960346166044e-05,0,-144.36493627727032
2010-05-14,fold_2,Post-crash recovery,0.0032038502395153046,1,0.00266445754095912,1,0.00266445754095912,-0.03466677665710449,0.9999277591705322,2.4074352040770464e-05,4.814870408154093e-05,1,26.644575409591198
2010-05-17,fold_2,Post-crash recovery,0.002825115341693163,1,-0.0172696802765131,-1,-0.0172696802765131,-0.05133777856826782,0.9998878240585327,3.738981831702404e-05,7.477963663404807e-05,0,-172.696802765131
2010-05-18,fold_2,Post-crash recovery,0.003900813404470682,1,0.0176109466701746,1,0.0176109466701746,-0.03463095426559448,0.9998695850372314,4.3454889237182215e-05,8.690977847436443e-05,1,176.109466701746
2010-05-19,fold_2,Post-crash recovery,0.004222124814987183,1,0.006900882814079523,1,0.006900882814079523,-0.027969062328338623,0.9998996257781982,3.343749267514795e-05,6.68749853502959e-05,1,69.00882814079523
2010-05-20,fold_2,Post-crash recovery,0.0019122110679745674,1,0.0070626987144351006,1,0.0070626987144351006,-0.02110391855239868,0.9999262094497681,2.4592425688751973e-05,4.9184851377503946e-05,1,70.626987144351
2010-05-21,fold_2,Post-crash recovery,-0.000940497440751642,-1,-0.017277510836720467,-1,0.017277510836720467,-0.004191040992736816,0.9999297857284546,2.3384873202303424e-05,4.676974640460685e-05,1,172.77510836720467
2010-05-24,fold_2,Post-crash recovery,0.00248141260817647,1,-0.0003210459544789046,-1,-0.0003210459544789046,-0.004510700702667236,0.9999531507492065,1.5600986444042064e-05,3.120197288808413e-05,0,-3.210459544789046
2010-05-25,fold_2,Post-crash recovery,0.0027682494837790728,1,-0.014011116698384285,-1,-0.014011116698384285,-0.018458664417266846,0.9999251365661621,2.494096952432301e-05,4.988193904864602e-05,0,-140.11116698384285
2010-05-26,fold_2,Post-crash recovery,0.008944797329604626,1,0.014373074285686016,1,0.014373074285686016,-0.004350900650024414,0.9999309778213501,2.300064079463482e-05,4.600128158926964e-05,1,143.73074285686016
2010-05-27,fold_2,Post-crash recovery,0.008342643268406391,1,-0.005989732686430216,-1,-0.005989732686430216,-0.010314583778381348,0.9999414682388306,1.949151192093268e-05,3.898302384186536e-05,0,-59.89732686430216
2010-05-28,fold_2,Post-crash recovery,0.005986878182739019,1,0.0011304189683869481,1,0.0011304189683869481,-0.009195804595947266,0.9999620914459229,1.2650569260586053e-05,2.5301138521172106e-05,1,11.304189683869481
2010-06-01,fold_2,Post-crash recovery,0.013665231876075268,1,0.000489582889713347,1,0.000489582889713347,-0.008710741996765137,0.9999197721481323,2.6743451599031687e-05,5.3486903198063374e-05,1,4.89582889713347
2010-06-02,fold_2,Post-crash recovery,0.015113666653633118,1,-0.005683161783963442,-1,-0.005683161783963442,-0.014344394207000732,0.9998834133148193,3.8861093344166875e-05,7.772218668833375e-05,0,-56.83161783963442
2010-06-03,fold_2,Post-crash recovery,0.021432967856526375,1,-0.01630449667572975,-1,-0.01630449667572975,-0.030414998531341553,0.9998959302902222,3.470592127996497e-05,6.941184255992994e-05,0,-163.04496675729752
2010-06-04,fold_2,Post-crash recovery,0.01318428572267294,1,-0.004018112551420927,-1,-0.004018112551420927,-0.03431093692779541,0.9999284744262695,2.3845221221563406e-05,4.769044244312681e-05,0,-40.18112551420927
2010-06-07,fold_2,Post-crash recovery,0.014084427617490292,1,0.0041184090077877045,1,0.0041184090077877045,-0.03033381700515747,0.9999486207962036,1.710735341475811e-05,3.421470682951622e-05,1,41.184090077877045
2010-06-08,fold_2,Post-crash recovery,0.015838593244552612,1,0.0016669539036229253,1,0.0016669539036229253,-0.028717458248138428,0.9999339580535889,2.2014588466845453e-05,4.4029176933690906e-05,1,16.669539036229253
2010-06-09,fold_2,Post-crash recovery,0.01056694146245718,1,0.00975992064923048,1,0.00975992064923048,-0.019237816333770752,0.9999434947967529,1.881811476778239e-05,3.763622953556478e-05,1,97.5992064923048
2010-06-10,fold_2,Post-crash recovery,0.011541316285729408,1,0.00041180214611813426,1,0.00041180214611813426,-0.01883399486541748,0.9999295473098755,2.3471942768082954e-05,4.694388553616591e-05,1,4.118021461181343
2010-06-11,fold_2,Post-crash recovery,0.006679087411612272,1,0.008589374832808971,1,0.008589374832808971,-0.01040637493133545,0.9999368190765381,2.1072872186778113e-05,4.2145744373556226e-05,1,85.89374832808971
2010-06-14,fold_2,Post-crash recovery,-0.005911835934966803,-1,0.00826606061309576,1,-0.00826606061309576,-0.018586397171020508,0.9999203681945801,2.654419222380966e-05,5.308838444761932e-05,0,-82.6606061309576
2010-06-15,fold_2,Post-crash recovery,-0.001263351645320654,-1,-0.0005786734400317073,-1,0.0005786734400317073,-0.018018484115600586,0.9999384880065918,2.0513181880232878e-05,4.1026363760465756e-05,1,5.786734400317073
2010-06-16,fold_2,Post-crash recovery,-0.0029917333740741014,-1,0.005695778410881758,1,-0.005695778410881758,-0.023611605167388916,0.9999504089355469,1.6541427612537518e-05,3.3082855225075036e-05,0,-56.95778410881758
2010-06-17,fold_2,Post-crash recovery,0.0034151242580264807,1,0.000879864557646215,1,0.000879864557646215,-0.02275252342224121,0.9999215602874756,2.612881326058414e-05,5.225762652116828e-05,1,8.79864557646215
2010-06-18,fold_2,Post-crash recovery,-0.004575008060783148,-1,-0.006207311991602182,-1,0.006207311991602182,-0.01668637990951538,0.999946117401123,1.7938256860361435e-05,3.587651372072287e-05,1,62.073119916021824
2010-06-21,fold_2,Post-crash recovery,-0.006073567550629377,-1,-0.0033265468664467335,-1,0.0033265468664467335,-0.013415336608886719,0.9998846054077148,3.844960519927554e-05,7.689921039855108e-05,1,33.265468664467335
2010-06-22,fold_2,Post-crash recovery,-0.008088827133178711,-1,0.003584904596209526,1,-0.003584904596209526,-0.016952157020568848,0.9999445676803589,1.8460905266692862e-05,3.6921810533385724e-05,0,-35.84904596209526
2010-06-23,fold_2,Post-crash recovery,-0.0009187113610096276,-1,0.0014927452430129051,1,-0.0014927452430129051,-0.01841956377029419,0.999863862991333,4.536959750112146e-05,9.073919500224292e-05,0,-14.927452430129051
2010-06-24,fold_2,Post-crash recovery,0.002771958475932479,1,0.002882967470213771,1,0.002882967470213771,-0.015589714050292969,0.9999309778213501,2.2991129299043678e-05,4.5982258598087355e-05,1,28.82967470213771
2010-06-25,fold_2,Post-crash recovery,0.002412989502772689,1,-0.007759139873087406,-1,-0.007759139873087406,-0.023227930068969727,0.9998810291290283,3.9671274862485006e-05,7.934254972497001e-05,0,-77.59139873087406
2010-06-28,fold_2,Post-crash recovery,0.010274992324411869,1,-0.007384906057268381,-1,-0.007384906057268381,-0.0304412841796875,0.9999645948410034,1.1803806955867913e-05,2.3607613911735825e-05,0,-73.84906057268381
2010-06-29,fold_2,Post-crash recovery,0.012605245225131512,1,0.003583511570468545,1,0.003583511570468545,-0.02696681022644043,0.9998990297317505,3.366811870364472e-05,6.733623740728945e-05,1,35.83511570468545
2013-01-18,fold_3,Eurozone debt plateau,0.003481358289718628,1,-0.00392940966412425,-1,-0.00392940966412425,-0.003929436206817627,0.999962329864502,1.2552774933283217e-05,2.5105549866566435e-05,0,-39.294096641242504
2013-01-22,fold_3,Eurozone debt plateau,0.003728281706571579,1,0.00018636102322489023,1,0.00018636102322489023,-0.0037438273429870605,0.9999583959579468,1.3856268196832389e-05,2.7712536393664777e-05,1,1.8636102322489023
2013-01-23,fold_3,Eurozone debt plateau,0.003485011402517557,1,-0.0004125860577914864,-1,-0.0004125860577914864,-0.004154860973358154,0.9999614953994751,1.2821746167901438e-05,2.5643492335802875e-05,0,-4.125860577914864
2013-01-24,fold_3,Eurozone debt plateau,0.001123609021306038,1,0.004572297912091017,1,0.004572297912091017,0.00039839744567871094,0.9999417066574097,1.94467884284677e-05,3.88935768569354e-05,1,45.72297912091017
2013-01-25,fold_3,Eurozone debt plateau,0.0005624815821647644,1,0.007231287192553282,1,0.007231287192553282,0.00763249397277832,0.9999489784240723,1.7018472135532647e-05,3.4036944271065295e-05,1,72.31287192553282
2013-01-28,fold_3,Eurozone debt plateau,-0.0038082029204815626,-1,-0.0014656366547569633,-1,0.0014656366547569633,0.00910937786102295,0.9999382495880127,2.0594536181306466e-05,4.118907236261293e-05,1,14.656366547569633
2013-01-29,fold_3,Eurozone debt plateau,0.0008035931969061494,1,0.003372915554791689,1,0.003372915554791689,0.012513041496276855,0.9998327493667603,5.574640817940235e-05,0.0001114928163588047,1,33.72915554791689
2013-01-30,fold_3,Eurozone debt plateau,0.002482242649421096,1,0.005685125477612019,1,0.005685125477612019,0.01826930046081543,0.999923825263977,2.5376071789651178e-05,5.0752143579302356e-05,1,56.851254776120186
2013-01-31,fold_3,Eurozone debt plateau,-0.0037637182977050543,-1,0.003144102171063423,1,-0.003144102171063423,0.015067815780639648,0.9999736547470093,8.795870598987676e-06,1.7591741197975352e-05,0,-31.44102171063423
2013-02-01,fold_3,Eurozone debt plateau,0.0017524342983961105,1,0.0027706902474164963,1,0.0027706902474164963,0.01788020133972168,0.99989914894104,3.361256676726043e-05,6.722513353452086e-05,1,27.706902474164963
2013-02-04,fold_3,Eurozone debt plateau,0.004877651575952768,1,-0.01003915723413229,-1,-0.01003915723413229,0.007661581039428711,0.9999035596847534,3.216292316210456e-05,6.432584632420912e-05,0,-100.3915723413229
2013-02-05,fold_3,Eurozone debt plateau,0.005196751561015844,1,0.005160914734005928,1,0.005160914734005928,0.012862086296081543,0.9999127388000488,2.9090108000673354e-05,5.818021600134671e-05,1,51.60914734005928
2013-02-06,fold_3,Eurozone debt plateau,0.0003952159604523331,1,-0.004232979379594326,-1,-0.004232979379594326,0.008574604988098145,0.9998565912246704,4.7795838327147067e-05,9.559167665429413e-05,0,-42.32979379594326
2013-02-07,fold_3,Eurozone debt plateau,0.0023168527986854315,1,-0.009948350489139557,-1,-0.009948350489139557,-0.0014590620994567871,0.9999217987060547,2.6057256036438048e-05,5.2114512072876096e-05,0,-99.48350489139557
2013-02-08,fold_3,Eurozone debt plateau,0.0076173110865056515,1,-0.0015773915220052004,-1,-0.0015773915220052004,-0.0030341148376464844,0.9998959302902222,3.470404408290051e-05,6.940808816580102e-05,0,-15.773915220052004
2013-02-12,fold_3,Eurozone debt plateau,0.006611620541661978,1,0.0036186398938298225,1,0.0036186398938298225,0.0005735158920288086,0.9998530149459839,4.900724525214173e-05,9.801449050428346e-05,1,36.186398938298225
2013-02-13,fold_3,Eurozone debt plateau,0.0013829016825184226,1,-0.0005645840428769588,-1,-0.0005645840428769588,8.58306884765625e-06,0.999870777130127,4.305626862333156e-05,8.611253724666312e-05,0,-5.6458404287695885
2013-02-14,fold_3,Eurozone debt plateau,0.006710434798151255,1,-0.00681004673242569,-1,-0.00681004673242569,-0.0068015456199646,0.9999104738235474,2.98396098514786e-05,5.96792197029572e-05,0,-68.1004673242569
2013-02-15,fold_3,Eurozone debt plateau,0.00533698545768857,1,-0.0006672476301901042,-1,-0.0006672476301901042,-0.007464289665222168,0.9999310970306396,2.2976411855779588e-05,4.5952823711559176e-05,0,-6.6724763019010425
2013-02-19,fold_3,Eurozone debt plateau,0.006410658359527588,1,0.003643653355538845,1,0.003643653355538845,-0.003847837448120117,0.9998778104782104,4.072601950610988e-05,8.145203901221976e-05,1,36.43653355538845
2013-02-20,fold_3,Eurozone debt plateau,0.005581618752330542,1,-0.009158467873930931,-1,-0.009158467873930931,-0.012971103191375732,0.9999470710754395,1.7632575691095553e-05,3.526515138219111e-05,0,-91.58467873930931
2013-02-21,fold_3,Eurozone debt plateau,0.006544205825775862,1,-0.005937489680945873,-1,-0.005937489680945873,-0.018831610679626465,0.9999293088912964,2.3559876353829168e-05,4.7119752707658336e-05,0,-59.37489680945873
2013-02-22,fold_3,Eurozone debt plateau,0.003493254305794835,1,0.00011880857346113771,1,0.00011880857346113771,-0.0187150239944458,0.9998905658721924,3.646762706921436e-05,7.293525413842872e-05,1,1.1880857346113771
2013-02-25,fold_3,Eurozone debt plateau,0.0032729085069149733,1,-0.009916401468217373,-1,-0.009916401468217373,-0.028445839881896973,0.9999325275421143,2.2471211195806973e-05,4.4942422391613945e-05,0,-99.16401468217373
2013-02-26,fold_3,Eurozone debt plateau,-0.0003248983121011406,-1,6.532984116347507e-05,1,-6.532984116347507e-05,-0.028509318828582764,0.9999576807022095,1.4118536455498543e-05,2.8237072910997085e-05,0,-0.6532984116347507
2013-02-27,fold_3,Eurozone debt plateau,0.009924712590873241,1,0.006509747821837664,1,0.006509747821837664,-0.022185146808624268,0.9998992681503296,3.3562151656951755e-05,6.712430331390351e-05,1,65.09747821837664
2013-02-28,fold_3,Eurozone debt plateau,0.007338900119066238,1,-0.006921785417944193,-1,-0.006921785417944193,-0.028953373432159424,0.9999127388000488,2.90679199679289e-05,5.81358399358578e-05,0,-69.21785417944193
2013-03-01,fold_3,Eurozone debt plateau,0.00679050525650382,1,-0.003293330315500498,-1,-0.003293330315500498,-0.03215134143829346,0.9998418092727661,5.2714505727635697e-05,0.00010542901145527139,0,-32.93330315500498
2013-03-04,fold_3,Eurozone debt plateau,0.0013120821677148342,1,0.0014731583651155233,1,0.0014731583651155233,-0.030725538730621338,0.9999080896377563,3.064595875912346e-05,6.129191751824692e-05,1,14.731583651155233
2013-03-05,fold_3,Eurozone debt plateau,0.002225295640528202,1,0.0009524957276880741,1,0.0009524957276880741,-0.029802322387695312,0.9999268054962158,2.4391909391852096e-05,4.878381878370419e-05,1,9.524957276880741
2013-03-06,fold_3,Eurozone debt plateau,0.0004081859369762242,1,-0.0053601814433932304,-1,-0.0053601814433932304,-0.03500276803970337,0.9998648166656494,4.506887853494845e-05,9.01377570698969e-05,0,-53.601814433932304
2013-03-07,fold_3,Eurozone debt plateau,-0.0006524088094010949,-1,0.010226847603917122,1,-0.010226847603917122,-0.044871628284454346,0.9998748302459717,4.170748798060231e-05,8.341497596120462e-05,0,-102.26847603917122
2013-03-08,fold_3,Eurozone debt plateau,-0.0047478280030190945,-1,-0.009403315372765064,-1,0.009403315372765064,-0.03589022159576416,0.9999244213104248,2.5209088562405668e-05,5.0418177124811336e-05,1,94.03315372765064
2013-03-11,fold_3,Eurozone debt plateau,-0.002761473646387458,-1,0.0034406150225549936,1,-0.0034406150225549936,-0.0392073392868042,0.9999068975448608,3.10390823869966e-05,6.20781647739932e-05,0,-34.406150225549936
2013-03-12,fold_3,Eurozone debt plateau,0.005791060160845518,1,-0.0002605045447126031,-1,-0.0002605045447126031,-0.03945767879486084,0.9999293088912964,2.3579177650390193e-05,4.7158355300780386e-05,0,-2.605045447126031
2013-03-13,fold_3,Eurozone debt plateau,0.0052062650211155415,1,-0.005442651454359293,-1,-0.005442651454359293,-0.04468560218811035,0.9999040365219116,3.1969830160960555e-05,6.393966032192111e-05,0,-54.42651454359293
2013-03-14,fold_3,Eurozone debt plateau,0.0015402233693748713,1,0.004164100158959627,1,0.004164100158959627,-0.04070758819580078,0.9998354911804199,5.4834545153426006e-05,0.00010966909030685201,1,41.64100158959627
2013-03-15,fold_3,Eurozone debt plateau,-0.00010540783841861412,-1,-0.009192564524710178,-1,0.009192564524710178,-0.03188920021057129,0.9999550580978394,1.4989923329267185e-05,2.997984665853437e-05,1,91.92564524710178
2013-03-18,fold_3,Eurozone debt plateau,-0.0005934068467468023,-1,0.004051790572702885,1,-0.004051790572702885,-0.035811781883239746,0.9999074935913086,3.083500996581279e-05,6.167001993162557e-05,0,-40.51790572702885
2013-03-19,fold_3,Eurozone debt plateau,-0.0035502295941114426,-1,-0.006264734081923962,-1,0.006264734081923962,-0.02977144718170166,0.9999419450759888,1.9356239135959186e-05,3.871247827191837e-05,1,62.647340819239616
2013-03-21,fold_3,Eurozone debt plateau,-0.005443011876195669,-1,-0.002839107299223542,-1,0.002839107299223542,-0.027016878128051758,0.9999412298202515,1.9601075109676458e-05,3.9202150219352916e-05,1,28.391072992235422
2013-03-22,fold_3,Eurozone debt plateau,-0.009137573651969433,-1,0.0092341098934412,1,-0.0092341098934412,-0.036001503467559814,0.9999688863754272,1.037798574543558e-05,2.075597149087116e-05,0,-92.341098934412
2013-03-25,fold_3,Eurozone debt plateau,-0.007705160416662693,-1,-0.012717006728053093,-1,0.012717006728053093,-0.023742318153381348,0.9999337196350098,2.2096108295954764e-05,4.419221659190953e-05,1,127.17006728053093
2013-03-26,fold_3,Eurozone debt plateau,-0.005108840297907591,-1,0.00012858747504651546,1,-0.00012858747504651546,-0.02386784553527832,0.9999369382858276,2.1011641365475953e-05,4.2023282730951905e-05,0,-1.2858747504651546
2013-03-27,fold_3,Eurozone debt plateau,-2.5072042262763716e-05,-1,-0.0063889650627970695,-1,0.0063889650627970695,-0.01763129234313965,0.9998871088027954,3.763459244510159e-05,7.526918489020318e-05,1,63.889650627970695
2013-03-28,fold_3,Eurozone debt plateau,0.00023804065131116658,1,0.002973254071548581,1,0.002973254071548581,-0.014710485935211182,0.9998972415924072,3.423420275794342e-05,6.846840551588684e-05,1,29.73254071548581
2013-04-01,fold_3,Eurozone debt plateau,0.0027062478475272655,1,0.0034695772919803858,1,0.0034695772919803858,-0.011291921138763428,0.99994957447052,1.6824544218252413e-05,3.3649088436504826e-05,1,34.69577291980386
2013-04-02,fold_3,Eurozone debt plateau,0.0020275211427360773,1,-0.0023077132645994425,-1,-0.0023077132645994425,-0.01357358694076538,0.9998154044151306,6.15371172898449e-05,0.0001230742345796898,0,-23.077132645994425
2013-04-03,fold_3,Eurozone debt plateau,0.0003315435897093266,1,0.002313051139935851,1,0.002313051139935851,-0.011291980743408203,0.9998600482940674,4.66496821900364e-05,9.32993643800728e-05,1,23.13051139935851
2013-04-04,fold_3,Eurozone debt plateau,-0.00578355835750699,-1,0.006076161749660969,1,-0.006076161749660969,-0.017299532890319824,0.9999395608901978,2.014549136220012e-05,4.029098272440024e-05,0,-60.76161749660969
2013-04-05,fold_3,Eurozone debt plateau,-0.0046994648873806,-1,0.004937021527439356,1,-0.004937021527439356,-0.02215111255645752,0.999882698059082,3.908765211235732e-05,7.817530422471464e-05,0,-49.37021527439356
2013-04-08,fold_3,Eurozone debt plateau,-0.0045318701304495335,-1,0.0028665303252637386,1,-0.0028665303252637386,-0.024954140186309814,0.9999290704727173,2.3627600967301987e-05,4.7255201934603974e-05,0,-28.665303252637386
2013-04-09,fold_3,Eurozone debt plateau,-0.004118339624255896,-1,0.003910965286195278,1,-0.003910965286195278,-0.028767526149749756,0.9999431371688843,1.894659908430185e-05,3.78931981686037e-05,0,-39.10965286195278
2013-04-10,fold_3,Eurozone debt plateau,-0.011323018930852413,-1,-0.0019061239436268806,-1,0.0019061239436268806,-0.026916205883026123,0.9998849630355835,3.8345682696672156e-05,7.669136539334431e-05,1,19.061239436268806
2013-04-11,fold_3,Eurozone debt plateau,-0.015322349965572357,-1,0.00455083604902029,1,-0.00455083604902029,-0.03134453296661377,0.9999253749847412,2.4869237677194178e-05,4.9738475354388356e-05,0,-45.508360490202904
2013-04-12,fold_3,Eurozone debt plateau,-0.015711301937699318,-1,-0.001178935170173645,-1,0.001178935170173645,-0.030202507972717285,0.9999082088470459,3.0609298846684396e-05,6.121859769336879e-05,1,11.78935170173645
2013-04-15,fold_3,Eurozone debt plateau,-0.013981434516608715,-1,-0.0034072035923600197,-1,0.0034072035923600197,-0.02689814567565918,0.9999665021896362,1.1151110811624676e-05,2.2302221623249352e-05,1,34.0720359236002
2013-04-16,fold_3,Eurozone debt plateau,-0.011469555087387562,-1,0.009501743130385876,1,-0.009501743130385876,-0.03614431619644165,0.999923586845398,2.5480931071797386e-05,5.096186214359477e-05,0,-95.01743130385876
2013-04-17,fold_3,Eurozone debt plateau,-0.009958203881978989,-1,-0.010910171084105968,-1,0.010910171084105968,-0.025628507137298584,0.9999356269836426,2.147247505490668e-05,4.294495010981336e-05,1,109.10171084105968
2013-04-18,fold_3,Eurozone debt plateau,-0.014605640433728695,-1,0.0013966822298243642,1,-0.0013966822298243642,-0.026989340782165527,0.9999641180038452,1.1938477655348834e-05,2.3876955310697667e-05,0,-13.966822298243642
2013-04-19,fold_3,Eurozone debt plateau,-0.013430600054562092,-1,0.0001958034554263577,1,-0.0001958034554263577,-0.027179837226867676,0.9999098777770996,3.0040504498174414e-05,6.008100899634883e-05,0,-1.9580345542635769
2013-04-22,fold_3,Eurozone debt plateau,-0.011058421805500984,-1,0.0004571809549815953,1,-0.0004571809549815953,-0.02762460708618164,0.9999402761459351,1.9915136363124475e-05,3.983027272624895e-05,0,-4.571809549815953
2013-04-23,fold_3,Eurozone debt plateau,-0.006570165045559406,-1,-0.005145795177668333,-1,0.005145795177668333,-0.022620975971221924,0.9999239444732666,2.5349681891384535e-05,5.069936378276907e-05,1,51.45795177668333
2013-04-24,fold_3,Eurozone debt plateau,0.0017696801805868745,1,0.0017703734338283539,1,0.0017703734338283539,-0.020890653133392334,0.9999176263809204,2.7459083867142908e-05,5.4918167734285817e-05,1,17.70373433828354
2013-04-25,fold_3,Eurozone debt plateau,0.007403313647955656,1,-0.0007805071654729545,-1,-0.0007805071654729545,-0.021654844284057617,0.9999170303344727,2.766411671473179e-05,5.532823342946358e-05,0,-7.805071654729545
2013-04-26,fold_3,Eurozone debt plateau,0.01465360727161169,1,0.0027129673399031162,1,0.0027129673399031162,-0.019000649452209473,0.9999257326126099,2.4757351638982072e-05,4.9514703277964145e-05,1,27.129673399031162
2013-04-30,fold_3,Eurozone debt plateau,0.003040742129087448,1,0.005530692171305418,1,0.005530692171305418,-0.01357501745223999,0.9999135732650757,2.8794236641260795e-05,5.758847328252159e-05,1,55.30692171305418
2013-05-01,fold_3,Eurozone debt plateau,0.0021390027832239866,1,0.0010545552941039205,1,0.0010545552941039205,-0.012534797191619873,0.9999186992645264,2.7110931114293635e-05,5.422186222858727e-05,1,10.545552941039205
2013-05-02,fold_3,Eurozone debt plateau,-0.0005279494798742235,-1,-0.00888423714786768,-1,0.00888423714786768,-0.0037619471549987793,0.9999409914016724,1.965854062291328e-05,3.931708124582656e-05,1,88.8423714786768
2013-05-07,fold_3,Eurozone debt plateau,0.00023276898718904704,1,0.0005231635295785964,1,0.0005231635295785964,-0.0032407045364379883,0.9999563694000244,1.4555835150531493e-05,2.9111670301062986e-05,1,5.2316352957859635
2013-05-08,fold_3,Eurozone debt plateau,-0.001381267444230616,-1,0.00644897622987628,1,-0.00644897622987628,-0.00966876745223999,0.9999791383743286,6.954297532502096e-06,1.3908595065004192e-05,0,-64.4897622987628
2013-05-09,fold_3,Eurozone debt plateau,-0.002698682015761733,-1,-0.009645446203649044,-1,0.009645446203649044,-0.00011658668518066406,0.9999394416809082,2.0186287656542845e-05,4.037257531308569e-05,1,96.45446203649044
2013-05-10,fold_3,Eurozone debt plateau,-0.0029306409414857626,-1,-0.005302789621055126,-1,0.005302789621055126,0.005185604095458984,0.9999688863754272,1.0366257811256219e-05,2.0732515622512437e-05,1,53.02789621055126
2013-05-13,fold_3,Eurozone debt plateau,-0.005202458705753088,-1,0.0017533899517729878,1,-0.0017533899517729878,0.0034230947494506836,0.9999427795410156,1.9062752471654676e-05,3.812550494330935e-05,0,-17.53389951772988
2013-05-14,fold_3,Eurozone debt plateau,-0.00224666902795434,-1,-0.003920002840459347,-1,0.003920002840459347,0.007356524467468262,0.9999598264694214,1.338147103524534e-05,2.676294207049068e-05,1,39.20002840459347
2013-05-15,fold_3,Eurozone debt plateau,0.00029682443710044026,1,-0.004225410986691713,-1,-0.004225410986691713,0.0031000375747680664,0.999972939491272,9.018598575494252e-06,1.8037197150988504e-05,0,-42.25410986691713
2013-05-16,fold_3,Eurozone debt plateau,-0.002025047317147255,-1,6.449774082284421e-05,1,-6.449774082284421e-05,0.003035306930541992,0.9999644756317139,1.1853537216666155e-05,2.370707443333231e-05,0,-0.6449774082284421
2013-05-17,fold_3,Eurozone debt plateau,0.0009812135249376297,1,-0.003696675878018141,-1,-0.003696675878018141,-0.0006725788116455078,0.9999711513519287,9.60861780185951e-06,1.921723560371902e-05,0,-36.96675878018141
2013-05-20,fold_3,Eurozone debt plateau,-0.00058104342315346,-1,0.004318435210734606,1,-0.004318435210734606,-0.00498807430267334,0.9999486207962036,1.7103438949561678e-05,3.4206877899123356e-05,0,-43.18435210734606
2013-05-21,fold_3,Eurozone debt plateau,-0.0013328493805602193,-1,0.002170462626963854,1,-0.002170462626963854,-0.007147669792175293,0.9999856948852539,4.7462121983699035e-06,9.492424396739807e-06,0,-21.70462626963854
2013-05-22,fold_3,Eurozone debt plateau,-0.00017369688430335373,-1,-0.005958682391792536,-1,0.005958682391792536,-0.0012316107749938965,0.999982476234436,5.823866558785085e-06,1.164773311757017e-05,1,59.58682391792536
2013-05-23,fold_3,Eurozone debt plateau,0.001434881123714149,1,0.006462528370320797,1,0.006462528370320797,0.00522303581237793,0.9999629259109497,1.2355534636299126e-05,2.4711069272598252e-05,1,64.62528370320797
2013-05-24,fold_3,Eurozone debt plateau,-0.0004976033233106136,-1,0.0009831828065216541,1,-0.0009831828065216541,0.004234671592712402,0.9999581575393677,1.3929265151091386e-05,2.785853030218277e-05,0,-9.831828065216541
2013-05-28,fold_3,Eurozone debt plateau,0.0039059214759618044,1,-0.006770005449652672,-1,-0.006770005449652672,-0.0025640130043029785,0.9999624490737915,1.2507403880590573e-05,2.5014807761181146e-05,0,-67.70005449652672
2013-05-29,fold_3,Eurozone debt plateau,0.005696519743651152,1,0.007898152805864811,1,0.007898152805864811,0.005313992500305176,0.9999738931655884,8.681051440362353e-06,1.7362102880724706e-05,1,78.98152805864811
2013-05-30,fold_3,Eurozone debt plateau,0.0038407202810049057,1,0.007421950809657574,1,0.007421950809657574,0.012775421142578125,0.9999606609344482,1.3109663996146992e-05,2.6219327992293984e-05,1,74.21950809657574
2013-05-31,fold_3,Eurozone debt plateau,0.004141474142670631,1,-0.0036389913875609636,-1,-0.0036389913875609636,0.009089946746826172,0.9999446868896484,1.8438842744217254e-05,3.687768548843451e-05,0,-36.389913875609636
2013-06-03,fold_3,Eurozone debt plateau,-0.0007918521878309548,-1,0.005882744211703539,1,-0.005882744211703539,0.003153681755065918,0.9999488592147827,1.7057929653674364e-05,3.411585930734873e-05,0,-58.82744211703539
2013-06-04,fold_3,Eurozone debt plateau,0.0019848959054797888,1,3.9302009099628776e-05,1,3.9302009099628776e-05,0.0031931400299072266,0.9999510049819946,1.6319861970259808e-05,3.2639723940519616e-05,1,0.39302009099628776
2013-06-05,fold_3,Eurozone debt plateau,-0.0005062029813416302,-1,0.0015187669778242707,1,-0.0015187669778242707,0.0016695261001586914,0.9999537467956543,1.540050834591966e-05,3.080101669183932e-05,0,-15.187669778242707
2013-06-06,fold_3,Eurozone debt plateau,0.0014333745930343866,1,0.011629591695964336,1,0.011629591695964336,0.013318538665771484,0.9999173879623413,2.751916690613143e-05,5.503833381226286e-05,1,116.29591695964336
2013-06-07,fold_3,Eurozone debt plateau,-0.008397185243666172,-1,-0.0016265598824247718,-1,0.0016265598824247718,0.014966845512390137,0.9999368190765381,2.1055948309367523e-05,4.2111896618735045e-05,1,16.265598824247718
2013-06-10,fold_3,Eurozone debt plateau,-0.010312548838555813,-1,0.0,1,-0.0,0.014966845512390137,0.9999539852142334,1.5345050996984355e-05,3.069010199396871e-05,0,-0.0
2013-06-11,fold_3,Eurozone debt plateau,-0.005007632542401552,-1,0.0,1,-0.0,0.014966845512390137,0.9999207258224487,2.6439996872795746e-05,5.287999374559149e-05,0,-0.0
2013-06-12,fold_3,Eurozone debt plateau,-0.008250466547906399,-1,0.008737497963011265,1,-0.008737497963011265,0.006098508834838867,0.9999260902404785,2.4646140445838682e-05,4.9292280891677365e-05,0,-87.37497963011265
2013-06-13,fold_3,Eurozone debt plateau,-0.006563790142536163,-1,0.002125462982803583,1,-0.002125462982803583,0.003960132598876953,0.999932050704956,2.2638681912212633e-05,4.5277363824425265e-05,0,-21.25462982803583
2013-06-14,fold_3,Eurozone debt plateau,-0.005347511265426874,-1,-0.0014417035272344947,-1,0.0014417035272344947,0.005407571792602539,0.9999394416809082,2.016788494074717e-05,4.033576988149434e-05,1,14.417035272344947
2013-06-17,fold_3,Eurozone debt plateau,-0.000685178383719176,-1,0.001082459231838584,1,-0.001082459231838584,0.004319190979003906,0.9999445676803589,1.8478394849807955e-05,3.695678969961591e-05,0,-10.82459231838584
2013-06-18,fold_3,Eurozone debt plateau,-0.00040145378443412483,-1,0.0020085156429558992,1,-0.0020085156429558992,0.0023020505905151367,0.9999450445175171,1.8303791875950992e-05,3.6607583751901984e-05,0,-20.085156429558992
2013-06-19,fold_3,Eurozone debt plateau,-0.004355145152658224,-1,-0.007323887664824724,-1,0.007323887664824724,0.009642720222473145,0.9999666213989258,1.1105847988801543e-05,2.2211695977603085e-05,1,73.23887664824724
2013-06-20,fold_3,Eurozone debt plateau,-0.0008791860309429467,-1,-0.004235328175127506,-1,0.004235328175127506,0.01391899585723877,0.9999581575393677,1.3942991245130543e-05,2.7885982490261085e-05,1,42.35328175127506
2013-06-21,fold_3,Eurozone debt plateau,0.0022156015038490295,1,-0.009842113591730595,-1,-0.009842113591730595,0.00393986701965332,0.9999710321426392,9.64655373536516e-06,1.929310747073032e-05,0,-98.42113591730595
2013-06-24,fold_3,Eurozone debt plateau,0.00040470605017617345,1,0.002061850391328335,1,0.002061850391328335,0.006009817123413086,0.9999340772628784,2.1983460101182573e-05,4.3966920202365145e-05,1,20.618503913283348
2013-06-25,fold_3,Eurozone debt plateau,0.00142095482442528,1,-0.004002472851425409,-1,-0.004002472851425409,0.0019832849502563477,0.9999370574951172,2.0968698663637042e-05,4.1937397327274084e-05,0,-40.02472851425409
2013-06-26,fold_3,Eurozone debt plateau,0.0003988889220636338,1,-0.00507523724809289,-1,-0.00507523724809289,-0.0031020045280456543,0.9999680519104004,1.0654203833837528e-05,2.1308407667675056e-05,0,-50.7523724809289
2013-06-27,fold_3,Eurozone debt plateau,0.00012617894390132278,1,0.0017338114557787776,1,0.0017338114557787776,-0.001373589038848877,0.9999463558197021,1.78945829247823e-05,3.57891658495646e-05,1,17.338114557787776
2015-04-15,fold_4,Strong USD downturn,0.014878424815833569,1,0.0027866659220308065,1,0.0027866659220308065,0.0027866363525390625,0.9999003410339355,3.322265183669515e-05,6.64453036733903e-05,1,27.866659220308065
2015-04-16,fold_4,Strong USD downturn,0.018734201788902283,1,0.007378339767456055,1,0.007378339767456055,0.010185480117797852,0.9998871088027954,3.7625362892868e-05,7.5250725785736e-05,1,73.78339767456055
2015-04-17,fold_4,Strong USD downturn,0.019524620845913887,1,0.0050807795487344265,1,0.0050807795487344265,0.015318036079406738,0.9999428987503052,1.901496398204472e-05,3.802992796408944e-05,1,50.807795487344265
2015-04-20,fold_4,Strong USD downturn,0.013405357487499714,1,-0.005803639534860849,-1,-0.005803639534860849,0.009425520896911621,0.999915599822998,2.8113898224546574e-05,5.622779644909315e-05,0,-58.036395348608494
2015-04-21,fold_4,Strong USD downturn,0.0016128215938806534,1,-0.0005370663129724562,-1,-0.0005370663129724562,0.008883476257324219,0.9998819828033447,3.932629988412373e-05,7.865259976824746e-05,0,-5.370663129724562
2015-04-22,fold_4,Strong USD downturn,0.0029227600898593664,1,-0.0014802230289205909,-1,-0.0014802230289205909,0.007390141487121582,0.9998062252998352,6.460937584051862e-05,0.00012921875168103725,0,-14.802230289205909
2015-04-23,fold_4,Strong USD downturn,0.0013200134271755815,1,0.008316786028444767,1,0.008316786028444767,0.01576840877532959,0.9999061822891235,3.1251063774107024e-05,6.250212754821405e-05,1,83.16786028444767
2015-04-24,fold_4,Strong USD downturn,0.004637579433619976,1,0.004988814238458872,1,0.004988814238458872,0.02083587646484375,0.9998668432235718,4.438777978066355e-05,8.87755595613271e-05,1,49.88814238458872
2015-04-27,fold_4,Strong USD downturn,0.002678247168660164,1,0.0008267566445283592,1,0.0008267566445283592,0.02167975902557373,0.9998682737350464,4.392395567265339e-05,8.784791134530678e-05,1,8.267566445283592
2015-04-28,fold_4,Strong USD downturn,0.003854192793369293,1,0.0083804065361619,1,0.0083804065361619,0.030241847038269043,0.9999316930770874,2.276164923387114e-05,4.552329846774228e-05,1,83.804065361619
2015-04-30,fold_4,Strong USD downturn,0.0036798976361751556,1,0.009027745574712753,1,0.009027745574712753,0.039542555809020996,0.9999542236328125,1.5245560462062713e-05,3.0491120924125426e-05,1,90.27745574712753
2015-05-01,fold_4,Strong USD downturn,0.0046195234172046185,1,-0.002561562927439809,-1,-0.002561562927439809,0.036879658699035645,0.9999281167984009,2.3966251319507137e-05,4.7932502639014274e-05,0,-25.61562927439809
2015-05-07,fold_4,Strong USD downturn,0.0031159769278019667,1,-0.008334004320204258,-1,-0.008334004320204258,0.028238296508789062,0.9999531507492065,1.561972385388799e-05,3.123944770777598e-05,0,-83.34004320204258
2015-05-08,fold_4,Strong USD downturn,0.004762140102684498,1,-0.004701511934399605,-1,-0.004701511934399605,0.02340400218963623,0.9999481439590454,1.728391544020269e-05,3.456783088040538e-05,0,-47.01511934399605
2015-05-11,fold_4,Strong USD downturn,0.0034071907866746187,1,-0.0044355494901537895,-1,-0.0044355494901537895,0.01886463165283203,0.9999366998672485,2.108844455506187e-05,4.217688911012374e-05,0,-44.355494901537895
2015-05-12,fold_4,Strong USD downturn,0.008072073571383953,1,0.006912466138601303,1,0.006912466138601303,0.025907516479492188,0.9999529123306274,1.5691617591073737e-05,3.138323518214747e-05,1,69.12466138601303
2015-05-13,fold_4,Strong USD downturn,0.008349982090294361,1,0.011498061008751392,1,0.011498061008751392,0.037703514099121094,0.9999347925186157,2.175023837480694e-05,4.350047674961388e-05,1,114.98061008751392
2015-05-14,fold_4,Strong USD downturn,0.003825753927230835,1,0.0048014628700912,1,0.0048014628700912,0.0426861047744751,0.9999598264694214,1.3389927516982425e-05,2.677985503396485e-05,1,48.014628700912
2015-05-15,fold_4,Strong USD downturn,0.005118244327604771,1,0.0035136754158884287,1,0.0035136754158884287,0.04634976387023926,0.9999691247940063,1.0286377801094204e-05,2.057275560218841e-05,1,35.13675415888429
2015-05-18,fold_4,Strong USD downturn,0.0012452686205506325,1,-0.010386107489466667,-1,-0.010386107489466667,0.03548228740692139,0.9999692440032959,1.0259949704050086e-05,2.0519899408100173e-05,0,-103.86107489466667
2015-05-19,fold_4,Strong USD downturn,0.0027914592064917088,1,-0.015850599855184555,-1,-0.015850599855184555,0.019069314002990723,0.9999539852142334,1.5330466339946724e-05,3.066093267989345e-05,0,-158.50599855184555
2015-05-20,fold_4,Strong USD downturn,0.0068857441656291485,1,-0.004118285607546568,-1,-0.004118285607546568,0.014872550964355469,0.9999691247940063,1.0302318514732178e-05,2.0604637029464357e-05,0,-41.18285607546568
2015-05-21,fold_4,Strong USD downturn,0.005462960340082645,1,0.001000001560896635,1,0.001000001560896635,0.01588749885559082,0.9999737739562988,8.754188456805423e-06,1.7508376913610846e-05,1,10.00001560896635
2015-05-22,fold_4,Strong USD downturn,0.00920845102518797,1,-0.010696151293814182,-1,-0.010696151293814182,0.005021333694458008,0.9999165534973145,2.7800389943877235e-05,5.560077988775447e-05,0,-106.96151293814182
2015-05-26,fold_4,Strong USD downturn,0.013580805622041225,1,-0.007502323482185602,-1,-0.007502323482185602,-0.0025186538696289062,0.999947190284729,1.761230123520363e-05,3.522460247040726e-05,0,-75.02323482185602
2015-05-27,fold_4,Strong USD downturn,0.01076927687972784,1,0.0010246067540720105,1,0.0010246067540720105,-0.0014966130256652832,0.9999631643295288,1.2280169357836712e-05,2.4560338715673424e-05,1,10.246067540720105
2015-05-28,fold_4,Strong USD downturn,0.009189791977405548,1,0.005534912459552288,1,0.005534912459552288,0.004029989242553711,0.9999666213989258,1.1111476851510815e-05,2.222295370302163e-05,1,55.34912459552288
2015-05-29,fold_4,Strong USD downturn,0.005481940694153309,1,-0.0002191598032368347,-1,-0.0002191598032368347,0.0038099288940429688,0.9999583959579468,1.3863058484275825e-05,2.772611696855165e-05,0,-2.191598032368347
2015-06-01,fold_4,Strong USD downturn,0.0027229979168623686,1,-0.0031894471030682325,-1,-0.0031894471030682325,0.0006083250045776367,0.9999393224716187,2.0220590158714913e-05,4.0441180317429826e-05,0,-31.894471030682325
2015-06-02,fold_4,Strong USD downturn,0.003889319719746709,1,0.020783551037311554,1,0.020783551037311554,0.021404504776000977,0.9999513626098633,1.6212983609875664e-05,3.242596721975133e-05,1,207.83551037311554
2015-06-03,fold_4,Strong USD downturn,0.00011046882718801498,1,0.009670482017099857,1,0.009670482017099857,0.03128194808959961,0.9999392032623291,2.0281866454752162e-05,4.0563732909504324e-05,1,96.70482017099857
2015-06-04,fold_4,Strong USD downturn,0.001668530167080462,1,-0.004438275005668402,-1,-0.004438275005668402,0.026704788208007812,0.9999310970306396,2.2966796677792445e-05,4.593359335558489e-05,0,-44.38275005668402
2015-06-05,fold_4,Strong USD downturn,0.0016791981179267168,1,-0.008897615596652031,-1,-0.008897615596652031,0.017569541931152344,0.999942421913147,1.918607813422568e-05,3.837215626845136e-05,0,-88.97615596652031
2015-06-08,fold_4,Strong USD downturn,0.0033350803423672915,1,0.015556452795863152,1,0.015556452795863152,0.033399343490600586,0.9999452829360962,1.8253078451380134e-05,3.650615690276027e-05,1,155.56452795863152
2015-06-09,fold_4,Strong USD downturn,2.3622997105121613e-06,1,0.0016044342191889882,1,0.0016044342191889882,0.0350574254989624,0.9999375343322754,2.0809457055293024e-05,4.161891411058605e-05,1,16.044342191889882
2015-06-10,fold_4,Strong USD downturn,0.0016300234710797668,1,0.0011425005504861474,1,0.0011425005504861474,0.03623998165130615,0.9999644756317139,1.1834937140520196e-05,2.3669874281040393e-05,1,11.425005504861474
2015-06-11,fold_4,Strong USD downturn,0.0004653843061532825,1,-0.006306036841124296,-1,-0.006306036841124296,0.029705405235290527,0.9999396800994873,2.0089897589059547e-05,4.017979517811909e-05,0,-63.06036841124296
2015-06-12,fold_4,Strong USD downturn,-0.000567734707146883,-1,-0.0018400050466880202,-1,0.0018400050466880202,0.031600117683410645,0.9999624490737915,1.2529785635706503e-05,2.5059571271413006e-05,1,18.400050466880202
2015-06-15,fold_4,Strong USD downturn,0.0011166281765326858,1,0.005085863173007965,1,0.005085863173007965,0.03684663772583008,0.9999384880065918,2.048153146461118e-05,4.096306292922236e-05,1,50.85863173007965
2015-06-16,fold_4,Strong USD downturn,0.003445840673521161,1,-0.0031028008088469505,-1,-0.0031028008088469505,0.033629536628723145,0.9999558925628662,1.4705917237733956e-05,2.9411834475467913e-05,0,-31.028008088469505
2015-06-17,fold_4,Strong USD downturn,0.002542241010814905,1,0.011381383053958416,1,0.011381383053958416,0.04539370536804199,0.9999176263809204,2.7469664928503335e-05,5.493932985700667e-05,1,113.81383053958416
2015-06-18,fold_4,Strong USD downturn,-7.811822433723137e-05,-1,6.814974767621607e-05,1,-6.814974767621607e-05,0.045322537422180176,0.9999265670776367,2.446112921461463e-05,4.892225842922926e-05,0,-0.6814974767621607
2015-06-19,fold_4,Strong USD downturn,0.004089123569428921,1,0.0001934272440848872,1,0.0001934272440848872,0.04552483558654785,0.9999526739120483,1.5786134099471383e-05,3.1572268198942766e-05,1,1.934272440848872
2015-06-22,fold_4,Strong USD downturn,0.0019180718809366226,1,-0.0020996162202209234,-1,-0.0020996162202209234,0.043329596519470215,0.9999786615371704,7.094322882039705e-06,1.418864576407941e-05,0,-20.996162202209234
2015-06-23,fold_4,Strong USD downturn,0.002756452886387706,1,-0.01558514405041933,-1,-0.01558514405041933,0.02706921100616455,0.9999336004257202,2.2128617274574935e-05,4.425723454914987e-05,0,-155.8514405041933
2015-06-24,fold_4,Strong USD downturn,0.005539102014154196,1,0.0031154805328696966,1,0.0031154805328696966,0.03026902675628662,0.9999502897262573,1.657517896092031e-05,3.315035792184062e-05,1,31.154805328696966
2015-06-25,fold_4,Strong USD downturn,0.005779487546533346,1,-0.0003584684163797647,-1,-0.0003584684163797647,0.0298997163772583,0.9999680519104004,1.0650778676790651e-05,2.1301557353581302e-05,0,-3.5846841637976468
2015-06-26,fold_4,Strong USD downturn,0.005152097437530756,1,-0.02034766413271427,-1,-0.02034766413271427,0.008943676948547363,0.9999548196792603,1.5075845112733077e-05,3.0151690225466155e-05,0,-203.47664132714272
2015-06-29,fold_4,Strong USD downturn,0.0056725433096289635,1,0.02259182743728161,1,0.02259182743728161,0.031737565994262695,0.9999606609344482,1.310419429501053e-05,2.620838859002106e-05,1,225.9182743728161
2015-06-30,fold_4,Strong USD downturn,0.0023591765202581882,1,-0.007839072495698929,-1,-0.007839072495698929,0.02364969253540039,0.9999734163284302,8.872224498190917e-06,1.7744448996381834e-05,0,-78.39072495698929
2015-07-01,fold_4,Strong USD downturn,0.0030675798188894987,1,-0.009102738462388515,-1,-0.009102738462388515,0.014331698417663574,0.999955415725708,1.4861795534670819e-05,2.9723591069341637e-05,0,-91.02738462388515
2015-07-02,fold_4,Strong USD downturn,0.004550047684460878,1,0.004833896644413471,1,0.004833896644413471,0.019234895706176758,0.9999812841415405,6.237325123947812e-06,1.2474650247895624e-05,1,48.33896644413471
2015-07-06,fold_4,Strong USD downturn,0.003247029846534133,1,0.00490582687780261,1,0.00490582687780261,0.024235129356384277,0.9999712705612183,9.565770596964285e-06,1.913154119392857e-05,1,49.058268778026104
2015-07-07,fold_4,Strong USD downturn,0.004688602406531572,1,-0.003534203628078103,-1,-0.003534203628078103,0.020615339279174805,0.9999642372131348,1.1898520824615844e-05,2.3797041649231687e-05,0,-35.34203628078103
2015-07-08,fold_4,Strong USD downturn,0.006413467228412628,1,0.005546563304960728,1,0.005546563304960728,0.026276230812072754,0.9999697208404541,1.0103540262207389e-05,2.0207080524414778e-05,1,55.46563304960728
2015-07-09,fold_4,Strong USD downturn,0.005411534104496241,1,-0.0007190668839029968,-1,-0.0007190668839029968,0.025538325309753418,0.9999487400054932,1.710196738713421e-05,3.420393477426842e-05,0,-7.190668839029968
2015-07-10,fold_4,Strong USD downturn,0.004676014184951782,1,0.005965179298073053,1,0.005965179298073053,0.03165590763092041,0.9999202489852905,2.657954246387817e-05,5.315908492775634e-05,1,59.651792980730534
2015-07-13,fold_4,Strong USD downturn,0.003955247346311808,1,-0.012452283874154091,-1,-0.012452283874154091,0.01880943775177002,0.9999628067016602,1.2412354408297688e-05,2.4824708816595376e-05,0,-124.52283874154091
2015-07-14,fold_4,Strong USD downturn,0.004091396927833557,1,0.0015961879398673773,1,0.0015961879398673773,0.020435690879821777,0.9999303817749023,2.320229214092251e-05,4.640458428184502e-05,1,15.961879398673773
2015-07-15,fold_4,Strong USD downturn,0.0019841722678393126,1,-0.005854768678545952,-1,-0.005854768678545952,0.014461278915405273,0.9999250173568726,2.49837994488189e-05,4.99675988976378e-05,0,-58.54768678545952
2015-07-16,fold_4,Strong USD downturn,0.005989405792206526,1,-0.005257993470877409,-1,-0.005257993470877409,0.009127259254455566,0.9999282360076904,2.39101118495455e-05,4.7820223699091e-05,0,-52.57993470877409
2015-07-17,fold_4,Strong USD downturn,0.008904952555894852,1,-0.005122730508446693,-1,-0.005122730508446693,0.0039577484130859375,0.999911904335022,2.9357437597354874e-05,5.871487519470975e-05,0,-51.227305084466934
2015-07-21,fold_4,Strong USD downturn,0.005926612764596939,1,0.00964904110878706,1,0.00964904110878706,0.013644933700561523,0.9999643564224243,1.1864042789966334e-05,2.3728085579932667e-05,1,96.4904110878706
2015-07-22,fold_4,Strong USD downturn,0.0021065676119178534,1,-0.0011801107320934534,-1,-0.0011801107320934534,0.012448668479919434,0.9999634027481079,1.2204864106024615e-05,2.440972821204923e-05,0,-11.801107320934534
2015-07-23,fold_4,Strong USD downturn,0.002813451224938035,1,0.005670242477208376,1,0.005670242477208376,0.018189430236816406,0.999916672706604,2.7760603188653477e-05,5.552120637730695e-05,1,56.70242477208376
2015-07-24,fold_4,Strong USD downturn,0.0036923165898770094,1,-0.0015141702024266124,-1,-0.0015141702024266124,0.016647696495056152,0.9999500513076782,1.663908187765628e-05,3.327816375531256e-05,0,-15.141702024266124
2015-07-27,fold_4,Strong USD downturn,0.004251122009009123,1,0.010724127292633057,1,0.010724127292633057,0.027550339698791504,0.9999415874481201,1.9468769096420147e-05,3.893753819284029e-05,1,107.24127292633057
2015-07-28,fold_4,Strong USD downturn,0.005175465252250433,1,-0.0021689776331186295,-1,-0.0021689776331186295,0.025321602821350098,0.9999253749847412,2.4856371965142898e-05,4.9712743930285797e-05,0,-21.689776331186295
2015-07-29,fold_4,Strong USD downturn,0.004835422616451979,1,-0.007403244264423847,-1,-0.007403244264423847,0.01773083209991455,0.999932050704956,2.2632697437074967e-05,4.5265394874149933e-05,0,-74.03244264423847
2015-07-30,fold_4,Strong USD downturn,0.003970592748373747,1,-0.004080268554389477,-1,-0.004080268554389477,0.013578176498413086,0.9999405145645142,1.9831863028230146e-05,3.966372605646029e-05,0,-40.80268554389477
2015-07-31,fold_4,Strong USD downturn,0.004914285149425268,1,0.0027202083729207516,1,0.0027202083729207516,0.016335368156433105,0.999976396560669,7.850460860936437e-06,1.5700921721872874e-05,1,27.202083729207516
2015-08-03,fold_4,Strong USD downturn,0.0020632967352867126,1,-0.0011831811862066388,-1,-0.0011831811862066388,0.015132904052734375,0.9999638795852661,1.2042437447234988e-05,2.4084874894469976e-05,0,-11.831811862066388
2015-08-04,fold_4,Strong USD downturn,0.004665390122681856,1,-0.006119636818766594,-1,-0.006119636818766594,0.008920669555664062,0.9999698400497437,1.0033302714873571e-05,2.0066605429747142e-05,0,-61.19636818766594
2015-08-05,fold_4,Strong USD downturn,0.0024511252995580435,1,0.0012975219869986176,1,0.0012975219869986176,0.010229706764221191,0.999962329864502,1.2549497114378028e-05,2.5098994228756055e-05,1,12.975219869986176
2015-08-06,fold_4,Strong USD downturn,0.001626690267585218,1,0.0021963249891996384,1,0.0021963249891996384,0.012448430061340332,0.9999589920043945,1.366848846373614e-05,2.733697692747228e-05,1,21.963249891996384
2015-08-07,fold_4,Strong USD downturn,-0.0008389194845221937,-1,0.0034758939873427153,1,-0.0034758939873427153,0.008929252624511719,0.9999535083770752,1.549365697428584e-05,3.098731394857168e-05,0,-34.75893987342715
2015-08-10,fold_4,Strong USD downturn,-0.003005890641361475,-1,0.004737264011055231,1,-0.004737264011055231,0.004149675369262695,0.9999526739120483,1.5761295799165964e-05,3.152259159833193e-05,0,-47.37264011055231
2015-08-11,fold_4,Strong USD downturn,-0.007744374219328165,-1,0.0022746871691197157,1,-0.0022746871691197157,0.0018655061721801758,0.9999593496322632,1.3535607649828307e-05,2.7071215299656615e-05,0,-22.746871691197157
2015-08-12,fold_4,Strong USD downturn,-0.006335835438221693,-1,0.010770364664494991,1,-0.010770364664494991,-0.00892496109008789,0.9999583959579468,1.387033989885822e-05,2.774067979771644e-05,0,-107.70364664494991
2015-08-13,fold_4,Strong USD downturn,-0.0052404035814106464,-1,0.0,1,-0.0,-0.00892496109008789,0.9999549388885498,1.5015624740044586e-05,3.0031249480089173e-05,0,-0.0
2015-08-14,fold_4,Strong USD downturn,-0.006278050597757101,-1,-0.0060900431126356125,-1,0.0060900431126356125,-0.002889275550842285,0.9999445676803589,1.8456614270689897e-05,3.6913228541379794e-05,1,60.900431126356125
2015-08-17,fold_4,Strong USD downturn,-0.006542594637721777,-1,-0.0013515696628019214,-1,0.0013515696628019214,-0.0015416145324707031,0.9999659061431885,1.1357271432643756e-05,2.2714542865287513e-05,1,13.515696628019214
2015-08-18,fold_4,Strong USD downturn,-0.004655171185731888,-1,-0.004257874097675085,-1,0.004257874097675085,0.0027097463607788086,0.9999663829803467,1.1194683793291915e-05,2.238936758658383e-05,1,42.57874097675085
2015-08-19,fold_4,Strong USD downturn,-0.0007431418052874506,-1,0.00790493655949831,1,-0.00790493655949831,-0.0052165985107421875,0.9999723434448242,9.20764432521537e-06,1.841528865043074e-05,0,-79.0493655949831
2015-08-20,fold_4,Strong USD downturn,0.0024808242451399565,1,0.010697606019675732,1,0.010697606019675732,0.005425214767456055,0.9999701976776123,9.946045793185476e-06,1.9892091586370952e-05,1,106.97606019675732
2015-08-21,fold_4,Strong USD downturn,-0.002521852497011423,-1,0.012457658536732197,1,-0.012457658536732197,-0.007100045680999756,0.9999487400054932,1.709584830678068e-05,3.419169661356136e-05,0,-124.57658536732197
2015-08-24,fold_4,Strong USD downturn,-0.004368155729025602,-1,0.018115969374775887,1,-0.018115969374775887,-0.025087416172027588,0.9999414682388306,1.952457932929974e-05,3.904915865859948e-05,0,-181.15969374775887
2015-08-25,fold_4,Strong USD downturn,-0.013758442364633083,-1,-0.00277227396145463,-1,0.00277227396145463,-0.0223846435546875,0.9999436140060425,1.8774328054860234e-05,3.754865610972047e-05,1,27.7227396145463
2015-08-26,fold_4,Strong USD downturn,-0.013483935967087746,-1,-0.018257446587085724,-1,0.018257446587085724,-0.004535853862762451,0.9998911619186401,3.627714977483265e-05,7.25542995496653e-05,1,182.57446587085724
2015-08-27,fold_4,Strong USD downturn,-0.012928945012390614,-1,-0.008121015504002571,-1,0.008121015504002571,0.003548264503479004,0.9999116659164429,2.9428963898681104e-05,5.885792779736221e-05,1,81.21015504002571
2015-08-28,fold_4,Strong USD downturn,-0.012582681141793728,-1,-0.0030165945645421743,-1,0.0030165945645421743,0.006575584411621094,0.9998840093612671,3.8654045056318864e-05,7.730809011263773e-05,1,30.165945645421743
2015-08-31,fold_4,Strong USD downturn,-0.006379333324730396,-1,0.001055276719853282,1,-0.001055276719853282,0.005513310432434082,0.9999098777770996,3.0034252631594427e-05,6.0068505263188854e-05,0,-10.55276719853282
2015-09-01,fold_4,Strong USD downturn,-0.001890341634862125,-1,0.006019366439431906,1,-0.006019366439431906,-0.000539243221282959,0.999922513961792,2.583247442089487e-05,5.166494884178974e-05,0,-60.19366439431906
2015-09-02,fold_4,Strong USD downturn,0.003501786617562175,1,-0.006853028200566769,-1,-0.006853028200566769,-0.007388591766357422,0.9999691247940063,1.029984196065925e-05,2.05996839213185e-05,0,-68.53028200566769
2015-09-03,fold_4,Strong USD downturn,0.0011116660898551345,1,-0.008032885380089283,-1,-0.008032885380089283,-0.015362083911895752,0.9999427795410156,1.9055563825531863e-05,3.8111127651063725e-05,0,-80.32885380089283
2015-09-04,fold_4,Strong USD downturn,0.000584238616283983,1,0.002341874875128269,1,0.002341874875128269,-0.01305621862411499,0.9999102354049683,2.9914815968368202e-05,5.9829631936736405e-05,1,23.418748751282692
2015-09-08,fold_4,Strong USD downturn,0.0008601690060459077,1,0.0038888398557901382,1,0.0038888398557901382,-0.009218156337738037,0.9998726844787598,4.242811701260507e-05,8.485623402521014e-05,1,38.88839855790138
2015-09-09,fold_4,Strong USD downturn,-0.0001493724121246487,-1,0.0011893943883478642,1,-0.0011893943883478642,-0.010396599769592285,0.9999271631240845,2.4267135813715868e-05,4.8534271627431735e-05,0,-11.893943883478642
2015-09-10,fold_4,Strong USD downturn,-0.0049984450452029705,-1,0.006255229003727436,1,-0.006255229003727436,-0.016586780548095703,0.9999222755432129,2.5920389816747047e-05,5.1840779633494094e-05,0,-62.55229003727436
2015-09-11,fold_4,Strong USD downturn,-0.004312376957386732,-1,0.004707816056907177,1,-0.004707816056907177,-0.021216511726379395,0.9999390840530396,2.0304423742345534e-05,4.060884748469107e-05,0,-47.07816056907177
2015-09-14,fold_4,Strong USD downturn,-0.0046043735928833485,-1,-0.003211408853530884,-1,0.003211408853530884,-0.01807326078414917,0.9999544620513916,1.5179022739175707e-05,3.0358045478351414e-05,1,32.11408853530884
2015-09-15,fold_4,Strong USD downturn,0.00044812168926000595,1,-0.0031674618367105722,-1,-0.0031674618367105722,-0.021183490753173828,0.9998935461044312,3.548083986970596e-05,7.096167973941192e-05,0,-31.674618367105722
2015-09-16,fold_4,Strong USD downturn,0.00020911404862999916,1,0.0017954690847545862,1,0.0017954690847545862,-0.01942610740661621,0.9999316930770874,2.27632699534297e-05,4.55265399068594e-05,1,17.954690847545862
2015-09-17,fold_4,Strong USD downturn,-0.003330905456095934,-1,0.00964523945003748,1,-0.00964523945003748,-0.028883934020996094,0.9999077320098877,3.0737104680156335e-05,6.147420936031267e-05,0,-96.4523945003748
2015-09-18,fold_4,Strong USD downturn,-0.0011800816282629967,-1,-0.009553097188472748,-1,0.009553097188472748,-0.01960676908493042,0.9998968839645386,3.4366970794508234e-05,6.873394158901647e-05,1,95.53097188472748
2015-09-24,fold_4,Strong USD downturn,0.0018766288412734866,1,-0.0009837218094617128,-1,-0.0009837218094617128,-0.02057117223739624,0.9999358654022217,2.1380765247158706e-05,4.276153049431741e-05,0,-9.837218094617128
2015-09-25,fold_4,Strong USD downturn,0.0016886383527889848,1,0.0020386953838169575,1,0.0020386953838169575,-0.018574416637420654,0.9999353885650635,2.1519776055356488e-05,4.3039552110712975e-05,1,20.386953838169575
2015-09-28,fold_4,Strong USD downturn,0.002851457567885518,1,0.0026168806944042444,1,0.0026168806944042444,-0.016006112098693848,0.9999594688415527,1.3507967196346726e-05,2.7015934392693453e-05,1,26.168806944042444
2015-09-29,fold_4,Strong USD downturn,0.0022004612255841494,1,0.002217428293079138,1,0.002217428293079138,-0.013824164867401123,0.9999649524688721,1.169068127637729e-05,2.338136255275458e-05,1,22.174282930791378
2015-09-30,fold_4,Strong USD downturn,-0.0001426696835551411,-1,-0.007451786659657955,-1,0.007451786659657955,-0.006475389003753662,0.9999576807022095,1.4099531654210296e-05,2.819906330842059e-05,1,74.51786659657955
2015-10-01,fold_4,Strong USD downturn,0.0025512755382806063,1,0.0019140391377732158,1,0.0019140391377732158,-0.0045737624168396,0.9999433755874634,1.8873008230002597e-05,3.7746016460005194e-05,1,19.140391377732158
2015-10-02,fold_4,Strong USD downturn,0.002510020975023508,1,0.002997632836923003,1,0.002997632836923003,-0.0015898346900939941,0.9999340772628784,2.1972760805510916e-05,4.394552161102183e-05,1,29.976328369230032
2015-10-05,fold_4,Strong USD downturn,0.0025752142537385225,1,-0.0028323756996542215,-1,-0.0028323756996542215,-0.0044176578521728516,0.9999496936798096,1.6776119082351215e-05,3.355223816470243e-05,0,-28.323756996542215
2015-10-06,fold_4,Strong USD downturn,0.007976560853421688,1,0.006501608993858099,1,0.006501608993858099,0.0020551681518554688,0.9999572038650513,1.4271086001826916e-05,2.8542172003653832e-05,1,65.01608993858099
2015-10-07,fold_4,Strong USD downturn,0.005965490825474262,1,-0.0024840589612722397,-1,-0.0024840589612722397,-0.00043404102325439453,0.9999213218688965,2.623619366204366e-05,5.247238732408732e-05,0,-24.840589612722397
2015-10-08,fold_4,Strong USD downturn,0.008823572658002377,1,0.004176144953817129,1,0.004176144953817129,0.0037403106689453125,0.9999350309371948,2.1653002477250993e-05,4.3306004954501987e-05,1,41.76144953817129
2015-10-09,fold_4,Strong USD downturn,0.007537457626312971,1,0.007356438785791397,1,0.007356438785791397,0.011124253273010254,0.9999775886535645,7.459734661097173e-06,1.4919469322194345e-05,1,73.56438785791397
2015-10-13,fold_4,Strong USD downturn,0.0059897578321397305,1,0.0025958227925002575,1,0.0025958227925002575,0.013748884201049805,0.9999475479125977,1.7462689356761985e-05,3.492537871352397e-05,1,25.958227925002575
2015-10-14,fold_4,Strong USD downturn,0.004634215962141752,1,0.007952532730996609,1,0.007952532730996609,0.02181077003479004,0.9999771118164062,7.629029823874589e-06,1.5258059647749178e-05,1,79.52532730996609
2015-10-15,fold_4,Strong USD downturn,0.005503456573933363,1,-0.009355970658361912,-1,-0.009355970658361912,0.012250781059265137,0.9999455213546753,1.8140015527023934e-05,3.628003105404787e-05,0,-93.55970658361912
2015-10-16,fold_4,Strong USD downturn,0.008621269837021828,1,-0.0006248753634281456,-1,-0.0006248753634281456,0.011618256568908691,0.9999624490737915,1.2527508260973264e-05,2.5055016521946527e-05,0,-6.2487536342814565
2015-10-19,fold_4,Strong USD downturn,0.007725873496383429,1,-0.002820884808897972,-1,-0.002820884808897972,0.00876462459564209,0.9999698400497437,1.0040736924565863e-05,2.0081473849131726e-05,0,-28.20884808897972
2015-10-20,fold_4,Strong USD downturn,0.009159338660538197,1,0.002202671719714999,1,0.002202671719714999,0.010986566543579102,0.9999685287475586,1.0488672160136048e-05,2.0977344320272096e-05,1,22.026717197149992
2015-10-21,fold_4,Strong USD downturn,0.006232363637536764,1,-0.0005220280727371573,-1,-0.0005220280727371573,0.010458827018737793,0.9999654293060303,1.1533720680745319e-05,2.3067441361490637e-05,0,-5.2202807273715734
2015-10-22,fold_4,Strong USD downturn,0.007646513637155294,1,-0.023535992950201035,-1,-0.023535992950201035,-0.013323307037353516,0.9999479055404663,1.735585101414472e-05,3.471170202828944e-05,0,-235.35992950201035
2015-10-23,fold_4,Strong USD downturn,0.008717709220945835,1,-0.005466054193675518,-1,-0.005466054193675518,-0.018716514110565186,0.9999710321426392,9.66547304415144e-06,1.933094608830288e-05,0,-54.66054193675518
2015-10-26,fold_4,Strong USD downturn,0.006535643246024847,1,0.004138649441301823,1,0.004138649441301823,-0.01465529203414917,0.9999433755874634,1.885293568193447e-05,3.770587136386894e-05,1,41.38649441301823
2015-10-27,fold_4,Strong USD downturn,0.007715591695159674,1,-0.002615799428895116,-1,-0.002615799428895116,-0.017232775688171387,0.9999691247940063,1.0304277566319797e-05,2.0608555132639594e-05,0,-26.15799428895116
2015-10-28,fold_4,Strong USD downturn,0.005646446719765663,1,-0.00979236513376236,-1,-0.00979236513376236,-0.026856422424316406,0.999961256980896,1.2925116607220843e-05,2.5850233214441687e-05,0,-97.9236513376236
2015-10-29,fold_4,Strong USD downturn,0.009052403271198273,1,0.005936706904321909,1,0.005936706904321909,-0.02107912302017212,0.9999531507492065,1.559411975904368e-05,3.118823951808736e-05,1,59.36706904321909
2015-10-30,fold_4,Strong USD downturn,0.0075996085070073605,1,0.0029219379648566246,1,0.0029219379648566246,-0.0182187557220459,0.9999598264694214,1.3381771168496925e-05,2.676354233699385e-05,1,29.219379648566246
2015-11-02,fold_4,Strong USD downturn,0.0059168837033212185,1,-0.0009033163660205901,-1,-0.0009033163660205901,-0.019105613231658936,0.9999604225158691,1.3192891856306233e-05,2.6385783712612465e-05,0,-9.0331636602059
2015-11-04,fold_4,Strong USD downturn,0.004912825766950846,1,-0.008748723194003105,-1,-0.008748723194003105,-0.0276871919631958,0.9999727010726929,9.094692359212786e-06,1.8189384718425572e-05,0,-87.48723194003105
2015-11-05,fold_4,Strong USD downturn,0.004694330971688032,1,0.0014692713739350438,1,0.0014692713739350438,-0.02625858783721924,0.9999656677246094,1.1455248568381649e-05,2.2910497136763297e-05,1,14.692713739350438
2015-11-06,fold_4,Strong USD downturn,0.004567109979689121,1,-0.013835355639457703,-1,-0.013835355639457703,-0.03973066806793213,0.9999480247497559,1.730684562062379e-05,3.461369124124758e-05,0,-138.35355639457703
2015-11-09,fold_4,Strong USD downturn,0.0046772281639277935,1,0.0024317402858287096,1,0.0024317402858287096,-0.03739553689956665,0.9999390840530396,2.031560507020913e-05,4.063121014041826e-05,1,24.317402858287096
2015-11-10,fold_4,Strong USD downturn,0.005870868917554617,1,-0.002040166174992919,-1,-0.002040166174992919,-0.03935939073562622,0.9999229907989502,2.5683330022729933e-05,5.1366660045459867e-05,0,-20.40166174992919
2015-11-11,fold_4,Strong USD downturn,0.005401579197496176,1,0.0023678515572100878,1,0.0023678515572100878,-0.037084758281707764,0.9999685287475586,1.0483950973139144e-05,2.096790194627829e-05,1,23.678515572100878
2015-11-12,fold_4,Strong USD downturn,0.005600576754659414,1,0.004834278021007776,1,0.004834278021007776,-0.03242975473403931,0.99996018409729,1.3258006219984964e-05,2.6516012439969927e-05,1,48.34278021007776
2015-11-13,fold_4,Strong USD downturn,0.0024506072513759136,1,-0.01063578575849533,-1,-0.01063578575849533,-0.04272061586380005,0.9999632835388184,1.2235766917001456e-05,2.4471533834002912e-05,0,-106.35785758495331
2015-11-16,fold_4,Strong USD downturn,0.0020721429027616978,1,-0.0011222391622141004,-1,-0.0011222391622141004,-0.04379492998123169,0.9999680519104004,1.0639359970809892e-05,2.1278719941619784e-05,0,-11.222391622141004
2015-11-17,fold_4,Strong USD downturn,0.0006276360945776105,1,-0.004129724111407995,-1,-0.004129724111407995,-0.047743797302246094,0.9999620914459229,1.264538150280714e-05,2.529076300561428e-05,0,-41.29724111407995
2015-11-18,fold_4,Strong USD downturn,0.004806288983672857,1,0.0024539949372410774,1,0.0024539949372410774,-0.04540693759918213,0.9999756813049316,8.099254046101123e-06,1.6198508092202246e-05,1,24.539949372410774
2015-11-19,fold_4,Strong USD downturn,-0.0002842695394065231,-1,0.005266564432531595,1,-0.005266564432531595,-0.05043435096740723,0.9999755620956421,8.157985575962812e-06,1.6315971151925623e-05,0,-52.66564432531595
2015-11-20,fold_4,Strong USD downturn,0.0031799913849681616,1,-0.007938201539218426,-1,-0.007938201539218426,-0.05797219276428223,0.9999594688415527,1.3523065717890859e-05,2.7046131435781717e-05,0,-79.38201539218426
2015-11-24,fold_4,Strong USD downturn,0.0029488103464245796,1,0.00017037845100276172,1,0.00017037845100276172,-0.057811737060546875,0.999961256980896,1.2910913028463256e-05,2.582182605692651e-05,1,1.7037845100276172
2015-11-25,fold_4,Strong USD downturn,0.001473289798013866,1,-0.0017743892967700958,-1,-0.0017743892967700958,-0.05948352813720703,0.9999786615371704,7.122509941837052e-06,1.4245019883674104e-05,0,-17.74389296770096
2015-11-27,fold_4,Strong USD downturn,7.545146945631132e-05,1,-0.002021322725340724,-1,-0.002021322725340724,-0.061384618282318115,0.9999762773513794,7.89188652561279e-06,1.578377305122558e-05,0,-20.21322725340724
2015-11-30,fold_4,Strong USD downturn,0.0008949693292379379,1,-0.0009516000864095986,-1,-0.0009516000864095986,-0.062277793884277344,0.9999841451644897,5.300144493958214e-06,1.0600288987916429e-05,0,-9.516000864095986
2015-12-01,fold_4,Strong USD downturn,-0.0013516898034140468,-1,0.0050048306584358215,1,-0.0050048306584358215,-0.06697094440460205,0.9999250173568726,2.4987353754113428e-05,4.9974707508226857e-05,0,-50.048306584358215
2015-12-02,fold_4,Strong USD downturn,-0.0034099039621651173,-1,-0.0012098338920623064,-1,0.0012098338920623064,-0.06584209203720093,0.99997878074646,7.0637011049257126e-06,1.4127402209851425e-05,1,12.098338920623064
2015-12-03,fold_4,Strong USD downturn,-0.002044601598754525,-1,0.02854517288506031,1,-0.02854517288506031,-0.09250783920288086,0.9999719858169556,9.349512765766121e-06,1.8699025531532243e-05,0,-285.4517288506031
2015-12-04,fold_4,Strong USD downturn,-0.0045964596793055534,-1,-0.0029278246220201254,-1,0.0029278246220201254,-0.08985090255737305,0.9999469518661499,1.7660810044617392e-05,3.5321620089234784e-05,1,29.278246220201254
2015-12-07,fold_4,Strong USD downturn,-0.0073515563271939754,-1,-0.004593567457050085,-1,0.004593567457050085,-0.08567005395889282,0.9999440908432007,1.8651651771506295e-05,3.730330354301259e-05,1,45.93567457050085
2015-12-08,fold_4,Strong USD downturn,-0.006092896685004234,-1,0.005534087773412466,1,-0.005534087773412466,-0.09073007106781006,0.9999693632125854,1.0217981071036775e-05,2.043596214207355e-05,0,-55.34087773412466
2015-12-09,fold_4,Strong USD downturn,-0.00710320845246315,-1,0.011381609365344048,1,-0.011381609365344048,-0.1010790467262268,0.9999701976776123,9.92652348941192e-06,1.985304697882384e-05,0,-113.81609365344048
2015-12-10,fold_4,Strong USD downturn,-0.003433712525293231,-1,-0.006338960491120815,-1,0.006338960491120815,-0.09538084268569946,0.9999738931655884,8.704099855094682e-06,1.7408199710189365e-05,1,63.38960491120815
2015-12-11,fold_4,Strong USD downturn,-0.0008521145209670067,-1,0.0032732149120420218,1,-0.0032732149120420218,-0.09834182262420654,0.9999709129333496,9.691121704236139e-06,1.9382243408472277e-05,0,-32.73214912042022
2015-12-14,fold_4,Strong USD downturn,-0.002594269346445799,-1,0.0008245063363574445,1,-0.0008245063363574445,-0.09908527135848999,0.9999606609344482,1.3129510080034379e-05,2.6259020160068758e-05,0,-8.245063363574445
2015-12-15,fold_4,Strong USD downturn,-0.0021502578165382147,-1,-0.005162013694643974,-1,0.005162013694643974,-0.09443473815917969,0.999962329864502,1.2550085557450075e-05,2.510017111490015e-05,1,51.62013694643974
2015-12-16,fold_4,Strong USD downturn,0.0023233070969581604,1,-0.005643780343234539,-1,-0.005643780343234539,-0.09954553842544556,0.9999549388885498,1.5023037121864036e-05,3.004607424372807e-05,0,-56.43780343234539
2015-12-17,fold_4,Strong USD downturn,0.003197201294824481,1,-0.002797894412651658,-1,-0.002797894412651658,-0.10206490755081177,0.999966025352478,1.1339511729602236e-05,2.2679023459204473e-05,0,-27.97894412651658
2015-12-18,fold_4,Strong USD downturn,0.010728726163506508,1,0.0023806451354175806,1,0.0023806451354175806,-0.09992724657058716,0.9999524354934692,1.5835536032682285e-05,3.167107206536457e-05,1,23.806451354175806
2015-12-21,fold_4,Strong USD downturn,0.010771113447844982,1,0.003961352631449699,1,0.003961352631449699,-0.09636175632476807,0.9999697208404541,1.0091030162584502e-05,2.0182060325169004e-05,1,39.613526314496994
2015-12-22,fold_4,Strong USD downturn,0.009988765232264996,1,0.003394516184926033,1,0.003394516184926033,-0.09329438209533691,0.999923586845398,2.544883500377182e-05,5.089767000754364e-05,1,33.94516184926033
2015-12-24,fold_4,Strong USD downturn,0.007676952984184027,1,0.00557277537882328,1,0.00557277537882328,-0.08824151754379272,0.9999617338180542,1.2759409401041921e-05,2.5518818802083842e-05,1,55.7277537882328
2015-12-28,fold_4,Strong USD downturn,0.004028368275612593,1,0.0008450971217826009,1,0.0008450971217826009,-0.08747100830078125,0.9999604225158691,1.318676004302688e-05,2.637352008605376e-05,1,8.450971217826009
2015-12-29,fold_4,Strong USD downturn,0.002093826187774539,1,-0.004305660724639893,-1,-0.004305660724639893,-0.09140002727508545,0.9999536275863647,1.5437346519320272e-05,3.0874693038640544e-05,0,-43.056607246398926
2019-01-18,fold_5,Low-vol plateau,0.010514562018215656,1,-0.002375367796048522,-1,-0.002375367796048522,-0.002375364303588867,0.9999746084213257,8.475937647745013e-06,1.6951875295490026e-05,0,-23.75367796048522
2019-01-22,fold_5,Low-vol plateau,0.012141569517552853,1,-0.0004659610567614436,-1,-0.0004659610567614436,-0.0028402209281921387,0.9999725818634033,9.149853212875314e-06,1.8299706425750628e-05,0,-4.659610567614436
2019-01-23,fold_5,Low-vol plateau,0.010738804936408997,1,0.002129587111994624,1,0.002129587111994624,-0.0007166862487792969,0.9999657869338989,1.1387778613425326e-05,2.277555722685065e-05,1,21.29587111994624
2019-01-24,fold_5,Low-vol plateau,0.010689283721148968,1,-0.006561825051903725,-1,-0.006561825051903725,-0.0072737932205200195,0.9999711513519287,9.616436727810651e-06,1.9232873455621302e-05,0,-65.61825051903725
2019-01-25,fold_5,Low-vol plateau,0.010102951899170876,1,0.0087994784116745,1,0.0087994784116745,0.001461625099182129,0.9999562501907349,1.4583029042114504e-05,2.9166058084229007e-05,1,87.994784116745
2019-01-28,fold_5,Low-vol plateau,0.0074553522281348705,1,0.0014859054936096072,1,0.0014859054936096072,0.0029497146606445312,0.9999512434005737,1.62545547937043e-05,3.25091095874086e-05,1,14.859054936096072
2019-01-29,fold_5,Low-vol plateau,0.008524404838681221,1,0.0004688061017077416,1,0.0004688061017077416,0.0034199953079223633,0.9999319314956665,2.267060335725546e-05,4.534120671451092e-05,1,4.688061017077416
2019-01-30,fold_5,Low-vol plateau,0.006823272444307804,1,0.004572131671011448,1,0.004572131671011448,0.00800776481628418,0.9999462366104126,1.7910346286953427e-05,3.5820692573906854e-05,1,45.72131671011448
2019-01-31,fold_5,Low-vol plateau,0.006259833462536335,1,-0.0033203826751559973,-1,-0.0033203826751559973,0.0046607255935668945,0.9999669790267944,1.098448865377577e-05,2.196897730755154e-05,0,-33.20382675155997
2019-02-01,fold_5,Low-vol plateau,0.004995971918106079,1,0.0005040323012508452,1,0.0005040323012508452,0.005167126655578613,0.9999635219573975,1.216672535520047e-05,2.433345071040094e-05,1,5.040323012508452
2019-02-04,fold_5,Low-vol plateau,-0.0006201446522027254,-1,-0.0016581708332523704,-1,0.0016581708332523704,0.006833910942077637,0.9999428987503052,1.903810516523663e-05,3.807621033047326e-05,1,16.581708332523704
2019-02-05,fold_5,Low-vol plateau,0.005213228520005941,1,-0.002304801717400551,-1,-0.002304801717400551,0.004513382911682129,0.9999537467956543,1.5401419659610838e-05,3.0802839319221675e-05,0,-23.04801717400551
2019-02-06,fold_5,Low-vol plateau,0.003917777445167303,1,-0.003853170434013009,-1,-0.003853170434013009,0.0006428956985473633,0.9999731779098511,8.948591130319983e-06,1.7897182260639966e-05,0,-38.53170434013009
2019-02-07,fold_5,Low-vol plateau,0.0037548670079559088,1,-0.002392479684203863,-1,-0.002392479684203863,-0.0017511248588562012,0.9999748468399048,8.366547262994573e-06,1.6733094525989145e-05,0,-23.92479684203863
2019-02-08,fold_5,Low-vol plateau,0.004841667599976063,1,-0.0012795890215784311,-1,-0.0012795890215784311,-0.0030284523963928223,0.99997878074646,7.078235285007395e-06,1.415647057001479e-05,0,-12.795890215784311
2019-02-12,fold_5,Low-vol plateau,0.005854524206370115,1,0.004930588882416487,1,0.004930588882416487,0.001887202262878418,0.9999650716781616,1.1659042684186716e-05,2.331808536837343e-05,1,49.30588882416487
2019-02-13,fold_5,Low-vol plateau,0.003105355426669121,1,-0.006150586996227503,-1,-0.006150586996227503,-0.004275023937225342,0.9999790191650391,6.9906805038044695e-06,1.3981361007608939e-05,0,-61.50586996227503
2019-02-14,fold_5,Low-vol plateau,0.002717670053243637,1,0.0026995516382157803,1,0.0026995516382157803,-0.0015870928764343262,0.9999663829803467,1.1217712199140806e-05,2.243542439828161e-05,1,26.995516382157803
2019-02-15,fold_5,Low-vol plateau,0.0006762080010958016,1,0.0002372502494836226,1,0.0002372502494836226,-0.0013502240180969238,0.999974250793457,8.563662959204521e-06,1.7127325918409042e-05,1,2.372502494836226
2019-02-19,fold_5,Low-vol plateau,0.0006009642384015024,1,0.002744921250268817,1,0.002744921250268817,0.0013909339904785156,0.999957799911499,1.4062697118788492e-05,2.8125394237576984e-05,1,27.44921250268817
2019-02-20,fold_5,Low-vol plateau,-7.770564843667671e-05,-1,0.0002950014313682914,1,-0.0002950014313682914,0.0010955333709716797,0.9999886751174927,3.7603113014483824e-06,7.520622602896765e-06,0,-2.950014313682914
2019-02-21,fold_5,Low-vol plateau,-0.002270317170768976,-1,-0.0002949144400190562,-1,0.0002949144400190562,0.0013908147811889648,0.9999744892120361,8.482714292767923e-06,1.6965428585535847e-05,1,2.949144400190562
2019-02-22,fold_5,Low-vol plateau,-0.002282551024109125,-1,-6.799641414545476e-05,-1,6.799641414545476e-05,0.001458883285522461,0.9999552965164185,1.4912994629412424e-05,2.9825989258824848e-05,1,0.6799641414545476
2019-02-25,fold_5,Low-vol plateau,-0.0032790794502943754,-1,0.0022280586417764425,1,-0.0022280586417764425,-0.0007724761962890625,0.9999806880950928,6.435744580812752e-06,1.2871489161625504e-05,0,-22.280586417764425
2019-02-26,fold_5,Low-vol plateau,-0.0011207092320546508,-1,0.0022558243945240974,1,-0.0022558243945240974,-0.0030265450477600098,0.9999808073043823,6.400538040907122e-06,1.2801076081814244e-05,0,-22.558243945240974
2019-02-27,fold_5,Low-vol plateau,-0.0027957563288509846,-1,-0.001137981773354113,-1,0.001137981773354113,-0.0018920302391052246,0.9999815225601196,6.161994861031417e-06,1.2323989722062834e-05,1,11.379817733541131
2019-02-28,fold_5,Low-vol plateau,-0.0021805015858262777,-1,-0.000591427437029779,-1,0.000591427437029779,-0.0013017654418945312,0.9999483823776245,1.719580905046314e-05,3.439161810092628e-05,1,5.91427437029779
2019-03-01,fold_5,Low-vol plateau,-0.0015935645205900073,-1,0.00021612558339256793,1,-0.00021612558339256793,-0.0015175938606262207,0.999976634979248,7.767489478283096e-06,1.5534978956566192e-05,0,-2.1612558339256793
2019-03-04,fold_5,Low-vol plateau,-0.0034208879806101322,-1,-0.0033898816909641027,-1,0.0033898816909641027,0.001867055892944336,0.999984860420227,5.0546336751722265e-06,1.0109267350344453e-05,1,33.89881690964103
2019-03-05,fold_5,Low-vol plateau,-0.0023355267476290464,-1,-0.0026684298645704985,-1,0.0026684298645704985,0.004540443420410156,0.9999706745147705,9.754621714819223e-06,1.9509243429638445e-05,1,26.684298645704985
2019-03-06,fold_5,Low-vol plateau,-0.0030124131590127945,-1,0.0006109592504799366,1,-0.0006109592504799366,0.003926753997802734,0.9999698400497437,1.0058852240035776e-05,2.0117704480071552e-05,0,-6.109592504799366
2019-03-07,fold_5,Low-vol plateau,-0.0031917814631015062,-1,-0.010224131867289543,-1,0.010224131867289543,0.014191031455993652,0.9999861717224121,4.62025582237402e-06,9.24051164474804e-06,1,102.24131867289543
2019-03-08,fold_5,Low-vol plateau,-0.0020857590716332197,-1,0.0030440150294452906,1,-0.0030440150294452906,0.01110386848449707,0.9999617338180542,1.2736836652038619e-05,2.5473673304077238e-05,0,-30.440150294452906
2019-03-11,fold_5,Low-vol plateau,-0.001487390953116119,-1,0.00238696183077991,1,-0.00238696183077991,0.008690357208251953,0.9999803304672241,6.5718163568817545e-06,1.3143632713763509e-05,0,-23.8696183077991
2019-03-12,fold_5,Low-vol plateau,0.0006953800329938531,1,0.0025057890452444553,1,0.0025057890452444553,0.011217951774597168,0.9999819993972778,6.0009460867149755e-06,1.2001892173429951e-05,1,25.057890452444553
2019-03-13,fold_5,Low-vol plateau,0.0017127195606008172,1,0.0038639309350401163,1,0.0038639309350401163,0.015125274658203125,0.9999758005142212,8.058776984398719e-06,1.6117553968797438e-05,1,38.63930935040116
2019-03-14,fold_5,Low-vol plateau,0.0007455828017555177,1,-0.002001645043492317,-1,-0.002001645043492317,0.013093352317810059,0.9999709129333496,9.690191291156225e-06,1.938038258231245e-05,0,-20.016450434923172
2019-03-15,fold_5,Low-vol plateau,0.0014131212374195457,1,0.0010074680903926492,1,0.0010074680903926492,0.014114022254943848,0.9999667406082153,1.1073946552642155e-05,2.214789310528431e-05,1,10.074680903926492
2019-03-18,fold_5,Low-vol plateau,-0.003218485042452812,-1,0.0014510758919641376,1,-0.0014510758919641376,0.012642502784729004,0.999976634979248,7.803712833265308e-06,1.5607425666530617e-05,0,-14.510758919641376
2019-03-19,fold_5,Low-vol plateau,2.0606908947229385e-05,1,0.001646355027332902,1,0.001646355027332902,0.01430976390838623,0.9999661445617676,1.1272528354311362e-05,2.2545056708622724e-05,1,16.46355027332902
2019-03-20,fold_5,Low-vol plateau,-0.0010017231106758118,-1,0.006434020586311817,1,-0.006434020586311817,0.007783651351928711,0.999970555305481,9.804900400922634e-06,1.9609800801845267e-05,0,-64.34020586311817
2019-03-22,fold_5,Low-vol plateau,-0.0010435886215418577,-1,-0.0069582522846758366,-1,0.0069582522846758366,0.014796018600463867,0.9999797344207764,6.759386906196596e-06,1.3518773812393192e-05,1,69.58252284675837
2019-03-25,fold_5,Low-vol plateau,0.0006716629723086953,1,0.0017652605893090367,1,0.0017652605893090367,0.016587376594543457,0.9999701976776123,9.911167580867186e-06,1.9822335161734372e-05,1,17.652605893090367
2019-03-26,fold_5,Low-vol plateau,0.0027953472454100847,1,-0.003619218012318015,-1,-0.003619218012318015,0.012908101081848145,0.999951958656311,1.6021560441004112e-05,3.2043120882008225e-05,0,-36.19218012318015
2019-03-27,fold_5,Low-vol plateau,0.002308617113158107,1,-0.0020477843936532736,-1,-0.0020477843936532736,0.01083385944366455,0.9999555349349976,1.480721402913332e-05,2.961442805826664e-05,0,-20.477843936532736
2019-03-28,fold_5,Low-vol plateau,0.0037311073392629623,1,-0.0019316303078085184,-1,-0.0019316303078085184,0.008881330490112305,0.9999778270721436,7.389844540739432e-06,1.4779689081478864e-05,0,-19.316303078085184
2019-03-29,fold_5,Low-vol plateau,0.004809442907571793,1,-0.0005498689133673906,-1,-0.0005498689133673906,0.00832664966583252,0.9999791383743286,6.963359282963211e-06,1.3926718565926421e-05,0,-5.498689133673906
2019-04-01,fold_5,Low-vol plateau,0.004050125367939472,1,-0.0016136592021211982,-1,-0.0016136592021211982,0.006699562072753906,0.999968409538269,1.0530306099099107e-05,2.1060612198198214e-05,0,-16.13659202121198
2019-04-02,fold_5,Low-vol plateau,0.0027460651472210884,1,-0.0001680841378401965,-1,-0.0001680841378401965,0.006530404090881348,0.9999721050262451,9.294069968746044e-06,1.8588139937492087e-05,0,-1.680841378401965
2019-04-03,fold_5,Low-vol plateau,0.002259072382003069,1,0.003846475388854742,1,0.003846475388854742,0.010402083396911621,0.9999803304672241,6.5685076151567046e-06,1.3137015230313409e-05,1,38.46475388854742
2019-04-04,fold_5,Low-vol plateau,0.0013899741461500525,1,-0.0018746902933344245,-1,-0.0018746902933344245,0.008507847785949707,0.9999750852584839,8.29671262181364e-06,1.659342524362728e-05,0,-18.746902933344245
2019-04-05,fold_5,Low-vol plateau,-0.000650585803668946,-1,-0.0005610103835351765,-1,0.0005610103835351765,0.009073615074157715,0.9999655485153198,1.1486033145047259e-05,2.2972066290094517e-05,1,5.610103835351765
2019-04-08,fold_5,Low-vol plateau,0.0010593694169074297,1,0.003286882070824504,1,0.003286882070824504,0.01239025592803955,0.9999755620956421,8.149114364641719e-06,1.6298228729283437e-05,1,32.86882070824504
2019-04-09,fold_5,Low-vol plateau,0.0026566297747194767,1,0.000935124815441668,1,0.000935124815441668,0.013336896896362305,0.9999765157699585,7.842443665140308e-06,1.5684887330280617e-05,1,9.35124815441668
2019-04-10,fold_5,Low-vol plateau,-0.0003074226842727512,-1,0.0008457988151349127,1,-0.0008457988151349127,0.012479782104492188,0.9999732971191406,8.88140311872121e-06,1.776280623744242e-05,0,-8.457988151349127
2019-04-11,fold_5,Low-vol plateau,0.0004959600046277046,1,-0.0013963867677375674,-1,-0.0013963867677375674,0.011065959930419922,0.9999850988388062,4.9588625188334845e-06,9.917725037666969e-06,0,-13.963867677375674
2019-04-12,fold_5,Low-vol plateau,-0.0007857991731725633,-1,0.003934172447770834,1,-0.003934172447770834,0.007088303565979004,0.999980092048645,6.63353193885996e-06,1.326706387771992e-05,0,-39.34172447770834
2019-04-15,fold_5,Low-vol plateau,-0.0004032515862490982,-1,-1.1282911145826802e-05,-1,1.1282911145826802e-05,0.007099747657775879,0.9999790191650391,6.977874818403507e-06,1.3955749636807013e-05,1,0.11282911145826802
2019-04-16,fold_5,Low-vol plateau,0.0019922121427953243,1,-0.001760470331646502,-1,-0.001760470331646502,0.005326747894287109,0.9999681711196899,1.0624398782965727e-05,2.1248797565931454e-05,0,-17.60470331646502
2019-04-17,fold_5,Low-vol plateau,0.0031321109272539616,1,0.0010732508962973952,1,0.0010732508962973952,0.0064057111740112305,0.9999681711196899,1.0620940884109586e-05,2.1241881768219173e-05,1,10.732508962973952
2019-04-18,fold_5,Low-vol plateau,0.0012077944120392203,1,-0.005415794439613819,-1,-0.005415794439613819,0.0009552240371704102,0.999970555305481,9.813285032578278e-06,1.9626570065156557e-05,0,-54.15794439613819
2019-04-22,fold_5,Low-vol plateau,-0.0008705231593921781,-1,0.0012835260713472962,1,-0.0012835260713472962,-0.00032955408096313477,0.9999769926071167,7.66969515098026e-06,1.533939030196052e-05,0,-12.835260713472962
2019-04-23,fold_5,Low-vol plateau,-0.00043690911843441427,-1,-0.0030754762701690197,-1,0.0030754762701690197,0.002744913101196289,0.9999793767929077,6.874513019283768e-06,1.3749026038567536e-05,1,30.754762701690197
2019-04-24,fold_5,Low-vol plateau,-0.000954091374296695,-1,-0.006312881130725145,-1,0.006312881130725145,0.009075045585632324,0.9999738931655884,8.713408533367328e-06,1.7426817066734657e-05,1,63.12881130725145
2019-04-25,fold_5,Low-vol plateau,-0.001038696151226759,-1,-0.0014923748094588518,-1,0.0014923748094588518,0.010581016540527344,0.9999603033065796,1.324498953181319e-05,2.648997906362638e-05,1,14.923748094588518
2019-04-26,fold_5,Low-vol plateau,-0.0020599577110260725,-1,0.0012043117312714458,1,-0.0012043117312714458,0.009364008903503418,0.9999808073043823,6.396160188160138e-06,1.2792320376320276e-05,0,-12.043117312714458
2019-05-07,fold_5,Low-vol plateau,-0.0024096318520605564,-1,-0.0009624563390389085,-1,0.0009624563390389085,0.010335564613342285,0.9999586343765259,1.3769317774858791e-05,2.7538635549717583e-05,1,9.624563390389085
2019-05-08,fold_5,Low-vol plateau,-0.0024340704549103975,-1,0.0006494636763818562,1,-0.0006494636763818562,0.009679436683654785,0.9999765157699585,7.8104285421432e-06,1.56208570842864e-05,0,-6.494636763818562
2019-05-09,fold_5,Low-vol plateau,-0.003625179175287485,-1,0.0021209637634456158,1,-0.0021209637634456158,0.007537961006164551,0.9999834299087524,5.5055843404261395e-06,1.1011168680852279e-05,0,-21.209637634456158
2019-05-10,fold_5,Low-vol plateau,-0.0038492295425385237,-1,0.0012809962499886751,1,-0.0012809962499886751,0.006247282028198242,0.9999401569366455,1.9938292098231614e-05,3.987658419646323e-05,0,-12.809962499886751
2019-05-13,fold_5,Low-vol plateau,-0.0032436978071928024,-1,-0.00034819229040294886,-1,0.00034819229040294886,0.006597638130187988,0.9999637603759766,1.2077733117621392e-05,2.4155466235242784e-05,1,3.4819229040294886
2019-05-14,fold_5,Low-vol plateau,-0.005899738520383835,-1,-0.002498582238331437,-1,0.002498582238331437,0.009112715721130371,0.9999542236328125,1.5243032066791784e-05,3.0486064133583568e-05,1,24.98582238331437
2019-05-15,fold_5,Low-vol plateau,-0.004252251237630844,-1,0.0002465155557729304,1,-0.0002465155557729304,0.00886392593383789,0.9999560117721558,1.4655863196821883e-05,2.9311726393643767e-05,0,-2.465155557729304
2019-05-16,fold_5,Low-vol plateau,-0.005322765093296766,-1,-0.00300564244389534,-1,0.00300564244389534,0.011896133422851562,0.9999716281890869,9.467158633924555e-06,1.893431726784911e-05,1,30.0564244389534
2019-05-17,fold_5,Low-vol plateau,-0.0062289172783494,-1,-0.0007370057865045965,-1,0.0007370057865045965,0.01264190673828125,0.9999808073043823,6.3935476646292955e-06,1.2787095329258591e-05,1,7.370057865045965
2019-05-20,fold_5,Low-vol plateau,-0.0033121926244348288,-1,0.00029040739173069596,1,-0.00029040739173069596,0.012347817420959473,0.9999728202819824,9.069430234376341e-06,1.8138860468752682e-05,0,-2.9040739173069596
2019-05-21,fold_5,Low-vol plateau,-0.00458185700699687,-1,-0.0011713255662471056,-1,0.0011713255662471056,0.013533592224121094,0.9999679327011108,1.0694328921090346e-05,2.138865784218069e-05,1,11.713255662471056
2019-05-23,fold_5,Low-vol plateau,-0.0063110399059951305,-1,0.002606033580377698,1,-0.002606033580377698,0.010892271995544434,0.9999678134918213,1.0711076356528793e-05,2.1422152713057585e-05,0,-26.06033580377698
2019-05-24,fold_5,Low-vol plateau,-0.006199476774781942,-1,0.002241884358227253,1,-0.002241884358227253,0.008625984191894531,0.9999759197235107,8.024403541639913e-06,1.6048807083279826e-05,0,-22.41884358227253
2019-05-28,fold_5,Low-vol plateau,-0.004945977125316858,-1,-0.002066653920337558,-1,0.002066653920337558,0.010710477828979492,0.999961256980896,1.2925548617204186e-05,2.585109723440837e-05,1,20.666539203375578
2019-05-29,fold_5,Low-vol plateau,-0.005667360499501228,-1,-0.0029847442638128996,-1,0.0029847442638128996,0.013727188110351562,0.9999803304672241,6.552505965373712e-06,1.3105011930747423e-05,1,29.847442638128996
2019-05-30,fold_5,Low-vol plateau,-0.0037490276154130697,-1,-0.0005565853207372129,-1,0.0005565853207372129,0.01429140567779541,0.9999682903289795,1.05510789580876e-05,2.11021579161752e-05,1,5.565853207372129
2019-05-31,fold_5,Low-vol plateau,-0.0048861997202038765,-1,0.003855000250041485,1,-0.003855000250041485,0.010381340980529785,0.999971866607666,9.368753126182128e-06,1.8737506252364255e-05,0,-38.55000250041485
2019-06-03,fold_5,Low-vol plateau,-0.0036049000918865204,-1,0.006466649007052183,1,-0.006466649007052183,0.0038475990295410156,0.9999756813049316,8.11770496511599e-06,1.623540993023198e-05,0,-64.66649007052183
2019-06-04,fold_5,Low-vol plateau,-0.004556679632514715,-1,0.0006865524337626994,1,-0.0006865524337626994,0.0031584501266479492,0.9999713897705078,9.528470400255173e-06,1.9056940800510347e-05,0,-6.865524337626994
2019-06-05,fold_5,Low-vol plateau,-0.0009627417894080281,-1,-0.002223382471129298,-1,0.002223382471129298,0.005388855934143066,0.9999606609344482,1.3106757251080126e-05,2.621351450216025e-05,1,22.233824711292982
2019-06-06,fold_5,Low-vol plateau,-0.0010114375036209822,-1,0.004228744190186262,1,-0.004228744190186262,0.0011372566223144531,0.9999635219573975,1.2142689229222015e-05,2.428537845844403e-05,0,-42.28744190186262
2019-06-07,fold_5,Low-vol plateau,0.002051978139206767,1,0.003871487220749259,1,0.003871487220749259,0.005013108253479004,0.9999680519104004,1.06529068943928e-05,2.13058137887856e-05,1,38.71487220749259
2019-06-10,fold_5,Low-vol plateau,0.000814087048638612,1,-0.00018112821271643043,-1,-0.00018112821271643043,0.004831075668334961,0.999968409538269,1.0509328603802714e-05,2.101865720760543e-05,0,-1.8112821271643043
2019-06-11,fold_5,Low-vol plateau,0.0006571497651748359,1,0.001008287537842989,1,0.001008287537842989,0.005844235420227051,0.9999723434448242,9.210720236296766e-06,1.842144047259353e-05,1,10.08287537842989
2019-06-12,fold_5,Low-vol plateau,-0.0004964923718944192,-1,-0.002993301022797823,-1,0.002993301022797823,0.008855104446411133,0.9999732971191406,8.909779353416525e-06,1.781955870683305e-05,1,29.93301022797823
2019-06-13,fold_5,Low-vol plateau,-0.0003048012440558523,-1,-0.0013423121999949217,-1,0.0013423121999949217,0.010209321975708008,0.9999425411224365,1.9139839423587546e-05,3.827967884717509e-05,1,13.423121999949217
2019-06-14,fold_5,Low-vol plateau,0.0007700805435888469,1,-0.005619735922664404,-1,-0.005619735922664404,0.004532217979431152,0.9999749660491943,8.352414624823723e-06,1.6704829249647446e-05,0,-56.19735922664404
2019-06-17,fold_5,Low-vol plateau,-0.0014230799861252308,-1,0.0006733588525094092,1,-0.0006733588525094092,0.0038558244705200195,0.9999600648880005,1.3301873877935577e-05,2.6603747755871154e-05,0,-6.733588525094092
2019-06-18,fold_5,Low-vol plateau,0.0011189472861588001,1,-0.0023515592329204082,-1,-0.0023515592329204082,0.0014951229095458984,0.9999532699584961,1.5579236787743866e-05,3.115847357548773e-05,0,-23.515592329204082
2019-06-19,fold_5,Low-vol plateau,-0.0010580390226095915,-1,0.003596331924200058,1,-0.003596331924200058,-0.0021065473556518555,0.9999291896820068,2.358484016440343e-05,4.716968032880686e-05,0,-35.96331924200058
2019-06-20,fold_5,Low-vol plateau,-0.0031643256079405546,-1,0.005082990508526564,1,-0.005082990508526564,-0.007178783416748047,0.9999775886535645,7.474924586858833e-06,1.4949849173717666e-05,0,-50.829905085265636
2019-06-21,fold_5,Low-vol plateau,-0.0030193054117262363,-1,0.007889659143984318,1,-0.007889659143984318,-0.015011847019195557,0.9999665021896362,1.1166347576363478e-05,2.2332695152726956e-05,0,-78.89659143984318
2019-06-24,fold_5,Low-vol plateau,-0.002175411907956004,-1,0.0013679296243935823,1,-0.0013679296243935823,-0.01635921001434326,0.9999699592590332,1.0026169547927566e-05,2.0052339095855132e-05,0,-13.679296243935823
2019-06-25,fold_5,Low-vol plateau,-0.0012689544819295406,-1,-0.0026604935992509127,-1,0.0026604935992509127,-0.013742208480834961,0.9999717473983765,9.406275239598472e-06,1.8812550479196943e-05,1,26.604935992509127
2019-06-26,fold_5,Low-vol plateau,0.0008075832738541067,1,0.00042085087625309825,1,0.00042085087625309825,-0.013327181339263916,0.9999537467956543,1.542671634524595e-05,3.08534326904919e-05,1,4.2085087625309825
2019-06-27,fold_5,Low-vol plateau,0.0006727405125275254,1,-0.0001591937179910019,-1,-0.0001591937179910019,-0.01348423957824707,0.9999637603759766,1.2057352250849362e-05,2.4114704501698725e-05,0,-1.591937179910019
2019-06-28,fold_5,Low-vol plateau,0.00406662980094552,1,-0.00070458889240399,-1,-0.00070458889240399,-0.014179348945617676,0.9999853372573853,4.900270596408518e-06,9.800541192817036e-06,0,-7.0458889240399
2019-07-01,fold_5,Low-vol plateau,0.0035067517310380936,1,-0.0068176812492311,-1,-0.0068176812492311,-0.020900368690490723,0.9999626874923706,1.2448707821022253e-05,2.4897415642044507e-05,0,-68.176812492311
2019-07-02,fold_5,Low-vol plateau,0.004298899322748184,1,0.0004969057627022266,1,0.0004969057627022266,-0.020413875579833984,0.9999737739562988,8.722924576431978e-06,1.7445849152863957e-05,1,4.969057627022266
2019-07-03,fold_5,Low-vol plateau,0.004888956900686026,1,-0.00045158492866903543,-1,-0.00045158492866903543,-0.020856201648712158,0.9999687671661377,1.0416018994874321e-05,2.0832037989748642e-05,0,-4.515849286690354
2019-07-05,fold_5,Low-vol plateau,0.005263225175440311,1,-0.005175866652280092,-1,-0.005175866652280092,-0.02592414617538452,0.9999679327011108,1.0684294466045685e-05,2.136858893209137e-05,0,-51.75866652280092
2019-07-08,fold_5,Low-vol plateau,0.004834580700844526,1,-0.0010094279423356056,-1,-0.0010094279423356056,-0.026907384395599365,0.9999717473983765,9.40930658543948e-06,1.881861317087896e-05,0,-10.094279423356056
2019-07-09,fold_5,Low-vol plateau,0.0038106355350464582,1,-0.0006948888185434043,-1,-0.0006948888185434043,-0.027583539485931396,0.9999845027923584,5.160306955076521e-06,1.0320613910153043e-05,0,-6.948888185434043
2019-07-10,fold_5,Low-vol plateau,0.0034141612704843283,1,0.004514812957495451,1,0.004514812957495451,-0.02319324016571045,0.999968409538269,1.0516256224946119e-05,2.1032512449892238e-05,1,45.14812957495451
2019-07-11,fold_5,Low-vol plateau,0.001453207223676145,1,-0.0005738722975365818,-1,-0.0005738722975365818,-0.023753821849822998,0.9999760389328003,8.003466064110398e-06,1.6006932128220797e-05,0,-5.7387229753658175
2019-07-12,fold_5,Low-vol plateau,0.0016433884156867862,1,0.001747183850966394,1,0.001747183850966394,-0.02204817533493042,0.9999802112579346,6.59292345517315e-06,1.31858469103463e-05,1,17.47183850966394
2019-07-16,fold_5,Low-vol plateau,0.0010553363244980574,1,-0.004395125899463892,-1,-0.004395125899463892,-0.02634638547897339,0.9999724626541138,9.15875170903746e-06,1.831750341807492e-05,0,-43.95125899463892
2019-07-17,fold_5,Low-vol plateau,0.0006102249026298523,1,0.0015496194828301668,1,0.0015496194828301668,-0.024837613105773926,0.9999508857727051,1.6376176063204184e-05,3.275235212640837e-05,1,15.496194828301668
2019-07-18,fold_5,Low-vol plateau,0.0002523963339626789,1,0.0028379710856825113,1,0.0028379710856825113,-0.022070109844207764,0.9999606609344482,1.3098007002554368e-05,2.6196014005108736e-05,1,28.379710856825113
2019-07-19,fold_5,Low-vol plateau,0.0014746863162145019,1,-0.003836731193587184,-1,-0.003836731193587184,-0.025822162628173828,0.9999529123306274,1.570889617141802e-05,3.141779234283604e-05,0,-38.36731193587184
2019-07-22,fold_5,Low-vol plateau,-0.0003083364281337708,-1,-0.0010869659017771482,-1,0.0010869659017771482,-0.024763286113739014,0.9999611377716064,1.2953413715877105e-05,2.590682743175421e-05,1,10.869659017771482
2019-07-23,fold_5,Low-vol plateau,-0.0015829626936465502,-1,-0.004895445425063372,-1,0.004895445425063372,-0.019989073276519775,0.9999721050262451,9.30096757656429e-06,1.860193515312858e-05,1,48.95445425063372
2019-07-24,fold_5,Low-vol plateau,-0.0024670336861163378,-1,-0.0007910756976343691,-1,0.0007910756976343691,-0.01921379566192627,0.9999750852584839,8.301527486764826e-06,1.6603054973529652e-05,1,7.910756976343691
2019-07-25,fold_5,Low-vol plateau,0.001333984429948032,1,0.0003343336284160614,1,0.0003343336284160614,-0.01888585090637207,0.9999762773513794,7.888220352469943e-06,1.5776440704939887e-05,1,3.343336284160614
2019-07-26,fold_5,Low-vol plateau,-0.001544492901302874,-1,-0.0012578507885336876,-1,0.0012578507885336876,-0.017651736736297607,0.9999862909317017,4.566897132463055e-06,9.13379426492611e-06,1,12.578507885336876
2019-07-29,fold_5,Low-vol plateau,0.00012319786765147,1,0.000980583718046546,1,0.000980583718046546,-0.016688406467437744,0.999983549118042,5.478992079588352e-06,1.0957984159176704e-05,1,9.80583718046546
2019-07-30,fold_5,Low-vol plateau,0.0013855693396180868,1,0.0013388646766543388,1,0.0013388646766543388,-0.015371918678283691,0.9999624490737915,1.2497533134592231e-05,2.4995066269184463e-05,1,13.388646766543388
2019-07-31,fold_5,Low-vol plateau,-9.957551810657606e-05,-1,-0.007728002034127712,-1,0.007728002034127712,-0.007762730121612549,0.9999818801879883,6.036859758751234e-06,1.2073719517502468e-05,1,77.28002034127712
2019-08-01,fold_5,Low-vol plateau,0.0022468548268079758,1,0.0006425735191442072,1,0.0006425735191442072,-0.007125198841094971,0.9999706745147705,9.755308383319061e-06,1.9510616766638122e-05,1,6.425735191442072
2019-08-02,fold_5,Low-vol plateau,0.001258649630472064,1,0.0026325583457946777,1,0.0026325583457946777,-0.004511356353759766,0.9999796152114868,6.788477548980154e-06,1.3576955097960308e-05,1,26.325583457946777
2019-08-05,fold_5,Low-vol plateau,-0.00012765331484843045,-1,0.012222036719322205,1,-0.012222036719322205,-0.016678273677825928,0.9999818801879883,6.032823876012117e-06,1.2065647752024233e-05,0,-122.22036719322205
2019-08-06,fold_5,Low-vol plateau,-2.42251899180701e-05,-1,-0.003272486152127385,-1,0.003272486152127385,-0.013460338115692139,0.9999607801437378,1.3088597370369826e-05,2.617719474073965e-05,1,32.72486152127385
2019-08-07,fold_5,Low-vol plateau,0.0026576509699225426,1,-0.0002352914452785626,-1,-0.0002352914452785626,-0.013692498207092285,0.9999673366546631,1.088428143702913e-05,2.176856287405826e-05,0,-2.352914452785626
2019-08-08,fold_5,Low-vol plateau,0.003811084432527423,1,-0.0015326269203796983,-1,-0.0015326269203796983,-0.015204131603240967,0.9999599456787109,1.3335920812096447e-05,2.6671841624192894e-05,0,-15.326269203796983
2019-08-09,fold_5,Low-vol plateau,-0.000517490494530648,-1,0.0019053779542446136,1,-0.0019053779542446136,-0.01708054542541504,0.9999544620513916,1.518993576610228e-05,3.037987153220456e-05,0,-19.053779542446136
2019-08-13,fold_5,Low-vol plateau,-3.037555143237114e-05,-1,-0.0036772366147488356,-1,0.0036772366147488356,-0.013466119766235352,0.9999483823776245,1.718699604680296e-05,3.437399209360592e-05,1,36.772366147488356
2019-08-14,fold_5,Low-vol plateau,0.003818760858848691,1,-0.003019839758053422,-1,-0.003019839758053422,-0.0164453387260437,0.9999650716781616,1.163820252259029e-05,2.327640504518058e-05,0,-30.19839758053422
2019-08-15,fold_5,Low-vol plateau,0.003778548678383231,1,-0.0026672929525375366,-1,-0.0026672929525375366,-0.019068777561187744,0.9999301433563232,2.328025220776908e-05,4.656050441553816e-05,0,-26.672929525375366
2019-08-16,fold_5,Low-vol plateau,0.00046485962229780853,1,-0.0017750132828950882,-1,-0.0017750132828950882,-0.020809948444366455,0.9999517202377319,1.6080090063042007e-05,3.2160180126084015e-05,0,-17.750132828950882
2019-08-19,fold_5,Low-vol plateau,-0.0023630380164831877,-1,-0.0009641959914006293,-1,0.0009641959914006293,-0.019865870475769043,0.9999898672103882,3.385336412975448e-06,6.770672825950896e-06,1,9.641959914006293
2019-08-20,fold_5,Low-vol plateau,0.002316884696483612,1,0.001320609007962048,1,0.001320609007962048,-0.01857149600982666,0.9999686479568481,1.043913380271988e-05,2.087826760543976e-05,1,13.20609007962048
2019-08-21,fold_5,Low-vol plateau,0.0004359011654742062,1,-0.0006321496912278235,-1,-0.0006321496912278235,-0.0191919207572937,0.9999573230743408,1.4217222997103818e-05,2.8434445994207636e-05,0,-6.321496912278235
2019-08-22,fold_5,Low-vol plateau,0.0017540166154503822,1,-0.0006096552242524922,-1,-0.0006096552242524922,-0.01978987455368042,0.999963641166687,1.212378356285626e-05,2.424756712571252e-05,0,-6.096552242524922
2019-08-23,fold_5,Low-vol plateau,0.0023710427340120077,1,0.005326444748789072,1,0.005326444748789072,-0.014568865299224854,0.9999762773513794,7.903251571406145e-06,1.580650314281229e-05,1,53.26444748789072
2019-08-26,fold_5,Low-vol plateau,-0.0015538575826212764,-1,-0.0035310082603245974,-1,0.0035310082603245974,-0.011089324951171875,0.9999707937240601,9.727440556162037e-06,1.9454881112324074e-05,1,35.310082603245974
2019-08-27,fold_5,Low-vol plateau,-4.0662103856448084e-05,-1,-0.0012309884186834097,-1,0.0012309884186834097,-0.009872019290924072,0.9999632835388184,1.2223320482007693e-05,2.4446640964015387e-05,1,12.309884186834097
2019-08-28,fold_5,Low-vol plateau,-0.0013037393800914288,-1,-0.0003769751638174057,-1,0.0003769751638174057,-0.009498775005340576,0.9999442100524902,1.8584798453957774e-05,3.716959690791555e-05,1,3.769751638174057
2019-08-29,fold_5,Low-vol plateau,-0.003802832216024399,-1,-0.0021569994278252125,-1,0.0021569994278252125,-0.007362306118011475,0.9999428987503052,1.904497912619263e-05,3.808995825238526e-05,1,21.569994278252125
2019-08-30,fold_5,Low-vol plateau,-0.0031083114445209503,-1,-0.0063423048704862595,-1,0.0063423048704862595,-0.0010666847229003906,0.9999512434005737,1.6230093024205416e-05,3.246018604841083e-05,1,63.423048704862595
2019-09-03,fold_5,Low-vol plateau,-3.9135106817411724e-06,-1,0.0005487410235218704,1,-0.0005487410235218704,-0.0016148090362548828,0.9999752044677734,8.263728886959143e-06,1.6527457773918286e-05,0,-5.487410235218704
2019-09-04,fold_5,Low-vol plateau,0.00026396894827485085,1,0.005506451241672039,1,0.005506451241672039,0.0038826465606689453,0.9999347925186157,2.173197026422713e-05,4.346394052845426e-05,1,55.06451241672039
2019-09-05,fold_5,Low-vol plateau,-0.0024167918600142,-1,0.0001214242001879029,1,-0.0001214242001879029,0.003760814666748047,0.999958872795105,1.370197151118191e-05,2.740394302236382e-05,0,-1.214242001879029
2019-09-06,fold_5,Low-vol plateau,-0.0014249020023271441,-1,-0.0014217004645615816,-1,0.0014217004645615816,0.005187869071960449,0.9999508857727051,1.6379437511204742e-05,3.2758875022409484e-05,1,14.217004645615816
2019-09-09,fold_5,Low-vol plateau,0.0011589860077947378,1,0.002519046887755394,1,0.002519046887755394,0.007719993591308594,0.999962568283081,1.24615562526742e-05,2.49231125053484e-05,1,25.19046887755394
2019-09-10,fold_5,Low-vol plateau,0.002199359703809023,1,0.00017673612455837429,1,0.00017673612455837429,0.007898092269897461,0.9999421834945679,1.9263408830738626e-05,3.852681766147725e-05,1,1.7673612455837429
2019-09-11,fold_5,Low-vol plateau,0.0011815855978056788,1,-0.003337112022563815,-1,-0.003337112022563815,0.004534602165222168,0.9999504089355469,1.6512334696017206e-05,3.302466939203441e-05,0,-33.37112022563815
2019-09-12,fold_5,Low-vol plateau,0.003254381939768791,1,0.004069486167281866,1,0.004069486167281866,0.008622527122497559,0.9999641180038452,1.1975091183558106e-05,2.3950182367116213e-05,1,40.69486167281866
2019-09-13,fold_5,Low-vol plateau,0.0028198740910738707,1,0.0022721209097653627,1,0.0022721209097653627,0.010914206504821777,0.9999712705612183,9.567298548063263e-06,1.9134597096126527e-05,1,22.721209097653627
2019-09-17,fold_5,Low-vol plateau,-0.0024371871259063482,-1,0.00624600937590003,1,-0.00624600937590003,0.004600048065185547,0.9999514818191528,1.6187910659937188e-05,3.2375821319874376e-05,0,-62.4600937590003
2019-09-18,fold_5,Low-vol plateau,0.0011051323963329196,1,-0.003905115881934762,-1,-0.003905115881934762,0.0006769895553588867,0.9999880790710449,3.959152763854945e-06,7.91830552770989e-06,0,-39.05115881934762
2019-09-19,fold_5,Low-vol plateau,0.0005497550591826439,1,0.001546817016787827,1,0.001546817016787827,0.0022249221801757812,0.9999772310256958,7.594793714815751e-06,1.5189587429631501e-05,1,15.46817016787827
2019-09-20,fold_5,Low-vol plateau,0.0001821832702262327,1,-0.0026665497571229935,-1,-0.0026665497571229935,-0.0004475712776184082,0.99998939037323,3.526290583977243e-06,7.052581167954486e-06,0,-26.665497571229935
2019-09-24,fold_5,Low-vol plateau,-0.0028243011329323053,-1,0.002104161074385047,1,-0.002104161074385047,-0.002550780773162842,0.9999648332595825,1.1714698302967008e-05,2.3429396605934016e-05,0,-21.04161074385047
2019-09-25,fold_5,Low-vol plateau,-0.002302658511325717,-1,-0.005804941989481449,-1,0.005804941989481449,0.003239274024963379,0.9999557733535767,1.4731864212080836e-05,2.9463728424161673e-05,1,58.04941989481449
2019-09-26,fold_5,Low-vol plateau,-0.0034793931990861893,-1,-0.0027526237536221743,-1,0.0027526237536221743,0.006000876426696777,0.9999754428863525,8.174315553333145e-06,1.634863110666629e-05,1,27.526237536221743
2019-09-27,fold_5,Low-vol plateau,-0.005035215523093939,-1,0.0018274149624630809,1,-0.0018274149624630809,0.00416254997253418,0.9999752044677734,8.280395377369132e-06,1.6560790754738264e-05,0,-18.27414962463081
2022-01-19,fold_6,EUR crisis downturn,-0.0032751807011663914,-1,0.0012138050515204668,1,-0.0012138050515204668,-0.0012137889862060547,0.9999603033065796,1.3235994629212655e-05,2.647198925842531e-05,0,-12.138050515204668
2022-01-20,fold_6,EUR crisis downturn,-0.004314902238547802,-1,-0.002613516291603446,-1,0.002613516291603446,0.0013965368270874023,0.9999749660491943,8.346414688276127e-06,1.6692829376552254e-05,1,26.13516291603446
2022-01-21,fold_6,EUR crisis downturn,-0.0012567893136292696,-1,0.0024497758131474257,1,-0.0024497758131474257,-0.0010566115379333496,0.999961256980896,1.2902438356832135e-05,2.580487671366427e-05,0,-24.497758131474257
2022-01-24,fold_6,EUR crisis downturn,-0.0029594223015010357,-1,-0.0015288135036826134,-1,0.0015288135036826134,0.0004706382751464844,0.9999727010726929,9.081047210202087e-06,1.8162094420404173e-05,1,15.288135036826134
2022-01-25,fold_6,EUR crisis downturn,-0.00107558851595968,-1,-0.0017295886063948274,-1,0.0017295886063948274,0.002201080322265625,0.9999645948410034,1.1817857739515603e-05,2.3635715479031205e-05,1,17.295886063948274
2022-01-26,fold_6,EUR crisis downturn,-0.003623349592089653,-1,-0.005396849941462278,-1,0.005396849941462278,0.007609844207763672,0.9999492168426514,1.691274701443035e-05,3.38254940288607e-05,1,53.968499414622784
2022-01-27,fold_6,EUR crisis downturn,-0.0017480928217992187,-1,-0.008583232760429382,-1,0.008583232760429382,0.0162583589553833,0.9999736547470093,8.787725164438598e-06,1.7575450328877196e-05,1,85.83232760429382
2022-01-28,fold_6,EUR crisis downturn,-0.0016596093773841858,-1,0.000479530863231048,1,-0.000479530863231048,0.015771031379699707,0.999963641166687,1.2105022506148089e-05,2.4210045012296177e-05,0,-4.79530863231048
2022-01-31,fold_6,EUR crisis downturn,-0.0010065414244309068,-1,0.0069287000223994255,1,-0.0069287000223994255,0.008733034133911133,0.9999797344207764,6.745858172507724e-06,1.3491716345015448e-05,0,-69.28700022399426
2022-02-01,fold_6,EUR crisis downturn,-0.0023878319188952446,-1,0.0039458139799535275,1,-0.0039458139799535275,0.004752755165100098,0.9999760389328003,7.983074283401947e-06,1.5966148566803895e-05,0,-39.458139799535275
2022-02-02,fold_6,EUR crisis downturn,-0.00206273072399199,-1,0.0023053139448165894,1,-0.0023053139448165894,0.002436518669128418,0.9999816417694092,6.1223195189086255e-06,1.2244639037817251e-05,0,-23.053139448165894
2022-02-03,fold_6,EUR crisis downturn,-0.000899580423720181,-1,0.012018885463476181,1,-0.012018885463476181,-0.00961160659790039,0.9999665021896362,1.114282258640742e-05,2.228564517281484e-05,0,-120.18885463476181
2022-02-04,fold_6,EUR crisis downturn,-0.0005012118490412831,-1,0.001695401151664555,1,-0.001695401151664555,-0.01129072904586792,0.9999837875366211,5.399274868977955e-06,1.079854973795591e-05,0,-16.95401151664555
2022-02-07,fold_6,EUR crisis downturn,-0.000546610273886472,-1,-0.0010641802800819278,-1,0.0010641802800819278,-0.010238587856292725,0.9999809265136719,6.343567747535417e-06,1.2687135495070834e-05,1,10.641802800819278
2022-02-08,fold_6,EUR crisis downturn,-0.002362249419093132,-1,-0.0018959172302857041,-1,0.0018959172302857041,-0.008362114429473877,0.9999649524688721,1.1679084309434984e-05,2.3358168618869968e-05,1,18.95917230285704
2022-02-09,fold_6,EUR crisis downturn,-0.002028329763561487,-1,2.275372389703989e-05,1,-2.275372389703989e-05,-0.00838470458984375,0.9999438524246216,1.870581036200747e-05,3.741162072401494e-05,0,-0.2275372389703989
2022-02-10,fold_6,EUR crisis downturn,-0.0018109491793438792,-1,-0.0005249936948530376,-1,0.0005249936948530376,-0.007864117622375488,0.9999783039093018,7.2213229032058734e-06,1.4442645806411747e-05,1,5.249936948530376
2022-02-14,fold_6,EUR crisis downturn,-0.0009874746901914477,-1,-0.005166933406144381,-1,0.005166933406144381,-0.002737879753112793,0.999966025352478,1.1331941095704678e-05,2.2663882191409357e-05,1,51.669334061443806
2022-02-15,fold_6,EUR crisis downturn,0.0016680493718013167,1,0.00446309894323349,1,0.00446309894323349,0.0017129182815551758,0.9999812841415405,6.2307876760314684e-06,1.2461575352062937e-05,1,44.6309894323349
2022-02-16,fold_6,EUR crisis downturn,0.004626368638128042,1,0.0016266792081296444,1,0.0016266792081296444,0.0033423900604248047,0.9999655485153198,1.146078466263134e-05,2.292156932526268e-05,1,16.266792081296444
2022-02-17,fold_6,EUR crisis downturn,0.0013459132751449943,1,-0.0007728770724497736,-1,-0.0007728770724497736,0.0025669336318969727,0.9999628067016602,1.2407289432303514e-05,2.481457886460703e-05,0,-7.7287707244977355
2022-02-18,fold_6,EUR crisis downturn,0.0030862344428896904,1,-0.004334500525146723,-1,-0.004334500525146723,-0.001778721809387207,0.9999512434005737,1.6253530702670105e-05,3.250706140534021e-05,0,-43.34500525146723
2022-02-22,fold_6,EUR crisis downturn,0.002404448576271534,1,0.001721999142318964,1,0.001721999142318964,-5.97834587097168e-05,0.9999806880950928,6.421607395168394e-06,1.2843214790336788e-05,1,17.21999142318964
2022-02-24,fold_6,EUR crisis downturn,-0.0013902856735512614,-1,-0.010172287933528423,-1,0.010172287933528423,0.010111808776855469,0.9999731779098511,8.933237040764652e-06,1.7866474081529304e-05,1,101.72287933528423
2022-02-25,fold_6,EUR crisis downturn,-0.00030040545971132815,-1,-0.0008610449731349945,-1,0.0008610449731349945,0.010981559753417969,0.9999737739562988,8.733744834898971e-06,1.7467489669797942e-05,1,8.610449731349945
2022-02-28,fold_6,EUR crisis downturn,-0.00447321031242609,-1,0.00311812711879611,1,-0.00311812711879611,0.00782918930053711,0.9999659061431885,1.1368213563400786e-05,2.2736427126801573e-05,0,-31.1812711879611
2022-03-01,fold_6,EUR crisis downturn,-0.00493629602715373,-1,-0.007414391729980707,-1,0.007414391729980707,0.01530158519744873,0.999967098236084,1.0958042366837617e-05,2.1916084733675234e-05,1,74.14391729980707
2022-03-02,fold_6,EUR crisis downturn,-0.003907199949026108,-1,-0.0018336334032937884,-1,0.0018336334032937884,0.01716327667236328,0.9999734163284302,8.864917617756873e-06,1.7729835235513747e-05,1,18.336334032937884
2022-03-03,fold_6,EUR crisis downturn,-0.002840094268321991,-1,-0.004094634670764208,-1,0.004094634670764208,0.021328210830688477,0.9999790191650391,6.975286851229612e-06,1.3950573702459224e-05,1,40.94634670764208
2022-03-04,fold_6,EUR crisis downturn,-0.004847698844969273,-1,-0.017377527430653572,-1,0.017377527430653572,0.03907632827758789,0.9999573230743408,1.4218678188626654e-05,2.843735637725331e-05,1,173.77527430653572
2022-03-07,fold_6,EUR crisis downturn,-0.003059020033106208,-1,-0.0008476009825244546,-1,0.0008476009825244546,0.03995704650878906,0.9999669790267944,1.098929533327464e-05,2.197859066654928e-05,1,8.476009825244546
2022-03-08,fold_6,EUR crisis downturn,-0.0017616499681025743,-1,0.0030297928024083376,1,-0.0030297928024083376,0.03680622577667236,0.9999618530273438,1.2714792319457047e-05,2.5429584638914093e-05,0,-30.297928024083376
2022-03-09,fold_6,EUR crisis downturn,0.003779508639127016,1,0.01611238159239292,1,0.01611238159239292,0.053511619567871094,0.9999653100967407,1.1578558769542724e-05,2.3157117539085448e-05,1,161.12381592392921
2022-03-10,fold_6,EUR crisis downturn,-0.001702192472293973,-1,-0.005407776217907667,-1,0.005407776217907667,0.05920886993408203,0.9999680519104004,1.0660147381713614e-05,2.1320294763427228e-05,1,54.07776217907667
2022-03-11,fold_6,EUR crisis downturn,-4.217447713017464e-05,-1,-0.007433895952999592,-1,0.007433895952999592,0.06708288192749023,0.9999580383300781,1.398662971041631e-05,2.797325942083262e-05,1,74.33895952999592
2022-03-14,fold_6,EUR crisis downturn,0.004187834914773703,1,0.001017721719108522,1,0.001017721719108522,0.06816887855529785,0.9999836683273315,5.449071522889426e-06,1.0898143045778852e-05,1,10.17721719108522
2022-03-15,fold_6,EUR crisis downturn,0.0022653525229543447,1,0.0023914421908557415,1,0.0023914421908557415,0.07072341442108154,0.9999666213989258,1.1105462363047991e-05,2.2210924726095982e-05,1,23.914421908557415
2022-03-16,fold_6,EUR crisis downturn,0.0006916738348081708,1,0.004794404376298189,1,0.004794404376298189,0.07585680484771729,0.9999433755874634,1.8868699044105597e-05,3.7737398088211194e-05,1,47.94404376298189
2022-03-17,fold_6,EUR crisis downturn,0.006250391248613596,1,0.007037183735519648,1,0.007037183735519648,0.0834277868270874,0.9999469518661499,1.7675914932624437e-05,3.5351829865248874e-05,1,70.37183735519648
2022-03-18,fold_6,EUR crisis downturn,0.00393719831481576,1,-0.005079824943095446,-1,-0.005079824943095446,0.07792413234710693,0.999972939491272,9.010736903292127e-06,1.8021473806584254e-05,0,-50.798249430954456
2022-03-22,fold_6,EUR crisis downturn,0.0021939079742878675,1,0.0011360200587660074,1,0.0011360200587660074,0.07914876937866211,0.9999669790267944,1.101021462091012e-05,2.202042924182024e-05,1,11.360200587660074
2022-03-23,fold_6,EUR crisis downturn,0.0010223466670140624,1,-0.0021242026705294847,-1,-0.0021242026705294847,0.07685649394989014,0.9999337196350098,2.2089880076237023e-05,4.4179760152474046e-05,0,-21.242026705294847
2022-03-24,fold_6,EUR crisis downturn,-0.0020422653760761023,-1,0.00029731090762652457,1,-0.00029731090762652457,0.07653629779815674,0.9999537467956543,1.5406967577291653e-05,3.0813935154583305e-05,0,-2.9731090762652457
2022-03-25,fold_6,EUR crisis downturn,-0.002464291173964739,-1,-0.00251486012712121,-1,0.00251486012712121,0.07924365997314453,0.9999399185180664,2.0034500266774558e-05,4.0069000533549115e-05,1,25.1486012712121
2022-03-28,fold_6,EUR crisis downturn,-0.00631531048566103,-1,0.001088330172933638,1,-0.001088330172933638,0.07806909084320068,0.9999185800552368,2.71356911980547e-05,5.42713823961094e-05,0,-10.883301729336381
2022-03-29,fold_6,EUR crisis downturn,-0.00848196167498827,-1,0.008884331211447716,1,-0.008884331211447716,0.06849122047424316,0.9999403953552246,1.9876937585650012e-05,3.9753875171300024e-05,0,-88.84331211447716
2022-03-30,fold_6,EUR crisis downturn,-0.009794848039746284,-1,0.006339906714856625,1,-0.006339906714856625,0.06171703338623047,0.9999567270278931,1.441558197257109e-05,2.883116394514218e-05,0,-63.399067148566246
2022-03-31,fold_6,EUR crisis downturn,-0.009068234823644161,-1,-0.00801636092364788,-1,0.00801636092364788,0.07022809982299805,0.9999547004699707,1.5080102457432076e-05,3.0160204914864153e-05,1,80.1636092364788
2022-04-01,fold_6,EUR crisis downturn,-0.006020915694534779,-1,-0.0022647094447165728,-1,0.0022647094447165728,0.07265186309814453,0.9999511241912842,1.627934216230642e-05,3.255868432461284e-05,1,22.647094447165728
2022-04-04,fold_6,EUR crisis downturn,-0.004781901370733976,-1,-0.006464783102273941,-1,0.006464783102273941,0.07958638668060303,0.9999499320983887,1.6701565982657485e-05,3.340313196531497e-05,1,64.64783102273941
2022-04-05,fold_6,EUR crisis downturn,-0.004020814783871174,-1,-0.006325795315206051,-1,0.006325795315206051,0.08641564846038818,0.999964714050293,1.1755320883821696e-05,2.3510641767643392e-05,1,63.25795315206051
2022-04-06,fold_6,EUR crisis downturn,0.0006607478717342019,1,-0.0007518871570937335,-1,-0.0007518871570937335,0.08559870719909668,0.9999282360076904,2.3927175789140165e-05,4.785435157828033e-05,0,-7.5188715709373355
2022-04-07,fold_6,EUR crisis downturn,0.0007136553758755326,1,-0.0030639569740742445,-1,-0.0030639569740742445,0.08227241039276123,0.9999536275863647,1.5451820218004286e-05,3.090364043600857e-05,0,-30.639569740742445
2022-04-08,fold_6,EUR crisis downturn,0.003815412288531661,1,0.0018505415646359324,1,0.0018505415646359324,0.08427512645721436,0.9999706745147705,9.772224075277336e-06,1.9544448150554672e-05,1,18.505415646359324
2022-04-11,fold_6,EUR crisis downturn,0.002516691107302904,1,-0.0006418824777938426,-1,-0.0006418824777938426,0.0835791826248169,0.9999254941940308,2.4833650968503207e-05,4.9667301937006414e-05,0,-6.4188247779384255
2022-04-12,fold_6,EUR crisis downturn,0.005672679748386145,1,-0.004763457924127579,-1,-0.004763457924127579,0.07841753959655762,0.9999523162841797,1.5905645341263153e-05,3.1811290682526305e-05,0,-47.63457924127579
2022-04-13,fold_6,EUR crisis downturn,0.00595256919041276,1,0.00650522205978632,1,0.00650522205978632,0.08543288707733154,0.9999691247940063,1.0289310921507422e-05,2.0578621843014844e-05,1,65.0522205978632
2022-04-14,fold_6,EUR crisis downturn,0.0019232440972700715,1,-0.0069362265057861805,-1,-0.0069362265057861805,0.0779041051864624,0.9999539852142334,1.534911098133307e-05,3.069822196266614e-05,0,-69.3622650578618
2022-04-18,fold_6,EUR crisis downturn,-0.002167580183595419,-1,-0.0030944086611270905,-1,0.0030944086611270905,0.08123958110809326,0.9999487400054932,1.707120827632025e-05,3.41424165526405e-05,1,30.944086611270905
2022-04-19,fold_6,EUR crisis downturn,-0.0032573086209595203,-1,0.0011765266535803676,1,-0.0011765266535803676,0.07996749877929688,0.9999622106552124,1.2589160178322345e-05,2.517832035664469e-05,0,-11.765266535803676
2022-04-20,fold_6,EUR crisis downturn,-5.697645519830985e-06,-1,0.005132047925144434,1,-0.005132047925144434,0.0744251012802124,0.9999622106552124,1.2604016774275806e-05,2.520803354855161e-05,0,-51.32047925144434
2022-04-21,fold_6,EUR crisis downturn,-0.0003102668561041355,-1,-0.0013543874956667423,-1,0.0013543874956667423,0.07588028907775879,0.999972939491272,9.027114174386952e-06,1.8054228348773904e-05,1,13.543874956667423
2022-04-22,fold_6,EUR crisis downturn,-0.00029597440152429044,-1,-0.0022270376794040203,-1,0.0022270376794040203,0.07827639579772949,0.999981164932251,6.258725079533178e-06,1.2517450159066357e-05,1,22.270376794040203
2022-04-25,fold_6,EUR crisis downturn,0.0014536401722580194,1,-0.008957143872976303,-1,-0.008957143872976303,0.0686180591583252,0.9999700784683228,9.961552677850705e-06,1.992310535570141e-05,0,-89.57143872976303
2022-04-26,fold_6,EUR crisis downturn,0.0019513991428539157,1,-0.006588426884263754,-1,-0.006588426884263754,0.061577558517456055,0.9999518394470215,1.60693653015187e-05,3.21387306030374e-05,0,-65.88426884263754
2022-04-27,fold_6,EUR crisis downturn,0.005263551138341427,1,-0.008317396976053715,-1,-0.008317396976053715,0.05274796485900879,0.9999634027481079,1.2211920875415672e-05,2.4423841750831343e-05,0,-83.17396976053715
2022-04-28,fold_6,EUR crisis downturn,0.0029296327847987413,1,-0.004821411799639463,-1,-0.004821411799639463,0.047672271728515625,0.9999756813049316,8.120724487525877e-06,1.6241448975051753e-05,0,-48.214117996394634
2022-05-02,fold_6,EUR crisis downturn,0.005175787955522537,1,-0.002553798258304596,-1,-0.002553798258304596,0.04499673843383789,0.9999775886535645,7.471369826816954e-06,1.4942739653633907e-05,0,-25.53798258304596
2022-05-06,fold_6,EUR crisis downturn,0.004062626976519823,1,-0.0007161782123148441,-1,-0.0007161782123148441,0.044248342514038086,0.9999566078186035,1.4473625924438238e-05,2.8947251848876476e-05,0,-7.161782123148441
2022-05-09,fold_6,EUR crisis downturn,0.0032895361073315144,1,0.003190816380083561,1,0.003190816380083561,0.04758036136627197,0.9999736547470093,8.797540431260131e-06,1.7595080862520263e-05,1,31.90816380083561
2022-05-10,fold_6,EUR crisis downturn,0.004716094117611647,1,-0.0031072180718183517,-1,-0.0031072180718183517,0.04432535171508789,0.9999569654464722,1.4360850400407799e-05,2.8721700800815597e-05,0,-31.072180718183517
2022-05-11,fold_6,EUR crisis downturn,0.00898503977805376,1,-0.0019448387902230024,-1,-0.0019448387902230024,0.04229426383972168,0.9999686479568481,1.0444377949170303e-05,2.0888755898340605e-05,0,-19.448387902230024
2022-05-12,fold_6,EUR crisis downturn,0.008768781088292599,1,-0.0126422718167305,-1,-0.0126422718167305,0.029117345809936523,0.9999165534973145,2.7802821932709776e-05,5.560564386541955e-05,0,-126.42271816730499
2022-05-13,fold_6,EUR crisis downturn,0.009962670505046844,1,0.002028132788836956,1,0.002028132788836956,0.0312044620513916,0.9999474287033081,1.7500922695035115e-05,3.500184539007023e-05,1,20.28132788836956
2022-05-16,fold_6,EUR crisis downturn,0.0070731728337705135,1,0.003684947732836008,1,0.003684947732836008,0.035004496574401855,0.9999176263809204,2.743559525697492e-05,5.487119051394984e-05,1,36.84947732836008
2022-05-17,fold_6,EUR crisis downturn,0.006300576962530613,1,0.01043185405433178,1,0.01043185405433178,0.045801520347595215,0.9999649524688721,1.1674465895339381e-05,2.3348931790678762e-05,1,104.3185405433178
2022-05-18,fold_6,EUR crisis downturn,0.004530704114586115,1,-0.007121461909264326,-1,-0.007121461909264326,0.038353919982910156,0.9999585151672363,1.3827344446326606e-05,2.7654688892653212e-05,0,-71.21461909264326
2022-05-19,fold_6,EUR crisis downturn,0.00801533181220293,1,0.010145164094865322,1,0.010145164094865322,0.048888206481933594,0.9999159574508667,2.8019689125358127e-05,5.6039378250716254e-05,1,101.45164094865322
2022-05-20,fold_6,EUR crisis downturn,0.012465679086744785,1,-0.000866660091560334,-1,-0.000866660091560334,0.04797923564910889,0.9999499320983887,1.6703992514521815e-05,3.340798502904363e-05,0,-8.66660091560334
2022-05-23,fold_6,EUR crisis downturn,0.011042430065572262,1,0.010617928579449654,1,0.010617928579449654,0.05910670757293701,0.999953031539917,1.5633388102287427e-05,3.126677620457485e-05,1,106.17928579449654
2022-05-24,fold_6,EUR crisis downturn,0.011115609668195248,1,0.005099795293062925,1,0.005099795293062925,0.06450796127319336,0.9999632835388184,1.2248571692907717e-05,2.4497143385815434e-05,1,50.99795293062925
2022-05-25,fold_6,EUR crisis downturn,0.009068705141544342,1,-0.004648668225854635,-1,-0.004648668225854635,0.05955934524536133,0.9999457597732544,1.8079148503602482e-05,3.6158297007204965e-05,0,-46.48668225854635
2022-05-26,fold_6,EUR crisis downturn,-0.00010023675713455305,-1,0.004336175508797169,1,-0.004336175508797169,0.05496490001678467,0.9999141693115234,2.8595637559192255e-05,5.719127511838451e-05,0,-43.36175508797169
2022-05-27,fold_6,EUR crisis downturn,0.002434131922200322,1,-0.0001395020226482302,-1,-0.0001395020226482302,0.054817795753479004,0.9999139308929443,2.8703356292680837e-05,5.7406712585361674e-05,0,-1.395020226482302
2022-05-31,fold_6,EUR crisis downturn,0.005082000978291035,1,-0.0036603042390197515,-1,-0.0036603042390197515,0.0509568452835083,0.9997814297676086,7.288916822290048e-05,0.00014577833644580096,0,-36.603042390197515
2022-06-01,fold_6,EUR crisis downturn,0.00645823497325182,1,-0.007447231560945511,-1,-0.007447231560945511,0.04313015937805176,0.9998878240585327,3.736950020538643e-05,7.473900041077286e-05,0,-74.47231560945511
2022-06-02,fold_6,EUR crisis downturn,0.01668749377131462,1,0.009095413610339165,1,0.009095413610339165,0.05261790752410889,0.999931812286377,2.274540747748688e-05,4.549081495497376e-05,1,90.95413610339165
2022-06-03,fold_6,EUR crisis downturn,0.005280183162540197,1,-0.0023275099229067564,-1,-0.0023275099229067564,0.05016791820526123,0.9998944997787476,3.514575291774236e-05,7.029150583548471e-05,0,-23.275099229067564
2022-06-06,fold_6,EUR crisis downturn,0.004314818885177374,1,-0.003228839486837387,-1,-0.003228839486837387,0.04677712917327881,0.9999352693557739,2.15662585105747e-05,4.31325170211494e-05,0,-32.28839486837387
2022-06-07,fold_6,EUR crisis downturn,0.004440330900251865,1,0.0006740176468156278,1,0.0006740176468156278,0.04748260974884033,0.9999284744262695,2.3858054191805422e-05,4.7716108383610845e-05,1,6.740176468156278
2022-06-08,fold_6,EUR crisis downturn,0.0057329959236085415,1,0.0017791216960176826,1,0.0017791216960176826,0.049346208572387695,0.9999411106109619,1.9620445527834818e-05,3.9240891055669636e-05,1,17.791216960176826
2022-06-09,fold_6,EUR crisis downturn,0.00019195927598048002,1,-0.009185684844851494,-1,-0.009185684844851494,0.039707303047180176,0.9999183416366577,2.721681448747404e-05,5.443362897494808e-05,0,-91.85684844851494
2022-06-10,fold_6,EUR crisis downturn,0.0038052664604038,1,-0.012168340384960175,-1,-0.012168340384960175,0.027055740356445312,0.9999397993087769,2.0048779333592393e-05,4.0097558667184785e-05,0,-121.68340384960175
2022-06-13,fold_6,EUR crisis downturn,0.006978109013289213,1,-0.0071343835443258286,-1,-0.0071343835443258286,0.01972830295562744,0.9999761581420898,7.935892426758073e-06,1.5871784853516147e-05,0,-71.34383544325829
2022-06-14,fold_6,EUR crisis downturn,0.00528209051117301,1,0.0024430977646261454,1,0.0024430977646261454,0.022219538688659668,0.9999644756317139,1.182722371595446e-05,2.365444743190892e-05,1,24.430977646261454
2022-06-15,fold_6,EUR crisis downturn,0.004002752248197794,1,0.0014952836791053414,1,0.0014952836791053414,0.023748040199279785,0.9999649524688721,1.167173104477115e-05,2.33434620895423e-05,1,14.952836791053414
2022-06-16,fold_6,EUR crisis downturn,0.007586848922073841,1,0.00866952445358038,1,0.00866952445358038,0.03262341022491455,0.9999449253082275,1.8344499039812945e-05,3.668899807962589e-05,1,86.6952445358038
2022-06-17,fold_6,EUR crisis downturn,0.006771828979253769,1,-0.005256267264485359,-1,-0.005256267264485359,0.02719569206237793,0.9999674558639526,1.0833540727617219e-05,2.1667081455234438e-05,0,-52.56267264485359
2022-06-21,fold_6,EUR crisis downturn,0.004532255232334137,1,0.001126965624280274,1,0.001126965624280274,0.028353333473205566,0.9999613761901855,1.286013412027387e-05,2.572026824054774e-05,1,11.26965624280274
2022-06-22,fold_6,EUR crisis downturn,0.0033094999380409718,1,0.0029896728228777647,1,0.0029896728228777647,0.031427741050720215,0.9999560117721558,1.4640084373240825e-05,2.928016874648165e-05,1,29.896728228777647
2022-06-23,fold_6,EUR crisis downturn,0.004195865243673325,1,-0.004165956750512123,-1,-0.004165956750512123,0.027130842208862305,0.9999521970748901,1.59478368004784e-05,3.18956736009568e-05,0,-41.65956750512123
2022-06-24,fold_6,EUR crisis downturn,0.005639774724841118,1,0.004374321084469557,1,0.004374321084469557,0.03162384033203125,0.9999536275863647,1.5456544133485295e-05,3.091308826697059e-05,1,43.74321084469557
2022-06-27,fold_6,EUR crisis downturn,0.0002912769268732518,1,0.0013967370614409447,1,0.0013967370614409447,0.033064842224121094,0.9999434947967529,1.8847795217880048e-05,3.7695590435760096e-05,1,13.967370614409447
2022-06-28,fold_6,EUR crisis downturn,3.2043459214037284e-05,1,-0.0054197353310883045,-1,-0.0054197353310883045,0.02746593952178955,0.9999282360076904,2.3915839847177267e-05,4.7831679694354534e-05,0,-54.197353310883045
2022-06-29,fold_6,EUR crisis downturn,0.0007018223404884338,1,-0.007312588859349489,-1,-0.007312588859349489,0.01995253562927246,0.9999778270721436,7.4051990850421134e-06,1.4810398170084227e-05,0,-73.12588859349489
2022-06-30,fold_6,EUR crisis downturn,0.0024664041120558977,1,0.0029757271986454725,1,0.0029757271986454725,0.02298760414123535,0.9999557733535767,1.4752315109944902e-05,2.9504630219889805e-05,1,29.757271986454725
2022-07-01,fold_6,EUR crisis downturn,0.006002319511026144,1,-0.0041735912673175335,-1,-0.0041735912673175335,0.01871812343597412,0.9999644756317139,1.1818806342489552e-05,2.3637612684979104e-05,0,-41.735912673175335
2022-07-05,fold_6,EUR crisis downturn,0.00970966275781393,1,-0.01682257279753685,-1,-0.01682257279753685,0.0015807151794433594,0.9999525547027588,1.5808076568646356e-05,3.161615313729271e-05,0,-168.2257279753685
2022-07-06,fold_6,EUR crisis downturn,0.00735462224110961,1,-0.006947201211005449,-1,-0.006947201211005449,-0.005377471446990967,0.9999570846557617,1.4290927538240794e-05,2.8581855076481588e-05,0,-69.4720121100545
2022-07-07,fold_6,EUR crisis downturn,0.009551109746098518,1,-0.0016271539498120546,-1,-0.0016271539498120546,-0.006995856761932373,0.9999749660491943,8.348774827027228e-06,1.6697549654054455e-05,0,-16.271539498120546
2022-07-08,fold_6,EUR crisis downturn,0.008165700361132622,1,-0.0003659561334643513,-1,-0.0003659561334643513,-0.00735926628112793,0.9999096393585205,3.0130211598589085e-05,6.026042319717817e-05,0,-3.659561334643513
2022-07-11,fold_6,EUR crisis downturn,0.007196405436843634,1,-0.01166516449302435,-1,-0.01166516449302435,-0.01893860101699829,0.9999545812606812,1.5137893569772132e-05,3.0275787139544263e-05,0,-116.65164493024349
2022-07-12,fold_6,EUR crisis downturn,0.007089104037731886,1,-0.0014347791438922286,-1,-0.0014347791438922286,-0.020346224308013916,0.9999269247055054,2.433569898130372e-05,4.867139796260744e-05,0,-14.347791438922286
2022-07-13,fold_6,EUR crisis downturn,0.008617988787591457,1,-4.015977538074367e-05,-1,-4.015977538074367e-05,-0.020385563373565674,0.9999631643295288,1.2263047210581135e-05,2.452609442116227e-05,0,-0.4015977538074367
2022-07-14,fold_6,EUR crisis downturn,0.005842344835400581,1,-0.0007017548778094351,-1,-0.0007017548778094351,-0.021072983741760254,0.9999682903289795,1.0555889275565278e-05,2.1111778551130556e-05,0,-7.017548778094351
2022-07-15,fold_6,EUR crisis downturn,0.0047971769236028194,1,0.007047208957374096,1,0.007047208957374096,-0.014174342155456543,0.999914288520813,2.8560194550664164e-05,5.712038910132833e-05,1,70.47208957374096
2022-07-19,fold_6,EUR crisis downturn,0.003175626276060939,1,0.008491970598697662,1,0.008491970598697662,-0.0058026909828186035,0.9999350309371948,2.1634288714267313e-05,4.326857742853463e-05,1,84.91970598697662
2022-07-20,fold_6,EUR crisis downturn,-0.0048463852144777775,-1,-0.004745147656649351,-1,0.004745147656649351,-0.0010851025581359863,0.999913215637207,2.8920314434799366e-05,5.784062886959873e-05,1,47.45147656649351
2022-07-21,fold_6,EUR crisis downturn,0.0022000919561833143,1,0.00376132526434958,1,0.00376132526434958,0.0026720762252807617,0.9999262094497681,2.4582413971074857e-05,4.9164827942149714e-05,1,37.6132526434958
2022-07-22,fold_6,EUR crisis downturn,0.0021908755879849195,1,-0.002039989223703742,-1,-0.002039989223703742,0.000626683235168457,0.999971866607666,9.35502157517476e-06,1.871004315034952e-05,0,-20.39989223703742
2022-07-25,fold_6,EUR crisis downturn,0.0013675268273800611,1,0.0024232829455286264,1,0.0024232829455286264,0.0030515193939208984,0.9999569654464722,1.433245233783964e-05,2.866490467567928e-05,1,24.232829455286264
2022-07-26,fold_6,EUR crisis downturn,-0.003476471407338977,-1,-0.009329265914857388,-1,0.009329265914857388,0.012409329414367676,0.9999551773071289,1.4954246580600739e-05,2.9908493161201477e-05,1,93.29265914857388
2022-07-27,fold_6,EUR crisis downturn,-0.0018939850851893425,-1,0.007871334441006184,1,-0.007871334441006184,0.0044403076171875,0.9999456405639648,1.8114131307811476e-05,3.622826261562295e-05,0,-78.71334441006184
2022-07-28,fold_6,EUR crisis downturn,-0.0005887122242711484,-1,-0.0016614561900496483,-1,0.0016614561900496483,0.006109118461608887,0.9999494552612305,1.6838894225656986e-05,3.367778845131397e-05,1,16.614561900496483
2022-07-29,fold_6,EUR crisis downturn,-0.000777093053329736,-1,0.001561881392262876,1,-0.001561881392262876,0.004537701606750488,0.9999597072601318,1.3432601917884313e-05,2.6865203835768625e-05,0,-15.61881392262876
2022-08-01,fold_6,EUR crisis downturn,0.004182923119515181,1,0.005202550906687975,1,0.005202550906687975,0.009763836860656738,0.999932050704956,2.2635385903413408e-05,4.5270771806826815e-05,1,52.02550906687975
2022-08-02,fold_6,EUR crisis downturn,0.00761718163266778,1,-0.010297809727489948,-1,-0.010297809727489948,-0.0006345510482788086,0.9999566078186035,1.445248108211672e-05,2.890496216423344e-05,0,-102.97809727489948
2022-08-03,fold_6,EUR crisis downturn,0.013510987162590027,1,0.00019285830785520375,1,0.00019285830785520375,-0.0004417896270751953,0.9999415874481201,1.9453947970760055e-05,3.890789594152011e-05,1,1.9285830785520375
2022-08-04,fold_6,EUR crisis downturn,0.013917572796344757,1,0.008874700404703617,1,0.008874700404703617,0.00842893123626709,0.9999417066574097,1.9431941836955957e-05,3.8863883673911914e-05,1,88.74700404703617
2022-08-05,fold_6,EUR crisis downturn,0.00929331686347723,1,-0.007506103254854679,-1,-0.007506103254854679,0.0008594989776611328,0.9999282360076904,2.3933958800625987e-05,4.7867917601251975e-05,0,-75.06103254854679
2022-08-08,fold_6,EUR crisis downturn,0.011421109549701214,1,0.002630935749039054,1,0.002630935749039054,0.00349271297454834,0.9999735355377197,8.803479431662709e-06,1.7606958863325417e-05,1,26.30935749039054
2022-08-09,fold_6,EUR crisis downturn,0.007379669230431318,1,0.001031049294397235,1,0.001031049294397235,0.00452733039855957,0.9999651908874512,1.1594450370466802e-05,2.3188900740933605e-05,1,10.31049294397235
2022-08-10,fold_6,EUR crisis downturn,0.009279430843889713,1,0.00907498225569725,1,0.00907498225569725,0.013643383979797363,0.999922513961792,2.5806535632000305e-05,5.161307126400061e-05,1,90.7498225569725
2022-08-12,fold_6,EUR crisis downturn,0.008145613595843315,1,-0.005846230313181877,-1,-0.005846230313181877,0.0077173709869384766,0.9999350309371948,2.16489534068387e-05,4.32979068136774e-05,0,-58.46230313181877
2022-08-15,fold_6,EUR crisis downturn,0.0020541956182569265,1,-0.009206736460328102,-1,-0.009206736460328102,-0.0015603899955749512,0.9999432563781738,1.8926315533462912e-05,3.7852631066925824e-05,0,-92.06736460328102
2022-08-16,fold_6,EUR crisis downturn,0.0019091323483735323,1,0.0008543621515855193,1,0.0008543621515855193,-0.0007073283195495605,0.9999701976776123,9.947964827006217e-06,1.9895929654012434e-05,1,8.543621515855193
2022-08-17,fold_6,EUR crisis downturn,0.0025973438750952482,1,0.000936616794206202,1,0.000936616794206202,0.00022864341735839844,0.9999661445617676,1.1288381756457966e-05,2.257676351291593e-05,1,9.36616794206202
2022-08-18,fold_6,EUR crisis downturn,0.003155220067128539,1,-0.00886909943073988,-1,-0.00886909943073988,-0.008642494678497314,0.9999454021453857,1.8192140487371944e-05,3.638428097474389e-05,0,-88.6909943073988
2022-08-19,fold_6,EUR crisis downturn,0.005280111916363239,1,-0.005418936721980572,-1,-0.005418936721980572,-0.014014601707458496,0.9999637603759766,1.2086975402780809e-05,2.4173950805561617e-05,0,-54.18936721980572
2022-08-22,fold_6,EUR crisis downturn,0.0006584160146303475,1,-0.009541994892060757,-1,-0.009541994892060757,-0.023422837257385254,0.999914288520813,2.8561518774949946e-05,5.712303754989989e-05,0,-95.41994892060757
2022-08-23,fold_6,EUR crisis downturn,0.004768883343786001,1,0.0027609101962298155,1,0.0027609101962298155,-0.02072662115097046,0.9999642372131348,1.1903321137651801e-05,2.3806642275303602e-05,1,27.609101962298155
2022-08-24,fold_6,EUR crisis downturn,0.005528282839804888,1,0.00021929587819613516,1,0.00021929587819613516,-0.02051180601119995,0.9999516010284424,1.614538450667169e-05,3.229076901334338e-05,1,2.1929587819613516
2022-08-25,fold_6,EUR crisis downturn,0.01149706169962883,1,0.00021942718012724072,1,0.00021942718012724072,-0.020296871662139893,0.9999600648880005,1.3315763681021053e-05,2.6631527362042107e-05,1,2.194271801272407
2022-08-26,fold_6,EUR crisis downturn,0.011382636614143848,1,-0.0032698833383619785,-1,-0.0032698833383619785,-0.023500442504882812,0.9999659061431885,1.1342420293658506e-05,2.2684840587317012e-05,0,-32.698833383619785
2022-08-29,fold_6,EUR crisis downturn,0.00864187628030777,1,0.00758057227358222,1,0.00758057227358222,-0.016098082065582275,0.9999253749847412,2.4857892640284263e-05,4.9715785280568525e-05,1,75.8057227358222
2022-08-30,fold_6,EUR crisis downturn,0.007422375958412886,1,0.0011028088629245758,1,0.0011028088629245758,-0.015013039112091064,0.9999791383743286,6.965422016946832e-06,1.3930844033893663e-05,1,11.028088629245758
2022-08-31,fold_6,EUR crisis downturn,0.0017470978200435638,1,0.001395423780195415,1,0.001395423780195415,-0.013638496398925781,0.9999434947967529,1.881597563624382e-05,3.763195127248764e-05,1,13.95423780195415
2022-09-01,fold_6,EUR crisis downturn,-0.0031750283669680357,-1,-0.008638561703264713,-1,0.008638561703264713,-0.0051177144050598145,0.9999740123748779,8.65216861711815e-06,1.73043372342363e-05,1,86.38561703264713
2022-09-02,fold_6,EUR crisis downturn,0.00045137805864214897,1,-0.004310653544962406,-1,-0.004310653544962406,-0.009406328201293945,0.9999203681945801,2.6543924832367338e-05,5.3087849664734676e-05,0,-43.10653544962406
2022-09-06,fold_6,EUR crisis downturn,-0.0014717206358909607,-1,-0.005453890655189753,-1,0.005453890655189753,-0.004003703594207764,0.9999814033508301,6.183912773849443e-06,1.2367825547698885e-05,1,54.538906551897526
2022-09-07,fold_6,EUR crisis downturn,0.0010193921625614166,1,0.009875823743641376,1,0.009875823743641376,0.005832552909851074,0.9999357461929321,2.1402136553660966e-05,4.280427310732193e-05,1,98.75823743641376
2022-09-08,fold_6,EUR crisis downturn,-7.219891995191574e-05,-1,0.0016320209251716733,1,-0.0016320209251716733,0.004191040992736816,0.9999758005142212,8.052993507590145e-06,1.610598701518029e-05,0,-16.320209251716733
2022-09-09,fold_6,EUR crisis downturn,-0.004371452610939741,-1,0.00593199860304594,1,-0.00593199860304594,-0.0017657876014709473,0.9999371767044067,2.0956977095920593e-05,4.1913954191841185e-05,0,-59.319986030459404
2022-09-12,fold_6,EUR crisis downturn,0.0007852345588617027,1,0.005773918703198433,1,0.005773918703198433,0.003997921943664551,0.9999569654464722,1.4350141100294422e-05,2.8700282200588845e-05,1,57.73918703198433
2022-09-13,fold_6,EUR crisis downturn,-0.0011090458137914538,-1,-0.014563821256160736,-1,0.014563821256160736,0.018619894981384277,0.9999691247940063,1.028491897159256e-05,2.056983794318512e-05,1,145.63821256160736
2022-09-14,fold_6,EUR crisis downturn,-0.0014474530471488833,-1,0.00019961698853876442,1,-0.00019961698853876442,0.018416523933410645,0.9999529123306274,1.5710660591139458e-05,3.1421321182278916e-05,0,-1.9961698853876442
2022-09-15,fold_6,EUR crisis downturn,0.00022397609427571297,1,0.0004294819082133472,1,0.0004294819082133472,0.01885390281677246,0.9999700784683228,9.967414371203631e-06,1.9934828742407262e-05,1,4.294819082133472
2022-09-16,fold_6,EUR crisis downturn,0.0019843752961605787,1,0.0034075863659381866,1,0.0034075863659381866,0.022325754165649414,0.9999712705612183,9.586827218299732e-06,1.9173654436599463e-05,1,34.07586365938187
2022-09-20,fold_6,EUR crisis downturn,0.002633563708513975,1,-0.005862889811396599,-1,-0.005862889811396599,0.016331911087036133,0.9999657869338989,1.1414930668252055e-05,2.282986133650411e-05,0,-58.62889811396599
2022-09-21,fold_6,EUR crisis downturn,0.0038731300737708807,1,-0.014048072509467602,-1,-0.014048072509467602,0.0020543336868286133,0.9999723434448242,9.217784281645436e-06,1.843556856329087e-05,0,-140.48072509467602
2022-09-22,fold_6,EUR crisis downturn,0.0021759679075330496,1,0.0011022116523236036,1,0.0011022116523236036,0.0031588077545166016,0.9999240636825562,2.5312567231594585e-05,5.062513446318917e-05,1,11.022116523236036
2022-09-26,fold_6,EUR crisis downturn,0.006790142506361008,1,-0.006832936313003302,-1,-0.006832936313003302,-0.0036957263946533203,0.9999457597732544,1.8064507457893342e-05,3.6129014915786684e-05,0,-68.32936313003302
2022-09-27,fold_6,EUR crisis downturn,0.006623927038162947,1,-0.002859671600162983,-1,-0.002859671600162983,-0.006544828414916992,0.9999262094497681,2.4574523195042275e-05,4.914904639008455e-05,0,-28.59671600162983
2022-09-28,fold_6,EUR crisis downturn,0.01000058650970459,1,0.011669258587062359,1,0.011669258587062359,0.005048036575317383,0.9999407529830933,1.9731383872567676e-05,3.946276774513535e-05,1,116.69258587062359
2022-09-29,fold_6,EUR crisis downturn,0.010129095986485481,1,0.012503246776759624,1,0.012503246776759624,0.017614364624023438,0.9999568462371826,1.4370560165843926e-05,2.8741120331687853e-05,1,125.03246776759624
2025-01-22,fold_7,Recent mixed/upturn,-0.000818280503153801,-1,0.00040599689236842096,1,-0.00040599689236842096,-0.00040596723556518555,0.9999475479125977,1.7486860087956302e-05,3.4973720175912604e-05,0,-4.05996892368421
2025-01-23,fold_7,Recent mixed/upturn,-0.0012827023165300488,-1,0.0005624851328320801,1,-0.0005624851328320801,-0.0009682178497314453,0.9999369382858276,2.1006737370043993e-05,4.2013474740087986e-05,0,-5.624851328320801
2025-01-24,fold_7,Recent mixed/upturn,0.0022602479439228773,1,0.00495113804936409,1,0.00495113804936409,0.003978133201599121,0.9999580383300781,1.4003171600052156e-05,2.800634320010431e-05,1,49.5113804936409
2025-01-27,fold_7,Recent mixed/upturn,-0.0007290271460078657,-1,-0.0021516145206987858,-1,0.0021516145206987858,0.006138324737548828,0.9999470710754395,1.762626379786525e-05,3.52525275957305e-05,1,21.516145206987858
2025-01-28,fold_7,Recent mixed/upturn,-0.00033104055910371244,-1,-0.001533105387352407,-1,0.001533105387352407,0.0076808929443359375,0.9999127388000488,2.9085256755934097e-05,5.8170513511868194e-05,1,15.33105387352407
2025-01-29,fold_7,Recent mixed/upturn,-0.004961149301379919,-1,-0.0003648616257123649,-1,0.0003648616257123649,0.008048653602600098,0.9999525547027588,1.5823010471649468e-05,3.1646020943298936e-05,1,3.648616257123649
2025-01-30,fold_7,Recent mixed/upturn,-0.004716473165899515,-1,-0.0026825745590031147,-1,0.0026825745590031147,0.01075279712677002,0.9999444484710693,1.849624459282495e-05,3.69924891856499e-05,1,26.825745590031147
2025-01-31,fold_7,Recent mixed/upturn,-0.00414059916511178,-1,-0.014377536252140999,-1,0.014377536252140999,0.025285005569458008,0.9999743700027466,8.558577064832207e-06,1.7117154129664414e-05,1,143.77536252141
2025-02-03,fold_7,Recent mixed/upturn,-0.0036504657473415136,-1,0.0077662100084125996,1,-0.0077662100084125996,0.017322421073913574,0.9999734163284302,8.872701982909348e-06,1.7745403965818696e-05,0,-77.662100084126
2025-02-04,fold_7,Recent mixed/upturn,-0.0009601972415111959,-1,0.004398011602461338,1,-0.004398011602461338,0.012848258018493652,0.9999489784240723,1.7002092135953717e-05,3.4004184271907434e-05,0,-43.98011602461338
2025-02-05,fold_7,Recent mixed/upturn,-0.004102577921003103,-1,0.002704183105379343,1,-0.002704183105379343,0.010109305381774902,0.9999411106109619,1.962538590305485e-05,3.92507718061097e-05,0,-27.04183105379343
2025-02-06,fold_7,Recent mixed/upturn,-0.002960942452773452,-1,-0.0014540054835379124,-1,0.0014540054835379124,0.011577963829040527,0.9999574422836304,1.4172603187034838e-05,2.8345206374069676e-05,1,14.540054835379124
2025-02-07,fold_7,Recent mixed/upturn,-0.002043790416792035,-1,-0.007135644089430571,-1,0.007135644089430571,0.018796205520629883,0.9999246597290039,2.5101411665673368e-05,5.0202823331346735e-05,1,71.3564408943057
2025-02-10,fold_7,Recent mixed/upturn,0.0022691115736961365,1,-0.0009786115260794759,-1,-0.0009786115260794759,0.0177992582321167,0.9999758005142212,8.055369107751176e-06,1.611073821550235e-05,0,-9.786115260794759
2025-02-12,fold_7,Recent mixed/upturn,0.0021292665041983128,1,0.002608470618724823,1,0.002608470618724823,0.020454049110412598,0.9999638795852661,1.2022383089060895e-05,2.404476617812179e-05,1,26.08470618724823
2025-02-13,fold_7,Recent mixed/upturn,0.0020261406898498535,1,0.006705875508487225,1,0.006705875508487225,0.027297139167785645,0.9999433755874634,1.8851829736377113e-05,3.7703659472754225e-05,1,67.05875508487225
2025-02-14,fold_7,Recent mixed/upturn,-0.001208983943797648,-1,0.002632782096043229,1,-0.002632782096043229,0.02459251880645752,0.9999630451202393,1.2309028534218669e-05,2.4618057068437338e-05,0,-26.32782096043229
2025-02-18,fold_7,Recent mixed/upturn,0.003643124597147107,1,-0.00353158637881279,-1,-0.00353158637881279,0.020974040031433105,0.9999608993530273,1.3024658073845785e-05,2.604931614769157e-05,0,-35.3158637881279
2025-02-19,fold_7,Recent mixed/upturn,-0.001522833132185042,-1,-0.002615605480968952,-1,0.002615605480968952,0.023644447326660156,0.9999641180038452,1.195696404465707e-05,2.391392808931414e-05,1,26.156054809689522
2025-02-20,fold_7,Recent mixed/upturn,-0.0013000129256397486,-1,0.007633917964994907,1,-0.007633917964994907,0.015830039978027344,0.9999756813049316,8.085371518973261e-06,1.6170743037946522e-05,0,-76.33917964994907
2025-02-21,fold_7,Recent mixed/upturn,-0.0013014397118240595,-1,-0.0024511523079127073,-1,0.0024511523079127073,0.01831996440887451,0.9999662637710571,1.125168455473613e-05,2.250336910947226e-05,1,24.511523079127073
2025-02-25,fold_7,Recent mixed/upturn,0.0014423037646338344,1,0.005998783744871616,1,0.005998783744871616,0.024428606033325195,0.9999573230743408,1.4218166143109556e-05,2.8436332286219113e-05,1,59.987837448716164
2025-02-26,fold_7,Recent mixed/upturn,-0.002138117328286171,-1,-0.0033563824836164713,-1,0.0033563824836164713,0.02786695957183838,0.9999614953994751,1.284609879803611e-05,2.569219759607222e-05,1,33.56382483616471
2025-02-27,fold_7,Recent mixed/upturn,-0.005767756141722202,-1,-0.008929464034736156,-1,0.008929464034736156,0.03704524040222168,0.9999570846557617,1.4302891941042617e-05,2.8605783882085234e-05,1,89.29464034736156
2025-02-28,fold_7,Recent mixed/upturn,-0.0009994776919484138,-1,0.0018017083639279008,1,-0.0018017083639279008,0.035176753997802734,0.999937891960144,2.0714493075502105e-05,4.142898615100421e-05,0,-18.017083639279008
2025-03-03,fold_7,Recent mixed/upturn,-0.001258652308024466,-1,0.006836147513240576,1,-0.006836147513240576,0.028100132942199707,0.9999439716339111,1.8692531739361584e-05,3.738506347872317e-05,0,-68.36147513240576
2025-03-04,fold_7,Recent mixed/upturn,-0.00048503969446755946,-1,0.013538874685764313,1,-0.013538874685764313,0.014180779457092285,0.9999605417251587,1.3166752069082577e-05,2.6333504138165154e-05,0,-135.38874685764313
2025-03-05,fold_7,Recent mixed/upturn,-0.0008413036703132093,-1,0.015803681686520576,1,-0.015803681686520576,-0.0018470287322998047,0.9999440908432007,1.8637356333783828e-05,3.7274712667567655e-05,0,-158.03681686520576
2025-03-06,fold_7,Recent mixed/upturn,-0.0005620512529276311,-1,-0.0006472344393841922,-1,0.0006472344393841922,-0.001201033592224121,0.999955415725708,1.4871795428916812e-05,2.9743590857833624e-05,1,6.472344393841922
2025-03-07,fold_7,Recent mixed/upturn,0.0009587866370566189,1,0.006733564659953117,1,0.006733564659953117,0.005524396896362305,0.9999701976776123,9.919096555677243e-06,1.9838193111354485e-05,1,67.33564659953117
2025-03-10,fold_7,Recent mixed/upturn,-0.0016997590428218246,-1,-0.0019510398851707578,-1,0.0019510398851707578,0.007486224174499512,0.999969482421875,1.0163384104089346e-05,2.032676820817869e-05,1,19.510398851707578
2025-03-11,fold_7,Recent mixed/upturn,-0.0035805925726890564,-1,0.006897692568600178,1,-0.006897692568600178,0.0005369186401367188,0.9999662637710571,1.1234889825573191e-05,2.2469779651146382e-05,0,-68.97692568600178
2025-03-12,fold_7,Recent mixed/upturn,-0.000945768435485661,-1,-0.002558252075687051,-1,0.002558252075687051,0.0030965805053710938,0.9999622106552124,1.2601666639966425e-05,2.520333327993285e-05,1,25.582520756870508
2025-03-13,fold_7,Recent mixed/upturn,-0.0030352126341313124,-1,-0.0028116365429013968,-1,0.0028116365429013968,0.005916953086853027,0.9999634027481079,1.219651494466234e-05,2.439302988932468e-05,1,28.116365429013968
2025-03-14,fold_7,Recent mixed/upturn,-0.0015652811853215098,-1,0.002361313672736287,1,-0.002361313672736287,0.003541707992553711,0.9999393224716187,2.0226429114700295e-05,4.045285822940059e-05,0,-23.61313672736287
2025-03-17,fold_7,Recent mixed/upturn,-0.00035794134601019323,-1,0.003483176464214921,1,-0.003483176464214921,4.6253204345703125e-05,0.9999556541442871,1.4793911759625189e-05,2.9587823519250378e-05,0,-34.83176464214921
2025-03-18,fold_7,Recent mixed/upturn,-0.005655637476593256,-1,0.0018596742302179337,1,-0.0018596742302179337,-0.0018134713172912598,0.9999381303787231,2.0624438548111357e-05,4.1248877096222714e-05,0,-18.596742302179337
2025-03-19,fold_7,Recent mixed/upturn,-0.0011995910899713635,-1,-0.0025206219870597124,-1,0.0025206219870597124,0.0007026195526123047,0.9999254941940308,2.4833254428813234e-05,4.966650885762647e-05,1,25.206219870597124
2025-03-21,fold_7,Recent mixed/upturn,-0.00531893502920866,-1,-0.0019287904724478722,-1,0.0019287904724478722,0.002632737159729004,0.9999169111251831,2.770595165202394e-05,5.541190330404788e-05,1,19.28790472447872
2025-03-24,fold_7,Recent mixed/upturn,-0.0008218185394071043,-1,-0.0029709464870393276,-1,0.0029709464870393276,0.005611538887023926,0.9999337196350098,2.207855686719995e-05,4.41571137343999e-05,1,29.709464870393276
2025-03-25,fold_7,Recent mixed/upturn,-0.0022953208535909653,-1,-0.001488630659878254,-1,0.001488630659878254,0.007108569145202637,0.9999548196792603,1.5042581253510434e-05,3.008516250702087e-05,1,14.88630659878254
2025-03-26,fold_7,Recent mixed/upturn,0.0009710231679491699,1,-0.0042109801433980465,-1,-0.0042109801433980465,0.002867579460144043,0.9999305009841919,2.3172315195552073e-05,4.634463039110415e-05,0,-42.109801433980465
2025-03-27,fold_7,Recent mixed/upturn,0.0006222475203685462,1,0.0054869032464921474,1,0.0054869032464921474,0.008370161056518555,0.9999411106109619,1.9641584003693424e-05,3.928316800738685e-05,1,54.869032464921474
2025-03-28,fold_7,Recent mixed/upturn,-0.0042070127092301846,-1,0.002121507888659835,1,-0.002121507888659835,0.006230950355529785,0.9999172687530518,2.7582877009990625e-05,5.516575401998125e-05,0,-21.21507888659835
2025-03-31,fold_7,Recent mixed/upturn,-0.003304228885099292,-1,-0.0004652105853892863,-1,0.0004652105853892863,0.006698966026306152,0.9999533891677856,1.5532506949966773e-05,3.106501389993355e-05,1,4.652105853892863
2025-04-01,fold_7,Recent mixed/upturn,-0.0058615622110664845,-1,-0.0021160184405744076,-1,0.0021160184405744076,0.008829116821289062,0.9999569654464722,1.4329850273497868e-05,2.8659700546995737e-05,1,21.160184405744076
2025-04-02,fold_7,Recent mixed/upturn,-0.005943336058408022,-1,0.010439658537507057,1,-0.010439658537507057,-0.0017026662826538086,0.9999721050262451,9.280195627070498e-06,1.8560391254140995e-05,0,-104.39658537507057
2025-04-03,fold_7,Recent mixed/upturn,-0.0030036214739084244,-1,0.012380016967654228,1,-0.012380016967654228,-0.014061570167541504,0.9998972415924072,3.42578932759352e-05,6.85157865518704e-05,0,-123.80016967654228
2025-04-04,fold_7,Recent mixed/upturn,-0.006147234700620174,-1,-0.0053604403510689735,-1,0.0053604403510689735,-0.008776485919952393,0.9999336004257202,2.2132860976853408e-05,4.4265721953706816e-05,1,53.604403510689735
2025-04-07,fold_7,Recent mixed/upturn,-0.0049143098294734955,-1,-0.006298223044723272,-1,0.006298223044723272,-0.002533555030822754,0.999935507774353,2.1512998500838876e-05,4.302599700167775e-05,1,62.98223044723272
2025-04-08,fold_7,Recent mixed/upturn,-0.0017326932866126299,-1,0.005962451454252005,1,-0.005962451454252005,-0.00848090648651123,0.9999567270278931,1.4407264643523376e-05,2.8814529287046753e-05,0,-59.624514542520046
2025-04-09,fold_7,Recent mixed/upturn,0.0007516011828556657,1,-0.0025847177021205425,-1,-0.0025847177021205425,-0.011043667793273926,0.9999207258224487,2.640368984430097e-05,5.280737968860194e-05,0,-25.847177021205425
2025-04-10,fold_7,Recent mixed/upturn,0.004026755224913359,1,0.027919435873627663,1,0.027919435873627663,0.016567468643188477,0.9999698400497437,1.0058451152872294e-05,2.011690230574459e-05,1,279.1943587362766
2025-04-11,fold_7,Recent mixed/upturn,0.004798059351742268,1,0.00757727911695838,1,0.00757727911695838,0.024270296096801758,0.9999300241470337,2.3338880055234767e-05,4.6677760110469535e-05,1,75.7727911695838
2025-04-14,fold_7,Recent mixed/upturn,0.0016825415659695864,1,-0.00030624307692050934,-1,-0.00030624307692050934,0.023956656455993652,0.9999510049819946,1.6346473785233684e-05,3.269294757046737e-05,0,-3.0624307692050934
2025-04-15,fold_7,Recent mixed/upturn,3.048032567676273e-06,1,-0.00414437847211957,-1,-0.00414437847211957,0.01971304416656494,0.9999603033065796,1.3212612429924775e-05,2.642522485984955e-05,0,-41.4437847211957
2025-04-16,fold_7,Recent mixed/upturn,-0.002713498892262578,-1,0.00922001339495182,1,-0.00922001339495182,0.010311245918273926,0.9999475479125977,1.7478078007115982e-05,3.4956156014231965e-05,0,-92.2001339495182
2025-04-17,fold_7,Recent mixed/upturn,-0.005901277530938387,-1,0.01017727330327034,1,-0.01017727330327034,2.9087066650390625e-05,0.9999531507492065,1.5604624422849156e-05,3.120924884569831e-05,0,-101.7727330327034
2025-04-22,fold_7,Recent mixed/upturn,-0.007134420331567526,-1,-0.01403016597032547,-1,0.01403016597032547,0.014059662818908691,0.9999579191207886,1.401015015289886e-05,2.802030030579772e-05,1,140.3016597032547
2025-04-23,fold_7,Recent mixed/upturn,-0.0072465925477445126,-1,-0.0021068835631012917,-1,0.0021068835631012917,0.016196131706237793,0.9999322891235352,2.2582304154639132e-05,4.5164608309278265e-05,1,21.068835631012917
2025-04-24,fold_7,Recent mixed/upturn,-0.007818209938704967,-1,0.003934726119041443,1,-0.003934726119041443,0.012197613716125488,0.9999635219573975,1.2151621376688126e-05,2.4303242753376253e-05,0,-39.34726119041443
2025-04-25,fold_7,Recent mixed/upturn,-0.004559814464300871,-1,-0.002529496792703867,-1,0.002529496792703867,0.014757990837097168,0.9999474287033081,1.750884075590875e-05,3.50176815118175e-05,1,25.29496792703867
2025-04-28,fold_7,Recent mixed/upturn,-0.008262723684310913,-1,0.005818618461489677,1,-0.005818618461489677,0.008853554725646973,0.9999333620071411,2.2220207029022276e-05,4.444041405804455e-05,0,-58.186184614896774
2025-04-30,fold_7,Recent mixed/upturn,-0.0062650041654706,-1,-0.005651242099702358,-1,0.005651242099702358,0.014554858207702637,0.9999266862869263,2.443551056785509e-05,4.887102113571018e-05,1,56.51242099702358
2025-05-01,fold_7,Recent mixed/upturn,-0.0075612119399011135,-1,-0.002507785800844431,-1,0.002507785800844431,0.01709914207458496,0.9999406337738037,1.977475403691642e-05,3.954950807383284e-05,1,25.07785800844431
2025-05-02,fold_7,Recent mixed/upturn,-0.0010146473068743944,-1,0.0023665628395974636,1,-0.0023665628395974636,0.014692187309265137,0.9999209642410278,2.6348807296017185e-05,5.269761459203437e-05,0,-23.665628395974636
2025-05-07,fold_7,Recent mixed/upturn,-0.0013268034672364593,-1,-0.003222282975912094,-1,0.003222282975912094,0.017961740493774414,0.9999595880508423,1.3476513231580611e-05,2.6953026463161223e-05,1,32.22282975912094
2025-05-08,fold_7,Recent mixed/upturn,0.004697244614362717,1,-0.007250799797475338,-1,-0.007250799797475338,0.010580658912658691,0.9999343156814575,2.1878548068343662e-05,4.3757096136687323e-05,0,-72.50799797475338
2025-05-09,fold_7,Recent mixed/upturn,-0.0008739043259993196,-1,0.0004828175879083574,1,-0.0004828175879083574,0.010092735290527344,0.999966025352478,1.1309922228974756e-05,2.2619844457949512e-05,0,-4.828175879083574
2025-05-12,fold_7,Recent mixed/upturn,0.006184280849993229,1,-0.011938820593059063,-1,-0.011938820593059063,-0.0019665956497192383,0.9999710321426392,9.637665243644733e-06,1.9275330487289466e-05,0,-119.38820593059063
2025-05-13,fold_7,Recent mixed/upturn,0.0025994828902184963,1,0.008109462447464466,1,0.008109462447464466,0.006126880645751953,0.9999523162841797,1.5902312952675857e-05,3.180462590535171e-05,1,81.09462447464466
2025-05-14,fold_7,Recent mixed/upturn,0.0033316940534859896,1,-0.0003241990343667567,-1,-0.0003241990343667567,0.005800724029541016,0.9999599456787109,1.33338444356923e-05,2.66676888713846e-05,0,-3.2419903436675668
2025-05-15,fold_7,Recent mixed/upturn,-0.0009317509829998016,-1,0.0009625714155845344,1,-0.0009625714155845344,0.004832625389099121,0.9999510049819946,1.6325360775226727e-05,3.2650721550453454e-05,0,-9.625714155845344
2025-05-16,fold_7,Recent mixed/upturn,-0.0025713953655213118,-1,-0.0004587228177115321,-1,0.0004587228177115321,0.005293607711791992,0.9999194145202637,2.6867044653045014e-05,5.373408930609003e-05,1,4.587228177115321
2025-05-19,fold_7,Recent mixed/upturn,0.0013040073681622744,1,0.004100138321518898,1,0.004100138321518898,0.009415388107299805,0.9999566078186035,1.447861814085627e-05,2.895723628171254e-05,1,41.00138321518898
2025-05-20,fold_7,Recent mixed/upturn,-0.001780758029781282,-1,0.004853827878832817,1,-0.004853827878832817,0.004515886306762695,0.9999556541442871,1.4769090739719104e-05,2.9538181479438208e-05,0,-48.53827878832817
2025-05-21,fold_7,Recent mixed/upturn,-0.001393041224218905,-1,0.003829962108284235,1,-0.003829962108284235,0.000668644905090332,0.9999511241912842,1.6300360584864393e-05,3.2600721169728786e-05,0,-38.29962108284235
2025-05-22,fold_7,Recent mixed/upturn,-0.003051714738830924,-1,-0.004354733508080244,-1,0.004354733508080244,0.00502622127532959,0.9999288320541382,2.3732998670311645e-05,4.746599734062329e-05,1,43.54733508080244
2025-05-23,fold_7,Recent mixed/upturn,-0.0019017935264855623,-1,0.00806327536702156,1,-0.00806327536702156,-0.003077566623687744,0.9999573230743408,1.4206296327756718e-05,2.8412592655513436e-05,0,-80.6327536702156
2025-05-27,fold_7,Recent mixed/upturn,-0.0005883347475901246,-1,-0.004512133076786995,-1,0.004512133076786995,0.001420736312866211,0.9999626874923706,1.2448968846001662e-05,2.4897937692003325e-05,1,45.12133076786995
2025-05-28,fold_7,Recent mixed/upturn,-0.0008541035349480808,-1,-0.009121845476329327,-1,0.009121845476329327,0.010555624961853027,0.9999188184738159,2.705249971768353e-05,5.410499943536706e-05,1,91.21845476329327
2025-05-29,fold_7,Recent mixed/upturn,-0.0001528821885585785,-1,0.012880357913672924,1,-0.012880357913672924,-0.0024607181549072266,0.9999687671661377,1.0409656169940718e-05,2.0819312339881435e-05,0,-128.80357913672924
2025-05-30,fold_7,Recent mixed/upturn,-0.0030250949785113335,-1,-0.002202543430030346,-1,0.002202543430030346,-0.00026363134384155273,0.9999494552612305,1.6835892893141136e-05,3.367178578628227e-05,1,22.02543430030346
2025-06-02,fold_7,Recent mixed/upturn,-0.004114064853638411,-1,0.008819226175546646,1,-0.008819226175546646,-0.00908052921295166,0.9999463558197021,1.7862343156593852e-05,3.5724686313187703e-05,0,-88.19226175546646
2025-06-03,fold_7,Recent mixed/upturn,-0.005721751134842634,-1,-0.006022475194185972,-1,0.006022475194185972,-0.0031127333641052246,0.9999510049819946,1.6319414498866536e-05,3.263882899773307e-05,1,60.22475194185972
2025-06-04,fold_7,Recent mixed/upturn,-0.006243962794542313,-1,0.0033009489998221397,1,-0.0033009489998221397,-0.006403446197509766,0.9999486207962036,1.7139074770966545e-05,3.427814954193309e-05,0,-33.0094899982214
2025-06-05,fold_7,Recent mixed/upturn,-0.005181284621357918,-1,0.0027832789346575737,1,-0.0027832789346575737,-0.009168922901153564,0.9999710321426392,9.644058991398197e-06,1.9288117982796393e-05,0,-27.832789346575737
2025-06-06,fold_7,Recent mixed/upturn,-0.005705769639462233,-1,-0.004015539772808552,-1,0.004015539772808552,-0.0051901936531066895,0.9999650716781616,1.1636409908533096e-05,2.3272819817066193e-05,1,40.15539772808552
2025-06-09,fold_7,Recent mixed/upturn,-0.003989900927990675,-1,0.001771340030245483,1,-0.001771340030245483,-0.006952345371246338,0.9999704360961914,9.833154763327911e-06,1.9666309526655823e-05,0,-17.71340030245483
2025-06-10,fold_7,Recent mixed/upturn,-0.006124645937234163,-1,0.0008235503337346017,1,-0.0008235503337346017,-0.007770180702209473,0.9999635219573975,1.214499570778571e-05,2.428999141557142e-05,0,-8.235503337346017
2025-06-11,fold_7,Recent mixed/upturn,-0.005878132302314043,-1,0.006284058094024658,1,-0.006284058094024658,-0.014005422592163086,0.9999396800994873,2.011728793149814e-05,4.023457586299628e-05,0,-62.84058094024658
2025-06-12,fold_7,Recent mixed/upturn,-0.0017434749752283096,-1,0.007899755612015724,1,-0.007899755612015724,-0.021794557571411133,0.9999760389328003,7.993390681804158e-06,1.5986781363608316e-05,0,-78.99755612015724
2025-06-13,fold_7,Recent mixed/upturn,-0.006286337971687317,-1,-0.003755935002118349,-1,0.003755935002118349,-0.01812046766281128,0.9999547004699707,1.5084812730492558e-05,3.0169625460985117e-05,1,37.55935002118349
2025-06-16,fold_7,Recent mixed/upturn,-0.0010919063352048397,-1,-0.0004620169347617775,-1,0.0004620169347617775,-0.017666757106781006,0.9999606609344482,1.3090027096041013e-05,2.6180054192082025e-05,1,4.620169347617775
2025-06-17,fold_7,Recent mixed/upturn,-0.004751145374029875,-1,-0.005948005244135857,-1,0.005948005244135857,-0.011823892593383789,0.9999778270721436,7.387498044408858e-06,1.4774996088817716e-05,1,59.480052441358566
2025-06-18,fold_7,Recent mixed/upturn,-0.004121334757655859,-1,-0.0004476588510442525,-1,0.0004476588510442525,-0.011381566524505615,0.9999736547470093,8.790694664639886e-06,1.7581389329279773e-05,1,4.476588510442525
2025-06-20,fold_7,Recent mixed/upturn,-0.00010874476720346138,-1,-0.0010350376833230257,-1,0.0010350376833230257,-0.010358273983001709,0.9999759197235107,8.01420355855953e-06,1.602840711711906e-05,1,10.350376833230257
2025-06-23,fold_7,Recent mixed/upturn,-0.0022302858997136354,-1,0.008536921814084053,1,-0.008536921814084053,-0.018806755542755127,0.999951958656311,1.6025254808482714e-05,3.205050961696543e-05,0,-85.36921814084053
2025-06-24,fold_7,Recent mixed/upturn,-0.0011596570257097483,-1,0.0011379257775843143,1,-0.0011379257775843143,-0.019923269748687744,0.99996018409729,1.3261823369248305e-05,2.652364673849661e-05,0,-11.379257775843143
2025-06-25,fold_7,Recent mixed/upturn,-0.00035945215495303273,-1,0.006157340481877327,1,-0.006157340481877327,-0.025957942008972168,0.9999741315841675,8.617044841230381e-06,1.7234089682460763e-05,0,-61.57340481877327
2025-06-26,fold_7,Recent mixed/upturn,-0.0021633487194776535,-1,0.0007249234477058053,1,-0.0007249234477058053,-0.026664018630981445,0.9999572038650513,1.427914685336873e-05,2.855829370673746e-05,0,-7.249234477058053
2025-06-27,fold_7,Recent mixed/upturn,-0.0004241308197379112,-1,0.0030139251612126827,1,-0.0030139251612126827,-0.029597580432891846,0.9999672174453735,1.0907247087743599e-05,2.1814494175487198e-05,0,-30.139251612126827
2025-06-30,fold_7,Recent mixed/upturn,-0.0015229422133415937,-1,0.005092043429613113,1,-0.005092043429613113,-0.034538865089416504,0.9999257326126099,2.4734528778935783e-05,4.9469057557871565e-05,0,-50.920434296131134
2025-07-01,fold_7,Recent mixed/upturn,-0.001455904683098197,-1,0.0015583859058097005,1,-0.0015583859058097005,-0.036043405532836914,0.9999768733978271,7.724260285613127e-06,1.5448520571226254e-05,0,-15.583859058097005
2025-07-02,fold_7,Recent mixed/upturn,-0.002257258165627718,-1,-0.00044844072544947267,-1,0.00044844072544947267,-0.035611093044281006,0.9999803304672241,6.571297035407042e-06,1.3142594070814084e-05,1,4.484407254494727
2025-07-03,fold_7,Recent mixed/upturn,-0.0032478736247867346,-1,-0.0024366681464016438,-1,0.0024366681464016438,-0.033261239528656006,0.9999696016311646,1.0145347914658487e-05,2.0290695829316974e-05,1,24.366681464016438
2025-07-07,fold_7,Recent mixed/upturn,-0.004627847112715244,-1,-0.003755652578547597,-1,0.003755652578547597,-0.02963048219680786,0.9999479055404663,1.7357013348373584e-05,3.471402669674717e-05,1,37.55652578547597
2025-07-08,fold_7,Recent mixed/upturn,-0.004943542648106813,-1,-0.0010200783144682646,-1,0.0010200783144682646,-0.02864062786102295,0.999982476234436,5.84002327741473e-06,1.168004655482946e-05,1,10.200783144682646
2025-07-09,fold_7,Recent mixed/upturn,-0.005880702752619982,-1,0.000563176698051393,1,-0.000563176698051393,-0.029187679290771484,0.9999628067016602,1.2388040886435192e-05,2.4776081772870384e-05,0,-5.63176698051393
2025-07-10,fold_7,Recent mixed/upturn,-0.0058539132587611675,-1,-0.002422562800347805,-1,0.002422562800347805,-0.02683579921722412,0.9999628067016602,1.2387874448904768e-05,2.4775748897809535e-05,1,24.22562800347805
2025-07-11,fold_7,Recent mixed/upturn,-0.003963873255997896,-1,-0.0017639847937971354,-1,0.0017639847937971354,-0.02511918544769287,0.9999648332595825,1.1726552656909917e-05,2.3453105313819833e-05,1,17.639847937971354
2025-07-14,fold_7,Recent mixed/upturn,-0.002766122343018651,-1,-0.0013532100711017847,-1,0.0013532100711017847,-0.023799896240234375,0.9999761581420898,7.932760127005167e-06,1.5865520254010335e-05,1,13.532100711017847
2025-07-15,fold_7,Recent mixed/upturn,-0.0050826603546738625,-1,-0.005049251951277256,-1,0.005049251951277256,-0.018870830535888672,0.9999676942825317,1.0779696822282858e-05,2.1559393644565716e-05,1,50.49251951277256
2025-07-16,fold_7,Recent mixed/upturn,5.047768354415894e-07,1,0.002443466568365693,1,0.002443466568365693,-0.01647353172302246,0.9999656677246094,1.1459244888101239e-05,2.2918489776202478e-05,1,24.43466568365693
2025-07-17,fold_7,Recent mixed/upturn,0.00033122283639386296,1,-0.0017422791570425034,-1,-0.0017422791570425034,-0.018187105655670166,0.9999722242355347,9.249134564015549e-06,1.8498269128031097e-05,0,-17.422791570425034
2025-07-18,fold_7,Recent mixed/upturn,-0.001181966275908053,-1,0.0013141727540642023,1,-0.0013141727540642023,-0.019477367401123047,0.9999743700027466,8.559584784961771e-06,1.7119169569923542e-05,0,-13.141727540642023
2025-07-22,fold_7,Recent mixed/upturn,0.0022960545029491186,1,0.003815255593508482,1,0.003815255593508482,-0.015736401081085205,0.9999861717224121,4.619595074473182e-06,9.239190148946363e-06,1,38.15255593508482
2025-07-23,fold_7,Recent mixed/upturn,0.0020717529114335775,1,0.0029907028656452894,1,0.0029907028656452894,-0.012792766094207764,0.9999599456787109,1.3353436770557892e-05,2.6706873541115783e-05,1,29.907028656452894
2025-07-24,fold_7,Recent mixed/upturn,-0.0003379383124411106,-1,-0.001540047349408269,-1,0.001540047349408269,-0.011272430419921875,0.9999257326126099,2.474734174029436e-05,4.949468348058872e-05,1,15.40047349408269
2025-07-25,fold_7,Recent mixed/upturn,-0.0005864558625034988,-1,5.8711641031550243e-05,1,-5.8711641031550243e-05,-0.011330485343933105,0.9999711513519287,9.595087249181233e-06,1.9190174498362467e-05,0,-0.5871164103155024
2025-07-28,fold_7,Recent mixed/upturn,-0.0004381605831440538,-1,-0.013614622876048088,-1,0.013614622876048088,0.0021299123764038086,0.9999387264251709,2.0435139958863147e-05,4.087027991772629e-05,1,136.14622876048088
2025-07-29,fold_7,Recent mixed/upturn,-0.0006906050257384777,-1,-0.003950425889343023,-1,0.003950425889343023,0.006088852882385254,0.9999336004257202,2.212448998761829e-05,4.424897997523658e-05,1,39.50425889343023
2025-07-30,fold_7,Recent mixed/upturn,-0.00023046722344588488,-1,-0.010526402853429317,-1,0.010526402853429317,0.01667940616607666,0.999967098236084,1.095258085115347e-05,2.190516170230694e-05,1,105.26402853429317
2025-07-31,fold_7,Recent mixed/upturn,0.0005613054963760078,1,-0.0004912575823254883,-1,-0.0004912575823254883,0.016179919242858887,0.999974250793457,8.586103831476066e-06,1.7172207662952133e-05,0,-4.912575823254883
2025-08-01,fold_7,Recent mixed/upturn,0.0013012038543820381,1,0.014263281598687172,1,0.014263281598687172,0.030673980712890625,0.9999586343765259,1.3771561498288065e-05,2.754312299657613e-05,1,142.63281598687172
2025-08-04,fold_7,Recent mixed/upturn,0.0010416399454697967,1,-0.00022017340234015137,-1,-0.00022017340234015137,0.030447006225585938,0.9999544620513916,1.5164577234827448e-05,3.0329154469654895e-05,0,-2.2017340234015137
2025-08-05,fold_7,Recent mixed/upturn,0.0015493006212636828,1,-0.0004284036112949252,-1,-0.0004284036112949252,0.030005574226379395,0.99996018409729,1.3265576853882521e-05,2.6531153707765043e-05,0,-4.284036112949252
2025-08-06,fold_7,Recent mixed/upturn,-3.831591675407253e-05,-1,0.007254479452967644,1,-0.007254479452967644,0.022533416748046875,0.9999573230743408,1.4215696864994243e-05,2.8431393729988486e-05,0,-72.54479452967644
2025-08-07,fold_7,Recent mixed/upturn,0.0042376089841127396,1,0.0011559956474229693,1,0.0011559956474229693,0.023715496063232422,0.9999778270721436,7.405501037283102e-06,1.4811002074566204e-05,1,11.559956474229693
2025-08-08,fold_7,Recent mixed/upturn,0.0003610238491091877,1,-0.002457661321386695,-1,-0.002457661321386695,0.021199584007263184,0.999968409538269,1.051302024279721e-05,2.102604048559442e-05,0,-24.57661321386695
2025-08-12,fold_7,Recent mixed/upturn,-0.0018881052965298295,-1,0.005044498015195131,1,-0.005044498015195131,0.016048073768615723,0.9999326467514038,2.2465595975518227e-05,4.493119195103645e-05,0,-50.44498015195131
2025-08-13,fold_7,Recent mixed/upturn,-0.0005295202136039734,-1,0.003068778896704316,1,-0.003068778896704316,0.012930035591125488,0.9999346733093262,2.1765779820270836e-05,4.353155964054167e-05,0,-30.68778896704316
2025-08-14,fold_7,Recent mixed/upturn,-0.0026062794495373964,-1,-0.005254701245576143,-1,0.005254701245576143,0.01825273036956787,0.9999432563781738,1.8911559891421348e-05,3.7823119782842696e-05,1,52.54701245576143
2025-08-15,fold_7,Recent mixed/upturn,0.0012966211652383208,1,0.004741219338029623,1,0.004741219338029623,0.02308046817779541,0.9999662637710571,1.1258238373557106e-05,2.251647674711421e-05,1,47.41219338029623
2025-08-18,fold_7,Recent mixed/upturn,-0.006805147510021925,-1,-0.003267246065661311,-1,0.003267246065661311,0.026423215866088867,0.9999336004257202,2.2124993847683072e-05,4.4249987695366144e-05,1,32.67246065661311
2025-08-19,fold_7,Recent mixed/upturn,-0.006227274890989065,-1,-0.002212071092799306,-1,0.002212071092799306,0.028693675994873047,0.999940037727356,1.9988372514490038e-05,3.9976745028980076e-05,1,22.12071092799306
2025-08-20,fold_7,Recent mixed/upturn,-0.0024655391462147236,-1,0.0007923034718260169,1,-0.0007923034718260169,0.027878642082214355,0.9999619722366333,1.2689552022493444e-05,2.537910404498689e-05,0,-7.923034718260169
2025-08-21,fold_7,Recent mixed/upturn,-0.0037555971648544073,-1,-0.003321295604109764,-1,0.003321295604109764,0.03129255771636963,0.9999395608901978,2.0136265447945334e-05,4.027253089589067e-05,1,33.21295604109764
2025-08-22,fold_7,Recent mixed/upturn,-0.005103715695440769,-1,0.008313816972076893,1,-0.008313816972076893,0.02271854877471924,0.9999574422836304,1.418954343535006e-05,2.837908687070012e-05,0,-83.13816972076893
2025-08-25,fold_7,Recent mixed/upturn,-0.005533234216272831,-1,-0.007784397341310978,-1,0.007784397341310978,0.030679821968078613,0.9999605417251587,1.316526595473988e-05,2.633053190947976e-05,1,77.84397341310978
2025-08-26,fold_7,Recent mixed/upturn,-0.0031132125295698643,-1,0.001804178929887712,1,-0.001804178929887712,0.028820276260375977,0.9999626874923706,1.2426106877683196e-05,2.4852213755366392e-05,0,-18.04178929887712
2025-08-27,fold_7,Recent mixed/upturn,-0.008083350956439972,-1,0.0007338296854868531,1,-0.0007338296854868531,0.02806532382965088,0.9999526739120483,1.575844726176001e-05,3.151689452352002e-05,0,-7.338296854868531
2025-08-28,fold_7,Recent mixed/upturn,-0.0022632332984358072,-1,0.0028852694667875767,1,-0.0028852694667875767,0.02509903907775879,0.9999759197235107,8.042814442887902e-06,1.6085628885775805e-05,0,-28.852694667875767
2025-08-29,fold_7,Recent mixed/upturn,-0.000584818422794342,-1,0.0008769080741330981,1,-0.0008769080741330981,0.024200081825256348,0.999958872795105,1.3690498235519044e-05,2.7380996471038088e-05,0,-8.769080741330981
2025-09-02,fold_7,Recent mixed/upturn,-0.003603726625442505,-1,-0.006818667519837618,-1,0.006818667519837618,0.031183719635009766,0.9999849796295166,5.015125680074561e-06,1.0030251360149123e-05,1,68.18667519837618
2025-09-03,fold_7,Recent mixed/upturn,-0.003791920840740204,-1,0.0020988616161048412,1,-0.0020988616161048412,0.02901935577392578,0.9999680519104004,1.0662922250048723e-05,2.1325844500097446e-05,0,-20.988616161048412
2025-09-04,fold_7,Recent mixed/upturn,-0.007066614925861359,-1,-0.0003031234664376825,-1,0.0003031234664376825,0.029331326484680176,0.9999479055404663,1.735589830786921e-05,3.471179661573842e-05,1,3.031234664376825
2025-09-05,fold_7,Recent mixed/upturn,-0.004177697002887726,-1,0.004825879819691181,1,-0.004825879819691181,0.02436387538909912,0.9999674558639526,1.0841252333193552e-05,2.1682504666387103e-05,0,-48.25879819691181
2025-09-08,fold_7,Recent mixed/upturn,-0.002750994637608528,-1,0.00477817514911294,1,-0.00477817514911294,0.019469261169433594,0.9999674558639526,1.083234110410558e-05,2.166468220821116e-05,0,-47.7817514911294
2025-09-09,fold_7,Recent mixed/upturn,-0.005050768610090017,-1,-0.005640725139528513,-1,0.005640725139528513,0.02521979808807373,0.9999582767486572,1.390810666634934e-05,2.781621333269868e-05,1,56.40725139528513
2025-09-10,fold_7,Recent mixed/upturn,-0.00515897898003459,-1,5.857199721504003e-05,1,-5.857199721504003e-05,0.025159716606140137,0.9999779462814331,7.33680053599528e-06,1.467360107199056e-05,0,-0.5857199721504003
2025-09-11,fold_7,Recent mixed/upturn,-0.005792649928480387,-1,0.002675513969734311,1,-0.002675513969734311,0.02241683006286621,0.9999644756317139,1.1827124581031967e-05,2.3654249162063934e-05,0,-26.75513969734311
2025-09-12,fold_7,Recent mixed/upturn,-0.006286644376814365,-1,-0.000703588651958853,-1,0.000703588651958853,0.023136138916015625,0.9999802112579346,6.574843155249255e-06,1.314968631049851e-05,1,7.03588651958853
2025-09-16,fold_7,Recent mixed/upturn,-0.005927517544478178,-1,0.009152790531516075,1,-0.009152790531516075,0.013771653175354004,0.9999736547470093,8.76790454640286e-06,1.753580909280572e-05,0,-91.52790531516075
2025-09-17,fold_7,Recent mixed/upturn,-0.005739251617342234,-1,-0.003796270117163658,-1,0.003796270117163658,0.017620205879211426,0.9999710321426392,9.639986274123657e-06,1.9279972548247315e-05,1,37.96270117163658
2025-09-18,fold_7,Recent mixed/upturn,-0.005070523824542761,-1,-0.0029830695129930973,-1,0.0029830695129930973,0.02065587043762207,0.9999840259552002,5.308443633111892e-06,1.0616887266223785e-05,1,29.830695129930973
2025-09-19,fold_7,Recent mixed/upturn,-0.006535637658089399,-1,-0.004589194897562265,-1,0.004589194897562265,0.025339841842651367,0.9999775886535645,7.450426437571878e-06,1.4900852875143755e-05,1,45.891948975622654
2025-09-22,fold_7,Recent mixed/upturn,-0.005364825017750263,-1,0.005463925655931234,1,-0.005463925655931234,0.01973748207092285,0.9999656677246094,1.1444055417086929e-05,2.2888110834173858e-05,0,-54.639256559312344
2025-09-24,fold_7,Recent mixed/upturn,-0.006415291223675013,-1,-0.005907559301704168,-1,0.005907559301704168,0.02576160430908203,0.9999637603759766,1.2084135050827172e-05,2.4168270101654343e-05,1,59.07559301704168
2025-09-25,fold_7,Recent mixed/upturn,-0.005379675421863794,-1,-0.006974319461733103,-1,0.006974319461733103,0.032915592193603516,0.9999538660049438,1.538110154797323e-05,3.076220309594646e-05,1,69.74319461733103
2025-09-26,fold_7,Recent mixed/upturn,-0.005352758336812258,-1,0.0038988362066447735,1,-0.0038988362066447735,0.028888344764709473,0.9999595880508423,1.3457396562444046e-05,2.6914793124888092e-05,0,-38.988362066447735
2025-09-29,fold_7,Recent mixed/upturn,-0.004969928413629532,-1,0.0019825738854706287,1,-0.0019825738854706287,0.026848554611206055,0.9999592304229736,1.358029567199992e-05,2.716059134399984e-05,0,-19.825738854706287
