date,fold,regime,prediction,pred_direction,actual_return,actual_direction,strategy_return,cumulative_return,confidence,aleatoric,epistemic,correct,pnl_bps,B_pred,B_actual,D_pred,D_actual
2008-12-24,fold_1,GFC peak crash (Lehman + Mar-2009 bottom),-0.000909704715013504,-1,-0.0003429576463531703,-1,0.0003429576463531703,0.0003429576463531703,,,,1,3.4295764635317028,0.006222952157258987,0.06284288316965103,-0.000909704715013504,-0.01131396397522408
2008-12-26,fold_1,GFC peak crash (Lehman + Mar-2009 bottom),-0.009737860411405563,-1,-0.008273275569081306,-1,0.008273275569081306,0.008616233215434477,,,,1,82.73275569081306,-0.005989689379930496,0.06286349147558212,-0.009737860411405563,-0.28636381278925166
2008-12-29,fold_1,GFC peak crash (Lehman + Mar-2009 bottom),-0.016813158988952637,-1,0.020555762574076653,1,-0.020555762574076653,-0.011939529358642176,,,,0,-205.55762574076653,0.0067515745759010315,0.08108048141002655,-0.016813158988952637,0.7113592667332982
2008-12-30,fold_1,GFC peak crash (Lehman + Mar-2009 bottom),-0.044161390513181686,-1,0.008441665209829807,1,-0.008441665209829807,-0.020381194568471983,,,,0,-84.41665209829807,-0.05961918085813522,0.0317063182592392,-0.044161390513181686,0.359792261687734
2008-12-31,fold_1,GFC peak crash (Lehman + Mar-2009 bottom),-0.0314674936234951,-1,0.042461689561605453,1,-0.042461689561605453,-0.06284288413007744,,,,0,-424.61689561605453,-0.040744103491306305,0.033722203224897385,-0.0314674936234951,1.8988990613166399
2009-01-02,fold_1,GFC peak crash (Lehman + Mar-2009 bottom),-0.020784784108400345,-1,-0.00032235000981017947,-1,0.00032235000981017947,-0.06252053412026726,,,,1,3.2235000981017947,-0.018802376464009285,-0.03142658993601799,-0.020784784108400345,-0.013732587060522822
2009-01-05,fold_1,GFC peak crash (Lehman + Mar-2009 bottom),-0.025601547211408615,-1,0.00994371809065342,1,-0.00994371809065342,-0.07246425221092068,,,,0,-99.4371809065342,-0.02609490230679512,-0.04956405982375145,-0.025601547211408615,0.440405604963444
2009-01-06,fold_1,GFC peak crash (Lehman + Mar-2009 bottom),-0.018536675721406937,-1,-0.028818404302001,-1,0.028818404302001,-0.04364584790891968,,,,1,288.18404302001,-0.009246695786714554,-0.0591689758002758,-0.018536675721406937,-1.38107552841447
2009-01-07,fold_1,GFC peak crash (Lehman + Mar-2009 bottom),0.053196076303720474,1,0.010457552038133144,1,0.010457552038133144,-0.03318829587078653,,,,1,104.57552038133144,-0.09060614556074142,-0.06130253151059151,0.053196076303720474,0.5213772021956417
2009-01-08,fold_1,GFC peak crash (Lehman + Mar-2009 bottom),0.005872173234820366,1,-0.02268710546195507,-1,-0.02268710546195507,-0.0558754013327416,,,,0,-226.8710546195507,-0.08357973396778107,-0.05547646805644035,0.005872173234820366,-1.123864984696404
2009-01-09,fold_1,GFC peak crash (Lehman + Mar-2009 bottom),-0.005798090249300003,-1,-0.018459821119904518,-1,0.018459821119904518,-0.037415580212837085,,,,1,184.59821119904518,0.0014299117028713226,-0.021853338927030563,-0.005798090249300003,-0.8874499725674849
2009-01-12,fold_1,GFC peak crash (Lehman + Mar-2009 bottom),0.004850469529628754,1,0.00033880159026011825,1,0.00033880159026011825,-0.03707677862257697,,,,1,3.3880159026011825,0.022001728415489197,-0.05429340526461601,0.004850469529628754,0.016710213945114464
2009-01-13,fold_1,GFC peak crash (Lehman + Mar-2009 bottom),-0.007452052086591721,-1,-0.030951958149671555,-1,0.030951958149671555,-0.006124820472905412,,,,1,309.51958149671555,0.023418162018060684,-0.012951979413628578,-0.007452052086591721,-1.5654513740687834
2009-01-14,fold_1,GFC peak crash (Lehman + Mar-2009 bottom),-0.006643287837505341,-1,0.016283614560961723,1,-0.016283614560961723,-0.022408435033867136,,,,0,-162.83614560961723,0.01647387444972992,0.0045303646475076675,-0.006643287837505341,0.7915411764355298
2009-01-15,fold_1,GFC peak crash (Lehman + Mar-2009 bottom),-0.0075895413756370544,-1,0.01093602366745472,1,-0.01093602366745472,-0.033344458701321855,,,,0,-109.3602366745472,0.012139204889535904,-0.006897205486893654,-0.0075895413756370544,0.6052141544043578
2009-01-16,fold_1,GFC peak crash (Lehman + Mar-2009 bottom),-0.0119345523416996,-1,-0.05089988932013512,-1,0.05089988932013512,0.01755543061881326,,,,1,508.99889320135117,0.00694037601351738,-0.010592788457870483,-0.0119345523416996,-2.823098035338528
2009-01-20,fold_1,GFC peak crash (Lehman + Mar-2009 bottom),-0.009970750659704208,-1,0.0416802279651165,1,-0.0416802279651165,-0.02412479734630324,,,,0,-416.802279651165,0.009159225970506668,0.04749481379985809,-0.009970750659704208,1.9894501200614343
2009-01-21,fold_1,GFC peak crash (Lehman + Mar-2009 bottom),-0.021666616201400757,-1,-0.013469614088535309,-1,0.013469614088535309,-0.01065518325776793,,,,1,134.6961408853531,-0.0021745748817920685,0.04034192115068436,-0.021666616201400757,-0.5892937199583155
2009-01-22,fold_1,GFC peak crash (Lehman + Mar-2009 bottom),-0.015499018132686615,-1,0.004856044892221689,1,-0.004856044892221689,-0.01551122814998962,,,,0,-48.56044892221689,-0.009894682094454765,0.02811305969953537,-0.015499018132686615,0.21559962684167613
2009-01-23,fold_1,GFC peak crash (Lehman + Mar-2009 bottom),-0.03214775398373604,-1,0.00724044069647789,1,-0.00724044069647789,-0.02275166884646751,,,,0,-72.4044069647789,-0.0398571603000164,0.005520956590771675,-0.03214775398373604,0.32150893117112656
2009-01-26,fold_1,GFC peak crash (Lehman + Mar-2009 bottom),-0.02070920169353485,-1,0.007187714800238609,1,-0.007187714800238609,-0.02993938364670612,,,,0,-71.8771480023861,-0.029393678531050682,0.01025271974503994,-0.02070920169353485,0.318464132859641
2009-01-27,fold_1,GFC peak crash (Lehman + Mar-2009 bottom),-0.00047185271978378296,-1,0.034527335315942764,1,-0.034527335315942764,-0.06446671896264888,,,,0,-345.27335315942764,-0.06467951834201813,0.018584955483675003,-0.00047185271978378296,1.5259379429002036
2009-01-28,fold_1,GFC peak crash (Lehman + Mar-2009 bottom),-0.007468469440937042,-1,-0.025698475539684296,-1,0.025698475539684296,-0.03876824342296459,,,,1,256.98475539684296,-0.022919099777936935,-0.01460401713848114,-0.007468469440937042,-1.0781286776485335
2009-01-29,fold_1,GFC peak crash (Lehman + Mar-2009 bottom),-0.007177051156759262,-1,-0.017736058682203293,-1,0.017736058682203293,-0.021032184740761295,,,,1,177.36058682203293,-0.054289836436510086,0.032920949161052704,-0.007177051156759262,-0.7364133233704658
2009-01-30,fold_1,GFC peak crash (Lehman + Mar-2009 bottom),-0.011701565235853195,-1,0.011972203850746155,1,-0.011972203850746155,-0.03300438859150745,,,,0,-119.72203850746155,-0.01980017125606537,0.07648946344852448,-0.011701565235853195,0.4919620198706491
2009-02-02,fold_1,GFC peak crash (Lehman + Mar-2009 bottom),-0.010242879390716553,-1,0.015519951470196247,1,-0.015519951470196247,-0.0485243400617037,,,,0,-155.19951470196247,0.0012421831488609314,0.06865273416042328,-0.010242879390716553,0.6877479031448788
2009-02-03,fold_1,GFC peak crash (Lehman + Mar-2009 bottom),-0.009616874158382416,-1,0.0013383622281253338,1,-0.0013383622281253338,-0.04986270228982903,,,,0,-13.383622281253338,-0.002369038760662079,0.015612514689564705,-0.009616874158382416,0.05861908332521261
2009-02-04,fold_1,GFC peak crash (Lehman + Mar-2009 bottom),-0.01136261597275734,-1,0.021826492622494698,1,-0.021826492622494698,-0.07168919491232373,,,,0,-218.26492622494698,0.0002644844353199005,0.009649120271205902,-0.01136261597275734,0.9604636281767396
2009-02-05,fold_1,GFC peak crash (Lehman + Mar-2009 bottom),-0.026788461953401566,-1,0.02583245187997818,1,-0.02583245187997818,-0.09752164679230191,,,,0,-258.3245187997818,-0.09499986469745636,0.0,-0.026788461953401566,1.1567459466344763
2009-02-06,fold_1,GFC peak crash (Lehman + Mar-2009 bottom),-0.02323058620095253,-1,0.004135478753596544,1,-0.004135478753596544,-0.10165712554589845,,,,0,-41.35478753596544,-0.03871167078614235,-0.030422896146774292,-0.02323058620095253,0.18020994654689176
2009-02-09,fold_1,GFC peak crash (Lehman + Mar-2009 bottom),-0.014494292438030243,-1,-0.03752027079463005,-1,0.03752027079463005,-0.0641368547512684,,,,1,375.2027079463005,-0.017623700201511383,-0.07513406872749329,-0.014494292438030243,-1.6750522774946477
2009-02-10,fold_1,GFC peak crash (Lehman + Mar-2009 bottom),-0.021755408495664597,-1,-0.004625031724572182,-1,0.004625031724572182,-0.05951182302669622,,,,1,46.25031724572182,-0.0290986280888319,-0.03692920506000519,-0.021755408495664597,-0.1963064211528487
2009-02-11,fold_1,GFC peak crash (Lehman + Mar-2009 bottom),-0.012112028896808624,-1,0.01217737141996622,1,-0.01217737141996622,-0.07168919444666244,,,,0,-121.77371419966221,-0.028774283826351166,-0.04781389608979225,-0.012112028896808624,0.5163659305223878
2009-02-12,fold_1,GFC peak crash (Lehman + Mar-2009 bottom),-0.005436595529317856,-1,-0.004590444266796112,-1,0.004590444266796112,-0.06709875017986633,,,,1,45.90444266796112,-0.016945820301771164,-0.057216279208660126,-0.005436595529317856,-0.20214900412444273
2009-02-13,fold_1,GFC peak crash (Lehman + Mar-2009 bottom),-0.018082987517118454,-1,-0.04057569429278374,-1,0.04057569429278374,-0.02652305588708259,,,,1,405.7569429278374,-0.027107279747724533,-0.08823682367801666,-0.018082987517118454,-1.8083558163302977
2009-02-17,fold_1,GFC peak crash (Lehman + Mar-2009 bottom),-0.008158624172210693,-1,0.000684593163896352,1,-0.000684593163896352,-0.027207649050978944,,,,0,-6.8459316389635205,0.003570396453142166,-0.015172178857028484,-0.008158624172210693,0.02843112078509613
2009-02-18,fold_1,GFC peak crash (Lehman + Mar-2009 bottom),-0.010854154825210571,-1,-0.015509720891714096,-1,0.015509720891714096,-0.011697928159264848,,,,1,155.09720891714096,-0.0023499522358179092,-0.022480914369225502,-0.010854154825210571,-0.7309061935277794
2009-02-19,fold_1,GFC peak crash (Lehman + Mar-2009 bottom),-0.013987846672534943,-1,0.002774988068267703,1,-0.002774988068267703,-0.01447291622753255,,,,0,-27.74988068267703,-0.004327917471528053,-0.03535139560699463,-0.013987846672534943,0.14321432013255497
2009-02-20,fold_1,GFC peak crash (Lehman + Mar-2009 bottom),-0.012601174414157867,-1,-0.03561098873615265,-1,0.03561098873615265,0.021138072508620098,,,,1,356.1098873615265,-0.003068936988711357,-0.04752684384584427,-0.012601174414157867,-1.8594837500008825
2009-02-23,fold_1,GFC peak crash (Lehman + Mar-2009 bottom),-0.00955192744731903,-1,0.032488949596881866,1,-0.032488949596881866,-0.011350877088261768,,,,0,-324.88949596881866,0.0063972435891628265,-0.04477813467383385,-0.00955192744731903,1.5686010459481285
2009-02-24,fold_1,GFC peak crash (Lehman + Mar-2009 bottom),-0.02125471830368042,-1,-0.00662414263933897,-1,0.00662414263933897,-0.004726734448922798,,,,1,66.2414263933897,-0.005650904029607773,-0.0780186802148819,-0.02125471830368042,-0.3026191429693795
2009-02-25,fold_1,GFC peak crash (Lehman + Mar-2009 bottom),-0.016968965530395508,-1,-0.028380202129483223,-1,0.028380202129483223,0.023653467680560425,,,,1,283.80202129483223,-0.013571461662650108,-0.04507232457399368,-0.016968965530395508,-1.2970558461101405
2009-02-26,fold_1,GFC peak crash (Lehman + Mar-2009 bottom),-0.014714200049638748,-1,-0.009400458075106144,-1,0.009400458075106144,0.03305392575566657,,,,1,94.00458075106144,-0.012606285512447357,-0.04715467616915703,-0.014714200049638748,-0.4385750530238969
2009-02-27,fold_1,GFC peak crash (Lehman + Mar-2009 bottom),-0.014414899051189423,-1,-0.03286227956414223,-1,0.03286227956414223,0.0659162053198088,,,,1,328.6227956414223,-0.008853711187839508,-0.045707352459430695,-0.014414899051189423,-1.5832543341428431
2009-03-02,fold_1,GFC peak crash (Lehman + Mar-2009 bottom),-0.009601198136806488,-1,-0.000751598970964551,-1,0.000751598970964551,0.06666780429077335,,,,1,7.51598970964551,0.004556551575660706,-0.03436747193336487,-0.009601198136806488,-0.034702426339665096
2009-03-03,fold_1,GFC peak crash (Lehman + Mar-2009 bottom),-0.01319514587521553,-1,0.026322215795516968,1,-0.026322215795516968,0.04034558849525638,,,,0,-263.2221579551697,0.006437264382839203,0.026322215795516968,-0.01319514587521553,1.2246895328254972
2009-03-04,fold_1,GFC peak crash (Lehman + Mar-2009 bottom),-0.016460031270980835,-1,-0.030462555587291718,-1,0.030462555587291718,0.0708081440825481,,,,1,304.6255558729172,0.0019767507910728455,0.015251108445227146,-0.016460031270980835,-1.3838793595797154
2009-03-05,fold_1,GFC peak crash (Lehman + Mar-2009 bottom),-0.011461984366178513,-1,-0.007953135296702385,-1,0.007953135296702385,0.07876127937925048,,,,1,79.53135296702385,0.008862264454364777,0.0783289447426796,-0.011461984366178513,-0.34518343722180445
2009-03-06,fold_1,GFC peak crash (Lehman + Mar-2009 bottom),-0.013902287930250168,-1,-0.0215223990380764,-1,0.0215223990380764,0.10028367841732688,,,,1,215.223990380764,0.005451418459415436,0.08872090280056,-0.013902287930250168,-0.9528420129139734
2009-03-09,fold_1,GFC peak crash (Lehman + Mar-2009 bottom),-0.013931218534708023,-1,0.059938088059425354,1,-0.059938088059425354,0.04034559035790153,,,,0,-599.3808805942535,0.004946626722812653,0.093400739133358,-0.013931218534708023,2.6805293227550755
2009-03-10,fold_1,GFC peak crash (Lehman + Mar-2009 bottom),-0.028702478855848312,-1,0.015251108445227146,1,-0.015251108445227146,0.025094481912674382,,,,0,-152.51108445227146,-0.030904537066817284,0.07062570750713348,-0.028702478855848312,0.5853840661056128
2009-03-11,fold_1,GFC peak crash (Lehman + Mar-2009 bottom),-0.017800021916627884,-1,0.03261528164148331,1,-0.03261528164148331,-0.0075207997288089246,,,,0,-326.15281641483307,-0.012883258983492851,0.0679113119840622,-0.017800021916627884,1.3098519365463446
2009-03-12,fold_1,GFC peak crash (Lehman + Mar-2009 bottom),-0.028014127165079117,-1,0.0024388229940086603,1,-0.0024388229940086603,-0.009959622722817585,,,,0,-24.388229940086603,-0.045370668172836304,0.03462249040603638,-0.028014127165079117,0.09407075065924828
2009-03-13,fold_1,GFC peak crash (Lehman + Mar-2009 bottom),-0.0264933742582798,-1,-0.016842564567923546,-1,0.016842564567923546,0.006882941845105961,,,,1,168.42564567923546,-0.02672853320837021,0.0168460663408041,-0.0264933742582798,-0.6531217118920715
2009-03-16,fold_1,GFC peak crash (Lehman + Mar-2009 bottom),-0.02549513801932335,-1,0.037163060158491135,1,-0.037163060158491135,-0.030280118313385174,,,,0,-371.63060158491135,-0.03206722438335419,0.09096124023199081,-0.02549513801932335,1.4270914904074783
2009-03-17,fold_1,GFC peak crash (Lehman + Mar-2009 bottom),-0.018589451909065247,-1,0.012536708265542984,1,-0.012536708265542984,-0.04281682657892816,,,,0,-125.36708265542984,-0.014895841479301453,0.03517917916178703,-0.018589451909065247,0.48619827721992376
2009-03-18,fold_1,GFC peak crash (Lehman + Mar-2009 bottom),-0.018013637512922287,-1,-0.000673539936542511,-1,0.000673539936542511,-0.04214328664238565,,,,1,6.73539936542511,-0.010640084743499756,0.02724788524210453,-0.018013637512922287,-0.025968645943417606
2009-03-19,fold_1,GFC peak crash (Lehman + Mar-2009 bottom),-0.01618090644478798,-1,-0.015337600372731686,-1,0.015337600372731686,-0.02680568626965396,,,,1,153.37600372731686,-0.02595001645386219,0.05830502137541771,-0.01618090644478798,-0.5966964858352954
2009-03-20,fold_1,GFC peak crash (Lehman + Mar-2009 bottom),-0.02271874248981476,-1,0.05727260932326317,1,-0.05727260932326317,-0.08407829559291713,,,,0,-572.7260932326317,-0.03503568843007088,0.05468008294701576,-0.02271874248981476,2.2092033033287364
2009-03-23,fold_1,GFC peak crash (Lehman + Mar-2009 bottom),-0.015400689095258713,-1,-0.018618999049067497,-1,0.018618999049067497,-0.06545929654384963,,,,1,186.18999049067497,-0.01049056090414524,-0.027560722082853317,-0.015400689095258713,-0.6698162405411248
2009-03-24,fold_1,GFC peak crash (Lehman + Mar-2009 bottom),-0.02041773498058319,-1,0.0046054162085056305,1,-0.0046054162085056305,-0.07006471275235526,,,,0,-46.054162085056305,-0.01934726908802986,-0.00033004675060510635,-0.02041773498058319,0.16961509548873643
2009-03-25,fold_1,GFC peak crash (Lehman + Mar-2009 bottom),-0.013447042554616928,-1,0.03038359433412552,1,-0.03038359433412552,-0.10044830708648078,,,,0,-303.8359433412552,-0.014627134427428246,0.00979765597730875,-0.013447042554616928,1.1198733440510578
2009-03-26,fold_1,GFC peak crash (Lehman + Mar-2009 bottom),-0.014810372143983841,-1,-0.018962539732456207,-1,0.018962539732456207,-0.08148576735402457,,,,1,189.62539732456207,-0.010692743584513664,0.011081703938543797,-0.014810372143983841,-0.6961401824098795
2009-03-27,fold_1,GFC peak crash (Lehman + Mar-2009 bottom),-0.015701550990343094,-1,-0.024968193843960762,-1,0.024968193843960762,-0.05651757351006381,,,,1,249.68193843960762,-0.010139621794223785,0.048450127243995667,-0.015701550990343094,-0.9083529903405672
2009-03-30,fold_1,GFC peak crash (Lehman + Mar-2009 bottom),0.012609319761395454,1,0.008611675351858139,1,0.008611675351858139,-0.04790589815820567,,,,1,86.11675351858139,-0.05019514262676239,0.0709424838423729,0.012609319761395454,0.31813871412694694
2011-11-25,fold_2,2011 US-downgrade + EU debt,-0.012356147170066833,-1,0.03420417010784149,1,-0.03420417010784149,-0.03420417010784149,,,,0,-342.0417010784149,0.01734146475791931,0.06833713501691818,-0.012356147170066833,2.0928216108284197
2011-11-28,fold_2,2011 US-downgrade + EU debt,-0.019144482910633087,-1,-0.006232367362827063,-1,0.006232367362827063,-0.02797180274501443,,,,1,62.323673628270626,0.020471058785915375,0.045023635029792786,-0.019144482910633087,-0.3454483536275587
2011-11-29,fold_2,2011 US-downgrade + EU debt,-0.017354927957057953,-1,0.03629493713378906,1,-0.03629493713378906,-0.06426673987880349,,,,0,-362.9493713378906,0.02208096534013748,0.048457056283950806,-0.017354927957057953,2.051226385858985
2011-11-30,fold_2,2011 US-downgrade + EU debt,-0.02234707400202751,-1,0.006892128381878138,1,-0.006892128381878138,-0.07115886826068163,,,,0,-68.92128381878138,-0.011894827708601952,0.012162119150161743,-0.02234707400202751,0.37154584442518823
2011-12-01,fold_2,2011 US-downgrade + EU debt,-0.01791323348879814,-1,-0.002821733010932803,-1,0.002821733010932803,-0.06833713524974883,,,,1,28.21733010932803,-0.0088927261531353,-0.011691782623529434,-0.01791323348879814,-0.15238429575365461
2011-12-02,fold_2,2011 US-downgrade + EU debt,-0.01851867139339447,-1,0.010890672914683819,1,-0.010890672914683819,-0.07922780816443264,,,,0,-108.90672914683819,-0.01154131256043911,0.007039838936179876,-0.01851867139339447,0.6066935826487395
2011-12-05,fold_2,2011 US-downgrade + EU debt,-0.017933066934347153,-1,-0.0027989486698061228,-1,0.0027989486698061228,-0.07642885949462652,,,,1,27.989486698061228,-0.010957526043057442,-0.015138103626668453,-0.017933066934347153,-0.15482394903360208
2011-12-06,fold_2,2011 US-downgrade + EU debt,-0.016791164875030518,-1,0.0,0,-0.0,-0.07642885949462652,,,,0,-0.0,-0.008680660277605057,-0.02339749038219452,-0.016791164875030518,0.0
2011-12-07,fold_2,2011 US-downgrade + EU debt,-0.03957850858569145,-1,-0.016961773857474327,-1,0.016961773857474327,-0.059467085637152195,,,,1,169.61773857474327,-0.050360679626464844,-0.039122771471738815,-0.03957850858569145,-0.9509170080754884
2011-12-08,fold_2,2011 US-downgrade + EU debt,-0.007567375898361206,-1,0.015909889712929726,1,-0.015909889712929726,-0.07537697535008192,,,,0,-159.09889712929726,0.02338128164410591,-0.024897422641515732,-0.007567375898361206,0.9709272968258564
2011-12-09,fold_2,2011 US-downgrade + EU debt,-0.007190674543380737,-1,-0.011287270113825798,-1,0.011287270113825798,-0.06408970523625612,,,,1,112.87270113825798,0.004172027111053467,-0.035672057420015335,-0.007190674543380737,-0.6731594202347267
2011-12-12,fold_2,2011 US-downgrade + EU debt,-0.009581368416547775,-1,-0.01105833426117897,-1,0.01105833426117897,-0.05303137097507715,,,,1,110.5833426117897,0.016551584005355835,-0.03427647426724434,-0.009581368416547775,-0.6728694141096118
2011-12-13,fold_2,2011 US-downgrade + EU debt,-0.014783982187509537,-1,-0.015725282952189445,-1,0.015725282952189445,-0.03730608802288771,,,,1,157.25282952189445,0.007360395044088364,0.0059900484047830105,-0.014783982187509537,-0.9495455651902264
2011-12-14,fold_2,2011 US-downgrade + EU debt,-0.01151420921087265,-1,-0.002736423397436738,-1,0.002736423397436738,-0.03456966462545097,,,,1,27.36423397436738,0.01944877952337265,0.007308221887797117,-0.01151420921087265,-0.16338743523011157
2011-12-15,fold_2,2011 US-downgrade + EU debt,-0.011526357382535934,-1,0.005135253071784973,1,-0.005135253071784973,-0.03970491769723594,,,,0,-51.35253071784973,0.040390387177467346,0.018533855676651,-0.011526357382535934,0.3142684862593917
2011-12-16,fold_2,2011 US-downgrade + EU debt,-0.014146659523248672,-1,-0.009891687892377377,-1,0.009891687892377377,-0.029813229804858565,,,,1,98.91687892377377,0.020438268780708313,0.021994922310113907,-0.014146659523248672,-0.6382412654649806
2011-12-19,fold_2,2011 US-downgrade + EU debt,-0.00462496280670166,-1,0.029208188876509666,1,-0.029208188876509666,-0.05902141868136823,,,,0,-292.08188876509666,0.027601387351751328,0.03560950607061386,-0.00462496280670166,1.8771779916831859
2011-12-20,fold_2,2011 US-downgrade + EU debt,-0.013423055410385132,-1,-0.014407109469175339,-1,0.014407109469175339,-0.04461430921219289,,,,1,144.0710946917534,-0.006662886589765549,-0.005223233252763748,-0.013423055410385132,-0.8831967265206787
2011-12-21,fold_2,2011 US-downgrade + EU debt,-0.02034478262066841,-1,0.008489210158586502,1,-0.008489210158586502,-0.053103519370779395,,,,0,-84.89210158586502,-0.01035466231405735,0.016353648155927658,-0.02034478262066841,0.5110574939016249
2011-12-22,fold_2,2011 US-downgrade + EU debt,-0.016992975026369095,-1,0.008596319705247879,1,-0.008596319705247879,-0.061699839076027274,,,,0,-85.96319705247879,-0.016242321580648422,0.005002554971724749,-0.016992975026369095,0.5399180228938677
2011-12-23,fold_2,2011 US-downgrade + EU debt,-0.017008010298013687,-1,0.0037228951696306467,1,-0.0037228951696306467,-0.06542273424565792,,,,0,-37.22895169630647,-0.011437678709626198,0.015389706939458847,-0.017008010298013687,0.23349997107919782
2011-12-27,fold_2,2011 US-downgrade + EU debt,-0.01958058774471283,-1,-0.011624548584222794,-1,0.011624548584222794,-0.05379818566143513,,,,1,116.24548584222794,-0.015936829149723053,0.015876110643148422,-0.01958058774471283,-0.8294704762865347
2011-12-28,fold_2,2011 US-downgrade + EU debt,-0.026650357991456985,-1,0.007169771008193493,1,-0.007169771008193493,-0.06096795666962862,,,,0,-71.69771008193493,-0.01671004109084606,0.03569252789020538,-0.026650357991456985,0.5054421435318919
2011-12-29,fold_2,2011 US-downgrade + EU debt,-0.027209293097257614,-1,-0.002861881861463189,-1,0.002861881861463189,-0.05810607480816543,,,,1,28.61881861463189,-0.026792075484991074,0.03198814019560814,-0.027209293097257614,-0.24368794404464716
2011-12-30,fold_2,2011 US-downgrade + EU debt,-0.02279793471097946,-1,0.018983472138643265,1,-0.018983472138643265,-0.0770895469468087,,,,0,-189.83472138643265,-0.000507064163684845,0.03155828267335892,-0.02279793471097946,1.6280766304793013
2012-01-03,fold_2,2011 US-downgrade + EU debt,-0.013140790164470673,-1,0.004209298174828291,1,-0.004209298174828291,-0.08129884512163699,,,,0,-42.09298174828291,0.010219376534223557,0.019837142899632454,-0.013140790164470673,0.3396611501012018
2012-01-04,fold_2,2011 US-downgrade + EU debt,-0.011259682476520538,-1,0.008191867731511593,1,-0.008191867731511593,-0.08949071285314858,,,,0,-81.91867731511593,0.01988816261291504,0.01769336871802807,-0.011259682476520538,0.672157943262196
2012-01-05,fold_2,2011 US-downgrade + EU debt,-0.010372456163167953,-1,0.0034653828479349613,1,-0.0034653828479349613,-0.09295609570108354,,,,0,-34.65382847934961,0.008762773126363754,0.01344839483499527,-0.010372456163167953,0.28154617876989074
2012-01-06,fold_2,2011 US-downgrade + EU debt,-0.009903255850076675,-1,-0.0032917384523898363,-1,0.0032917384523898363,-0.0896643572486937,,,,1,32.91738452389836,0.02301277592778206,0.00638009374961257,-0.009903255850076675,-0.26690995994171485
2012-01-09,fold_2,2011 US-downgrade + EU debt,-0.01399809867143631,-1,0.0072623323649168015,1,-0.0072623323649168015,-0.0969266896136105,,,,0,-72.62332364916801,0.010645464062690735,0.018740149214863777,-0.01399809867143631,0.6176430054681394
2012-01-10,fold_2,2011 US-downgrade + EU debt,-0.014064386487007141,-1,0.0020655242260545492,1,-0.0020655242260545492,-0.09899221383966506,,,,0,-20.655242260545492,0.005035758018493652,0.024675680324435234,-0.014064386487007141,0.18240113183113085
2012-01-11,fold_2,2011 US-downgrade + EU debt,-0.014230858534574509,-1,0.003946894314140081,1,-0.003946894314140081,-0.10293910815380514,,,,0,-39.468943141400814,-0.00035161152482032776,0.028810633346438408,-0.014230858534574509,0.3572210027434997
2012-01-12,fold_2,2011 US-downgrade + EU debt,-0.0126241035759449,-1,-0.0036029184702783823,-1,0.0036029184702783823,-0.09933618968352675,,,,1,36.02918470278382,0.00014453008770942688,0.023359356448054314,-0.0126241035759449,-0.33345716869875647
2012-01-13,fold_2,2011 US-downgrade + EU debt,-0.01143663004040718,-1,0.009068316780030727,1,-0.009068316780030727,-0.10840450646355748,,,,0,-90.68316780030727,0.0019546188414096832,0.027296697720885277,-0.01143663004040718,0.8848621991021048
2012-01-17,fold_2,2011 US-downgrade + EU debt,-0.009176798164844513,-1,0.013197863474488258,1,-0.013197863474488258,-0.12160236993804574,,,,0,-131.97863474488258,0.006452430039644241,0.01638673059642315,-0.009176798164844513,1.2654933739685277
2012-01-18,fold_2,2011 US-downgrade + EU debt,-0.010290473699569702,-1,0.006200478412210941,1,-0.006200478412210941,-0.12780284835025668,,,,0,-62.00478412210941,0.00492066890001297,0.015677636489272118,-0.010290473699569702,0.5753151595477494
2012-01-19,fold_2,2011 US-downgrade + EU debt,-0.010925132781267166,-1,-0.0015043833991512656,-1,0.0015043833991512656,-0.12629846495110542,,,,1,15.043833991512656,0.004437912255525589,0.005996078252792358,-0.010925132781267166,-0.14140463209322943
2012-01-20,fold_2,2011 US-downgrade + EU debt,-0.010292436927556992,-1,0.0003344228898640722,1,-0.0003344228898640722,-0.1266328878409695,,,,0,-3.344228898640722,0.009547978639602661,0.010485036298632622,-0.010292436927556992,0.039788999324111236
2012-01-23,fold_2,2011 US-downgrade + EU debt,-0.010288521647453308,-1,-0.001841651159338653,-1,0.001841651159338653,-0.12479123668163083,,,,1,18.41651159338653,0.0070289671421051025,0.010978174395859241,-0.010288521647453308,-0.23722331805890484
2012-01-24,fold_2,2011 US-downgrade + EU debt,-0.01062558963894844,-1,0.012488769367337227,1,-0.012488769367337227,-0.13728000604896806,,,,0,-124.88769367337227,0.004119515419006348,0.014142458327114582,-0.01062558963894844,1.6565615210635705
2012-01-25,fold_2,2011 US-downgrade + EU debt,-0.008075620979070663,-1,-0.0034810793586075306,-1,0.0034810793586075306,-0.13379892669036053,,,,1,34.810793586075306,0.00844600424170494,0.009716147556900978,-0.008075620979070663,-0.44592694704213065
2012-01-26,fold_2,2011 US-downgrade + EU debt,-0.009309425950050354,-1,0.0029845747631043196,1,-0.0029845747631043196,-0.13678350145346485,,,,0,-29.845747631043196,0.003022521734237671,0.01630597747862339,-0.009309425950050354,0.38259811683906547
2012-01-27,fold_2,2011 US-downgrade + EU debt,-0.009423434734344482,-1,0.000827561307232827,1,-0.000827561307232827,-0.13761106276069768,,,,0,-8.27561307232827,0.0044417716562747955,0.026951424777507782,-0.009423434734344482,0.11205640185162051
2012-01-30,fold_2,2011 US-downgrade + EU debt,-0.012050077319145203,-1,0.0013226325390860438,1,-0.0013226325390860438,-0.13893369529978372,,,,0,-13.226325390860438,0.0009883977472782135,0.025317996740341187,-0.012050077319145203,0.18340650606887668
2012-01-31,fold_2,2011 US-downgrade + EU debt,-0.012156754732131958,-1,0.008062458597123623,1,-0.008062458597123623,-0.14699615389690734,,,,0,-80.62458597123623,0.008052535355091095,0.026089711114764214,-0.012156754732131958,1.1214809968773007
2012-02-01,fold_2,2011 US-downgrade + EU debt,-0.010260172188282013,-1,0.003108750795945525,1,-0.003108750795945525,-0.15010490469285287,,,,0,-31.08750795945525,-0.0008898340165615082,0.023324616253376007,-0.010260172188282013,0.5116638443727852
2012-02-02,fold_2,2011 US-downgrade + EU debt,-0.010857198387384415,-1,0.01363002136349678,1,-0.01363002136349678,-0.16373492605634965,,,,0,-136.3002136349678,-0.0022301319986581802,0.027394801378250122,-0.010857198387384415,2.2556782061599634
2012-02-03,fold_2,2011 US-downgrade + EU debt,-0.011661827564239502,-1,-0.0008058656821958721,-1,0.0008058656821958721,-0.16292906037415378,,,,1,8.05865682195872,0.0002579502761363983,0.006745867431163788,-0.011661827564239502,-0.12369304079839814
2012-02-06,fold_2,2011 US-downgrade + EU debt,-0.011380273848772049,-1,0.0020943458657711744,1,-0.0020943458657711744,-0.16502340623992495,,,,0,-20.943458657711744,0.001014113426208496,0.01679355278611183,-0.011380273848772049,0.3236356149482816
2012-02-07,fold_2,2011 US-downgrade + EU debt,-0.010440539568662643,-1,0.005297363270074129,1,-0.005297363270074129,-0.17032076950999908,,,,0,-52.97363270074129,0.0014443397521972656,0.01723337359726429,-0.010440539568662643,0.8217622714312218
2012-02-08,fold_2,2011 US-downgrade + EU debt,-0.010383591055870056,-1,0.0071789356879889965,1,-0.0071789356879889965,-0.17749970519798808,,,,0,-71.78935687988997,-0.0009435564279556274,0.004950869362801313,-0.010383591055870056,1.130556543370586
2012-02-09,fold_2,2011 US-downgrade + EU debt,-0.011572059243917465,-1,-0.007018911652266979,-1,0.007018911652266979,-0.1704807935457211,,,,1,70.18911652266979,-0.002080898731946945,0.01137989480048418,-0.011572059243917465,-1.074317083326856
2012-02-10,fold_2,2011 US-downgrade + EU debt,-0.010557547211647034,-1,0.009241819381713867,1,-0.009241819381713867,-0.17972261292743497,,,,0,-92.41819381713867,-0.003541901707649231,0.015250276774168015,-0.010557547211647034,1.3874465085316885
2012-02-13,fold_2,2011 US-downgrade + EU debt,-0.01268918439745903,-1,0.00253416714258492,1,-0.00253416714258492,-0.18225678007001989,,,,0,-25.3416714258492,-0.00324048288166523,0.00884240958839655,-0.01268918439745903,0.3658105560002509
2012-02-14,fold_2,2011 US-downgrade + EU debt,-0.013697706162929535,-1,-0.006985141430050135,-1,0.006985141430050135,-0.17527163863996975,,,,1,69.85141430050135,-0.00907859392464161,0.001738892518915236,-0.013697706162929535,-1.0506623351197235
2012-02-15,fold_2,2011 US-downgrade + EU debt,-0.014814633876085281,-1,0.013607961125671864,1,-0.013607961125671864,-0.18887959976564161,,,,0,-136.07961125671864,-0.010514220222830772,0.015335114672780037,-0.014814633876085281,2.209520931384703
2012-02-16,fold_2,2011 US-downgrade + EU debt,-0.01322217658162117,-1,-0.003148529212921858,-1,0.003148529212921858,-0.18573107055271976,,,,1,31.48529212921858,-0.012866521254181862,0.005172334145754576,-0.01322217658162117,-0.4679680087542468
2012-02-17,fold_2,2011 US-downgrade + EU debt,-0.012349948287010193,-1,0.0028339524287730455,1,-0.0028339524287730455,-0.1885650229814928,,,,0,-28.339524287730455,-0.0046081263571977615,0.009727438911795616,-0.012349948287010193,0.41944385103734144
2012-02-21,fold_2,2011 US-downgrade + EU debt,-0.013048287481069565,-1,-0.004569350276142359,-1,0.004569350276142359,-0.18399567270535044,,,,1,45.69350276142359,-0.007587265223264694,0.016990341246128082,-0.013048287481069565,-0.6733801069912754
2012-02-22,fold_2,2011 US-downgrade + EU debt,-0.012103412300348282,-1,0.006611080374568701,1,-0.006611080374568701,-0.19060675307991914,,,,0,-66.11080374568701,-0.013380732387304306,0.01706789620220661,-0.012103412300348282,0.9651470783620054
2012-02-23,fold_2,2011 US-downgrade + EU debt,-0.010679587721824646,-1,0.003445180831477046,1,-0.003445180831477046,-0.1940519339113962,,,,0,-34.45180831477046,-0.007880298420786858,0.018343226984143257,-0.010679587721824646,0.5360447494646549
2012-02-24,fold_2,2011 US-downgrade + EU debt,-0.011519365012645721,-1,0.001406575320288539,1,-0.001406575320288539,-0.19545850923168473,,,,0,-14.06575320288539,-0.008284172043204308,0.014127819798886776,-0.011519365012645721,0.21888569425971233
2012-02-27,fold_2,2011 US-downgrade + EU debt,-0.011906489729881287,-1,0.010096855461597443,1,-0.010096855461597443,-0.20555536469328217,,,,0,-100.96855461597443,-0.010201232507824898,0.002339030848816037,-0.011906489729881287,1.5778658998156045
2012-02-28,fold_2,2011 US-downgrade + EU debt,-0.011515703052282333,-1,-0.004491796251386404,-1,0.004491796251386404,-0.20106356844189577,,,,1,44.91796251386404,-0.005561387166380882,-0.01761925034224987,-0.011515703052282333,-0.662199871345816
2012-02-29,fold_2,2011 US-downgrade + EU debt,-0.01180950552225113,-1,0.007886411622166634,1,-0.007886411622166634,-0.2089499800640624,,,,0,-78.86411622166634,-0.00950978510081768,-0.005449074786156416,-0.01180950552225113,1.151179852539622
2012-03-01,fold_2,2011 US-downgrade + EU debt,-0.012294545769691467,-1,-0.0007702261791564524,-1,0.0007702261791564524,-0.20817975388490595,,,,1,7.702261791564524,-0.010197661817073822,-0.0026220991276204586,-0.012294545769691467,-0.1125984819999919
2012-03-02,fold_2,2011 US-downgrade + EU debt,-0.01462230458855629,-1,-0.0103822136297822,-1,0.0103822136297822,-0.19779754025512375,,,,1,103.822136297822,-0.013199012726545334,0.0023094317875802517,-0.01462230458855629,-1.5251736877537474
2012-03-05,fold_2,2011 US-downgrade + EU debt,-0.020921073853969574,-1,-0.009861424565315247,-1,0.009861424565315247,-0.1879361156898085,,,,1,98.61424565315247,-0.018299143761396408,0.013153144158422947,-0.020921073853969574,-1.5137589597575667
2012-03-06,fold_2,2011 US-downgrade + EU debt,-0.013246998190879822,-1,0.007678378373384476,1,-0.007678378373384476,-0.19561449406319298,,,,0,-76.78378373384476,0.00037039443850517273,0.04144495725631714,-0.013246998190879822,1.1168153240786654
2012-03-07,fold_2,2011 US-downgrade + EU debt,-0.018210362643003464,-1,0.010713387280702591,1,-0.010713387280702591,-0.20632788134389557,,,,0,-107.13387280702591,-0.005804244428873062,0.037231557071208954,-0.018210362643003464,1.5151388808677082
2012-03-08,fold_2,2011 US-downgrade + EU debt,-0.018483202904462814,-1,0.004161304794251919,1,-0.004161304794251919,-0.2104891861381475,,,,0,-41.61304794251919,-0.02384912595152855,0.029371794313192368,-0.018483202904462814,0.5645424096506517
2012-03-09,fold_2,2011 US-downgrade + EU debt,-0.008983153849840164,-1,0.0004614990612026304,1,-0.0004614990612026304,-0.21095068519935012,,,,0,-4.614990612026304,-0.009707678109407425,0.024503981694579124,-0.008983153849840164,0.06361889606810102
2012-03-12,fold_2,2011 US-downgrade + EU debt,-0.015460968017578125,-1,0.01843038946390152,1,-0.01843038946390152,-0.22938107466325164,,,,0,-184.3038946390152,-0.017252158373594284,0.03108314424753189,-0.015460968017578125,2.602040314567907
2012-03-13,fold_2,2011 US-downgrade + EU debt,-0.010768774896860123,-1,0.0034649777226150036,1,-0.0034649777226150036,-0.23284605238586664,,,,0,-34.649777226150036,-0.0017181970179080963,0.01444236095994711,-0.010768774896860123,0.43695195041424706
2012-03-14,fold_2,2011 US-downgrade + EU debt,-0.01018257811665535,-1,0.0028536233585327864,1,-0.0028536233585327864,-0.23569967574439943,,,,0,-28.536233585327864,-0.004921291023492813,0.011126581579446793,-0.01018257811665535,0.35906071161865233
2012-03-15,fold_2,2011 US-downgrade + EU debt,-0.011322509497404099,-1,-0.0007065081736072898,-1,0.0007065081736072898,-0.23499316757079214,,,,1,7.065081736072898,-0.006294388324022293,0.006184988189488649,-0.011322509497404099,-0.09036301955303956
2012-03-16,fold_2,2011 US-downgrade + EU debt,-0.010663922876119614,-1,0.007040662225335836,1,-0.007040662225335836,-0.24203382979612797,,,,0,-70.40662225335836,-0.003457333892583847,0.006294159684330225,-0.010663922876119614,0.9773428193550118
2012-03-19,fold_2,2011 US-downgrade + EU debt,-0.009086474776268005,-1,0.0017896058270707726,1,-0.0017896058270707726,-0.24382343562319875,,,,0,-17.896058270707726,0.0007924586534500122,0.016580747440457344,-0.009086474776268005,0.24380827020648896
2012-03-20,fold_2,2011 US-downgrade + EU debt,-0.010486837476491928,-1,0.0001491978910053149,1,-0.0001491978910053149,-0.24397263351420406,,,,0,-1.4919789100531489,-0.004767030477523804,0.01625809818506241,-0.010486837476491928,0.020371779229221194
2012-03-21,fold_2,2011 US-downgrade + EU debt,-0.009633325040340424,-1,-0.002087969798594713,-1,0.002087969798594713,-0.24188466371560935,,,,1,20.879697985947132,-0.011590050533413887,0.01214273739606142,-0.009633325040340424,-0.2879080999137984
2012-03-22,fold_2,2011 US-downgrade + EU debt,-0.011864084750413895,-1,-0.0005973368533886969,-1,0.0005973368533886969,-0.24128732686222065,,,,1,5.973368533886969,-0.01000833511352539,0.010396905243396759,-0.011864084750413895,-0.0839512847838132
2012-03-23,fold_2,2011 US-downgrade + EU debt,-0.01400025561451912,-1,0.01732725091278553,1,-0.01732725091278553,-0.2586145777750062,,,,0,-173.2725091278553,-0.008385712280869484,0.009071050211787224,-0.01400025561451912,2.4491804812367133
2012-03-26,fold_2,2011 US-downgrade + EU debt,-0.012726090848445892,-1,0.001466956571675837,1,-0.001466956571675837,-0.260081534346682,,,,0,-14.66956571675837,-0.008612062782049179,0.0020533644128590822,-0.012726090848445892,0.18200350488989153
2012-03-27,fold_2,2011 US-downgrade + EU debt,-0.013028040528297424,-1,-0.003966162912547588,-1,0.003966162912547588,-0.25611537143413443,,,,1,39.66162912547588,-0.011906318366527557,0.0002936256059911102,-0.013028040528297424,-0.5121378390983127
2012-03-28,fold_2,2011 US-downgrade + EU debt,-0.01276673749089241,-1,-0.0038338019512593746,-1,0.0038338019512593746,-0.25228156948287506,,,,1,38.338019512593746,-0.010431261733174324,-0.0094646867364645,-0.01276673749089241,-0.49596645392931077
2012-03-29,fold_2,2011 US-downgrade + EU debt,-0.013466130942106247,-1,-0.001923191943205893,-1,0.001923191943205893,-0.25035837753966916,,,,1,19.23191943205893,-0.01891550049185753,0.000590998271945864,-0.013466130942106247,-0.2538937655513964
2014-03-28,fold_3,Taper tantrum and 2014 H1,-0.00556303933262825,-1,0.0070972987450659275,1,-0.0070972987450659275,-0.0070972987450659275,,,,0,-70.97298745065928,0.011371824890375137,-0.007842288352549076,-0.00556303933262825,0.9060127079641355
2014-03-31,fold_3,Taper tantrum and 2014 H1,-0.023780956864356995,-1,0.017413048073649406,1,-0.017413048073649406,-0.024510346818715334,,,,0,-174.13048073649406,0.024988628923892975,-0.0244788508862257,-0.023780956864356995,2.2274561662872308
2014-04-01,fold_3,Taper tantrum and 2014 H1,-0.014582231640815735,-1,0.0025748794432729483,1,-0.0025748794432729483,-0.027085226261988282,,,,0,-25.748794432729483,0.000984087586402893,-0.03270028531551361,-0.014582231640815735,0.31157741244076076
2014-04-02,fold_3,Taper tantrum and 2014 H1,-0.01128847524523735,-1,-0.007969930768013,-1,0.007969930768013,-0.01911529549397528,,,,1,79.69930768013,-0.006244560703635216,-0.018278267234563828,-0.01128847524523735,-0.9647420670863133
2014-04-03,fold_3,Taper tantrum and 2014 H1,-0.015782326459884644,-1,-0.02695758268237114,-1,0.02695758268237114,0.007842287188395858,,,,1,269.5758268237114,-0.00995231606066227,-0.04177101328969002,-0.015782326459884644,-3.1906397371676727
2014-04-04,fold_3,Taper tantrum and 2014 H1,-0.011039197444915771,-1,-0.009539262391626835,-1,0.009539262391626835,0.017381549580022693,,,,1,95.39262391626835,0.0028861723840236664,-0.026514969766139984,-0.011039197444915771,-0.9243960077394551
2014-04-07,fold_3,Taper tantrum and 2014 H1,-0.007859203964471817,-1,0.009191613644361496,1,-0.009191613644361496,0.008189935935661197,,,,0,-91.91613644361496,0.008268967270851135,-0.00915968231856823,-0.007859203964471817,0.8724212064864433
2014-04-08,fold_3,Taper tantrum and 2014 H1,-0.00909925252199173,-1,0.016996895894408226,1,-0.016996895894408226,-0.00880695995874703,,,,0,-169.96895894408226,0.012293651700019836,-0.015053289011120796,-0.00909925252199173,1.5898401667635498
2014-04-09,fold_3,Taper tantrum and 2014 H1,-0.00503331795334816,-1,-0.03146267682313919,-1,0.03146267682313919,0.02265571686439216,,,,1,314.6267682313919,0.028340574353933334,-0.018851255998015404,-0.00503331795334816,-2.7805663507372933
2014-04-10,fold_3,Taper tantrum and 2014 H1,-0.007072199136018753,-1,-0.01170154195278883,-1,0.01170154195278883,0.03435725881718099,,,,1,117.0154195278883,0.012660741806030273,0.012843403033912182,-0.007072199136018753,-0.9044168442628483
2014-04-11,fold_3,Taper tantrum and 2014 H1,-0.009650461375713348,-1,0.007816024124622345,1,-0.007816024124622345,0.026541234692558646,,,,0,-78.16024124622345,0.005764950066804886,0.031941864639520645,-0.009650461375713348,0.5961510368720718
2014-04-14,fold_3,Taper tantrum and 2014 H1,-0.008453883230686188,-1,0.0032980076503008604,1,-0.0032980076503008604,0.023243227042257786,,,,0,-32.980076503008604,0.014772526919841766,0.0320403128862381,-0.008453883230686188,0.25212227676228055
2014-04-15,fold_3,Taper tantrum and 2014 H1,-0.00923452153801918,-1,0.013198929838836193,1,-0.013198929838836193,0.010044297203421593,,,,0,-131.98929838836193,0.022150162607431412,0.01990613155066967,-0.00923452153801918,1.029239149505944
2014-04-16,fold_3,Taper tantrum and 2014 H1,-0.009098239243030548,-1,0.0002319830673513934,1,-0.0002319830673513934,0.0098123141360702,,,,0,-2.319830673513934,0.019474394619464874,0.016228817403316498,-0.009098239243030548,0.017704409515367756
2014-04-17,fold_3,Taper tantrum and 2014 H1,-0.01598912850022316,-1,0.007396920118480921,1,-0.007396920118480921,0.0024153940175892785,,,,0,-73.96920118480921,0.003957744687795639,-0.00011613046081038192,-0.01598912850022316,0.5651443196261554
2014-04-21,fold_3,Taper tantrum and 2014 H1,-0.011409126222133636,-1,0.007914471440017223,1,-0.007914471440017223,-0.005499077422427945,,,,0,-79.14471440017223,-0.002248849719762802,-0.004269872326403856,-0.011409126222133636,0.6129573868021266
2014-04-22,fold_3,Taper tantrum and 2014 H1,-0.009331408888101578,-1,-0.008836171589791775,-1,0.008836171589791775,0.00333709416736383,,,,1,88.36171589791775,0.0011916346848011017,-0.004236620385199785,-0.009331408888101578,-0.685870461320646
2014-04-23,fold_3,Taper tantrum and 2014 H1,-0.006563227623701096,-1,0.009521614760160446,1,-0.009521614760160446,-0.006184520592796616,,,,0,-95.21614760160446,0.0008143335580825806,0.007235391531139612,-0.006563227623701096,0.7316941727822702
2014-04-24,fold_3,Taper tantrum and 2014 H1,-0.008339833468198776,-1,-0.01611296460032463,-1,0.01611296460032463,0.009928444007528014,,,,1,161.1296460032463,0.003893014043569565,0.0006843045121058822,-0.008339833468198776,-1.252605071352228
2014-04-25,fold_3,Taper tantrum and 2014 H1,-0.00824328139424324,-1,0.0032431783620268106,1,-0.0032431783620268106,0.006685265645501204,,,,0,-32.43178362026811,0.020840946584939957,0.01497045811265707,-0.00824328139424324,0.2438609425001167
2014-04-28,fold_3,Taper tantrum and 2014 H1,-0.02770495042204857,-1,0.00794772244989872,1,-0.00794772244989872,-0.001262456804397516,,,,0,-79.4772244989872,0.004607990384101868,0.016970984637737274,-0.02770495042204857,0.5970399685811895
2014-04-29,fold_3,Taper tantrum and 2014 H1,-0.036662641912698746,-1,0.0026358403265476227,1,-0.0026358403265476227,-0.0038982971309451386,,,,0,-26.358403265476227,0.026003126055002213,-0.004023039247840643,-0.036662641912698746,0.19765020906525657
2014-04-30,fold_3,Taper tantrum and 2014 H1,0.007188817486166954,1,0.002970527159050107,1,0.002970527159050107,-0.0009277699718950316,,,,1,29.70527159050107,0.006648991256952286,-0.00954312551766634,0.007188817486166954,0.2326464559028697
2014-05-01,fold_3,Taper tantrum and 2014 H1,-0.010995864868164062,-1,-0.0018268103012815118,-1,0.0018268103012815118,0.0008990403293864802,,,,1,18.268103012815118,0.010002650320529938,-0.013438626192510128,-0.010995864868164062,-0.14302445624634064
2014-05-02,fold_3,Taper tantrum and 2014 H1,-0.013899777084589005,-1,0.005243705119937658,1,-0.005243705119937658,-0.004344664790551178,,,,0,-52.43705119937658,-0.0017848610877990723,-0.007918200455605984,-0.013899777084589005,0.41437903964715017
2014-05-05,fold_3,Taper tantrum and 2014 H1,-0.010610837489366531,-1,-0.013046301901340485,-1,0.013046301901340485,0.008701637110789306,,,,1,130.46301901340485,-0.004070185124874115,0.003178476123139262,-0.010610837489366531,-1.1660932572157228
2014-05-06,fold_3,Taper tantrum and 2014 H1,-0.006927371025085449,-1,-0.002884245477616787,-1,0.002884245477616787,0.011585882588406093,,,,1,28.84245477616787,0.02394888922572136,0.016904594376683235,-0.006927371025085449,-0.25381310969980364
2014-05-07,fold_3,Taper tantrum and 2014 H1,-0.01637190580368042,-1,-0.0009249738068319857,-1,0.0009249738068319857,0.012510856395238079,,,,1,9.249738068319857,0.03099437803030014,0.01456519030034542,-0.01637190580368042,-0.08262502824968634
2014-05-08,fold_3,Taper tantrum and 2014 H1,-0.010182458907365799,-1,0.003693615784868598,1,-0.003693615784868598,0.008817240610369481,,,,0,-36.93615784868598,0.007141727954149246,0.00760283088311553,-0.010182458907365799,0.3507050202758788
2014-05-09,fold_3,Taper tantrum and 2014 H1,-0.004802923649549484,-1,0.016340382397174835,1,-0.016340382397174835,-0.007523141786805354,,,,0,-163.40382397174835,0.03449539095163345,0.010429514572024345,-0.004802923649549484,2.073398925339283
2014-05-12,fold_3,Taper tantrum and 2014 H1,-0.009861156344413757,-1,0.0006798167596571147,1,-0.0006798167596571147,-0.008202958546462469,,,,0,-6.798167596571147,0.003922771662473679,0.0010198835516348481,-0.009861156344413757,0.08207038410880037
2014-05-13,fold_3,Taper tantrum and 2014 H1,-0.01056797057390213,-1,-0.005223650485277176,-1,0.005223650485277176,-0.002979308061185293,,,,1,52.23650485277176,0.0022492259740829468,-0.00328986463136971,-0.01056797057390213,-0.6450313470035096
2014-05-14,fold_3,Taper tantrum and 2014 H1,-0.012221608310937881,-1,-0.007887332700192928,-1,0.007887332700192928,0.004908024639007635,,,,1,78.87332700192928,-0.0007957592606544495,0.011433972977101803,-0.012221608310937881,-0.9679146831549944
2014-05-15,fold_3,Taper tantrum and 2014 H1,-0.029399055987596512,-1,0.006520299706608057,1,-0.006520299706608057,-0.0016122750676004216,,,,0,-65.20299706608057,0.01753513142466545,0.023701516911387444,-0.029399055987596512,0.8361923425833073
2014-05-16,fold_3,Taper tantrum and 2014 H1,0.00156431645154953,1,0.0069307503290474415,1,0.0069307503290474415,0.00531847526144702,,,,1,69.30750329047441,0.023262687027454376,0.02443923056125641,0.00156431645154953,0.8737077739859721
2014-05-19,fold_3,Taper tantrum and 2014 H1,-0.015082493424415588,-1,-0.0036299314815551043,-1,0.0036299314815551043,0.008948406743002124,,,,1,36.29931481555104,0.004449781030416489,0.029892729595303535,-0.015082493424415588,-0.45881738372934977
2014-05-20,fold_3,Taper tantrum and 2014 H1,-0.013471662998199463,-1,0.009500186890363693,1,-0.009500186890363693,-0.0005517801473615691,,,,0,-95.00186890363693,0.0004934333264827728,0.03044099360704422,-0.013471662998199463,1.225258190591561
2014-05-21,fold_3,Taper tantrum and 2014 H1,-0.007482793182134628,-1,0.004380210768431425,1,-0.004380210768431425,-0.004931990915792994,,,,0,-43.80210768431425,0.010680031031370163,0.027313604950904846,-0.007482793182134628,0.5620858252523185
2014-05-22,fold_3,Taper tantrum and 2014 H1,-0.010837223380804062,-1,0.007258014287799597,1,-0.007258014287799597,-0.012190005203592591,,,,0,-72.58014287799597,0.005574919283390045,0.023042934015393257,-0.010837223380804062,0.9600542360580507
2014-05-23,fold_3,Taper tantrum and 2014 H1,-0.011116214096546173,-1,0.012384248897433281,1,-0.012384248897433281,-0.024574254101025872,,,,0,-123.84248897433281,0.006596393883228302,0.014798999764025211,-0.011116214096546173,1.8101637895137987
2014-05-27,fold_3,Taper tantrum and 2014 H1,-0.010529797524213791,-1,-0.0030816674698144197,-1,0.0030816674698144197,-0.021492586631211452,,,,1,30.816674698144197,0.007134892046451569,0.0019759966526180506,-0.010529797524213791,-0.4195607894926704
2014-05-28,fold_3,Taper tantrum and 2014 H1,-0.011010050773620605,-1,0.006372798699885607,1,-0.006372798699885607,-0.02786538533109706,,,,0,-63.72798699885607,-0.00019749626517295837,0.008779807947576046,-0.011010050773620605,0.8900581927586882
2014-05-29,fold_3,Taper tantrum and 2014 H1,-0.01110948994755745,-1,0.00010953944001812488,1,-0.00010953944001812488,-0.027974924771115184,,,,0,-1.0953944001812488,0.0007282532751560211,0.010785252787172794,-0.01110948994755745,0.015053706886225565
2014-05-30,fold_3,Taper tantrum and 2014 H1,-0.01157841831445694,-1,-0.0009859201963990927,-1,0.0009859201963990927,-0.02698900457471609,,,,1,9.859201963990927,0.002129167318344116,0.01640191674232483,-0.01157841831445694,-0.13605960599780215
2014-06-02,fold_3,Taper tantrum and 2014 H1,-0.010383229702711105,-1,-0.00043875392293557525,-1,0.00043875392293557525,-0.026550250651780516,,,,1,4.3875392293557525,0.003173835575580597,0.016633290797472,-0.010383229702711105,-0.060617508986671356
2014-06-03,fold_3,Taper tantrum and 2014 H1,-0.010298475623130798,-1,0.003722143592312932,1,-0.003722143592312932,-0.030272394244093448,,,,0,-37.22143592312932,0.005585826933383942,0.018795523792505264,-0.010298475623130798,0.52107920808085
2014-06-04,fold_3,Taper tantrum and 2014 H1,-0.009399276226758957,-1,0.008378244005143642,1,-0.008378244005143642,-0.03865063824923709,,,,0,-83.78244005143642,0.006792053580284119,0.014858423732221127,-0.009399276226758957,1.2746072309545615
2014-06-05,fold_3,Taper tantrum and 2014 H1,-0.00917872041463852,-1,0.005726202856749296,1,-0.005726202856749296,-0.04437684110598639,,,,0,-57.26202856749296,0.00804172083735466,-0.002603821223601699,-0.00917872041463852,0.841536314923747
2014-06-06,fold_3,Taper tantrum and 2014 H1,-0.009865142405033112,-1,-0.0007545453845523298,-1,0.0007545453845523298,-0.04362229572143406,,,,1,7.545453845523298,0.006507422775030136,-0.005401598289608955,-0.009865142405033112,-0.1090258095653863
2014-06-09,fold_3,Taper tantrum and 2014 H1,-0.009753286838531494,-1,0.0017234788974747062,1,-0.0017234788974747062,-0.04534577461890876,,,,0,-17.23478897474706,0.004549115896224976,-0.0037802942097187042,-0.009753286838531494,0.2507459024618815
2014-06-10,fold_3,Taper tantrum and 2014 H1,-0.010255992412567139,-1,-0.00021495713735930622,-1,0.00021495713735930622,-0.04513081748154946,,,,1,2.149571373593062,0.004218682646751404,-0.004963437560945749,-0.010255992412567139,-0.036842175568203905
2014-06-11,fold_3,Taper tantrum and 2014 H1,-0.009511373937129974,-1,-0.009084000252187252,-1,0.009084000252187252,-0.036046817229362205,,,,1,90.84000252187252,0.0016733482480049133,0.0008610818767920136,-0.009511373937129974,-1.557411019774264
2014-06-12,fold_3,Taper tantrum and 2014 H1,-0.00999639555811882,-1,0.0029284260235726833,1,-0.0029284260235726833,-0.03897524325293489,,,,0,-29.284260235726833,-0.004144502803683281,0.009298957884311676,-0.00999639555811882,0.48285032094804403
2014-06-13,fold_3,Taper tantrum and 2014 H1,-0.008248355239629745,-1,0.0008667586953379214,1,-0.0008667586953379214,-0.03984200194827281,,,,0,-8.667586953379214,0.0016142167150974274,0.007546482607722282,-0.008248355239629745,0.1484276600289527
2014-06-16,fold_3,Taper tantrum and 2014 H1,-0.00946912169456482,-1,0.0005403357790783048,1,-0.0005403357790783048,-0.040382337727351114,,,,0,-5.403357790783048,-0.0018421337008476257,0.006895371712744236,-0.00946912169456482,0.09549964981027752
2014-06-17,fold_3,Taper tantrum and 2014 H1,-0.006501108407974243,-1,0.005609562154859304,1,-0.005609562154859304,-0.04599189988221042,,,,0,-56.095621548593044,0.003819618374109268,0.005384569056332111,-0.006501108407974243,1.0306115744567852
2014-06-18,fold_3,Taper tantrum and 2014 H1,-0.009606041014194489,-1,-0.000646124710328877,-1,0.000646124710328877,-0.04534577517188154,,,,1,6.46124710328877,0.0012314654886722565,0.006119376048445702,-0.009606041014194489,-0.11691776295906459
2014-06-19,fold_3,Taper tantrum and 2014 H1,-0.010862715542316437,-1,0.001175950514152646,1,-0.001175950514152646,-0.04652172568603419,,,,0,-11.75950514152646,-0.003953959792852402,0.007301395758986473,-0.010862715542316437,0.2304085862318534
2014-06-20,fold_3,Taper tantrum and 2014 H1,-0.011220075190067291,-1,0.0002156479167751968,1,-0.0002156479167751968,-0.046737373602809384,,,,0,-2.156479167751968,0.000997886061668396,0.010508253239095211,-0.011220075190067291,0.04299375123078296
2014-06-23,fold_3,Taper tantrum and 2014 H1,-0.010089229792356491,-1,-0.0009704668773338199,-1,0.0009704668773338199,-0.045766906725475565,,,,1,9.704668773338199,0.0011050812900066376,0.011997771449387074,-0.010089229792356491,-0.20447154155560207
2014-06-24,fold_3,Taper tantrum and 2014 H1,-0.008519824594259262,-1,0.006344369146972895,1,-0.006344369146972895,-0.05211127587244846,,,,0,-63.44369146972895,0.00269220769405365,0.023876363411545753,-0.008519824594259262,1.643309511582408
2014-06-25,fold_3,Taper tantrum and 2014 H1,-0.008253738284111023,-1,0.0005358947673812509,1,-0.0005358947673812509,-0.05264717063982971,,,,0,-5.358947673812509,0.0023837387561798096,0.019215893000364304,-0.008253738284111023,0.13215691458243795
2014-06-26,fold_3,Taper tantrum and 2014 H1,-0.011901549994945526,-1,0.00438280776143074,1,-0.00438280776143074,-0.05702997840126045,,,,0,-43.828077614307404,0.000939834862947464,0.024969423189759254,-0.011901549994945526,1.1539035577103673
2014-06-27,fold_3,Taper tantrum and 2014 H1,-0.011305667459964752,-1,0.0017051667673513293,1,-0.0017051667673513293,-0.05873514516861178,,,,0,-17.051667673513293,0.00685545802116394,0.01755196787416935,-0.011305667459964752,0.4347071467681163
2014-06-30,fold_3,Taper tantrum and 2014 H1,-0.011183228343725204,-1,0.010908124968409538,1,-0.010908124968409538,-0.06964327013702132,,,,0,-109.08124968409538,0.002064146101474762,0.0037202120292931795,-0.011183228343725204,2.7721612507452202
2014-07-01,fold_3,Taper tantrum and 2014 H1,-0.010619796812534332,-1,0.0016838997835293412,1,-0.0016838997835293412,-0.07132716992055066,,,,0,-16.838997835293412,0.005677804350852966,0.0002107195177813992,-0.010619796812534332,0.36381104072122655
2014-07-02,fold_3,Taper tantrum and 2014 H1,-0.009950712323188782,-1,0.00628942484036088,1,-0.00628942484036088,-0.07761659476091154,,,,0,-62.8942484036088,0.006080877035856247,-0.0046371459029614925,-0.009950712323188782,1.3766643287193563
2014-07-03,fold_3,Taper tantrum and 2014 H1,-0.01013556495308876,-1,-0.0030346480198204517,-1,0.0030346480198204517,-0.07458194674109109,,,,1,30.346480198204517,0.004835285246372223,-0.004503125324845314,-0.01013556495308876,-0.6900461447877146
2014-07-07,fold_3,Taper tantrum and 2014 H1,-0.010506991297006607,-1,-0.012126589193940163,-1,0.012126589193940163,-0.062455357547150925,,,,1,121.26589193940163,0.00452272966504097,0.004496706649661064,-0.010506991297006607,-2.8455543192125514
2014-07-08,fold_3,Taper tantrum and 2014 H1,-0.0077824220061302185,-1,0.007398632355034351,1,-0.007398632355034351,-0.06985398990218528,,,,0,-73.98632355034351,-0.0010078847408294678,0.013173858635127544,-0.0077824220061302185,1.4655670883826315
2014-07-09,fold_3,Taper tantrum and 2014 H1,-0.006472218781709671,-1,-0.0031639656517654657,-1,0.0031639656517654657,-0.06669002425041981,,,,1,31.639656517654657,0.0020962096750736237,0.00974604208022356,-0.006472218781709671,-0.5971461092102441
2014-07-10,fold_3,Taper tantrum and 2014 H1,-0.00919267162680626,-1,0.006423445418477058,1,-0.006423445418477058,-0.07311346966889687,,,,0,-64.23445418477058,-0.0132620669901371,-0.0004228194011375308,-0.00919267162680626,1.2017025952140485
2014-07-11,fold_3,Taper tantrum and 2014 H1,-0.013571139425039291,-1,0.0059651839546859264,1,-0.0059651839546859264,-0.0790786536235828,,,,0,-59.651839546859264,0.008973602205514908,0.008882122114300728,-0.013571139425039291,1.1585792441699563
2014-07-14,fold_3,Taper tantrum and 2014 H1,-0.010854147374629974,-1,-0.003449437441304326,-1,0.003449437441304326,-0.07562921618227847,,,,1,34.49437441304326,0.0036613643169403076,0.0016677516978234053,-0.010854147374629974,-0.6535234140812817
2014-07-15,fold_3,Taper tantrum and 2014 H1,-0.009288683533668518,-1,0.003970816265791655,1,-0.003970816265791655,-0.07960003244807012,,,,0,-39.708162657916546,0.001887347549200058,0.01145125925540924,-0.009288683533668518,0.7448884330714018
2014-07-16,fold_3,Taper tantrum and 2014 H1,-0.009916719049215317,-1,-0.013332827016711235,-1,0.013332827016711235,-0.06626720543135889,,,,1,133.32827016711235,-0.0014772042632102966,0.013877581804990768,-0.009916719049215317,-2.467743478875805
2014-07-17,fold_3,Taper tantrum and 2014 H1,0.006461933255195618,1,0.015728386119008064,1,0.015728386119008064,-0.050538819312350824,,,,1,157.28386119008064,-0.006835602223873138,0.026078633964061737,0.006461933255195618,2.603183061654549
2014-07-18,fold_3,Taper tantrum and 2014 H1,-0.007833492010831833,-1,-0.0012491863453760743,-1,0.0012491863453760743,-0.04928963296697475,,,,1,12.491863453760743,0.014706321060657501,0.006429646164178848,-0.007833492010831833,-0.17872204598867492
2014-07-21,fold_3,Taper tantrum and 2014 H1,-0.013686992228031158,-1,0.006334070116281509,1,-0.006334070116281509,-0.05562370308325626,,,,0,-63.340701162815094,0.00021982938051223755,0.007989144884049892,-0.013686992228031158,0.9061378421587718
2014-07-22,fold_3,Taper tantrum and 2014 H1,-0.011490821838378906,-1,0.00639713928103447,1,-0.00639713928103447,-0.06202084236429073,,,,0,-63.971392810344696,0.003268476575613022,-0.00010333875979995355,-0.011490821838378906,0.8969545824667564
2014-07-23,fold_3,Taper tantrum and 2014 H1,-0.010154720395803452,-1,-0.0011317766038700938,-1,0.0011317766038700938,-0.060889065760420635,,,,1,11.317766038700938,0.00671057403087616,-0.002574207494035363,-0.010154720395803452,-0.15565918702123097
2014-07-24,fold_3,Taper tantrum and 2014 H1,-0.011726301163434982,-1,-0.003920600283890963,-1,0.003920600283890963,-0.05696846547652967,,,,1,39.206002838909626,-0.000389639288187027,-0.021860044449567795,-0.011726301163434982,-0.5494414230069968
2014-07-25,fold_3,Taper tantrum and 2014 H1,-0.010725121945142746,-1,0.0003103120543528348,1,-0.0003103120543528348,-0.05727877753088251,,,,0,-3.103120543528348,0.011224132031202316,-0.021629933267831802,-0.010725121945142746,0.04316926421390465
2014-07-28,fold_3,Taper tantrum and 2014 H1,-0.016171589493751526,-1,-0.001758413389325142,-1,0.001758413389325142,-0.055520364141557366,,,,1,17.58413389325142,0.003658551722764969,-0.015097670257091522,-0.016171589493751526,-0.24691679954321788
2014-07-29,fold_3,Taper tantrum and 2014 H1,-0.015795942395925522,-1,0.003926270641386509,1,-0.003926270641386509,-0.059446634782943875,,,,0,-39.26270641386509,0.015760350972414017,-0.02102711983025074,-0.015795942395925522,0.5512776424635283
2014-07-30,fold_3,Taper tantrum and 2014 H1,-0.013426553457975388,-1,-0.02041761204600334,-1,0.02041761204600334,-0.03902902273694053,,,,1,204.17612046003342,0.017389725893735886,-0.025693856179714203,-0.013426553457975388,-3.0253746553661913
2014-07-31,fold_3,Taper tantrum and 2014 H1,-0.010297268629074097,-1,-0.003690489800646901,-1,0.003690489800646901,-0.03533853293629363,,,,1,36.90489800646901,0.008450668305158615,-0.008454873226583004,-0.010297268629074097,-0.4534157647166218
2014-08-01,fold_3,Taper tantrum and 2014 H1,-0.010687842965126038,-1,0.0068425750359892845,1,-0.0068425750359892845,-0.042181107972282916,,,,0,-68.42575035989285,0.014788191765546799,0.0024269213899970055,-0.010687842965126038,0.8490340969905606
2014-08-04,fold_3,Taper tantrum and 2014 H1,-0.01200772076845169,-1,-0.007687862496823072,-1,0.007687862496823072,-0.034493245475459844,,,,1,76.87862496823072,0.00815504789352417,0.001467795460484922,-0.01200772076845169,-0.9404013445423478
2014-08-05,fold_3,Taper tantrum and 2014 H1,-0.014029320329427719,-1,-0.0007404669304378331,-1,0.0007404669304378331,-0.03375277854502201,,,,1,7.404669304378331,0.009551331400871277,0.008736382238566875,-0.014029320329427719,-0.0937116027863874
2014-08-06,fold_3,Taper tantrum and 2014 H1,-0.012276004999876022,-1,-0.00317862955853343,-1,0.00317862955853343,-0.03057414898648858,,,,1,31.7862955853343,0.013870611786842346,0.02000616118311882,-0.012276004999876022,-0.41130322963078586
2014-08-07,fold_3,Taper tantrum and 2014 H1,-0.011807277798652649,-1,0.007191305048763752,1,-0.007191305048763752,-0.03776545403525233,,,,0,-71.91305048763752,0.006464846432209015,0.028356796130537987,-0.011807277798652649,0.9304928116568347
2014-08-08,fold_3,Taper tantrum and 2014 H1,-0.017044153064489365,-1,0.005883449222892523,1,-0.005883449222892523,-0.043648903258144855,,,,0,-58.83449222892523,-0.014550266787409782,0.02600216120481491,-0.017044153064489365,0.757958197237931
2014-08-11,fold_3,Taper tantrum and 2014 H1,-0.017658397555351257,-1,-0.0004192753112874925,-1,0.0004192753112874925,-0.04322962794685736,,,,1,4.192753112874925,-0.004524556919932365,0.02778947539627552,-0.017658397555351257,-0.05403648788866629
2014-08-12,fold_3,Taper tantrum and 2014 H1,-0.013612557202577591,-1,0.010529312305152416,1,-0.010529312305152416,-0.05375894025200978,,,,0,-105.29312305152416,-0.006818486377596855,0.03379705175757408,-0.013612557202577591,1.363679603234186
2014-08-13,fold_3,Taper tantrum and 2014 H1,-0.009965527802705765,-1,0.0051720053888857365,1,-0.0051720053888857365,-0.058930945640895516,,,,0,-51.720053888857365,-0.009163124486804008,0.02326774038374424,-0.009965527802705765,0.6446265908960627
2014-08-14,fold_3,Taper tantrum and 2014 H1,-0.011157423257827759,-1,0.004836669657379389,1,-0.004836669657379389,-0.0637676152982749,,,,0,-48.36669657379389,-0.008139429613947868,0.020119888707995415,-0.011157423257827759,0.6416355422554882
2014-08-15,fold_3,Taper tantrum and 2014 H1,-0.009102165699005127,-1,0.007670763414353132,1,-0.007670763414353132,-0.07143837871262804,,,,0,-76.70763414353132,0.0019822493195533752,0.016798965632915497,-0.009102165699005127,1.135661916793589
2014-08-18,fold_3,Taper tantrum and 2014 H1,-0.01092565804719925,-1,0.005588300991803408,1,-0.005588300991803408,-0.07702667970443144,,,,0,-55.88300991803408,0.002228144556283951,0.012655028142035007,-0.01092565804719925,0.8025449421832442
2014-08-19,fold_3,Taper tantrum and 2014 H1,-0.01155388355255127,-1,0.0,0,-0.0,-0.07702667970443144,,,,0,-0.0,-0.00275992788374424,0.008072314783930779,-0.01155388355255127,0.0
2014-08-20,fold_3,Taper tantrum and 2014 H1,-0.010910648852586746,-1,0.0020241537131369114,1,-0.0020241537131369114,-0.07905083341756836,,,,0,-20.241537131369114,-0.0011402443051338196,0.008273630402982235,-0.010910648852586746,0.2984589132808147
2014-08-21,fold_3,Taper tantrum and 2014 H1,-0.011932305991649628,-1,0.0015157470479607582,1,-0.0015157470479607582,-0.08056658046552911,,,,0,-15.157470479607582,0.0001828223466873169,0.005143505055457354,-0.011932305991649628,0.22315366394154962
2014-08-22,fold_3,Taper tantrum and 2014 H1,-0.010142724961042404,-1,0.00352682638913393,1,-0.00352682638913393,-0.08409340685466304,,,,0,-35.2682638913393,0.0027254149317741394,0.007342625875025988,-0.010142724961042404,0.5229497782812355
2014-08-25,fold_3,Taper tantrum and 2014 H1,-0.011275622993707657,-1,0.0010055879829451442,1,-0.0010055879829451442,-0.08509899483760819,,,,0,-10.055879829451442,-0.0012190267443656921,0.00671806838363409,-0.011275622993707657,0.14810494098229504
2014-08-26,fold_3,Taper tantrum and 2014 H1,-0.0105474554002285,-1,0.0002013150224229321,1,-0.0002013150224229321,-0.08530030986003112,,,,0,-2.013150224229321,0.001571405678987503,-0.00020076821965631098,-0.0105474554002285,0.029683580416780462
2014-08-27,fold_3,Taper tantrum and 2014 H1,-0.009665999561548233,-1,-0.0011059711687266827,-1,0.0011059711687266827,-0.08419433869130444,,,,1,11.059711687266827,0.0017485283315181732,-0.0013072571018710732,-0.009665999561548233,-0.16445378893942256
2014-08-28,fold_3,Taper tantrum and 2014 H1,-0.009216547012329102,-1,0.0037148678675293922,1,-0.0037148678675293922,-0.08790920655883383,,,,0,-37.14867867529392,0.00369846448302269,0.004816656932234764,-0.009216547012329102,0.7513692050723919
2014-08-29,fold_3,Taper tantrum and 2014 H1,-0.009141083806753159,-1,0.002902268897742033,1,-0.002902268897742033,-0.09081147545657586,,,,0,-29.02268897742033,0.004263188689947128,0.0030023581348359585,-0.009141083806753159,0.5869045800932715
2014-09-02,fold_3,Taper tantrum and 2014 H1,-0.009567677974700928,-1,-0.005913248751312494,-1,0.005913248751312494,-0.08489822670526337,,,,1,59.13248751312494,0.00669686496257782,-0.008227802813053131,-0.009567677974700928,-1.2456932093143112
2014-09-03,fold_3,Taper tantrum and 2014 H1,-0.008207723498344421,-1,-0.0009051738306879997,-1,0.0009051738306879997,-0.08399305287457537,,,,1,9.051738306879997,0.005482889711856842,0.005913248751312494,-0.008207723498344421,-0.19600618181372603
2014-09-04,fold_3,Taper tantrum and 2014 H1,-0.0072919875383377075,-1,0.005017942748963833,1,-0.005017942748963833,-0.0890109956235392,,,,0,-50.17942748963833,0.00383024662733078,0.0060186004266142845,-0.0072919875383377075,1.0862393282937621
2014-09-05,fold_3,Taper tantrum and 2014 H1,-0.01069856807589531,-1,0.0019005690701305866,1,-0.0019005690701305866,-0.09091156469366979,,,,0,-19.005690701305866,0.000912986695766449,-0.004112768918275833,-0.01069856807589531,0.40433892746950595
2014-09-08,fold_3,Taper tantrum and 2014 H1,-0.00960078090429306,-1,-0.008327892050147057,-1,0.008327892050147057,-0.08258367264352273,,,,1,83.27892050147057,0.003586631268262863,-0.01571054756641388,-0.00960078090429306,-1.8768245623151516
2014-09-09,fold_3,Taper tantrum and 2014 H1,-0.010026797652244568,-1,0.008227802813053131,1,-0.008227802813053131,-0.09081147545657586,,,,0,-82.27802813053131,0.0010365881025791168,0.001308427657932043,-0.010026797652244568,1.777519263451231
2014-09-10,fold_3,Taper tantrum and 2014 H1,-0.009305562824010849,-1,-0.0007998223882168531,-1,0.0007998223882168531,-0.09001165306835901,,,,1,7.998223882168531,0.004586614668369293,-0.00541094271466136,-0.009305562824010849,-0.16060189297344188
2014-09-11,fold_3,Taper tantrum and 2014 H1,-0.012986116111278534,-1,-0.005113426595926285,-1,0.005113426595926285,-0.08489822647243273,,,,1,51.13426595926285,-0.005949953570961952,0.0028961822390556335,-0.012986116111278534,-1.1642305984975365
2014-09-12,fold_3,Taper tantrum and 2014 H1,-0.015126790851354599,-1,-0.009697210043668747,-1,0.009697210043668747,-0.07520101642876398,,,,1,96.97210043668747,-0.002946818247437477,0.007389549165964127,-0.015126790851354599,-2.2095975746885537
2014-09-15,fold_3,Taper tantrum and 2014 H1,-0.010439138859510422,-1,0.008691084571182728,1,-0.008691084571182728,-0.0838921009999467,,,,0,-86.91084571182728,0.0028368569910526276,0.00774153508245945,-0.010439138859510422,1.8204422697855847
2014-09-16,fold_3,Taper tantrum and 2014 H1,-0.009138252586126328,-1,0.0015084322076290846,1,-0.0015084322076290846,-0.08540053320757579,,,,0,-15.084322076290846,0.005405649542808533,-0.003679014276713133,-0.009138252586126328,0.3103262284268353
2014-09-17,fold_3,Taper tantrum and 2014 H1,-0.011805016547441483,-1,0.0075073023326694965,1,-0.0075073023326694965,-0.09290783554024529,,,,0,-75.07302332669497,0.001850668340921402,0.005486177280545235,-0.011805016547441483,1.594067302481406
2014-09-18,fold_3,Taper tantrum and 2014 H1,-0.012330073863267899,-1,-0.0006200594361871481,-1,0.0006200594361871481,-0.09228777610405814,,,,1,6.200594361871481,-0.0007510483264923096,-0.0232794601470232,-0.012330073863267899,-0.12401778789185415
2014-09-19,fold_3,Taper tantrum and 2014 H1,-0.01144416630268097,-1,-0.009345224127173424,-1,0.009345224127173424,-0.08294255197688472,,,,1,93.45224127173424,-0.00041707977652549744,-0.012074689380824566,-0.01144416630268097,-1.876112941336521
2014-09-22,fold_3,Taper tantrum and 2014 H1,-0.013606667518615723,-1,-0.002729465253651142,-1,0.002729465253651142,-0.08021308672323357,,,,1,27.29465253651142,0.008690759539604187,-0.0040466017089784145,-0.013606667518615723,-0.5062925958727779
2014-09-23,fold_3,Taper tantrum and 2014 H1,-0.007699768990278244,-1,0.010673623532056808,1,-0.010673623532056808,-0.09088671025529038,,,,0,-106.73623532056808,0.015105508267879486,0.00010115558688994497,-0.007699768990278244,1.9884172085794183
2014-09-24,fold_3,Taper tantrum and 2014 H1,-0.008082501590251923,-1,-0.021258333697915077,-1,0.021258333697915077,-0.0696283765573753,,,,1,212.58333697915077,0.014024697244167328,-0.026695234701037407,-0.008082501590251923,-3.6213541307532724
2014-09-25,fold_3,Taper tantrum and 2014 H1,-0.008285321295261383,-1,0.010584711097180843,1,-0.010584711097180843,-0.08021308765455615,,,,0,-105.84711097180843,0.009030431509017944,-0.005436900071799755,-0.008285321295261383,1.4013167095476196
2014-09-26,fold_3,Taper tantrum and 2014 H1,-0.010135393589735031,-1,-0.0013171363389119506,-1,0.0013171363389119506,-0.0788959513156442,,,,1,13.171363389119506,0.009181346744298935,-0.0061947559006512165,-0.010135393589735031,-0.1664801500173341
2014-09-29,fold_3,Taper tantrum and 2014 H1,-0.010293565690517426,-1,0.0014182919403538108,1,-0.0014182919403538108,-0.08031424325599801,,,,0,-14.182919403538108,0.016405168920755386,-0.007019097916781902,-0.010293565690517426,0.1801359166050565
2015-11-24,fold_4,China devaluation and oil crash,-0.014045573770999908,-1,0.0008764576632529497,1,-0.0008764576632529497,-0.0008764576632529497,,,,0,-8.764576632529497,-0.004172733053565025,0.0035007991828024387,-0.014045573770999908,0.10225956340385596
2015-11-25,fold_4,China devaluation and oil crash,-0.014719299972057343,-1,0.0014003473334014416,1,-0.0014003473334014416,-0.0022768049966543913,,,,0,-14.003473334014416,-0.0003902167081832886,-0.014471632428467274,-0.014719299972057343,0.16728680282196637
2015-11-27,fold_4,China devaluation and oil crash,-0.019888699054718018,-1,-0.002540202811360359,-1,0.002540202811360359,0.0002633978147059679,,,,1,25.402028113603592,-0.004191674292087555,0.0072346641682088375,-0.019888699054718018,-0.3035129411512779
2015-11-30,fold_4,China devaluation and oil crash,-0.009130526334047318,-1,0.009948860853910446,1,-0.009948860853910446,-0.009685463039204478,,,,0,-99.48860853910446,0.024766072630882263,0.005248351488262415,-0.009130526334047318,1.194586063857271
2015-12-01,fold_4,China devaluation and oil crash,-0.013594269752502441,-1,-0.006184663623571396,-1,0.006184663623571396,-0.0035007994156330824,,,,1,61.84663623571396,-0.0019424594938755035,-0.0046132574789226055,-0.013594269752502441,-0.7499876485171226
2015-12-02,fold_4,China devaluation and oil crash,-0.00817137211561203,-1,-0.01709597371518612,-1,0.01709597371518612,0.013595174299553037,,,,1,170.9597371518612,0.01190153881907463,-0.013724218122661114,-0.00817137211561203,-2.0535364294682603
2015-12-03,fold_4,China devaluation and oil crash,-0.006719816476106644,-1,0.023106643930077553,1,-0.023106643930077553,-0.009511469630524516,,,,0,-231.06643930077553,0.013119090348482132,0.007879506796598434,-0.006719816476106644,2.5223255326409033
2015-12-04,fold_4,China devaluation and oil crash,-0.005369517952203751,-1,-0.004526515491306782,-1,0.004526515491306782,-0.004984954139217734,,,,1,45.26515491306782,0.002319101244211197,-0.038512103259563446,-0.005369517952203751,-0.43109129945658503
2015-12-07,fold_4,China devaluation and oil crash,-0.002099011093378067,-1,8.725155930733308e-05,1,-8.725155930733308e-05,-0.005072205698525067,,,,0,-0.8725155930733308,0.009472426027059555,-0.026432102546095848,-0.002099011093378067,0.008272132186391416
2015-12-08,fold_4,China devaluation and oil crash,-0.008338842540979385,-1,-0.015295623801648617,-1,0.015295623801648617,0.01022341810312355,,,,1,152.95623801648617,0.018846239894628525,-0.020446723327040672,-0.008338842540979385,-1.4888426203459677
2015-12-09,fold_4,China devaluation and oil crash,-0.008801240473985672,-1,0.004507751204073429,1,-0.004507751204073429,0.00571566689905012,,,,0,-45.07751204073429,0.011327199637889862,0.00960917305201292,-0.008801240473985672,0.4168919601981546
2015-12-10,fold_4,China devaluation and oil crash,-0.0015849433839321136,-1,-0.02328496426343918,-1,0.02328496426343918,0.0290006311624893,,,,1,232.84964263439178,0.01443617045879364,-0.009569364599883556,-0.0015849433839321136,-2.144870930139299
2015-12-11,fold_4,China devaluation and oil crash,-0.008049920201301575,-1,0.007553484290838242,1,-0.007553484290838242,0.021447146871651057,,,,0,-75.53484290838242,0.018572457134723663,-0.005653249565511942,-0.008049920201301575,0.6379484307264066
2015-12-14,fold_4,China devaluation and oil crash,-0.00953882560133934,-1,0.006072630640119314,1,-0.006072630640119314,0.015374516231531743,,,,0,-60.72630640119314,0.01179998368024826,-0.00215992983430624,-0.00953882560133934,0.5467045773028342
2015-12-15,fold_4,China devaluation and oil crash,-0.015087980777025223,-1,0.014760272577404976,1,-0.014760272577404976,0.0006142436541267671,,,,0,-147.60272577404976,0.004434701055288315,-0.00168037845287472,-0.015087980777025223,1.376247394325145
2015-12-16,fold_4,China devaluation and oil crash,-0.011135943233966827,-1,-0.014670786447823048,-1,0.014670786447823048,0.015285030101949815,,,,1,146.70786447823048,-0.018809650093317032,-0.009042750112712383,-0.011135943233966827,-1.3074991347175047
2015-12-17,fold_4,China devaluation and oil crash,-0.0027510933578014374,-1,-0.01936884969472885,-1,0.01936884969472885,0.034653879796678666,,,,1,193.6884969472885,0.01273258775472641,0.005450133234262466,-0.0027510933578014374,-1.7786319863299034
2015-12-18,fold_4,China devaluation and oil crash,-0.004795406013727188,-1,0.011046803556382656,1,-0.011046803556382656,0.02360707624029601,,,,0,-110.46803556382656,0.017953384667634964,0.02428596094250679,-0.004795406013727188,0.9426938408301507
2015-12-21,fold_4,China devaluation and oil crash,0.008172333240509033,1,0.006552181672304869,1,0.006552181672304869,0.03015925791260088,,,,1,65.52181672304869,0.0235978364944458,0.028845859691500664,0.008172333240509033,0.5515120227529856
2015-12-22,fold_4,China devaluation and oil crash,-0.005254395306110382,-1,0.007397900801151991,1,-0.007397900801151991,0.022761357111448888,,,,0,-73.97900801151991,0.019478190690279007,0.013241508975625038,-0.005254395306110382,0.6189166429136861
2015-12-23,fold_4,China devaluation and oil crash,-0.00280148908495903,-1,-0.00017790279525797814,-1,0.00017790279525797814,0.022939259906706866,,,,1,1.7790279525797814,0.0003643818199634552,-0.006682647857815027,-0.00280148908495903,-0.014744975855360434
2015-12-24,fold_4,China devaluation and oil crash,-0.012394670397043228,-1,-0.0005330225685611367,-1,0.0005330225685611367,0.023472282475268003,,,,1,5.330225685611367,-0.019845400005578995,-0.027828186750411987,-0.012394670397043228,-0.04418367105827519
2015-12-28,fold_4,China devaluation and oil crash,-0.020769938826560974,-1,0.01560670230537653,1,-0.01560670230537653,0.007865580169891473,,,,0,-156.0670230537653,-0.01969849318265915,-0.02903185784816742,-0.020769938826560974,1.2940542927429068
2015-12-29,fold_4,China devaluation and oil crash,-0.01806475967168808,-1,-0.00905216857790947,-1,0.00905216857790947,0.016917748747800943,,,,1,90.5216857790947,-0.022541899234056473,-0.05429093912243843,-0.01806475967168808,-0.7217363218677224
2015-12-30,fold_4,China devaluation and oil crash,-0.01775554195046425,-1,-0.012526256032288074,-1,0.012526256032288074,0.029444004780089017,,,,1,125.26256032288074,-0.017784995958209038,-0.07705271244049072,-0.01775554195046425,-1.0014434086057409
2015-12-31,fold_4,China devaluation and oil crash,-0.0002525895833969116,-1,-0.021323442459106445,-1,0.021323442459106445,0.05076744723919546,,,,1,213.23442459106445,0.011693019419908524,-0.07276111096143723,-0.0002525895833969116,-1.6733253467462836
2016-01-04,fold_4,China devaluation and oil crash,-0.00870664045214653,-1,-0.0017366929678246379,-1,0.0017366929678246379,0.0525041402070201,,,,1,17.36692967824638,0.013826664537191391,-0.048365604132413864,-0.00870664045214653,-0.13299938311556678
2016-01-05,fold_4,China devaluation and oil crash,-0.009700749069452286,-1,-0.009652378037571907,-1,0.009652378037571907,0.06215651824459201,,,,1,96.52378037571907,0.012865513563156128,-0.03509790077805519,-0.009700749069452286,-0.804466051931289
2016-01-06,fold_4,China devaluation and oil crash,-0.00880102813243866,-1,-0.03181394189596176,-1,0.03181394189596176,0.09397046014055377,,,,1,318.1394189596176,0.014246981590986252,-0.06054344400763512,-0.00880102813243866,-2.618651198542985
2016-01-07,fold_4,China devaluation and oil crash,-0.00881829485297203,-1,-0.008234658278524876,-1,0.008234658278524876,0.10220511841907864,,,,1,82.34658278524876,0.012255493551492691,-0.007657906971871853,-0.00881829485297203,-0.5849109099819225
2016-01-08,fold_4,China devaluation and oil crash,-0.008878413587808609,-1,0.0030720664653927088,1,-0.0030720664653927088,0.09913305195368594,,,,0,-30.720664653927088,0.01408475637435913,-0.030952053144574165,-0.008878413587808609,0.22293194032832703
2016-01-11,fold_4,China devaluation and oil crash,-0.009355481714010239,-1,0.011531009338796139,1,-0.011531009338796139,0.0876020426148898,,,,0,-115.31009338796139,0.019483115524053574,-0.031844522804021835,-0.009355481714010239,0.8379769965657005
2016-01-12,fold_4,China devaluation and oil crash,-0.008449845016002655,-1,-0.03509791940450668,-1,0.03509791940450668,0.12269996201939648,,,,1,350.97919404506683,0.020132802426815033,-0.04644802585244179,-0.008449845016002655,-2.7007112948895324
2016-01-13,fold_4,China devaluation and oil crash,-0.007795464247465134,-1,0.021071596071124077,1,-0.021071596071124077,0.1016283659482724,,,,0,-210.71596071124077,0.018008217215538025,-0.010357847437262535,-0.007795464247465134,1.396629864588817
2016-01-14,fold_4,China devaluation and oil crash,-0.00784846767783165,-1,-0.03152880445122719,-1,0.03152880445122719,0.1331571703994996,,,,1,315.2880445122719,0.014815069735050201,-0.0028869316447526217,-0.00784846767783165,-2.0021287642035857
2016-01-15,fold_4,China devaluation and oil crash,-0.008664276450872421,-1,0.002179595874622464,1,-0.002179595874622464,0.13097757452487713,,,,0,-21.795958746224642,0.01789793372154236,0.013690323568880558,-0.008664276450872421,0.12870273806938973
2016-01-19,fold_4,China devaluation and oil crash,-0.008308984339237213,-1,-0.0030724939424544573,-1,0.0030724939424544573,0.13405006846733158,,,,1,30.724939424544573,0.017806779593229294,0.020469823852181435,-0.008308984339237213,-0.1848506249669811
2016-01-20,fold_4,China devaluation and oil crash,-0.008635740727186203,-1,0.0009922586614266038,1,-0.0009922586614266038,0.13305780980590498,,,,0,-9.922586614266038,0.017434358596801758,-0.0016886454541236162,-0.008635740727186203,0.061776704168400025
2016-01-21,fold_4,China devaluation and oil crash,-0.006529513746500015,-1,0.02854251302778721,1,-0.02854251302778721,0.10451529677811777,,,,0,-285.4251302778721,0.006945278495550156,0.011338510550558567,-0.006529513746500015,1.7982371089670433
2016-01-22,fold_4,China devaluation and oil crash,-0.0095025934278965,-1,-0.014951549470424652,-1,0.014951549470424652,0.11946684624854242,,,,1,149.51549470424652,-0.0009588077664375305,0.0034633507020771503,-0.0095025934278965,-0.8771940457603843
2016-01-25,fold_4,China devaluation and oil crash,-0.007077068090438843,-1,0.008959095925092697,1,-0.008959095925092697,0.11050775032344973,,,,0,-89.59095925092697,0.008975714445114136,0.021100182086229324,-0.007077068090438843,0.5181487944941808
2016-01-26,fold_4,China devaluation and oil crash,-0.008680280297994614,-1,-0.02523096278309822,-1,0.02523096278309822,0.13573871310654795,,,,1,252.3096278309822,0.001204557716846466,-0.00974215380847454,-0.008680280297994614,-1.4495383138895608
2016-01-27,fold_4,China devaluation and oil crash,-0.008426614105701447,-1,0.014019414782524109,1,-0.014019414782524109,0.12171929832402384,,,,0,-140.1941478252411,0.007599577307701111,0.01068068016320467,-0.008426614105701447,0.7662004856589724
2016-01-28,fold_4,China devaluation and oil crash,-0.01667468249797821,-1,0.02066735178232193,1,-0.02066735178232193,0.10105194654170191,,,,0,-206.6735178232193,-0.0038925278931856155,-0.003437303937971592,-0.01667468249797821,1.1335163489035494
2016-01-29,fold_4,China devaluation and oil crash,-0.028335172683000565,-1,0.0026852828450500965,1,-0.0026852828450500965,0.09836666369665181,,,,0,-26.852828450500965,-0.005929255858063698,-0.059448905289173126,-0.028335172683000565,0.14359585346548528
2016-02-01,fold_4,China devaluation and oil crash,-0.027415115386247635,-1,-0.021883239969611168,-1,0.021883239969611168,0.12024990366626298,,,,1,218.83239969611168,-0.013669779524207115,-0.07753972709178925,-0.027415115386247635,-1.182937129687806
2016-02-02,fold_4,China devaluation and oil crash,-0.0045832619071006775,-1,-0.004808129742741585,-1,0.004808129742741585,0.12505803340900457,,,,1,48.08129742741585,0.0119781494140625,-0.05876627564430237,-0.0045832619071006775,-0.25945388234654193
2016-02-03,fold_4,China devaluation and oil crash,-0.018145844340324402,-1,-9.856902761384845e-05,-1,9.856902761384845e-05,0.1251566024366184,,,,1,0.9856902761384845,-0.006235824897885323,-0.05012403801083565,-0.018145844340324402,-0.005311166214399696
2016-02-04,fold_4,China devaluation and oil crash,-0.013287905603647232,-1,-0.03534424677491188,-1,0.03534424677491188,0.1605008492115303,,,,1,353.4424677491188,0.014034934341907501,-0.05147428438067436,-0.013287905603647232,-1.9174533501424986
2016-02-05,fold_4,China devaluation and oil crash,-0.008116431534290314,-1,-0.015405537560582161,-1,0.015405537560582161,0.17590638677211246,,,,1,154.0553756058216,0.015203580260276794,-0.0010195453651249409,-0.008116431534290314,-0.8215536769418437
2016-02-08,fold_4,China devaluation and oil crash,-0.009646032005548477,-1,-0.0031097931787371635,-1,0.0031097931787371635,0.17901617995084962,,,,1,31.097931787371635,0.011151697486639023,0.03668167442083359,-0.009646032005548477,-0.16387711720760295
2016-02-09,fold_4,China devaluation and oil crash,-0.010584834963083267,-1,0.0038341099862009287,1,-0.0038341099862009287,0.1751820699646487,,,,0,-38.34109986200929,0.01721956953406334,0.06218694522976875,-0.010584834963083267,0.2020432474718451
2016-02-10,fold_4,China devaluation and oil crash,-0.008168414235115051,-1,-0.0014488183660432696,-1,0.0014488183660432696,0.17663088833069196,,,,1,14.488183660432696,0.01650311052799225,0.04687260091304779,-0.008168414235115051,-0.07698195258095755
2016-02-11,fold_4,China devaluation and oil crash,-0.009075291454792023,-1,0.015110493637621403,1,-0.015110493637621403,0.16152039469307056,,,,0,-151.10493637621403,0.016004960983991623,0.05127744376659393,-0.009075291454792023,0.8831972019828036
2016-02-12,fold_4,China devaluation and oil crash,-0.014050912111997604,-1,0.02229568362236023,1,-0.02229568362236023,0.13922471107071033,,,,0,-222.9568362236023,0.0025333240628242493,0.052272047847509384,-0.014050912111997604,1.3278565186649587
2016-02-16,fold_4,China devaluation and oil crash,0.04123391583561897,1,0.022395476698875427,1,0.022395476698875427,0.16162018776958575,,,,1,223.95476698875427,0.02418280765414238,0.013379471376538277,0.04123391583561897,1.3967733286032078
2016-02-17,fold_4,China devaluation and oil crash,-0.006609071046113968,-1,-0.011480232700705528,-1,0.011480232700705528,0.17310042047029128,,,,1,114.80232700705528,0.004226911813020706,0.0004877016763202846,-0.006609071046113968,-0.6837341414653121
2016-02-18,fold_4,China devaluation and oil crash,-0.009679943323135376,-1,0.0029560215771198273,1,-0.0029560215771198273,0.17014439889317146,,,,0,-29.560215771198273,0.0009320676326751709,0.02176855504512787,-0.009679943323135376,0.17417363544250247
2016-02-19,fold_4,China devaluation and oil crash,-0.01015341654419899,-1,0.016105100512504578,1,-0.016105100512504578,0.15403929838066688,,,,0,-161.05100512504578,0.00962001457810402,0.017556218430399895,-0.01015341654419899,0.9483009542696542
2016-02-22,fold_4,China devaluation and oil crash,-0.012346658855676651,-1,-0.016596894711256027,-1,0.016596894711256027,0.1706361930919229,,,,1,165.96894711256027,-0.0020436421036720276,-0.007580889854580164,-0.012346658855676651,-1.027989766492414
2016-02-23,fold_4,China devaluation and oil crash,-0.010389093309640884,-1,0.00950370728969574,1,-0.00950370728969574,0.16113248580222717,,,,0,-95.0370728969574,0.005078427493572235,0.040609244257211685,-0.010389093309640884,0.5857381864444753
2016-02-24,fold_4,China devaluation and oil crash,-0.00535186380147934,-1,0.009800620377063751,1,-0.009800620377063751,0.15133186542516341,,,,0,-98.00620377063751,-0.0028727278113365173,0.031483400613069534,-0.00535186380147934,0.603461779103473
2016-02-25,fold_4,China devaluation and oil crash,-0.01067085936665535,-1,-0.001256314804777503,-1,0.001256314804777503,0.15258818022994092,,,,1,12.56314804777503,0.0026944465935230255,0.019791029393672943,-0.01067085936665535,-0.08165264511119744
2016-02-26,fold_4,China devaluation and oil crash,-0.00703410804271698,-1,-0.009032007306814194,-1,0.009032007306814194,0.1616201875367551,,,,1,90.32007306814194,0.0020592473447322845,0.021426400169730186,-0.00703410804271698,-0.599497246806656
2016-02-29,fold_4,China devaluation and oil crash,-0.013156469911336899,-1,0.031593240797519684,1,-0.031593240797519684,0.13002694673923543,,,,0,-315.93240797519684,-0.019415708258748055,0.02428814396262169,-0.013156469911336899,2.1816719207427404
2016-03-01,fold_4,China devaluation and oil crash,-0.011184487491846085,-1,0.00037786204484291375,1,-0.00037786204484291375,0.1296490846943925,,,,0,-3.7786204484291375,0.0057821981608867645,-0.015623753890395164,-0.011184487491846085,0.023467816817346564
2016-03-02,fold_4,China devaluation and oil crash,-0.011465232819318771,-1,-0.0018917503766715527,-1,0.0018917503766715527,0.13154083507106407,,,,1,18.917503766715527,0.0008511431515216827,-0.009589391760528088,-0.011465232819318771,-0.12332163128581751
2016-03-03,fold_4,China devaluation and oil crash,-0.01091700792312622,-1,0.000379056204110384,1,-0.000379056204110384,0.13116177886695368,,,,0,-3.79056204110384,0.000636756420135498,-0.009225158020853996,-0.01091700792312622,0.024761813468867088
2016-03-04,fold_4,China devaluation and oil crash,-0.012572847306728363,-1,-0.006170264445245266,-1,0.006170264445245266,0.13733204331219895,,,,1,61.70264445245266,-0.0011667311191558838,0.0077295913361012936,-0.012572847306728363,-0.40306623955910803
2016-03-07,fold_4,China devaluation and oil crash,-0.01160275936126709,-1,-0.00831865705549717,-1,0.00831865705549717,0.14565070036769612,,,,1,83.1865705549717,-0.0020072199404239655,0.01558910682797432,-0.01160275936126709,-0.6310215495998357
2016-03-08,fold_4,China devaluation and oil crash,-0.015545498579740524,-1,0.0064122239127755165,1,-0.0064122239127755165,0.1392384764549206,,,,0,-64.12223912775517,0.009622476994991302,0.023532414808869362,-0.015545498579740524,0.49861595348445165
2016-03-09,fold_4,China devaluation and oil crash,-0.014943700283765793,-1,-0.0015275164041668177,-1,0.0015275164041668177,0.14076599285908742,,,,1,15.275164041668177,-0.008218877017498016,0.025990260764956474,-0.014943700283765793,-0.11821938015982
2016-03-10,fold_4,China devaluation and oil crash,-0.031017649918794632,-1,0.017333805561065674,1,-0.017333805561065674,0.12343218729802174,,,,0,-173.33805561065674,-0.018629251047968864,0.026959849521517754,-0.031017649918794632,1.3440099143160127
2016-03-11,fold_4,China devaluation and oil crash,-0.011929299682378769,-1,0.001689250930212438,1,-0.001689250930212438,0.1217429363678093,,,,0,-16.89250930212438,-0.003786105662584305,0.011191518045961857,-0.011929299682378769,0.12547344482987752
2016-03-14,fold_4,China devaluation and oil crash,-0.0128851979970932,-1,-0.0003753479686565697,-1,0.0003753479686565697,0.12211828433646588,,,,1,3.753479686565697,-0.002169772982597351,0.01340685784816742,-0.0128851979970932,-0.028789643508014145
2016-03-15,fold_4,China devaluation and oil crash,-0.012594997882843018,-1,0.008870068937540054,1,-0.008870068937540054,0.11324821539892582,,,,0,-88.70068937540054,-0.001298747956752777,0.016838986426591873,-0.012594997882843018,0.7362859028048112
2016-03-16,fold_4,China devaluation and oil crash,-0.010808121412992477,-1,-0.0005579286371357739,-1,0.0005579286371357739,0.1138061440360616,,,,1,5.579286371357739,-0.0007992871105670929,-0.00029687152709811926,-0.010808121412992477,-0.050106030756215725
2016-03-17,fold_4,China devaluation and oil crash,-0.011921696364879608,-1,0.0015654738526791334,1,-0.0015654738526791334,0.11224067018338246,,,,0,-15.654738526791334,-0.0031295046210289,0.000540980021469295,-0.011921696364879608,0.14447327970051663
2016-03-18,fold_4,China devaluation and oil crash,-0.010109417140483856,-1,0.0039045915473252535,1,-0.0039045915473252535,0.10833607863605721,,,,0,-39.045915473252535,-0.00031112879514694214,-0.0024239751510322094,-0.010109417140483856,0.36082740226055715
2016-03-21,fold_4,China devaluation and oil crash,-0.011943850666284561,-1,0.003056779270991683,1,-0.003056779270991683,0.10527929936506553,,,,0,-30.56779270991683,-0.002935623750090599,0.009602147154510021,-0.011943850666284561,0.2984641932522144
2016-03-22,fold_4,China devaluation and oil crash,-0.0115564726293087,-1,-0.008265787735581398,-1,0.008265787735581398,0.11354508710064692,,,,1,82.65787735581398,-0.002526530995965004,0.011403592303395271,-0.0115564726293087,-0.8637103386924586
2016-03-23,fold_4,China devaluation and oil crash,-0.011299215257167816,-1,0.0002799229114316404,1,-0.0002799229114316404,0.11326516418921528,,,,0,-2.799229114316404,-0.003955468535423279,0.01820463314652443,-0.011299215257167816,0.029426987994186592
2016-03-24,fold_4,China devaluation and oil crash,-0.015692755579948425,-1,-0.001399481319822371,-1,0.001399481319822371,0.11466464550903765,,,,1,13.99481319822371,-0.004250505939126015,0.028491921722888947,-0.015692755579948425,-0.1511843418165445
2016-03-28,fold_4,China devaluation and oil crash,-0.02393621951341629,-1,0.015930714085698128,1,-0.015930714085698128,0.09873393142333953,,,,0,-159.30714085698128,2.1010637283325195e-06,0.02607828378677368,-0.02393621951341629,1.720785580467
2016-03-29,fold_4,China devaluation and oil crash,-0.012798521667718887,-1,0.004858225118368864,1,-0.004858225118368864,0.09387570630497066,,,,0,-48.58225118368864,0.003645416349172592,0.0004590361495502293,-0.012798521667718887,0.5002431355891801
2016-03-30,fold_4,China devaluation and oil crash,-0.009861335158348083,-1,-0.0014647470088675618,-1,0.0014647470088675618,0.09534045331383822,,,,1,14.647470088675618,0.0038886070251464844,0.011907192878425121,-0.009861335158348083,-0.2169314072734547
2016-03-31,fold_4,China devaluation and oil crash,-0.010355424135923386,-1,0.010567210614681244,1,-0.010567210614681244,0.08477324269915698,,,,0,-105.67210614681244,0.003931369632482529,-0.0010990502778440714,-0.010355424135923386,1.5633052445202813
2016-04-01,fold_4,China devaluation and oil crash,-0.013554289937019348,-1,-0.003813117742538452,-1,0.003813117742538452,0.08858636044169543,,,,1,38.13117742538452,0.0007096044719219208,-0.012399908155202866,-0.013554289937019348,-0.5334434279302764
2016-04-04,fold_4,China devaluation and oil crash,-0.01582539826631546,-1,-0.009688534773886204,-1,0.009688534773886204,0.09827489521558164,,,,1,96.88534773886204,0.002302899956703186,-0.012263499200344086,-0.01582539826631546,-1.3459487874714837
2016-04-05,fold_4,China devaluation and oil crash,-0.040707822889089584,-1,0.016306381672620773,1,-0.016306381672620773,0.08196851354296086,,,,0,-163.06381672620773,-0.009200762957334518,0.005769746843725443,-0.040707822889089584,2.206686146330935
2016-04-06,fold_4,China devaluation and oil crash,-0.014566320925951004,-1,-0.014470990747213364,-1,0.014470990747213364,0.09643950429017423,,,,1,144.70990747213364,0.0071645863354206085,0.0021664733067154884,-0.014566320925951004,-1.8026860920018872
2016-04-07,fold_4,China devaluation and oil crash,-0.03445255383849144,-1,-0.0007336472626775503,-1,0.0007336472626775503,0.09717315155285178,,,,1,7.336472626775503,-0.06060124933719635,0.016727684065699577,-0.03445255383849144,-0.0859524674195636
2016-04-08,fold_4,China devaluation and oil crash,-0.014149326831102371,-1,-0.0036767087876796722,-1,0.0036767087876796722,0.10084986034053145,,,,1,36.76708787679672,0.021237269043922424,0.014934007078409195,-0.014149326831102371,-0.4310205214851261
2016-04-11,fold_4,China devaluation and oil crash,-0.0039252303540706635,-1,0.008344711735844612,1,-0.008344711735844612,0.09250514860468684,,,,0,-83.44711735844612,-0.006649293005466461,0.023929070681333542,-0.0039252303540706635,1.0917883100498842
2016-04-12,fold_4,China devaluation and oil crash,-0.013356368988752365,-1,0.012703108601272106,1,-0.012703108601272106,0.07980204000341473,,,,0,-127.03108601272106,0.008023254573345184,0.009451969526708126,-0.013356368988752365,1.6164684369758442
2016-04-13,fold_4,China devaluation and oil crash,-0.011531796306371689,-1,9.022023732541129e-05,1,-9.022023732541129e-05,0.07971181976608932,,,,0,-0.9022023732541129,-0.0026174187660217285,-0.002437104005366564,-0.011531796306371689,0.010797402454357615
2016-04-14,fold_4,China devaluation and oil crash,-0.012740802019834518,-1,-0.0025273242499679327,-1,0.0025273242499679327,0.08223914401605725,,,,1,25.273242499679327,-0.002968013286590576,-0.002437179908156395,-0.012740802019834518,-0.3113639257109552
2016-04-15,fold_4,China devaluation and oil crash,-0.012399591505527496,-1,0.005318354815244675,1,-0.005318354815244675,0.07692078920081258,,,,0,-53.18354815244675,-0.0005879886448383331,-0.01511763408780098,-0.012399591505527496,0.6537108107086823
2016-04-18,fold_4,China devaluation and oil crash,-0.013422954827547073,-1,-0.006132390350103378,-1,0.006132390350103378,0.08305317955091596,,,,1,61.32390350103378,-0.0034914351999759674,-0.020435988903045654,-0.013422954827547073,-0.746519575063396
2016-04-19,fold_4,China devaluation and oil crash,-0.010358400642871857,-1,0.0008140353602357209,1,-0.0008140353602357209,0.08223914419068024,,,,0,-8.140353602357209,-0.004297658801078796,-0.019178731366991997,-0.010358400642871857,0.09828481736239875
2016-04-20,fold_4,China devaluation and oil crash,-0.00993441790342331,-1,9.014434181153774e-05,1,-9.014434181153774e-05,0.0821489998488687,,,,0,-0.9014434181153774,-0.008673066273331642,-0.028047095984220505,-0.00993441790342331,0.01091842629886139
2016-04-21,fold_4,China devaluation and oil crash,-0.01232275739312172,-1,-0.015207778662443161,-1,0.015207778662443161,0.09735677851131186,,,,1,152.0777866244316,-0.013156505301594734,-0.04029499739408493,-0.01232275739312172,-1.889952292367294
2016-04-22,fold_4,China devaluation and oil crash,-0.0250307098031044,-1,0.0,0,-0.0,0.09735677851131186,,,,0,-0.0,-0.026800278574228287,-0.0303702000528574,-0.0250307098031044,0.0
2016-04-25,fold_4,China devaluation and oil crash,-0.0023118890821933746,-1,-0.0048751323483884335,-1,0.0048751323483884335,0.10223191085970029,,,,1,48.751323483884335,0.034746818244457245,-0.020955650135874748,-0.0023118890821933746,-0.5584431452323555
2016-04-26,fold_4,China devaluation and oil crash,-0.010324407368898392,-1,-0.008054329082369804,-1,0.008054329082369804,0.1102862399420701,,,,1,80.54329082369804,0.011988837271928787,-0.025400573387742043,-0.010324407368898392,-1.0012567341013854
2016-04-27,fold_4,China devaluation and oil crash,-0.016819186508655548,-1,-0.012157757766544819,-1,0.012157757766544819,0.12244399770861492,,,,1,121.57757766544819,-0.001266036182641983,-0.023798203095793724,-0.016819186508655548,-1.4878294773292926
2016-04-28,fold_4,China devaluation and oil crash,-0.006085105240345001,-1,-0.005282980855554342,-1,0.005282980855554342,0.12772697856416926,,,,1,52.82980855554342,0.006910458207130432,-0.011926179751753807,-0.006085105240345001,-0.6139008000621646
2018-10-24,fold_5,2018 Vol-mageddon + Q4 sell-off,-0.008603949099779129,-1,0.03401026502251625,1,-0.03401026502251625,-0.03401026502251625,,,,0,-340.1026502251625,0.007349677383899689,0.026734814047813416,-0.008603949099779129,1.77468860016443
2018-10-25,fold_5,2018 Vol-mageddon + Q4 sell-off,-0.00977778434753418,-1,-0.026058673858642578,-1,0.026058673858642578,-0.007951591163873672,,,,1,260.5867385864258,-0.001183733344078064,0.00582903204485774,-0.00977778434753418,-1.2692032756157483
2018-10-26,fold_5,2018 Vol-mageddon + Q4 sell-off,-0.00838536024093628,-1,-0.02079581841826439,-1,0.02079581841826439,0.012844227254390717,,,,1,207.9581841826439,0.009832285344600677,0.016188867390155792,-0.00838536024093628,-0.9743944970941217
2018-10-29,fold_5,2018 Vol-mageddon + Q4 sell-off,-0.007069230079650879,-1,0.01634574495255947,1,-0.01634574495255947,-0.0035015176981687546,,,,0,-163.4574495255947,0.01378040760755539,0.03450203314423561,-0.007069230079650879,0.7484921883353494
2018-10-30,fold_5,2018 Vol-mageddon + Q4 sell-off,-0.009246934205293655,-1,0.02323329448699951,1,-0.02323329448699951,-0.026734812185168266,,,,0,-232.33294486999512,0.0100938118994236,0.025703391060233116,-0.009246934205293655,1.0495600485665344
2018-10-31,fold_5,2018 Vol-mageddon + Q4 sell-off,-0.011843085289001465,-1,0.013104485347867012,1,-0.013104485347867012,-0.03983929753303528,,,,0,-131.04485347867012,-0.002539312466979027,0.03335581719875336,-0.011843085289001465,0.5763659324773915
2018-11-01,fold_5,2018 Vol-mageddon + Q4 sell-off,-0.025072023272514343,-1,-0.015698837116360664,-1,0.015698837116360664,-0.024140460416674614,,,,1,156.98837116360664,-0.007307311519980431,0.013852041214704514,-0.025072023272514343,-0.6973882163455799
2018-11-02,fold_5,2018 Vol-mageddon + Q4 sell-off,-0.024228360503911972,-1,-0.002482652897015214,-1,0.002482652897015214,-0.0216578075196594,,,,1,24.82652897015214,-0.017017655074596405,0.012555296532809734,-0.024228360503911972,-0.10977283931015479
2018-11-05,fold_5,2018 Vol-mageddon + Q4 sell-off,-0.025845203548669815,-1,0.007547101005911827,1,-0.007547101005911827,-0.029204908525571227,,,,0,-75.47101005911827,-0.02340879663825035,-0.01568807289004326,-0.025845203548669815,0.33421468347266076
2018-11-06,fold_5,2018 Vol-mageddon + Q4 sell-off,-0.018397241830825806,-1,0.0308857224881649,1,-0.0308857224881649,-0.06009063101373613,,,,0,-308.857224881649,-0.013098672032356262,-0.022393720224499702,-0.018397241830825806,1.3646313407784774
2018-11-07,fold_5,2018 Vol-mageddon + Q4 sell-off,-0.010257132351398468,-1,-0.006399292498826981,-1,0.006399292498826981,-0.05369133851490915,,,,1,63.992924988269806,-0.00964013859629631,-0.0609380342066288,-0.010257132351398468,-0.2987561094118364
2018-11-08,fold_5,2018 Vol-mageddon + Q4 sell-off,-0.015625614672899246,-1,-0.01699558086693287,-1,0.01699558086693287,-0.03669575764797628,,,,1,169.9558086693287,-0.010675154626369476,-0.03719615936279297,-0.015625614672899246,-0.7984634592381895
2018-11-09,fold_5,2018 Vol-mageddon + Q4 sell-off,-0.013209961354732513,-1,-0.030726023018360138,-1,0.030726023018360138,-0.005969734629616141,,,,1,307.2602301836014,-0.015277378261089325,-0.023716740310192108,-0.013209961354732513,-1.4820286766987243
2018-11-12,fold_5,2018 Vol-mageddon + Q4 sell-off,-0.004356827586889267,-1,0.000841454544570297,1,-0.000841454544570297,-0.006811189174186438,,,,0,-8.41454544570297,0.013031892478466034,-0.026007166132330894,-0.004356827586889267,0.03882904903812807
2018-11-13,fold_5,2018 Vol-mageddon + Q4 sell-off,-0.006156738847494125,-1,-0.007658591028302908,-1,0.007658591028302908,0.0008474018541164696,,,,1,76.58591028302908,0.02010016143321991,-0.044905394315719604,-0.006156738847494125,-0.3699598816985418
2018-11-14,fold_5,2018 Vol-mageddon + Q4 sell-off,-0.005344372242689133,-1,0.01734258234500885,1,-0.01734258234500885,-0.01649518049089238,,,,0,-173.4258234500885,0.014084748923778534,-0.029672911390662193,-0.005344372242689133,0.8349153533134935
2018-11-15,fold_5,2018 Vol-mageddon + Q4 sell-off,-0.00370628759264946,-1,-0.0035161625128239393,-1,0.0035161625128239393,-0.012979017978068441,,,,1,35.16162512823939,0.010969992727041245,-0.05427509918808937,-0.00370628759264946,-0.17177737056518852
2018-11-16,fold_5,2018 Vol-mageddon + Q4 sell-off,-0.0024199336767196655,-1,-0.033016450703144073,-1,0.033016450703144073,0.020037432725075632,,,,1,330.16450703144073,0.015176713466644287,-0.027908116579055786,-0.0024199336767196655,-1.611867493491997
2018-11-19,fold_5,2018 Vol-mageddon + Q4 sell-off,-0.0034638196229934692,-1,-0.018056772649288177,-1,0.018056772649288177,0.03809420537436381,,,,1,180.56772649288177,0.015150800347328186,0.008479170501232147,-0.0034638196229934692,-0.8304656952937203
2018-11-20,fold_5,2018 Vol-mageddon + Q4 sell-off,-0.007141537964344025,-1,0.007573891896754503,1,-0.007573891896754503,0.030520313477609307,,,,0,-75.73891896754503,0.013172261416912079,0.058211855590343475,-0.007141537964344025,0.342721089958986
2018-11-21,fold_5,2018 Vol-mageddon + Q4 sell-off,-0.003010611981153488,-1,-0.007259607780724764,-1,0.007259607780724764,0.03777992125833407,,,,1,72.59607780724764,0.017175111919641495,0.047372590750455856,-0.003010611981153488,-0.37166995530783903
2018-11-23,fold_5,2018 Vol-mageddon + Q4 sell-off,-0.004157271236181259,-1,0.022850820794701576,1,-0.022850820794701576,0.014929100463632494,,,,0,-228.50820794701576,0.02050061523914337,0.06186139956116676,-0.004157271236181259,1.2649789142725905
2018-11-26,fold_5,2018 Vol-mageddon + Q4 sell-off,-0.002760179340839386,-1,0.0033708387054502964,1,-0.0033708387054502964,0.011558261758182198,,,,0,-33.708387054502964,0.026467792689800262,0.05633609741926193,-0.002760179340839386,0.1888876302400691
2018-11-27,fold_5,2018 Vol-mageddon + Q4 sell-off,2.8520822525024414e-05,1,0.03167591243982315,1,0.03167591243982315,0.04323417419800535,,,,1,316.7591243982315,0.037253692746162415,0.013853813521564007,2.8520822525024414e-05,1.8367398910174983
2018-11-28,fold_5,2018 Vol-mageddon + Q4 sell-off,-0.011860731989145279,-1,-0.0032653752714395523,-1,0.0032653752714395523,0.0464995494694449,,,,1,32.65375271439552,-0.014533307403326035,-0.01078720297664404,-0.011860731989145279,-0.17861348239722183
2018-11-29,fold_5,2018 Vol-mageddon + Q4 sell-off,-0.011178873479366302,-1,0.007229202892631292,1,-0.007229202892631292,0.03927034657681361,,,,0,-72.29202892631292,-0.012021388858556747,-0.04109470173716545,-0.011178873479366302,0.4120773526837548
2018-11-30,fold_5,2018 Vol-mageddon + Q4 sell-off,-0.015181384980678558,-1,0.017325518652796745,1,-0.017325518652796745,0.021944827924016863,,,,0,-173.25518652796745,-0.014615688472986221,-0.037905894219875336,-0.015181384980678558,0.997310767714053
2018-12-03,fold_5,2018 Vol-mageddon + Q4 sell-off,-0.013084668666124344,-1,-0.03911144658923149,-1,0.03911144658923149,0.061056274513248354,,,,1,391.1144658923149,-0.013013714924454689,-0.05192564055323601,-0.013084668666124344,-2.241424192443102
2018-12-04,fold_5,2018 Vol-mageddon + Q4 sell-off,-0.007832951843738556,-1,0.007034897338598967,1,-0.007034897338598967,0.05402137717464939,,,,0,-70.34897338598967,0.009208396077156067,-0.004051308147609234,-0.007832951843738556,0.3605707093956329
2018-12-06,fold_5,2018 Vol-mageddon + Q4 sell-off,-0.006767675280570984,-1,-0.03357287496328354,-1,0.03357287496328354,0.08759425213793293,,,,1,335.7287496328354,0.0077515169978141785,-0.010783231817185879,-0.006767675280570984,-1.7216083160429345
2018-12-07,fold_5,2018 Vol-mageddon + Q4 sell-off,-0.007451634854078293,-1,0.01041800994426012,1,-0.01041800994426012,0.0771762421936728,,,,0,-104.1800994426012,0.011007077991962433,-0.0018603972857818007,-0.007451634854078293,0.5282515780582366
2018-12-10,fold_5,2018 Vol-mageddon + Q4 sell-off,-0.00785493478178978,-1,0.003305772552266717,1,-0.003305772552266717,0.07387046964140609,,,,0,-33.05772552266717,0.010096188634634018,-0.03519889712333679,-0.00785493478178978,0.16689777918986154
2018-12-11,fold_5,2018 Vol-mageddon + Q4 sell-off,-0.00789591297507286,-1,0.008762886747717857,1,-0.008762886747717857,0.06510758289368823,,,,0,-87.62886747717857,0.013247370719909668,-0.032235823571681976,-0.00789591297507286,0.45045938463094426
2018-12-12,fold_5,2018 Vol-mageddon + Q4 sell-off,-0.007810723036527634,-1,0.0003029732615686953,1,-0.0003029732615686953,0.06480460963211954,,,,0,-3.029732615686953,0.012463986873626709,-0.06586034595966339,-0.007810723036527634,0.016551644777471525
2018-12-13,fold_5,2018 Vol-mageddon + Q4 sell-off,-0.006135895848274231,-1,-0.02465003915131092,-1,0.02465003915131092,0.08945464878343046,,,,1,246.5003915131092,0.0035819783806800842,-0.08076487481594086,-0.006135895848274231,-1.3467111284400528
2018-12-14,fold_5,2018 Vol-mageddon + Q4 sell-off,-0.007711511105298996,-1,-0.02292048931121826,-1,0.02292048931121826,0.11237513809464872,,,,1,229.20489311218262,0.018229134380817413,-0.08759868144989014,-0.007711511105298996,-1.2038753790062104
2018-12-17,fold_5,2018 Vol-mageddon + Q4 sell-off,-0.007885608822107315,-1,0.006268845871090889,1,-0.006268845871090889,0.10610629222355783,,,,0,-62.68845871090889,0.013987965881824493,-0.08978883922100067,-0.007885608822107315,0.3242801571004377
2018-12-18,fold_5,2018 Vol-mageddon + Q4 sell-off,-0.008981700986623764,-1,-0.024861635640263557,-1,0.024861635640263557,0.1309679278638214,,,,1,248.61635640263557,0.01733032986521721,-0.035490769892930984,-0.008981700986623764,-1.283752666124262
2018-12-19,fold_5,2018 Vol-mageddon + Q4 sell-off,-0.008522018790245056,-1,-0.014601556584239006,-1,0.014601556584239006,0.1455694844480604,,,,1,146.01556584239006,0.012404855340719223,-0.006766404490917921,-0.008522018790245056,-0.7788662930931695
2018-12-20,fold_5,2018 Vol-mageddon + Q4 sell-off,-0.007791340351104736,-1,-0.03148384019732475,-1,0.03148384019732475,0.17705332464538515,,,,1,314.8384019732475,0.01591004803776741,0.007312349509447813,-0.007791340351104736,-1.6930339809025827
2018-12-21,fold_5,2018 Vol-mageddon + Q4 sell-off,-0.007828041911125183,-1,-0.025110647082328796,-1,0.025110647082328796,0.20216397172771394,,,,1,251.10647082328796,0.018073849380016327,0.047193724662065506,-0.007828041911125183,-1.2674572673187545
2018-12-24,fold_5,2018 Vol-mageddon + Q4 sell-off,-0.007441878318786621,-1,0.06056690961122513,1,-0.06056690961122513,0.14159706211648881,,,,0,-605.6690961122513,0.019926775246858597,0.07631570100784302,-0.007441878318786621,2.950446690963408
2018-12-26,fold_5,2018 Vol-mageddon + Q4 sell-off,-0.00978529080748558,-1,0.0038627306930720806,1,-0.0038627306930720806,0.13773433142341673,,,,0,-38.627306930720806,0.00871504470705986,-0.017467688769102097,-0.00978529080748558,0.1605697928539248
2018-12-27,fold_5,2018 Vol-mageddon + Q4 sell-off,-0.010063797235488892,-1,-0.0005228033987805247,-1,0.0005228033987805247,0.13825713482219726,,,,1,5.228033987805247,0.007893271744251251,0.020564427599310875,-0.010063797235488892,-0.021729065604608522
2018-12-28,fold_5,2018 Vol-mageddon + Q4 sell-off,-0.013755183666944504,-1,0.008397532626986504,1,-0.008397532626986504,0.12985960219521075,,,,0,-83.97532626986504,-0.0015054158866405487,0.03292231634259224,-0.013755183666944504,0.36520208009465255
2018-12-31,fold_5,2018 Vol-mageddon + Q4 sell-off,-0.02799980714917183,-1,0.00401133019477129,1,-0.00401133019477129,0.12584827200043947,,,,0,-40.1133019477129,-0.012832149863243103,0.03352988138794899,-0.02799980714917183,0.17395794166586181
2019-01-02,fold_5,2018 Vol-mageddon + Q4 sell-off,-0.03838895633816719,-1,-0.033216480165719986,-1,0.033216480165719986,0.15906475216615945,,,,1,332.16480165719986,-0.022982336580753326,0.03763500228524208,-0.03838895633816719,-1.4429433525971453
2019-01-03,fold_5,2018 Vol-mageddon + Q4 sell-off,-0.008273124694824219,-1,0.04189484566450119,1,-0.04189484566450119,0.11716990650165826,,,,0,-418.9484566450119,0.0012570954859256744,0.07370780408382416,-0.008273124694824219,1.7546651131761455
2019-01-04,fold_5,2018 Vol-mageddon + Q4 sell-off,-0.021288875490427017,-1,0.011835084296762943,1,-0.011835084296762943,0.10533482220489532,,,,0,-118.35084296762943,-0.02157990261912346,0.028147896751761436,-0.021288875490427017,0.4908543546392967
2019-01-07,fold_5,2018 Vol-mageddon + Q4 sell-off,-0.013456601649522781,-1,0.009005100466310978,1,-0.009005100466310978,0.09632972173858434,,,,0,-90.05100466310978,-0.015880223363637924,0.0074369218200445175,-0.013456601649522781,0.37203579793221414
2019-01-08,fold_5,2018 Vol-mageddon + Q4 sell-off,-0.010142449289560318,-1,0.008116450160741806,1,-0.008116450160741806,0.08821327157784253,,,,0,-81.16450160741806,-0.009637532755732536,0.01776972971856594,-0.010142449289560318,0.3513725713332447
2019-01-09,fold_5,2018 Vol-mageddon + Q4 sell-off,-0.008293721824884415,-1,0.0028563211672008038,1,-0.0028563211672008038,0.08535695041064173,,,,0,-28.563211672008038,-0.0027830414474010468,0.009468733333051205,-0.008293721824884415,0.12390206631015782
2019-01-10,fold_5,2018 Vol-mageddon + Q4 sell-off,-0.012855272740125656,-1,-0.0036650579422712326,-1,0.0036650579422712326,0.08902200835291296,,,,1,36.650579422712326,-0.0042158085852861404,0.014465805143117905,-0.012855272740125656,-0.15900432044947757
2019-01-11,fold_5,2018 Vol-mageddon + Q4 sell-off,-0.013493292033672333,-1,-0.00887589156627655,-1,0.00887589156627655,0.09789789991918951,,,,1,88.7589156627655,-0.010876450687646866,0.027982445433735847,-0.013493292033672333,-0.3862234557550303
2019-01-14,fold_5,2018 Vol-mageddon + Q4 sell-off,-0.02105036750435829,-1,0.019337907433509827,1,-0.019337907433509827,0.07855999248567969,,,,0,-193.37907433509827,-0.015342280268669128,0.016624685376882553,-0.02105036750435829,0.8383482210297947
2019-01-15,fold_5,2018 Vol-mageddon + Q4 sell-off,-0.00946243479847908,-1,-0.0001845464576035738,-1,0.0001845464576035738,0.07874453894328326,,,,1,1.845464576035738,-0.0012982115149497986,-0.0014171712100505829,-0.00946243479847908,-0.00808987921917732
2019-01-16,fold_5,2018 Vol-mageddon + Q4 sell-off,-0.006577353924512863,-1,0.007853393442928791,1,-0.007853393442928791,0.07089114550035447,,,,0,-78.53393442928791,-0.0022654905915260315,0.0052218688651919365,-0.006577353924512863,0.35329712750900966
2019-01-17,fold_5,2018 Vol-mageddon + Q4 sell-off,-0.007339727133512497,-1,0.009851583279669285,1,-0.009851583279669285,0.061039562220685184,,,,0,-98.51583279669285,-0.003964057192206383,0.009246372617781162,-0.007339727133512497,0.4426878625243031
2019-01-18,fold_5,2018 Vol-mageddon + Q4 sell-off,-0.009340915828943253,-1,-0.020233651623129845,-1,0.020233651623129845,0.08127321384381503,,,,1,202.33651623129845,0.0028538070619106293,-0.013034457340836525,-0.009340915828943253,-0.9341151823620253
2019-01-22,fold_5,2018 Vol-mageddon + Q4 sell-off,-0.012991257011890411,-1,0.0012960510794073343,1,-0.0012960510794073343,0.0799771627644077,,,,0,-12.960510794073343,0.0020811371505260468,-0.002287453506141901,-0.012991257011890411,0.05921816890991798
2019-01-23,fold_5,2018 Vol-mageddon + Q4 sell-off,-0.011441651731729507,-1,0.006454493384808302,1,-0.006454493384808302,0.07352266937959939,,,,0,-64.54493384808302,-0.010487152263522148,0.0215363297611475,-0.011441651731729507,0.31143682154349095
2019-01-24,fold_5,2018 Vol-mageddon + Q4 sell-off,-0.013643026351928711,-1,0.011877898126840591,1,-0.011877898126840591,0.0616447712527588,,,,0,-118.77898126840591,-0.008357703685760498,0.02993958815932274,-0.013643026351928711,0.5938378744339285
2019-01-25,fold_5,2018 Vol-mageddon + Q4 sell-off,-0.014147110283374786,-1,-0.012429247610270977,-1,0.012429247610270977,0.07407401886302978,,,,1,124.29247610270977,-0.004249980673193932,0.013830570504069328,-0.014147110283374786,-0.8309956368039547
2019-01-28,fold_5,2018 Vol-mageddon + Q4 sell-off,0.05132304131984711,1,-0.009486648254096508,-1,-0.009486648254096508,0.06458737060893327,,,,0,-94.86648254096508,0.01651742309331894,0.038604870438575745,0.05132304131984711,-0.62459246102514
2019-01-29,fold_5,2018 Vol-mageddon + Q4 sell-off,-0.006339285522699356,-1,0.025119835510849953,1,-0.025119835510849953,0.03946753509808332,,,,0,-251.19835510849953,0.027368180453777313,0.05690077319741249,-0.006339285522699356,1.6380173508875673
2019-01-30,fold_5,2018 Vol-mageddon + Q4 sell-off,-0.011434566229581833,-1,0.01485775038599968,1,-0.01485775038599968,0.024609784712083638,,,,0,-148.5775038599968,0.0043479278683662415,0.028794310986995697,-0.011434566229581833,0.9158159736361503
2019-01-31,fold_5,2018 Vol-mageddon + Q4 sell-off,-0.0114179328083992,-1,-0.004231119528412819,-1,0.004231119528412819,0.028840904240496457,,,,1,42.31119528412819,-0.0009392276406288147,0.00041609382606111467,-0.0114179328083992,-0.25587502014519004
2019-02-01,fold_5,2018 Vol-mageddon + Q4 sell-off,-0.014289580285549164,-1,0.01234505232423544,1,-0.01234505232423544,0.016495851916261017,,,,0,-123.4505232423544,-0.006859133020043373,0.006606902461498976,-0.014289580285549164,0.8338895394396779
2019-02-04,fold_5,2018 Vol-mageddon + Q4 sell-off,-0.013478480279445648,-1,0.008809252642095089,1,-0.008809252642095089,0.007686599274165928,,,,0,-88.09252642095089,-0.008545242249965668,-0.006687937770038843,-0.013478480279445648,0.7471241039746336
2019-02-05,fold_5,2018 Vol-mageddon + Q4 sell-off,-0.01270364597439766,-1,-0.0029866250697523355,-1,0.0029866250697523355,0.010673224343918264,,,,1,29.866250697523355,-0.004349764436483383,-0.0008191018714569509,-0.01270364597439766,-0.25619367299360474
2019-02-06,fold_5,2018 Vol-mageddon + Q4 sell-off,-0.012070737779140472,-1,-0.013520467095077038,-1,0.013520467095077038,0.0241936914389953,,,,1,135.20467095077038,-0.009165072813630104,0.002869384828954935,-0.012070737779140472,-1.175501688232634
2019-02-07,fold_5,2018 Vol-mageddon + Q4 sell-off,-0.02479473501443863,-1,0.001959689659997821,1,-0.001959689659997821,0.02223400177899748,,,,0,-19.59689659997821,-0.0015480518341064453,0.017617112025618553,-0.02479473501443863,0.1667357073202623
2019-02-08,fold_5,2018 Vol-mageddon + Q4 sell-off,-0.02740882709622383,-1,-0.0009497877908870578,-1,0.0009497877908870578,0.02318378956988454,,,,1,9.497877908870578,0.013688035309314728,0.019853880628943443,-0.02740882709622383,-0.08087375287144566
2019-02-11,fold_5,2018 Vol-mageddon + Q4 sell-off,-0.015099752694368362,-1,0.014678088948130608,1,-0.014678088948130608,0.008505700621753931,,,,0,-146.78088948130608,0.02747967466711998,0.022779028862714767,-0.015099752694368362,1.2526771766344347
2019-02-12,fold_5,2018 Vol-mageddon + Q4 sell-off,-0.013661105185747147,-1,0.0007018616888672113,1,-0.0007018616888672113,0.00780383893288672,,,,0,-7.018616888672113,-0.0019860900938510895,0.00792672112584114,-0.013661105185747147,0.05846206533534345
2019-02-13,fold_5,2018 Vol-mageddon + Q4 sell-off,-0.011525016278028488,-1,0.001227260334417224,1,-0.001227260334417224,0.006576578598469496,,,,0,-12.27260334417224,-0.0020614303648471832,0.0035608201287686825,-0.011525016278028488,0.10956938104039882
2019-02-14,fold_5,2018 Vol-mageddon + Q4 sell-off,-0.012551270425319672,-1,0.004196458030492067,1,-0.004196458030492067,0.0023801205679774284,,,,0,-41.96458030492067,-0.003088703379034996,0.00970625039190054,-0.012551270425319672,0.3745484592003061
2019-02-15,fold_5,2018 Vol-mageddon + Q4 sell-off,-0.013808008283376694,-1,0.001975360093638301,1,-0.001975360093638301,0.00040476047433912754,,,,0,-19.75360093638301,-0.0011371523141860962,0.009147333912551403,-0.013808008283376694,0.1778756870323239
2019-02-19,fold_5,2018 Vol-mageddon + Q4 sell-off,-0.01353023573756218,-1,-0.00017421865777578205,-1,0.00017421865777578205,0.0005789791321149096,,,,1,1.7421865777578205,-0.001524306833744049,0.008208819665014744,-0.01353023573756218,-0.015992804153815002
2019-02-20,fold_5,2018 Vol-mageddon + Q4 sell-off,-0.010730523616075516,-1,-0.0036640395410358906,-1,0.0036640395410358906,0.0042430186731508,,,,1,36.640395410358906,-0.003508351743221283,0.007749252486974001,-0.010730523616075516,-0.3697444191702923
2019-02-21,fold_5,2018 Vol-mageddon + Q4 sell-off,-0.009602420032024384,-1,0.007372690364718437,1,-0.007372690364718437,-0.003129671691567637,,,,0,-73.72690364718437,-0.0024963095784187317,0.009106521494686604,-0.009602420032024384,0.7417759552143991
2019-02-22,fold_5,2018 Vol-mageddon + Q4 sell-off,-0.012004796415567398,-1,0.0036375417839735746,1,-0.0036375417839735746,-0.006767213475541212,,,,0,-36.375417839735746,-0.0035224445164203644,0.00863878894597292,-0.012004796415567398,0.36480757635248523
2019-02-25,fold_5,2018 Vol-mageddon + Q4 sell-off,-0.009537361562252045,-1,0.0010368457296863198,1,-0.0010368457296863198,-0.0078040592052275315,,,,0,-10.368457296863198,0.0008895210921764374,0.005173328332602978,-0.009537361562252045,0.10749815623397956
2019-02-26,fold_5,2018 Vol-mageddon + Q4 sell-off,-0.008652977645397186,-1,-0.0006337863160297275,-1,0.0006337863160297275,-0.007170272889197804,,,,1,6.337863160297275,0.0033511146903038025,0.004881580825895071,-0.008652977645397186,-0.06859860697891929
2019-02-27,fold_5,2018 Vol-mageddon + Q4 sell-off,-0.008626233786344528,-1,-0.002306770533323288,-1,0.002306770533323288,-0.004863502355874516,,,,1,23.06770533323288,-0.0007917210459709167,-0.00017281183681916445,-0.008626233786344528,-0.2564972928000794
2019-02-28,fold_5,2018 Vol-mageddon + Q4 sell-off,-0.010129690170288086,-1,0.006904958747327328,1,-0.006904958747327328,-0.011768461103201844,,,,0,-69.04958747327328,0.0010852888226509094,-0.010214511305093765,-0.010129690170288086,0.9804763321443797
2019-03-01,fold_5,2018 Vol-mageddon + Q4 sell-off,-0.011068522930145264,-1,0.00017208090866915882,1,-0.00017208090866915882,-0.011940542011871003,,,,0,-1.7208090866915882,0.0013360120356082916,-0.018637001514434814,-0.011068522930145264,0.026893411076215196
2019-03-04,fold_5,2018 Vol-mageddon + Q4 sell-off,-0.01372787356376648,-1,0.0007450981065630913,1,-0.0007450981065630913,-0.012685640118434094,,,,0,-7.450981065630913,0.001451302319765091,0.0017753717256709933,-0.01372787356376648,0.11773856278902868
2019-03-05,fold_5,2018 Vol-mageddon + Q4 sell-off,-0.020689766854047775,-1,-0.005688178818672895,-1,0.005688178818672895,-0.0069974612997611985,,,,1,56.881788186728954,-0.005901603028178215,0.0065093920566141605,-0.020689766854047775,-0.9984404366472546
2019-03-06,fold_5,2018 Vol-mageddon + Q4 sell-off,-0.019131701439619064,-1,-0.012348470278084278,-1,0.012348470278084278,0.00535100897832308,,,,1,123.48470278084278,-0.011295007541775703,0.01968303509056568,-0.019131701439619064,-2.2472515457824884
2019-03-07,fold_5,2018 Vol-mageddon + Q4 sell-off,-0.008112166076898575,-1,-0.0015175314620137215,-1,0.0015175314620137215,0.006868540440336801,,,,1,15.175314620137215,-0.00463034026324749,0.030335213989019394,-0.008112166076898575,-0.2482345434549959
2019-03-08,fold_5,2018 Vol-mageddon + Q4 sell-off,-0.009821251034736633,-1,0.020584454759955406,1,-0.020584454759955406,-0.013715914319618605,,,,0,-205.84454759955406,-0.0032091904431581497,0.041090596467256546,-0.009821251034736633,3.8661865610744894
2019-03-11,fold_5,2018 Vol-mageddon + Q4 sell-off,-0.029101703315973282,-1,0.005479118321090937,1,-0.005479118321090937,-0.019195032640709542,,,,0,-54.79118321090937,-0.01741212047636509,0.022885199636220932,-0.029101703315973282,0.7800188928272659
2019-03-12,fold_5,2018 Vol-mageddon + Q4 sell-off,-0.023468147963285446,-1,0.007485463283956051,1,-0.007485463283956051,-0.026680495924665593,,,,0,-74.85463283956051,0.0031065568327903748,0.020762847736477852,-0.023468147963285446,1.0502638374398423
2019-03-13,fold_5,2018 Vol-mageddon + Q4 sell-off,-0.013976465910673141,-1,-0.0016962912632152438,-1,0.0016962912632152438,-0.02498420466145035,,,,1,16.962912632152438,-0.0032719001173973083,0.01723448745906353,-0.013976465910673141,-0.259205191477666
2019-03-14,fold_5,2018 Vol-mageddon + Q4 sell-off,-0.013431791216135025,-1,0.009237850084900856,1,-0.009237850084900856,-0.034222054746351205,,,,0,-92.37850084900856,-0.006179621443152428,0.03444202244281769,-0.013431791216135025,1.409647264496538
2019-03-15,fold_5,2018 Vol-mageddon + Q4 sell-off,-0.012961894273757935,-1,0.0023790590930730104,1,-0.0023790590930730104,-0.036601113839424215,,,,0,-23.790590930730104,-0.0021336153149604797,0.0029952730983495712,-0.012961894273757935,0.34651527241994967
2019-03-18,fold_5,2018 Vol-mageddon + Q4 sell-off,-0.01295214518904686,-1,0.003356766188517213,1,-0.003356766188517213,-0.03995788002794143,,,,0,-33.56766188517213,-0.004086282104253769,-0.0012897165725007653,-0.01295214518904686,0.49204903498740066
2019-03-19,fold_5,2018 Vol-mageddon + Q4 sell-off,-0.010609075427055359,-1,0.003957103006541729,1,-0.003957103006541729,-0.04391498303448316,,,,0,-39.57103006541729,-0.00462028943002224,0.0,-0.010609075427055359,0.5777674207829703
2019-03-20,fold_5,2018 Vol-mageddon + Q4 sell-off,-0.008610997349023819,-1,0.015511245466768742,1,-0.015511245466768742,-0.0594262285012519,,,,0,-155.11245466768742,0.0019483231008052826,-0.010400827042758465,-0.008610997349023819,2.2461296638731625
2019-03-21,fold_5,2018 Vol-mageddon + Q4 sell-off,-0.012226413935422897,-1,-0.02220890112221241,-1,0.02220890112221241,-0.03721732737903949,,,,1,222.0890112221241,-0.007798969745635986,-0.023610059171915054,-0.012226413935422897,-2.890170330312154
2019-03-22,fold_5,2018 Vol-mageddon + Q4 sell-off,-0.003144320100545883,-1,-0.001905930577777326,-1,0.001905930577777326,-0.03531139680126216,,,,1,19.05930577777326,0.026940353214740753,0.006141345482319593,-0.003144320100545883,-0.21178024690818373
2019-03-25,fold_5,2018 Vol-mageddon + Q4 sell-off,-0.020103029906749725,-1,0.004646482411772013,1,-0.004646482411772013,-0.039957879213034175,,,,0,-46.46482411772013,0.009611334651708603,0.021207502111792564,-0.020103029906749725,0.5178372879620403
2019-03-26,fold_5,2018 Vol-mageddon + Q4 sell-off,-0.02047032117843628,-1,-0.006443724036216736,-1,0.006443724036216736,-0.03351415517681744,,,,1,64.43724036216736,0.0064709484577178955,0.02034425549209118,-0.02047032117843628,-0.7136034369894386
2019-03-27,fold_5,2018 Vol-mageddon + Q4 sell-off,-0.02240651473402977,-1,0.0023020142689347267,1,-0.0023020142689347267,-0.035816169445752166,,,,0,-23.020142689347267,0.0019725412130355835,0.03251755237579346,-0.02240651473402977,0.25177956690205505
2019-03-28,fold_5,2018 Vol-mageddon + Q4 sell-off,-0.009579688310623169,-1,0.007542503532022238,1,-0.007542503532022238,-0.043358672977774404,,,,0,-75.42503532022238,-0.035304486751556396,0.029834916815161705,-0.009579688310623169,0.8249561163490199
2019-03-29,fold_5,2018 Vol-mageddon + Q4 sell-off,-0.013135455548763275,-1,0.013160225003957748,1,-0.013160225003957748,-0.05651889798173215,,,,0,-131.60225003957748,-0.004673514515161514,0.027450084686279297,-0.013135455548763275,1.4354417979438217
2019-04-01,fold_5,2018 Vol-mageddon + Q4 sell-off,-0.014204949140548706,-1,0.0037832369562238455,1,-0.0037832369562238455,-0.060302134937956,,,,0,-37.832369562238455,-0.0052011460065841675,0.01683189906179905,-0.014204949140548706,0.3929132302604623
2019-04-02,fold_5,2018 Vol-mageddon + Q4 sell-off,-0.013316385447978973,-1,0.005729572847485542,1,-0.005729572847485542,-0.06603170778544154,,,,0,-57.29572847485542,-0.0046729762107133865,0.009531304240226746,-0.013316385447978973,0.5928572924656258
2019-04-03,fold_5,2018 Vol-mageddon + Q4 sell-off,-0.012866448611021042,-1,-0.0003806223103310913,-1,0.0003806223103310913,-0.06565108547511045,,,,1,3.806223103310913,-0.006573019549250603,0.009153859689831734,-0.012866448611021042,-0.03937922860941791
2019-04-04,fold_5,2018 Vol-mageddon + Q4 sell-off,-0.014232873916625977,-1,0.00515767140313983,1,-0.00515767140313983,-0.07080875687825028,,,,0,-51.576714031398296,-0.007959563285112381,0.007159198634326458,-0.014232873916625977,0.5567941972777216
2019-04-05,fold_5,2018 Vol-mageddon + Q4 sell-off,-0.014124736189842224,-1,0.0025420398451387882,1,-0.0025420398451387882,-0.07335079672338907,,,,0,-25.420398451387882,-0.006790967658162117,0.006315842270851135,-0.014124736189842224,0.2725024093881886
2019-04-08,fold_5,2018 Vol-mageddon + Q4 sell-off,-0.012039009481668472,-1,-0.0035173578653484583,-1,0.0035173578653484583,-0.06983343885804061,,,,1,35.17357865348458,-0.003317011520266533,0.003935340326279402,-0.012039009481668472,-0.43243918616901417
2019-04-09,fold_5,2018 Vol-mageddon + Q4 sell-off,-0.01031702384352684,-1,0.005352128762751818,1,-0.005352128762751818,-0.07518556762079243,,,,0,-53.52128762751818,-0.006777087226510048,0.010890415869653225,-0.01031702384352684,0.6624467096671369
2019-04-10,fold_5,2018 Vol-mageddon + Q4 sell-off,-0.009349122643470764,-1,-0.0023752839770168066,-1,0.0023752839770168066,-0.07281028364377562,,,,1,23.752839770168066,-0.0035718660801649094,0.009017187170684338,-0.009349122643470764,-0.29712804898278294
2019-04-11,fold_5,2018 Vol-mageddon + Q4 sell-off,-0.011019337922334671,-1,0.004314315505325794,1,-0.004314315505325794,-0.07712459914910141,,,,0,-43.14315505325794,-0.002866750583052635,0.012674174271523952,-0.011019337922334671,0.5391018631979752
2019-04-12,fold_5,2018 Vol-mageddon + Q4 sell-off,-0.011700678616762161,-1,0.0001615378278074786,1,-0.0001615378278074786,-0.07728613697690889,,,,0,-1.615378278074786,-0.005838481709361076,0.011184216476976871,-0.011700678616762161,0.020732427437063147
2019-04-15,fold_5,2018 Vol-mageddon + Q4 sell-off,-0.010633192956447601,-1,0.0034377172123640776,1,-0.0034377172123640776,-0.08072385418927297,,,,0,-34.377172123640776,-0.003897637128829956,0.02366057224571705,-0.010633192956447601,0.4422379245469731
2019-04-16,fold_5,2018 Vol-mageddon + Q4 sell-off,-0.010965120047330856,-1,0.0034789007622748613,1,-0.0034789007622748613,-0.08420275495154783,,,,0,-34.78900762274861,-0.004554975777864456,0.0170652624219656,-0.010965120047330856,0.44743409613884627
2019-04-17,fold_5,2018 Vol-mageddon + Q4 sell-off,-0.016496267169713974,-1,0.001281703356653452,1,-0.001281703356653452,-0.08548445830820128,,,,0,-12.81703356653452,-0.015485567972064018,0.017636874690651894,-0.016496267169713974,0.16508748451011285
2019-04-18,fold_5,2018 Vol-mageddon + Q4 sell-off,-0.013210799545049667,-1,0.002824357245117426,1,-0.002824357245117426,-0.08830881555331871,,,,0,-28.24357245117426,-0.01450398564338684,0.01724712736904621,-0.013210799545049667,0.4062728922046816
2019-04-22,fold_5,2018 Vol-mageddon + Q4 sell-off,-0.01386146992444992,-1,0.012637894600629807,1,-0.012637894600629807,-0.10094671015394852,,,,0,-126.37894600629807,-0.01008516550064087,0.016361890360713005,-0.01386146992444992,2.5761801972299163
2019-04-23,fold_5,2018 Vol-mageddon + Q4 sell-off,-0.011838462203741074,-1,-0.0031575928442180157,-1,0.0031575928442180157,-0.0977891173097305,,,,1,31.575928442180157,-0.007216954603791237,-0.004054222255945206,-0.011838462203741074,-0.5593278337476337
2019-04-24,fold_5,2018 Vol-mageddon + Q4 sell-off,-0.012318328022956848,-1,0.004050512798130512,1,-0.004050512798130512,-0.10183963010786101,,,,0,-40.50512798130512,-0.0113824512809515,-0.004119951277971268,-0.012318328022956848,0.7241279199257808
2019-04-25,fold_5,2018 Vol-mageddon + Q4 sell-off,-0.013619136065244675,-1,0.0008919559768401086,1,-0.0008919559768401086,-0.10273158608470112,,,,0,-8.919559768401086,-0.009765593335032463,-0.012520142830908298,-0.013619136065244675,0.16275839997497182
2019-04-26,fold_5,2018 Vol-mageddon + Q4 sell-off,-0.01367657259106636,-1,0.0019391197711229324,1,-0.0019391197711229324,-0.10467070585582405,,,,0,-19.391197711229324,-0.004887990653514862,0.002410326385870576,-0.01367657259106636,0.3551721476100761
2019-04-29,fold_5,2018 Vol-mageddon + Q4 sell-off,-0.013622529804706573,-1,-0.007778218016028404,-1,0.007778218016028404,-0.09689248783979565,,,,1,77.78218016028404,-0.010016337037086487,-0.005670021288096905,-0.013622529804706573,-1.4927381154327648
2020-04-28,fold_6,COVID crash and V-recovery,-0.014232371002435684,-1,0.034846752882003784,1,-0.034846752882003784,-0.034846752882003784,,,,0,-348.46752882003784,-0.014996331185102463,0.02870927006006241,-0.014232371002435684,1.349116258860208
2020-04-29,fold_6,COVID crash and V-recovery,-0.012426886707544327,-1,-0.00041101736132986844,-1,0.00041101736132986844,-0.034435735520673916,,,,1,4.110173613298684,-0.010591072961688042,0.0,-0.012426886707544327,-0.015273329603258962
2020-04-30,fold_6,COVID crash and V-recovery,-0.013625428080558777,-1,-0.02858983725309372,-1,0.02858983725309372,-0.005845898267580196,,,,1,285.8983725309372,-0.018659254536032677,0.013205603696405888,-0.013625428080558777,-1.139100475499464
2020-05-01,fold_6,COVID crash and V-recovery,-0.02196236327290535,-1,0.011590042151510715,1,-0.011590042151510715,-0.017435940419090912,,,,0,-115.90042151510715,-0.08275535702705383,0.05540729686617851,-0.02196236327290535,0.454380527434365
2020-05-04,fold_6,COVID crash and V-recovery,0.01970903016626835,1,0.011273329146206379,1,0.011273329146206379,-0.006162611272884533,,,,1,112.73329146206379,-0.09059382975101471,0.05271638184785843,0.01970903016626835,0.4431575926811178
2020-05-05,fold_6,COVID crash and V-recovery,-0.020147401839494705,-1,0.006137482821941376,1,-0.006137482821941376,-0.012300094094825909,,,,0,-61.37482821941376,-0.1393541395664215,0.020283684134483337,-0.020147401839494705,0.3012582525123526
2020-05-06,fold_6,COVID crash and V-recovery,0.005206581205129623,1,0.012794585898518562,1,0.012794585898518562,0.0004944918036926538,,,,1,127.94585898518562,-0.055519137531518936,0.0015512654790654778,0.005206581205129623,0.6266082108417178
2020-05-07,fold_6,COVID crash and V-recovery,0.012905217707157135,1,0.013611855916678905,1,0.013611855916678905,0.01410634772037156,,,,1,136.11855916678905,-0.12944260239601135,4.5156863052397966e-05,0.012905217707157135,0.6780198336118983
2020-05-08,fold_6,COVID crash and V-recovery,-0.016407553106546402,-1,0.008899128064513206,1,-0.008899128064513206,0.005207219655858353,,,,0,-88.99128064513206,-0.0214080810546875,-0.007096275221556425,-0.016407553106546402,0.4383214928755762
2020-05-11,fold_6,COVID crash and V-recovery,-0.01636633649468422,-1,-0.021159369498491287,-1,0.021159369498491287,0.02636658915434964,,,,1,211.59369498491287,-0.015041785314679146,0.002465191762894392,-0.01636633649468422,-1.0444928112474263
2020-05-12,fold_6,COVID crash and V-recovery,-0.02669888362288475,-1,-0.012594935484230518,-1,0.012594935484230518,0.03896152463858016,,,,1,125.94935484230518,-0.15315307676792145,0.021115215495228767,-0.02669888362288475,-0.6809020398622824
2020-05-13,fold_6,COVID crash and V-recovery,-0.01070103794336319,-1,0.011288478039205074,1,-0.011288478039205074,0.027673046599375084,,,,0,-112.88478039205074,-0.03256060183048248,0.053481537848711014,-0.01070103794336319,0.6091367844048735
2020-05-14,fold_6,COVID crash and V-recovery,-0.01381753757596016,-1,0.006470423191785812,1,-0.006470423191785812,0.02120262340758927,,,,0,-64.70423191785812,-0.11148452758789062,0.031242623925209045,-0.01381753757596016,0.3543286206546096
2020-05-15,fold_6,COVID crash and V-recovery,-0.02505725622177124,-1,0.018460595980286598,1,-0.018460595980286598,0.0027420274273026735,,,,0,-184.60595980286598,-0.05761869624257088,0.028218109160661697,-0.02505725622177124,1.0146429521600169
2020-05-18,fold_6,COVID crash and V-recovery,-0.012497339397668839,-1,-0.002509345533326268,-1,0.002509345533326268,0.005251372960628942,,,,1,25.093455333262682,-0.03164757415652275,0.0070541235618293285,-0.012497339397668839,-0.1358947902996018
2020-05-19,fold_6,COVID crash and V-recovery,-0.039760421961545944,-1,0.019771385937929153,1,-0.019771385937929153,-0.014520012977300212,,,,0,-197.71385937929153,-0.08277412503957748,0.015006253495812416,-0.039760421961545944,1.2019011447599568
2020-05-20,fold_6,COVID crash and V-recovery,-0.017821304500102997,-1,-0.010950435884296894,-1,0.010950435884296894,-0.0035695770930033177,,,,1,109.50435884296894,-0.021067703142762184,-0.006068696733564138,-0.017821304500102997,-0.6962042515893885
2020-05-21,fold_6,COVID crash and V-recovery,-0.016224369406700134,-1,0.003445908660069108,1,-0.003445908660069108,-0.007015485753072426,,,,0,-34.45908660069108,-0.022846724838018417,0.01942809484899044,-0.016224369406700134,0.21657318928388547
2020-05-22,fold_6,COVID crash and V-recovery,-0.017260950058698654,-1,-0.0027033903170377016,-1,0.0027033903170377016,-0.004312095436034724,,,,1,27.033903170377016,-0.02569989673793316,0.018977487459778786,-0.017260950058698654,-0.17395546199459244
2020-05-26,fold_6,COVID crash and V-recovery,-0.021323688328266144,-1,0.005442784167826176,1,-0.005442784167826176,-0.0097548796038609,,,,0,-54.42784167826176,-0.0379447303712368,0.028366241604089737,-0.021323688328266144,0.3523078665915714
2020-05-27,fold_6,COVID crash and V-recovery,-0.016308903694152832,-1,-0.00130356359295547,-1,0.00130356359295547,-0.00845131601090543,,,,1,13.0356359295547,-0.02411363273859024,0.02741178125143051,-0.016308903694152832,-0.08747495646310993
2020-05-28,fold_6,COVID crash and V-recovery,-0.018318578600883484,-1,0.014546356163918972,1,-0.014546356163918972,-0.022997672174824402,,,,0,-145.46356163918972,-0.04962090402841568,0.02167745679616928,-0.018318578600883484,1.144836825768415
2020-05-29,fold_6,COVID crash and V-recovery,-0.015625692903995514,-1,0.002995300805196166,1,-0.002995300805196166,-0.025992972980020568,,,,0,-29.95300805196166,-0.029547663405537605,0.026764295995235443,-0.015625692903995514,0.22837949258839393
2020-06-01,fold_6,COVID crash and V-recovery,-0.016164608299732208,-1,0.006685362663120031,1,-0.006685362663120031,-0.0326783356431406,,,,0,-66.85362663120031,-0.014539536088705063,0.03149901330471039,-0.016164608299732208,0.5827813231771511
2020-06-02,fold_6,COVID crash and V-recovery,-0.017212074249982834,-1,0.004488324746489525,1,-0.004488324746489525,-0.037166660389630124,,,,0,-44.88324746489525,-0.01638394594192505,0.032032568007707596,-0.017212074249982834,0.3980972830499163
2020-06-03,fold_6,COVID crash and V-recovery,-0.016906820237636566,-1,-0.007037887815386057,-1,0.007037887815386057,-0.030128772574244067,,,,1,70.37887815386057,-0.015864094719290733,0.03947428986430168,-0.016906820237636566,-0.6377926107384717
2020-06-04,fold_6,COVID crash and V-recovery,-0.017212089151144028,-1,0.01963319443166256,1,-0.01963319443166256,-0.04976196700590663,,,,0,-196.3319443166256,-0.013537062332034111,-0.0043064602650702,-0.017212089151144028,1.7748960173917738
2020-06-05,fold_6,COVID crash and V-recovery,-0.0169619619846344,-1,0.00773001741617918,1,-0.00773001741617918,-0.05749198442208581,,,,0,-77.3001741617918,-0.014404725283384323,-0.016023224219679832,-0.0169619619846344,0.6691537153486794
2020-06-08,fold_6,COVID crash and V-recovery,-0.017017357051372528,-1,0.007218916900455952,1,-0.007218916900455952,-0.06471090132254176,,,,0,-72.18916900455952,-0.012086648494005203,-0.011659504845738411,-0.017017357051372528,0.6401453804806366
2020-06-09,fold_6,COVID crash and V-recovery,-0.01571020483970642,-1,0.01193004846572876,1,-0.01193004846572876,-0.07664094978827052,,,,0,-119.3004846572876,-0.01175013929605484,-0.0018512934911996126,-0.01571020483970642,1.0635877806641232
2020-06-10,fold_6,COVID crash and V-recovery,-0.01809476688504219,-1,-0.050818637013435364,-1,0.050818637013435364,-0.025822312774835154,,,,1,508.18637013435364,-0.016601940616965294,-0.01061584148555994,-0.01809476688504219,-4.833366497560921
2020-06-11,fold_6,COVID crash and V-recovery,-0.027560267597436905,-1,0.007916430942714214,1,-0.007916430942714214,-0.03373874371754937,,,,0,-79.16430942714214,-0.03386445716023445,0.04290812090039253,-0.027560267597436905,0.5200283997094477
2020-06-12,fold_6,COVID crash and V-recovery,-0.022182662039995193,-1,0.012093736790120602,1,-0.012093736790120602,-0.04583248050766997,,,,0,-120.93736790120602,-0.01895024999976158,0.0348283015191555,-0.022182662039995193,0.8000435567549711
2020-06-15,fold_6,COVID crash and V-recovery,-0.02337561547756195,-1,0.017027128487825394,1,-0.017027128487825394,-0.06285960899549536,,,,0,-170.27128487825394,-0.027343444526195526,0.03465566039085388,-0.02337561547756195,1.1137561430626872
2020-06-16,fold_6,COVID crash and V-recovery,-0.026505526155233383,-1,0.0031655009370297194,1,-0.0031655009370297194,-0.06602510993252508,,,,0,-31.655009370297194,-0.07967205345630646,0.026103550568223,-0.026505526155233383,0.20819354101787516
2020-06-17,fold_6,COVID crash and V-recovery,-0.03240407630801201,-1,0.002705324674025178,1,-0.002705324674025178,-0.06873043460655026,,,,0,-27.05324674025178,-0.052713826298713684,0.002107067499309778,-0.03240407630801201,0.1778563538394904
2020-06-18,fold_6,COVID crash and V-recovery,-0.01840854436159134,-1,-0.00016339019930455834,-1,0.00016339019930455834,-0.0685670444072457,,,,1,1.6339019930455834,-0.021012945100665092,0.008876042440533638,-0.01840854436159134,-0.011216744710318296
2020-06-19,fold_6,COVID crash and V-recovery,-0.012851916253566742,-1,0.01192109752446413,1,-0.01192109752446413,-0.08048814193170983,,,,0,-119.2109752446413,-0.0055998098105192184,-0.01485886238515377,-0.012851916253566742,0.8301943175953945
2020-06-22,fold_6,COVID crash and V-recovery,-0.014382220804691315,-1,0.008475018665194511,1,-0.008475018665194511,-0.08896316059690434,,,,0,-84.75018665194511,-0.013711635023355484,-0.01593226008117199,-0.014382220804691315,0.5811019860795387
2020-06-23,fold_6,COVID crash and V-recovery,-0.015319637954235077,-1,-0.02083098329603672,-1,0.02083098329603672,-0.06813217730086762,,,,1,208.3098329603672,-0.011283056810498238,-0.004995599389076233,-0.015319637954235077,-1.4175974704980616
2020-06-24,fold_6,COVID crash and V-recovery,-0.02552459016442299,-1,0.009474299848079681,1,-0.009474299848079681,-0.0776064771489473,,,,0,-94.74299848079681,-0.018914470449090004,0.02743980661034584,-0.02552459016442299,0.6165341995312399
2020-06-25,fold_6,COVID crash and V-recovery,0.00034227222204208374,1,-0.023898296058177948,-1,-0.023898296058177948,-0.10150477320712525,,,,0,-238.98296058177948,-0.05576910823583603,0.02472933940589428,0.00034227222204208374,-1.5408676806680528
2020-06-26,fold_6,COVID crash and V-recovery,-0.016437500715255737,-1,0.010847700759768486,1,-0.010847700759768486,-0.11235247396689374,,,,0,-108.47700759768486,0.0014428570866584778,0.07291491329669952,-0.016437500715255737,0.6746617427209867
2020-06-29,fold_6,COVID crash and V-recovery,-0.003933414816856384,-1,0.01941167749464512,1,-0.01941167749464512,-0.13176415146153886,,,,0,-194.1167749464512,-0.03979027643799782,0.05515451729297638,-0.003933414816856384,1.1947957833765366
2020-06-30,fold_6,COVID crash and V-recovery,-0.016997337341308594,-1,0.011604422703385353,1,-0.011604422703385353,-0.1433685741649242,,,,0,-116.04422703385353,-0.0823976993560791,0.048828642815351486,-0.016997337341308594,0.692796584541074
2020-07-01,fold_6,COVID crash and V-recovery,-0.015659604221582413,-1,0.00676383264362812,1,-0.00676383264362812,-0.15013240680855233,,,,0,-67.6383264362812,-0.03180813789367676,0.04561207443475723,-0.015659604221582413,0.39974959804786203
2020-07-02,fold_6,COVID crash and V-recovery,-0.013593394309282303,-1,0.024287275969982147,1,-0.024287275969982147,-0.17441968277853448,,,,0,-242.87275969982147,-0.023953203111886978,0.04565257206559181,-0.013593394309282303,1.4358778581058032
2020-07-06,fold_6,COVID crash and V-recovery,-0.014277268201112747,-1,-0.006912693381309509,-1,0.006912693381309509,-0.16750698939722497,,,,1,69.12693381309509,-0.010462108999490738,0.0005803222302347422,-0.014277268201112747,-0.40157268428087856
2020-07-07,fold_6,COVID crash and V-recovery,-0.014520790427923203,-1,0.01308580581098795,1,-0.01308580581098795,-0.18059279520821292,,,,0,-130.8580581098795,-0.009837683290243149,0.014546205289661884,-0.014520790427923203,0.760950319818398
2020-07-08,fold_6,COVID crash and V-recovery,-0.00958111509680748,-1,0.008387851528823376,1,-0.008387851528823376,-0.1889806467370363,,,,0,-83.87851528823376,-0.01413298025727272,0.0034939206670969725,-0.00958111509680748,0.4829213491086964
2020-07-09,fold_6,COVID crash and V-recovery,-0.020518019795417786,-1,0.006804332137107849,1,-0.006804332137107849,-0.19578497887414414,,,,0,-68.04332137107849,-0.017643164843320847,-0.01173989288508892,-0.020518019795417786,0.39410950525264227
2020-07-10,fold_6,COVID crash and V-recovery,-0.015754934400320053,-1,-0.020784974098205566,-1,0.020784974098205566,-0.17500000477593858,,,,1,207.84974098205566,-0.016154970973730087,-0.017386941239237785,-0.015754934400320053,-1.5882076019087286
2020-07-13,fold_6,COVID crash and V-recovery,0.0003417991101741791,1,0.007053189445286989,1,0.007053189445286989,-0.1679468153306516,,,,1,70.53189445286989,-0.027321992442011833,0.031374141573905945,0.0003417991101741791,0.5120446139780346
2020-07-14,fold_6,COVID crash and V-recovery,-0.01377076655626297,-1,0.0020335218869149685,1,-0.0020335218869149685,-0.16998033721756656,,,,0,-20.335218869149685,-0.026670880615711212,0.013845482841134071,-0.01377076655626297,0.14954269287114882
2020-07-15,fold_6,COVID crash and V-recovery,-0.013200260698795319,-1,-0.006845961790531874,-1,0.006845961790531874,-0.16313437542703468,,,,1,68.45961790531874,-0.021397393196821213,0.01532869040966034,-0.013200260698795319,-0.5241009812391734
2020-07-16,fold_6,COVID crash and V-recovery,-0.014394644647836685,-1,0.0011572843650355935,1,-0.0011572843650355935,-0.16429165979207028,,,,0,-11.572843650355935,-0.02346682921051979,-0.004292608238756657,-0.014394644647836685,0.08812283189001813
2020-07-17,fold_6,COVID crash and V-recovery,-0.014591053128242493,-1,0.027976106852293015,1,-0.027976106852293015,-0.1922677666443633,,,,0,-279.76106852293015,-0.01731257326900959,-0.01499137282371521,-0.014591053128242493,2.132123708338193
2020-07-20,fold_6,COVID crash and V-recovery,-0.012052718549966812,-1,-0.010475467890501022,-1,0.010475467890501022,-0.18179229875386227,,,,1,104.75467890501022,-0.011349521577358246,-0.025281477719545364,-0.012052718549966812,-0.7206510227050099
2020-07-21,fold_6,COVID crash and V-recovery,-0.014138873666524887,-1,0.0035167301539331675,1,-0.0035167301539331675,-0.18530902890779544,,,,0,-35.167301539331675,-0.010278258472681046,-0.027612756937742233,-0.014138873666524887,0.24286262614215368
2020-07-22,fold_6,COVID crash and V-recovery,-0.011856943368911743,-1,-0.026467259973287582,-1,0.026467259973287582,-0.15884176893450785,,,,1,264.6725997328758,-0.012273827567696571,-0.019669238477945328,-0.011856943368911743,-1.8409053843650716
2020-07-23,fold_6,COVID crash and V-recovery,-0.01703657954931259,-1,-0.009541480801999569,-1,0.009541480801999569,-0.14930028813250829,,,,1,95.41480801999569,-0.02797313593327999,0.012019885703921318,-0.01703657954931259,-0.6432334964953011
2020-07-24,fold_6,COVID crash and V-recovery,-0.017115410417318344,-1,0.01768600009381771,1,-0.01768600009381771,-0.166986288226326,,,,0,-176.8600009381771,-0.037697602063417435,0.03924935311079025,-0.017115410417318344,1.1921186983156284
2020-07-27,fold_6,COVID crash and V-recovery,-0.006538324058055878,-1,-0.012806747108697891,-1,0.012806747108697891,-0.1541795411176281,,,,1,128.0674710869789,-0.02610967308282852,0.034980401396751404,-0.006538324058055878,-0.8897363445671662
2020-07-28,fold_6,COVID crash and V-recovery,0.0017522312700748444,1,0.011460249312222004,1,0.011460249312222004,-0.1427192918054061,,,,1,114.60249312222004,-0.008349534124135971,0.05149209499359131,0.0017522312700748444,0.7917747031445751
2020-07-29,fold_6,COVID crash and V-recovery,-0.009375479072332382,-1,0.0052218628115952015,1,-0.0052218628115952015,-0.1479411546170013,,,,0,-52.218628115952015,-0.03465058654546738,0.042506542056798935,-0.009375479072332382,0.3718284970110825
2020-07-30,fold_6,COVID crash and V-recovery,-0.025828544050455093,-1,0.01768798753619194,1,-0.01768798753619194,-0.16562914215319324,,,,0,-176.8798753619194,-0.041014306247234344,0.05044260248541832,-0.025828544050455093,1.2769965562045513
2020-07-31,fold_6,COVID crash and V-recovery,-0.015267465263605118,-1,0.013417048379778862,1,-0.013417048379778862,-0.1790461905329721,,,,0,-134.17048379778862,-0.00844716839492321,0.021145181730389595,-0.015267465263605118,0.9366016124301634
2020-08-03,fold_6,COVID crash and V-recovery,-0.015136536210775375,-1,0.003704946953803301,1,-0.003704946953803301,-0.1827511374867754,,,,0,-37.04946953803301,-0.011801376938819885,0.0034460306633263826,-0.015136536210775375,0.27259952974596996
2020-08-04,fold_6,COVID crash and V-recovery,-0.016154833137989044,-1,0.0024746968410909176,1,-0.0024746968410909176,-0.18522583432786632,,,,0,-24.746968410909176,-0.007699640467762947,-0.01938198134303093,-0.016154833137989044,0.18292635050540385
2020-08-05,fold_6,COVID crash and V-recovery,-0.013828445225954056,-1,0.013157923705875874,1,-0.013157923705875874,-0.1983837580337422,,,,0,-131.57923705875874,-0.005586767569184303,0.0029841316863894463,-0.013828445225954056,0.9953246352301299
2020-08-06,fold_6,COVID crash and V-recovery,-0.01372583955526352,-1,-0.011609433218836784,-1,0.011609433218836784,-0.1867743248149054,,,,1,116.09433218836784,-0.004927985370159149,-0.00789579376578331,-0.01372583955526352,-0.8655564505121134
2020-08-07,fold_6,COVID crash and V-recovery,-0.013705212622880936,-1,-0.004282103851437569,-1,0.004282103851437569,-0.18249222096346784,,,,1,42.82103851437569,-0.009636083617806435,0.002538258209824562,-0.013705212622880936,-0.315403274167436
2020-08-10,fold_6,COVID crash and V-recovery,-0.014212418347597122,-1,-0.01912306621670723,-1,0.01912306621670723,-0.16336915474676061,,,,1,191.2306621670723,-0.008507246151566505,0.018364673480391502,-0.014212418347597122,-1.4949017218268141
2020-08-11,fold_6,COVID crash and V-recovery,-0.013820525258779526,-1,0.024840809404850006,1,-0.024840809404850006,-0.18820996415161062,,,,0,-248.40809404850006,-0.005867794156074524,0.04706699773669243,-0.013820525258779526,1.854425462059186
2020-08-12,fold_6,COVID crash and V-recovery,-0.015567857772111893,-1,0.002277998486533761,1,-0.002277998486533761,-0.19048796263814438,,,,0,-22.77998486533761,-0.018085651099681854,0.015475744381546974,-0.015567857772111893,0.1571654526123982
2020-08-13,fold_6,COVID crash and V-recovery,-0.013459421694278717,-1,-0.0011753810103982687,-1,0.0011753810103982687,-0.1893125816277461,,,,1,11.753810103982687,-0.010606996715068817,0.026974011212587357,-0.013459421694278717,-0.08149801908205123
2020-08-14,fold_6,COVID crash and V-recovery,-0.013346228748559952,-1,0.011544312350451946,1,-0.011544312350451946,-0.20085689397819806,,,,0,-115.44312350451946,-0.010095937177538872,0.03505614399909973,-0.013346228748559952,0.8004500661944717
2020-08-17,fold_6,COVID crash and V-recovery,-0.012809477746486664,-1,0.009579257108271122,1,-0.009579257108271122,-0.21043615108646918,,,,0,-95.79257108271122,-0.0034105274826288223,0.029736364260315895,-0.012809477746486664,0.7230246261558297
2020-08-18,fold_6,COVID crash and V-recovery,-0.012194056063890457,-1,-0.006750442553311586,-1,0.006750442553311586,-0.2036857085331576,,,,1,67.50442553311586,-0.0011310875415802002,0.027988793328404427,-0.012194056063890457,-0.510820204822413
2020-08-19,fold_6,COVID crash and V-recovery,-0.012552600353956223,-1,0.013776266016066074,1,-0.013776266016066074,-0.21746197454922367,,,,0,-137.76266016066074,-0.010392595082521439,0.05585353076457977,-0.012552600353956223,1.037559246659717
2020-08-20,fold_6,COVID crash and V-recovery,-0.01791634038090706,-1,0.0069067515432834625,1,-0.0069067515432834625,-0.22436872609250713,,,,0,-69.06751543283463,-0.01746443845331669,0.038955897092819214,-0.01791634038090706,0.5625156236933915
2020-08-21,fold_6,COVID crash and V-recovery,-0.013689499348402023,-1,0.006224532146006823,1,-0.006224532146006823,-0.23059325823851395,,,,0,-62.245321460068226,-0.004292421042919159,0.0371214896440506,-0.013689499348402023,0.5106356876868382
2020-08-24,fold_6,COVID crash and V-recovery,-0.01492457464337349,-1,0.007831685245037079,1,-0.007831685245037079,-0.23842494348355103,,,,0,-78.31685245037079,-0.015360023826360703,0.038897957652807236,-0.01492457464337349,0.6743238686894301
2020-08-25,fold_6,COVID crash and V-recovery,-0.015789471566677094,-1,0.021114297211170197,1,-0.021114297211170197,-0.25953924069472123,,,,0,-211.14297211170197,-0.013112351298332214,0.04801339656114578,-0.015789471566677094,1.8535998038712649
2020-08-26,fold_6,COVID crash and V-recovery,-0.010175410658121109,-1,-0.003121370915323496,-1,0.003121370915323496,-0.25641786977939773,,,,1,31.21370915323496,-0.0052514467388391495,0.036324240267276764,-0.010175410658121109,-0.2587895593319744
2020-08-27,fold_6,COVID crash and V-recovery,-0.013352680951356888,-1,0.005072346422821283,1,-0.005072346422821283,-0.261490216202219,,,,0,-50.72346422821283,-0.011668423190712929,-0.012585151940584183,-0.013352680951356888,0.42181512853870085
2020-08-28,fold_6,COVID crash and V-recovery,-0.012883391231298447,-1,0.008001000620424747,1,-0.008001000620424747,-0.26949121682264376,,,,0,-80.01000620424747,-0.00907236896455288,-0.03107313998043537,-0.012883391231298447,0.7010740917333799
2020-08-31,fold_6,COVID crash and V-recovery,-0.011297948658466339,-1,0.016947124153375626,1,-0.016947124153375626,-0.2864383409760194,,,,0,-169.47124153375626,-0.005277371034026146,-0.08833174407482147,-0.011297948658466339,1.519174036231336
2020-09-01,fold_6,COVID crash and V-recovery,-0.010194364935159683,-1,0.009425140917301178,1,-0.009425140917301178,-0.29586348189332057,,,,0,-94.25140917301178,-0.008102329447865486,-0.07632622867822647,-0.010194364935159683,0.8019761973282619
2020-09-02,fold_6,COVID crash and V-recovery,-0.012324094772338867,-1,-0.052030764520168304,-1,0.052030764520168304,-0.24383271737315226,,,,1,520.307645201683,-0.01796235889196396,-0.10588965564966202,-0.012324094772338867,-4.362421233254415
2020-09-03,fold_6,COVID crash and V-recovery,-0.015012163668870926,-1,-0.013415642082691193,-1,0.013415642082691193,-0.23041707529046107,,,,1,134.15642082691193,-0.01964341476559639,-0.0608224980533123,-0.015012163668870926,-0.8180304219831065
2020-09-04,fold_6,COVID crash and V-recovery,-0.01815570890903473,-1,-0.04925760254263878,-1,0.04925760254263878,-0.1811594727478223,,,,1,492.5760254263878,0.010534722357988358,-0.03014158084988594,-0.01815570890903473,-2.99098501352186
2020-09-08,fold_6,COVID crash and V-recovery,-0.013142362236976624,-1,0.028952637687325478,1,-0.028952637687325478,-0.21011211043514777,,,,0,-289.5263768732548,0.011526603251695633,0.033189885318279266,-0.013142362236976624,1.4630448928429223
2020-09-09,fold_6,COVID crash and V-recovery,-0.01289261132478714,-1,-0.020138287916779518,-1,0.020138287916779518,-0.18997382251836825,,,,1,201.38287916779518,0.004574090242385864,-0.011837474070489407,-0.01289261132478714,-0.9882583616877233
2020-09-10,fold_6,COVID crash and V-recovery,-0.009009916335344315,-1,-0.006963605526834726,-1,0.006963605526834726,-0.18301021699153353,,,,1,69.63605526834726,0.01168263703584671,-0.007444728631526232,-0.009009916335344315,-0.3461658618806676
2020-09-11,fold_6,COVID crash and V-recovery,-0.0065576545894145966,-1,0.017265276983380318,1,-0.017265276983380318,-0.20027549397491384,,,,0,-172.65276983380318,0.021347705274820328,-0.01332566887140274,-0.0065576545894145966,0.8559825585801524
2020-09-14,fold_6,COVID crash and V-recovery,-0.008294884115457535,-1,0.014073864556849003,1,-0.014073864556849003,-0.21434935853176285,,,,0,-140.73864556849003,0.005071800202131271,-0.028195757418870926,-0.008294884115457535,0.6853734804594767
2020-09-15,fold_6,COVID crash and V-recovery,-0.03394373133778572,-1,-0.01607472263276577,-1,0.01607472263276577,-0.19827463589899708,,,,1,160.7472263276577,-0.09042975306510925,-0.023861397057771683,-0.03394373133778572,-0.7798215646588044
2020-09-16,fold_6,COVID crash and V-recovery,-0.02790318801999092,-1,-0.01574554108083248,-1,0.01574554108083248,-0.1825290948181646,,,,1,157.4554108083248,-0.03212171792984009,-0.03879699110984802,-0.02790318801999092,-0.7564717033725888
2020-09-17,fold_6,COVID crash and V-recovery,-0.031391825526952744,-1,-0.01284454483538866,-1,0.01284454483538866,-0.16968454998277593,,,,1,128.4454483538866,-0.023460671305656433,-0.018405728042125702,-0.031391825526952744,-0.6100156525437823
2020-09-18,fold_6,COVID crash and V-recovery,-0.01704925298690796,-1,0.0023951882030814886,1,-0.0023951882030814886,-0.17207973818585742,,,,0,-23.951882030814886,-0.00314326211810112,0.017421115189790726,-0.01704925298690796,0.11391217076698176
2020-09-21,fold_6,COVID crash and V-recovery,-0.009236499667167664,-1,0.01840822398662567,1,-0.01840822398662567,-0.1904879621724831,,,,0,-184.0822398662567,0.01418301835656166,0.035582274198532104,-0.009236499667167664,0.8775572328014063
2020-09-22,fold_6,COVID crash and V-recovery,-0.009156584739685059,-1,-0.03101031668484211,-1,0.03101031668484211,-0.15947764548764098,,,,1,310.1031668484211,0.011893872171640396,0.012654685415327549,-0.009156584739685059,-1.4537438731940597
2020-09-23,fold_6,COVID crash and V-recovery,-0.00833098590373993,-1,0.0046457210555672646,1,-0.0046457210555672646,-0.16412336654320825,,,,0,-46.457210555672646,0.018961120396852493,0.050490401685237885,-0.00833098590373993,0.20775431739486164
2020-09-24,fold_6,COVID crash and V-recovery,-0.009210307151079178,-1,0.022982297465205193,1,-0.022982297465205193,-0.18710566400841344,,,,0,-229.82297465205193,0.013716131448745728,0.061592526733875275,-0.009210307151079178,1.0502742819316198
2020-09-25,fold_6,COVID crash and V-recovery,-0.01189449429512024,-1,0.02055634744465351,1,-0.02055634744465351,-0.20766201145306695,,,,0,-205.5634744465351,0.012291785329580307,0.010075737722218037,-0.01189449429512024,0.9149699726863618
2020-09-28,fold_6,COVID crash and V-recovery,-0.02017322927713394,-1,-0.004519365727901459,-1,0.004519365727901459,-0.2031426457251655,,,,1,45.19365727901459,-0.04240741580724716,0.010621445253491402,-0.02017322927713394,-0.1973176015235255
2020-09-29,fold_6,COVID crash and V-recovery,-0.02295127511024475,-1,0.0068253991194069386,1,-0.0068253991194069386,-0.20996804484457243,,,,0,-68.25399119406939,0.022208742797374725,-0.002867152215912938,-0.02295127511024475,0.298621087736763
2020-09-30,fold_6,COVID crash and V-recovery,-0.028073761612176895,-1,0.01574784703552723,1,-0.01574784703552723,-0.22571589188009966,,,,0,-157.4784703552723,-0.05214855074882507,0.007458656560629606,-0.028073761612176895,0.697064423708603
2020-10-01,fold_6,COVID crash and V-recovery,-0.019438251852989197,-1,-0.02853449247777462,-1,0.02853449247777462,-0.19718139940232504,,,,1,285.3449247777462,-0.02847915329039097,-0.0029803828801959753,-0.019438251852989197,-1.2533205081188008
2020-10-02,fold_6,COVID crash and V-recovery,-0.017659157514572144,-1,0.02110205590724945,1,-0.02110205590724945,-0.2182834553095745,,,,0,-211.0205590724945,-0.01786564476788044,0.04071858525276184,-0.017659157514572144,1.0251783952435474
2020-10-05,fold_6,COVID crash and V-recovery,-0.007486049085855484,-1,-0.01800796203315258,-1,0.01800796203315258,-0.2002754932764219,,,,1,180.0796203315258,-0.040854088962078094,0.0500197559595108,-0.007486049085855484,-0.8614788499208522
2020-10-06,fold_6,COVID crash and V-recovery,-0.0344722680747509,-1,0.017151206731796265,1,-0.017151206731796265,-0.21742670000821818,,,,0,-171.51206731796265,-0.02505551651120186,0.06799398362636566,-0.0344722680747509,0.9414975943994984
2020-10-07,fold_6,COVID crash and V-recovery,-0.012183502316474915,-1,0.005308808758854866,1,-0.005308808758854866,-0.22273550876707304,,,,0,-53.08808758854866,-0.02476165071129799,0.0424555167555809,-0.012183502316474915,0.30415484714686564
2020-10-08,fold_6,COVID crash and V-recovery,-0.011816177517175674,-1,0.015164476819336414,1,-0.015164476819336414,-0.23789998558640946,,,,0,-151.64476819336414,-0.01665792241692543,0.03041280247271061,-0.011816177517175674,0.8970329885777675
2020-10-09,fold_6,COVID crash and V-recovery,-0.011684000492095947,-1,0.030403228476643562,1,-0.030403228476643562,-0.268303214063053,,,,0,-304.0322847664356,-0.008394625037908554,0.009752639569342136,-0.011684000492095947,1.770571887040376
2020-10-12,fold_6,COVID crash and V-recovery,-0.010533407330513,-1,-3.373719300725497e-05,-1,3.373719300725497e-05,-0.26826947687004576,,,,1,0.33737193007254973,-0.00615234300494194,-0.037110790610313416,-0.010533407330513,-0.0018680407759308338
2020-10-13,fold_6,COVID crash and V-recovery,-0.012089058756828308,-1,-0.00838725920766592,-1,0.00838725920766592,-0.25988221766237984,,,,1,83.8725920766592,-0.007925517857074738,-0.03492961823940277,-0.012089058756828308,-0.4716208204510821
2020-10-14,fold_6,COVID crash and V-recovery,-0.01289515569806099,-1,-0.006733904592692852,-1,0.006733904592692852,-0.253148313069687,,,,1,67.33904592692852,-0.015355823561549187,-0.0273162629455328,-0.01289515569806099,-0.38440893439136203
2020-10-15,fold_6,COVID crash and V-recovery,-0.012994877994060516,-1,-0.005495686549693346,-1,0.005495686549693346,-0.24765262651999365,,,,1,54.95686549693346,-0.026535365730524063,-0.020617766305804253,-0.012994877994060516,-0.31903396928304123
2020-10-16,fold_6,COVID crash and V-recovery,0.018264122307300568,1,-0.016460204496979713,-1,-0.016460204496979713,-0.26411283101697336,,,,0,-164.60204496979713,-0.03329385817050934,-0.013153640553355217,0.018264122307300568,-0.9665816644113905
2020-10-19,fold_6,COVID crash and V-recovery,-0.01821574941277504,-1,0.002147437771782279,1,-0.002147437771782279,-0.26626026878875564,,,,0,-21.47437771782279,-0.016371987760066986,-0.011803005822002888,-0.01821574941277504,0.12331480174769346
2020-10-20,fold_6,COVID crash and V-recovery,-0.01068364828824997,-1,-0.0007739050779491663,-1,0.0007739050779491663,-0.26548636371080647,,,,1,7.739050779491663,-0.01971483789384365,-0.006172140594571829,-0.01068364828824997,-0.04571847515718098
2020-10-21,fold_6,COVID crash and V-recovery,-0.012564226984977722,-1,-3.5408695111982524e-05,-1,3.5408695111982524e-05,-0.2654509550156945,,,,1,0.35408695111982524,-0.015999410301446915,-0.045165520161390305,-0.012564226984977722,-0.0022928343745738243
2020-10-22,fold_6,COVID crash and V-recovery,0.011175330728292465,1,0.001968440366908908,1,0.001968440366908908,-0.2634825146487856,,,,1,19.68440366908908,-0.018526893109083176,-0.02779475226998329,0.011175330728292465,0.12775259426091953
2020-10-23,fold_6,COVID crash and V-recovery,-0.012387160211801529,-1,-0.015109569765627384,-1,0.015109569765627384,-0.2483729448831582,,,,1,151.09569765627384,-0.025781763717532158,-0.055452797561883926,-0.012387160211801529,-1.039698635608039
2020-10-26,fold_6,COVID crash and V-recovery,-0.013724926859140396,-1,0.007778302300721407,1,-0.007778302300721407,-0.2561512471838796,,,,0,-77.78302300721407,-0.0030859708786010742,-0.03811882436275482,-0.013724926859140396,0.5479790991713467
2020-10-27,fold_6,COVID crash and V-recovery,-0.015441950410604477,-1,-0.03976728767156601,-1,0.03976728767156601,-0.2163839595123136,,,,1,397.6728767156601,-0.002784349024295807,-0.028747210279107094,-0.015441950410604477,-2.787764890068613
2020-10-28,fold_6,COVID crash and V-recovery,-0.012622058391571045,-1,0.01733536086976528,1,-0.01733536086976528,-0.23371932038207888,,,,0,-173.35360869765282,0.009593464434146881,0.054690517485141754,-0.012622058391571045,1.0355589815970991
2020-10-29,fold_6,COVID crash and V-recovery,-0.01164313405752182,-1,-0.025689605623483658,-1,0.025689605623483658,-0.20802971475859522,,,,1,256.8960562348366,0.007377315312623978,0.06309220939874649,-0.01164313405752182,-1.5274747106782163
2020-10-30,fold_6,COVID crash and V-recovery,-0.014451585710048676,-1,0.0022244045976549387,1,-0.0022244045976549387,-0.21025411935625016,,,,0,-22.244045976549387,0.008883330971002579,0.08952881395816803,-0.014451585710048676,0.13410157396693856
2020-11-02,fold_6,COVID crash and V-recovery,-0.011421818286180496,-1,0.017149915918707848,1,-0.017149915918707848,-0.227404035274958,,,,0,-171.49915918707848,-0.003004036843776703,0.06665904819965363,-0.011421818286180496,1.0779367386887289
2020-11-03,fold_6,COVID crash and V-recovery,-0.011864911764860153,-1,0.04367043823003769,1,-0.04367043823003769,-0.2710744735049957,,,,0,-436.7043823003769,-0.024104438722133636,0.031432218849658966,-0.011864911764860153,2.75306621443569
2020-11-04,fold_6,COVID crash and V-recovery,-0.014150258153676987,-1,0.025737054646015167,1,-0.025737054646015167,-0.29681152815101086,,,,0,-257.3705464601517,-0.025061193853616714,0.009885048493742943,-0.014150258153676987,1.4119405213839278
2020-11-05,fold_6,COVID crash and V-recovery,-0.01408928632736206,-1,0.0007469941047020257,1,-0.0007469941047020257,-0.2975585222557129,,,,0,-7.4699410470202565,-0.003978118300437927,-0.020557139068841934,-0.01408928632736206,0.03915442701452015
2020-11-06,fold_6,COVID crash and V-recovery,-0.012416519224643707,-1,-0.02064535580575466,-1,0.02064535580575466,-0.2769131664499582,,,,1,206.45355805754662,-0.003720685839653015,-0.012569820508360863,-0.012416519224643707,-1.099611526163606
2020-11-09,fold_6,COVID crash and V-recovery,-0.016183655709028244,-1,-0.01807691529393196,-1,0.01807691529393196,-0.25883625115602626,,,,1,180.7691529393196,-0.014156479388475418,0.015848102048039436,-0.016183655709028244,-0.9987407535989247
2020-11-10,fold_6,COVID crash and V-recovery,-0.019937966018915176,-1,0.022123269736766815,1,-0.022123269736766815,-0.2809595208927931,,,,0,-221.23269736766815,-0.024565666913986206,0.030747581273317337,-0.019937966018915176,1.1929141000624843
2020-11-11,fold_6,COVID crash and V-recovery,-0.016874954104423523,-1,-0.0047051324509084225,-1,0.0047051324509084225,-0.27625438844188466,,,,1,47.051324509084225,-0.021908149123191833,0.0012066756607964635,-0.016874954104423523,-0.24631408484931272
2020-11-12,fold_6,COVID crash and V-recovery,-0.016120202839374542,-1,0.00873431283980608,1,-0.00873431283980608,-0.28498870128169074,,,,0,-87.3431283980608,-0.025881174951791763,0.013706258498132229,-0.016120202839374542,0.45797074181542646
2020-11-13,fold_6,COVID crash and V-recovery,-0.014699559658765793,-1,0.007772567216306925,1,-0.007772567216306925,-0.29276126849799766,,,,0,-77.72567216306925,-0.01768270879983902,-0.0018917557317763567,-0.014699559658765793,0.4062582307615261
2020-11-16,fold_6,COVID crash and V-recovery,-0.012639913707971573,-1,-0.0031774360686540604,-1,0.0031774360686540604,-0.2895838324293436,,,,1,31.774360686540604,-0.013276459649205208,-0.009630321525037289,-0.012639913707971573,-0.16851969730067273
2020-11-17,fold_6,COVID crash and V-recovery,-0.015941303223371506,-1,-0.007417635060846806,-1,0.007417635060846806,-0.2821661973684968,,,,1,74.17635060846806,-0.011079821735620499,0.007499608676880598,-0.015941303223371506,-0.3932528488787517
2020-11-18,fold_6,COVID crash and V-recovery,-0.020985934883356094,-1,0.007794450502842665,1,-0.007794450502842665,-0.28996064787133946,,,,0,-77.94450502842665,-0.027525801211595535,0.021044887602329254,-0.020985934883356094,0.41165884580625633
2020-11-19,fold_6,COVID crash and V-recovery,-0.011316068470478058,-1,-0.006863702088594437,-1,0.006863702088594437,-0.283096945782745,,,,1,68.63702088594437,-0.010534876957535744,0.02242281287908554,-0.011316068470478058,-0.36097592278577006
2020-11-20,fold_6,COVID crash and V-recovery,-0.02175985276699066,-1,3.400091009098105e-05,1,-3.400091009098105e-05,-0.283130946692836,,,,0,-0.3400091009098105,-0.028762610629200935,0.03132430091500282,-0.02175985276699066,0.0017828542565550293
2020-11-23,fold_6,COVID crash and V-recovery,-0.003846254199743271,-1,0.013952494598925114,1,-0.013952494598925114,-0.2970834412917611,,,,0,-139.52494598925114,-0.050371117889881134,0.04402534291148186,-0.003846254199743271,0.7433640469029835
2020-11-24,fold_6,COVID crash and V-recovery,-0.016216397285461426,-1,0.006127643398940563,1,-0.006127643398940563,-0.3032110846907017,,,,0,-61.27643398940563,-0.019749104976654053,0.03135693445801735,-0.016216397285461426,0.3234052070137997
2020-11-25,fold_6,COVID crash and V-recovery,-0.01504281535744667,-1,0.009172377176582813,1,-0.009172377176582813,-0.3123834618672845,,,,0,-91.72377176582813,-0.01331498846411705,0.02664339542388916,-0.01504281535744667,0.5463967394333243
2020-11-27,fold_6,COVID crash and V-recovery,-0.01559196412563324,-1,0.0020377866458147764,1,-0.0020377866458147764,-0.31442124851309927,,,,0,-20.377866458147764,-0.010665526613593102,0.02153753489255905,-0.01559196412563324,0.12379010218913579
2020-11-30,fold_6,COVID crash and V-recovery,-0.015755731612443924,-1,0.012735040858387947,1,-0.012735040858387947,-0.3271562893714872,,,,0,-127.35040858387947,-0.007403088733553886,0.025146711617708206,-0.015755731612443924,0.825152095544987
2020-12-01,fold_6,COVID crash and V-recovery,-0.01582663506269455,-1,0.0012840845156461,1,-0.0012840845156461,-0.3284403738871333,,,,0,-12.840845156461,-0.004810413345694542,0.0157906636595726,-0.01582663506269455,0.08186080873771634
2020-12-02,fold_6,COVID crash and V-recovery,-0.011690936982631683,-1,0.0014141055289655924,1,-0.0014141055289655924,-0.3298544794160989,,,,0,-14.141055289655924,-0.00589577853679657,-0.008394548669457436,-0.011690936982631683,0.09295420381384639
2020-12-03,fold_6,COVID crash and V-recovery,-0.014658071100711823,-1,0.004066517110913992,1,-0.004066517110913992,-0.3339209965270129,,,,0,-40.66517110913992,-0.00968845933675766,-0.005801084917038679,-0.014658071100711823,0.34847327562232994
2020-12-04,fold_6,COVID crash and V-recovery,-0.011749036610126495,-1,0.005646963603794575,1,-0.005646963603794575,-0.3395679601308075,,,,0,-56.46963603794575,-0.006255121901631355,-0.012084580026566982,-0.011749036610126495,0.5540372958545712
2020-12-07,fold_6,COVID crash and V-recovery,-0.010667674243450165,-1,0.003378992434591055,1,-0.003378992434591055,-0.34294695256539853,,,,0,-33.78992434591055,-0.004456203430891037,-0.010502398945391178,-0.010667674243450165,0.329049495914118
2020-12-08,fold_6,COVID crash and V-recovery,-0.009931009262800217,-1,-0.022901127114892006,-1,0.022901127114892006,-0.3200458254505065,,,,1,229.01127114892006,-0.004173589870333672,-0.0032489225268363953,-0.009931009262800217,-2.4882146420684146
2020-12-09,fold_6,COVID crash and V-recovery,-0.008223041892051697,-1,0.004007569048553705,1,-0.004007569048553705,-0.32405339449906023,,,,0,-40.07569048553705,-0.015405632555484772,0.025136673822999,-0.008223041892051697,0.4120471886712415
2020-12-10,fold_6,COVID crash and V-recovery,-0.012134235352277756,-1,-0.0022169779986143112,-1,0.0022169779986143112,-0.3218364165004459,,,,1,22.169779986143112,-0.02130158431828022,0.0276457741856575,-0.012134235352277756,-0.2632439802492302
2020-12-11,fold_6,COVID crash and V-recovery,-0.012382905930280685,-1,0.007229145150631666,1,-0.007229145150631666,-0.3290655616510776,,,,0,-72.29145150631666,-0.009087944403290749,0.0268356055021286,-0.012382905930280685,0.8636478044932318
2020-12-14,fold_6,COVID crash and V-recovery,-0.019346050918102264,-1,0.01063246838748455,1,-0.01063246838748455,-0.33969803003856214,,,,0,-106.3246838748455,-0.011589551344513893,0.017734089866280556,-0.019346050918102264,1.2812665826263265
2020-12-15,fold_6,COVID crash and V-recovery,-0.010707288980484009,-1,0.0054844701662659645,1,-0.0054844701662659645,-0.3451825002048281,,,,0,-54.844701662659645,-0.012898227199912071,0.00981712993234396,-0.010707288980484009,0.6486281134756449
2020-12-16,fold_6,COVID crash and V-recovery,-0.011058468371629715,-1,0.006516668945550919,1,-0.006516668945550919,-0.351699169150379,,,,0,-65.16668945550919,-0.005116451531648636,-0.0007163272821344435,-0.011058468371629715,0.7653729375236511
2020-12-17,fold_6,COVID crash and V-recovery,-0.01039765402674675,-1,-0.0030271466821432114,-1,0.0030271466821432114,-0.3486720224682358,,,,1,30.271466821432114,-0.006024619564414024,-0.002830306999385357,-0.01039765402674675,-0.3570831286606675
2020-12-18,fold_6,COVID crash and V-recovery,-0.009189430624246597,-1,-0.001872371882200241,-1,0.001872371882200241,-0.34679965058603557,,,,1,18.72371882200241,-0.0045626405626535416,0.010225623846054077,-0.009189430624246597,-0.22493926581037224
2020-12-21,fold_6,COVID crash and V-recovery,-0.008428763598203659,-1,0.002715509617701173,1,-0.002715509617701173,-0.34951516020373674,,,,0,-27.15509617701173,-0.002970237284898758,0.01299302838742733,-0.008428763598203659,0.3314875297474319
2020-12-22,fold_6,COVID crash and V-recovery,-0.00956055149435997,-1,-0.005048987455666065,-1,0.005048987455666065,-0.3444661727480707,,,,1,50.48987455666065,-0.008983204141259193,0.010309210978448391,-0.00956055149435997,-0.6146537584216499
2020-12-23,fold_6,COVID crash and V-recovery,-0.012418221682310104,-1,0.004402689635753632,1,-0.004402689635753632,-0.3488688623838243,,,,0,-44.026896357536316,-0.025529954582452774,0.017815537750720978,-0.012418221682310104,0.5731001337807812
2020-12-24,fold_6,COVID crash and V-recovery,-0.012847330421209335,-1,0.010028784163296223,1,-0.010028784163296223,-0.35889764654712053,,,,0,-100.28784163296223,-0.019090957939624786,-0.0008076458470895886,-0.012847330421209335,1.3156138038421608
2020-12-28,fold_6,COVID crash and V-recovery,-0.01057397574186325,-1,0.0008950326009653509,1,-0.0008950326009653509,-0.3597926791480859,,,,0,-8.950326009653509,-0.0030738860368728638,-0.0026263040490448475,-0.01057397574186325,0.11659180941941093
2020-12-29,fold_6,COVID crash and V-recovery,-0.0113857202231884,-1,3.169193587382324e-05,1,-3.169193587382324e-05,-0.3598243710839597,,,,0,-0.3169193587382324,-0.0050569139420986176,-0.017470380291342735,-0.0113857202231884,0.004134245642294804
2020-12-30,fold_6,COVID crash and V-recovery,-0.009751543402671814,-1,0.0024573400150984526,1,-0.0024573400150984526,-0.36228171109905816,,,,0,-24.573400150984526,-0.006049422547221184,0.00640215864405036,-0.009751543402671814,0.34526923346710536
2024-06-25,fold_7,"Inflation bear, AI rally and 2025",-0.0029616840183734894,-1,0.002063107443973422,1,-0.002063107443973422,-0.002063107443973422,,,,0,-20.63107443973422,0.025081250816583633,0.015729578211903572,-0.0029616840183734894,0.2480774401688555
2024-06-26,fold_7,"Inflation bear, AI rally and 2025",-0.003225289285182953,-1,0.0025780298747122288,1,-0.0025780298747122288,-0.004641137318685651,,,,0,-25.780298747122288,0.017050668597221375,0.021968942135572433,-0.003225289285182953,0.3111163482075264
2024-06-27,fold_7,"Inflation bear, AI rally and 2025",-0.0068677328526973724,-1,-0.005204448942095041,-1,0.005204448942095041,0.0005633116234093904,,,,1,52.04448942095041,0.011339601129293442,0.029763752594590187,-0.0068677328526973724,-0.6382350260450105
2024-06-28,fold_7,"Inflation bear, AI rally and 2025",-0.009091880172491074,-1,0.005847935099154711,1,-0.005847935099154711,-0.00528462347574532,,,,0,-58.47935099154711,0.018144484609365463,0.037343580275774,-0.009091880172491074,0.7423997926176615
2024-07-01,fold_7,"Inflation bear, AI rally and 2025",-0.012534093111753464,-1,0.010444954968988895,1,-0.010444954968988895,-0.015729578444734216,,,,0,-104.44954968988895,0.007214009761810303,0.032359976321458817,-0.012534093111753464,1.3098751779381625
2024-07-02,fold_7,"Inflation bear, AI rally and 2025",-0.011620938777923584,-1,0.008302470669150352,1,-0.008302470669150352,-0.024032049113884568,,,,0,-83.02470669150352,0.0035948269069194794,0.032287489622831345,-0.011620938777923584,1.0097531611324242
2024-07-03,fold_7,"Inflation bear, AI rally and 2025",-0.007689956575632095,-1,0.010372839868068695,1,-0.010372839868068695,-0.03440488898195326,,,,0,-103.72839868068695,-0.00039721280336380005,0.0018107411451637745,-0.007689956575632095,1.2338218881148515
2024-07-05,fold_7,"Inflation bear, AI rally and 2025",-0.00847235694527626,-1,0.002375379903241992,1,-0.002375379903241992,-0.036780268885195255,,,,0,-23.75379903241992,0.0016025751829147339,-0.0027043852023780346,-0.00847235694527626,0.3170268540244118
2024-07-08,fold_7,"Inflation bear, AI rally and 2025",-0.009469859302043915,-1,0.0008643296314403415,1,-0.0008643296314403415,-0.0376445985166356,,,,0,-8.643296314403415,-0.0016190893948078156,-0.0023955574724823236,-0.009469859302043915,0.11507389364579725
2024-07-09,fold_7,"Inflation bear, AI rally and 2025",-0.008822999894618988,-1,0.010372469201683998,1,-0.010372469201683998,-0.048017067718319595,,,,0,-103.72469201683998,-0.0006531551480293274,-0.002877016318961978,-0.008822999894618988,1.3809774385746778
2024-07-10,fold_7,"Inflation bear, AI rally and 2025",-0.007604677230119705,-1,-0.022174276411533356,-1,0.022174276411533356,-0.02584279130678624,,,,1,221.74276411533356,-0.0040678102523088455,-0.0430438406765461,-0.007604677230119705,-2.8395556157698416
2024-07-11,fold_7,"Inflation bear, AI rally and 2025",-0.006495915353298187,-1,0.005857713054865599,1,-0.005857713054865599,-0.03170050436165184,,,,0,-58.57713054865599,0.00018688663840293884,-0.025613289326429367,-0.006495915353298187,0.6420877278904823
2024-07-12,fold_7,"Inflation bear, AI rally and 2025",-0.008049771189689636,-1,0.002684207633137703,1,-0.002684207633137703,-0.03438471199478954,,,,0,-26.84207633137703,0.004317771643400192,-0.040374159812927246,-0.008049771189689636,0.30693872466430683
2024-07-15,fold_7,"Inflation bear, AI rally and 2025",-0.006738308817148209,-1,0.00038287072675302625,1,-0.00038287072675302625,-0.03476758272154257,,,,0,-3.8287072675302625,0.007527727633714676,-0.028270574286580086,-0.006738308817148209,0.044099727267770325
2024-07-16,fold_7,"Inflation bear, AI rally and 2025",-0.008320629596710205,-1,-0.02979435585439205,-1,0.02979435585439205,-0.004973226867150515,,,,1,297.9435585439205,0.0058724284172058105,-0.03218429908156395,-0.008320629596710205,-3.462402666184191
2024-07-17,fold_7,"Inflation bear, AI rally and 2025",0.005204688757658005,1,-0.004743724595755339,-1,-0.004743724595755339,-0.009716951462905854,,,,0,-47.43724595755339,0.05388052761554718,-0.038919322192668915,0.005204688757658005,-0.45021193175523166
2024-07-18,fold_7,"Inflation bear, AI rally and 2025",-0.011001542210578918,-1,-0.008903156965970993,-1,0.008903156965970993,-0.0008137944969348609,,,,1,89.03156965970993,0.018161576241254807,-0.045264601707458496,-0.011001542210578918,-0.8407390180070969
2024-07-19,fold_7,"Inflation bear, AI rally and 2025",-0.007862541824579239,-1,0.014787793159484863,1,-0.014787793159484863,-0.015601587656419724,,,,0,-147.87793159484863,0.0041350796818733215,-0.026157695800065994,-0.007862541824579239,1.3904370170925573
2024-07-22,fold_7,"Inflation bear, AI rally and 2025",0.0008324980735778809,1,-0.0035308548249304295,-1,-0.0035308548249304295,-0.019132442481350154,,,,0,-35.308548249304295,0.0020269304513931274,-0.038938675075769424,0.0008324980735778809,-0.31748379855643816
2024-07-23,fold_7,"Inflation bear, AI rally and 2025",-0.004520367830991745,-1,-0.03652937710285187,-1,0.03652937710285187,0.017396934621501714,,,,1,365.2937710285187,0.021230369806289673,-0.049234386533498764,-0.004520367830991745,-3.366324504216688
2024-07-24,fold_7,"Inflation bear, AI rally and 2025",-0.007766019552946091,-1,-0.011089004576206207,-1,0.011089004576206207,0.02848593919770792,,,,1,110.89004576206207,0.0184132419526577,0.016459202393889427,-0.007766019552946091,-0.8311367073785129
2024-07-25,fold_7,"Inflation bear, AI rally and 2025",-0.004446443170309067,-1,0.01020374707877636,1,-0.01020374707877636,0.01828219211893156,,,,0,-102.0374707877636,0.015545625239610672,0.003028667066246271,-0.004446443170309067,0.7523452168158241
2024-07-26,fold_7,"Inflation bear, AI rally and 2025",0.0003812946379184723,1,0.0020068141166120768,1,0.0020068141166120768,0.02028900623554364,,,,1,20.068141166120768,0.01626366749405861,-0.031196199357509613,0.0003812946379184723,0.14604485969080083
2024-07-29,fold_7,"Inflation bear, AI rally and 2025",-0.0033568814396858215,-1,-0.013826565816998482,-1,0.013826565816998482,0.03411557205254212,,,,1,138.26565816998482,0.014568351209163666,-0.063472680747509,-0.0033568814396858215,-1.0093074248608767
2024-07-30,fold_7,"Inflation bear, AI rally and 2025",-0.007553689181804657,-1,0.029164211824536324,1,-0.029164211824536324,0.004951360228005797,,,,0,-291.64211824536324,0.015168946236371994,-0.04013648256659508,-0.007553689181804657,2.085750291487153
2024-07-31,fold_7,"Inflation bear, AI rally and 2025",-0.00404290109872818,-1,-0.02451954036951065,-1,0.02451954036951065,0.029470900597516447,,,,1,245.1954036951065,0.012728512287139893,-0.080189548432827,-0.00404290109872818,-1.6077581412371202
2024-08-01,fold_7,"Inflation bear, AI rally and 2025",-0.0025448985397815704,-1,-0.024021118879318237,-1,0.024021118879318237,0.053492019476834685,,,,1,240.21118879318237,0.026441138237714767,-0.025537710636854172,-0.0025448985397815704,-1.4920247357675547
2024-08-02,fold_7,"Inflation bear, AI rally and 2025",-0.0027373097836971283,-1,-0.030269667506217957,-1,0.030269667506217957,0.08376168698305264,,,,1,302.69667506217957,0.02044810727238655,0.0036923731677234173,-0.0027373097836971283,-1.8003931776647635
2024-08-05,fold_7,"Inflation bear, AI rally and 2025",-0.006456106901168823,-1,0.009509631432592869,1,-0.009509631432592869,0.07425205555045977,,,,0,-95.09631432592869,0.017008904367685318,0.03611313924193382,-0.006456106901168823,0.524920691891243
2024-08-06,fold_7,"Inflation bear, AI rally and 2025",-0.006295591592788696,-1,-0.01088885311037302,-1,0.01088885311037302,0.08514090866083279,,,,1,108.8885311037302,0.024119284003973007,0.05111347883939743,-0.006295591592788696,-0.5969875219152809
2024-08-07,fold_7,"Inflation bear, AI rally and 2025",-0.008736085146665573,-1,0.030132297426462173,1,-0.030132297426462173,0.05500861123437062,,,,0,-301.32297426462173,0.014542605727910995,0.062326643615961075,-0.008736085146665573,1.6506589822195037
2024-08-08,fold_7,"Inflation bear, AI rally and 2025",-0.007483270019292831,-1,0.005208965390920639,1,-0.005208965390920639,0.04979964584344998,,,,0,-52.08965390920639,0.009861748665571213,0.05714362487196922,-0.007483270019292831,0.2768349311927352
2024-08-09,fold_7,"Inflation bear, AI rally and 2025",-0.017190471291542053,-1,0.0021510969381779432,1,-0.0021510969381779432,0.04764854890527204,,,,0,-21.510969381779432,0.00783829391002655,0.05321963131427765,-0.017190471291542053,0.1143798882170997
2024-08-12,fold_7,"Inflation bear, AI rally and 2025",-0.02426798641681671,-1,0.02450997196137905,1,-0.02450997196137905,0.023138576943892986,,,,0,-245.0997196137905,-0.005868386477231979,0.06411891430616379,-0.02426798641681671,1.303501943679819
2024-08-13,fold_7,"Inflation bear, AI rally and 2025",-0.019823037087917328,-1,0.00032431332510896027,1,-0.00032431332510896027,0.022814263618784025,,,,0,-3.2431332510896027,-0.010726820677518845,0.03750813379883766,-0.019823037087917328,0.01655891126018704
2024-08-14,fold_7,"Inflation bear, AI rally and 2025",-0.01962798461318016,-1,0.024949276819825172,1,-0.024949276819825172,-0.002135013201041147,,,,0,-249.49276819825172,-0.009161567315459251,0.041837096214294434,-0.01962798461318016,1.3546411923098562
2024-08-15,fold_7,"Inflation bear, AI rally and 2025",-0.014352954924106598,-1,0.0012849696213379502,1,-0.0012849696213379502,-0.0034199828223790973,,,,0,-12.849696213379502,-0.008954668417572975,0.0009060029406100512,-0.014352954924106598,0.0668740747706282
2024-08-16,fold_7,"Inflation bear, AI rally and 2025",-0.012209989130496979,-1,0.0130503810942173,1,-0.0130503810942173,-0.016470363916596398,,,,0,-130.503810942173,-0.0011011213064193726,0.010408023372292519,-0.012209989130496979,0.6827829402239022
2024-08-19,fold_7,"Inflation bear, AI rally and 2025",-0.01202050969004631,-1,-0.002100807148963213,-1,0.002100807148963213,-0.014369556767633185,,,,1,21.00807148963213,-0.002877533435821533,-0.012398049235343933,-0.01202050969004631,-0.11027773996348064
2024-08-20,fold_7,"Inflation bear, AI rally and 2025",-0.011146757751703262,-1,0.004653274081647396,1,-0.004653274081647396,-0.01902283084928058,,,,0,-46.53274081647396,-0.002980293706059456,-0.007314376067370176,-0.011146757751703262,0.2444000893406978
2024-08-21,fold_7,"Inflation bear, AI rally and 2025",-0.0084458626806736,-1,-0.01598181575536728,-1,0.01598181575536728,-0.003041015093913302,,,,1,159.8181575536728,0.0005754455924034119,-0.023379897698760033,-0.0084458626806736,-0.9275646245457356
2024-08-22,fold_7,"Inflation bear, AI rally and 2025",-0.005463298410177231,-1,0.010786990635097027,1,-0.010786990635097027,-0.013828005729010329,,,,0,-107.86990635097027,0.001362539827823639,-0.008863111026585102,-0.005463298410177231,0.6191949924164502
2024-08-23,fold_7,"Inflation bear, AI rally and 2025",-0.008112862706184387,-1,-0.009755691513419151,-1,0.009755691513419151,-0.004072314215591177,,,,1,97.55691513419151,-0.0006340518593788147,-0.007801180239766836,-0.008112862706184387,-0.559432470656507
2024-08-26,fold_7,"Inflation bear, AI rally and 2025",-0.004820149391889572,-1,0.0029828662518411875,1,-0.0029828662518411875,-0.007055180467432365,,,,0,-29.828662518411875,0.00868210569024086,-0.028876792639493942,-0.004820149391889572,0.16978265810020524
2024-08-27,fold_7,"Inflation bear, AI rally and 2025",-0.008104030042886734,-1,-0.011412248015403748,-1,0.011412248015403748,0.004357067547971383,,,,1,114.12248015403748,0.005060017108917236,-0.03446156159043312,-0.008104030042886734,-0.659384942491126
2024-08-28,fold_7,"Inflation bear, AI rally and 2025",-0.016234733164310455,-1,-0.0014650279190391302,-1,0.0014650279190391302,0.005822095467010513,,,,1,14.650279190391302,0.022408153861761093,-0.02211609296500683,-0.016234733164310455,-0.0902464387601881
2024-08-29,fold_7,"Inflation bear, AI rally and 2025",-0.016632117331027985,-1,0.011848920956254005,1,-0.011848920956254005,-0.0060268254892434925,,,,0,-118.48920956254005,0.006650935858488083,-0.04780372232198715,-0.016632117331027985,0.7752877777932282
2024-08-30,fold_7,"Inflation bear, AI rally and 2025",-0.006360281258821487,-1,-0.03083130531013012,-1,0.03083130531013012,0.024804479820886627,,,,1,308.3130531013012,0.0032042041420936584,-0.046875014901161194,-0.006360281258821487,-2.118767250124786
2024-09-03,fold_7,"Inflation bear, AI rally and 2025",-0.010405443608760834,-1,-0.0026019022334367037,-1,0.0026019022334367037,0.02740638205432333,,,,1,26.019022334367037,-0.012354502454400063,-0.006844343151897192,-0.010405443608760834,-0.17808602031578946
2024-09-04,fold_7,"Inflation bear, AI rally and 2025",-0.0021683834493160248,-1,0.0009332209010608494,1,-0.0009332209010608494,0.02647316115326248,,,,0,-9.332209010608494,0.002725929021835327,0.017240503802895546,-0.0021683834493160248,0.06450909024050137
2024-09-05,fold_7,"Inflation bear, AI rally and 2025",-0.003902435302734375,-1,-0.02715265564620495,-1,0.02715265564620495,0.05362581679946743,,,,1,271.5265564620495,0.0020150206983089447,0.026075517758727074,-0.003902435302734375,-1.9038919504433214
2024-09-06,fold_7,"Inflation bear, AI rally and 2025",-0.006409537047147751,-1,0.012777626514434814,1,-0.012777626514434814,0.040848190285032615,,,,0,-127.77626514434814,0.00709151104092598,0.05769813060760498,-0.006409537047147751,0.9153524726053623
2024-09-09,fold_7,"Inflation bear, AI rally and 2025",-0.003370177000761032,-1,0.009199365973472595,1,-0.009199365973472595,0.03164882431156002,,,,0,-91.99365973472595,0.007927201688289642,0.040492791682481766,-0.003370177000761032,0.6477990684838638
2024-09-10,fold_7,"Inflation bear, AI rally and 2025",0.0006563290953636169,1,0.02148294448852539,1,0.02148294448852539,0.05313176880008541,,,,1,214.8294448852539,0.01860024407505989,0.03182163089513779,0.0006563290953636169,1.4979981112463576
2024-09-11,fold_7,"Inflation bear, AI rally and 2025",0.020383864641189575,1,0.009768233634531498,1,0.009768233634531498,0.06290000243461691,,,,1,97.68233634531498,0.029598519206047058,0.005999751389026642,0.020383864641189575,0.6929635978910342
2024-09-12,fold_7,"Inflation bear, AI rally and 2025",-0.0031827986240386963,-1,0.004469958133995533,1,-0.004469958133995533,0.058430044300621375,,,,0,-44.69958133995533,0.0009196624159812927,0.02120135724544525,-0.0031827986240386963,0.31336561528243373
2024-09-13,fold_7,"Inflation bear, AI rally and 2025",-0.013568803668022156,-1,-0.004427712876349688,-1,0.004427712876349688,0.06285775717697106,,,,1,44.277128763496876,-0.004002152010798454,0.014826271682977676,-0.013568803668022156,-0.3362951999478053
2024-09-16,fold_7,"Inflation bear, AI rally and 2025",-0.014527034014463425,-1,0.0005282060010358691,1,-0.0005282060010358691,0.062329551175935194,,,,0,-5.282060010358691,-0.00811200961470604,0.021901145577430725,-0.014527034014463425,0.04001501336320814
2024-09-17,fold_7,"Inflation bear, AI rally and 2025",-0.016507208347320557,-1,-0.0043389336206018925,-1,0.0043389336206018925,0.06666848479653709,,,,1,43.389336206018925,-0.008753489702939987,0.026184871792793274,-0.016507208347320557,-0.33702704962507524
2024-09-18,fold_7,"Inflation bear, AI rally and 2025",-0.01480991393327713,-1,0.024969838559627533,1,-0.024969838559627533,0.04169864623690955,,,,0,-249.69838559627533,-0.027950914576649666,0.031450558453798294,-0.01480991393327713,1.9353316350330982
2024-09-19,fold_7,"Inflation bear, AI rally and 2025",-0.013635586947202682,-1,-0.001905126846395433,-1,0.001905126846395433,0.043603773083304986,,,,1,19.05126846395433,-0.006947789341211319,0.013965615071356297,-0.013635586947202682,-0.13588783905280025
2024-09-20,fold_7,"Inflation bear, AI rally and 2025",-0.01441030204296112,-1,0.00264716031961143,1,-0.00264716031961143,0.040956612763693556,,,,0,-26.4716031961143,-0.0012606680393218994,0.010298335924744606,-0.01441030204296112,0.19516890485055438
2024-09-23,fold_7,"Inflation bear, AI rally and 2025",-0.011443689465522766,-1,0.004811933264136314,1,-0.004811933264136314,0.03614467949955724,,,,0,-48.119332641363144,-0.003953168168663979,0.010359362699091434,-0.011443689465522766,0.3601650575373757
2024-09-24,fold_7,"Inflation bear, AI rally and 2025",-0.006681844592094421,-1,0.000926753506064415,1,-0.000926753506064415,0.03521792599349283,,,,0,-9.26753506064415,0.0022884532809257507,-0.00848300475627184,-0.006681844592094421,0.07007636915393543
2024-09-25,fold_7,"Inflation bear, AI rally and 2025",-0.006604041904211044,-1,0.007484894711524248,1,-0.007484894711524248,0.02773303128196858,,,,0,-74.84894711524248,0.0049952492117881775,-0.0079979058355093,-0.006604041904211044,0.5666209948426726
2024-09-26,fold_7,"Inflation bear, AI rally and 2025",-0.00047814473509788513,-1,-0.005572405643761158,-1,0.005572405643761158,0.03330543692572974,,,,1,55.72405643761158,0.007238343358039856,-0.01623002626001835,-0.00047814473509788513,-0.42640010528638966
2024-09-27,fold_7,"Inflation bear, AI rally and 2025",-0.00039983540773391724,-1,0.002708186861127615,1,-0.002708186861127615,0.03059725006460212,,,,0,-27.08186861127615,0.013868004083633423,0.0011703327763825655,-0.00039983540773391724,0.20635895787142886
2024-09-30,fold_7,"Inflation bear, AI rally and 2025",-0.0005898661911487579,-1,-0.01403043419122696,-1,0.01403043419122696,0.04462768425582908,,,,1,140.3043419122696,0.010407719761133194,-0.01230729091912508,-0.0005898661911487579,-1.0903610458416224
2024-10-01,fold_7,"Inflation bear, AI rally and 2025",0.027957551181316376,1,0.0014118520775809884,1,0.0014118520775809884,0.04603953633341007,,,,1,14.118520775809884,0.0263221338391304,0.01654731296002865,0.027957551181316376,0.12484405696456018
2024-10-02,fold_7,"Inflation bear, AI rally and 2025",0.025906123220920563,1,-0.0007472253055311739,-1,-0.0007472253055311739,0.045292311027878895,,,,0,-7.4722530553117394,0.028718799352645874,0.022973094135522842,0.025906123220920563,-0.06613572954546378
2024-10-03,fold_7,"Inflation bear, AI rally and 2025",-0.0037485063076019287,-1,0.011827953159809113,1,-0.011827953159809113,0.03346435786806978,,,,0,-118.27953159809113,-0.0560707226395607,0.022584062069654465,-0.0037485063076019287,1.0469375004229724
2024-10-04,fold_7,"Inflation bear, AI rally and 2025",-0.006103344261646271,-1,-0.010769437067210674,-1,0.010769437067210674,0.04423379493528046,,,,1,107.69437067210674,0.0016755014657974243,0.012317989021539688,-0.006103344261646271,-1.0891617760661183
2024-10-07,fold_7,"Inflation bear, AI rally and 2025",-0.012157101184129715,-1,0.014824170619249344,1,-0.014824170619249344,0.029409624316031113,,,,0,-148.24170619249344,-0.023165110498666763,0.03144397586584091,-0.012157101184129715,1.5176988523165102
2024-10-08,fold_7,"Inflation bear, AI rally and 2025",-0.015349235385656357,-1,0.007837631739675999,1,-0.007837631739675999,0.021571992576355115,,,,0,-78.37631739675999,0.021594297140836716,0.0031628955621272326,-0.015349235385656357,0.7754292898477891
2024-10-09,fold_7,"Inflation bear, AI rally and 2025",-0.012985028326511383,-1,-0.0011362562654539943,-1,0.0011362562654539943,0.02270824884180911,,,,1,11.362562654539943,0.018959365785121918,-0.004552541300654411,-0.012985028326511383,-0.1253588476074635
2024-10-10,fold_7,"Inflation bear, AI rally and 2025",-0.015604376792907715,-1,0.001561879413202405,1,-0.001561879413202405,0.021146369428606704,,,,0,-15.61879413202405,0.015605345368385315,-0.0027240037452429533,-0.015604376792907715,0.17747454318489056
2024-10-11,fold_7,"Inflation bear, AI rally and 2025",-0.014775939285755157,-1,0.008356551639735699,1,-0.008356551639735699,0.012789817788871005,,,,0,-83.56551639735699,0.017208073288202286,0.002247402211651206,-0.014775939285755157,0.9549677424647902
2024-10-14,fold_7,"Inflation bear, AI rally and 2025",-0.01345207542181015,-1,-0.013456911779940128,-1,0.013456911779940128,0.026246729568811134,,,,1,134.56911779940128,0.0064261294901371,-0.004189664032310247,-0.01345207542181015,-1.5132110812818254
2024-10-15,fold_7,"Inflation bear, AI rally and 2025",-0.024429745972156525,-1,0.0001221949642058462,1,-0.0001221949642058462,0.026124534604605287,,,,0,-1.221949642058462,0.02751324698328972,0.010356641374528408,-0.024429745972156525,0.013016782504661328
2024-10-16,fold_7,"Inflation bear, AI rally and 2025",-0.012088865041732788,-1,0.0006922814645804465,1,-0.0006922814645804465,0.02543225314002484,,,,0,-6.922814645804465,0.008670710027217865,-0.005208073649555445,-0.012088865041732788,0.07414180294465159
2024-10-17,fold_7,"Inflation bear, AI rally and 2025",-0.015941407531499863,-1,0.006533285602927208,1,-0.006533285602927208,0.018898967537097633,,,,0,-65.33285602927208,0.0011556819081306458,0.002175822388380766,-0.015941407531499863,0.8727836942491176
2024-10-18,fold_7,"Inflation bear, AI rally and 2025",-0.008994072675704956,-1,0.0019194857450202107,1,-0.0019194857450202107,0.016979481792077422,,,,0,-19.194857450202107,0.026847627013921738,0.0017176733817905188,-0.008994072675704956,0.2520701414263569
2024-10-21,fold_7,"Inflation bear, AI rally and 2025",-0.007343888282775879,-1,0.0010893935104832053,1,-0.0010893935104832053,0.015890088281594217,,,,0,-10.893935104832053,0.006499882787466049,-4.0421302401227877e-05,-0.007343888282775879,0.1432664185763382
2024-10-22,fold_7,"Inflation bear, AI rally and 2025",-0.005377013236284256,-1,-0.015442520380020142,-1,0.015442520380020142,0.03133260866161436,,,,1,154.42520380020142,0.018465057015419006,0.008432736620306969,-0.005377013236284256,-2.05041872134211
2024-10-23,fold_7,"Inflation bear, AI rally and 2025",-0.008038762956857681,-1,0.008076177909970284,1,-0.008076177909970284,0.023256430751644075,,,,0,-80.76177909970284,0.006420589983463287,0.016289012506604195,-0.008038762956857681,0.975069619641989
2024-10-24,fold_7,"Inflation bear, AI rally and 2025",-0.004429228603839874,-1,0.006075136363506317,1,-0.006075136363506317,0.017181294388137758,,,,0,-60.75136363506317,0.014445886015892029,-0.01735398918390274,-0.004429228603839874,0.7310287339358255
2024-10-25,fold_7,"Inflation bear, AI rally and 2025",-0.009805526584386826,-1,0.00016139104263857007,1,-0.00016139104263857007,0.017019903345499188,,,,0,-1.6139104263857007,0.0025531314313411713,-0.016057491302490234,-0.009805526584386826,0.019379350634746075
2024-10-28,fold_7,"Inflation bear, AI rally and 2025",-0.01096547394990921,-1,0.00956255104392767,1,-0.00956255104392767,0.007457352301571518,,,,0,-95.6255104392767,0.0265352725982666,-0.019136182963848114,-0.01096547394990921,1.1512792631994628
2024-10-29,fold_7,"Inflation bear, AI rally and 2025",-0.0016866214573383331,-1,-0.007586243096739054,-1,0.007586243096739054,0.015043595398310572,,,,1,75.86243096739054,0.024221356958150864,-0.016022659838199615,-0.0016866214573383331,-0.9503655323814653
2024-10-30,fold_7,"Inflation bear, AI rally and 2025",-0.003633413463830948,-1,-0.02556682378053665,-1,0.02556682378053665,0.040610419178847224,,,,1,255.66823780536652,0.015317238867282867,0.018364498391747475,-0.003633413463830948,-3.135267415563969
2024-10-31,fold_7,"Inflation bear, AI rally and 2025",-0.010725390166044235,-1,0.007371632847934961,1,-0.007371632847934961,0.03323878633091226,,,,0,-73.71632847934961,-0.0049333274364471436,0.05955290049314499,-0.010725390166044235,0.7403067553257175
2024-11-01,fold_7,"Inflation bear, AI rally and 2025",-0.007982458919286728,-1,-0.0029172992799431086,-1,0.0029172992799431086,0.03615608561085537,,,,1,29.172992799431086,0.00415855273604393,0.05334897339344025,-0.007982458919286728,-0.29950634869518994
2024-11-04,fold_7,"Inflation bear, AI rally and 2025",-0.009999576956033707,-1,0.012676074169576168,1,-0.012676074169576168,0.023480011441279203,,,,0,-126.76074169576168,0.0026808790862560272,0.055682770907878876,-0.009999576956033707,1.3398945483494553
2024-11-05,fold_7,"Inflation bear, AI rally and 2025",0.007236788049340248,1,0.026800915598869324,1,0.026800915598869324,0.050280927040148526,,,,1,268.00915598869324,-0.003402024507522583,0.04119488596916199,0.007236788049340248,2.8808626073089583
2024-11-06,fold_7,"Inflation bear, AI rally and 2025",-0.012069880962371826,-1,0.015621576458215714,1,-0.015621576458215714,0.03465935058193281,,,,0,-156.21576458215714,0.009528886526823044,0.01310655102133751,-0.012069880962371826,1.4296840550942842
2024-11-07,fold_7,"Inflation bear, AI rally and 2025",-0.014106284826993942,-1,0.0011677085421979427,1,-0.0011677085421979427,0.03349164203973487,,,,0,-11.677085421979427,0.003221023827791214,-0.00948903989046812,-0.014106284826993942,0.10181834569816123
2024-11-08,fold_7,"Inflation bear, AI rally and 2025",-0.014360055327415466,-1,-0.0005835042102262378,-1,0.0005835042102262378,0.03407514624996111,,,,1,5.835042102262378,-0.0009222179651260376,-0.034771133214235306,-0.014360055327415466,-0.05088905969453027
2024-11-11,fold_7,"Inflation bear, AI rally and 2025",-0.014222811907529831,-1,-0.0018118094885721803,-1,0.0018118094885721803,0.03588695573853329,,,,1,18.118094885721803,0.0013473853468894958,-0.02726396732032299,-0.014222811907529831,-0.16014334393689053
2024-11-12,fold_7,"Inflation bear, AI rally and 2025",-0.015739716589450836,-1,-0.0012874208623543382,-1,0.0012874208623543382,0.037174376600887626,,,,1,12.874208623543382,0.0037748515605926514,-0.018596025183796883,-0.015739716589450836,-0.11796369941144873
2024-11-13,fold_7,"Inflation bear, AI rally and 2025",-0.009827595204114914,-1,-0.006974013987928629,-1,0.006974013987928629,0.044148390588816255,,,,1,69.74013987928629,0.007627397775650024,-0.01788480579853058,-0.009827595204114914,-0.6387942340020782
2024-11-14,fold_7,"Inflation bear, AI rally and 2025",-0.013734623789787292,-1,-0.02411438338458538,-1,0.02411438338458538,0.06826277397340164,,,,1,241.1438338458538,-0.008735790848731995,-0.00732002779841423,-0.013734623789787292,-2.1868111876517204
2024-11-15,fold_7,"Inflation bear, AI rally and 2025",-0.012241274118423462,-1,0.006923658773303032,1,-0.006923658773303032,0.061339115200098604,,,,0,-69.23658773303032,-0.01155903935432434,0.018397189676761627,-0.012241274118423462,0.5680860031384004
2024-11-18,fold_7,"Inflation bear, AI rally and 2025",-0.015080641955137253,-1,0.006856133230030537,1,-0.006856133230030537,0.05448298197006807,,,,0,-68.56133230030537,-0.010872341692447662,0.01305388379842043,-0.015080641955137253,0.558401971919163
2024-11-19,fold_7,"Inflation bear, AI rally and 2025",-0.011334508657455444,-1,-0.0005762007203884423,-1,0.0005762007203884423,0.05505918269045651,,,,1,5.762007203884423,-0.006764132529497147,0.01155262440443039,-0.011334508657455444,-0.046576442710721276
2024-11-20,fold_7,"Inflation bear, AI rally and 2025",-0.0006776414811611176,-1,0.0035907637793570757,1,-0.0035907637793570757,0.051468418911099434,,,,0,-35.90763779357076,-0.007518451660871506,0.0042242552153766155,-0.0006776414811611176,0.30225052300490235
2024-11-21,fold_7,"Inflation bear, AI rally and 2025",-0.002510804682970047,-1,0.0016028343234211206,1,-0.0016028343234211206,0.04986558458767831,,,,0,-16.028343234211206,0.0030491165816783905,0.00938198808580637,-0.002510804682970047,0.1361859766994263
2024-11-22,fold_7,"Inflation bear, AI rally and 2025",-0.01561952754855156,-1,0.0015803531277924776,1,-0.0015803531277924776,0.048285231459885836,,,,0,-15.803531277924776,-0.0001326538622379303,0.01860809698700905,-0.01561952754855156,0.13511581519797833
2024-11-25,fold_7,"Inflation bear, AI rally and 2025",-0.017222896218299866,-1,0.0053548733703792095,1,-0.0053548733703792095,0.042930358089506626,,,,0,-53.548733703792095,0.0035210102796554565,0.020089376717805862,-0.017222896218299866,0.457620211764222
2024-11-26,fold_7,"Inflation bear, AI rally and 2025",-0.01976151391863823,-1,-0.007904569618403912,-1,0.007904569618403912,0.05083492770791054,,,,1,79.04569618403912,0.0018422901630401611,0.027021605521440506,-0.01976151391863823,-0.6833908702918953
2024-11-27,fold_7,"Inflation bear, AI rally and 2025",-0.02027140185236931,-1,0.008748495951294899,1,-0.008748495951294899,0.04208643175661564,,,,0,-87.48495951294899,0.0015830621123313904,0.03215114027261734,-0.02027140185236931,0.7556567176370566
2024-11-29,fold_7,"Inflation bear, AI rally and 2025",-0.013597201555967331,-1,0.010828942991793156,1,-0.010828942991793156,0.03125748876482248,,,,0,-108.28942991793156,0.003655552864074707,0.03231269493699074,-0.013597201555967331,1.055899376910174
2024-12-02,fold_7,"Inflation bear, AI rally and 2025",-0.011874370276927948,-1,0.003061633324250579,1,-0.003061633324250579,0.028195855440571904,,,,0,-30.61633324250579,0.006745472550392151,0.013665560632944107,-0.011874370276927948,0.29416382393420215
2024-12-03,fold_7,"Inflation bear, AI rally and 2025",-0.013174362480640411,-1,0.01228710263967514,1,-0.01228710263967514,0.015908752800896764,,,,0,-122.8710263967514,0.007859520614147186,0.007190646603703499,-0.013174362480640411,1.180318253081192
2024-12-04,fold_7,"Inflation bear, AI rally and 2025",-0.010028112679719925,-1,-0.0027750355657190084,-1,0.0027750355657190084,0.018683788366615772,,,,1,27.750355657190084,0.014251962304115295,0.012647631578147411,-0.010028112679719925,-0.2671733985316268
2024-12-05,fold_7,"Inflation bear, AI rally and 2025",-0.013883821666240692,-1,0.008910051546990871,1,-0.008910051546990871,0.0097737368196249,,,,0,-89.10051546990871,0.0035657882690429688,0.008947910740971565,-0.013883821666240692,1.0474948066388639
2024-12-06,fold_7,"Inflation bear, AI rally and 2025",-0.008347567170858383,-1,-0.007818191312253475,-1,0.007818191312253475,0.017591928131878376,,,,1,78.18191312253475,0.020633947104215622,0.007663036696612835,-0.008347567170858383,-0.9763530416449152
2024-12-09,fold_7,"Inflation bear, AI rally and 2025",-0.004323694854974747,-1,-0.0034132804721593857,-1,0.0034132804721593857,0.02100520860403776,,,,1,34.13280472159386,0.034089408814907074,0.029779212549328804,-0.004323694854974747,-0.41666036610704454
2024-12-10,fold_7,"Inflation bear, AI rally and 2025",-0.0057579390704631805,-1,0.017744088545441628,1,-0.017744088545441628,0.003261120058596134,,,,0,-177.44088545441628,0.029443107545375824,0.028778880834579468,-0.0057579390704631805,2.1569583437642637
2024-12-11,fold_7,"Inflation bear, AI rally and 2025",-0.007139872759580612,-1,-0.006474756635725498,-1,0.006474756635725498,0.009735876694321632,,,,1,64.74756635725498,0.010115239769220352,-0.025708824396133423,-0.007139872759580612,-0.7096169509710132
2024-12-12,fold_7,"Inflation bear, AI rally and 2025",-0.008263874799013138,-1,0.007625177036970854,1,-0.007625177036970854,0.0021106996573507786,,,,0,-76.25177036970854,0.005422081798315048,-0.023697493597865105,-0.008263874799013138,0.8257751735954242
2024-12-13,fold_7,"Inflation bear, AI rally and 2025",-0.00783991813659668,-1,0.01429798360913992,1,-0.01429798360913992,-0.01218728395178914,,,,0,-142.9798360913992,0.01740279421210289,-0.022628068923950195,-0.00783991813659668,1.5441146298969766
2024-12-16,fold_7,"Inflation bear, AI rally and 2025",-0.010101988911628723,-1,-0.004413610324263573,-1,0.004413610324263573,-0.007773673627525568,,,,1,44.13610324263573,0.006220918148756027,-0.02723037078976631,-0.010101988911628723,-0.5396602766272658
2024-12-17,fold_7,"Inflation bear, AI rally and 2025",-0.00885014608502388,-1,-0.03674361854791641,-1,0.03674361854791641,0.028969944920390844,,,,1,367.4361854791641,0.011151418089866638,-0.00934807863086462,-0.00885014608502388,-4.541270883179465
2024-12-18,fold_7,"Inflation bear, AI rally and 2025",-0.007037457078695297,-1,-0.004463426768779755,-1,0.004463426768779755,0.0334333716891706,,,,1,44.634267687797546,0.008326474577188492,0.026716021820902824,-0.007037457078695297,-0.39053926853043847
2024-12-19,fold_7,"Inflation bear, AI rally and 2025",-0.008374668657779694,-1,0.00869460217654705,1,-0.00869460217654705,0.02473876951262355,,,,0,-86.9460217654705,0.015030093491077423,0.017797116190195084,-0.008374668657779694,0.7579205871356646
2024-12-20,fold_7,"Inflation bear, AI rally and 2025",-0.008384909480810165,-1,0.009695682674646378,1,-0.009695682674646378,0.015043086837977171,,,,0,-96.95682674646378,0.017021283507347107,-0.004286685958504677,-0.008384909480810165,0.8352949709807537
2024-12-23,fold_7,"Inflation bear, AI rally and 2025",-0.007249642163515091,-1,0.013468680903315544,1,-0.013468680903315544,0.0015744059346616268,,,,0,-134.68680903315544,0.015221208333969116,-0.02251328155398369,-0.007249642163515091,1.1411439948871818
2024-12-24,fold_7,"Inflation bear, AI rally and 2025",-0.011271074414253235,-1,-0.000679517223034054,-1,0.000679517223034054,0.002253923157695681,,,,1,6.79517223034054,-0.012098301202058792,-0.03793996945023537,-0.011271074414253235,-0.05580862951838488
2024-12-26,fold_7,"Inflation bear, AI rally and 2025",-0.018564604222774506,-1,-0.01338233333081007,-1,0.01338233333081007,0.01563625648850575,,,,1,133.8233333081007,-0.007091950625181198,-0.02102765068411827,-0.018564604222774506,-1.104355311002339
2024-12-27,fold_7,"Inflation bear, AI rally and 2025",-0.0418180488049984,-1,-0.013389199040830135,-1,0.013389199040830135,0.029025455529335886,,,,1,133.89199040830135,-0.0236202422529459,0.0037819980643689632,-0.0418180488049984,-1.0836190505276386
2024-12-30,fold_7,"Inflation bear, AI rally and 2025",-0.017698124051094055,-1,-0.008530912920832634,-1,0.008530912920832634,0.03755636845016852,,,,1,85.30912920832634,0.0034598521888256073,-0.0008342231158167124,-0.017698124051094055,-0.6790967534261981
2024-12-31,fold_7,"Inflation bear, AI rally and 2025",-0.00914248451590538,-1,-0.001958006527274847,-1,0.001958006527274847,0.03951437497744337,,,,1,19.58006527274847,0.004175055772066116,0.007871338166296482,-0.00914248451590538,-0.15697591873959477
2025-01-02,fold_7,"Inflation bear, AI rally and 2025",-0.005693353712558746,-1,0.016232801601290703,1,-0.016232801601290703,0.023281573376152664,,,,0,-162.32801601290703,-0.0007115155458450317,-0.005975963082164526,-0.005693353712558746,1.302564693849145
2025-01-03,fold_7,"Inflation bear, AI rally and 2025",-0.007081020623445511,-1,0.011427314952015877,1,-0.011427314952015877,0.011854258424136788,,,,0,-114.27314952015877,0.0031586289405822754,-0.025427700951695442,-0.007081020623445511,0.9007871628095191
2025-01-06,fold_7,"Inflation bear, AI rally and 2025",-0.009510617703199387,-1,-0.01800542138516903,-1,0.01800542138516903,0.029859679809305817,,,,1,180.0542138516903,0.03441394865512848,-0.037804875522851944,-0.009510617703199387,-1.3929812999224083
2025-01-07,fold_7,"Inflation bear, AI rally and 2025",-0.015394940972328186,-1,0.00017464857955928892,1,-0.00017464857955928892,0.029685031229746528,,,,0,-1.7464857955928892,-0.00484875962138176,0.0029459847137331963,-0.015394940972328186,0.013042302412667819
2025-01-08,fold_7,"Inflation bear, AI rally and 2025",-0.01537272334098816,-1,-0.015805307775735855,-1,0.015805307775735855,0.04549033900548238,,,,1,158.05307775735855,0.02881406620144844,-0.004259203560650349,-0.01537272334098816,-1.1904829162064468
2025-01-10,fold_7,"Inflation bear, AI rally and 2025",-0.010998502373695374,-1,-0.0032189367339015007,-1,0.0032189367339015007,0.048709275739383884,,,,1,32.18936733901501,0.00582575798034668,0.028283799067139626,-0.010998502373695374,-0.23465888856546038
2025-01-13,fold_7,"Inflation bear, AI rally and 2025",-0.01217859610915184,-1,-0.0009498588042333722,-1,0.0009498588042333722,0.049659134543617256,,,,1,9.498588042333722,0.006938114762306213,0.03735056519508362,-0.01217859610915184,-0.07222777190658458
2025-01-14,fold_7,"Inflation bear, AI rally and 2025",-0.01147017627954483,-1,0.022745439782738686,1,-0.022745439782738686,0.02691369476087857,,,,0,-227.45439782738686,0.007050726562738419,0.05100506544113159,-0.01147017627954483,1.7399232613692317
2025-01-15,fold_7,"Inflation bear, AI rally and 2025",-0.026172254234552383,-1,-0.007030539680272341,-1,0.007030539680272341,0.03394423444115091,,,,1,70.30539680272341,0.044383853673934937,0.030383583158254623,-0.026172254234552383,-0.5049517597581288
2025-01-16,fold_7,"Inflation bear, AI rally and 2025",-0.03668631240725517,-1,0.016737693920731544,1,-0.016737693920731544,0.017206540520419367,,,,0,-167.37693920731544,0.07156132161617279,0.03174690529704094,-0.03668631240725517,1.2269209099107852
2025-01-17,fold_7,"Inflation bear, AI rally and 2025",-0.014152232557535172,-1,0.005847829394042492,1,-0.005847829394042492,0.011358711126376875,,,,0,-58.47829394042492,0.019407786428928375,-0.014537647366523743,-0.014152232557535172,0.4143973905147078
2025-01-21,fold_7,"Inflation bear, AI rally and 2025",-0.01187058910727501,-1,0.012704640626907349,1,-0.012704640626907349,-0.0013459295005304739,,,,0,-127.04640626907349,0.008897151798009872,-0.005713867023587227,-0.01187058910727501,1.100211193259038
2025-01-22,fold_7,"Inflation bear, AI rally and 2025",-0.01172153651714325,-1,0.0021239574998617172,1,-0.0021239574998617172,-0.003469887000392191,,,,0,-21.239574998617172,0.005277566611766815,-0.02029821276664734,-0.01172153651714325,0.1792397771662967
2025-01-23,fold_7,"Inflation bear, AI rally and 2025",-0.012965023517608643,-1,-0.005667216144502163,-1,0.005667216144502163,0.002197329144109972,,,,1,56.67216144502163,0.0033724717795848846,-0.018168844282627106,-0.012965023517608643,-0.4844238379339672
2025-01-24,fold_7,"Inflation bear, AI rally and 2025",-0.013528123497962952,-1,-0.029546858742833138,-1,0.029546858742833138,0.03174418788694311,,,,1,295.4685874283314,0.008892618119716644,-0.013955770991742611,-0.013528123497962952,-2.554659461653467
2025-01-27,fold_7,"Inflation bear, AI rally and 2025",0.07681109011173248,1,0.014671609736979008,1,0.014671609736979008,0.04641579762392212,,,,1,146.71609736979008,0.11307574808597565,0.007555878255516291,0.07681109011173248,1.1307622690069064
2025-01-28,fold_7,"Inflation bear, AI rally and 2025",0.005602385848760605,1,-0.0018797048833221197,-1,-0.0018797048833221197,0.0445360927406,,,,0,-18.797048833221197,0.03162930905818939,0.00508470181375742,0.005602385848760605,-0.14046057405372117
2025-01-29,fold_7,"Inflation bear, AI rally and 2025",0.029943350702524185,1,0.004253325052559376,1,0.004253325052559376,0.04878941779315937,,,,1,42.53325052559376,0.024745997041463852,0.011492137797176838,0.029943350702524185,0.3259162506482828
2025-01-30,fold_7,"Inflation bear, AI rally and 2025",0.058300673961639404,1,-0.0014541425043717027,-1,-0.0014541425043717027,0.04733527528878767,,,,0,-14.541425043717027,0.04164475202560425,0.01244503352791071,0.058300673961639404,-0.11415912596668515
2025-01-31,fold_7,"Inflation bear, AI rally and 2025",0.022865433245897293,1,-0.008035209029912949,-1,-0.008035209029912949,0.03930006625887472,,,,0,-80.35209029912949,0.02286546304821968,0.0012055110419169068,0.022865433245897293,-0.6377956415929221
2025-02-03,fold_7,"Inflation bear, AI rally and 2025",-0.013525538146495819,-1,0.01220043282955885,1,-0.01220043282955885,0.027099633429315872,,,,0,-122.0043282955885,0.02255924418568611,0.021273206919431686,-0.013525538146495819,0.9592780334475167
2025-02-04,fold_7,"Inflation bear, AI rally and 2025",0.027642058208584785,1,0.004527731332927942,1,0.004527731332927942,0.031627364762243815,,,,1,45.27731332927942,0.006651461124420166,0.006689184810966253,0.027642058208584785,0.36248105051066565
2025-02-05,fold_7,"Inflation bear, AI rally and 2025",-0.010957937687635422,-1,0.00520622031763196,1,-0.00520622031763196,0.026421144444611855,,,,0,-52.0622031763196,0.00971166044473648,0.0027484078891575336,-0.010957937687635422,0.424351776164534
2025-02-06,fold_7,"Inflation bear, AI rally and 2025",-0.011368487030267715,-1,-0.01269366405904293,-1,0.01269366405904293,0.039114808503654785,,,,1,126.9366405904293,0.008861377835273743,0.011825453490018845,-0.011368487030267715,-1.0898155390432156
2025-02-07,fold_7,"Inflation bear, AI rally and 2025",-0.023234717547893524,-1,0.012032486498355865,1,-0.012032486498355865,0.02708232200529892,,,,0,-120.32486498355865,0.03571264445781708,0.028708897531032562,-0.023234717547893524,1.0036834697670374
2025-02-10,fold_7,"Inflation bear, AI rally and 2025",-0.01133698970079422,-1,-0.002383588580414653,-1,0.002383588580414653,0.029465910585713573,,,,1,23.83588580414653,-0.0016444660723209381,0.018940920010209084,-0.01133698970079422,-0.20256088020514224
2025-02-11,fold_7,"Inflation bear, AI rally and 2025",-0.016740132123231888,-1,0.0005869545857422054,1,-0.0005869545857422054,0.028878955999971367,,,,0,-5.869545857422054,-0.005473487079143524,0.021602557972073555,-0.016740132123231888,0.04992246657520241
2025-02-12,fold_7,"Inflation bear, AI rally and 2025",0.006234150379896164,1,0.014283265918493271,1,0.014283265918493271,0.04316222191846464,,,,1,142.8326591849327,0.02510397508740425,0.016762059181928635,0.006234150379896164,1.2149625157575195
2025-02-13,fold_7,"Inflation bear, AI rally and 2025",-0.006657883524894714,-1,0.004189779050648212,1,-0.004189779050648212,0.038972442867816426,,,,0,-41.897790506482124,-0.007852016016840935,-0.01849435083568096,-0.006657883524894714,0.3784886720745663
2025-02-14,fold_7,"Inflation bear, AI rally and 2025",-0.009096391499042511,-1,0.002264508744701743,1,-0.002264508744701743,0.03670793412311468,,,,0,-22.64508744701743,0.00977710634469986,-0.034558553248643875,-0.009096391499042511,0.20591048791693217
2025-02-18,fold_7,"Inflation bear, AI rally and 2025",-0.009806819260120392,-1,0.0002780499344225973,1,-0.0002780499344225973,0.036429884188692085,,,,0,-2.780499344225973,0.003594733774662018,-0.049502383917570114,-0.009806819260120392,0.02685567236901609
2025-02-19,fold_7,"Inflation bear, AI rally and 2025",-0.012114610522985458,-1,-0.00425354391336441,-1,0.00425354391336441,0.040683428102056496,,,,1,42.535439133644104,-0.004896536469459534,-0.04736772179603577,-0.012114610522985458,-0.4141406173823227
2025-02-20,fold_7,"Inflation bear, AI rally and 2025",-0.016670487821102142,-1,-0.020973144099116325,-1,0.020973144099116325,0.06165657220117282,,,,1,209.73144099116325,-0.011576646938920021,-0.07127831876277924,-0.016670487821102142,-2.115124717352403
2025-02-21,fold_7,"Inflation bear, AI rally and 2025",-0.011951304972171783,-1,-0.011874424293637276,-1,0.011874424293637276,0.0735309964948101,,,,1,118.74424293637276,0.0036801211535930634,-0.03463706746697426,-0.011951304972171783,-1.083570530091159
2025-02-24,fold_7,"Inflation bear, AI rally and 2025",-0.0069569796323776245,-1,-0.012679321691393852,-1,0.012679321691393852,0.08621031818620395,,,,1,126.79321691393852,0.0012909062206745148,-0.04488817974925041,-0.0069569796323776245,-1.1316524071712148
2025-02-25,fold_7,"Inflation bear, AI rally and 2025",-0.006097566336393356,-1,0.002412711502984166,1,-0.002412711502984166,0.08379760668321978,,,,0,-24.12711502984166,0.01759679615497589,-0.035231202840805054,-0.006097566336393356,0.2544313760054517
2025-02-26,fold_7,"Inflation bear, AI rally and 2025",-0.000790085643529892,-1,-0.02816414088010788,-1,0.02816414088010788,0.11196174756332766,,,,1,281.6414088010788,0.01772242784500122,-0.02469206415116787,-0.000790085643529892,-3.1597074203238327
2025-02-27,fold_7,"Inflation bear, AI rally and 2025",-0.004639241844415665,-1,0.015668107196688652,1,-0.015668107196688652,0.09629364036663901,,,,0,-156.68107196688652,0.014009520411491394,-0.02442282810807228,-0.004639241844415665,1.436683933453293
2025-02-28,fold_7,"Inflation bear, AI rally and 2025",-0.006322138011455536,-1,-0.02212553843855858,-1,0.02212553843855858,0.11841917880519759,,,,1,221.25538438558578,0.011589135974645615,-0.0327642448246479,-0.006322138011455536,-1.9382641638574425
2025-03-03,fold_7,"Inflation bear, AI rally and 2025",-0.004228502511978149,-1,-0.0030223436187952757,-1,0.0030223436187952757,0.12144152242399286,,,,1,30.223436187952757,0.022959142923355103,-0.05016609653830528,-0.004228502511978149,-0.2430142505803539
2025-03-04,fold_7,"Inflation bear, AI rally and 2025",-0.006270259618759155,-1,0.012951849959790707,1,-0.012951849959790707,0.10848967246420216,,,,0,-129.51849959790707,0.019861094653606415,-0.04953701049089432,-0.006270259618759155,1.0508624067943906
2025-03-05,fold_7,"Inflation bear, AI rally and 2025",-0.004335802048444748,-1,-0.02789490483701229,-1,0.02789490483701229,0.13638457730121445,,,,1,278.9490483701229,0.020570624619722366,-0.05127124860882759,-0.004335802048444748,-2.2562760531011747
2025-03-06,fold_7,"Inflation bear, AI rally and 2025",-0.004278093576431274,-1,0.007326692808419466,1,-0.007326692808419466,0.12905788449279498,,,,0,-73.26692808419466,0.027740005403757095,-0.04153061285614967,-0.004278093576431274,0.530514293447537
2025-03-07,fold_7,"Inflation bear, AI rally and 2025",-0.005203131586313248,-1,-0.039527393877506256,-1,0.039527393877506256,0.16858527837030124,,,,1,395.27393877506256,0.021800585091114044,-0.024974392727017403,-0.005203131586313248,-2.8521982387636458
2025-03-10,fold_7,"Inflation bear, AI rally and 2025",-0.008938271552324295,-1,-0.002393258037045598,-1,0.002393258037045598,0.17097853640734684,,,,1,23.93258037045598,0.021306101232767105,0.021015793085098267,-0.008938271552324295,-0.14782092154955517
2025-03-11,fold_7,"Inflation bear, AI rally and 2025",-0.008846677839756012,-1,0.011217612773180008,1,-0.011217612773180008,0.15976092363416683,,,,0,-112.17612773180008,0.01714111864566803,0.0062147388234734535,-0.008846677839756012,0.7022379003606621
2025-03-12,fold_7,"Inflation bear, AI rally and 2025",-0.00695408508181572,-1,-0.018154267221689224,-1,0.018154267221689224,0.17791519085585605,,,,1,181.54267221689224,0.014420803636312485,0.008289692923426628,-0.00695408508181572,-1.1233351275181127
2025-03-13,fold_7,"Inflation bear, AI rally and 2025",-0.007494494318962097,-1,0.0238829106092453,1,-0.0238829106092453,0.15403228024661075,,,,0,-238.829106092453,0.020011723041534424,0.023048678413033485,-0.007494494318962097,1.433327728065527
2025-03-14,fold_7,"Inflation bear, AI rally and 2025",-0.007927976548671722,-1,0.006462794728577137,1,-0.006462794728577137,0.14756948551803362,,,,0,-64.62794728577137,0.011110559105873108,0.002457075286656618,-0.007927976548671722,0.3756676896084284
2025-03-17,fold_7,"Inflation bear, AI rally and 2025",-0.01660456508398056,-1,-0.017194312065839767,-1,0.017194312065839767,0.16476379758387338,,,,1,171.94312065839767,0.018452510237693787,0.017701327800750732,-0.01660456508398056,-0.997428633637089
2025-03-18,fold_7,"Inflation bear, AI rally and 2025",-0.010356202721595764,-1,0.013292566873133183,1,-0.013292566873133183,0.1514712307107402,,,,0,-132.92566873133183,0.034205712378025055,0.040585990995168686,-0.010356202721595764,0.7529097085664618
2025-03-19,fold_7,"Inflation bear, AI rally and 2025",-0.013374019414186478,-1,-0.0033952805679291487,-1,0.0033952805679291487,0.15486651127866935,,,,1,33.95280567929149,0.019110098481178284,0.00872135628014803,-0.013374019414186478,-0.189645777621097
2025-03-20,fold_7,"Inflation bear, AI rally and 2025",-0.016286522150039673,-1,0.0032913063187152147,1,-0.0032913063187152147,0.15157520495995414,,,,0,-32.91306318715215,0.02194148302078247,0.006402337457984686,-0.016286522150039673,0.18393242786491146
2025-03-21,fold_7,"Inflation bear, AI rally and 2025",-0.008741918951272964,-1,0.021707046777009964,1,-0.021707046777009964,0.12986815818294417,,,,0,-217.07046777009964,0.019287556409835815,-0.023569578304886818,-0.008741918951272964,1.2558823168990274
2025-03-24,fold_7,"Inflation bear, AI rally and 2025",-0.020673628896474838,-1,0.005690351594239473,1,-0.005690351594239473,0.1241778065887047,,,,0,-56.90351594239473,-0.002461777999997139,-0.04531926289200783,-0.020673628896474838,0.32048442258407656
2025-03-25,fold_7,"Inflation bear, AI rally and 2025",-0.017214767634868622,-1,-0.018572067841887474,-1,0.018572067841887474,0.14274987443059217,,,,1,185.72067841887474,0.003619816154241562,-0.04298087954521179,-0.017214767634868622,-1.0568059807657881
2025-03-26,fold_7,"Inflation bear, AI rally and 2025",-0.00901869311928749,-1,-0.005714299622923136,-1,0.005714299622923136,0.1484641740535153,,,,1,57.14299622923136,-0.002157449722290039,-0.017136819660663605,-0.00901869311928749,-0.3165865709902819
2025-03-27,fold_7,"Inflation bear, AI rally and 2025",-0.006728950887918472,-1,-0.026680609211325645,-1,0.026680609211325645,0.17514478326484095,,,,1,266.80609211325645,-0.011627767235040665,-0.06644228845834732,-0.006728950887918472,-1.5728139846911706
2025-03-28,fold_7,"Inflation bear, AI rally and 2025",-0.011899735778570175,-1,-4.263700975570828e-05,-1,4.263700975570828e-05,0.17518742027459666,,,,1,0.4263700975570828,-0.005746548995375633,-0.10388310998678207,-0.011899735778570175,-0.002417402521640605
2025-03-31,fold_7,"Inflation bear, AI rally and 2025",-0.013182532042264938,-1,0.008028735406696796,1,-0.008028735406696796,0.16715868486789986,,,,0,-80.28735406696796,-0.011352887377142906,-0.10143010318279266,-0.013182532042264938,0.4742472209972108
2025-04-01,fold_7,"Inflation bear, AI rally and 2025",-0.012613993138074875,-1,0.007271991111338139,1,-0.007271991111338139,0.15988669375656173,,,,0,-72.71991111338139,-0.008062859997153282,-0.12763145565986633,-0.012613993138074875,0.42748922377433163
2025-04-02,fold_7,"Inflation bear, AI rally and 2025",-0.011451538652181625,-1,-0.055019769817590714,-1,0.055019769817590714,0.21490646357415244,,,,1,550.1976981759071,-0.008533576503396034,-0.021547358483076096,-0.011451538652181625,-3.2669603826950797
2025-04-03,fold_7,"Inflation bear, AI rally and 2025",-0.008882690221071243,-1,-0.06412143260240555,-1,0.06412143260240555,0.279027896176558,,,,1,641.2143260240555,0.016261450946331024,-0.009990752674639225,-0.008882690221071243,-3.2218939204937738
2025-04-04,fold_7,"Inflation bear, AI rally and 2025",-0.009667802602052689,-1,0.0024103696923702955,1,-0.0024103696923702955,0.2766175264841877,,,,0,-24.103696923702955,0.016372431069612503,0.07238619029521942,-0.009667802602052689,0.09848710582561052
2025-04-07,fold_7,"Inflation bear, AI rally and 2025",-0.011455830186605453,-1,-0.01817261427640915,-1,0.01817261427640915,0.29479014076059684,,,,1,181.7261427640915,0.01893092691898346,0.0767311081290245,-0.011455830186605453,-0.796046233471477
2025-04-08,fold_7,"Inflation bear, AI rally and 2025",-0.010277356952428818,-1,0.1133560836315155,1,-0.1133560836315155,0.18143405712908134,,,,0,-1133.560836315155,0.02408003807067871,0.09601788967847824,-0.010277356952428818,4.889990120928103
2025-04-09,fold_7,"Inflation bear, AI rally and 2025",-0.018240679055452347,-1,-0.04346316307783127,-1,0.04346316307783127,0.2248972202069126,,,,1,434.6316307783127,0.006818268448114395,-0.0479557141661644,-0.018240679055452347,-1.2687291452129743
2025-04-10,fold_7,"Inflation bear, AI rally and 2025",-0.013771716505289078,-1,0.01825551502406597,1,-0.01825551502406597,0.20664170518284664,,,,0,-182.5551502406597,0.01791919395327568,-0.004672687966376543,-0.013771716505289078,0.5160277596305618
2025-04-11,fold_7,"Inflation bear, AI rally and 2025",-0.03809797391295433,-1,0.006755282171070576,1,-0.006755282171070576,0.19988642301177606,,,,0,-67.55282171070576,-0.021786747500300407,-0.04798625782132149,-0.03809797391295433,0.19186220783259403
2025-04-14,fold_7,"Inflation bear, AI rally and 2025",-0.023209232836961746,-1,0.0011141699505969882,1,-0.0011141699505969882,0.19877225306117907,,,,0,-11.141699505969882,-0.02497228980064392,-0.028828177601099014,-0.023209232836961746,0.0316419716434806
2025-04-15,fold_7,"Inflation bear, AI rally and 2025",-0.020435813814401627,-1,-0.030617518350481987,-1,0.030617518350481987,0.22938977141166106,,,,1,306.17518350481987,-0.018411792814731598,-0.007517511025071144,-0.020435813814401627,-0.8747330783313502
2025-04-16,fold_7,"Inflation bear, AI rally and 2025",-0.008502990007400513,-1,-0.00018013635417446494,-1,0.00018013635417446494,0.22956990776583552,,,,1,1.8013635417446494,0.0009095259010791779,0.05084860697388649,-0.008502990007400513,-0.005068363389150477
2025-04-17,fold_7,"Inflation bear, AI rally and 2025",-0.015549801290035248,-1,-0.02505805715918541,-1,0.02505805715918541,0.25462796492502093,,,,1,250.5805715918541,-0.00949111022055149,0.06211496889591217,-0.015549801290035248,-0.7052004373844853
2025-04-21,fold_7,"Inflation bear, AI rally and 2025",-0.011170055717229843,-1,0.025913363322615623,1,-0.025913363322615623,0.2287146016024053,,,,0,-259.13363322615623,0.0005992874503135681,0.08685559034347534,-0.011170055717229843,0.720520723984611
2025-04-22,fold_7,"Inflation bear, AI rally and 2025",-0.016490619629621506,-1,0.022424837574362755,1,-0.022424837574362755,0.20628976402804255,,,,0,-224.24837574362755,-0.0064983069896698,0.06752496212720871,-0.016490619629621506,0.6211222406699431
2025-04-23,fold_7,"Inflation bear, AI rally and 2025",-0.017801780253648758,-1,0.027748601511120796,1,-0.027748601511120796,0.17854116251692176,,,,0,-277.48601511120796,-0.02601848542690277,0.04497391730546951,-0.017801780253648758,0.7617366307611424
2025-04-24,fold_7,"Inflation bear, AI rally and 2025",-0.01772645115852356,-1,0.01108622271567583,1,-0.01108622271567583,0.16745493980124593,,,,0,-110.86222715675831,-0.027801865711808205,0.03020145744085312,-0.01772645115852356,0.30192364164997343
2025-04-25,fold_7,"Inflation bear, AI rally and 2025",-0.01854885369539261,-1,-0.00031743646832183003,-1,0.00031743646832183003,0.16777237626956776,,,,1,3.1743646832183003,-0.01670404151082039,0.03385004773736,-0.01854885369539261,-0.008630674926025761
2025-04-28,fold_7,"Inflation bear, AI rally and 2025",-0.016879074275493622,-1,0.0065827397629618645,1,-0.0065827397629618645,0.1611896365066059,,,,0,-65.82739762961864,-0.017371390014886856,0.028217311948537827,-0.016879074275493622,0.18137760637662514
2025-04-29,fold_7,"Inflation bear, AI rally and 2025",-0.01671477034687996,-1,-0.00012620817869901657,-1,0.00012620817869901657,0.1613158446853049,,,,1,1.2620817869901657,-0.012561887502670288,0.012289345264434814,-0.01671477034687996,-0.0034746220771629953
2025-04-30,fold_7,"Inflation bear, AI rally and 2025",-0.01738467440009117,-1,0.012976137921214104,1,-0.012976137921214104,0.1483397067640908,,,,0,-129.76137921214104,-0.01679755561053753,0.01633375883102417,-0.01738467440009117,0.35768155522795286
2025-05-01,fold_7,"Inflation bear, AI rally and 2025",-0.02440594509243965,-1,0.014734814874827862,1,-0.014734814874827862,0.13360489188926294,,,,0,-147.34814874827862,-0.03583359345793724,0.013629618100821972,-0.02440594509243965,0.40527054453153283
2025-05-02,fold_7,"Inflation bear, AI rally and 2025",-0.011722888797521591,-1,-0.005950172431766987,-1,0.005950172431766987,0.13955506432102993,,,,1,59.50172431766987,-0.012287702411413193,-0.0017607435584068298,-0.011722888797521591,-0.17311363003944677
2025-05-05,fold_7,"Inflation bear, AI rally and 2025",-0.011006072163581848,-1,-0.009345225989818573,-1,0.009345225989818573,0.1489002903108485,,,,1,93.45225989818573,-0.003816930577158928,0.0441216379404068,-0.011006072163581848,-0.29888984103191907
2025-05-06,fold_7,"Inflation bear, AI rally and 2025",-0.014821108430624008,-1,0.003918205387890339,1,-0.003918205387890339,0.14498208492295817,,,,0,-39.18205387890339,-0.010744281113147736,0.06859263777732849,-0.014821108430624008,0.1250561344734105
2025-05-07,fold_7,"Inflation bear, AI rally and 2025",-0.005267169326543808,-1,0.010271997191011906,1,-0.010271997191011906,0.13471008773194626,,,,0,-102.71997191011906,-0.00038148462772369385,0.07064971327781677,-0.005267169326543808,0.3305092844591725
2025-05-08,fold_7,"Inflation bear, AI rally and 2025",-0.007927827537059784,-1,-0.00065554742468521,-1,0.00065554742468521,0.13536563515663147,,,,1,6.5554742468521,-0.006937975063920021,0.06147606670856476,-0.007927827537059784,-0.036156972066067466
2025-05-09,fold_7,"Inflation bear, AI rally and 2025",-0.006417211145162582,-1,0.03993220627307892,1,-0.03993220627307892,0.09543342888355255,,,,0,-399.3220627307892,-0.01483192853629589,0.06647443026304245,-0.006417211145162582,2.6088471223946046
2025-05-12,fold_7,"Inflation bear, AI rally and 2025",-0.008526619523763657,-1,0.01512577198445797,1,-0.01512577198445797,0.08030765689909458,,,,0,-151.2577198445797,-0.0030126813799142838,0.027500687167048454,-0.008526619523763657,0.8771644078400747
2025-05-13,fold_7,"Inflation bear, AI rally and 2025",-0.012851402163505554,-1,0.005975283216685057,1,-0.005975283216685057,0.07433237368240952,,,,0,-59.75283216685057,-0.0018632784485816956,0.009036059491336346,-0.012851402163505554,0.34129920720393586
2025-05-14,fold_7,"Inflation bear, AI rally and 2025",-0.01231200248003006,-1,0.0010983524844050407,1,-0.0010983524844050407,0.07323402119800448,,,,0,-10.983524844050407,-0.0026779044419527054,-0.010933410376310349,-0.01231200248003006,0.06256064208819194
2025-05-15,fold_7,"Inflation bear, AI rally and 2025",-0.011639945209026337,-1,0.004342813044786453,1,-0.004342813044786453,0.06889120815321803,,,,0,-43.42813044786453,-0.005522418767213821,-0.010162297636270523,-0.011639945209026337,0.26859577139762664
2025-05-16,fold_7,"Inflation bear, AI rally and 2025",-0.011122748255729675,-1,0.0009584668441675603,1,-0.0009584668441675603,0.06793274130905047,,,,0,-9.584668441675603,-0.001451980322599411,-0.023808997124433517,-0.011122748255729675,0.059173135968984825
2025-05-19,fold_7,"Inflation bear, AI rally and 2025",-0.009355459362268448,-1,-0.00333885638974607,-1,0.00333885638974607,0.07127159769879654,,,,1,33.3885638974607,-9.075179696083069e-05,-0.0015147612430155277,-0.009355459362268448,-0.21967344676553358
2025-05-20,fold_7,"Inflation bear, AI rally and 2025",-0.007817521691322327,-1,-0.01399418618530035,-1,0.01399418618530035,0.08526578388409689,,,,1,139.9418618530035,0.004129212349653244,-0.002617579186335206,-0.007817521691322327,-0.9945301163410145
2025-05-21,fold_7,"Inflation bear, AI rally and 2025",-0.0014067068696022034,-1,0.0018694656901061535,1,-0.0018694656901061535,0.08339631819399074,,,,0,-18.694656901061535,0.0016467273235321045,0.013340315781533718,-0.0014067068696022034,0.13832889935319634
2025-05-22,fold_7,"Inflation bear, AI rally and 2025",-0.005834814161062241,-1,-0.009303887374699116,-1,0.009303887374699116,0.09270020556868985,,,,1,93.03887374699116,0.005491767078638077,0.009892607107758522,-0.005834814161062241,-0.774461020632546
2025-05-23,fold_7,"Inflation bear, AI rally and 2025",-0.019122783094644547,-1,0.0232527032494545,1,-0.0232527032494545,0.06944750231923535,,,,0,-232.52703249454498,0.009932715445756912,0.027063505724072456,-0.019122783094644547,1.9478699600537477
2025-05-27,fold_7,"Inflation bear, AI rally and 2025",-0.005273614078760147,-1,-0.004441674333065748,-1,0.004441674333065748,0.0738891766523011,,,,1,44.41674333065748,0.0023558475077152252,0.011597446165978909,-0.005273614078760147,-0.34112939391963787
2025-05-28,fold_7,"Inflation bear, AI rally and 2025",-0.019410964101552963,-1,0.0019637085497379303,1,-0.0019637085497379303,0.07192546810256317,,,,0,-19.637085497379303,-0.01688203774392605,0.018823090940713882,-0.019410964101552963,0.15134440968446183
2025-05-29,fold_7,"Inflation bear, AI rally and 2025",-0.011569138616323471,-1,-0.0015782431000843644,-1,0.0015782431000843644,0.07350371120264754,,,,1,15.782431000843644,-0.011433891952037811,0.009304034523665905,-0.011569138616323471,-0.12156701262634625
2025-05-30,fold_7,"Inflation bear, AI rally and 2025",-0.007931288331747055,-1,0.007867010310292244,1,-0.007867010310292244,0.06563670089235529,,,,0,-78.67010310292244,0.0006672181189060211,0.02061014249920845,-0.007931288331747055,0.62145509353276
2025-06-02,fold_7,"Inflation bear, AI rally and 2025",-0.010172773152589798,-1,0.007786644622683525,1,-0.007786644622683525,0.05785005626967177,,,,0,-77.86644622683525,-0.005963359028100967,0.014214090071618557,-0.010172773152589798,0.630565866011398
2025-06-03,fold_7,"Inflation bear, AI rally and 2025",-0.00672917440533638,-1,0.0027839706744998693,1,-0.0027839706744998693,0.0550660855951719,,,,0,-27.839706744998693,0.0020733363926410675,0.013019595295190811,-0.00672917440533638,0.22452047709836354
2025-06-04,fold_7,"Inflation bear, AI rally and 2025",-0.008628781884908676,-1,-0.0075553483329713345,-1,0.0075553483329713345,0.06262143392814323,,,,1,75.55348332971334,-0.004778752103447914,0.006860374938696623,-0.008628781884908676,-0.617361654631516
2025-06-05,fold_7,"Inflation bear, AI rally and 2025",-0.0049923621118068695,-1,0.009727864526212215,1,-0.009727864526212215,0.05289356940193102,,,,0,-97.27864526212215,-0.009092632681131363,0.01676086150109768,-0.0049923621118068695,0.7894022209341992
2025-06-06,fold_7,"Inflation bear, AI rally and 2025",-0.007144425064325333,-1,0.001470958348363638,1,-0.001470958348363638,0.05142261105356738,,,,0,-14.70958348363638,-0.0060272738337516785,-0.00560140423476696,-0.007144425064325333,0.11958058444466334
2025-06-09,fold_7,"Inflation bear, AI rally and 2025",-0.00950377807021141,-1,0.006592150311917067,1,-0.006592150311917067,0.04483046074165031,,,,0,-65.92150311917067,-0.01004285179078579,0.0067417314276099205,-0.00950377807021141,0.5357510440066177
2025-06-10,fold_7,"Inflation bear, AI rally and 2025",-0.009338445961475372,-1,-0.003375249681994319,-1,0.003375249681994319,0.04820571042364463,,,,1,33.75249681994319,-0.008673837408423424,-0.009649480693042278,-0.009338445961475372,-0.3927775601112056
2025-06-11,fold_7,"Inflation bear, AI rally and 2025",-0.011585120111703873,-1,0.002345137996599078,1,-0.002345137996599078,0.045860572427045554,,,,0,-23.451379965990782,-0.019818879663944244,-0.0064444150775671005,-0.011585120111703873,0.2955188983284086
2025-06-12,fold_7,"Inflation bear, AI rally and 2025",-0.013438921421766281,-1,-0.012634401209652424,-1,0.012634401209652424,0.05849497363669798,,,,1,126.34401209652424,-0.012268448248505592,-0.012881052680313587,-0.013438921421766281,-1.6115450914958678
2025-06-13,fold_7,"Inflation bear, AI rally and 2025",-0.03414235636591911,-1,0.013814094476401806,1,-0.013814094476401806,0.04468087916029617,,,,0,-138.14094476401806,-0.05630674958229065,0.009983260184526443,-0.03414235636591911,1.658394163013713
2025-06-16,fold_7,"Inflation bear, AI rally and 2025",-0.015336059033870697,-1,-0.00979906227439642,-1,0.00979906227439642,0.05447994143469259,,,,1,97.9906227439642,-0.016367653384804726,0.011345419101417065,-0.015336059033870697,-1.109638710114522
2025-06-17,fold_7,"Inflation bear, AI rally and 2025",-0.035769712179899216,-1,-0.00017018403741531074,-1,0.00017018403741531074,0.0546501254721079,,,,1,1.7018403741531074,-0.053303249180316925,0.02369767054915428,-0.035769712179899216,-0.018709541966715384
2025-06-18,fold_7,"Inflation bear, AI rally and 2025",-0.025287579745054245,-1,-0.004091499838978052,-1,0.004091499838978052,0.058741625311085954,,,,1,40.91499838978052,-0.05972610414028168,0.03317466005682945,-0.025287579745054245,-0.45132657086905426
2025-06-20,fold_7,"Inflation bear, AI rally and 2025",-0.01643506810069084,-1,0.010229912586510181,1,-0.010229912586510181,0.04851171272457577,,,,0,-102.29912586510181,-0.03701260685920715,0.04068398103117943,-0.01643506810069084,1.1954519155541303
2025-06-23,fold_7,"Inflation bear, AI rally and 2025",-0.013759542256593704,-1,0.015176253393292427,1,-0.015176253393292427,0.033335459331283346,,,,0,-151.76253393292427,-0.004805486649274826,0.03691010922193527,-0.013759542256593704,1.7152282168837871
2025-06-24,fold_7,"Inflation bear, AI rally and 2025",-0.011600922793149948,-1,0.002553190104663372,1,-0.002553190104663372,0.030782269226619974,,,,0,-25.53190104663372,0.004984952509403229,0.01326880045235157,-0.011600922793149948,0.2761633476020483
2025-06-25,fold_7,"Inflation bear, AI rally and 2025",-0.010955441743135452,-1,0.009306803345680237,1,-0.009306803345680237,0.021475465880939737,,,,0,-93.06803345680237,-0.0012004226446151733,0.0176568441092968,-0.010955441743135452,1.2140570495435146
2025-06-26,fold_7,"Inflation bear, AI rally and 2025",-0.01206822320818901,-1,0.0034178236965090036,1,-0.0034178236965090036,0.018057642184430733,,,,0,-34.178236965090036,-0.0034331493079662323,0.018142199143767357,-0.01206822320818901,0.4336796183005765
2025-06-27,fold_7,"Inflation bear, AI rally and 2025",-0.012419231235980988,-1,0.006456038448959589,1,-0.006456038448959589,0.011601603735471144,,,,0,-64.56038448959589,-0.0014565326273441315,0.007162868976593018,-0.012419231235980988,0.8166233479195625
2025-06-30,fold_7,"Inflation bear, AI rally and 2025",-0.013164069503545761,-1,-0.008465055376291275,-1,0.008465055376291275,0.02006665911176242,,,,1,84.65055376291275,-0.003781992942094803,0.0012683197855949402,-0.013164069503545761,-1.0543437575637744
2025-07-01,fold_7,"Inflation bear, AI rally and 2025",-0.010787997394800186,-1,0.006941234227269888,1,-0.006941234227269888,0.013125424884492531,,,,0,-69.41234227269888,-0.001028735190629959,0.016787249594926834,-0.010787997394800186,0.8612915520447721
2025-07-02,fold_7,"Inflation bear, AI rally and 2025",-0.008671365678310394,-1,0.009792158380150795,1,-0.009792158380150795,0.0033332665043417364,,,,0,-97.92158380150795,-0.0036286264657974243,0.00840685609728098,-0.008671365678310394,1.2209093004921368
2025-07-03,fold_7,"Inflation bear, AI rally and 2025",-0.012261651456356049,-1,-0.007561507169157267,-1,0.007561507169157267,0.010894773673499003,,,,1,75.61507169157267,-0.004030570387840271,-0.003638129448518157,-0.012261651456356049,-0.912062731944434
2025-07-07,fold_7,"Inflation bear, AI rally and 2025",-0.01125003769993782,-1,0.0005614891997538507,1,-0.0005614891997538507,0.010333284473745152,,,,0,-5.614891997538507,-0.003284003585577011,0.007543554063886404,-0.01125003769993782,0.06772407021490523
2025-07-08,fold_7,"Inflation bear, AI rally and 2025",-0.012644235044717789,-1,0.007053874898701906,1,-0.007053874898701906,0.003279409575043246,,,,0,-70.53874898701906,-0.00702371820807457,0.007898572832345963,-0.012644235044717789,0.8815816587750563
2025-07-09,fold_7,"Inflation bear, AI rally and 2025",-0.010786205530166626,-1,-0.0014391591539606452,-1,0.0014391591539606452,0.004718568729003891,,,,1,14.391591539606452,-0.008398547768592834,0.0018679917557165027,-0.010786205530166626,-0.17661141588879875
2025-07-10,fold_7,"Inflation bear, AI rally and 2025",-0.011096160858869553,-1,-0.0022528269328176975,-1,0.0022528269328176975,0.006971395661821589,,,,1,22.528269328176975,-0.0084527637809515,0.011367371305823326,-0.011096160858869553,-0.2808745383451295
2025-07-11,fold_7,"Inflation bear, AI rally and 2025",-0.009871181100606918,-1,0.003620176576077938,1,-0.003620176576077938,0.003351219085743651,,,,0,-36.20176576077938,-0.00274704210460186,0.012658500112593174,-0.009871181100606918,0.4524629565912329
2025-07-14,fold_7,"Inflation bear, AI rally and 2025",-0.010143540799617767,-1,0.0009165076771751046,1,-0.0009165076771751046,0.002434711408568546,,,,0,-9.165076771751046,-0.004128053784370422,0.014209684915840626,-0.010143540799617767,0.11420975350014795
2025-07-15,fold_7,"Inflation bear, AI rally and 2025",-0.013272982090711594,-1,0.0010232938220724463,1,-0.0010232938220724463,0.0014114175864960998,,,,0,-10.232938220724463,-0.0024470221251249313,0.008103914558887482,-0.013272982090711594,0.13618806482870882
2025-07-16,fold_7,"Inflation bear, AI rally and 2025",-0.007976807653903961,-1,0.008060220628976822,1,-0.008060220628976822,-0.006648803042480722,,,,0,-80.60220628976822,0.0009276159107685089,0.011631511151790619,-0.007976807653903961,1.1760979880152769
2025-07-17,fold_7,"Inflation bear, AI rally and 2025",-0.01270022988319397,-1,-0.0009616987663321197,-1,0.0009616987663321197,-0.005687104276148602,,,,1,9.616987663321197,-0.01016872189939022,0.005697506945580244,-0.01270022988319397,-0.14270382450815308
2025-07-18,fold_7,"Inflation bear, AI rally and 2025",-0.010433372110128403,-1,0.005171361844986677,1,-0.005171361844986677,-0.01085846612113528,,,,0,-51.71361844986677,-0.005592595785856247,0.00906337145715952,-0.010433372110128403,0.7669859185624802
2025-07-21,fold_7,"Inflation bear, AI rally and 2025",-0.011833954602479935,-1,-0.005189262330532074,-1,0.005189262330532074,-0.0056692037906032056,,,,1,51.89262330532074,-0.008028347045183182,0.007012150716036558,-0.011833954602479935,-0.7654419130645659
2025-07-22,fold_7,"Inflation bear, AI rally and 2025",-0.008569281548261642,-1,0.004550890065729618,1,-0.004550890065729618,-0.010220093856332824,,,,0,-45.50890065729618,-0.0026539023965597153,0.0106513611972332,-0.008569281548261642,0.7015949302939439
2025-07-23,fold_7,"Inflation bear, AI rally and 2025",-0.008643988519906998,-1,0.0021262161899358034,1,-0.0021262161899358034,-0.012346310046268627,,,,0,-21.262161899358034,-0.0012690871953964233,0.007439480163156986,-0.008643988519906998,0.37827171020139594
2025-07-24,fold_7,"Inflation bear, AI rally and 2025",-0.009415879845619202,-1,0.002404165454208851,1,-0.002404165454208851,-0.014750475500477478,,,,0,-24.04165454208851,-0.0042559914290905,0.0,-0.009415879845619202,0.4283990359534204
2025-07-25,fold_7,"Inflation bear, AI rally and 2025",-0.011589672416448593,-1,0.0031201415695250034,1,-0.0031201415695250034,-0.01787061707000248,,,,0,-31.201415695250034,0.00092339888215065,-0.022299613803625107,-0.011589672416448593,0.595502653685041
2025-07-28,fold_7,"Inflation bear, AI rally and 2025",-0.012386657297611237,-1,-0.0015500520821660757,-1,0.0015500520821660757,-0.016320564987836406,,,,1,15.500520821660757,-0.0014971792697906494,-0.007136274129152298,-0.012386657297611237,-0.2963649319322456
2025-07-29,fold_7,"Inflation bear, AI rally and 2025",-0.01423582062125206,-1,0.001339009148068726,1,-0.001339009148068726,-0.01765957413590513,,,,0,-13.39009148068726,-0.006619978696107864,-0.012398889288306236,-0.01423582062125206,0.26573052952608295
2025-07-30,fold_7,"Inflation bear, AI rally and 2025",-0.018481850624084473,-1,-0.005313263740390539,-1,0.005313263740390539,-0.012346310395514593,,,,1,53.13263740390539,0.00196211040019989,-0.0012331786565482616,-0.018481850624084473,-1.1354257306530724
2025-07-31,fold_7,"Inflation bear, AI rally and 2025",0.009420517832040787,1,-0.01989544928073883,-1,-0.01989544928073883,-0.03224175967625342,,,,0,-198.9544928073883,-0.00930553674697876,0.00745871476829052,0.009420517832040787,-4.351860117887104
2025-08-01,fold_7,"Inflation bear, AI rally and 2025",-0.00794345885515213,-1,0.018283480778336525,1,-0.018283480778336525,-0.05052524045458995,,,,0,-182.83480778336525,0.008608832955360413,0.03663913160562515,-0.00794345885515213,3.051587052731937
2025-08-04,fold_7,"Inflation bear, AI rally and 2025",-0.0006656460464000702,-1,-0.006812667474150658,-1,0.006812667474150658,-0.04371257298043929,,,,1,68.12667474150658,0.023452814668416977,0.015392293222248554,-0.0006656460464000702,-0.9658439511808814
2025-08-05,fold_7,"Inflation bear, AI rally and 2025",-0.007777675986289978,-1,0.012504720129072666,1,-0.012504720129072666,-0.05621729310951196,,,,0,-125.04720129072666,0.02789967507123947,0.03469543159008026,-0.007777675986289978,1.7331264565623796
2025-08-06,fold_7,"Inflation bear, AI rally and 2025",0.007875289767980576,1,0.0033786294516175985,1,0.0033786294516175985,-0.05283866365789436,,,,1,33.786294516175985,0.035102859139442444,0.0226906705647707,0.007875289767980576,0.44599293756289404
2025-08-07,fold_7,"Inflation bear, AI rally and 2025",0.004275288432836533,1,0.009284966625273228,1,0.009284966625273228,-0.04355369703262113,,,,1,92.84966625273228,0.026153884828090668,0.01853628270328045,0.004275288432836533,1.2206949690026645
2025-08-08,fold_7,"Inflation bear, AI rally and 2025",-0.009164061397314072,-1,-0.002963355975225568,-1,0.002963355975225568,-0.04059034105739556,,,,1,29.633559752255678,0.010523688048124313,0.004844300914555788,-0.009164061397314072,-0.3766124078785977
2025-08-11,fold_7,"Inflation bear, AI rally and 2025",-0.005450952798128128,-1,0.012490469962358475,1,-0.012490469962358475,-0.05308081101975404,,,,0,-124.90469962358475,0.022540781646966934,0.007409026846289635,-0.005450952798128128,1.5901907501999453
2025-08-12,fold_7,"Inflation bear, AI rally and 2025",-0.012288130819797516,-1,0.0004999605007469654,1,-0.0004999605007469654,-0.053580771520501,,,,0,-4.999605007469654,0.002272173762321472,-0.018741806969046593,-0.012288130819797516,0.059990749109096714
2025-08-13,fold_7,"Inflation bear, AI rally and 2025",-0.012511864304542542,-1,-0.000775758468080312,-1,0.000775758468080312,-0.05280501305242069,,,,1,7.75758468080312,-0.0017019473016262054,-0.02519688941538334,-0.012511864304542542,-0.09311073597075677
2025-08-14,fold_7,"Inflation bear, AI rally and 2025",-0.013645961880683899,-1,-0.004407014697790146,-1,0.004407014697790146,-0.048397998354630545,,,,1,44.07014697790146,-0.002198643982410431,-0.029061537235975266,-0.013645961880683899,-0.5416591906536531
2025-08-15,fold_7,"Inflation bear, AI rally and 2025",-0.011629268527030945,-1,-0.0003986301308032125,-1,0.0003986301308032125,-0.04799936822382733,,,,1,3.9863013080321252,0.012410949915647507,-0.00934495497494936,-0.011629268527030945,-0.04865628722997111
2025-08-18,fold_7,"Inflation bear, AI rally and 2025",-0.010711904615163803,-1,-0.013660364784300327,-1,0.013660364784300327,-0.034339003439527005,,,,1,136.60364784300327,0.006025571376085281,-0.011835196986794472,-0.010711904615163803,-1.68412534415897
2025-08-19,fold_7,"Inflation bear, AI rally and 2025",-0.005822621285915375,-1,-0.005955122411251068,-1,0.005955122411251068,-0.028383881028275937,,,,1,59.55122411251068,0.02594844624400139,0.005832357332110405,-0.005822621285915375,-0.6933178700891818
2025-08-20,fold_7,"Inflation bear, AI rally and 2025",-0.0042750053107738495,-1,-0.004640405066311359,-1,0.004640405066311359,-0.023743475961964577,,,,1,46.404050663113594,0.01794366165995598,0.013323167338967323,-0.0042750053107738495,-0.5375727616004295
2025-08-21,fold_7,"Inflation bear, AI rally and 2025",-0.0030480138957500458,-1,0.01530956756323576,1,-0.01530956756323576,-0.03905304352520034,,,,0,-153.0956756323576,0.009843192994594574,0.024203982204198837,-0.0030480138957500458,1.7635160886517867
2025-08-22,fold_7,"Inflation bear, AI rally and 2025",-0.01573285460472107,-1,-0.0028888722881674767,-1,0.0028888722881674767,-0.03616417123703286,,,,1,28.888722881674767,0.010397318750619888,-0.0027484886813908815,-0.01573285460472107,-0.31008575290815854
2025-08-25,fold_7,"Inflation bear, AI rally and 2025",-0.01106991246342659,-1,0.004007190000265837,1,-0.004007190000265837,-0.0401713612372987,,,,0,-40.07190000265837,0.014214888215065002,-0.008275248110294342,-0.01106991246342659,0.43029600122841694
2025-08-26,fold_7,"Inflation bear, AI rally and 2025",-0.015276879072189331,-1,0.001535687712021172,1,-0.001535687712021172,-0.04170704894931987,,,,0,-15.35687712021172,0.016519691795110703,-0.0044456529431045055,-0.015276879072189331,0.16425835506509845
2025-08-27,fold_7,"Inflation bear, AI rally and 2025",-0.014820761978626251,-1,0.006240409333258867,1,-0.006240409333258867,-0.04794745828257874,,,,0,-62.40409333258867,-0.0024742204695940018,0.003029386978596449,-0.014820761978626251,0.667371148535967
2025-08-28,fold_7,"Inflation bear, AI rally and 2025",-0.01315339282155037,-1,-0.011642903089523315,-1,0.011642903089523315,-0.03630455519305542,,,,1,116.42903089523315,-0.0053924862295389175,-0.0017690984532237053,-0.01315339282155037,-1.241336584782596
2025-08-29,fold_7,"Inflation bear, AI rally and 2025",-0.016958151012659073,-1,-0.00841563194990158,-1,0.00841563194990158,-0.02788892324315384,,,,1,84.15631949901581,0.0006266310811042786,0.01473993994295597,-0.016958151012659073,-0.9720242852407744
2025-09-02,fold_7,"Inflation bear, AI rally and 2025",-0.018281370401382446,-1,0.007836785167455673,1,-0.007836785167455673,-0.035725708410609514,,,,0,-78.36785167455673,0.006499845534563065,0.025984633713960648,-0.018281370401382446,0.9970023351283237
2025-09-03,fold_7,"Inflation bear, AI rally and 2025",-0.006492041051387787,-1,0.009010727517306805,1,-0.009010727517306805,-0.04473643592791632,,,,0,-90.10727517306805,0.018827054649591446,0.018475046381354332,-0.006492041051387787,1.1394559757618208
2025-09-04,fold_7,"Inflation bear, AI rally and 2025",-0.002409704029560089,-1,0.0014419236686080694,1,-0.0014419236686080694,-0.04617835959652439,,,,0,-14.419236686080694,0.0032908879220485687,0.015268106013536453,-0.002409704029560089,0.18807909607239273
2025-09-05,fold_7,"Inflation bear, AI rally and 2025",0.0038634203374385834,1,0.004866134840995073,1,0.004866134840995073,-0.041312224755529314,,,,1,48.66134840995073,0.03283192217350006,0.01823362335562706,0.0038634203374385834,0.6372558726449794
2025-09-08,fold_7,"Inflation bear, AI rally and 2025",-0.005653534084558487,-1,0.002829062519595027,1,-0.002829062519595027,-0.04414128727512434,,,,0,-28.29062519595027,0.009267803281545639,0.02188795804977417,-0.005653534084558487,0.38083729456508125
2025-09-09,fold_7,"Inflation bear, AI rally and 2025",-0.009408820420503616,-1,0.0003271980385761708,1,-0.0003271980385761708,-0.04446848531370051,,,,0,-3.271980385761708,0.009074073284864426,0.018213454633951187,-0.009408820420503616,0.04406164831320266
2025-09-10,fold_7,"Inflation bear, AI rally and 2025",-0.011110465973615646,-1,0.005803787149488926,1,-0.005803787149488926,-0.05027227246318944,,,,0,-58.03787149488926,0.0008216500282287598,0.01588842086493969,-0.011110465973615646,0.8434438852361171
2025-09-11,fold_7,"Inflation bear, AI rally and 2025",-0.01129905879497528,-1,0.004407439846545458,1,-0.004407439846545458,-0.054679712309734896,,,,0,-44.07439846545458,-0.001514524221420288,0.019061127677559853,-0.01129905879497528,0.6295015227957373
2025-09-12,fold_7,"Inflation bear, AI rally and 2025",-0.0102272629737854,-1,0.00852047000080347,1,-0.00852047000080347,-0.06320018231053837,,,,0,-85.2047000080347,0.004681088030338287,0.021400216966867447,-0.0102272629737854,1.2054363075401078
2025-09-15,fold_7,"Inflation bear, AI rally and 2025",-0.008375722914934158,-1,-0.0008454403723590076,-1,0.0008454403723590076,-0.06235474193817936,,,,1,8.454403723590076,0.002055749297142029,0.01878230646252632,-0.008375722914934158,-0.11654796916406615
2025-09-16,fold_7,"Inflation bear, AI rally and 2025",-0.008212439715862274,-1,-0.0019978368654847145,-1,0.0019978368654847145,-0.060356905072694644,,,,1,19.978368654847145,0.004828590899705887,0.012963303364813328,-0.008212439715862274,-0.2753385942654289
2025-09-17,fold_7,"Inflation bear, AI rally and 2025",-0.006555225700139999,-1,0.008976494893431664,1,-0.008976494893431664,-0.06933339996612631,,,,0,-89.76494893431664,0.009907830506563187,0.01144441682845354,-0.006555225700139999,1.3607346414331145
2025-09-18,fold_7,"Inflation bear, AI rally and 2025",-0.00770043209195137,-1,0.006746530067175627,1,-0.006746530067175627,-0.07607993003330193,,,,0,-67.46530067175627,0.00400981679558754,-0.001852678949944675,-0.00770043209195137,0.9971799293033602
2025-09-19,fold_7,"Inflation bear, AI rally and 2025",-0.008132781833410263,-1,0.005902559962123632,1,-0.005902559962123632,-0.08198248999542557,,,,0,-59.025599621236324,0.008381880819797516,-0.004496766719967127,-0.008132781833410263,0.8612280707817476
2025-09-22,fold_7,"Inflation bear, AI rally and 2025",-0.008445043116807938,-1,-0.00666444469243288,-1,0.00666444469243288,-0.07531804530299269,,,,1,66.6444469243288,0.006169527769088745,-0.005778889171779156,-0.008445043116807938,-1.095695263592265
2025-09-23,fold_7,"Inflation bear, AI rally and 2025",-0.00791633129119873,-1,-0.003516722936183214,-1,0.003516722936183214,-0.07180132236680947,,,,1,35.16722936183214,0.005637012422084808,0.0036210042890161276,-0.00791633129119873,-0.5645837122021672
2025-09-24,fold_7,"Inflation bear, AI rally and 2025",-0.008023086935281754,-1,-0.004320601467043161,-1,0.004320601467043161,-0.06748072089976631,,,,1,43.206014670431614,-0.004722286015748978,0.011923212558031082,-0.008023086935281754,-0.6952956867216374
2025-09-25,fold_7,"Inflation bear, AI rally and 2025",-0.0022528618574142456,-1,0.004102441947907209,1,-0.004102441947907209,-0.07158316284767352,,,,0,-41.024419479072094,-0.014173878356814384,0.02034645900130272,-0.0022528618574142456,0.6533257981723073
2025-09-26,fold_7,"Inflation bear, AI rally and 2025",-0.009328272193670273,-1,0.0046204375103116035,1,-0.0046204375103116035,-0.07620360035798512,,,,0,-46.204375103116035,-0.0013022758066654205,0.012025424279272556,-0.009328272193670273,0.746356600807675
2025-09-29,fold_7,"Inflation bear, AI rally and 2025",-0.00844721868634224,-1,0.002735448768362403,1,-0.002735448768362403,-0.07893904912634753,,,,0,-27.35448768362403,0.008044715970754623,0.014887053519487381,-0.00844721868634224,0.4789916015347059
2025-09-30,fold_7,"Inflation bear, AI rally and 2025",-0.0100872702896595,-1,0.004785485565662384,1,-0.004785485565662384,-0.08372453469200991,,,,0,-47.85485565662384,0.004681166261434555,0.006872063037008047,-0.0100872702896595,0.881875034282518
2025-10-01,fold_7,"Inflation bear, AI rally and 2025",-0.007667168974876404,-1,0.004102644510567188,1,-0.004102644510567188,-0.0878271792025771,,,,0,-41.02644510567188,0.0009259581565856934,0.01348517369478941,-0.007667168974876404,0.7820441076156708
2025-10-02,fold_7,"Inflation bear, AI rally and 2025",-0.009519960731267929,-1,-0.004218591842800379,-1,0.004218591842800379,-0.08360858735977672,,,,1,42.18591842800379,-0.0032501239329576492,0.008171569555997849,-0.009519960731267929,-0.8557317218921436
2025-10-03,fold_7,"Inflation bear, AI rally and 2025",-0.008286815136671066,-1,0.007482066750526428,1,-0.007482066750526428,-0.09109065411030315,,,,0,-74.82066750526428,-0.003265807405114174,-0.02294095605611801,-0.008286815136671066,1.4937609204365878
2025-10-06,fold_7,"Inflation bear, AI rally and 2025",-0.007397178560495377,-1,-0.005279541946947575,-1,0.005279541946947575,-0.08581111216335557,,,,1,52.795419469475746,-0.001837402582168579,-0.00942372065037489,-0.007397178560495377,-1.0216646254540132
2025-10-07,fold_7,"Inflation bear, AI rally and 2025",-0.005765534937381744,-1,0.01139859575778246,1,-0.01139859575778246,-0.09720970792113803,,,,0,-113.98595757782459,0.0015855804085731506,-0.010827412828803062,-0.005765534937381744,2.165864902452659
2025-10-08,fold_7,"Inflation bear, AI rally and 2025",-0.005140937864780426,-1,-0.0012109596282243729,-1,0.0012109596282243729,-0.09599874829291366,,,,1,12.109596282243729,0.0021515153348445892,-0.015193992294371128,-0.005140937864780426,-0.20710450937279112
2025-10-09,fold_7,"Inflation bear, AI rally and 2025",-0.009361926466226578,-1,-0.0353311188519001,-1,0.0353311188519001,-0.06066762944101356,,,,1,353.311188519001,0.0038783028721809387,-0.01769283600151539,-0.009361926466226578,-6.190099209469844
2025-10-10,fold_7,"Inflation bear, AI rally and 2025",-0.006804060190916061,-1,0.020999303087592125,1,-0.020999303087592125,-0.08166693252860568,,,,0,-209.99303087592125,0.015329327434301376,0.024183519184589386,-0.006804060190916061,2.1656736954973526
2025-10-13,fold_7,"Inflation bear, AI rally and 2025",0.00014061853289604187,1,-0.006683234125375748,-1,-0.006683234125375748,-0.08835016665398143,,,,0,-66.83234125375748,0.04965443164110184,0.01570628583431244,0.00014061853289604187,-0.6302711987652501
2025-10-14,fold_7,"Inflation bear, AI rally and 2025",0.00046911463141441345,1,0.007032016292214394,1,0.007032016292214394,-0.08131815036176704,,,,1,70.32016292214394,0.022106096148490906,0.022127928212285042,0.00046911463141441345,0.656776523455626
2025-10-15,fold_7,"Inflation bear, AI rally and 2025",0.014735337346792221,1,-0.0037098024040460587,-1,-0.0037098024040460587,-0.0850279527658131,,,,0,-37.09802404046059,0.04785492271184921,0.005415184423327446,0.014735337346792221,-0.3431036216291272
2025-10-16,fold_7,"Inflation bear, AI rally and 2025",0.010859917849302292,1,0.006545236799865961,1,0.006545236799865961,-0.07848271596594714,,,,1,65.45236799865961,0.031594738364219666,0.017496326938271523,0.010859917849302292,0.6141795166647341
2025-10-17,fold_7,"Inflation bear, AI rally and 2025",0.0049653686583042145,1,0.012522069737315178,1,0.012522069737315178,-0.06596064622863196,,,,1,125.22069737315178,0.012993056327104568,0.021572764962911606,0.0049653686583042145,1.1757149166181942
2025-10-20,fold_7,"Inflation bear, AI rally and 2025",-0.0007019713521003723,-1,-0.00026159174740314484,-1,0.00026159174740314484,-0.06569905448122881,,,,1,2.6159174740314484,0.0011930614709854126,0.02670317515730858,-0.0007019713521003723,-0.023926513409431638
2025-10-21,fold_7,"Inflation bear, AI rally and 2025",-0.010674424469470978,-1,-0.009680728428065777,-1,0.009680728428065777,-0.05601832605316304,,,,1,96.80728428065777,-0.00039638206362724304,0.03462529554963112,-0.010674424469470978,-0.8937772036216127
2025-10-22,fold_7,"Inflation bear, AI rally and 2025",0.001148723065853119,1,0.008371341042220592,1,0.008371341042220592,-0.047646985010942444,,,,1,83.71341042220592,0.0021799951791763306,0.04879889264702797,0.001148723065853119,0.7598277720253334
2025-10-23,fold_7,"Inflation bear, AI rally and 2025",-0.01243109256029129,-1,0.010621673427522182,1,-0.010621673427522182,-0.05826865843846463,,,,0,-106.21673427522182,-0.010635772719979286,0.025020860135555267,-0.01243109256029129,0.9540309455168327
2025-10-24,fold_7,"Inflation bear, AI rally and 2025",-0.0116584412753582,-1,0.01765247993171215,1,-0.01765247993171215,-0.07592113837017678,,,,0,-176.5247993171215,-0.0007184892892837524,0.019211603328585625,-0.0116584412753582,1.5557006495301577
2025-10-27,fold_7,"Inflation bear, AI rally and 2025",-0.01213185116648674,-1,0.007660527713596821,1,-0.007660527713596821,-0.0835816660837736,,,,0,-76.60527713596821,-0.005731264129281044,0.006332420278340578,-0.01213185116648674,0.6400089901114824
2025-10-28,fold_7,"Inflation bear, AI rally and 2025",-0.010244984179735184,-1,0.004492870531976223,1,-0.004492870531976223,-0.08807453661574982,,,,0,-44.92870531976223,-4.7907233238220215e-06,-0.021835021674633026,-0.010244984179735184,0.37205342136019226
2025-10-29,fold_7,"Inflation bear, AI rally and 2025",-0.010261792689561844,-1,-0.015406693331897259,-1,0.015406693331897259,-0.07266784328385256,,,,1,154.0669333189726,0.0030323825776576996,-0.019840959459543228,-0.010261792689561844,-1.2764184630714328
2025-10-30,fold_7,"Inflation bear, AI rally and 2025",-0.010084912180900574,-1,0.00481241662055254,1,-0.00481241662055254,-0.0774802599044051,,,,0,-48.1241662055254,-0.00113707035779953,-0.02323727495968342,-0.010084912180900574,0.3844184108543597
2025-10-31,fold_7,"Inflation bear, AI rally and 2025",-0.008293438702821732,-1,0.004773298278450966,1,-0.004773298278450966,-0.08225355818285607,,,,0,-47.73298278450966,0.0035774409770965576,-0.03121001087129116,-0.008293438702821732,0.3809678203254386
2025-11-03,fold_7,"Inflation bear, AI rally and 2025",-0.007280837744474411,-1,-0.02050691470503807,-1,0.02050691470503807,-0.061746643477818,,,,1,205.0691470503807,0.014074135571718216,-0.014100291766226292,-0.007280837744474411,-1.645425497330582
2025-11-04,fold_7,"Inflation bear, AI rally and 2025",-0.008384108543395996,-1,0.006486933678388596,1,-0.006486933678388596,-0.06823357715620659,,,,0,-64.86933678388596,0.012787871062755585,0.003739549545571208,-0.008384108543395996,0.4904235227950415
2025-11-05,fold_7,"Inflation bear, AI rally and 2025",-0.005651883780956268,-1,-0.018803009763360023,-1,0.018803009763360023,-0.04943056739284657,,,,1,188.03009763360023,0.022147908806800842,-0.0035360476467758417,-0.005651883780956268,-1.4397275540722754
2025-11-06,fold_7,"Inflation bear, AI rally and 2025",-0.007323425263166428,-1,-0.0031603185925632715,-1,0.0031603185925632715,-0.0462702488002833,,,,1,31.603185925632715,0.011858027428388596,-0.005360324867069721,-0.007323425263166428,-0.23038518248782683
2025-11-07,fold_7,"Inflation bear, AI rally and 2025",-0.00672052800655365,-1,0.02188301645219326,1,-0.02188301645219326,-0.06815326525247656,,,,0,-218.8301645219326,0.021130863577127457,-0.0014442570973187685,-0.00672052800655365,1.9475170148969252
2025-11-10,fold_7,"Inflation bear, AI rally and 2025",-0.014038894325494766,-1,-0.002667073393240571,-1,0.002667073393240571,-0.06548619185923599,,,,1,26.67073393240571,0.03829193115234375,-0.03190450370311737,-0.014038894325494766,-0.23559951962183132
2025-11-11,fold_7,"Inflation bear, AI rally and 2025",-0.0010770633816719055,-1,-0.0007886635139584541,-1,0.0007886635139584541,-0.06469752834527753,,,,1,7.886635139584541,-0.011400515213608742,-0.04148799180984497,-0.0010770633816719055,-0.07018370771346462
2025-11-12,fold_7,"Inflation bear, AI rally and 2025",0.007967578247189522,1,-0.020627286285161972,-1,-0.020627286285161972,-0.0853248146304395,,,,0,-206.27286285161972,0.025404885411262512,-0.034746989607810974,0.007967578247189522,-1.853642922140871
2025-11-13,fold_7,"Inflation bear, AI rally and 2025",0.009843267500400543,1,0.0007557492353953421,1,0.0007557492353953421,-0.08456906539504416,,,,1,7.557492353953421,0.0867268443107605,-0.03807619959115982,0.009843267500400543,0.06288792179286838
2025-11-14,fold_7,"Inflation bear, AI rally and 2025",-0.004148270934820175,-1,-0.008577228523790836,-1,0.008577228523790836,-0.07599183687125333,,,,1,85.77228523790836,0.04107530415058136,-0.03134717792272568,-0.004148270934820175,-0.7190147203950206
2025-11-17,fold_7,"Inflation bear, AI rally and 2025",-0.010296966880559921,-1,-0.012250563129782677,-1,0.012250563129782677,-0.06374127374147065,,,,1,122.50563129782677,0.013142649084329605,0.0024817129597067833,-0.010296966880559921,-1.042298205062926
2025-11-18,fold_7,"Inflation bear, AI rally and 2025",-0.010984174907207489,-1,0.0059523372910916805,1,-0.0059523372910916805,-0.06969361103256233,,,,0,-59.523372910916805,0.015097621828317642,0.020877135917544365,-0.010984174907207489,0.49322207919352573
2025-11-19,fold_7,"Inflation bear, AI rally and 2025",-0.00959542766213417,-1,-0.02395649440586567,-1,0.02395649440586567,-0.04573711662669666,,,,1,239.5649440586567,0.018262505531311035,0.02372167818248272,-0.00959542766213417,-2.0052447494274688
2025-11-20,fold_7,"Inflation bear, AI rally and 2025",-0.010146349668502808,-1,0.007484769448637962,1,-0.007484769448637962,-0.05322188607533462,,,,0,-74.84769448637962,0.0166470967233181,0.055752597749233246,-0.010146349668502808,0.5775990910985691
2025-11-21,fold_7,"Inflation bear, AI rally and 2025",-0.008511904627084732,-1,0.025251662358641624,1,-0.025251662358641624,-0.07847354843397625,,,,0,-252.51662358641624,0.01842980459332466,0.04490327462553978,-0.008511904627084732,1.9653590753917458
2025-11-24,fold_7,"Inflation bear, AI rally and 2025",-0.008813939988613129,-1,0.006144860293716192,1,-0.006144860293716192,-0.08461840872769244,,,,0,-61.44860293716192,0.018948517739772797,0.027447156608104706,-0.008813939988613129,0.45626205881541687
2025-11-25,fold_7,"Inflation bear, AI rally and 2025",-0.02644256129860878,-1,0.008796879090368748,1,-0.008796879090368748,-0.09341528781806119,,,,0,-87.96879090368748,0.010457441210746765,0.02374311164021492,-0.02644256129860878,0.6550691216377408
2025-11-26,fold_7,"Inflation bear, AI rally and 2025",-0.01719507947564125,-1,0.008074427023530006,1,-0.008074427023530006,-0.1014897148415912,,,,0,-80.74427023530006,-0.01442912220954895,0.014015650376677513,-0.01719507947564125,0.5965591048813538
2025-11-28,fold_7,"Inflation bear, AI rally and 2025",-0.014699410647153854,-1,-0.0033645550720393658,-1,0.0033645550720393658,-0.09812515976955183,,,,1,33.64555072039366,-0.007151199504733086,0.010010326281189919,-0.014699410647153854,-0.25463658553309576
2025-12-01,fold_7,"Inflation bear, AI rally and 2025",-0.017280392348766327,-1,0.007795544341206551,1,-0.007795544341206551,-0.10592070411075838,,,,0,-77.9554434120655,-0.010118398815393448,0.011454490013420582,-0.017280392348766327,0.5909859154765658
2025-12-02,fold_7,"Inflation bear, AI rally and 2025",-0.013437803834676743,-1,0.0024408164899796247,1,-0.0024408164899796247,-0.108361520600738,,,,0,-24.408164899796247,-0.005625119432806969,0.004891549237072468,-0.013437803834676743,0.18403833411928913
2025-12-03,fold_7,"Inflation bear, AI rally and 2025",-0.013172987848520279,-1,-0.0009305825224146247,-1,0.0009305825224146247,-0.10743093807832338,,,,1,9.305825224146247,-0.013948794454336166,0.00653810752555728,-0.013172987848520279,-0.07470613097210492
2025-12-04,fold_7,"Inflation bear, AI rally and 2025",-0.01737375557422638,-1,0.004069102928042412,1,-0.004069102928042412,-0.11150004100636579,,,,0,-40.69102928042412,-0.014916481450200081,0.004229042213410139,-0.01737375557422638,0.3288540497593342
2025-12-05,fold_7,"Inflation bear, AI rally and 2025",-0.014651510864496231,-1,-0.0019203914562240243,-1,0.0019203914562240243,-0.10957964955014177,,,,1,19.203914562240243,-0.005006086081266403,-0.01914352923631668,-0.014651510864496231,-0.16451758365576602
2025-12-08,fold_7,"Inflation bear, AI rally and 2025",-0.013638235628604889,-1,0.0012326041469350457,1,-0.0012326041469350457,-0.11081225369707681,,,,0,-12.326041469350457,-0.005325485020875931,-0.02225513942539692,-0.013638235628604889,0.10571795040473164
2025-12-09,fold_7,"Inflation bear, AI rally and 2025",-0.012951664626598358,-1,0.00408737501129508,1,-0.00408737501129508,-0.11489962870837189,,,,0,-40.8737501129508,-0.0012433864176273346,-0.02150787226855755,-0.012951664626598358,0.3860940742634263
2025-12-10,fold_7,"Inflation bear, AI rally and 2025",-0.011056333780288696,-1,-0.0032396477181464434,-1,0.0032396477181464434,-0.11165998099022545,,,,1,32.396477181464434,0.003939423710107803,-0.04430621117353439,-0.011056333780288696,-0.305364873438464
2025-12-11,fold_7,"Inflation bear, AI rally and 2025",-0.012411125004291534,-1,-0.019303468987345695,-1,0.019303468987345695,-0.09235651200287975,,,,1,193.03468987345695,0.006343301385641098,-0.02668045461177826,-0.012411125004291534,-1.8155420144186112
2025-12-12,fold_7,"Inflation bear, AI rally and 2025",-0.01660342887043953,-1,-0.005032000597566366,-1,0.005032000597566366,-0.08732451140531339,,,,1,50.32000597566366,0.02787339687347412,0.005574300419539213,-0.01660342887043953,-0.47890443142588723
2025-12-15,fold_7,"Inflation bear, AI rally and 2025",-0.005377344787120819,-1,0.0019798711873590946,1,-0.0019798711873590946,-0.08930438259267248,,,,0,-19.798711873590946,0.05292779207229614,0.01538827270269394,-0.005377344787120819,0.18738061852739712
2025-12-16,fold_7,"Inflation bear, AI rally and 2025",-0.007350806146860123,-1,-0.018710967153310776,-1,0.018710967153310776,-0.0705934154393617,,,,1,187.10967153310776,0.048020727932453156,0.018080780282616615,-0.007350806146860123,-1.7991417330474324
2025-12-17,fold_7,"Inflation bear, AI rally and 2025",-0.009904325008392334,-1,0.014386109076440334,1,-0.014386109076440334,-0.08497952451580204,,,,0,-143.86109076440334,0.00923103466629982,0.039713069796562195,-0.009904325008392334,1.3234520309883862
2025-12-18,fold_7,"Inflation bear, AI rally and 2025",-0.005156558007001877,-1,0.012951286509633064,1,-0.012951286509633064,-0.0979308110254351,,,,0,-129.51286509633064,-0.006930727511644363,0.025262802839279175,-0.005156558007001877,1.1504351940592996
2025-12-19,fold_7,"Inflation bear, AI rally and 2025",-0.008434217423200607,-1,0.00478197168558836,1,-0.00478197168558836,-0.10271278271102346,,,,0,-47.8197168558836,0.022119000554084778,0.007459201384335756,-0.008434217423200607,0.4635322635963407
