date,fold,regime,prediction,pred_direction,actual_return,actual_direction,strategy_return,cumulative_return,confidence,aleatoric,epistemic,correct,pnl_bps,B_pred,B_actual,D_pred,D_actual
2009-02-09,fold_1,GFC peak crash (Lehman + Mar-2009 bottom),-0.02465655468404293,-1,-0.03752027079463005,-1,0.03752027079463005,0.03752027079463005,,,,1,375.2027079463005,-0.035174667835235596,-0.07513406872749329,-0.02465655468404293,-1.6750522774946477
2009-02-10,fold_1,GFC peak crash (Lehman + Mar-2009 bottom),0.01796109974384308,1,-0.004625031724572182,-1,-0.004625031724572182,0.03289523907005787,,,,0,-46.25031724572182,-0.03790528327226639,-0.03692920506000519,0.01796109974384308,-0.1963064211528487
2009-02-11,fold_1,GFC peak crash (Lehman + Mar-2009 bottom),0.015571817755699158,1,0.01217737141996622,1,0.01217737141996622,0.04507261049002409,,,,1,121.77371419966221,-0.022325826808810234,-0.04781389608979225,0.015571817755699158,0.5163659305223878
2009-02-12,fold_1,GFC peak crash (Lehman + Mar-2009 bottom),-0.0098996851593256,-1,-0.004590444266796112,-1,0.004590444266796112,0.0496630547568202,,,,1,45.90444266796112,-0.04304632917046547,-0.057216279208660126,-0.0098996851593256,-0.20214900412444273
2009-02-13,fold_1,GFC peak crash (Lehman + Mar-2009 bottom),-0.0007094386965036392,-1,-0.04057569429278374,-1,0.04057569429278374,0.09023874904960394,,,,1,405.7569429278374,-0.06415170431137085,-0.08823682367801666,-0.0007094386965036392,-1.8083558163302977
2009-02-17,fold_1,GFC peak crash (Lehman + Mar-2009 bottom),0.006188414990901947,1,0.000684593163896352,1,0.000684593163896352,0.09092334221350029,,,,1,6.8459316389635205,-0.01430218480527401,-0.015172178857028484,0.006188414990901947,0.02843112078509613
2009-02-18,fold_1,GFC peak crash (Lehman + Mar-2009 bottom),0.02196568436920643,1,-0.015509720891714096,-1,-0.015509720891714096,0.0754136213217862,,,,0,-155.09720891714096,0.0024630166590213776,-0.022480914369225502,0.02196568436920643,-0.7309061935277794
2009-02-19,fold_1,GFC peak crash (Lehman + Mar-2009 bottom),0.0018947478383779526,1,0.002774988068267703,1,0.002774988068267703,0.0781886093900539,,,,1,27.74988068267703,-0.024253085255622864,-0.03535139560699463,0.0018947478383779526,0.14321432013255497
2009-02-20,fold_1,GFC peak crash (Lehman + Mar-2009 bottom),0.013983393087983131,1,-0.03561098873615265,-1,-0.03561098873615265,0.04257762065390125,,,,0,-356.1098873615265,-0.027292462065815926,-0.04752684384584427,0.013983393087983131,-1.8594837500008825
2009-02-23,fold_1,GFC peak crash (Lehman + Mar-2009 bottom),0.010289080440998077,1,0.032488949596881866,1,0.032488949596881866,0.07506657025078312,,,,1,324.88949596881866,0.005291091278195381,-0.04477813467383385,0.010289080440998077,1.5686010459481285
2009-02-24,fold_1,GFC peak crash (Lehman + Mar-2009 bottom),-0.015893450006842613,-1,-0.00662414263933897,-1,0.00662414263933897,0.08169071289012209,,,,1,66.2414263933897,-0.0024572815746068954,-0.0780186802148819,-0.015893450006842613,-0.3026191429693795
2009-02-25,fold_1,GFC peak crash (Lehman + Mar-2009 bottom),-0.01610027439892292,-1,-0.028380202129483223,-1,0.028380202129483223,0.11007091501960531,,,,1,283.80202129483223,-0.03453362360596657,-0.04507232457399368,-0.01610027439892292,-1.2970558461101405
2009-02-26,fold_1,GFC peak crash (Lehman + Mar-2009 bottom),-0.014456750825047493,-1,-0.009400458075106144,-1,0.009400458075106144,0.11947137309471145,,,,1,94.00458075106144,-0.034737974405288696,-0.04715467616915703,-0.014456750825047493,-0.4385750530238969
2009-02-27,fold_1,GFC peak crash (Lehman + Mar-2009 bottom),-0.002061953768134117,-1,-0.03286227956414223,-1,0.03286227956414223,0.15233365265885368,,,,1,328.6227956414223,-0.043269623070955276,-0.045707352459430695,-0.002061953768134117,-1.5832543341428431
2009-03-02,fold_1,GFC peak crash (Lehman + Mar-2009 bottom),0.022035017609596252,1,-0.000751598970964551,-1,-0.000751598970964551,0.15158205368788913,,,,0,-7.51598970964551,-0.0037177670747041702,-0.03436747193336487,0.022035017609596252,-0.034702426339665096
2009-03-03,fold_1,GFC peak crash (Lehman + Mar-2009 bottom),0.005712874233722687,1,0.026322215795516968,1,0.026322215795516968,0.1779042694834061,,,,1,263.2221579551697,-0.004308316856622696,0.026322215795516968,0.005712874233722687,1.2246895328254972
2009-03-04,fold_1,GFC peak crash (Lehman + Mar-2009 bottom),-0.018611779436469078,-1,-0.030462555587291718,-1,0.030462555587291718,0.20836682507069781,,,,1,304.6255558729172,-0.030896054580807686,0.015251108445227146,-0.018611779436469078,-1.3838793595797154
2009-03-05,fold_1,GFC peak crash (Lehman + Mar-2009 bottom),0.009730733931064606,1,-0.007953135296702385,-1,-0.007953135296702385,0.20041368977399543,,,,0,-79.53135296702385,-0.0014693774282932281,0.0783289447426796,0.009730733931064606,-0.34518343722180445
2009-03-06,fold_1,GFC peak crash (Lehman + Mar-2009 bottom),0.008157651871442795,1,-0.0215223990380764,-1,-0.0215223990380764,0.17889129073591903,,,,0,-215.223990380764,-0.004320632666349411,0.08872090280056,0.008157651871442795,-0.9528420129139734
2009-03-09,fold_1,GFC peak crash (Lehman + Mar-2009 bottom),0.010847439989447594,1,0.059938088059425354,1,0.059938088059425354,0.23882937879534438,,,,1,599.3808805942535,0.008450163528323174,0.093400739133358,0.010847439989447594,2.6805293227550755
2009-03-10,fold_1,GFC peak crash (Lehman + Mar-2009 bottom),-0.019010143354535103,-1,0.015251108445227146,1,-0.015251108445227146,0.22357827035011724,,,,0,-152.51108445227146,-0.0438426248729229,0.07062570750713348,-0.019010143354535103,0.5853840661056128
2009-03-11,fold_1,GFC peak crash (Lehman + Mar-2009 bottom),0.002370500937104225,1,0.03261528164148331,1,0.03261528164148331,0.25619355199160054,,,,1,326.15281641483307,-0.03483091667294502,0.0679113119840622,0.002370500937104225,1.3098519365463446
2009-03-12,fold_1,GFC peak crash (Lehman + Mar-2009 bottom),-0.008421318605542183,-1,0.0024388229940086603,1,-0.0024388229940086603,0.2537547289975919,,,,0,-24.388229940086603,-0.034636177122592926,0.03462249040603638,-0.008421318605542183,0.09407075065924828
2009-03-13,fold_1,GFC peak crash (Lehman + Mar-2009 bottom),-0.011701269075274467,-1,-0.016842564567923546,-1,0.016842564567923546,0.27059729356551543,,,,1,168.42564567923546,-0.022915415465831757,0.0168460663408041,-0.011701269075274467,-0.6531217118920715
2009-03-16,fold_1,GFC peak crash (Lehman + Mar-2009 bottom),-0.004752969369292259,-1,0.037163060158491135,1,-0.037163060158491135,0.2334342334070243,,,,0,-371.63060158491135,-0.02147729881107807,0.09096124023199081,-0.004752969369292259,1.4270914904074783
2009-03-17,fold_1,GFC peak crash (Lehman + Mar-2009 bottom),-0.013651980087161064,-1,0.012536708265542984,1,-0.012536708265542984,0.2208975251414813,,,,0,-125.36708265542984,-0.031230498105287552,0.03517917916178703,-0.013651980087161064,0.48619827721992376
2009-03-18,fold_1,GFC peak crash (Lehman + Mar-2009 bottom),-0.0034380722790956497,-1,-0.000673539936542511,-1,0.000673539936542511,0.22157106507802382,,,,1,6.73539936542511,-0.02240901067852974,0.02724788524210453,-0.0034380722790956497,-0.025968645943417606
2009-03-19,fold_1,GFC peak crash (Lehman + Mar-2009 bottom),0.0023187343031167984,1,-0.015337600372731686,-1,-0.015337600372731686,0.20623346470529214,,,,0,-153.37600372731686,-0.009027225896716118,0.05830502137541771,0.0023187343031167984,-0.5966964858352954
2009-03-20,fold_1,GFC peak crash (Lehman + Mar-2009 bottom),0.017438996583223343,1,0.05727260932326317,1,0.05727260932326317,0.2635060740285553,,,,1,572.7260932326317,0.005850447341799736,0.05468008294701576,0.017438996583223343,2.2092033033287364
2009-03-23,fold_1,GFC peak crash (Lehman + Mar-2009 bottom),-0.004559097811579704,-1,-0.018618999049067497,-1,0.018618999049067497,0.2821250730776228,,,,1,186.18999049067497,-0.010036712512373924,-0.027560722082853317,-0.004559097811579704,-0.6698162405411248
2009-03-24,fold_1,GFC peak crash (Lehman + Mar-2009 bottom),0.0015110298991203308,1,0.0046054162085056305,1,0.0046054162085056305,0.28673048928612843,,,,1,46.054162085056305,-0.012526364997029305,-0.00033004675060510635,0.0015110298991203308,0.16961509548873643
2009-03-25,fold_1,GFC peak crash (Lehman + Mar-2009 bottom),0.005235392600297928,1,0.03038359433412552,1,0.03038359433412552,0.31711408362025395,,,,1,303.8359433412552,-0.011627770960330963,0.00979765597730875,0.005235392600297928,1.1198733440510578
2009-03-26,fold_1,GFC peak crash (Lehman + Mar-2009 bottom),-0.00020087510347366333,-1,-0.018962539732456207,-1,0.018962539732456207,0.33607662335271016,,,,1,189.62539732456207,-0.00994265265762806,0.011081703938543797,-0.00020087510347366333,-0.6961401824098795
2009-03-27,fold_1,GFC peak crash (Lehman + Mar-2009 bottom),-0.009937768802046776,-1,-0.024968193843960762,-1,0.024968193843960762,0.3610448171966709,,,,1,249.68193843960762,-0.017353598028421402,0.048450127243995667,-0.009937768802046776,-0.9083529903405672
2009-03-30,fold_1,GFC peak crash (Lehman + Mar-2009 bottom),0.01775185391306877,1,0.008611675351858139,1,0.008611675351858139,0.36965649254852906,,,,1,86.11675351858139,-0.027559038251638412,0.0709424838423729,0.01775185391306877,0.31813871412694694
2012-01-10,fold_2,2011 US-downgrade + EU debt,0.006870126351714134,1,0.0020655242260545492,1,0.0020655242260545492,0.0020655242260545492,,,,1,20.655242260545492,0.005024706944823265,0.024675680324435234,0.006870126351714134,0.18240113183113085
2012-01-11,fold_2,2011 US-downgrade + EU debt,0.002548733726143837,1,0.003946894314140081,1,0.003946894314140081,0.006012418540194631,,,,1,39.468943141400814,-0.0020303893834352493,0.028810633346438408,0.002548733726143837,0.3572210027434997
2012-01-12,fold_2,2011 US-downgrade + EU debt,0.0031622499227523804,1,-0.0036029184702783823,-1,-0.0036029184702783823,0.0024095000699162483,,,,0,-36.02918470278382,0.001208178699016571,0.023359356448054314,0.0031622499227523804,-0.33345716869875647
2012-01-13,fold_2,2011 US-downgrade + EU debt,0.012629624456167221,1,0.009068316780030727,1,0.009068316780030727,0.011477816849946976,,,,1,90.68316780030727,-0.0014510583132505417,0.027296697720885277,0.012629624456167221,0.8848621991021048
2012-01-17,fold_2,2011 US-downgrade + EU debt,0.011346949264407158,1,0.013197863474488258,1,0.013197863474488258,0.024675680324435234,,,,1,131.97863474488258,0.0007519889622926712,0.01638673059642315,0.011346949264407158,1.2654933739685277
2012-01-18,fold_2,2011 US-downgrade + EU debt,0.0007613189518451691,1,0.006200478412210941,1,0.006200478412210941,0.030876158736646175,,,,1,62.00478412210941,-0.0028541404753923416,0.015677636489272118,0.0007613189518451691,0.5753151595477494
2012-01-19,fold_2,2011 US-downgrade + EU debt,-0.0003986898809671402,-1,-0.0015043833991512656,-1,0.0015043833991512656,0.03238054213579744,,,,1,15.043833991512656,-0.00335727259516716,0.005996078252792358,-0.0003986898809671402,-0.14140463209322943
2012-01-20,fold_2,2011 US-downgrade + EU debt,-0.001942204311490059,-1,0.0003344228898640722,1,-0.0003344228898640722,0.03204611924593337,,,,0,-3.344228898640722,0.00126691535115242,0.010485036298632622,-0.001942204311490059,0.039788999324111236
2012-01-23,fold_2,2011 US-downgrade + EU debt,-0.0018817540258169174,-1,-0.001841651159338653,-1,0.001841651159338653,0.03388777040527202,,,,1,18.41651159338653,0.0025232601910829544,0.010978174395859241,-0.0018817540258169174,-0.23722331805890484
2012-01-24,fold_2,2011 US-downgrade + EU debt,0.00046524778008461,1,0.012488769367337227,1,0.012488769367337227,0.04637653977260925,,,,1,124.88769367337227,-0.00045985355973243713,0.014142458327114582,0.00046524778008461,1.6565615210635705
2012-01-25,fold_2,2011 US-downgrade + EU debt,-0.001840086653828621,-1,-0.0034810793586075306,-1,0.0034810793586075306,0.04985761913121678,,,,1,34.810793586075306,-0.0030876174569129944,0.009716147556900978,-0.001840086653828621,-0.44592694704213065
2012-01-26,fold_2,2011 US-downgrade + EU debt,0.0030327383428812027,1,0.0029845747631043196,1,0.0029845747631043196,0.0528421938943211,,,,1,29.845747631043196,-0.013676726259291172,0.01630597747862339,0.0030327383428812027,0.38259811683906547
2012-01-27,fold_2,2011 US-downgrade + EU debt,-0.0004962719976902008,-1,0.000827561307232827,1,-0.000827561307232827,0.05201463258708827,,,,0,-8.27561307232827,-0.02019551396369934,0.026951424777507782,-0.0004962719976902008,0.11205640185162051
2012-01-30,fold_2,2011 US-downgrade + EU debt,0.006519220769405365,1,0.0013226325390860438,1,0.0013226325390860438,0.053337265126174316,,,,1,13.226325390860438,-0.028724398463964462,0.025317996740341187,0.006519220769405365,0.18340650606887668
2012-01-31,fold_2,2011 US-downgrade + EU debt,0.0061199720948934555,1,0.008062458597123623,1,0.008062458597123623,0.06139972372329794,,,,1,80.62458597123623,-0.023128271102905273,0.026089711114764214,0.0061199720948934555,1.1214809968773007
2012-02-01,fold_2,2011 US-downgrade + EU debt,-0.0021203551441431046,-1,0.003108750795945525,1,-0.003108750795945525,0.058290972927352414,,,,0,-31.08750795945525,-0.016394730657339096,0.023324616253376007,-0.0021203551441431046,0.5116638443727852
2012-02-02,fold_2,2011 US-downgrade + EU debt,0.0016104094684123993,1,0.01363002136349678,1,0.01363002136349678,0.0719209942908492,,,,1,136.3002136349678,-0.014968427829444408,0.027394801378250122,0.0016104094684123993,2.2556782061599634
2012-02-03,fold_2,2011 US-downgrade + EU debt,-0.0036808159202337265,-1,-0.0008058656821958721,-1,0.0008058656821958721,0.07272685997304507,,,,1,8.05865682195872,-0.003926265984773636,0.006745867431163788,-0.0036808159202337265,-0.12369304079839814
2012-02-06,fold_2,2011 US-downgrade + EU debt,-0.003916570916771889,-1,0.0020943458657711744,1,-0.0020943458657711744,0.07063251410727389,,,,0,-20.943458657711744,-0.00562143512070179,0.01679355278611183,-0.003916570916771889,0.3236356149482816
2012-02-07,fold_2,2011 US-downgrade + EU debt,-0.0013389196246862411,-1,0.005297363270074129,1,-0.005297363270074129,0.06533515083719976,,,,0,-52.97363270074129,-0.006404431536793709,0.01723337359726429,-0.0013389196246862411,0.8217622714312218
2012-02-08,fold_2,2011 US-downgrade + EU debt,-0.0024718325585126877,-1,0.0071789356879889965,1,-0.0071789356879889965,0.058156215149210766,,,,0,-71.78935687988997,-0.011172261089086533,0.004950869362801313,-0.0024718325585126877,1.130556543370586
2012-02-09,fold_2,2011 US-downgrade + EU debt,-0.0005339421331882477,-1,-0.007018911652266979,-1,0.007018911652266979,0.06517512680147775,,,,1,70.18911652266979,-0.0091561209410429,0.01137989480048418,-0.0005339421331882477,-1.074317083326856
2012-02-10,fold_2,2011 US-downgrade + EU debt,0.005569152534008026,1,0.009241819381713867,1,0.009241819381713867,0.07441694618319161,,,,1,92.41819381713867,0.0006521698087453842,0.015250276774168015,0.005569152534008026,1.3874465085316885
2012-02-13,fold_2,2011 US-downgrade + EU debt,3.4188851714134216e-05,1,0.00253416714258492,1,0.00253416714258492,0.07695111332577653,,,,1,25.3416714258492,-0.009589875116944313,0.00884240958839655,3.4188851714134216e-05,0.3658105560002509
2012-02-14,fold_2,2011 US-downgrade + EU debt,-0.00407055951654911,-1,-0.006985141430050135,-1,0.006985141430050135,0.08393625475582667,,,,1,69.85141430050135,-0.012385442852973938,0.001738892518915236,-0.00407055951654911,-1.0506623351197235
2012-02-15,fold_2,2011 US-downgrade + EU debt,-0.010074654594063759,-1,0.013607961125671864,1,-0.013607961125671864,0.0703282936301548,,,,0,-136.07961125671864,0.004514867439866066,0.015335114672780037,-0.010074654594063759,2.209520931384703
2012-02-16,fold_2,2011 US-downgrade + EU debt,4.627741873264313e-05,1,-0.003148529212921858,-1,-0.003148529212921858,0.06717976441723295,,,,0,-31.48529212921858,-0.017529482021927834,0.005172334145754576,4.627741873264313e-05,-0.4679680087542468
2012-02-17,fold_2,2011 US-downgrade + EU debt,0.000647490844130516,1,0.0028339524287730455,1,0.0028339524287730455,0.07001371684600599,,,,1,28.339524287730455,-0.022758886218070984,0.009727438911795616,0.000647490844130516,0.41944385103734144
2012-02-21,fold_2,2011 US-downgrade + EU debt,0.00023942068219184875,1,-0.004569350276142359,-1,-0.004569350276142359,0.06544436656986363,,,,0,-45.69350276142359,-0.01936647854745388,0.016990341246128082,0.00023942068219184875,-0.6733801069912754
2012-02-22,fold_2,2011 US-downgrade + EU debt,0.0010729078203439713,1,0.006611080374568701,1,0.006611080374568701,0.07205544694443233,,,,1,66.11080374568701,-0.01182557363063097,0.01706789620220661,0.0010729078203439713,0.9651470783620054
2012-02-23,fold_2,2011 US-downgrade + EU debt,0.006712045520544052,1,0.003445180831477046,1,0.003445180831477046,0.07550062777590938,,,,1,34.45180831477046,-0.019686274230480194,0.018343226984143257,0.006712045520544052,0.5360447494646549
2012-02-24,fold_2,2011 US-downgrade + EU debt,0.0032400749623775482,1,0.001406575320288539,1,0.001406575320288539,0.07690720309619792,,,,1,14.06575320288539,-0.020553477108478546,0.014127819798886776,0.0032400749623775482,0.21888569425971233
2012-02-27,fold_2,2011 US-downgrade + EU debt,0.005281912162899971,1,0.010096855461597443,1,0.010096855461597443,0.08700405855779536,,,,1,100.96855461597443,-0.01407866831868887,0.002339030848816037,0.005281912162899971,1.5778658998156045
2012-02-28,fold_2,2011 US-downgrade + EU debt,0.0011485274881124496,1,-0.004491796251386404,-1,-0.004491796251386404,0.08251226230640896,,,,0,-44.91796251386404,-0.020036842674016953,-0.01761925034224987,0.0011485274881124496,-0.662199871345816
2012-02-29,fold_2,2011 US-downgrade + EU debt,0.0026163849979639053,1,0.007886411622166634,1,0.007886411622166634,0.09039867392857559,,,,1,78.86411622166634,-0.02123257890343666,-0.005449074786156416,0.0026163849979639053,1.151179852539622
2012-03-01,fold_2,2011 US-downgrade + EU debt,0.0014645159244537354,1,-0.0007702261791564524,-1,-0.0007702261791564524,0.08962844774941914,,,,0,-7.702261791564524,-0.016866499558091164,-0.0026220991276204586,0.0014645159244537354,-0.1125984819999919
2012-03-02,fold_2,2011 US-downgrade + EU debt,-0.00022133253514766693,-1,-0.0103822136297822,-1,0.0103822136297822,0.10001066137920134,,,,1,103.822136297822,-0.02119486778974533,0.0023094317875802517,-0.00022133253514766693,-1.5251736877537474
2012-03-05,fold_2,2011 US-downgrade + EU debt,-0.010918265208601952,-1,-0.009861424565315247,-1,0.009861424565315247,0.10987208594451658,,,,1,98.61424565315247,-0.022175483405590057,0.013153144158422947,-0.010918265208601952,-1.5137589597575667
2012-03-06,fold_2,2011 US-downgrade + EU debt,-0.004228925332427025,-1,0.007678378373384476,1,-0.007678378373384476,0.10219370757113211,,,,0,-76.78378373384476,-0.002086123451590538,0.04144495725631714,-0.004228925332427025,1.1168153240786654
2012-03-07,fold_2,2011 US-downgrade + EU debt,-0.001890057697892189,-1,0.010713387280702591,1,-0.010713387280702591,0.09148032029042952,,,,0,-107.13387280702591,-0.005062589421868324,0.037231557071208954,-0.001890057697892189,1.5151388808677082
2012-03-08,fold_2,2011 US-downgrade + EU debt,-0.0008107703179121017,-1,0.004161304794251919,1,-0.004161304794251919,0.0873190154961776,,,,0,-41.61304794251919,-0.018231282010674477,0.029371794313192368,-0.0008107703179121017,0.5645424096506517
2012-03-09,fold_2,2011 US-downgrade + EU debt,0.004709044471383095,1,0.0004614990612026304,1,0.0004614990612026304,0.08778051455738023,,,,1,4.614990612026304,-0.005680302157998085,0.024503981694579124,0.004709044471383095,0.06361889606810102
2012-03-12,fold_2,2011 US-downgrade + EU debt,0.0011538341641426086,1,0.01843038946390152,1,0.01843038946390152,0.10621090402128175,,,,1,184.3038946390152,-0.017050551250576973,0.03108314424753189,0.0011538341641426086,2.602040314567907
2012-03-13,fold_2,2011 US-downgrade + EU debt,-0.003498667851090431,-1,0.0034649777226150036,1,-0.0034649777226150036,0.10274592629866675,,,,0,-34.649777226150036,-0.013510041870176792,0.01444236095994711,-0.003498667851090431,0.43695195041424706
2012-03-14,fold_2,2011 US-downgrade + EU debt,-0.003014029935002327,-1,0.0028536233585327864,1,-0.0028536233585327864,0.09989230294013396,,,,0,-28.536233585327864,-0.01680096611380577,0.011126581579446793,-0.003014029935002327,0.35906071161865233
2012-03-15,fold_2,2011 US-downgrade + EU debt,-0.0028510745614767075,-1,-0.0007065081736072898,-1,0.0007065081736072898,0.10059881111374125,,,,1,7.065081736072898,-0.011496614664793015,0.006184988189488649,-0.0028510745614767075,-0.09036301955303956
2012-03-16,fold_2,2011 US-downgrade + EU debt,0.0012706294655799866,1,0.007040662225335836,1,0.007040662225335836,0.10763947333907709,,,,1,70.40662225335836,-0.017754055559635162,0.006294159684330225,0.0012706294655799866,0.9773428193550118
2012-03-19,fold_2,2011 US-downgrade + EU debt,-0.001331700012087822,-1,0.0017896058270707726,1,-0.0017896058270707726,0.10584986751200631,,,,0,-17.896058270707726,-0.009455878287553787,0.016580747440457344,-0.001331700012087822,0.24380827020648896
2012-03-20,fold_2,2011 US-downgrade + EU debt,-0.0006912592798471451,-1,0.0001491978910053149,1,-0.0001491978910053149,0.105700669621001,,,,0,-1.4919789100531489,-0.016295086592435837,0.01625809818506241,-0.0006912592798471451,0.020371779229221194
2012-03-21,fold_2,2011 US-downgrade + EU debt,-0.0024235378950834274,-1,-0.002087969798594713,-1,0.002087969798594713,0.10778863941959571,,,,1,20.879697985947132,-0.032128285616636276,0.01214273739606142,-0.0024235378950834274,-0.2879080999137984
2012-03-22,fold_2,2011 US-downgrade + EU debt,0.002528781071305275,1,-0.0005973368533886969,-1,-0.0005973368533886969,0.10719130256620701,,,,0,-5.973368533886969,-0.01486794650554657,0.010396905243396759,0.002528781071305275,-0.0839512847838132
2012-03-23,fold_2,2011 US-downgrade + EU debt,0.00512661412358284,1,0.01732725091278553,1,0.01732725091278553,0.12451855347899254,,,,1,173.2725091278553,-0.02285289578139782,0.009071050211787224,0.00512661412358284,2.4491804812367133
2012-03-26,fold_2,2011 US-downgrade + EU debt,-0.0015869606286287308,-1,0.001466956571675837,1,-0.001466956571675837,0.12305159690731671,,,,0,-14.66956571675837,-0.035827428102493286,0.0020533644128590822,-0.0015869606286287308,0.18200350488989153
2012-03-27,fold_2,2011 US-downgrade + EU debt,-0.00221206434071064,-1,-0.003966162912547588,-1,0.003966162912547588,0.1270177598198643,,,,1,39.66162912547588,-0.03537482023239136,0.0002936256059911102,-0.00221206434071064,-0.5121378390983127
2012-03-28,fold_2,2011 US-downgrade + EU debt,0.0011433456093072891,1,-0.0038338019512593746,-1,-0.0038338019512593746,0.12318395786860492,,,,0,-38.338019512593746,-0.01801074855029583,-0.0094646867364645,0.0011433456093072891,-0.49596645392931077
2012-03-29,fold_2,2011 US-downgrade + EU debt,0.004502652212977409,1,-0.001923191943205893,-1,-0.001923191943205893,0.12126076592539903,,,,0,-19.23191943205893,-0.02385888062417507,0.000590998271945864,0.004502652212977409,-0.2538937655513964
2014-05-12,fold_3,Taper tantrum and 2014 H1,-0.0013147909194231033,-1,0.0006798167596571147,1,-0.0006798167596571147,-0.0006798167596571147,,,,0,-6.798167596571147,0.00469452328979969,0.0010198835516348481,-0.0013147909194231033,0.08207038410880037
2014-05-13,fold_3,Taper tantrum and 2014 H1,-0.0007381606847047806,-1,-0.005223650485277176,-1,0.005223650485277176,0.004543833725620061,,,,1,52.23650485277176,0.014154346659779549,-0.00328986463136971,-0.0007381606847047806,-0.6450313470035096
2014-05-14,fold_3,Taper tantrum and 2014 H1,-0.0025761332362890244,-1,-0.007887332700192928,-1,0.007887332700192928,0.01243116642581299,,,,1,78.87332700192928,-0.0018292423337697983,0.011433972977101803,-0.0025761332362890244,-0.9679146831549944
2014-05-15,fold_3,Taper tantrum and 2014 H1,-0.01354246400296688,-1,0.006520299706608057,1,-0.006520299706608057,0.0059108667192049325,,,,0,-65.20299706608057,-0.01780778542160988,0.023701516911387444,-0.01354246400296688,0.8361923425833073
2014-05-16,fold_3,Taper tantrum and 2014 H1,0.02461881749331951,1,0.0069307503290474415,1,0.0069307503290474415,0.012841617048252374,,,,1,69.30750329047441,-0.005002131685614586,0.02443923056125641,0.02461881749331951,0.8737077739859721
2014-05-19,fold_3,Taper tantrum and 2014 H1,0.0007264167070388794,1,-0.0036299314815551043,-1,-0.0036299314815551043,0.00921168556669727,,,,0,-36.29931481555104,-0.01778799295425415,0.029892729595303535,0.0007264167070388794,-0.45881738372934977
2014-05-20,fold_3,Taper tantrum and 2014 H1,0.001133166253566742,1,0.009500186890363693,1,0.009500186890363693,0.018711872457060963,,,,1,95.00186890363693,-0.021624866873025894,0.03044099360704422,0.001133166253566742,1.225258190591561
2014-05-21,fold_3,Taper tantrum and 2014 H1,-0.0008921157568693161,-1,0.004380210768431425,1,-0.004380210768431425,0.014331661688629538,,,,0,-43.80210768431425,-0.011882860213518143,0.027313604950904846,-0.0008921157568693161,0.5620858252523185
2014-05-22,fold_3,Taper tantrum and 2014 H1,0.006134890019893646,1,0.007258014287799597,1,0.007258014287799597,0.021589675976429135,,,,1,72.58014287799597,-0.005025388672947884,0.023042934015393257,0.006134890019893646,0.9600542360580507
2014-05-23,fold_3,Taper tantrum and 2014 H1,0.005995055660605431,1,0.012384248897433281,1,0.012384248897433281,0.033973924873862416,,,,1,123.84248897433281,0.002154827117919922,0.014798999764025211,0.005995055660605431,1.8101637895137987
2014-05-27,fold_3,Taper tantrum and 2014 H1,0.000766754150390625,1,-0.0030816674698144197,-1,-0.0030816674698144197,0.030892257404047996,,,,0,-30.816674698144197,0.0016329269856214523,0.0019759966526180506,0.000766754150390625,-0.4195607894926704
2014-05-28,fold_3,Taper tantrum and 2014 H1,0.0025151073932647705,1,0.006372798699885607,1,0.006372798699885607,0.0372650561039336,,,,1,63.72798699885607,0.005844539031386375,0.008779807947576046,0.0025151073932647705,0.8900581927586882
2014-05-29,fold_3,Taper tantrum and 2014 H1,0.002313680946826935,1,0.00010953944001812488,1,0.00010953944001812488,0.03737459554395173,,,,1,1.0953944001812488,0.00986955501139164,0.010785252787172794,0.002313680946826935,0.015053706886225565
2014-05-30,fold_3,Taper tantrum and 2014 H1,0.008565757423639297,1,-0.0009859201963990927,-1,-0.0009859201963990927,0.036388675347552635,,,,0,-9.859201963990927,0.007297636941075325,0.01640191674232483,0.008565757423639297,-0.13605960599780215
2014-06-02,fold_3,Taper tantrum and 2014 H1,0.003794211894273758,1,-0.00043875392293557525,-1,-0.00043875392293557525,0.03594992142461706,,,,0,-4.3875392293557525,0.018254252150654793,0.016633290797472,0.003794211894273758,-0.060617508986671356
2014-06-03,fold_3,Taper tantrum and 2014 H1,0.0028905197978019714,1,0.003722143592312932,1,0.003722143592312932,0.03967206501692999,,,,1,37.22143592312932,0.010903099551796913,0.018795523792505264,0.0028905197978019714,0.52107920808085
2014-06-04,fold_3,Taper tantrum and 2014 H1,0.0037414133548736572,1,0.008378244005143642,1,0.008378244005143642,0.048050309022073634,,,,1,83.78244005143642,0.0034429915249347687,0.014858423732221127,0.0037414133548736572,1.2746072309545615
2014-06-05,fold_3,Taper tantrum and 2014 H1,0.003965876996517181,1,0.005726202856749296,1,0.005726202856749296,0.05377651187882293,,,,1,57.26202856749296,0.0014111939817667007,-0.002603821223601699,0.003965876996517181,0.841536314923747
2014-06-06,fold_3,Taper tantrum and 2014 H1,0.0016201231628656387,1,-0.0007545453845523298,-1,-0.0007545453845523298,0.0530219664942706,,,,0,-7.545453845523298,-0.00030984915792942047,-0.005401598289608955,0.0016201231628656387,-0.1090258095653863
2014-06-09,fold_3,Taper tantrum and 2014 H1,0.0004415791481733322,1,0.0017234788974747062,1,0.0017234788974747062,0.05474544539174531,,,,1,17.23478897474706,0.003943506628274918,-0.0037802942097187042,0.0004415791481733322,0.2507459024618815
2014-06-10,fold_3,Taper tantrum and 2014 H1,0.0020585544407367706,1,-0.00021495713735930622,-1,-0.00021495713735930622,0.054530488254386,,,,0,-2.149571373593062,0.0059624407440423965,-0.004963437560945749,0.0020585544407367706,-0.036842175568203905
2014-06-11,fold_3,Taper tantrum and 2014 H1,0.00046439096331596375,1,-0.009084000252187252,-1,-0.009084000252187252,0.04544648800219875,,,,0,-90.84000252187252,-0.0019504427909851074,0.0008610818767920136,0.00046439096331596375,-1.557411019774264
2014-06-12,fold_3,Taper tantrum and 2014 H1,-0.002419484779238701,-1,0.0029284260235726833,1,-0.0029284260235726833,0.042518061978626065,,,,0,-29.284260235726833,-0.008987508714199066,0.009298957884311676,-0.002419484779238701,0.48285032094804403
2014-06-13,fold_3,Taper tantrum and 2014 H1,-0.0014943499118089676,-1,0.0008667586953379214,1,-0.0008667586953379214,0.041651303283288144,,,,0,-8.667586953379214,-0.006770722568035126,0.007546482607722282,-0.0014943499118089676,0.1484276600289527
2014-06-16,fold_3,Taper tantrum and 2014 H1,0.0017315037548542023,1,0.0005403357790783048,1,0.0005403357790783048,0.04219163906236645,,,,1,5.403357790783048,-0.008620347827672958,0.006895371712744236,0.0017315037548542023,0.09549964981027752
2014-06-17,fold_3,Taper tantrum and 2014 H1,0.0007129479199647903,1,0.005609562154859304,1,0.005609562154859304,0.04780120121722575,,,,1,56.095621548593044,-0.0007253102958202362,0.005384569056332111,0.0007129479199647903,1.0306115744567852
2014-06-18,fold_3,Taper tantrum and 2014 H1,0.001360476016998291,1,-0.000646124710328877,-1,-0.000646124710328877,0.047155076506896876,,,,0,-6.46124710328877,-0.0017417334020137787,0.006119376048445702,0.001360476016998291,-0.11691776295906459
2014-06-19,fold_3,Taper tantrum and 2014 H1,0.0029447264969348907,1,0.001175950514152646,1,0.001175950514152646,0.04833102702104952,,,,1,11.75950514152646,-0.00862114317715168,0.007301395758986473,0.0029447264969348907,0.2304085862318534
2014-06-20,fold_3,Taper tantrum and 2014 H1,0.0027394499629735947,1,0.0002156479167751968,1,0.0002156479167751968,0.04854667493782472,,,,1,2.156479167751968,-0.009921014308929443,0.010508253239095211,0.0027394499629735947,0.04299375123078296
2014-06-23,fold_3,Taper tantrum and 2014 H1,0.002878241240978241,1,-0.0009704668773338199,-1,-0.0009704668773338199,0.0475762080604909,,,,0,-9.704668773338199,-0.01012936607003212,0.011997771449387074,0.002878241240978241,-0.20447154155560207
2014-06-24,fold_3,Taper tantrum and 2014 H1,0.0006243288516998291,1,0.006344369146972895,1,0.006344369146972895,0.05392057720746379,,,,1,63.44369146972895,-0.012735367752611637,0.023876363411545753,0.0006243288516998291,1.643309511582408
2014-06-25,fold_3,Taper tantrum and 2014 H1,-0.003934280946850777,-1,0.0005358947673812509,1,-0.0005358947673812509,0.05338468244008254,,,,0,-5.358947673812509,-0.015757089480757713,0.019215893000364304,-0.003934280946850777,0.13215691458243795
2014-06-26,fold_3,Taper tantrum and 2014 H1,-0.002002885565161705,-1,0.00438280776143074,1,-0.00438280776143074,0.0490018746786518,,,,0,-43.828077614307404,-0.020334748551249504,0.024969423189759254,-0.002002885565161705,1.1539035577103673
2014-06-27,fold_3,Taper tantrum and 2014 H1,0.0002864096313714981,1,0.0017051667673513293,1,0.0017051667673513293,0.05070704144600313,,,,1,17.051667673513293,-0.011741538532078266,0.01755196787416935,0.0002864096313714981,0.4347071467681163
2014-06-30,fold_3,Taper tantrum and 2014 H1,0.0013944711536169052,1,0.010908124968409538,1,0.010908124968409538,0.06161516641441267,,,,1,109.08124968409538,-0.01110081933438778,0.0037202120292931795,0.0013944711536169052,2.7721612507452202
2014-07-01,fold_3,Taper tantrum and 2014 H1,0.0026773642748594284,1,0.0016838997835293412,1,0.0016838997835293412,0.06329906619794201,,,,1,16.838997835293412,0.00017934292554855347,0.0002107195177813992,0.0026773642748594284,0.36381104072122655
2014-07-02,fold_3,Taper tantrum and 2014 H1,0.004303161054849625,1,0.00628942484036088,1,0.00628942484036088,0.06958849103830289,,,,1,62.8942484036088,0.002033175900578499,-0.0046371459029614925,0.004303161054849625,1.3766643287193563
2014-07-03,fold_3,Taper tantrum and 2014 H1,0.005067002028226852,1,-0.0030346480198204517,-1,-0.0030346480198204517,0.06655384301848244,,,,0,-30.346480198204517,0.009307952597737312,-0.004503125324845314,0.005067002028226852,-0.6900461447877146
2014-07-07,fold_3,Taper tantrum and 2014 H1,0.0010428354144096375,1,-0.012126589193940163,-1,-0.012126589193940163,0.05442725382454228,,,,0,-121.26589193940163,0.00011400319635868073,0.004496706649661064,0.0010428354144096375,-2.8455543192125514
2014-07-08,fold_3,Taper tantrum and 2014 H1,0.004364039748907089,1,0.007398632355034351,1,0.007398632355034351,0.06182588617957663,,,,1,73.98632355034351,-0.003839632496237755,0.013173858635127544,0.004364039748907089,1.4655670883826315
2014-07-09,fold_3,Taper tantrum and 2014 H1,-1.9166618585586548e-05,-1,-0.0031639656517654657,-1,0.0031639656517654657,0.0649898518313421,,,,1,31.639656517654657,-0.011905851773917675,0.00974604208022356,-1.9166618585586548e-05,-0.5971461092102441
2014-07-10,fold_3,Taper tantrum and 2014 H1,-6.313249468803406e-05,-1,0.006423445418477058,1,-0.006423445418477058,0.058566406412865035,,,,0,-64.23445418477058,-0.02209564298391342,-0.0004228194011375308,-6.313249468803406e-05,1.2017025952140485
2014-07-11,fold_3,Taper tantrum and 2014 H1,-0.0001704283058643341,-1,0.0059651839546859264,1,-0.0059651839546859264,0.05260122245817911,,,,0,-59.651839546859264,-0.008825799450278282,0.008882122114300728,-0.0001704283058643341,1.1585792441699563
2014-07-14,fold_3,Taper tantrum and 2014 H1,-0.00761990062892437,-1,-0.003449437441304326,-1,0.003449437441304326,0.056050659899483435,,,,1,34.49437441304326,-0.014621962793171406,0.0016677516978234053,-0.00761990062892437,-0.6535234140812817
2014-07-15,fold_3,Taper tantrum and 2014 H1,-0.003544079139828682,-1,0.003970816265791655,1,-0.003970816265791655,0.05207984363369178,,,,0,-39.708162657916546,-0.012524821795523167,0.01145125925540924,-0.003544079139828682,0.7448884330714018
2014-07-16,fold_3,Taper tantrum and 2014 H1,-0.003746071830391884,-1,-0.013332827016711235,-1,0.013332827016711235,0.06541267065040302,,,,1,133.32827016711235,-0.014110078103840351,0.013877581804990768,-0.003746071830391884,-2.467743478875805
2014-07-17,fold_3,Taper tantrum and 2014 H1,0.0027942806482315063,1,0.015728386119008064,1,0.015728386119008064,0.08114105676941108,,,,1,157.28386119008064,-0.0092356838285923,0.026078633964061737,0.0027942806482315063,2.603183061654549
2014-07-18,fold_3,Taper tantrum and 2014 H1,0.0011152084916830063,1,-0.0012491863453760743,-1,-0.0012491863453760743,0.079891870424035,,,,0,-12.491863453760743,-0.00834088958799839,0.006429646164178848,0.0011152084916830063,-0.17872204598867492
2014-07-21,fold_3,Taper tantrum and 2014 H1,-0.008454801514744759,-1,0.006334070116281509,1,-0.006334070116281509,0.0735578003077535,,,,0,-63.340701162815094,-0.0250261053442955,0.007989144884049892,-0.008454801514744759,0.9061378421587718
2014-07-22,fold_3,Taper tantrum and 2014 H1,-0.006949538365006447,-1,0.00639713928103447,1,-0.00639713928103447,0.06716066102671903,,,,0,-63.971392810344696,-0.016050191596150398,-0.00010333875979995355,-0.006949538365006447,0.8969545824667564
2014-07-23,fold_3,Taper tantrum and 2014 H1,-0.008875826373696327,-1,-0.0011317766038700938,-1,0.0011317766038700938,0.06829243763058912,,,,1,11.317766038700938,-0.01794690266251564,-0.002574207494035363,-0.008875826373696327,-0.15565918702123097
2014-07-24,fold_3,Taper tantrum and 2014 H1,0.00047374702990055084,1,-0.003920600283890963,-1,-0.003920600283890963,0.06437183734669816,,,,0,-39.206002838909626,-0.002554275095462799,-0.021860044449567795,0.00047374702990055084,-0.5494414230069968
2014-07-25,fold_3,Taper tantrum and 2014 H1,-0.0033009033650159836,-1,0.0003103120543528348,1,-0.0003103120543528348,0.06406152529234532,,,,0,-3.103120543528348,-0.023067254573106766,-0.021629933267831802,-0.0033009033650159836,0.04316926421390465
2014-07-28,fold_3,Taper tantrum and 2014 H1,-0.006338788196444511,-1,-0.001758413389325142,-1,0.001758413389325142,0.06581993868167046,,,,1,17.58413389325142,-0.006720578297972679,-0.015097670257091522,-0.006338788196444511,-0.24691679954321788
2014-07-29,fold_3,Taper tantrum and 2014 H1,-0.0034211110323667526,-1,0.003926270641386509,1,-0.003926270641386509,0.061893668040283956,,,,0,-39.26270641386509,-0.004880549386143684,-0.02102711983025074,-0.0034211110323667526,0.5512776424635283
2014-07-30,fold_3,Taper tantrum and 2014 H1,-0.003761870786547661,-1,-0.02041761204600334,-1,0.02041761204600334,0.0823112800862873,,,,1,204.17612046003342,-0.000766536220908165,-0.025693856179714203,-0.003761870786547661,-3.0253746553661913
2014-07-31,fold_3,Taper tantrum and 2014 H1,0.008236821740865707,1,-0.003690489800646901,-1,-0.003690489800646901,0.0786207902856404,,,,0,-36.90489800646901,0.007780289277434349,-0.008454873226583004,0.008236821740865707,-0.4534157647166218
2014-08-01,fold_3,Taper tantrum and 2014 H1,0.0030388236045837402,1,0.0068425750359892845,1,0.0068425750359892845,0.08546336532162968,,,,1,68.42575035989285,-0.00486685149371624,0.0024269213899970055,0.0030388236045837402,0.8490340969905606
2014-08-04,fold_3,Taper tantrum and 2014 H1,-0.002532152459025383,-1,-0.007687862496823072,-1,0.007687862496823072,0.09315122781845275,,,,1,76.87862496823072,-0.024947701022028923,0.001467795460484922,-0.002532152459025383,-0.9404013445423478
2014-08-05,fold_3,Taper tantrum and 2014 H1,0.0013003330677747726,1,-0.0007404669304378331,-1,-0.0007404669304378331,0.09241076088801492,,,,0,-7.404669304378331,-0.01303567923605442,0.008736382238566875,0.0013003330677747726,-0.0937116027863874
2014-08-06,fold_3,Taper tantrum and 2014 H1,0.001080462709069252,1,-0.00317862955853343,-1,-0.00317862955853343,0.08923213132948149,,,,0,-31.7862955853343,-0.010003849864006042,0.02000616118311882,0.001080462709069252,-0.41130322963078586
2014-08-07,fold_3,Taper tantrum and 2014 H1,0.0076001230627298355,1,0.007191305048763752,1,0.007191305048763752,0.09642343637824524,,,,1,71.91305048763752,-0.014724011532962322,0.028356796130537987,0.0076001230627298355,0.9304928116568347
2014-08-08,fold_3,Taper tantrum and 2014 H1,0.01344251073896885,1,0.005883449222892523,1,0.005883449222892523,0.10230688560113776,,,,1,58.83449222892523,-0.02367785945534706,0.02600216120481491,0.01344251073896885,0.757958197237931
2014-08-11,fold_3,Taper tantrum and 2014 H1,0.005134241655468941,1,-0.0004192753112874925,-1,-0.0004192753112874925,0.10188761028985027,,,,0,-4.192753112874925,-0.019460253417491913,0.02778947539627552,0.005134241655468941,-0.05403648788866629
2014-08-12,fold_3,Taper tantrum and 2014 H1,0.009915297850966454,1,0.010529312305152416,1,0.010529312305152416,0.11241692259500269,,,,1,105.29312305152416,-0.004616767168045044,0.03379705175757408,0.009915297850966454,1.363679603234186
2014-08-13,fold_3,Taper tantrum and 2014 H1,0.00995633564889431,1,0.0051720053888857365,1,0.0051720053888857365,0.11758892798388842,,,,1,51.720053888857365,-0.0009118895977735519,0.02326774038374424,0.00995633564889431,0.6446265908960627
2014-08-14,fold_3,Taper tantrum and 2014 H1,0.010590171441435814,1,0.004836669657379389,1,0.004836669657379389,0.12242559764126781,,,,1,48.36669657379389,-0.0009369365870952606,0.020119888707995415,0.010590171441435814,0.6416355422554882
2014-08-15,fold_3,Taper tantrum and 2014 H1,0.0016539841890335083,1,0.007670763414353132,1,0.007670763414353132,0.13009636105562095,,,,1,76.70763414353132,-0.00018280744552612305,0.016798965632915497,0.0016539841890335083,1.135661916793589
2014-08-18,fold_3,Taper tantrum and 2014 H1,-0.0008353609591722488,-1,0.005588300991803408,1,-0.005588300991803408,0.12450806006381754,,,,0,-55.88300991803408,-0.0069039128720760345,0.012655028142035007,-0.0008353609591722488,0.8025449421832442
2014-08-19,fold_3,Taper tantrum and 2014 H1,0.0006639789789915085,1,0.0,0,0.0,0.12450806006381754,,,,0,0.0,-0.010262085124850273,0.008072314783930779,0.0006639789789915085,0.0
2014-08-20,fold_3,Taper tantrum and 2014 H1,-0.0013207290321588516,-1,0.0020241537131369114,1,-0.0020241537131369114,0.12248390635068063,,,,0,-20.241537131369114,-0.008597081527113914,0.008273630402982235,-0.0013207290321588516,0.2984589132808147
2014-08-21,fold_3,Taper tantrum and 2014 H1,-0.000986410304903984,-1,0.0015157470479607582,1,-0.0015157470479607582,0.12096815930271987,,,,0,-15.157470479607582,-0.00832381658256054,0.005143505055457354,-0.000986410304903984,0.22315366394154962
2014-08-22,fold_3,Taper tantrum and 2014 H1,0.0007350575178861618,1,0.00352682638913393,1,0.00352682638913393,0.1244949856918538,,,,1,35.2682638913393,-0.0020119603723287582,0.007342625875025988,0.0007350575178861618,0.5229497782812355
2014-08-25,fold_3,Taper tantrum and 2014 H1,-0.0007435064762830734,-1,0.0010055879829451442,1,-0.0010055879829451442,0.12348939770890865,,,,0,-10.055879829451442,-0.007357928901910782,0.00671806838363409,-0.0007435064762830734,0.14810494098229504
2014-08-26,fold_3,Taper tantrum and 2014 H1,-0.002346811816096306,-1,0.0002013150224229321,1,-0.0002013150224229321,0.12328808268648572,,,,0,-2.013150224229321,-0.007433990016579628,-0.00020076821965631098,-0.002346811816096306,0.029683580416780462
2014-08-27,fold_3,Taper tantrum and 2014 H1,-0.0032639484852552414,-1,-0.0011059711687266827,-1,0.0011059711687266827,0.1243940538552124,,,,1,11.059711687266827,-0.012065546587109566,-0.0013072571018710732,-0.0032639484852552414,-0.16445378893942256
2014-08-28,fold_3,Taper tantrum and 2014 H1,0.005244776606559753,1,0.0037148678675293922,1,0.0037148678675293922,0.1281089217227418,,,,1,37.14867867529392,0.002042129635810852,0.004816656932234764,0.005244776606559753,0.7513692050723919
2014-08-29,fold_3,Taper tantrum and 2014 H1,0.003340691328048706,1,0.002902268897742033,1,0.002902268897742033,0.13101119062048383,,,,1,29.02268897742033,-0.0013797730207443237,0.0030023581348359585,0.003340691328048706,0.5869045800932715
2014-09-02,fold_3,Taper tantrum and 2014 H1,0.005083555355668068,1,-0.005913248751312494,-1,-0.005913248751312494,0.12509794186917134,,,,0,-59.13248751312494,-0.0007489603012800217,-0.008227802813053131,0.005083555355668068,-1.2456932093143112
2014-09-03,fold_3,Taper tantrum and 2014 H1,0.005968619138002396,1,-0.0009051738306879997,-1,-0.0009051738306879997,0.12419276803848334,,,,0,-9.051738306879997,0.0036271512508392334,0.005913248751312494,0.005968619138002396,-0.19600618181372603
2014-09-04,fold_3,Taper tantrum and 2014 H1,0.004647213965654373,1,0.005017942748963833,1,0.005017942748963833,0.12921071078744717,,,,1,50.17942748963833,-0.0022934656590223312,0.0060186004266142845,0.004647213965654373,1.0862393282937621
2014-09-05,fold_3,Taper tantrum and 2014 H1,0.0019575264304876328,1,0.0019005690701305866,1,0.0019005690701305866,0.13111127985757776,,,,1,19.005690701305866,-0.009848589077591896,-0.004112768918275833,0.0019575264304876328,0.40433892746950595
2014-09-08,fold_3,Taper tantrum and 2014 H1,-3.494881093502045e-05,-1,-0.008327892050147057,-1,0.008327892050147057,0.1394391719077248,,,,1,83.27892050147057,-0.006834771484136581,-0.01571054756641388,-3.494881093502045e-05,-1.8768245623151516
2014-09-09,fold_3,Taper tantrum and 2014 H1,0.002548111602663994,1,0.008227802813053131,1,0.008227802813053131,0.14766697472077794,,,,1,82.27802813053131,-0.008074186742305756,0.001308427657932043,0.002548111602663994,1.777519263451231
2014-09-10,fold_3,Taper tantrum and 2014 H1,0.0043473076075315475,1,-0.0007998223882168531,-1,-0.0007998223882168531,0.1468671523325611,,,,0,-7.998223882168531,-0.009564867243170738,-0.00541094271466136,0.0043473076075315475,-0.16060189297344188
2014-09-11,fold_3,Taper tantrum and 2014 H1,0.001123972237110138,1,-0.005113426595926285,-1,-0.005113426595926285,0.1417537257366348,,,,0,-51.13426595926285,-0.014172333292663097,0.0028961822390556335,0.001123972237110138,-1.1642305984975365
2014-09-12,fold_3,Taper tantrum and 2014 H1,0.003353828564286232,1,-0.009697210043668747,-1,-0.009697210043668747,0.13205651569296606,,,,0,-96.97210043668747,-0.010918451473116875,0.007389549165964127,0.003353828564286232,-2.2095975746885537
2014-09-15,fold_3,Taper tantrum and 2014 H1,-0.000974772498011589,-1,0.008691084571182728,1,-0.008691084571182728,0.12336543112178333,,,,0,-86.91084571182728,-0.002742776647210121,0.00774153508245945,-0.000974772498011589,1.8204422697855847
2014-09-16,fold_3,Taper tantrum and 2014 H1,-0.00031040236353874207,-1,0.0015084322076290846,1,-0.0015084322076290846,0.12185699891415425,,,,0,-15.084322076290846,-0.0077539607882499695,-0.003679014276713133,-0.00031040236353874207,0.3103262284268353
2014-09-17,fold_3,Taper tantrum and 2014 H1,-0.00721980445086956,-1,0.0075073023326694965,1,-0.0075073023326694965,0.11434969658148475,,,,0,-75.07302332669497,-0.006289765238761902,0.005486177280545235,-0.00721980445086956,1.594067302481406
2014-09-18,fold_3,Taper tantrum and 2014 H1,-0.00431189127266407,-1,-0.0006200594361871481,-1,0.0006200594361871481,0.1149697560176719,,,,1,6.200594361871481,-0.007789803668856621,-0.0232794601470232,-0.00431189127266407,-0.12401778789185415
2014-09-19,fold_3,Taper tantrum and 2014 H1,-0.0010483060032129288,-1,-0.009345224127173424,-1,0.009345224127173424,0.12431498014484532,,,,1,93.45224127173424,-0.002188080921769142,-0.012074689380824566,-0.0010483060032129288,-1.876112941336521
2014-09-22,fold_3,Taper tantrum and 2014 H1,-0.008042098954319954,-1,-0.002729465253651142,-1,0.002729465253651142,0.12704444539849646,,,,1,27.29465253651142,-0.005081158131361008,-0.0040466017089784145,-0.008042098954319954,-0.5062925958727779
2014-09-23,fold_3,Taper tantrum and 2014 H1,0.0032430384308099747,1,0.010673623532056808,1,0.010673623532056808,0.13771806893055327,,,,1,106.73623532056808,-0.008859813213348389,0.00010115558688994497,0.0032430384308099747,1.9884172085794183
2014-09-24,fold_3,Taper tantrum and 2014 H1,-0.0014912504702806473,-1,-0.021258333697915077,-1,0.021258333697915077,0.15897640262846835,,,,1,212.58333697915077,-0.019604740664362907,-0.026695234701037407,-0.0014912504702806473,-3.6213541307532724
2014-09-25,fold_3,Taper tantrum and 2014 H1,0.011802751570940018,1,0.010584711097180843,1,0.010584711097180843,0.1695611137256492,,,,1,105.84711097180843,0.00525720976293087,-0.005436900071799755,0.011802751570940018,1.4013167095476196
2014-09-26,fold_3,Taper tantrum and 2014 H1,0.007070653140544891,1,-0.0013171363389119506,-1,-0.0013171363389119506,0.16824397738673724,,,,0,-13.171363389119506,-0.008216656744480133,-0.0061947559006512165,0.007070653140544891,-0.1664801500173341
2014-09-29,fold_3,Taper tantrum and 2014 H1,0.008900584653019905,1,0.0014182919403538108,1,0.0014182919403538108,0.16966226932709105,,,,1,14.182919403538108,0.006281128153204918,-0.007019097916781902,0.008900584653019905,0.1801359166050565
2016-01-08,fold_4,China devaluation and oil crash,0.010362891480326653,1,0.0030720664653927088,1,0.0030720664653927088,0.0030720664653927088,,,,1,30.720664653927088,-0.013078384101390839,-0.030952053144574165,0.010362891480326653,0.22293194032832703
2016-01-11,fold_4,China devaluation and oil crash,0.0055815670639276505,1,0.011531009338796139,1,0.011531009338796139,0.014603075804188848,,,,1,115.31009338796139,0.012661023065447807,-0.031844522804021835,0.0055815670639276505,0.8379769965657005
2016-01-12,fold_4,China devaluation and oil crash,0.0013779755681753159,1,-0.03509791940450668,-1,-0.03509791940450668,-0.020494843600317836,,,,0,-350.97919404506683,0.017850691452622414,-0.04644802585244179,0.0013779755681753159,-2.7007112948895324
2016-01-13,fold_4,China devaluation and oil crash,0.011766217648983002,1,0.021071596071124077,1,0.021071596071124077,0.000576752470806241,,,,1,210.71596071124077,0.01024417020380497,-0.010357847437262535,0.011766217648983002,1.396629864588817
2016-01-14,fold_4,China devaluation and oil crash,0.007097823545336723,1,-0.03152880445122719,-1,-0.03152880445122719,-0.030952051980420947,,,,0,-315.2880445122719,0.009240800514817238,-0.0028869316447526217,0.007097823545336723,-2.0021287642035857
2016-01-15,fold_4,China devaluation and oil crash,0.0036346428096294403,1,0.002179595874622464,1,0.002179595874622464,-0.028772456105798483,,,,1,21.795958746224642,0.021263012662529945,0.013690323568880558,0.0036346428096294403,0.12870273806938973
2016-01-19,fold_4,China devaluation and oil crash,0.018946416676044464,1,-0.0030724939424544573,-1,-0.0030724939424544573,-0.03184495004825294,,,,0,-30.724939424544573,0.023108044639229774,0.020469823852181435,0.018946416676044464,-0.1848506249669811
2016-01-20,fold_4,China devaluation and oil crash,0.004115205258131027,1,0.0009922586614266038,1,0.0009922586614266038,-0.030852691386826336,,,,1,9.922586614266038,0.03370751440525055,-0.0016886454541236162,0.004115205258131027,0.061776704168400025
2016-01-21,fold_4,China devaluation and oil crash,0.009697040542960167,1,0.02854251302778721,1,0.02854251302778721,-0.002310178359039128,,,,1,285.4251302778721,-0.010422935709357262,0.011338510550558567,0.009697040542960167,1.7982371089670433
2016-01-22,fold_4,China devaluation and oil crash,-0.016513513401150703,-1,-0.014951549470424652,-1,0.014951549470424652,0.012641371111385524,,,,1,149.51549470424652,-0.016880609095096588,0.0034633507020771503,-0.016513513401150703,-0.8771940457603843
2016-01-25,fold_4,China devaluation and oil crash,0.00935361161828041,1,0.008959095925092697,1,0.008959095925092697,0.02160046703647822,,,,1,89.59095925092697,-0.020922137424349785,0.021100182086229324,0.00935361161828041,0.5181487944941808
2016-01-26,fold_4,China devaluation and oil crash,-0.008811572566628456,-1,-0.02523096278309822,-1,0.02523096278309822,0.04683142981957644,,,,1,252.3096278309822,-0.00974283553659916,-0.00974215380847454,-0.008811572566628456,-1.4495383138895608
2016-01-27,fold_4,China devaluation and oil crash,0.021008949726819992,1,0.014019414782524109,1,0.014019414782524109,0.06085084460210055,,,,1,140.1941478252411,0.00039177387952804565,0.01068068016320467,0.021008949726819992,0.7662004856589724
2016-01-28,fold_4,China devaluation and oil crash,0.02119433879852295,1,0.02066735178232193,1,0.02066735178232193,0.08151819638442248,,,,1,206.6735178232193,0.008143486455082893,-0.003437303937971592,0.02119433879852295,1.1335163489035494
2016-01-29,fold_4,China devaluation and oil crash,-0.007866648957133293,-1,0.0026852828450500965,1,-0.0026852828450500965,0.07883291353937238,,,,0,-26.852828450500965,-0.016041141003370285,-0.059448905289173126,-0.007866648957133293,0.14359585346548528
2016-02-01,fold_4,China devaluation and oil crash,0.0031356513500213623,1,-0.021883239969611168,-1,-0.021883239969611168,0.05694967356976122,,,,0,-218.83239969611168,0.006455333903431892,-0.07753972709178925,0.0031356513500213623,-1.182937129687806
2016-02-02,fold_4,China devaluation and oil crash,0.007965639233589172,1,-0.004808129742741585,-1,-0.004808129742741585,0.05214154382701963,,,,0,-48.08129742741585,0.019397446885704994,-0.05876627564430237,0.007965639233589172,-0.25945388234654193
2016-02-03,fold_4,China devaluation and oil crash,0.005150170996785164,1,-9.856902761384845e-05,-1,-9.856902761384845e-05,0.05204297479940578,,,,0,-0.9856902761384845,0.008963292464613914,-0.05012403801083565,0.005150170996785164,-0.005311166214399696
2016-02-04,fold_4,China devaluation and oil crash,-0.016760187223553658,-1,-0.03534424677491188,-1,0.03534424677491188,0.08738722157431766,,,,1,353.4424677491188,0.01467336155474186,-0.05147428438067436,-0.016760187223553658,-1.9174533501424986
2016-02-05,fold_4,China devaluation and oil crash,0.011127611622214317,1,-0.015405537560582161,-1,-0.015405537560582161,0.0719816840137355,,,,0,-154.0553756058216,0.032438673079013824,-0.0010195453651249409,0.011127611622214317,-0.8215536769418437
2016-02-08,fold_4,China devaluation and oil crash,0.016666769981384277,1,-0.0031097931787371635,-1,-0.0031097931787371635,0.06887189083499834,,,,0,-31.097931787371635,0.02153153158724308,0.03668167442083359,0.016666769981384277,-0.16387711720760295
2016-02-09,fold_4,China devaluation and oil crash,0.016591355204582214,1,0.0038341099862009287,1,0.0038341099862009287,0.07270600082119927,,,,1,38.34109986200929,0.03557436913251877,0.06218694522976875,0.016591355204582214,0.2020432474718451
2016-02-10,fold_4,China devaluation and oil crash,0.018801074475049973,1,-0.0014488183660432696,-1,-0.0014488183660432696,0.071257182455156,,,,0,-14.488183660432696,0.041671015322208405,0.04687260091304779,0.018801074475049973,-0.07698195258095755
2016-02-11,fold_4,China devaluation and oil crash,0.002141980454325676,1,0.015110493637621403,1,0.015110493637621403,0.0863676760927774,,,,1,151.10493637621403,0.041918009519577026,0.05127744376659393,0.002141980454325676,0.8831972019828036
2016-02-12,fold_4,China devaluation and oil crash,-0.019725119695067406,-1,0.02229568362236023,1,-0.02229568362236023,0.06407199247041717,,,,0,-222.9568362236023,0.026116443797945976,0.052272047847509384,-0.019725119695067406,1.3278565186649587
2016-02-16,fold_4,China devaluation and oil crash,-0.011975167319178581,-1,0.022395476698875427,1,-0.022395476698875427,0.041676515771541744,,,,0,-223.95476698875427,-0.009773971512913704,0.013379471376538277,-0.011975167319178581,1.3967733286032078
2016-02-17,fold_4,China devaluation and oil crash,-0.003763509914278984,-1,-0.011480232700705528,-1,0.011480232700705528,0.05315674847224727,,,,1,114.80232700705528,0.006165282800793648,0.0004877016763202846,-0.003763509914278984,-0.6837341414653121
2016-02-18,fold_4,China devaluation and oil crash,-0.006120501086115837,-1,0.0029560215771198273,1,-0.0029560215771198273,0.050200726895127445,,,,0,-29.560215771198273,0.00011425279080867767,0.02176855504512787,-0.006120501086115837,0.17417363544250247
2016-02-19,fold_4,China devaluation and oil crash,-0.0010994654148817062,-1,0.016105100512504578,1,-0.016105100512504578,0.03409562638262287,,,,0,-161.05100512504578,0.009652441367506981,0.017556218430399895,-0.0010994654148817062,0.9483009542696542
2016-02-22,fold_4,China devaluation and oil crash,-0.0006241369992494583,-1,-0.016596894711256027,-1,0.016596894711256027,0.050692521093878895,,,,1,165.96894711256027,-0.0025832168757915497,-0.007580889854580164,-0.0006241369992494583,-1.027989766492414
2016-02-23,fold_4,China devaluation and oil crash,-0.0254711601883173,-1,0.00950370728969574,1,-0.00950370728969574,0.041188813804183155,,,,0,-95.0370728969574,-0.02209153026342392,0.040609244257211685,-0.0254711601883173,0.5857381864444753
2016-02-24,fold_4,China devaluation and oil crash,-0.03251294046640396,-1,0.009800620377063751,1,-0.009800620377063751,0.031388193427119404,,,,0,-98.00620377063751,-0.01423675287514925,0.031483400613069534,-0.03251294046640396,0.603461779103473
2016-02-25,fold_4,China devaluation and oil crash,0.0017514489591121674,1,-0.001256314804777503,-1,-0.001256314804777503,0.0301318786223419,,,,0,-12.56314804777503,-0.010710276663303375,0.019791029393672943,0.0017514489591121674,-0.08165264511119744
2016-02-26,fold_4,China devaluation and oil crash,-0.01669221557676792,-1,-0.009032007306814194,-1,0.009032007306814194,0.039163885929156095,,,,1,90.32007306814194,-0.012069517746567726,0.021426400169730186,-0.01669221557676792,-0.599497246806656
2016-02-29,fold_4,China devaluation and oil crash,-0.018002735450863838,-1,0.031593240797519684,1,-0.031593240797519684,0.007570645131636411,,,,0,-315.93240797519684,-0.02657175250351429,0.02428814396262169,-0.018002735450863838,2.1816719207427404
2016-03-01,fold_4,China devaluation and oil crash,-0.0006585437804460526,-1,0.00037786204484291375,1,-0.00037786204484291375,0.007192783086793497,,,,0,-3.7786204484291375,-0.00129692442715168,-0.015623753890395164,-0.0006585437804460526,0.023467816817346564
2016-03-02,fold_4,China devaluation and oil crash,-0.0018198806792497635,-1,-0.0018917503766715527,-1,0.0018917503766715527,0.00908453346346505,,,,1,18.917503766715527,0.008014915511012077,-0.009589391760528088,-0.0018198806792497635,-0.12332163128581751
2016-03-03,fold_4,China devaluation and oil crash,-0.005882995203137398,-1,0.000379056204110384,1,-0.000379056204110384,0.008705477259354666,,,,0,-3.79056204110384,0.015857471153140068,-0.009225158020853996,-0.005882995203137398,0.024761813468867088
2016-03-04,fold_4,China devaluation and oil crash,-0.002583840861916542,-1,-0.006170264445245266,-1,0.006170264445245266,0.014875741704599932,,,,1,61.70264445245266,0.007552905008196831,0.0077295913361012936,-0.002583840861916542,-0.40306623955910803
2016-03-07,fold_4,China devaluation and oil crash,0.0010521765798330307,1,-0.00831865705549717,-1,-0.00831865705549717,0.006557084649102762,,,,0,-83.1865705549717,0.010715631768107414,0.01558910682797432,0.0010521765798330307,-0.6310215495998357
2016-03-08,fold_4,China devaluation and oil crash,0.002792060375213623,1,0.0064122239127755165,1,0.0064122239127755165,0.012969308561878279,,,,1,64.12223912775517,0.0012124907225370407,0.023532414808869362,0.002792060375213623,0.49861595348445165
2016-03-09,fold_4,China devaluation and oil crash,-0.009113213047385216,-1,-0.0015275164041668177,-1,0.0015275164041668177,0.014496824966045097,,,,1,15.275164041668177,-0.01605359837412834,0.025990260764956474,-0.009113213047385216,-0.11821938015982
2016-03-10,fold_4,China devaluation and oil crash,-0.01916024647653103,-1,0.017333805561065674,1,-0.017333805561065674,-0.0028369805950205773,,,,0,-173.33805561065674,-0.03506864979863167,0.026959849521517754,-0.01916024647653103,1.3440099143160127
2016-03-11,fold_4,China devaluation and oil crash,-0.016594992950558662,-1,0.001689250930212438,1,-0.001689250930212438,-0.004526231525233015,,,,0,-16.89250930212438,-0.03057926520705223,0.011191518045961857,-0.016594992950558662,0.12547344482987752
2016-03-14,fold_4,China devaluation and oil crash,0.0018723215907812119,1,-0.0003753479686565697,-1,-0.0003753479686565697,-0.004901579493889585,,,,0,-3.753479686565697,-0.025055233389139175,0.01340685784816742,0.0018723215907812119,-0.028789643508014145
2016-03-15,fold_4,China devaluation and oil crash,-0.0007522832602262497,-1,0.008870068937540054,1,-0.008870068937540054,-0.01377164843142964,,,,0,-88.70068937540054,-0.017562290653586388,0.016838986426591873,-0.0007522832602262497,0.7362859028048112
2016-03-16,fold_4,China devaluation and oil crash,0.0027524325996637344,1,-0.0005579286371357739,-1,-0.0005579286371357739,-0.014329577068565413,,,,0,-5.579286371357739,-0.022658072412014008,-0.00029687152709811926,0.0027524325996637344,-0.050106030756215725
2016-03-17,fold_4,China devaluation and oil crash,-0.0022148210555315018,-1,0.0015654738526791334,1,-0.0015654738526791334,-0.015895050921244547,,,,0,-15.654738526791334,-0.019079186022281647,0.000540980021469295,-0.0022148210555315018,0.14447327970051663
2016-03-18,fold_4,China devaluation and oil crash,-0.004348905757069588,-1,0.0039045915473252535,1,-0.0039045915473252535,-0.0197996424685698,,,,0,-39.045915473252535,-0.02736043930053711,-0.0024239751510322094,-0.004348905757069588,0.36082740226055715
2016-03-21,fold_4,China devaluation and oil crash,-0.004532778635621071,-1,0.003056779270991683,1,-0.003056779270991683,-0.022856421739561483,,,,0,-30.56779270991683,-0.010937392711639404,0.009602147154510021,-0.004532778635621071,0.2984641932522144
2016-03-22,fold_4,China devaluation and oil crash,-0.008579226210713387,-1,-0.008265787735581398,-1,0.008265787735581398,-0.014590634003980085,,,,1,82.65787735581398,-0.015435987152159214,0.011403592303395271,-0.008579226210713387,-0.8637103386924586
2016-03-23,fold_4,China devaluation and oil crash,-0.0010152589529752731,-1,0.0002799229114316404,1,-0.0002799229114316404,-0.014870556915411726,,,,0,-2.799229114316404,-0.015766438096761703,0.01820463314652443,-0.0010152589529752731,0.029426987994186592
2016-03-24,fold_4,China devaluation and oil crash,0.011104384437203407,1,-0.001399481319822371,-1,-0.001399481319822371,-0.016270038235234097,,,,0,-13.99481319822371,0.003491939976811409,0.028491921722888947,0.011104384437203407,-0.1511843418165445
2016-03-28,fold_4,China devaluation and oil crash,0.004578223451972008,1,0.015930714085698128,1,0.015930714085698128,-0.0003393241495359689,,,,1,159.30714085698128,0.005966870114207268,0.02607828378677368,0.004578223451972008,1.720785580467
2016-03-29,fold_4,China devaluation and oil crash,0.006444720551371574,1,0.004858225118368864,1,0.004858225118368864,0.004518900968832895,,,,1,48.58225118368864,-0.017979696393013,0.0004590361495502293,0.006444720551371574,0.5002431355891801
2016-03-30,fold_4,China devaluation and oil crash,0.013403620570898056,1,-0.0014647470088675618,-1,-0.0014647470088675618,0.0030541539599653333,,,,0,-14.647470088675618,-0.004165017977356911,0.011907192878425121,0.013403620570898056,-0.2169314072734547
2016-03-31,fold_4,China devaluation and oil crash,0.001022452488541603,1,0.010567210614681244,1,0.010567210614681244,0.013621364574646577,,,,1,105.67210614681244,-0.01103043183684349,-0.0010990502778440714,0.001022452488541603,1.5633052445202813
2016-04-01,fold_4,China devaluation and oil crash,0.007624177262187004,1,-0.003813117742538452,-1,-0.003813117742538452,0.009808246832108125,,,,0,-38.13117742538452,-0.0020002275705337524,-0.012399908155202866,0.007624177262187004,-0.5334434279302764
2016-04-04,fold_4,China devaluation and oil crash,-0.003901274874806404,-1,-0.009688534773886204,-1,0.009688534773886204,0.01949678160599433,,,,1,96.88534773886204,-0.023446667939424515,-0.012263499200344086,-0.003901274874806404,-1.3459487874714837
2016-04-05,fold_4,China devaluation and oil crash,-0.008397718891501427,-1,0.016306381672620773,1,-0.016306381672620773,0.0031903999333735555,,,,0,-163.06381672620773,-0.005608975887298584,0.005769746843725443,-0.008397718891501427,2.206686146330935
2016-04-06,fold_4,China devaluation and oil crash,0.004050634801387787,1,-0.014470990747213364,-1,-0.014470990747213364,-0.011280590813839808,,,,0,-144.70990747213364,-0.005203017964959145,0.0021664733067154884,0.004050634801387787,-1.8026860920018872
2016-04-07,fold_4,China devaluation and oil crash,-0.009853260591626167,-1,-0.0007336472626775503,-1,0.0007336472626775503,-0.010546943551162258,,,,1,7.336472626775503,-0.01865350268781185,0.016727684065699577,-0.009853260591626167,-0.0859524674195636
2016-04-08,fold_4,China devaluation and oil crash,0.02921772189438343,1,-0.0036767087876796722,-1,-0.0036767087876796722,-0.01422365233884193,,,,0,-36.76708787679672,0.013668948784470558,0.014934007078409195,0.02921772189438343,-0.4310205214851261
2016-04-11,fold_4,China devaluation and oil crash,0.04738261550664902,1,0.008344711735844612,1,0.008344711735844612,-0.005878940602997318,,,,1,83.44711735844612,-0.026141071692109108,0.023929070681333542,0.04738261550664902,1.0917883100498842
2016-04-12,fold_4,China devaluation and oil crash,0.004919946193695068,1,0.012703108601272106,1,0.012703108601272106,0.006824167998274788,,,,1,127.03108601272106,0.021657703444361687,0.009451969526708126,0.004919946193695068,1.6164684369758442
2016-04-13,fold_4,China devaluation and oil crash,-0.002918483689427376,-1,9.022023732541129e-05,1,-9.022023732541129e-05,0.006733947760949377,,,,0,-0.9022023732541129,-0.00368565134704113,-0.002437104005366564,-0.002918483689427376,0.010797402454357615
2016-04-14,fold_4,China devaluation and oil crash,-0.001501748338341713,-1,-0.0025273242499679327,-1,0.0025273242499679327,0.00926127201091731,,,,1,25.273242499679327,0.016264071688055992,-0.002437179908156395,-0.001501748338341713,-0.3113639257109552
2016-04-15,fold_4,China devaluation and oil crash,0.002784186974167824,1,0.005318354815244675,1,0.005318354815244675,0.014579626826161984,,,,1,53.18354815244675,-0.009623225778341293,-0.01511763408780098,0.002784186974167824,0.6537108107086823
2016-04-18,fold_4,China devaluation and oil crash,0.0004042498767375946,1,-0.006132390350103378,-1,-0.006132390350103378,0.008447236476058606,,,,0,-61.32390350103378,-0.006585480645298958,-0.020435988903045654,0.0004042498767375946,-0.746519575063396
2016-04-19,fold_4,China devaluation and oil crash,0.002202199772000313,1,0.0008140353602357209,1,0.0008140353602357209,0.009261271836294327,,,,1,8.140353602357209,-0.001835176721215248,-0.019178731366991997,0.002202199772000313,0.09828481736239875
2016-04-20,fold_4,China devaluation and oil crash,-0.0029441583901643753,-1,9.014434181153774e-05,1,-9.014434181153774e-05,0.00917112749448279,,,,0,-0.9014434181153774,-0.007821926847100258,-0.028047095984220505,-0.0029441583901643753,0.01091842629886139
2016-04-21,fold_4,China devaluation and oil crash,-0.0025048647075891495,-1,-0.015207778662443161,-1,0.015207778662443161,0.02437890615692595,,,,1,152.0777866244316,-0.0165596641600132,-0.04029499739408493,-0.0025048647075891495,-1.889952292367294
2016-04-22,fold_4,China devaluation and oil crash,-0.005904996767640114,-1,0.0,0,-0.0,0.02437890615692595,,,,0,-0.0,0.007037824019789696,-0.0303702000528574,-0.005904996767640114,0.0
2016-04-25,fold_4,China devaluation and oil crash,-0.007883114740252495,-1,-0.0048751323483884335,-1,0.0048751323483884335,0.029254038505314384,,,,1,48.751323483884335,0.025510171428322792,-0.020955650135874748,-0.007883114740252495,-0.5584431452323555
2016-04-26,fold_4,China devaluation and oil crash,-0.0011216048151254654,-1,-0.008054329082369804,-1,0.008054329082369804,0.03730836758768419,,,,1,80.54329082369804,0.0038570668548345566,-0.025400573387742043,-0.0011216048151254654,-1.0012567341013854
2016-04-27,fold_4,China devaluation and oil crash,-0.007821118459105492,-1,-0.012157757766544819,-1,0.012157757766544819,0.04946612535422901,,,,1,121.57757766544819,-0.012651299126446247,-0.023798203095793724,-0.007821118459105492,-1.4878294773292926
2016-04-28,fold_4,China devaluation and oil crash,0.002497682347893715,1,-0.005282980855554342,-1,-0.005282980855554342,0.044183144498674665,,,,0,-52.82980855554342,0.001991584897041321,-0.011926179751753807,0.002497682347893715,-0.6139008000621646
2018-12-07,fold_5,2018 Vol-mageddon + Q4 sell-off,-0.0027169417589902878,-1,0.01041800994426012,1,-0.01041800994426012,-0.01041800994426012,,,,0,-104.1800994426012,0.006361795589327812,-0.0018603972857818007,-0.0027169417589902878,0.5282515780582366
2018-12-10,fold_5,2018 Vol-mageddon + Q4 sell-off,0.00601525604724884,1,0.003305772552266717,1,0.003305772552266717,-0.0071122373919934034,,,,1,33.05772552266717,0.00804213248193264,-0.03519889712333679,0.00601525604724884,0.16689777918986154
2018-12-11,fold_5,2018 Vol-mageddon + Q4 sell-off,0.006124600768089294,1,0.008762886747717857,1,0.008762886747717857,0.001650649355724454,,,,1,87.62886747717857,0.0004613678902387619,-0.032235823571681976,0.006124600768089294,0.45045938463094426
2018-12-12,fold_5,2018 Vol-mageddon + Q4 sell-off,0.0070299506187438965,1,0.0003029732615686953,1,0.0003029732615686953,0.0019536226172931492,,,,1,3.029732615686953,0.0162148866802454,-0.06586034595966339,0.0070299506187438965,0.016551644777471525
2018-12-13,fold_5,2018 Vol-mageddon + Q4 sell-off,0.0049169231206178665,1,-0.02465003915131092,-1,-0.02465003915131092,-0.02269641653401777,,,,0,-246.5003915131092,-0.0156877338886261,-0.08076487481594086,0.0049169231206178665,-1.3467111284400528
2018-12-14,fold_5,2018 Vol-mageddon + Q4 sell-off,-0.00980139710009098,-1,-0.02292048931121826,-1,0.02292048931121826,0.00022407277720049024,,,,1,229.20489311218262,0.00707864947617054,-0.08759868144989014,-0.00980139710009098,-1.2038753790062104
2018-12-17,fold_5,2018 Vol-mageddon + Q4 sell-off,0.00299900583922863,1,0.006268845871090889,1,0.006268845871090889,0.006492918648291379,,,,1,62.68845871090889,0.007813895121216774,-0.08978883922100067,0.00299900583922863,0.3242801571004377
2018-12-18,fold_5,2018 Vol-mageddon + Q4 sell-off,0.0005343109369277954,1,-0.024861635640263557,-1,-0.024861635640263557,-0.018368716991972178,,,,0,-248.61635640263557,0.023560216650366783,-0.035490769892930984,0.0005343109369277954,-1.283752666124262
2018-12-19,fold_5,2018 Vol-mageddon + Q4 sell-off,0.0010864436626434326,1,-0.014601556584239006,-1,-0.014601556584239006,-0.032970273576211184,,,,0,-146.01556584239006,0.03407885134220123,-0.006766404490917921,0.0010864436626434326,-0.7788662930931695
2018-12-20,fold_5,2018 Vol-mageddon + Q4 sell-off,0.020492836833000183,1,-0.03148384019732475,-1,-0.03148384019732475,-0.06445411377353594,,,,0,-314.8384019732475,0.05018480867147446,0.007312349509447813,0.020492836833000183,-1.6930339809025827
2018-12-21,fold_5,2018 Vol-mageddon + Q4 sell-off,0.027640223503112793,1,-0.025110647082328796,-1,-0.025110647082328796,-0.08956476085586473,,,,0,-251.10647082328796,0.05918540060520172,0.047193724662065506,0.027640223503112793,-1.2674572673187545
2018-12-24,fold_5,2018 Vol-mageddon + Q4 sell-off,0.03060673549771309,1,0.06056690961122513,1,0.06056690961122513,-0.028997851244639605,,,,1,605.6690961122513,0.05610129237174988,0.07631570100784302,0.03060673549771309,2.950446690963408
2018-12-26,fold_5,2018 Vol-mageddon + Q4 sell-off,-0.01105375774204731,-1,0.0038627306930720806,1,-0.0038627306930720806,-0.032860581937711686,,,,0,-38.627306930720806,-0.012977758422493935,-0.017467688769102097,-0.01105375774204731,0.1605697928539248
2018-12-27,fold_5,2018 Vol-mageddon + Q4 sell-off,-0.00470205582678318,-1,-0.0005228033987805247,-1,0.0005228033987805247,-0.03233777853893116,,,,1,5.228033987805247,0.0107803326100111,0.020564427599310875,-0.00470205582678318,-0.021729065604608522
2018-12-28,fold_5,2018 Vol-mageddon + Q4 sell-off,0.004771741107106209,1,0.008397532626986504,1,0.008397532626986504,-0.023940245911944658,,,,1,83.97532626986504,0.00027175620198249817,0.03292231634259224,0.004771741107106209,0.36520208009465255
2018-12-31,fold_5,2018 Vol-mageddon + Q4 sell-off,0.008516892790794373,1,0.00401133019477129,1,0.00401133019477129,-0.019928915717173368,,,,1,40.1133019477129,-0.0048450324684381485,0.03352988138794899,0.008516892790794373,0.17395794166586181
2019-01-02,fold_5,2018 Vol-mageddon + Q4 sell-off,0.005213499069213867,1,-0.033216480165719986,-1,-0.033216480165719986,-0.053145395882893354,,,,0,-332.16480165719986,-0.0020945295691490173,0.03763500228524208,0.005213499069213867,-1.4429433525971453
2019-01-03,fold_5,2018 Vol-mageddon + Q4 sell-off,0.017122618854045868,1,0.04189484566450119,1,0.04189484566450119,-0.011250550218392164,,,,1,418.9484566450119,0.010165011510252953,0.07370780408382416,0.017122618854045868,1.7546651131761455
2019-01-04,fold_5,2018 Vol-mageddon + Q4 sell-off,0.007607540115714073,1,0.011835084296762943,1,0.011835084296762943,0.0005845340783707798,,,,1,118.35084296762943,-0.016810469329357147,0.028147896751761436,0.007607540115714073,0.4908543546392967
2019-01-07,fold_5,2018 Vol-mageddon + Q4 sell-off,-0.009719161316752434,-1,0.009005100466310978,1,-0.009005100466310978,-0.008420566387940198,,,,0,-90.05100466310978,-0.009273754432797432,0.0074369218200445175,-0.009719161316752434,0.37203579793221414
2019-01-08,fold_5,2018 Vol-mageddon + Q4 sell-off,-0.002287639304995537,-1,0.008116450160741806,1,-0.008116450160741806,-0.016537016548682004,,,,0,-81.16450160741806,0.0017397664487361908,0.01776972971856594,-0.002287639304995537,0.3513725713332447
2019-01-09,fold_5,2018 Vol-mageddon + Q4 sell-off,-0.007903018966317177,-1,0.0028563211672008038,1,-0.0028563211672008038,-0.019393337715882808,,,,0,-28.563211672008038,0.004535967484116554,0.009468733333051205,-0.007903018966317177,0.12390206631015782
2019-01-10,fold_5,2018 Vol-mageddon + Q4 sell-off,-0.0014557968825101852,-1,-0.0036650579422712326,-1,0.0036650579422712326,-0.015728279773611575,,,,1,36.650579422712326,0.00750933401286602,0.014465805143117905,-0.0014557968825101852,-0.15900432044947757
2019-01-11,fold_5,2018 Vol-mageddon + Q4 sell-off,0.005419647321105003,1,-0.00887589156627655,-1,-0.00887589156627655,-0.024604171339888126,,,,0,-88.7589156627655,-0.004385080188512802,0.027982445433735847,0.005419647321105003,-0.3862234557550303
2019-01-14,fold_5,2018 Vol-mageddon + Q4 sell-off,0.009688464924693108,1,0.019337907433509827,1,0.019337907433509827,-0.005266263906378299,,,,1,193.37907433509827,0.0028361044824123383,0.016624685376882553,0.009688464924693108,0.8383482210297947
2019-01-15,fold_5,2018 Vol-mageddon + Q4 sell-off,0.011666813865303993,1,-0.0001845464576035738,-1,-0.0001845464576035738,-0.005450810363981873,,,,0,-1.845464576035738,-0.0026376135647296906,-0.0014171712100505829,0.011666813865303993,-0.00808987921917732
2019-01-16,fold_5,2018 Vol-mageddon + Q4 sell-off,0.008524902164936066,1,0.007853393442928791,1,0.007853393442928791,0.0024025830789469182,,,,1,78.53393442928791,-0.01094837300479412,0.0052218688651919365,0.008524902164936066,0.35329712750900966
2019-01-17,fold_5,2018 Vol-mageddon + Q4 sell-off,0.009813783690333366,1,0.009851583279669285,1,0.009851583279669285,0.012254166358616203,,,,1,98.51583279669285,-0.010761242359876633,0.009246372617781162,0.009813783690333366,0.4426878625243031
2019-01-18,fold_5,2018 Vol-mageddon + Q4 sell-off,0.005746649578213692,1,-0.020233651623129845,-1,-0.020233651623129845,-0.007979485264513642,,,,0,-202.33651623129845,0.0018711462616920471,-0.013034457340836525,0.005746649578213692,-0.9341151823620253
2019-01-22,fold_5,2018 Vol-mageddon + Q4 sell-off,-0.004424264654517174,-1,0.0012960510794073343,1,-0.0012960510794073343,-0.009275536343920976,,,,0,-12.960510794073343,-0.000494152307510376,-0.002287453506141901,-0.004424264654517174,0.05921816890991798
2019-01-23,fold_5,2018 Vol-mageddon + Q4 sell-off,0.0003883354365825653,1,0.006454493384808302,1,0.006454493384808302,-0.002821042959112674,,,,1,64.54493384808302,-0.004115624353289604,0.0215363297611475,0.0003883354365825653,0.31143682154349095
2019-01-24,fold_5,2018 Vol-mageddon + Q4 sell-off,-0.012565584853291512,-1,0.011877898126840591,1,-0.011877898126840591,-0.014698941085953265,,,,0,-118.77898126840591,-0.026808161288499832,0.02993958815932274,-0.012565584853291512,0.5938378744339285
2019-01-25,fold_5,2018 Vol-mageddon + Q4 sell-off,-0.010253218933939934,-1,-0.012429247610270977,-1,0.012429247610270977,-0.0022696934756822884,,,,1,124.29247610270977,-0.014999328181147575,0.013830570504069328,-0.010253218933939934,-0.8309956368039547
2019-01-28,fold_5,2018 Vol-mageddon + Q4 sell-off,0.0331563837826252,1,-0.009486648254096508,-1,-0.009486648254096508,-0.011756341729778796,,,,0,-94.86648254096508,-0.006032675504684448,0.038604870438575745,0.0331563837826252,-0.62459246102514
2019-01-29,fold_5,2018 Vol-mageddon + Q4 sell-off,0.005256433039903641,1,0.025119835510849953,1,0.025119835510849953,0.013363493781071156,,,,1,251.19835510849953,-0.007884109392762184,0.05690077319741249,0.005256433039903641,1.6380173508875673
2019-01-30,fold_5,2018 Vol-mageddon + Q4 sell-off,0.0025451071560382843,1,0.01485775038599968,1,0.01485775038599968,0.028221244167070836,,,,1,148.5775038599968,-0.003119664266705513,0.028794310986995697,0.0025451071560382843,0.9158159736361503
2019-01-31,fold_5,2018 Vol-mageddon + Q4 sell-off,-0.0023864302784204483,-1,-0.004231119528412819,-1,0.004231119528412819,0.032452363695483655,,,,1,42.31119528412819,-0.007047597318887711,0.00041609382606111467,-0.0023864302784204483,-0.25587502014519004
2019-02-01,fold_5,2018 Vol-mageddon + Q4 sell-off,-0.013848504051566124,-1,0.01234505232423544,1,-0.01234505232423544,0.020107311371248215,,,,0,-123.4505232423544,-0.029627064242959023,0.006606902461498976,-0.013848504051566124,0.8338895394396779
2019-02-04,fold_5,2018 Vol-mageddon + Q4 sell-off,-0.007583579048514366,-1,0.008809252642095089,1,-0.008809252642095089,0.011298058729153126,,,,0,-88.09252642095089,-0.024884210899472237,-0.006687937770038843,-0.007583579048514366,0.7471241039746336
2019-02-05,fold_5,2018 Vol-mageddon + Q4 sell-off,-0.01229936070740223,-1,-0.0029866250697523355,-1,0.0029866250697523355,0.014284683798905462,,,,1,29.866250697523355,-0.019394535571336746,-0.0008191018714569509,-0.01229936070740223,-0.25619367299360474
2019-02-06,fold_5,2018 Vol-mageddon + Q4 sell-off,-0.012364206835627556,-1,-0.013520467095077038,-1,0.013520467095077038,0.0278051508939825,,,,1,135.20467095077038,-0.015913354232907295,0.002869384828954935,-0.012364206835627556,-1.175501688232634
2019-02-07,fold_5,2018 Vol-mageddon + Q4 sell-off,-0.018056316301226616,-1,0.001959689659997821,1,-0.001959689659997821,0.02584546123398468,,,,0,-19.59689659997821,0.004890339449048042,0.017617112025618553,-0.018056316301226616,0.1667357073202623
2019-02-08,fold_5,2018 Vol-mageddon + Q4 sell-off,-0.022367069497704506,-1,-0.0009497877908870578,-1,0.0009497877908870578,0.026795249024871737,,,,1,9.497877908870578,0.0033020395785570145,0.019853880628943443,-0.022367069497704506,-0.08087375287144566
2019-02-11,fold_5,2018 Vol-mageddon + Q4 sell-off,-0.020531749352812767,-1,0.014678088948130608,1,-0.014678088948130608,0.01211716007674113,,,,0,-146.78088948130608,0.009727450087666512,0.022779028862714767,-0.020531749352812767,1.2526771766344347
2019-02-12,fold_5,2018 Vol-mageddon + Q4 sell-off,-0.012636324390769005,-1,0.0007018616888672113,1,-0.0007018616888672113,0.011415298387873918,,,,0,-7.018616888672113,-0.01187088806182146,0.00792672112584114,-0.012636324390769005,0.05846206533534345
2019-02-13,fold_5,2018 Vol-mageddon + Q4 sell-off,-0.004140308126807213,-1,0.001227260334417224,1,-0.001227260334417224,0.010188038053456694,,,,0,-12.27260334417224,0.00013593211770057678,0.0035608201287686825,-0.004140308126807213,0.10956938104039882
2019-02-14,fold_5,2018 Vol-mageddon + Q4 sell-off,-0.0034060832113027573,-1,0.004196458030492067,1,-0.004196458030492067,0.0059915800229646266,,,,0,-41.96458030492067,0.003447512164711952,0.00970625039190054,-0.0034060832113027573,0.3745484592003061
2019-02-15,fold_5,2018 Vol-mageddon + Q4 sell-off,-0.0006951745599508286,-1,0.001975360093638301,1,-0.001975360093638301,0.004016219929326326,,,,0,-19.75360093638301,0.015096986666321754,0.009147333912551403,-0.0006951745599508286,0.1778756870323239
2019-02-19,fold_5,2018 Vol-mageddon + Q4 sell-off,-0.001553887501358986,-1,-0.00017421865777578205,-1,0.00017421865777578205,0.004190438587102108,,,,1,1.7421865777578205,-7.724203169345856e-05,0.008208819665014744,-0.001553887501358986,-0.015992804153815002
2019-02-20,fold_5,2018 Vol-mageddon + Q4 sell-off,-0.0012881699949502945,-1,-0.0036640395410358906,-1,0.0036640395410358906,0.007854478128137998,,,,1,36.640395410358906,0.003996303305029869,0.007749252486974001,-0.0012881699949502945,-0.3697444191702923
2019-02-21,fold_5,2018 Vol-mageddon + Q4 sell-off,0.027504246681928635,1,0.007372690364718437,1,0.007372690364718437,0.015227168492856435,,,,1,73.72690364718437,0.009185513481497765,0.009106521494686604,0.027504246681928635,0.7417759552143991
2019-02-22,fold_5,2018 Vol-mageddon + Q4 sell-off,-0.0027975644916296005,-1,0.0036375417839735746,1,-0.0036375417839735746,0.01158962670888286,,,,0,-36.375417839735746,-0.00615307129919529,0.00863878894597292,-0.0027975644916296005,0.36480757635248523
2019-02-25,fold_5,2018 Vol-mageddon + Q4 sell-off,-0.0002125166356563568,-1,0.0010368457296863198,1,-0.0010368457296863198,0.010552780979196541,,,,0,-10.368457296863198,-0.018088866025209427,0.005173328332602978,-0.0002125166356563568,0.10749815623397956
2019-02-26,fold_5,2018 Vol-mageddon + Q4 sell-off,0.007050596177577972,1,-0.0006337863160297275,-1,-0.0006337863160297275,0.009918994663166814,,,,0,-6.337863160297275,-0.006220534443855286,0.004881580825895071,0.007050596177577972,-0.06859860697891929
2019-02-27,fold_5,2018 Vol-mageddon + Q4 sell-off,0.006802285090088844,1,-0.002306770533323288,-1,-0.002306770533323288,0.007612224129843526,,,,0,-23.06770533323288,-0.01851964183151722,-0.00017281183681916445,0.006802285090088844,-0.2564972928000794
2019-02-28,fold_5,2018 Vol-mageddon + Q4 sell-off,0.004828969016671181,1,0.006904958747327328,1,0.006904958747327328,0.014517182877170853,,,,1,69.04958747327328,-0.004825098440051079,-0.010214511305093765,0.004828969016671181,0.9804763321443797
2019-03-01,fold_5,2018 Vol-mageddon + Q4 sell-off,-0.0005857218056917191,-1,0.00017208090866915882,1,-0.00017208090866915882,0.014345101968501695,,,,0,-1.7208090866915882,-0.004689449444413185,-0.018637001514434814,-0.0005857218056917191,0.026893411076215196
2019-03-04,fold_5,2018 Vol-mageddon + Q4 sell-off,0.0007999986410140991,1,0.0007450981065630913,1,0.0007450981065630913,0.015090200075064786,,,,1,7.450981065630913,-0.007637811824679375,0.0017753717256709933,0.0007999986410140991,0.11773856278902868
2019-03-05,fold_5,2018 Vol-mageddon + Q4 sell-off,-0.012659231200814247,-1,-0.005688178818672895,-1,0.005688178818672895,0.02077837889373768,,,,1,56.881788186728954,-0.01264280080795288,0.0065093920566141605,-0.012659231200814247,-0.9984404366472546
2019-03-06,fold_5,2018 Vol-mageddon + Q4 sell-off,-0.004468852654099464,-1,-0.012348470278084278,-1,0.012348470278084278,0.03312684917182196,,,,1,123.48470278084278,-0.01149359904229641,0.01968303509056568,-0.004468852654099464,-2.2472515457824884
2019-03-07,fold_5,2018 Vol-mageddon + Q4 sell-off,-0.0017499234527349472,-1,-0.0015175314620137215,-1,0.0015175314620137215,0.03464438063383568,,,,1,15.175314620137215,-0.027478914707899094,0.030335213989019394,-0.0017499234527349472,-0.2482345434549959
2019-03-08,fold_5,2018 Vol-mageddon + Q4 sell-off,0.010156363248825073,1,0.020584454759955406,1,0.020584454759955406,0.05522883539379109,,,,1,205.84454759955406,-0.017677858471870422,0.041090596467256546,0.010156363248825073,3.8661865610744894
2019-03-11,fold_5,2018 Vol-mageddon + Q4 sell-off,-0.0025623831897974014,-1,0.005479118321090937,1,-0.005479118321090937,0.04974971707270015,,,,0,-54.79118321090937,-0.02777162939310074,0.022885199636220932,-0.0025623831897974014,0.7800188928272659
2019-03-12,fold_5,2018 Vol-mageddon + Q4 sell-off,-0.012769954279065132,-1,0.007485463283956051,1,-0.007485463283956051,0.0422642537887441,,,,0,-74.85463283956051,-0.01588118076324463,0.020762847736477852,-0.012769954279065132,1.0502638374398423
2019-03-13,fold_5,2018 Vol-mageddon + Q4 sell-off,-0.02309674210846424,-1,-0.0016962912632152438,-1,0.0016962912632152438,0.04396054505195934,,,,1,16.962912632152438,-0.02541840821504593,0.01723448745906353,-0.02309674210846424,-0.259205191477666
2019-03-14,fold_5,2018 Vol-mageddon + Q4 sell-off,-0.015255732461810112,-1,0.009237850084900856,1,-0.009237850084900856,0.03472269496705849,,,,0,-92.37850084900856,-0.00963687151670456,0.03444202244281769,-0.015255732461810112,1.409647264496538
2019-03-15,fold_5,2018 Vol-mageddon + Q4 sell-off,-0.006828172132372856,-1,0.0023790590930730104,1,-0.0023790590930730104,0.03234363587398548,,,,0,-23.790590930730104,-0.004306454211473465,0.0029952730983495712,-0.006828172132372856,0.34651527241994967
2019-03-18,fold_5,2018 Vol-mageddon + Q4 sell-off,-0.013040198013186455,-1,0.003356766188517213,1,-0.003356766188517213,0.028986869685468264,,,,0,-33.56766188517213,-0.023690115660429,-0.0012897165725007653,-0.013040198013186455,0.49204903498740066
2019-03-19,fold_5,2018 Vol-mageddon + Q4 sell-off,-0.011093208566308022,-1,0.003957103006541729,1,-0.003957103006541729,0.025029766678926535,,,,0,-39.57103006541729,-0.017408207058906555,0.0,-0.011093208566308022,0.5777674207829703
2019-03-20,fold_5,2018 Vol-mageddon + Q4 sell-off,0.004348292946815491,1,0.015511245466768742,1,0.015511245466768742,0.04054101214569528,,,,1,155.11245466768742,-0.009398119524121284,-0.010400827042758465,0.004348292946815491,2.2461296638731625
2019-03-21,fold_5,2018 Vol-mageddon + Q4 sell-off,-0.007677694782614708,-1,-0.02220890112221241,-1,0.02220890112221241,0.06274991326790769,,,,1,222.0890112221241,-0.01961488649249077,-0.023610059171915054,-0.007677694782614708,-2.890170330312154
2019-03-22,fold_5,2018 Vol-mageddon + Q4 sell-off,-0.004454972222447395,-1,-0.001905930577777326,-1,0.001905930577777326,0.06465584384568501,,,,1,19.05930577777326,0.0003313608467578888,0.006141345482319593,-0.004454972222447395,-0.21178024690818373
2019-03-25,fold_5,2018 Vol-mageddon + Q4 sell-off,0.0006362143903970718,1,0.004646482411772013,1,0.004646482411772013,0.06930232625745703,,,,1,46.46482411772013,0.00031017884612083435,0.021207502111792564,0.0006362143903970718,0.5178372879620403
2019-03-26,fold_5,2018 Vol-mageddon + Q4 sell-off,-0.009941300377249718,-1,-0.006443724036216736,-1,0.006443724036216736,0.07574605029367376,,,,1,64.43724036216736,-0.007615741342306137,0.02034425549209118,-0.009941300377249718,-0.7136034369894386
2019-03-27,fold_5,2018 Vol-mageddon + Q4 sell-off,-0.0003964994102716446,-1,0.0023020142689347267,1,-0.0023020142689347267,0.07344403602473903,,,,0,-23.020142689347267,-0.008985280990600586,0.03251755237579346,-0.0003964994102716446,0.25177956690205505
2019-03-28,fold_5,2018 Vol-mageddon + Q4 sell-off,-0.004838323220610619,-1,0.007542503532022238,1,-0.007542503532022238,0.0659015324927168,,,,0,-75.42503532022238,-0.025752471759915352,0.029834916815161705,-0.004838323220610619,0.8249561163490199
2019-03-29,fold_5,2018 Vol-mageddon + Q4 sell-off,9.328313171863556e-05,1,0.013160225003957748,1,0.013160225003957748,0.07906175749667455,,,,1,131.60225003957748,0.02490765042603016,0.027450084686279297,9.328313171863556e-05,1.4354417979438217
2019-04-01,fold_5,2018 Vol-mageddon + Q4 sell-off,-0.006393199786543846,-1,0.0037832369562238455,1,-0.0037832369562238455,0.0752785205404507,,,,0,-37.832369562238455,0.016962124034762383,0.01683189906179905,-0.006393199786543846,0.3929132302604623
2019-04-02,fold_5,2018 Vol-mageddon + Q4 sell-off,-0.002690540626645088,-1,0.005729572847485542,1,-0.005729572847485542,0.06954894769296516,,,,0,-57.29572847485542,0.004996335133910179,0.009531304240226746,-0.002690540626645088,0.5928572924656258
2019-04-03,fold_5,2018 Vol-mageddon + Q4 sell-off,-0.0019233059138059616,-1,-0.0003806223103310913,-1,0.0003806223103310913,0.06992957000329625,,,,1,3.806223103310913,0.010205129161477089,0.009153859689831734,-0.0019233059138059616,-0.03937922860941791
2019-04-04,fold_5,2018 Vol-mageddon + Q4 sell-off,0.0014837831258773804,1,0.00515767140313983,1,0.00515767140313983,0.07508724140643608,,,,1,51.576714031398296,-0.0007499568164348602,0.007159198634326458,0.0014837831258773804,0.5567941972777216
2019-04-05,fold_5,2018 Vol-mageddon + Q4 sell-off,-0.0009440276771783829,-1,0.0025420398451387882,1,-0.0025420398451387882,0.07254520156129729,,,,0,-25.420398451387882,-0.002251800149679184,0.006315842270851135,-0.0009440276771783829,0.2725024093881886
2019-04-08,fold_5,2018 Vol-mageddon + Q4 sell-off,-0.0005999300628900528,-1,-0.0035173578653484583,-1,0.0035173578653484583,0.07606255942664575,,,,1,35.17357865348458,0.002790505066514015,0.003935340326279402,-0.0005999300628900528,-0.43243918616901417
2019-04-09,fold_5,2018 Vol-mageddon + Q4 sell-off,0.003907507285475731,1,0.005352128762751818,1,0.005352128762751818,0.08141468818939757,,,,1,53.52128762751818,-0.0046946462243795395,0.010890415869653225,0.003907507285475731,0.6624467096671369
2019-04-10,fold_5,2018 Vol-mageddon + Q4 sell-off,0.004412779584527016,1,-0.0023752839770168066,-1,-0.0023752839770168066,0.07903940421238076,,,,0,-23.752839770168066,0.003392966464161873,0.009017187170684338,0.004412779584527016,-0.29712804898278294
2019-04-11,fold_5,2018 Vol-mageddon + Q4 sell-off,0.007002534344792366,1,0.004314315505325794,1,0.004314315505325794,0.08335371971770655,,,,1,43.14315505325794,0.0036589354276657104,0.012674174271523952,0.007002534344792366,0.5391018631979752
2019-04-12,fold_5,2018 Vol-mageddon + Q4 sell-off,0.004621943458914757,1,0.0001615378278074786,1,0.0001615378278074786,0.08351525754551403,,,,1,1.615378278074786,-0.01675228402018547,0.011184216476976871,0.004621943458914757,0.020732427437063147
2019-04-15,fold_5,2018 Vol-mageddon + Q4 sell-off,0.0059446897357702255,1,0.0034377172123640776,1,0.0034377172123640776,0.08695297475787811,,,,1,34.377172123640776,-0.012574836611747742,0.02366057224571705,0.0059446897357702255,0.4422379245469731
2019-04-16,fold_5,2018 Vol-mageddon + Q4 sell-off,-0.0008211340755224228,-1,0.0034789007622748613,1,-0.0034789007622748613,0.08347407399560325,,,,0,-34.78900762274861,-0.019943416118621826,0.0170652624219656,-0.0008211340755224228,0.44743409613884627
2019-04-17,fold_5,2018 Vol-mageddon + Q4 sell-off,-0.006351100280880928,-1,0.001281703356653452,1,-0.001281703356653452,0.0821923706389498,,,,0,-12.81703356653452,-0.03900126367807388,0.017636874690651894,-0.006351100280880928,0.16508748451011285
2019-04-18,fold_5,2018 Vol-mageddon + Q4 sell-off,-0.002088276669383049,-1,0.002824357245117426,1,-0.002824357245117426,0.07936801339383237,,,,0,-28.24357245117426,-0.03471926972270012,0.01724712736904621,-0.002088276669383049,0.4062728922046816
2019-04-22,fold_5,2018 Vol-mageddon + Q4 sell-off,-0.005896391347050667,-1,0.012637894600629807,1,-0.012637894600629807,0.06673011879320256,,,,0,-126.37894600629807,-0.026142893359065056,0.016361890360713005,-0.005896391347050667,2.5761801972299163
2019-04-23,fold_5,2018 Vol-mageddon + Q4 sell-off,-0.005303831771016121,-1,-0.0031575928442180157,-1,0.0031575928442180157,0.06988771163742058,,,,1,31.575928442180157,-0.02449985407292843,-0.004054222255945206,-0.005303831771016121,-0.5593278337476337
2019-04-24,fold_5,2018 Vol-mageddon + Q4 sell-off,-0.003962201997637749,-1,0.004050512798130512,1,-0.004050512798130512,0.06583719883929007,,,,0,-40.50512798130512,-0.01642359234392643,-0.004119951277971268,-0.003962201997637749,0.7241279199257808
2019-04-25,fold_5,2018 Vol-mageddon + Q4 sell-off,-0.0049643609672784805,-1,0.0008919559768401086,1,-0.0008919559768401086,0.06494524286244996,,,,0,-8.919559768401086,-0.00708574615418911,-0.012520142830908298,-0.0049643609672784805,0.16275839997497182
2019-04-26,fold_5,2018 Vol-mageddon + Q4 sell-off,-0.003322029486298561,-1,0.0019391197711229324,1,-0.0019391197711229324,0.06300612309132703,,,,0,-19.391197711229324,-0.01191285252571106,0.002410326385870576,-0.003322029486298561,0.3551721476100761
2019-04-29,fold_5,2018 Vol-mageddon + Q4 sell-off,-0.0011143404990434647,-1,-0.007778218016028404,-1,0.007778218016028404,0.07078434110735543,,,,1,77.78218016028404,-0.027455518022179604,-0.005670021288096905,-0.0011143404990434647,-1.4927381154327648
2020-06-10,fold_6,COVID crash and V-recovery,-0.004922835156321526,-1,-0.050818637013435364,-1,0.050818637013435364,0.050818637013435364,,,,1,508.18637013435364,-0.04481348767876625,-0.01061584148555994,-0.004922835156321526,-4.833366497560921
2020-06-11,fold_6,COVID crash and V-recovery,-0.009637119248509407,-1,0.007916430942714214,1,-0.007916430942714214,0.04290220607072115,,,,0,-79.16430942714214,-0.055164504796266556,0.04290812090039253,-0.009637119248509407,0.5200283997094477
2020-06-12,fold_6,COVID crash and V-recovery,-0.010236499831080437,-1,0.012093736790120602,1,-0.012093736790120602,0.030808469280600548,,,,0,-120.93736790120602,-0.05245807766914368,0.0348283015191555,-0.010236499831080437,0.8000435567549711
2020-06-15,fold_6,COVID crash and V-recovery,-0.008769283071160316,-1,0.017027128487825394,1,-0.017027128487825394,0.013781340792775154,,,,0,-170.27128487825394,-0.050355903804302216,0.03465566039085388,-0.008769283071160316,1.1137561430626872
2020-06-16,fold_6,COVID crash and V-recovery,0.0031185634434223175,1,0.0031655009370297194,1,0.0031655009370297194,0.016946841729804873,,,,1,31.655009370297194,-0.06335309147834778,0.026103550568223,0.0031185634434223175,0.20819354101787516
2020-06-17,fold_6,COVID crash and V-recovery,-0.005063271149992943,-1,0.002705324674025178,1,-0.002705324674025178,0.014241517055779696,,,,0,-27.05324674025178,-0.04497993364930153,0.002107067499309778,-0.005063271149992943,0.1778563538394904
2020-06-18,fold_6,COVID crash and V-recovery,0.0012851189821958542,1,-0.00016339019930455834,-1,-0.00016339019930455834,0.014078126856475137,,,,0,-1.6339019930455834,-0.019498186185956,0.008876042440533638,0.0012851189821958542,-0.011216744710318296
2020-06-19,fold_6,COVID crash and V-recovery,0.0062234774231910706,1,0.01192109752446413,1,0.01192109752446413,0.025999224380939268,,,,1,119.2109752446413,-0.009745573624968529,-0.01485886238515377,0.0062234774231910706,0.8301943175953945
2020-06-22,fold_6,COVID crash and V-recovery,-0.00404166616499424,-1,0.008475018665194511,1,-0.008475018665194511,0.017524205715744756,,,,0,-84.75018665194511,-0.026297014206647873,-0.01593226008117199,-0.00404166616499424,0.5811019860795387
2020-06-23,fold_6,COVID crash and V-recovery,-0.00022617913782596588,-1,-0.02083098329603672,-1,0.02083098329603672,0.038355189011781476,,,,1,208.3098329603672,-0.021540826186537743,-0.004995599389076233,-0.00022617913782596588,-1.4175974704980616
2020-06-24,fold_6,COVID crash and V-recovery,-0.0057122837752103806,-1,0.009474299848079681,1,-0.009474299848079681,0.028880889163701795,,,,0,-94.74299848079681,-0.01467148307710886,0.02743980661034584,-0.0057122837752103806,0.6165341995312399
2020-06-25,fold_6,COVID crash and V-recovery,0.000719832256436348,1,-0.023898296058177948,-1,-0.023898296058177948,0.004982593105523847,,,,0,-238.98296058177948,-0.026695117354393005,0.02472933940589428,0.000719832256436348,-1.5408676806680528
2020-06-26,fold_6,COVID crash and V-recovery,0.007093174383044243,1,0.010847700759768486,1,0.010847700759768486,0.015830293865292333,,,,1,108.47700759768486,-0.022980982437729836,0.07291491329669952,0.007093174383044243,0.6746617427209867
2020-06-29,fold_6,COVID crash and V-recovery,0.016917772591114044,1,0.01941167749464512,1,0.01941167749464512,0.03524197135993745,,,,1,194.1167749464512,-0.048014409840106964,0.05515451729297638,0.016917772591114044,1.1947957833765366
2020-06-30,fold_6,COVID crash and V-recovery,0.0007058847695589066,1,0.011604422703385353,1,0.011604422703385353,0.046846394063322805,,,,1,116.04422703385353,-0.04267464578151703,0.048828642815351486,0.0007058847695589066,0.692796584541074
2020-07-01,fold_6,COVID crash and V-recovery,0.0004825275391340256,1,0.00676383264362812,1,0.00676383264362812,0.053610226706950925,,,,1,67.6383264362812,-0.019001267850399017,0.04561207443475723,0.0004825275391340256,0.39974959804786203
2020-07-02,fold_6,COVID crash and V-recovery,0.0026995018124580383,1,0.024287275969982147,1,0.024287275969982147,0.07789750267693307,,,,1,242.87275969982147,-0.021470163017511368,0.04565257206559181,0.0026995018124580383,1.4358778581058032
2020-07-06,fold_6,COVID crash and V-recovery,-0.011099932715296745,-1,-0.006912693381309509,-1,0.006912693381309509,0.08481019605824258,,,,1,69.12693381309509,-0.027151167392730713,0.0005803222302347422,-0.011099932715296745,-0.40157268428087856
2020-07-07,fold_6,COVID crash and V-recovery,-0.009075025096535683,-1,0.01308580581098795,1,-0.01308580581098795,0.07172439024725463,,,,0,-130.8580581098795,-0.01320193987339735,0.014546205289661884,-0.009075025096535683,0.760950319818398
2020-07-08,fold_6,COVID crash and V-recovery,-0.014295728877186775,-1,0.008387851528823376,1,-0.008387851528823376,0.06333653871843126,,,,0,-83.87851528823376,-0.027921857312321663,0.0034939206670969725,-0.014295728877186775,0.4829213491086964
2020-07-09,fold_6,COVID crash and V-recovery,-0.019062450155615807,-1,0.006804332137107849,1,-0.006804332137107849,0.05653220658132341,,,,0,-68.04332137107849,-0.03346077725291252,-0.01173989288508892,-0.019062450155615807,0.39410950525264227
2020-07-10,fold_6,COVID crash and V-recovery,-0.016200674697756767,-1,-0.020784974098205566,-1,0.020784974098205566,0.07731718067952897,,,,1,207.84974098205566,-0.03821571171283722,-0.017386941239237785,-0.016200674697756767,-1.5882076019087286
2020-07-13,fold_6,COVID crash and V-recovery,0.012825775891542435,1,0.007053189445286989,1,0.007053189445286989,0.08437037012481596,,,,1,70.53189445286989,-0.042414821684360504,0.031374141573905945,0.012825775891542435,0.5120446139780346
2020-07-14,fold_6,COVID crash and V-recovery,-0.002579024061560631,-1,0.0020335218869149685,1,-0.0020335218869149685,0.082336848237901,,,,0,-20.335218869149685,-0.0517103485763073,0.013845482841134071,-0.002579024061560631,0.14954269287114882
2020-07-15,fold_6,COVID crash and V-recovery,-0.006796756759285927,-1,-0.006845961790531874,-1,0.006845961790531874,0.08918281002843287,,,,1,68.45961790531874,-0.04586680978536606,0.01532869040966034,-0.006796756759285927,-0.5241009812391734
2020-07-16,fold_6,COVID crash and V-recovery,0.011047981679439545,1,0.0011572843650355935,1,0.0011572843650355935,0.09034009439346846,,,,1,11.572843650355935,-0.027616217732429504,-0.004292608238756657,0.011047981679439545,0.08812283189001813
2020-07-17,fold_6,COVID crash and V-recovery,0.007403038442134857,1,0.027976106852293015,1,0.027976106852293015,0.11831620124576148,,,,1,279.76106852293015,-0.017031654715538025,-0.01499137282371521,0.007403038442134857,2.132123708338193
2020-07-20,fold_6,COVID crash and V-recovery,-0.010956482961773872,-1,-0.010475467890501022,-1,0.010475467890501022,0.1287916691362625,,,,1,104.75467890501022,-0.0553727000951767,-0.025281477719545364,-0.010956482961773872,-0.7206510227050099
2020-07-21,fold_6,COVID crash and V-recovery,-0.007133970037102699,-1,0.0035167301539331675,1,-0.0035167301539331675,0.12527493898232933,,,,0,-35.167301539331675,-0.023464184254407883,-0.027612756937742233,-0.007133970037102699,0.24286262614215368
2020-07-22,fold_6,COVID crash and V-recovery,-0.008341396227478981,-1,-0.026467259973287582,-1,0.026467259973287582,0.1517421989556169,,,,1,264.6725997328758,-0.028964227065443993,-0.019669238477945328,-0.008341396227478981,-1.8409053843650716
2020-07-23,fold_6,COVID crash and V-recovery,0.02363761141896248,1,-0.009541480801999569,-1,-0.009541480801999569,0.14220071815361734,,,,0,-95.41480801999569,-0.03869123384356499,0.012019885703921318,0.02363761141896248,-0.6432334964953011
2020-07-24,fold_6,COVID crash and V-recovery,0.00023740902543067932,1,0.01768600009381771,1,0.01768600009381771,0.15988671824743506,,,,1,176.8600009381771,-0.025991415604948997,0.03924935311079025,0.00023740902543067932,1.1921186983156284
2020-07-27,fold_6,COVID crash and V-recovery,-0.0033339504152536392,-1,-0.012806747108697891,-1,0.012806747108697891,0.17269346535613295,,,,1,128.0674710869789,-0.018749943003058434,0.034980401396751404,-0.0033339504152536392,-0.8897363445671662
2020-07-28,fold_6,COVID crash and V-recovery,0.00875491090118885,1,0.011460249312222004,1,0.011460249312222004,0.18415371466835495,,,,1,114.60249312222004,-0.020817413926124573,0.05149209499359131,0.00875491090118885,0.7917747031445751
2020-07-29,fold_6,COVID crash and V-recovery,-0.0076940711587667465,-1,0.0052218628115952015,1,-0.0052218628115952015,0.17893185185675975,,,,0,-52.218628115952015,-0.025363242253661156,0.042506542056798935,-0.0076940711587667465,0.3718284970110825
2020-07-30,fold_6,COVID crash and V-recovery,-0.0094896350055933,-1,0.01768798753619194,1,-0.01768798753619194,0.1612438643205678,,,,0,-176.8798753619194,-0.05217008292675018,0.05044260248541832,-0.0094896350055933,1.2769965562045513
2020-07-31,fold_6,COVID crash and V-recovery,-0.004826704040169716,-1,0.013417048379778862,1,-0.013417048379778862,0.14782681594078895,,,,0,-134.17048379778862,-0.021369824185967445,0.021145181730389595,-0.004826704040169716,0.9366016124301634
2020-08-03,fold_6,COVID crash and V-recovery,-0.009121792390942574,-1,0.003704946953803301,1,-0.003704946953803301,0.14412186898698565,,,,0,-37.04946953803301,-0.0227617546916008,0.0034460306633263826,-0.009121792390942574,0.27259952974596996
2020-08-04,fold_6,COVID crash and V-recovery,-0.0025897230952978134,-1,0.0024746968410909176,1,-0.0024746968410909176,0.14164717214589473,,,,0,-24.746968410909176,-0.011983111500740051,-0.01938198134303093,-0.0025897230952978134,0.18292635050540385
2020-08-05,fold_6,COVID crash and V-recovery,-0.00027466751635074615,-1,0.013157923705875874,1,-0.013157923705875874,0.12848924844001886,,,,0,-131.57923705875874,-0.018499871715903282,0.0029841316863894463,-0.00027466751635074615,0.9953246352301299
2020-08-06,fold_6,COVID crash and V-recovery,-0.005887450650334358,-1,-0.011609433218836784,-1,0.011609433218836784,0.14009868165885564,,,,1,116.09433218836784,-0.028539730235934258,-0.00789579376578331,-0.005887450650334358,-0.8655564505121134
2020-08-07,fold_6,COVID crash and V-recovery,0.0013668574392795563,1,-0.004282103851437569,-1,-0.004282103851437569,0.13581657780741807,,,,0,-42.82103851437569,-0.03420354798436165,0.002538258209824562,0.0013668574392795563,-0.315403274167436
2020-08-10,fold_6,COVID crash and V-recovery,-0.00667341984808445,-1,-0.01912306621670723,-1,0.01912306621670723,0.1549396440241253,,,,1,191.2306621670723,-0.02157420665025711,0.018364673480391502,-0.00667341984808445,-1.4949017218268141
2020-08-11,fold_6,COVID crash and V-recovery,-0.0019587520509958267,-1,0.024840809404850006,1,-0.024840809404850006,0.1300988346192753,,,,0,-248.40809404850006,-0.020552437752485275,0.04706699773669243,-0.0019587520509958267,1.854425462059186
2020-08-12,fold_6,COVID crash and V-recovery,-0.017057040706276894,-1,0.002277998486533761,1,-0.002277998486533761,0.12782083613274153,,,,0,-22.77998486533761,-0.055482394993305206,0.015475744381546974,-0.017057040706276894,0.1571654526123982
2020-08-13,fold_6,COVID crash and V-recovery,-0.013890964910387993,-1,-0.0011753810103982687,-1,0.0011753810103982687,0.1289962171431398,,,,1,11.753810103982687,-0.05320480838418007,0.026974011212587357,-0.013890964910387993,-0.08149801908205123
2020-08-14,fold_6,COVID crash and V-recovery,-0.019819224253296852,-1,0.011544312350451946,1,-0.011544312350451946,0.11745190479268786,,,,0,-115.44312350451946,-0.05529139190912247,0.03505614399909973,-0.019819224253296852,0.8004500661944717
2020-08-17,fold_6,COVID crash and V-recovery,-0.022144878283143044,-1,0.009579257108271122,1,-0.009579257108271122,0.10787264768441673,,,,0,-95.79257108271122,-0.038032472133636475,0.029736364260315895,-0.022144878283143044,0.7230246261558297
2020-08-18,fold_6,COVID crash and V-recovery,-0.013188676908612251,-1,-0.006750442553311586,-1,0.006750442553311586,0.11462309023772832,,,,1,67.50442553311586,-0.02857927791774273,0.027988793328404427,-0.013188676908612251,-0.510820204822413
2020-08-19,fold_6,COVID crash and V-recovery,-0.00956040434539318,-1,0.013776266016066074,1,-0.013776266016066074,0.10084682422166225,,,,0,-137.76266016066074,-0.03181503713130951,0.05585353076457977,-0.00956040434539318,1.037559246659717
2020-08-20,fold_6,COVID crash and V-recovery,-0.013749631121754646,-1,0.0069067515432834625,1,-0.0069067515432834625,0.09394007267837878,,,,0,-69.06751543283463,-0.03613262623548508,0.038955897092819214,-0.013749631121754646,0.5625156236933915
2020-08-21,fold_6,COVID crash and V-recovery,-0.016701044514775276,-1,0.006224532146006823,1,-0.006224532146006823,0.08771554053237196,,,,0,-62.245321460068226,-0.028565900400280952,0.0371214896440506,-0.016701044514775276,0.5106356876868382
2020-08-24,fold_6,COVID crash and V-recovery,-0.01211242564022541,-1,0.007831685245037079,1,-0.007831685245037079,0.07988385528733488,,,,0,-78.31685245037079,-0.047825418412685394,0.038897957652807236,-0.01211242564022541,0.6743238686894301
2020-08-25,fold_6,COVID crash and V-recovery,-0.02230648510158062,-1,0.021114297211170197,1,-0.021114297211170197,0.058769558076164685,,,,0,-211.14297211170197,-0.05095060169696808,0.04801339656114578,-0.02230648510158062,1.8535998038712649
2020-08-26,fold_6,COVID crash and V-recovery,-0.010298145934939384,-1,-0.003121370915323496,-1,0.003121370915323496,0.06189092899148818,,,,1,31.21370915323496,-0.026952793821692467,0.036324240267276764,-0.010298145934939384,-0.2587895593319744
2020-08-27,fold_6,COVID crash and V-recovery,-0.023149611428380013,-1,0.005072346422821283,1,-0.005072346422821283,0.0568185825686669,,,,0,-50.72346422821283,-0.052993401885032654,-0.012585151940584183,-0.023149611428380013,0.42181512853870085
2020-08-28,fold_6,COVID crash and V-recovery,-0.0021000560373067856,-1,0.008001000620424747,1,-0.008001000620424747,0.04881758194824215,,,,0,-80.01000620424747,-0.03489566966891289,-0.03107313998043537,-0.0021000560373067856,0.7010740917333799
2020-08-31,fold_6,COVID crash and V-recovery,-0.011271456256508827,-1,0.016947124153375626,1,-0.016947124153375626,0.031870457794866525,,,,0,-169.47124153375626,-0.028017066419124603,-0.08833174407482147,-0.011271456256508827,1.519174036231336
2020-09-01,fold_6,COVID crash and V-recovery,-0.0056960079818964005,-1,0.009425140917301178,1,-0.009425140917301178,0.022445316877565347,,,,0,-94.25140917301178,-0.028520233929157257,-0.07632622867822647,-0.0056960079818964005,0.8019761973282619
2020-09-02,fold_6,COVID crash and V-recovery,-0.0038092005997896194,-1,-0.052030764520168304,-1,0.052030764520168304,0.07447608139773365,,,,1,520.307645201683,-0.04801229014992714,-0.10588965564966202,-0.0038092005997896194,-4.362421233254415
2020-09-03,fold_6,COVID crash and V-recovery,0.002004094421863556,1,-0.013415642082691193,-1,-0.013415642082691193,0.06106043931504246,,,,0,-134.15642082691193,-0.010463478043675423,-0.0608224980533123,0.002004094421863556,-0.8180304219831065
2020-09-04,fold_6,COVID crash and V-recovery,-0.005617884919047356,-1,-0.04925760254263878,-1,0.04925760254263878,0.11031804185768124,,,,1,492.5760254263878,0.007924115285277367,-0.03014158084988594,-0.005617884919047356,-2.99098501352186
2020-09-08,fold_6,COVID crash and V-recovery,0.006233112886548042,1,0.028952637687325478,1,0.028952637687325478,0.13927067954500671,,,,1,289.5263768732548,0.01571703515946865,0.033189885318279266,0.006233112886548042,1.4630448928429223
2020-09-09,fold_6,COVID crash and V-recovery,0.004194473847746849,1,-0.020138287916779518,-1,-0.020138287916779518,0.1191323916282272,,,,0,-201.38287916779518,-0.008130516856908798,-0.011837474070489407,0.004194473847746849,-0.9882583616877233
2020-09-10,fold_6,COVID crash and V-recovery,0.0058411844074726105,1,-0.006963605526834726,-1,-0.006963605526834726,0.11216878610139247,,,,0,-69.63605526834726,0.010648729279637337,-0.007444728631526232,0.0058411844074726105,-0.3461658618806676
2020-09-11,fold_6,COVID crash and V-recovery,0.02520250901579857,1,0.017265276983380318,1,0.017265276983380318,0.1294340630847728,,,,1,172.65276983380318,0.03454962372779846,-0.01332566887140274,0.02520250901579857,0.8559825585801524
2020-09-14,fold_6,COVID crash and V-recovery,0.0005860850214958191,1,0.014073864556849003,1,0.014073864556849003,0.1435079276416218,,,,1,140.73864556849003,-0.004824116826057434,-0.028195757418870926,0.0005860850214958191,0.6853734804594767
2020-09-15,fold_6,COVID crash and V-recovery,-0.008061552420258522,-1,-0.01607472263276577,-1,0.01607472263276577,0.15958265027438756,,,,1,160.7472263276577,-0.045414507389068604,-0.023861397057771683,-0.008061552420258522,-0.7798215646588044
2020-09-16,fold_6,COVID crash and V-recovery,-0.03332562744617462,-1,-0.01574554108083248,-1,0.01574554108083248,0.17532819135522004,,,,1,157.4554108083248,-0.0214538611471653,-0.03879699110984802,-0.03332562744617462,-0.7564717033725888
2020-09-17,fold_6,COVID crash and V-recovery,-0.010089507326483727,-1,-0.01284454483538866,-1,0.01284454483538866,0.1881727361906087,,,,1,128.4454483538866,-0.01819530688226223,-0.018405728042125702,-0.010089507326483727,-0.6100156525437823
2020-09-18,fold_6,COVID crash and V-recovery,-0.00824742577970028,-1,0.0023951882030814886,1,-0.0023951882030814886,0.18577754798752721,,,,0,-23.951882030814886,0.003988249227404594,0.017421115189790726,-0.00824742577970028,0.11391217076698176
2020-09-21,fold_6,COVID crash and V-recovery,-0.00521472655236721,-1,0.01840822398662567,1,-0.01840822398662567,0.16736932400090154,,,,0,-184.0822398662567,0.005220597609877586,0.035582274198532104,-0.00521472655236721,0.8775572328014063
2020-09-22,fold_6,COVID crash and V-recovery,-0.00603414885699749,-1,-0.03101031668484211,-1,0.03101031668484211,0.19837964068574365,,,,1,310.1031668484211,-0.011573731899261475,0.012654685415327549,-0.00603414885699749,-1.4537438731940597
2020-09-23,fold_6,COVID crash and V-recovery,0.002656674012541771,1,0.0046457210555672646,1,0.0046457210555672646,0.20302536174131092,,,,1,46.457210555672646,0.024263637140393257,0.050490401685237885,0.002656674012541771,0.20775431739486164
2020-09-24,fold_6,COVID crash and V-recovery,0.008126800879836082,1,0.022982297465205193,1,0.022982297465205193,0.2260076592065161,,,,1,229.82297465205193,0.015023993328213692,0.061592526733875275,0.008126800879836082,1.0502742819316198
2020-09-25,fold_6,COVID crash and V-recovery,-0.008403299376368523,-1,0.02055634744465351,1,-0.02055634744465351,0.2054513117618626,,,,0,-205.5634744465351,-0.011624295264482498,0.010075737722218037,-0.008403299376368523,0.9149699726863618
2020-09-28,fold_6,COVID crash and V-recovery,-0.012379268184304237,-1,-0.004519365727901459,-1,0.004519365727901459,0.20997067748976406,,,,1,45.19365727901459,-0.03420448675751686,0.010621445253491402,-0.012379268184304237,-0.1973176015235255
2020-09-29,fold_6,COVID crash and V-recovery,0.0009046867489814758,1,0.0068253991194069386,1,0.0068253991194069386,0.216796076609171,,,,1,68.25399119406939,-0.0033525004982948303,-0.002867152215912938,0.0009046867489814758,0.298621087736763
2020-09-30,fold_6,COVID crash and V-recovery,-0.006220491603016853,-1,0.01574784703552723,1,-0.01574784703552723,0.20104822957364377,,,,0,-157.4784703552723,-0.02248753234744072,0.007458656560629606,-0.006220491603016853,0.697064423708603
2020-10-01,fold_6,COVID crash and V-recovery,-0.01788472570478916,-1,-0.02853449247777462,-1,0.02853449247777462,0.2295827220514184,,,,1,285.3449247777462,-0.02300560288131237,-0.0029803828801959753,-0.01788472570478916,-1.2533205081188008
2020-10-02,fold_6,COVID crash and V-recovery,-0.006356572732329369,-1,0.02110205590724945,1,-0.02110205590724945,0.20848066614416894,,,,0,-211.0205590724945,-0.0134581932798028,0.04071858525276184,-0.006356572732329369,1.0251783952435474
2020-10-05,fold_6,COVID crash and V-recovery,-0.006509480997920036,-1,-0.01800796203315258,-1,0.01800796203315258,0.22648862817732152,,,,1,180.0796203315258,-0.029853397980332375,0.0500197559595108,-0.006509480997920036,-0.8614788499208522
2020-10-06,fold_6,COVID crash and V-recovery,-0.025444651022553444,-1,0.017151206731796265,1,-0.017151206731796265,0.20933742144552525,,,,0,-171.51206731796265,-0.03177160397171974,0.06799398362636566,-0.025444651022553444,0.9414975943994984
2020-10-07,fold_6,COVID crash and V-recovery,-0.016247490420937538,-1,0.005308808758854866,1,-0.005308808758854866,0.20402861268667039,,,,0,-53.08808758854866,-0.03367344290018082,0.0424555167555809,-0.016247490420937538,0.30415484714686564
2020-10-08,fold_6,COVID crash and V-recovery,-0.00647718645632267,-1,0.015164476819336414,1,-0.015164476819336414,0.18886413586733397,,,,0,-151.64476819336414,-0.016604559496045113,0.03041280247271061,-0.00647718645632267,0.8970329885777675
2020-10-09,fold_6,COVID crash and V-recovery,-0.008316194638609886,-1,0.030403228476643562,1,-0.030403228476643562,0.1584609073906904,,,,0,-304.0322847664356,-0.026999779045581818,0.009752639569342136,-0.008316194638609886,1.770571887040376
2020-10-12,fold_6,COVID crash and V-recovery,-0.014167116954922676,-1,-3.373719300725497e-05,-1,3.373719300725497e-05,0.15849464458369766,,,,1,0.33737193007254973,-0.03913469612598419,-0.037110790610313416,-0.014167116954922676,-0.0018680407759308338
2020-10-13,fold_6,COVID crash and V-recovery,-0.008962849155068398,-1,-0.00838725920766592,-1,0.00838725920766592,0.16688190379136358,,,,1,83.8725920766592,-0.020881259813904762,-0.03492961823940277,-0.008962849155068398,-0.4716208204510821
2020-10-14,fold_6,COVID crash and V-recovery,-0.004561902955174446,-1,-0.006733904592692852,-1,0.006733904592692852,0.17361580838405644,,,,1,67.33904592692852,-0.012562721036374569,-0.0273162629455328,-0.004561902955174446,-0.38440893439136203
2020-10-15,fold_6,COVID crash and V-recovery,-0.008732641115784645,-1,-0.005495686549693346,-1,0.005495686549693346,0.17911149493374978,,,,1,54.95686549693346,-0.014017236419022083,-0.020617766305804253,-0.008732641115784645,-0.31903396928304123
2020-10-16,fold_6,COVID crash and V-recovery,0.0031891781836748123,1,-0.016460204496979713,-1,-0.016460204496979713,0.16265129043677007,,,,0,-164.60204496979713,-0.017015676945447922,-0.013153640553355217,0.0031891781836748123,-0.9665816644113905
2020-10-19,fold_6,COVID crash and V-recovery,0.0059260111302137375,1,0.002147437771782279,1,0.002147437771782279,0.16479872820855235,,,,1,21.47437771782279,-0.03872470185160637,-0.011803005822002888,0.0059260111302137375,0.12331480174769346
2020-10-20,fold_6,COVID crash and V-recovery,0.021451108157634735,1,-0.0007739050779491663,-1,-0.0007739050779491663,0.16402482313060318,,,,0,-7.739050779491663,-0.027543706819415092,-0.006172140594571829,0.021451108157634735,-0.04571847515718098
2020-10-21,fold_6,COVID crash and V-recovery,0.004538942128419876,1,-3.5408695111982524e-05,-1,-3.5408695111982524e-05,0.1639894144354912,,,,0,-0.35408695111982524,-0.00970434956252575,-0.045165520161390305,0.004538942128419876,-0.0022928343745738243
2020-10-22,fold_6,COVID crash and V-recovery,0.015247520059347153,1,0.001968440366908908,1,0.001968440366908908,0.1659578548024001,,,,1,19.68440366908908,-0.012908754870295525,-0.02779475226998329,0.015247520059347153,0.12775259426091953
2020-10-23,fold_6,COVID crash and V-recovery,-0.006818113848567009,-1,-0.015109569765627384,-1,0.015109569765627384,0.1810674245680275,,,,1,151.09569765627384,-0.023403631523251534,-0.055452797561883926,-0.006818113848567009,-1.039698635608039
2020-10-26,fold_6,COVID crash and V-recovery,0.013985056430101395,1,0.007778302300721407,1,0.007778302300721407,0.1888457268687489,,,,1,77.78302300721407,0.010348314419388771,-0.03811882436275482,0.013985056430101395,0.5479790991713467
2020-10-27,fold_6,COVID crash and V-recovery,0.0017061717808246613,1,-0.03976728767156601,-1,-0.03976728767156601,0.1490784391971829,,,,0,-397.6728767156601,0.004959976300597191,-0.028747210279107094,0.0017061717808246613,-2.787764890068613
2020-10-28,fold_6,COVID crash and V-recovery,-0.0024979766458272934,-1,0.01733536086976528,1,-0.01733536086976528,0.1317430783274176,,,,0,-173.35360869765282,0.026343880221247673,0.054690517485141754,-0.0024979766458272934,1.0355589815970991
2020-10-29,fold_6,COVID crash and V-recovery,0.0019946452230215073,1,-0.025689605623483658,-1,-0.025689605623483658,0.10605347270393395,,,,0,-256.8960562348366,0.020435823127627373,0.06309220939874649,0.0019946452230215073,-1.5274747106782163
2020-10-30,fold_6,COVID crash and V-recovery,0.000968102365732193,1,0.0022244045976549387,1,0.0022244045976549387,0.10827787730158889,,,,1,22.244045976549387,0.02963261492550373,0.08952881395816803,0.000968102365732193,0.13410157396693856
2020-11-02,fold_6,COVID crash and V-recovery,0.037559524178504944,1,0.017149915918707848,1,0.017149915918707848,0.12542779322029673,,,,1,171.49915918707848,0.011358292773365974,0.06665904819965363,0.037559524178504944,1.0779367386887289
2020-11-03,fold_6,COVID crash and V-recovery,0.007345154881477356,1,0.04367043823003769,1,0.04367043823003769,0.16909823145033442,,,,1,436.7043823003769,-0.0102786123752594,0.031432218849658966,0.007345154881477356,2.75306621443569
2020-11-04,fold_6,COVID crash and V-recovery,-0.01511409692466259,-1,0.025737054646015167,1,-0.025737054646015167,0.14336117680431926,,,,0,-257.3705464601517,-0.05173742026090622,0.009885048493742943,-0.01511409692466259,1.4119405213839278
2020-11-05,fold_6,COVID crash and V-recovery,-0.01580340974032879,-1,0.0007469941047020257,1,-0.0007469941047020257,0.14261418269961723,,,,0,-7.4699410470202565,-0.024091867730021477,-0.020557139068841934,-0.01580340974032879,0.03915442701452015
2020-11-06,fold_6,COVID crash and V-recovery,-0.01577402465045452,-1,-0.02064535580575466,-1,0.02064535580575466,0.1632595385053719,,,,1,206.45355805754662,-0.019879912957549095,-0.012569820508360863,-0.01577402465045452,-1.099611526163606
2020-11-09,fold_6,COVID crash and V-recovery,-0.00229487381875515,-1,-0.01807691529393196,-1,0.01807691529393196,0.18133645379930385,,,,1,180.7691529393196,-0.031884755939245224,0.015848102048039436,-0.00229487381875515,-0.9987407535989247
2020-11-10,fold_6,COVID crash and V-recovery,0.00439395010471344,1,0.022123269736766815,1,0.022123269736766815,0.20345972353607067,,,,1,221.23269736766815,-0.04248819500207901,0.030747581273317337,0.00439395010471344,1.1929141000624843
2020-11-11,fold_6,COVID crash and V-recovery,-0.007154503837227821,-1,-0.0047051324509084225,-1,0.0047051324509084225,0.2081648559869791,,,,1,47.051324509084225,-0.04025612026453018,0.0012066756607964635,-0.007154503837227821,-0.24631408484931272
2020-11-12,fold_6,COVID crash and V-recovery,-0.0057916101068258286,-1,0.00873431283980608,1,-0.00873431283980608,0.199430543147173,,,,0,-87.3431283980608,-0.036186590790748596,0.013706258498132229,-0.0057916101068258286,0.45797074181542646
2020-11-13,fold_6,COVID crash and V-recovery,-0.00471046008169651,-1,0.007772567216306925,1,-0.007772567216306925,0.1916579759308661,,,,0,-77.72567216306925,-0.013836223632097244,-0.0018917557317763567,-0.00471046008169651,0.4062582307615261
2020-11-16,fold_6,COVID crash and V-recovery,-0.00620601512491703,-1,-0.0031774360686540604,-1,0.0031774360686540604,0.19483541199952015,,,,1,31.774360686540604,-0.021254900842905045,-0.009630321525037289,-0.00620601512491703,-0.16851969730067273
2020-11-17,fold_6,COVID crash and V-recovery,-0.00784638337790966,-1,-0.007417635060846806,-1,0.007417635060846806,0.20225304706036695,,,,1,74.17635060846806,-0.02905467338860035,0.007499608676880598,-0.00784638337790966,-0.3932528488787517
2020-11-18,fold_6,COVID crash and V-recovery,-0.014525717124342918,-1,0.007794450502842665,1,-0.007794450502842665,0.1944585965575243,,,,0,-77.94450502842665,-0.02699359320104122,0.021044887602329254,-0.014525717124342918,0.41165884580625633
2020-11-19,fold_6,COVID crash and V-recovery,-0.009693240746855736,-1,-0.006863702088594437,-1,0.006863702088594437,0.20132229864611872,,,,1,68.63702088594437,-0.011717939749360085,0.02242281287908554,-0.009693240746855736,-0.36097592278577006
2020-11-20,fold_6,COVID crash and V-recovery,-0.013071225956082344,-1,3.400091009098105e-05,1,-3.400091009098105e-05,0.20128829773602774,,,,0,-0.3400091009098105,-0.01923414319753647,0.03132430091500282,-0.013071225956082344,0.0017828542565550293
2020-11-23,fold_6,COVID crash and V-recovery,-0.014627465978264809,-1,0.013952494598925114,1,-0.013952494598925114,0.18733580313710263,,,,0,-139.52494598925114,-0.025870969519019127,0.04402534291148186,-0.014627465978264809,0.7433640469029835
2020-11-24,fold_6,COVID crash and V-recovery,-0.024066077545285225,-1,0.006127643398940563,1,-0.006127643398940563,0.18120815973816207,,,,0,-61.27643398940563,-0.025120800361037254,0.03135693445801735,-0.024066077545285225,0.3234052070137997
2020-11-25,fold_6,COVID crash and V-recovery,-0.020349739119410515,-1,0.009172377176582813,1,-0.009172377176582813,0.17203578256157925,,,,0,-91.72377176582813,-0.029666300863027573,0.02664339542388916,-0.020349739119410515,0.5463967394333243
2020-11-27,fold_6,COVID crash and V-recovery,-0.016487805172801018,-1,0.0020377866458147764,1,-0.0020377866458147764,0.16999799591576448,,,,0,-20.377866458147764,-0.028634540736675262,0.02153753489255905,-0.016487805172801018,0.12379010218913579
2020-11-30,fold_6,COVID crash and V-recovery,-0.00808676891028881,-1,0.012735040858387947,1,-0.012735040858387947,0.15726295505737653,,,,0,-127.35040858387947,-0.019051669165492058,0.025146711617708206,-0.00808676891028881,0.825152095544987
2020-12-01,fold_6,COVID crash and V-recovery,-0.0022988785058259964,-1,0.0012840845156461,1,-0.0012840845156461,0.15597887054173043,,,,0,-12.840845156461,-0.012859918177127838,0.0157906636595726,-0.0022988785058259964,0.08186080873771634
2020-12-02,fold_6,COVID crash and V-recovery,0.006276838481426239,1,0.0014141055289655924,1,0.0014141055289655924,0.15739297607069602,,,,1,14.141055289655924,0.0015201643109321594,-0.008394548669457436,0.006276838481426239,0.09295420381384639
2020-12-03,fold_6,COVID crash and V-recovery,0.005043115466833115,1,0.004066517110913992,1,0.004066517110913992,0.16145949318161001,,,,1,40.66517110913992,-0.00714399479329586,-0.005801084917038679,0.005043115466833115,0.34847327562232994
2020-12-04,fold_6,COVID crash and V-recovery,0.002028554677963257,1,0.005646963603794575,1,0.005646963603794575,0.1671064567854046,,,,1,56.46963603794575,-0.006850380450487137,-0.012084580026566982,0.002028554677963257,0.5540372958545712
2020-12-07,fold_6,COVID crash and V-recovery,-0.00017855502665042877,-1,0.003378992434591055,1,-0.003378992434591055,0.16372746435081353,,,,0,-33.78992434591055,-0.006792124360799789,-0.010502398945391178,-0.00017855502665042877,0.329049495914118
2020-12-08,fold_6,COVID crash and V-recovery,-0.0003218613564968109,-1,-0.022901127114892006,-1,0.022901127114892006,0.18662859146570554,,,,1,229.01127114892006,-0.005479168146848679,-0.0032489225268363953,-0.0003218613564968109,-2.4882146420684146
2020-12-09,fold_6,COVID crash and V-recovery,-0.0014998335391283035,-1,0.004007569048553705,1,-0.004007569048553705,0.18262102241715183,,,,0,-40.07569048553705,0.00321011058986187,0.025136673822999,-0.0014998335391283035,0.4120471886712415
2020-12-10,fold_6,COVID crash and V-recovery,-0.009946638718247414,-1,-0.0022169779986143112,-1,0.0022169779986143112,0.18483800041576615,,,,1,22.169779986143112,0.003121938556432724,0.0276457741856575,-0.009946638718247414,-0.2632439802492302
2020-12-11,fold_6,COVID crash and V-recovery,-0.0006807539612054825,-1,0.007229145150631666,1,-0.007229145150631666,0.17760885526513448,,,,0,-72.29145150631666,0.004051269963383675,0.0268356055021286,-0.0006807539612054825,0.8636478044932318
2020-12-14,fold_6,COVID crash and V-recovery,-0.0031218919903039932,-1,0.01063246838748455,1,-0.01063246838748455,0.16697638687764993,,,,0,-106.3246838748455,-0.004915932193398476,0.017734089866280556,-0.0031218919903039932,1.2812665826263265
2020-12-15,fold_6,COVID crash and V-recovery,-0.0026419665664434433,-1,0.0054844701662659645,1,-0.0054844701662659645,0.16149191671138396,,,,0,-54.844701662659645,-0.004956230521202087,0.00981712993234396,-0.0026419665664434433,0.6486281134756449
2020-12-16,fold_6,COVID crash and V-recovery,0.004444712772965431,1,0.006516668945550919,1,0.006516668945550919,0.16800858565693488,,,,1,65.16668945550919,0.0008733980357646942,-0.0007163272821344435,0.004444712772965431,0.7653729375236511
2020-12-17,fold_6,COVID crash and V-recovery,0.005192084237933159,1,-0.0030271466821432114,-1,-0.0030271466821432114,0.16498143897479167,,,,0,-30.271466821432114,-0.0023267678916454315,-0.002830306999385357,0.005192084237933159,-0.3570831286606675
2020-12-18,fold_6,COVID crash and V-recovery,0.010215703397989273,1,-0.001872371882200241,-1,-0.001872371882200241,0.16310906709259143,,,,0,-18.72371882200241,-0.007794924080371857,0.010225623846054077,0.010215703397989273,-0.22493926581037224
2020-12-21,fold_6,COVID crash and V-recovery,0.007408445701003075,1,0.002715509617701173,1,0.002715509617701173,0.1658245767102926,,,,1,27.15509617701173,0.0013727415353059769,0.01299302838742733,0.007408445701003075,0.3314875297474319
2020-12-22,fold_6,COVID crash and V-recovery,0.008839543908834457,1,-0.005048987455666065,-1,-0.005048987455666065,0.16077558925462654,,,,0,-50.48987455666065,-0.0012016184628009796,0.010309210978448391,0.008839543908834457,-0.6146537584216499
2020-12-23,fold_6,COVID crash and V-recovery,0.003989160060882568,1,0.004402689635753632,1,0.004402689635753632,0.16517827889038017,,,,1,44.026896357536316,-0.006397554650902748,0.017815537750720978,0.003989160060882568,0.5731001337807812
2020-12-24,fold_6,COVID crash and V-recovery,0.0071293022483587265,1,0.010028784163296223,1,0.010028784163296223,0.1752070630536764,,,,1,100.28784163296223,-0.002433156594634056,-0.0008076458470895886,0.0071293022483587265,1.3156138038421608
2020-12-28,fold_6,COVID crash and V-recovery,0.004937438294291496,1,0.0008950326009653509,1,0.0008950326009653509,0.17610209565464174,,,,1,8.950326009653509,0.0021362528204917908,-0.0026263040490448475,0.004937438294291496,0.11659180941941093
2020-12-29,fold_6,COVID crash and V-recovery,0.0037524010986089706,1,3.169193587382324e-05,1,3.169193587382324e-05,0.17613378759051557,,,,1,0.3169193587382324,-0.0036484133452177048,-0.017470380291342735,0.0037524010986089706,0.004134245642294804
2020-12-30,fold_6,COVID crash and V-recovery,0.005223995074629784,1,0.0024573400150984526,1,0.0024573400150984526,0.17859112760561402,,,,1,24.573400150984526,-0.00018327683210372925,0.00640215864405036,0.005223995074629784,0.34526923346710536
2024-08-07,fold_7,"Inflation bear, AI rally and 2025",0.007274283096194267,1,0.030132297426462173,1,0.030132297426462173,0.030132297426462173,,,,1,301.32297426462173,0.008601458743214607,0.062326643615961075,0.007274283096194267,1.6506589822195037
2024-08-08,fold_7,"Inflation bear, AI rally and 2025",-0.009763600304722786,-1,0.005208965390920639,1,-0.005208965390920639,0.024923332035541534,,,,0,-52.08965390920639,-0.0058854613453149796,0.05714362487196922,-0.009763600304722786,0.2768349311927352
2024-08-09,fold_7,"Inflation bear, AI rally and 2025",-0.010500097647309303,-1,0.0021510969381779432,1,-0.0021510969381779432,0.02277223509736359,,,,0,-21.510969381779432,-0.0022854898124933243,0.05321963131427765,-0.010500097647309303,0.1143798882170997
2024-08-12,fold_7,"Inflation bear, AI rally and 2025",-0.0027783308178186417,-1,0.02450997196137905,1,-0.02450997196137905,-0.00173773686401546,,,,0,-245.0997196137905,-0.008380765095353127,0.06411891430616379,-0.0027783308178186417,1.303501943679819
2024-08-13,fold_7,"Inflation bear, AI rally and 2025",0.0012158602476119995,1,0.00032431332510896027,1,0.00032431332510896027,-0.0014134235389064997,,,,1,3.2431332510896027,-0.016523176804184914,0.03750813379883766,0.0012158602476119995,0.01655891126018704
2024-08-14,fold_7,"Inflation bear, AI rally and 2025",-0.0016720127314329147,-1,0.024949276819825172,1,-0.024949276819825172,-0.026362700358731672,,,,0,-249.49276819825172,-0.016915230080485344,0.041837096214294434,-0.0016720127314329147,1.3546411923098562
2024-08-15,fold_7,"Inflation bear, AI rally and 2025",-0.001230420544743538,-1,0.0012849696213379502,1,-0.0012849696213379502,-0.027647669980069622,,,,0,-12.849696213379502,-0.016467612236738205,0.0009060029406100512,-0.001230420544743538,0.0668740747706282
2024-08-16,fold_7,"Inflation bear, AI rally and 2025",0.0025388337671756744,1,0.0130503810942173,1,0.0130503810942173,-0.014597288885852322,,,,1,130.503810942173,-0.006340464577078819,0.010408023372292519,0.0025388337671756744,0.6827829402239022
2024-08-19,fold_7,"Inflation bear, AI rally and 2025",-0.002709103748202324,-1,-0.002100807148963213,-1,0.002100807148963213,-0.012496481736889109,,,,1,21.00807148963213,-0.020046044141054153,-0.012398049235343933,-0.002709103748202324,-0.11027773996348064
2024-08-20,fold_7,"Inflation bear, AI rally and 2025",0.00058702751994133,1,0.004653274081647396,1,0.004653274081647396,-0.007843207655241713,,,,1,46.53274081647396,-0.020502842962741852,-0.007314376067370176,0.00058702751994133,0.2444000893406978
2024-08-21,fold_7,"Inflation bear, AI rally and 2025",0.0019554775208234787,1,-0.01598181575536728,-1,-0.01598181575536728,-0.023825023410608992,,,,0,-159.8181575536728,-0.02005276270210743,-0.023379897698760033,0.0019554775208234787,-0.9275646245457356
2024-08-22,fold_7,"Inflation bear, AI rally and 2025",0.005381198599934578,1,0.010786990635097027,1,0.010786990635097027,-0.013038032775511965,,,,1,107.86990635097027,-0.002423880621790886,-0.008863111026585102,0.005381198599934578,0.6191949924164502
2024-08-23,fold_7,"Inflation bear, AI rally and 2025",0.004630576819181442,1,-0.009755691513419151,-1,-0.009755691513419151,-0.022793724288931116,,,,0,-97.55691513419151,-0.01729610748589039,-0.007801180239766836,0.004630576819181442,-0.559432470656507
2024-08-26,fold_7,"Inflation bear, AI rally and 2025",0.003591354936361313,1,0.0029828662518411875,1,0.0029828662518411875,-0.01981085803708993,,,,1,29.828662518411875,0.01758386753499508,-0.028876792639493942,0.003591354936361313,0.16978265810020524
2024-08-27,fold_7,"Inflation bear, AI rally and 2025",-0.0046447645872831345,-1,-0.011412248015403748,-1,0.011412248015403748,-0.008398610021686181,,,,1,114.12248015403748,-0.003685971722006798,-0.03446156159043312,-0.0046447645872831345,-0.659384942491126
2024-08-28,fold_7,"Inflation bear, AI rally and 2025",-0.0013840142637491226,-1,-0.0014650279190391302,-1,0.0014650279190391302,-0.006933582102647051,,,,1,14.650279190391302,0.011228775605559349,-0.02211609296500683,-0.0013840142637491226,-0.0902464387601881
2024-08-29,fold_7,"Inflation bear, AI rally and 2025",0.002869708463549614,1,0.011848920956254005,1,0.011848920956254005,0.004915338853606954,,,,1,118.48920956254005,0.008461138233542442,-0.04780372232198715,0.002869708463549614,0.7752877777932282
2024-08-30,fold_7,"Inflation bear, AI rally and 2025",0.012707773596048355,1,-0.03083130531013012,-1,-0.03083130531013012,-0.025915966456523165,,,,0,-308.3130531013012,-0.006831936538219452,-0.046875014901161194,0.012707773596048355,-2.118767250124786
2024-09-03,fold_7,"Inflation bear, AI rally and 2025",-0.005427738651633263,-1,-0.0026019022334367037,-1,0.0026019022334367037,-0.02331406422308646,,,,1,26.019022334367037,0.0004815608263015747,-0.006844343151897192,-0.005427738651633263,-0.17808602031578946
2024-09-04,fold_7,"Inflation bear, AI rally and 2025",0.0016450975090265274,1,0.0009332209010608494,1,0.0009332209010608494,-0.022380843322025612,,,,1,9.332209010608494,0.010820580646395683,0.017240503802895546,0.0016450975090265274,0.06450909024050137
2024-09-05,fold_7,"Inflation bear, AI rally and 2025",-0.005192512646317482,-1,-0.02715265564620495,-1,0.02715265564620495,0.004771812324179336,,,,1,271.5265564620495,-0.013641330413520336,0.026075517758727074,-0.005192512646317482,-1.9038919504433214
2024-09-06,fold_7,"Inflation bear, AI rally and 2025",0.01270703598856926,1,0.012777626514434814,1,0.012777626514434814,0.01754943883861415,,,,1,127.77626514434814,0.012103976681828499,0.05769813060760498,0.01270703598856926,0.9153524726053623
2024-09-09,fold_7,"Inflation bear, AI rally and 2025",0.005787041038274765,1,0.009199365973472595,1,0.009199365973472595,0.026748804812086746,,,,1,91.99365973472595,-0.013756075873970985,0.040492791682481766,0.005787041038274765,0.6477990684838638
2024-09-10,fold_7,"Inflation bear, AI rally and 2025",-0.007561111822724342,-1,0.02148294448852539,1,-0.02148294448852539,0.0052658603235613555,,,,0,-214.8294448852539,-0.013383801095187664,0.03182163089513779,-0.007561111822724342,1.4979981112463576
2024-09-11,fold_7,"Inflation bear, AI rally and 2025",0.004888724535703659,1,0.009768233634531498,1,0.009768233634531498,0.015034093958092853,,,,1,97.68233634531498,-0.0066129546612501144,0.005999751389026642,0.004888724535703659,0.6929635978910342
2024-09-12,fold_7,"Inflation bear, AI rally and 2025",0.007899792864918709,1,0.004469958133995533,1,0.004469958133995533,0.019504052092088386,,,,1,44.69958133995533,-0.010635362938046455,0.02120135724544525,0.007899792864918709,0.31336561528243373
2024-09-13,fold_7,"Inflation bear, AI rally and 2025",-0.0018821973353624344,-1,-0.004427712876349688,-1,0.004427712876349688,0.023931764968438074,,,,1,44.277128763496876,-0.013876650482416153,0.014826271682977676,-0.0018821973353624344,-0.3362951999478053
2024-09-16,fold_7,"Inflation bear, AI rally and 2025",0.0027125850319862366,1,0.0005282060010358691,1,0.0005282060010358691,0.024459970969473943,,,,1,5.282060010358691,-0.03435204178094864,0.021901145577430725,0.0027125850319862366,0.04001501336320814
2024-09-17,fold_7,"Inflation bear, AI rally and 2025",-0.005966631695628166,-1,-0.0043389336206018925,-1,0.0043389336206018925,0.028798904590075836,,,,1,43.389336206018925,-0.03128769248723984,0.026184871792793274,-0.005966631695628166,-0.33702704962507524
2024-09-18,fold_7,"Inflation bear, AI rally and 2025",-0.0016978923231363297,-1,0.024969838559627533,1,-0.024969838559627533,0.0038290660304483026,,,,0,-249.69838559627533,-0.028725018724799156,0.031450558453798294,-0.0016978923231363297,1.9353316350330982
2024-09-19,fold_7,"Inflation bear, AI rally and 2025",-0.003047129139304161,-1,-0.001905126846395433,-1,0.001905126846395433,0.005734192876843736,,,,1,19.05126846395433,-0.021717814728617668,0.013965615071356297,-0.003047129139304161,-0.13588783905280025
2024-09-20,fold_7,"Inflation bear, AI rally and 2025",0.001004338264465332,1,0.00264716031961143,1,0.00264716031961143,0.008381353196455166,,,,1,26.4716031961143,-0.02735317498445511,0.010298335924744606,0.001004338264465332,0.19516890485055438
2024-09-23,fold_7,"Inflation bear, AI rally and 2025",-0.002515288069844246,-1,0.004811933264136314,1,-0.004811933264136314,0.0035694199323188514,,,,0,-48.119332641363144,-0.035897646099328995,0.010359362699091434,-0.002515288069844246,0.3601650575373757
2024-09-24,fold_7,"Inflation bear, AI rally and 2025",-0.0008196067065000534,-1,0.000926753506064415,1,-0.000926753506064415,0.0026426664262544364,,,,0,-9.26753506064415,-0.030738459900021553,-0.00848300475627184,-0.0008196067065000534,0.07007636915393543
2024-09-25,fold_7,"Inflation bear, AI rally and 2025",0.0022010020911693573,1,0.007484894711524248,1,0.007484894711524248,0.010127561137778684,,,,1,74.84894711524248,-0.018984932452440262,-0.0079979058355093,0.0022010020911693573,0.5666209948426726
2024-09-26,fold_7,"Inflation bear, AI rally and 2025",0.010732080787420273,1,-0.005572405643761158,-1,-0.005572405643761158,0.0045551554940175265,,,,0,-55.72405643761158,-0.02030213363468647,-0.01623002626001835,0.010732080787420273,-0.42640010528638966
2024-09-27,fold_7,"Inflation bear, AI rally and 2025",0.018425358459353447,1,0.002708186861127615,1,0.002708186861127615,0.0072633423551451415,,,,1,27.08186861127615,0.0015428122133016586,0.0011703327763825655,0.018425358459353447,0.20635895787142886
2024-09-30,fold_7,"Inflation bear, AI rally and 2025",0.015030640177428722,1,-0.01403043419122696,-1,-0.01403043419122696,-0.006767091836081818,,,,0,-140.3043419122696,0.0075490716844797134,-0.01230729091912508,0.015030640177428722,-1.0903610458416224
2024-10-01,fold_7,"Inflation bear, AI rally and 2025",0.004849771037697792,1,0.0014118520775809884,1,0.0014118520775809884,-0.005355239758500829,,,,1,14.118520775809884,-0.013527773320674896,0.01654731296002865,0.004849771037697792,0.12484405696456018
2024-10-02,fold_7,"Inflation bear, AI rally and 2025",-0.0033193733543157578,-1,-0.0007472253055311739,-1,0.0007472253055311739,-0.004608014452969655,,,,1,7.4722530553117394,-0.0005983393639326096,0.022973094135522842,-0.0033193733543157578,-0.06613572954546378
2024-10-03,fold_7,"Inflation bear, AI rally and 2025",-0.024225829169154167,-1,0.011827953159809113,1,-0.011827953159809113,-0.016435967612778768,,,,0,-118.27953159809113,-0.051132380962371826,0.022584062069654465,-0.024225829169154167,1.0469375004229724
2024-10-04,fold_7,"Inflation bear, AI rally and 2025",-0.023161666467785835,-1,-0.010769437067210674,-1,0.010769437067210674,-0.005666530545568094,,,,1,107.69437067210674,-0.024840906262397766,0.012317989021539688,-0.023161666467785835,-1.0891617760661183
2024-10-07,fold_7,"Inflation bear, AI rally and 2025",-0.028126956894993782,-1,0.014824170619249344,1,-0.014824170619249344,-0.020490701164817438,,,,0,-148.24170619249344,-0.03061133250594139,0.03144397586584091,-0.028126956894993782,1.5176988523165102
2024-10-08,fold_7,"Inflation bear, AI rally and 2025",-0.020180685445666313,-1,0.007837631739675999,1,-0.007837631739675999,-0.028328332904493436,,,,0,-78.37631739675999,0.01766941137611866,0.0031628955621272326,-0.020180685445666313,0.7754292898477891
2024-10-09,fold_7,"Inflation bear, AI rally and 2025",-7.325969636440277e-05,-1,-0.0011362562654539943,-1,0.0011362562654539943,-0.027192076639039442,,,,1,11.362562654539943,0.02792256884276867,-0.004552541300654411,-7.325969636440277e-05,-0.1253588476074635
2024-10-10,fold_7,"Inflation bear, AI rally and 2025",-9.853392839431763e-07,-1,0.001561879413202405,1,-0.001561879413202405,-0.028753956052241847,,,,0,-15.61879413202405,0.03285037726163864,-0.0027240037452429533,-9.853392839431763e-07,0.17747454318489056
2024-10-11,fold_7,"Inflation bear, AI rally and 2025",-0.012017251923680305,-1,0.008356551639735699,1,-0.008356551639735699,-0.037110507691977546,,,,0,-83.56551639735699,0.02814861200749874,0.002247402211651206,-0.012017251923680305,0.9549677424647902
2024-10-14,fold_7,"Inflation bear, AI rally and 2025",-0.003799712285399437,-1,-0.013456911779940128,-1,0.013456911779940128,-0.023653595912037417,,,,1,134.56911779940128,0.02208646945655346,-0.004189664032310247,-0.003799712285399437,-1.5132110812818254
2024-10-15,fold_7,"Inflation bear, AI rally and 2025",0.00512276217341423,1,0.0001221949642058462,1,0.0001221949642058462,-0.02353140094783157,,,,1,1.221949642058462,0.03586602210998535,0.010356641374528408,0.00512276217341423,0.013016782504661328
2024-10-16,fold_7,"Inflation bear, AI rally and 2025",0.00017329491674900055,1,0.0006922814645804465,1,0.0006922814645804465,-0.022839119483251125,,,,1,6.922814645804465,0.03567274659872055,-0.005208073649555445,0.00017329491674900055,0.07414180294465159
2024-10-17,fold_7,"Inflation bear, AI rally and 2025",0.008510816842317581,1,0.006533285602927208,1,0.006533285602927208,-0.016305833880323917,,,,1,65.33285602927208,0.0328340008854866,0.002175822388380766,0.008510816842317581,0.8727836942491176
2024-10-18,fold_7,"Inflation bear, AI rally and 2025",-0.003377063199877739,-1,0.0019194857450202107,1,-0.0019194857450202107,-0.018225319625344127,,,,0,-19.194857450202107,0.03191795200109482,0.0017176733817905188,-0.003377063199877739,0.2520701414263569
2024-10-21,fold_7,"Inflation bear, AI rally and 2025",0.006522642448544502,1,0.0010893935104832053,1,0.0010893935104832053,-0.017135926114860922,,,,1,10.893935104832053,0.024385062977671623,-4.0421302401227877e-05,0.006522642448544502,0.1432664185763382
2024-10-22,fold_7,"Inflation bear, AI rally and 2025",0.0015786755830049515,1,-0.015442520380020142,-1,-0.015442520380020142,-0.032578446494881064,,,,0,-154.42520380020142,0.018768558278679848,0.008432736620306969,0.0015786755830049515,-2.05041872134211
2024-10-23,fold_7,"Inflation bear, AI rally and 2025",0.007949182763695717,1,0.008076177909970284,1,0.008076177909970284,-0.02450226858491078,,,,1,80.76177909970284,0.010360529646277428,0.016289012506604195,0.007949182763695717,0.975069619641989
2024-10-24,fold_7,"Inflation bear, AI rally and 2025",-0.006597092375159264,-1,0.006075136363506317,1,-0.006075136363506317,-0.030577404948417097,,,,0,-60.75136363506317,-0.0020176898688077927,-0.01735398918390274,-0.006597092375159264,0.7310287339358255
2024-10-25,fold_7,"Inflation bear, AI rally and 2025",-0.0019375961273908615,-1,0.00016139104263857007,1,-0.00016139104263857007,-0.030738795991055667,,,,0,-1.6139104263857007,-0.00977114588022232,-0.016057491302490234,-0.0019375961273908615,0.019379350634746075
2024-10-28,fold_7,"Inflation bear, AI rally and 2025",-0.018044019117951393,-1,0.00956255104392767,1,-0.00956255104392767,-0.04030134703498334,,,,0,-95.6255104392767,0.007205093279480934,-0.019136182963848114,-0.018044019117951393,1.1512792631994628
2024-10-29,fold_7,"Inflation bear, AI rally and 2025",-0.00443713553249836,-1,-0.007586243096739054,-1,0.007586243096739054,-0.03271510393824428,,,,1,75.86243096739054,0.009315764531493187,-0.016022659838199615,-0.00443713553249836,-0.9503655323814653
2024-10-30,fold_7,"Inflation bear, AI rally and 2025",-0.0014925245195627213,-1,-0.02556682378053665,-1,0.02556682378053665,-0.007148280157707632,,,,1,255.66823780536652,0.019321048632264137,0.018364498391747475,-0.0014925245195627213,-3.135267415563969
2024-10-31,fold_7,"Inflation bear, AI rally and 2025",0.0006589032709598541,1,0.007371632847934961,1,0.007371632847934961,0.00022335269022732973,,,,1,73.71632847934961,0.005047710612416267,0.05955290049314499,0.0006589032709598541,0.7403067553257175
2024-11-01,fold_7,"Inflation bear, AI rally and 2025",0.007087992504239082,1,-0.0029172992799431086,-1,-0.0029172992799431086,-0.002693946589715779,,,,0,-29.172992799431086,-0.01923961564898491,0.05334897339344025,0.007087992504239082,-0.29950634869518994
2024-11-04,fold_7,"Inflation bear, AI rally and 2025",0.0008866768330335617,1,0.012676074169576168,1,0.012676074169576168,0.00998212757986039,,,,1,126.76074169576168,-0.03721693530678749,0.055682770907878876,0.0008866768330335617,1.3398945483494553
2024-11-05,fold_7,"Inflation bear, AI rally and 2025",-0.007877497002482414,-1,0.026800915598869324,1,-0.026800915598869324,-0.016818788019008934,,,,0,-268.00915598869324,-0.03315921872854233,0.04119488596916199,-0.007877497002482414,2.8808626073089583
2024-11-06,fold_7,"Inflation bear, AI rally and 2025",-0.008618863299489021,-1,0.015621576458215714,1,-0.015621576458215714,-0.03244036447722465,,,,0,-156.21576458215714,-0.007058264687657356,0.01310655102133751,-0.008618863299489021,1.4296840550942842
2024-11-07,fold_7,"Inflation bear, AI rally and 2025",-0.008320702239871025,-1,0.0011677085421979427,1,-0.0011677085421979427,-0.03360807301942259,,,,0,-11.677085421979427,0.0009187180548906326,-0.00948903989046812,-0.008320702239871025,0.10181834569816123
2024-11-08,fold_7,"Inflation bear, AI rally and 2025",-0.004059227183461189,-1,-0.0005835042102262378,-1,0.0005835042102262378,-0.03302456880919635,,,,1,5.835042102262378,0.004084745422005653,-0.034771133214235306,-0.004059227183461189,-0.05088905969453027
2024-11-11,fold_7,"Inflation bear, AI rally and 2025",-0.007071962580084801,-1,-0.0018118094885721803,-1,0.0018118094885721803,-0.031212759320624173,,,,1,18.118094885721803,0.013670733198523521,-0.02726396732032299,-0.007071962580084801,-0.16014334393689053
2024-11-12,fold_7,"Inflation bear, AI rally and 2025",-0.008634814992547035,-1,-0.0012874208623543382,-1,0.0012874208623543382,-0.029925338458269835,,,,1,12.874208623543382,0.01611284352838993,-0.018596025183796883,-0.008634814992547035,-0.11796369941144873
2024-11-13,fold_7,"Inflation bear, AI rally and 2025",-0.007903734222054482,-1,-0.006974013987928629,-1,0.006974013987928629,-0.022951324470341206,,,,1,69.74013987928629,0.007585493847727776,-0.01788480579853058,-0.007903734222054482,-0.6387942340020782
2024-11-14,fold_7,"Inflation bear, AI rally and 2025",-0.013503560796380043,-1,-0.02411438338458538,-1,0.02411438338458538,0.001163058914244175,,,,1,241.1438338458538,0.0070690009742975235,-0.00732002779841423,-0.013503560796380043,-2.1868111876517204
2024-11-15,fold_7,"Inflation bear, AI rally and 2025",0.01391167938709259,1,0.006923658773303032,1,0.006923658773303032,0.008086717687547207,,,,1,69.23658773303032,-0.013240298256278038,0.018397189676761627,0.01391167938709259,0.5680860031384004
2024-11-18,fold_7,"Inflation bear, AI rally and 2025",0.0013790056109428406,1,0.006856133230030537,1,0.006856133230030537,0.014942850917577744,,,,1,68.56133230030537,-0.03506641462445259,0.01305388379842043,0.0013790056109428406,0.558401971919163
2024-11-19,fold_7,"Inflation bear, AI rally and 2025",-0.0042570773512125015,-1,-0.0005762007203884423,-1,0.0005762007203884423,0.015519051637966186,,,,1,5.762007203884423,-0.034258585423231125,0.01155262440443039,-0.0042570773512125015,-0.046576442710721276
2024-11-20,fold_7,"Inflation bear, AI rally and 2025",-0.009909676387906075,-1,0.0035907637793570757,1,-0.0035907637793570757,0.01192828785860911,,,,0,-35.90763779357076,-0.016700392588973045,0.0042242552153766155,-0.009909676387906075,0.30225052300490235
2024-11-21,fold_7,"Inflation bear, AI rally and 2025",-0.02527773566544056,-1,0.0016028343234211206,1,-0.0016028343234211206,0.01032545353518799,,,,0,-16.028343234211206,-0.0010720845311880112,0.00938198808580637,-0.02527773566544056,0.1361859766994263
2024-11-22,fold_7,"Inflation bear, AI rally and 2025",0.00028816796839237213,1,0.0015803531277924776,1,0.0015803531277924776,0.011905806662980467,,,,1,15.803531277924776,-0.0008755084127187729,0.01860809698700905,0.00028816796839237213,0.13511581519797833
2024-11-25,fold_7,"Inflation bear, AI rally and 2025",-0.0007720794528722763,-1,0.0053548733703792095,1,-0.0053548733703792095,0.0065509332926012576,,,,0,-53.548733703792095,0.008411439135670662,0.020089376717805862,-0.0007720794528722763,0.457620211764222
2024-11-26,fold_7,"Inflation bear, AI rally and 2025",-0.0066692885011434555,-1,-0.007904569618403912,-1,0.007904569618403912,0.01445550291100517,,,,1,79.04569618403912,0.0014690011739730835,0.027021605521440506,-0.0066692885011434555,-0.6833908702918953
2024-11-27,fold_7,"Inflation bear, AI rally and 2025",-0.0029604341834783554,-1,0.008748495951294899,1,-0.008748495951294899,0.00570700695971027,,,,0,-87.48495951294899,0.011194517835974693,0.03215114027261734,-0.0029604341834783554,0.7556567176370566
2024-11-29,fold_7,"Inflation bear, AI rally and 2025",0.015219328925013542,1,0.010828942991793156,1,0.010828942991793156,0.016535949951503426,,,,1,108.28942991793156,0.01182066835463047,0.03231269493699074,0.015219328925013542,1.055899376910174
2024-12-02,fold_7,"Inflation bear, AI rally and 2025",0.013102257624268532,1,0.003061633324250579,1,0.003061633324250579,0.019597583275754005,,,,1,30.61633324250579,-0.00016118958592414856,0.013665560632944107,0.013102257624268532,0.29416382393420215
2024-12-03,fold_7,"Inflation bear, AI rally and 2025",0.00515800341963768,1,0.01228710263967514,1,0.01228710263967514,0.031884685915429145,,,,1,122.8710263967514,-0.006753450259566307,0.007190646603703499,0.00515800341963768,1.180318253081192
2024-12-04,fold_7,"Inflation bear, AI rally and 2025",-0.00016911327838897705,-1,-0.0027750355657190084,-1,0.0027750355657190084,0.034659721481148154,,,,1,27.750355657190084,-0.004472382366657257,0.012647631578147411,-0.00016911327838897705,-0.2671733985316268
2024-12-05,fold_7,"Inflation bear, AI rally and 2025",-0.005048142746090889,-1,0.008910051546990871,1,-0.008910051546990871,0.025749669934157282,,,,0,-89.10051546990871,-0.015933020040392876,0.008947910740971565,-0.005048142746090889,1.0474948066388639
2024-12-06,fold_7,"Inflation bear, AI rally and 2025",-9.046308696269989e-05,-1,-0.007818191312253475,-1,0.007818191312253475,0.03356786124641076,,,,1,78.18191312253475,-0.009704645723104477,0.007663036696612835,-9.046308696269989e-05,-0.9763530416449152
2024-12-09,fold_7,"Inflation bear, AI rally and 2025",0.0008865799754858017,1,-0.0034132804721593857,-1,-0.0034132804721593857,0.03015458077425137,,,,0,-34.13280472159386,-0.006618872284889221,0.029779212549328804,0.0008865799754858017,-0.41666036610704454
2024-12-10,fold_7,"Inflation bear, AI rally and 2025",0.0008955784142017365,1,0.017744088545441628,1,0.017744088545441628,0.047898669319693,,,,1,177.44088545441628,-0.006346350535750389,0.028778880834579468,0.0008955784142017365,2.1569583437642637
2024-12-11,fold_7,"Inflation bear, AI rally and 2025",-0.006420833989977837,-1,-0.006474756635725498,-1,0.006474756635725498,0.0543734259554185,,,,1,64.74756635725498,-0.020048025995492935,-0.025708824396133423,-0.006420833989977837,-0.7096169509710132
2024-12-12,fold_7,"Inflation bear, AI rally and 2025",-0.010819459334015846,-1,0.007625177036970854,1,-0.007625177036970854,0.046748248918447644,,,,0,-76.25177036970854,-0.013531585223972797,-0.023697493597865105,-0.010819459334015846,0.8257751735954242
2024-12-13,fold_7,"Inflation bear, AI rally and 2025",-0.0066119711846113205,-1,0.01429798360913992,1,-0.01429798360913992,0.032450265309307724,,,,0,-142.9798360913992,-0.020057793706655502,-0.022628068923950195,-0.0066119711846113205,1.5441146298969766
2024-12-16,fold_7,"Inflation bear, AI rally and 2025",-0.0141212847083807,-1,-0.004413610324263573,-1,0.004413610324263573,0.0368638756335713,,,,1,44.13610324263573,-0.02376566454768181,-0.02723037078976631,-0.0141212847083807,-0.5396602766272658
2024-12-17,fold_7,"Inflation bear, AI rally and 2025",-0.007700284942984581,-1,-0.03674361854791641,-1,0.03674361854791641,0.07360749418148771,,,,1,367.4361854791641,-0.014949166215956211,-0.00934807863086462,-0.007700284942984581,-4.541270883179465
2024-12-18,fold_7,"Inflation bear, AI rally and 2025",0.007829688489437103,1,-0.004463426768779755,-1,-0.004463426768779755,0.06914406741270795,,,,0,-44.634267687797546,-0.007894963026046753,0.026716021820902824,0.007829688489437103,-0.39053926853043847
2024-12-19,fold_7,"Inflation bear, AI rally and 2025",0.0021964404731988907,1,0.00869460217654705,1,0.00869460217654705,0.077838669589255,,,,1,86.9460217654705,-0.019511118531227112,0.017797116190195084,0.0021964404731988907,0.7579205871356646
2024-12-20,fold_7,"Inflation bear, AI rally and 2025",-0.0004966426640748978,-1,0.009695682674646378,1,-0.009695682674646378,0.06814298691460863,,,,0,-96.95682674646378,-0.011834215372800827,-0.004286685958504677,-0.0004966426640748978,0.8352949709807537
2024-12-23,fold_7,"Inflation bear, AI rally and 2025",-0.0009562503546476364,-1,0.013468680903315544,1,-0.013468680903315544,0.05467430601129308,,,,0,-134.68680903315544,-0.01184998732060194,-0.02251328155398369,-0.0009562503546476364,1.1411439948871818
2024-12-24,fold_7,"Inflation bear, AI rally and 2025",0.0003077462315559387,1,-0.000679517223034054,-1,-0.000679517223034054,0.05399478878825903,,,,0,-6.79517223034054,-0.02080768533051014,-0.03793996945023537,0.0003077462315559387,-0.05580862951838488
2024-12-26,fold_7,"Inflation bear, AI rally and 2025",-0.013265235349535942,-1,-0.01338233333081007,-1,0.01338233333081007,0.0673771221190691,,,,1,133.8233333081007,0.0009430944919586182,-0.02102765068411827,-0.013265235349535942,-1.104355311002339
2024-12-27,fold_7,"Inflation bear, AI rally and 2025",-0.015646157786250114,-1,-0.013389199040830135,-1,0.013389199040830135,0.08076632115989923,,,,1,133.89199040830135,0.0034840013831853867,0.0037819980643689632,-0.015646157786250114,-1.0836190505276386
2024-12-30,fold_7,"Inflation bear, AI rally and 2025",-0.009835811331868172,-1,-0.008530912920832634,-1,0.008530912920832634,0.08929723408073187,,,,1,85.30912920832634,-0.001910623162984848,-0.0008342231158167124,-0.009835811331868172,-0.6790967534261981
2024-12-31,fold_7,"Inflation bear, AI rally and 2025",0.0022939257323741913,1,-0.001958006527274847,-1,-0.001958006527274847,0.08733922755345702,,,,0,-19.58006527274847,-0.023339467123150826,0.007871338166296482,0.0022939257323741913,-0.15697591873959477
2025-01-02,fold_7,"Inflation bear, AI rally and 2025",-0.014258058741688728,-1,0.016232801601290703,1,-0.016232801601290703,0.07110642595216632,,,,0,-162.32801601290703,-0.040465522557497025,-0.005975963082164526,-0.014258058741688728,1.302564693849145
2025-01-03,fold_7,"Inflation bear, AI rally and 2025",-0.024597292765975,-1,0.011427314952015877,1,-0.011427314952015877,0.05967911100015044,,,,0,-114.27314952015877,-0.010724453255534172,-0.025427700951695442,-0.024597292765975,0.9007871628095191
2025-01-06,fold_7,"Inflation bear, AI rally and 2025",-0.02367945946753025,-1,-0.01800542138516903,-1,0.01800542138516903,0.07768453238531947,,,,1,180.0542138516903,0.0014761444181203842,-0.037804875522851944,-0.02367945946753025,-1.3929812999224083
2025-01-07,fold_7,"Inflation bear, AI rally and 2025",-0.029079942032694817,-1,0.00017464857955928892,1,-0.00017464857955928892,0.07750988380576018,,,,0,-1.7464857955928892,0.0036724302917718887,0.0029459847137331963,-0.029079942032694817,0.013042302412667819
2025-01-08,fold_7,"Inflation bear, AI rally and 2025",-0.027869662269949913,-1,-0.015805307775735855,-1,0.015805307775735855,0.09331519158149604,,,,1,158.05307775735855,0.01845437102019787,-0.004259203560650349,-0.027869662269949913,-1.1904829162064468
2025-01-10,fold_7,"Inflation bear, AI rally and 2025",-0.010933050885796547,-1,-0.0032189367339015007,-1,0.0032189367339015007,0.09653412831539754,,,,1,32.18936733901501,-0.007548989728093147,0.028283799067139626,-0.010933050885796547,-0.23465888856546038
2025-01-13,fold_7,"Inflation bear, AI rally and 2025",-0.0049584489315748215,-1,-0.0009498588042333722,-1,0.0009498588042333722,0.09748398711963091,,,,1,9.498588042333722,0.009141938760876656,0.03735056519508362,-0.0049584489315748215,-0.07222777190658458
2025-01-14,fold_7,"Inflation bear, AI rally and 2025",-0.000635216012597084,-1,0.022745439782738686,1,-0.022745439782738686,0.07473854733689222,,,,0,-227.45439782738686,-0.0006335806101560593,0.05100506544113159,-0.000635216012597084,1.7399232613692317
2025-01-15,fold_7,"Inflation bear, AI rally and 2025",-0.02864113263785839,-1,-0.007030539680272341,-1,0.007030539680272341,0.08176908701716457,,,,1,70.30539680272341,0.005156377330422401,0.030383583158254623,-0.02864113263785839,-0.5049517597581288
2025-01-16,fold_7,"Inflation bear, AI rally and 2025",-0.03923497349023819,-1,0.016737693920731544,1,-0.016737693920731544,0.06503139309643302,,,,0,-167.37693920731544,0.018888304010033607,0.03174690529704094,-0.03923497349023819,1.2269209099107852
2025-01-17,fold_7,"Inflation bear, AI rally and 2025",0.0028328392654657364,1,0.005847829394042492,1,0.005847829394042492,0.07087922249047551,,,,1,58.47829394042492,0.021874340251088142,-0.014537647366523743,0.0028328392654657364,0.4143973905147078
2025-01-21,fold_7,"Inflation bear, AI rally and 2025",-0.0017509516328573227,-1,0.012704640626907349,1,-0.012704640626907349,0.058174581863568164,,,,0,-127.04640626907349,-0.013853547163307667,-0.005713867023587227,-0.0017509516328573227,1.100211193259038
2025-01-22,fold_7,"Inflation bear, AI rally and 2025",-0.0015952792018651962,-1,0.0021239574998617172,1,-0.0021239574998617172,0.05605062436370645,,,,0,-21.239574998617172,-0.009864557534456253,-0.02029821276664734,-0.0015952792018651962,0.1792397771662967
2025-01-23,fold_7,"Inflation bear, AI rally and 2025",0.0020661260932683945,1,-0.005667216144502163,-1,-0.005667216144502163,0.050383408219204284,,,,0,-56.67216144502163,-0.005747821182012558,-0.018168844282627106,0.0020661260932683945,-0.4844238379339672
2025-01-24,fold_7,"Inflation bear, AI rally and 2025",0.002946777269244194,1,-0.029546858742833138,-1,-0.029546858742833138,0.020836549476371147,,,,0,-295.4685874283314,0.00240989588201046,-0.013955770991742611,0.002946777269244194,-2.554659461653467
2025-01-27,fold_7,"Inflation bear, AI rally and 2025",0.03537999093532562,1,0.014671609736979008,1,0.014671609736979008,0.035508159213350154,,,,1,146.71609736979008,0.03570646047592163,0.007555878255516291,0.03537999093532562,1.1307622690069064
2025-01-28,fold_7,"Inflation bear, AI rally and 2025",0.01950787752866745,1,-0.0018797048833221197,-1,-0.0018797048833221197,0.033628454330028035,,,,0,-18.797048833221197,0.016516132280230522,0.00508470181375742,0.01950787752866745,-0.14046057405372117
2025-01-29,fold_7,"Inflation bear, AI rally and 2025",0.004987576976418495,1,0.004253325052559376,1,0.004253325052559376,0.03788177938258741,,,,1,42.53325052559376,0.00857924111187458,0.011492137797176838,0.004987576976418495,0.3259162506482828
2025-01-30,fold_7,"Inflation bear, AI rally and 2025",0.0074826497584581375,1,-0.0014541425043717027,-1,-0.0014541425043717027,0.03642763687821571,,,,0,-14.541425043717027,0.007441634312272072,0.01244503352791071,0.0074826497584581375,-0.11415912596668515
2025-01-31,fold_7,"Inflation bear, AI rally and 2025",-0.00015525706112384796,-1,-0.008035209029912949,-1,0.008035209029912949,0.044462845908128656,,,,1,80.35209029912949,-0.00016684271395206451,0.0012055110419169068,-0.00015525706112384796,-0.6377956415929221
2025-02-03,fold_7,"Inflation bear, AI rally and 2025",-0.030260564759373665,-1,0.01220043282955885,1,-0.01220043282955885,0.03226241307856981,,,,0,-122.0043282955885,-0.007854752242565155,0.021273206919431686,-0.030260564759373665,0.9592780334475167
2025-02-04,fold_7,"Inflation bear, AI rally and 2025",-0.0010234694927930832,-1,0.004527731332927942,1,-0.004527731332927942,0.027734681745641865,,,,0,-45.27731332927942,-0.024189891293644905,0.006689184810966253,-0.0010234694927930832,0.36248105051066565
2025-02-05,fold_7,"Inflation bear, AI rally and 2025",-0.0012339744716882706,-1,0.00520622031763196,1,-0.00520622031763196,0.022528461428009905,,,,0,-52.0622031763196,-0.0015349127352237701,0.0027484078891575336,-0.0012339744716882706,0.424351776164534
2025-02-06,fold_7,"Inflation bear, AI rally and 2025",0.00018810108304023743,1,-0.01269366405904293,-1,-0.01269366405904293,0.009834797368966974,,,,0,-126.9366405904293,-0.0015262141823768616,0.011825453490018845,0.00018810108304023743,-1.0898155390432156
2025-02-07,fold_7,"Inflation bear, AI rally and 2025",-0.010564098134636879,-1,0.012032486498355865,1,-0.012032486498355865,-0.002197689129388891,,,,0,-120.32486498355865,0.005268516018986702,0.028708897531032562,-0.010564098134636879,1.0036834697670374
2025-02-10,fold_7,"Inflation bear, AI rally and 2025",-0.010327285155653954,-1,-0.002383588580414653,-1,0.002383588580414653,0.00018589945102576166,,,,1,23.83588580414653,-0.016044985502958298,0.018940920010209084,-0.010327285155653954,-0.20256088020514224
2025-02-11,fold_7,"Inflation bear, AI rally and 2025",-0.018128549680113792,-1,0.0005869545857422054,1,-0.0005869545857422054,-0.0004010551347164437,,,,0,-5.869545857422054,-0.013911297544836998,0.021602557972073555,-0.018128549680113792,0.04992246657520241
2025-02-12,fold_7,"Inflation bear, AI rally and 2025",-0.024420076981186867,-1,0.014283265918493271,1,-0.014283265918493271,-0.014684321053209715,,,,0,-142.8326591849327,-0.02490871399641037,0.016762059181928635,-0.024420076981186867,1.2149625157575195
2025-02-13,fold_7,"Inflation bear, AI rally and 2025",-0.007921485230326653,-1,0.004189779050648212,1,-0.004189779050648212,-0.018874100103857927,,,,0,-41.897790506482124,-0.015904013067483902,-0.01849435083568096,-0.007921485230326653,0.3784886720745663
2025-02-14,fold_7,"Inflation bear, AI rally and 2025",0.0052957311272621155,1,0.002264508744701743,1,0.002264508744701743,-0.016609591359156184,,,,1,22.64508744701743,-0.0038619302213191986,-0.034558553248643875,0.0052957311272621155,0.20591048791693217
2025-02-18,fold_7,"Inflation bear, AI rally and 2025",0.0002382267266511917,1,0.0002780499344225973,1,0.0002780499344225973,-0.016331541424733587,,,,1,2.780499344225973,-0.016907036304473877,-0.049502383917570114,0.0002382267266511917,0.02685567236901609
2025-02-19,fold_7,"Inflation bear, AI rally and 2025",0.0014548450708389282,1,-0.00425354391336441,-1,-0.00425354391336441,-0.020585085338097997,,,,0,-42.535439133644104,-0.016298074275255203,-0.04736772179603577,0.0014548450708389282,-0.4141406173823227
2025-02-20,fold_7,"Inflation bear, AI rally and 2025",-0.0013086888939142227,-1,-0.020973144099116325,-1,0.020973144099116325,0.00038805876101832837,,,,1,209.73144099116325,-0.020812468603253365,-0.07127831876277924,-0.0013086888939142227,-2.115124717352403
2025-02-21,fold_7,"Inflation bear, AI rally and 2025",-0.012996388599276543,-1,-0.011874424293637276,-1,0.011874424293637276,0.012262483054655604,,,,1,118.74424293637276,-0.0013497155159711838,-0.03463706746697426,-0.012996388599276543,-1.083570530091159
2025-02-24,fold_7,"Inflation bear, AI rally and 2025",-0.007050381973385811,-1,-0.012679321691393852,-1,0.012679321691393852,0.024941804746049456,,,,1,126.79321691393852,-0.015909506008028984,-0.04488817974925041,-0.007050381973385811,-1.1316524071712148
2025-02-25,fold_7,"Inflation bear, AI rally and 2025",0.004250053316354752,1,0.002412711502984166,1,0.002412711502984166,0.027354516249033622,,,,1,24.12711502984166,0.0030503030866384506,-0.035231202840805054,0.004250053316354752,0.2544313760054517
2025-02-26,fold_7,"Inflation bear, AI rally and 2025",0.0045774951577186584,1,-0.02816414088010788,-1,-0.02816414088010788,-0.0008096246310742572,,,,0,-281.6414088010788,-0.0003366433084011078,-0.02469206415116787,0.0045774951577186584,-3.1597074203238327
2025-02-27,fold_7,"Inflation bear, AI rally and 2025",0.00855756364762783,1,0.015668107196688652,1,0.015668107196688652,0.014858482565614395,,,,1,156.68107196688652,-0.0012520626187324524,-0.02442282810807228,0.00855756364762783,1.436683933453293
2025-02-28,fold_7,"Inflation bear, AI rally and 2025",-0.001709895208477974,-1,-0.02212553843855858,-1,0.02212553843855858,0.03698402100417297,,,,1,221.25538438558578,0.00505434162914753,-0.0327642448246479,-0.001709895208477974,-1.9382641638574425
2025-03-03,fold_7,"Inflation bear, AI rally and 2025",0.01560007594525814,1,-0.0030223436187952757,-1,-0.0030223436187952757,0.0339616773853777,,,,0,-30.223436187952757,0.02506754733622074,-0.05016609653830528,0.01560007594525814,-0.2430142505803539
2025-03-04,fold_7,"Inflation bear, AI rally and 2025",0.006328446790575981,1,0.012951849959790707,1,0.012951849959790707,0.046913527345168404,,,,1,129.51849959790707,0.023822301998734474,-0.04953701049089432,0.006328446790575981,1.0508624067943906
2025-03-05,fold_7,"Inflation bear, AI rally and 2025",0.001364259049296379,1,-0.02789490483701229,-1,-0.02789490483701229,0.019018622508156113,,,,0,-278.9490483701229,-0.005189999938011169,-0.05127124860882759,0.001364259049296379,-2.2562760531011747
2025-03-06,fold_7,"Inflation bear, AI rally and 2025",0.03244816139340401,1,0.007326692808419466,1,0.007326692808419466,0.02634531531657558,,,,1,73.26692808419466,0.04807642847299576,-0.04153061285614967,0.03244816139340401,0.530514293447537
2025-03-07,fold_7,"Inflation bear, AI rally and 2025",0.017928410321474075,1,-0.039527393877506256,-1,-0.039527393877506256,-0.013182078560930677,,,,0,-395.27393877506256,0.03384600579738617,-0.024974392727017403,0.017928410321474075,-2.8521982387636458
2025-03-10,fold_7,"Inflation bear, AI rally and 2025",0.021931320428848267,1,-0.002393258037045598,-1,-0.002393258037045598,-0.015575336597976275,,,,0,-23.93258037045598,0.03571078181266785,0.021015793085098267,0.021931320428848267,-0.14782092154955517
2025-03-11,fold_7,"Inflation bear, AI rally and 2025",0.022004004567861557,1,0.011217612773180008,1,0.011217612773180008,-0.004357723824796267,,,,1,112.17612773180008,0.02753647230565548,0.0062147388234734535,0.022004004567861557,0.7022379003606621
2025-03-12,fold_7,"Inflation bear, AI rally and 2025",-0.0010198671370744705,-1,-0.018154267221689224,-1,0.018154267221689224,0.013796543396892957,,,,1,181.54267221689224,-0.002833448350429535,0.008289692923426628,-0.0010198671370744705,-1.1233351275181127
2025-03-13,fold_7,"Inflation bear, AI rally and 2025",-0.00046623125672340393,-1,0.0238829106092453,1,-0.0238829106092453,-0.010086367212352343,,,,0,-238.829106092453,0.023288575932383537,0.023048678413033485,-0.00046623125672340393,1.433327728065527
2025-03-14,fold_7,"Inflation bear, AI rally and 2025",-0.016042688861489296,-1,0.006462794728577137,1,-0.006462794728577137,-0.01654916194092948,,,,0,-64.62794728577137,-0.003224065527319908,0.002457075286656618,-0.016042688861489296,0.3756676896084284
2025-03-17,fold_7,"Inflation bear, AI rally and 2025",-0.026106717064976692,-1,-0.017194312065839767,-1,0.017194312065839767,0.0006451501249102876,,,,1,171.94312065839767,-0.008342625573277473,0.017701327800750732,-0.026106717064976692,-0.997428633637089
2025-03-18,fold_7,"Inflation bear, AI rally and 2025",-0.00288582406938076,-1,0.013292566873133183,1,-0.013292566873133183,-0.012647416748222895,,,,0,-132.92566873133183,0.024970123544335365,0.040585990995168686,-0.00288582406938076,0.7529097085664618
2025-03-19,fold_7,"Inflation bear, AI rally and 2025",-0.012513795867562294,-1,-0.0033952805679291487,-1,0.0033952805679291487,-0.009252136180293746,,,,1,33.95280567929149,0.0058302562683820724,0.00872135628014803,-0.012513795867562294,-0.189645777621097
2025-03-20,fold_7,"Inflation bear, AI rally and 2025",-0.005678324028849602,-1,0.0032913063187152147,1,-0.0032913063187152147,-0.012543442499008961,,,,0,-32.91306318715215,0.00756361149251461,0.006402337457984686,-0.005678324028849602,0.18393242786491146
2025-03-21,fold_7,"Inflation bear, AI rally and 2025",-0.0028782282024621964,-1,0.021707046777009964,1,-0.021707046777009964,-0.034250489276018925,,,,0,-217.07046777009964,0.0025882739573717117,-0.023569578304886818,-0.0028782282024621964,1.2558823168990274
2025-03-24,fold_7,"Inflation bear, AI rally and 2025",-0.009602492675185204,-1,0.005690351594239473,1,-0.005690351594239473,-0.0399408408702584,,,,0,-56.90351594239473,-0.029104089364409447,-0.04531926289200783,-0.009602492675185204,0.32048442258407656
2025-03-25,fold_7,"Inflation bear, AI rally and 2025",-0.011159634217619896,-1,-0.018572067841887474,-1,0.018572067841887474,-0.021368773028370924,,,,1,185.72067841887474,-0.023741144686937332,-0.04298087954521179,-0.011159634217619896,-1.0568059807657881
2025-03-26,fold_7,"Inflation bear, AI rally and 2025",-0.018329942598938942,-1,-0.005714299622923136,-1,0.005714299622923136,-0.01565447340544779,,,,1,57.14299622923136,-0.004456141963601112,-0.017136819660663605,-0.018329942598938942,-0.3165865709902819
2025-03-27,fold_7,"Inflation bear, AI rally and 2025",-0.0020635444670915604,-1,-0.026680609211325645,-1,0.026680609211325645,0.011026135805877857,,,,1,266.80609211325645,0.011117244139313698,-0.06644228845834732,-0.0020635444670915604,-1.5728139846911706
2025-03-28,fold_7,"Inflation bear, AI rally and 2025",-0.004066666588187218,-1,-4.263700975570828e-05,-1,4.263700975570828e-05,0.011068772815633565,,,,1,0.4263700975570828,-0.0021881554275751114,-0.10388310998678207,-0.004066666588187218,-0.002417402521640605
2025-03-31,fold_7,"Inflation bear, AI rally and 2025",-0.015336206182837486,-1,0.008028735406696796,1,-0.008028735406696796,0.0030400374089367688,,,,0,-80.28735406696796,-0.03076540306210518,-0.10143010318279266,-0.015336206182837486,0.4742472209972108
2025-04-01,fold_7,"Inflation bear, AI rally and 2025",-0.022793913260102272,-1,0.007271991111338139,1,-0.007271991111338139,-0.00423195370240137,,,,0,-72.71991111338139,-0.03459694981575012,-0.12763145565986633,-0.022793913260102272,0.42748922377433163
2025-04-02,fold_7,"Inflation bear, AI rally and 2025",-0.03096880204975605,-1,-0.055019769817590714,-1,0.055019769817590714,0.050787816115189344,,,,1,550.1976981759071,-0.013979582116007805,-0.021547358483076096,-0.03096880204975605,-3.2669603826950797
2025-04-03,fold_7,"Inflation bear, AI rally and 2025",0.013763012364506721,1,-0.06412143260240555,-1,-0.06412143260240555,-0.013333616487216204,,,,0,-641.2143260240555,0.020362837240099907,-0.009990752674639225,0.013763012364506721,-3.2218939204937738
2025-04-04,fold_7,"Inflation bear, AI rally and 2025",0.0080636627972126,1,0.0024103696923702955,1,0.0024103696923702955,-0.010923246794845909,,,,1,24.103696923702955,0.02809223346412182,0.07238619029521942,0.0080636627972126,0.09848710582561052
2025-04-07,fold_7,"Inflation bear, AI rally and 2025",0.016924243420362473,1,-0.01817261427640915,-1,-0.01817261427640915,-0.029095861071255058,,,,0,-181.7261427640915,0.026100384071469307,0.0767311081290245,0.016924243420362473,-0.796046233471477
2025-04-08,fold_7,"Inflation bear, AI rally and 2025",0.018253879621624947,1,0.1133560836315155,1,0.1133560836315155,0.08426022256026044,,,,1,1133.560836315155,0.04330731928348541,0.09601788967847824,0.018253879621624947,4.889990120928103
2025-04-09,fold_7,"Inflation bear, AI rally and 2025",-0.022287214174866676,-1,-0.04346316307783127,-1,0.04346316307783127,0.1277233856380917,,,,1,434.6316307783127,-0.007938416674733162,-0.0479557141661644,-0.022287214174866676,-1.2687291452129743
2025-04-10,fold_7,"Inflation bear, AI rally and 2025",0.0018747616559267044,1,0.01825551502406597,1,0.01825551502406597,0.14597890066215768,,,,1,182.5551502406597,0.01976756565272808,-0.004672687966376543,0.0018747616559267044,0.5160277596305618
2025-04-11,fold_7,"Inflation bear, AI rally and 2025",-0.022823331877589226,-1,0.006755282171070576,1,-0.006755282171070576,0.1392236184910871,,,,0,-67.55282171070576,-0.007411094382405281,-0.04798625782132149,-0.022823331877589226,0.19186220783259403
2025-04-14,fold_7,"Inflation bear, AI rally and 2025",-0.0012799110263586044,-1,0.0011141699505969882,1,-0.0011141699505969882,0.13810944854049012,,,,0,-11.141699505969882,-0.020112739875912666,-0.028828177601099014,-0.0012799110263586044,0.0316419716434806
2025-04-15,fold_7,"Inflation bear, AI rally and 2025",-0.0009150411933660507,-1,-0.030617518350481987,-1,0.030617518350481987,0.1687269668909721,,,,1,306.17518350481987,-0.009448224678635597,-0.007517511025071144,-0.0009150411933660507,-0.8747330783313502
2025-04-16,fold_7,"Inflation bear, AI rally and 2025",0.017441626638174057,1,-0.00018013635417446494,-1,-0.00018013635417446494,0.16854683053679764,,,,0,-1.8013635417446494,0.021831026300787926,0.05084860697388649,0.017441626638174057,-0.005068363389150477
2025-04-17,fold_7,"Inflation bear, AI rally and 2025",0.021804021671414375,1,-0.02505805715918541,-1,-0.02505805715918541,0.14348877337761223,,,,0,-250.5805715918541,-0.0007514674216508865,0.06211496889591217,0.021804021671414375,-0.7052004373844853
2025-04-21,fold_7,"Inflation bear, AI rally and 2025",0.018433086574077606,1,0.025913363322615623,1,0.025913363322615623,0.16940213670022786,,,,1,259.13363322615623,0.01764696277678013,0.08685559034347534,0.018433086574077606,0.720520723984611
2025-04-22,fold_7,"Inflation bear, AI rally and 2025",0.01706487312912941,1,0.022424837574362755,1,0.022424837574362755,0.1918269742745906,,,,1,224.24837574362755,-0.00705789215862751,0.06752496212720871,0.01706487312912941,0.6211222406699431
2025-04-23,fold_7,"Inflation bear, AI rally and 2025",0.005843011662364006,1,0.027748601511120796,1,0.027748601511120796,0.2195755757857114,,,,1,277.48601511120796,-0.02153867669403553,0.04497391730546951,0.005843011662364006,0.7617366307611424
2025-04-24,fold_7,"Inflation bear, AI rally and 2025",-0.00105244480073452,-1,0.01108622271567583,1,-0.01108622271567583,0.20848935307003558,,,,0,-110.86222715675831,-0.022701408714056015,0.03020145744085312,-0.00105244480073452,0.30192364164997343
2025-04-25,fold_7,"Inflation bear, AI rally and 2025",-0.002949664369225502,-1,-0.00031743646832183003,-1,0.00031743646832183003,0.2088067895383574,,,,1,3.1743646832183003,-0.018436122685670853,0.03385004773736,-0.002949664369225502,-0.008630674926025761
2025-04-28,fold_7,"Inflation bear, AI rally and 2025",-0.0013316478580236435,-1,0.0065827397629618645,1,-0.0065827397629618645,0.20222404977539554,,,,0,-65.82739762961864,-0.019673127681016922,0.028217311948537827,-0.0013316478580236435,0.18137760637662514
2025-04-29,fold_7,"Inflation bear, AI rally and 2025",-0.0003568734973669052,-1,-0.00012620817869901657,-1,0.00012620817869901657,0.20235025795409456,,,,1,1.2620817869901657,-0.018499355763196945,0.012289345264434814,-0.0003568734973669052,-0.0034746220771629953
2025-04-30,fold_7,"Inflation bear, AI rally and 2025",0.00011714175343513489,1,0.012976137921214104,1,0.012976137921214104,0.21532639587530866,,,,1,129.76137921214104,-0.012687290087342262,0.01633375883102417,0.00011714175343513489,0.35768155522795286
2025-05-01,fold_7,"Inflation bear, AI rally and 2025",0.000715162605047226,1,0.014734814874827862,1,0.014734814874827862,0.23006121075013652,,,,1,147.34814874827862,-0.029409414157271385,0.013629618100821972,0.000715162605047226,0.40527054453153283
2025-05-02,fold_7,"Inflation bear, AI rally and 2025",-0.0021921973675489426,-1,-0.005950172431766987,-1,0.005950172431766987,0.2360113831819035,,,,1,59.50172431766987,-0.03399662300944328,-0.0017607435584068298,-0.0021921973675489426,-0.17311363003944677
2025-05-05,fold_7,"Inflation bear, AI rally and 2025",-0.0018783342093229294,-1,-0.009345225989818573,-1,0.009345225989818573,0.24535660917172208,,,,1,93.45225989818573,-0.03491448983550072,0.0441216379404068,-0.0018783342093229294,-0.29888984103191907
2025-05-06,fold_7,"Inflation bear, AI rally and 2025",-0.004508396610617638,-1,0.003918205387890339,1,-0.003918205387890339,0.24143840378383175,,,,0,-39.18205387890339,-0.04024626314640045,0.06859263777732849,-0.004508396610617638,0.1250561344734105
2025-05-07,fold_7,"Inflation bear, AI rally and 2025",0.0009599477052688599,1,0.010271997191011906,1,0.010271997191011906,0.25171040097484365,,,,1,102.71997191011906,-0.02436213567852974,0.07064971327781677,0.0009599477052688599,0.3305092844591725
2025-05-08,fold_7,"Inflation bear, AI rally and 2025",0.01702384650707245,1,-0.00065554742468521,-1,-0.00065554742468521,0.25105485355015844,,,,0,-6.5554742468521,-0.01913362741470337,0.06147606670856476,0.01702384650707245,-0.036156972066067466
2025-05-09,fold_7,"Inflation bear, AI rally and 2025",-0.01655775122344494,-1,0.03993220627307892,1,-0.03993220627307892,0.21112264727707952,,,,0,-399.3220627307892,-0.04100605100393295,0.06647443026304245,-0.01655775122344494,2.6088471223946046
2025-05-12,fold_7,"Inflation bear, AI rally and 2025",0.005191188305616379,1,0.01512577198445797,1,0.01512577198445797,0.2262484192615375,,,,1,151.2577198445797,-0.015879150480031967,0.027500687167048454,0.005191188305616379,0.8771644078400747
2025-05-13,fold_7,"Inflation bear, AI rally and 2025",-0.0015549641102552414,-1,0.005975283216685057,1,-0.005975283216685057,0.22027313604485244,,,,0,-59.75283216685057,-0.0025858543813228607,0.009036059491336346,-0.0015549641102552414,0.34129920720393586
2025-05-14,fold_7,"Inflation bear, AI rally and 2025",0.0010672230273485184,1,0.0010983524844050407,1,0.0010983524844050407,0.22137148852925748,,,,1,10.983524844050407,-0.005320332944393158,-0.010933410376310349,0.0010672230273485184,0.06256064208819194
2025-05-15,fold_7,"Inflation bear, AI rally and 2025",0.006670642644166946,1,0.004342813044786453,1,0.004342813044786453,0.22571430157404393,,,,1,43.42813044786453,-0.006462590768933296,-0.010162297636270523,0.006670642644166946,0.26859577139762664
2025-05-16,fold_7,"Inflation bear, AI rally and 2025",0.0037009678781032562,1,0.0009584668441675603,1,0.0009584668441675603,0.2266727684182115,,,,1,9.584668441675603,-0.0037060193717479706,-0.023808997124433517,0.0037009678781032562,0.059173135968984825
2025-05-19,fold_7,"Inflation bear, AI rally and 2025",0.0012130625545978546,1,-0.00333885638974607,-1,-0.00333885638974607,0.22333391202846542,,,,0,-33.3885638974607,-0.0029732249677181244,-0.0015147612430155277,0.0012130625545978546,-0.21967344676553358
2025-05-20,fold_7,"Inflation bear, AI rally and 2025",0.007328914478421211,1,-0.01399418618530035,-1,-0.01399418618530035,0.20933972584316507,,,,0,-139.9418618530035,0.0056679341942071915,-0.002617579186335206,0.007328914478421211,-0.9945301163410145
2025-05-21,fold_7,"Inflation bear, AI rally and 2025",0.016384221613407135,1,0.0018694656901061535,1,0.0018694656901061535,0.21120919153327122,,,,1,18.694656901061535,0.019487665966153145,0.013340315781533718,0.016384221613407135,0.13832889935319634
2025-05-22,fold_7,"Inflation bear, AI rally and 2025",0.020836148411035538,1,-0.009303887374699116,-1,-0.009303887374699116,0.2019053041585721,,,,0,-93.03887374699116,0.005768096074461937,0.009892607107758522,0.020836148411035538,-0.774461020632546
2025-05-23,fold_7,"Inflation bear, AI rally and 2025",0.0006440766155719757,1,0.0232527032494545,1,0.0232527032494545,0.2251580074080266,,,,1,232.52703249454498,-0.003520861268043518,0.027063505724072456,0.0006440766155719757,1.9478699600537477
2025-05-27,fold_7,"Inflation bear, AI rally and 2025",0.00869370810687542,1,-0.004441674333065748,-1,-0.004441674333065748,0.22071633307496086,,,,0,-44.41674333065748,-0.003345699980854988,0.011597446165978909,0.00869370810687542,-0.34112939391963787
2025-05-28,fold_7,"Inflation bear, AI rally and 2025",-0.007052628323435783,-1,0.0019637085497379303,1,-0.0019637085497379303,0.21875262452522293,,,,0,-19.637085497379303,-0.021294090896844864,0.018823090940713882,-0.007052628323435783,0.15134440968446183
2025-05-29,fold_7,"Inflation bear, AI rally and 2025",-0.002105308696627617,-1,-0.0015782431000843644,-1,0.0015782431000843644,0.2203308676253073,,,,1,15.782431000843644,-0.0033380314707756042,0.009304034523665905,-0.002105308696627617,-0.12156701262634625
2025-05-30,fold_7,"Inflation bear, AI rally and 2025",0.02144155465066433,1,0.007867010310292244,1,0.007867010310292244,0.22819787793559954,,,,1,78.67010310292244,0.005412189289927483,0.02061014249920845,0.02144155465066433,0.62145509353276
2025-06-02,fold_7,"Inflation bear, AI rally and 2025",-0.00625753216445446,-1,0.007786644622683525,1,-0.007786644622683525,0.220411233312916,,,,0,-77.86644622683525,-0.008011486381292343,0.014214090071618557,-0.00625753216445446,0.630565866011398
2025-06-03,fold_7,"Inflation bear, AI rally and 2025",0.014524994418025017,1,0.0027839706744998693,1,0.0027839706744998693,0.22319520398741588,,,,1,27.839706744998693,-0.010293208062648773,0.013019595295190811,0.014524994418025017,0.22452047709836354
2025-06-04,fold_7,"Inflation bear, AI rally and 2025",-0.0010622013360261917,-1,-0.0075553483329713345,-1,0.0075553483329713345,0.23075055232038721,,,,1,75.55348332971334,-0.008848987519741058,0.006860374938696623,-0.0010622013360261917,-0.617361654631516
2025-06-05,fold_7,"Inflation bear, AI rally and 2025",0.01122698001563549,1,0.009727864526212215,1,0.009727864526212215,0.24047841684659943,,,,1,97.27864526212215,-0.00906430184841156,0.01676086150109768,0.01122698001563549,0.7894022209341992
2025-06-06,fold_7,"Inflation bear, AI rally and 2025",0.01072915643453598,1,0.001470958348363638,1,0.001470958348363638,0.24194937519496307,,,,1,14.70958348363638,-0.011601818725466728,-0.00560140423476696,0.01072915643453598,0.11958058444466334
2025-06-09,fold_7,"Inflation bear, AI rally and 2025",-0.0031319987028837204,-1,0.006592150311917067,1,-0.006592150311917067,0.235357224883046,,,,0,-65.92150311917067,-0.018146555870771408,0.0067417314276099205,-0.0031319987028837204,0.5357510440066177
2025-06-10,fold_7,"Inflation bear, AI rally and 2025",-0.0028006788343191147,-1,-0.003375249681994319,-1,0.003375249681994319,0.23873247456504032,,,,1,33.75249681994319,-0.017991624772548676,-0.009649480693042278,-0.0028006788343191147,-0.3927775601112056
2025-06-11,fold_7,"Inflation bear, AI rally and 2025",-1.9585713744163513e-05,-1,0.002345137996599078,1,-0.002345137996599078,0.23638733656844124,,,,0,-23.451379965990782,-0.031105780974030495,-0.0064444150775671005,-1.9585713744163513e-05,0.2955188983284086
2025-06-12,fold_7,"Inflation bear, AI rally and 2025",-0.0048470888286828995,-1,-0.012634401209652424,-1,0.012634401209652424,0.24902173777809367,,,,1,126.34401209652424,-0.03183358907699585,-0.012881052680313587,-0.0048470888286828995,-1.6115450914958678
2025-06-13,fold_7,"Inflation bear, AI rally and 2025",-0.009545208886265755,-1,0.013814094476401806,1,-0.013814094476401806,0.23520764330169186,,,,0,-138.14094476401806,-0.05069085210561752,0.009983260184526443,-0.009545208886265755,1.658394163013713
2025-06-16,fold_7,"Inflation bear, AI rally and 2025",0.002551130950450897,1,-0.00979906227439642,-1,-0.00979906227439642,0.22540858102729544,,,,0,-97.9906227439642,-0.05187404900789261,0.011345419101417065,0.002551130950450897,-1.109638710114522
2025-06-17,fold_7,"Inflation bear, AI rally and 2025",-0.003875548020005226,-1,-0.00017018403741531074,-1,0.00017018403741531074,0.22557876506471075,,,,1,1.7018403741531074,-0.07338722795248032,0.02369767054915428,-0.003875548020005226,-0.018709541966715384
2025-06-18,fold_7,"Inflation bear, AI rally and 2025",-0.008700257167220116,-1,-0.004091499838978052,-1,0.004091499838978052,0.2296702649036888,,,,1,40.91499838978052,-0.06495227664709091,0.03317466005682945,-0.008700257167220116,-0.45132657086905426
2025-06-20,fold_7,"Inflation bear, AI rally and 2025",-0.011594733223319054,-1,0.010229912586510181,1,-0.010229912586510181,0.21944035231717862,,,,0,-102.29912586510181,-0.07331886142492294,0.04068398103117943,-0.011594733223319054,1.1954519155541303
2025-06-23,fold_7,"Inflation bear, AI rally and 2025",0.007917020469903946,1,0.015176253393292427,1,0.015176253393292427,0.23461660571047105,,,,1,151.76253393292427,-0.018341131508350372,0.03691010922193527,0.007917020469903946,1.7152282168837871
2025-06-24,fold_7,"Inflation bear, AI rally and 2025",0.012764528393745422,1,0.002553190104663372,1,0.002553190104663372,0.23716979581513442,,,,1,25.53190104663372,-0.003869958221912384,0.01326880045235157,0.012764528393745422,0.2761633476020483
2025-06-25,fold_7,"Inflation bear, AI rally and 2025",0.008407525718212128,1,0.009306803345680237,1,0.009306803345680237,0.24647659916081466,,,,1,93.06803345680237,-0.00722372904419899,0.0176568441092968,0.008407525718212128,1.2140570495435146
2025-06-26,fold_7,"Inflation bear, AI rally and 2025",0.013451671227812767,1,0.0034178236965090036,1,0.0034178236965090036,0.24989442285732366,,,,1,34.178236965090036,-0.01609160006046295,0.018142199143767357,0.013451671227812767,0.4336796183005765
2025-06-27,fold_7,"Inflation bear, AI rally and 2025",0.011608583852648735,1,0.006456038448959589,1,0.006456038448959589,0.25635046130628325,,,,1,64.56038448959589,-0.021479859948158264,0.007162868976593018,0.011608583852648735,0.8166233479195625
2025-06-30,fold_7,"Inflation bear, AI rally and 2025",0.004276985302567482,1,-0.008465055376291275,-1,-0.008465055376291275,0.24788540592999198,,,,0,-84.65055376291275,-0.012527650222182274,0.0012683197855949402,0.004276985302567482,-1.0543437575637744
2025-07-01,fold_7,"Inflation bear, AI rally and 2025",0.005671592429280281,1,0.006941234227269888,1,0.006941234227269888,0.25482664015726186,,,,1,69.41234227269888,0.014014957472682,0.016787249594926834,0.005671592429280281,0.8612915520447721
2025-07-02,fold_7,"Inflation bear, AI rally and 2025",0.0039433203637599945,1,0.009792158380150795,1,0.009792158380150795,0.26461879853741266,,,,1,97.92158380150795,0.0054045263677835464,0.00840685609728098,0.0039433203637599945,1.2209093004921368
2025-07-03,fold_7,"Inflation bear, AI rally and 2025",0.006435992196202278,1,-0.007561507169157267,-1,-0.007561507169157267,0.2570572913682554,,,,0,-75.61507169157267,0.0028785038739442825,-0.003638129448518157,0.006435992196202278,-0.912062731944434
2025-07-07,fold_7,"Inflation bear, AI rally and 2025",-0.0015621241182088852,-1,0.0005614891997538507,1,-0.0005614891997538507,0.25649580216850154,,,,0,-5.614891997538507,-0.003981010988354683,0.007543554063886404,-0.0015621241182088852,0.06772407021490523
2025-07-08,fold_7,"Inflation bear, AI rally and 2025",0.005254713818430901,1,0.007053874898701906,1,0.007053874898701906,0.26354967706720345,,,,1,70.53874898701906,0.0062167029827833176,0.007898572832345963,0.005254713818430901,0.8815816587750563
2025-07-09,fold_7,"Inflation bear, AI rally and 2025",0.00042173266410827637,1,-0.0014391591539606452,-1,-0.0014391591539606452,0.2621105179132428,,,,0,-14.391591539606452,-0.016657602041959763,0.0018679917557165027,0.00042173266410827637,-0.17661141588879875
2025-07-10,fold_7,"Inflation bear, AI rally and 2025",0.0030559953302145004,1,-0.0022528269328176975,-1,-0.0022528269328176975,0.2598576909804251,,,,0,-22.528269328176975,-0.0055504366755485535,0.011367371305823326,0.0030559953302145004,-0.2808745383451295
2025-07-11,fold_7,"Inflation bear, AI rally and 2025",0.0051739998161792755,1,0.003620176576077938,1,0.003620176576077938,0.26347786755650304,,,,1,36.20176576077938,0.006216811016201973,0.012658500112593174,0.0051739998161792755,0.4524629565912329
2025-07-14,fold_7,"Inflation bear, AI rally and 2025",0.002349287271499634,1,0.0009165076771751046,1,0.0009165076771751046,0.26439437523367815,,,,1,9.165076771751046,-0.0014594253152608871,0.014209684915840626,0.002349287271499634,0.11420975350014795
2025-07-15,fold_7,"Inflation bear, AI rally and 2025",-0.001949189230799675,-1,0.0010232938220724463,1,-0.0010232938220724463,0.2633710814116057,,,,0,-10.232938220724463,0.00018703565001487732,0.008103914558887482,-0.001949189230799675,0.13618806482870882
2025-07-16,fold_7,"Inflation bear, AI rally and 2025",0.000989103689789772,1,0.008060220628976822,1,0.008060220628976822,0.2714313020405825,,,,1,80.60220628976822,0.006502250209450722,0.011631511151790619,0.000989103689789772,1.1760979880152769
2025-07-17,fold_7,"Inflation bear, AI rally and 2025",-9.316019713878632e-05,-1,-0.0009616987663321197,-1,0.0009616987663321197,0.27239300080691464,,,,1,9.616987663321197,-0.009920772165060043,0.005697506945580244,-9.316019713878632e-05,-0.14270382450815308
2025-07-18,fold_7,"Inflation bear, AI rally and 2025",0.002688223496079445,1,0.005171361844986677,1,0.005171361844986677,0.2775643626519013,,,,1,51.71361844986677,-0.008432995527982712,0.00906337145715952,0.002688223496079445,0.7669859185624802
2025-07-21,fold_7,"Inflation bear, AI rally and 2025",-0.0012118015438318253,-1,-0.005189262330532074,-1,0.005189262330532074,0.2827536249824334,,,,1,51.89262330532074,-0.012285014614462852,0.007012150716036558,-0.0012118015438318253,-0.7654419130645659
2025-07-22,fold_7,"Inflation bear, AI rally and 2025",0.006515944376587868,1,0.004550890065729618,1,0.004550890065729618,0.287304515048163,,,,1,45.50890065729618,-0.001181330531835556,0.0106513611972332,0.006515944376587868,0.7015949302939439
2025-07-23,fold_7,"Inflation bear, AI rally and 2025",0.004618551582098007,1,0.0021262161899358034,1,0.0021262161899358034,0.2894307312380988,,,,1,21.262161899358034,-0.0028564296662807465,0.007439480163156986,0.004618551582098007,0.37827171020139594
2025-07-24,fold_7,"Inflation bear, AI rally and 2025",0.0030385293066501617,1,0.002404165454208851,1,0.002404165454208851,0.29183489669230767,,,,1,24.04165454208851,-0.012384694069623947,0.0,0.0030385293066501617,0.4283990359534204
2025-07-25,fold_7,"Inflation bear, AI rally and 2025",-0.003775632008910179,-1,0.0031201415695250034,1,-0.0031201415695250034,0.28871475512278266,,,,0,-31.201415695250034,-0.014036128297448158,-0.022299613803625107,-0.003775632008910179,0.595502653685041
2025-07-28,fold_7,"Inflation bear, AI rally and 2025",-0.006910523399710655,-1,-0.0015500520821660757,-1,0.0015500520821660757,0.29026480720494874,,,,1,15.500520821660757,0.0005716681480407715,-0.007136274129152298,-0.006910523399710655,-0.2963649319322456
2025-07-29,fold_7,"Inflation bear, AI rally and 2025",-0.008279627189040184,-1,0.001339009148068726,1,-0.001339009148068726,0.28892579805688,,,,0,-13.39009148068726,-0.004816630855202675,-0.012398889288306236,-0.008279627189040184,0.26573052952608295
2025-07-30,fold_7,"Inflation bear, AI rally and 2025",-0.005583649501204491,-1,-0.005313263740390539,-1,0.005313263740390539,0.29423906179727055,,,,1,53.13263740390539,-0.00293644517660141,-0.0012331786565482616,-0.005583649501204491,-1.1354257306530724
2025-07-31,fold_7,"Inflation bear, AI rally and 2025",-0.0116387028247118,-1,-0.01989544928073883,-1,0.01989544928073883,0.3141345110780094,,,,1,198.9544928073883,0.0025337133556604385,0.00745871476829052,-0.0116387028247118,-4.351860117887104
2025-08-01,fold_7,"Inflation bear, AI rally and 2025",0.00724855437874794,1,0.018283480778336525,1,0.018283480778336525,0.3324179918563459,,,,1,182.83480778336525,0.010811621323227882,0.03663913160562515,0.00724855437874794,3.051587052731937
2025-08-04,fold_7,"Inflation bear, AI rally and 2025",0.016282489523291588,1,-0.006812667474150658,-1,-0.006812667474150658,0.32560532438219525,,,,0,-68.12667474150658,-0.017649386078119278,0.015392293222248554,0.016282489523291588,-0.9658439511808814
2025-08-05,fold_7,"Inflation bear, AI rally and 2025",0.009273430332541466,1,0.012504720129072666,1,0.012504720129072666,0.3381100445112679,,,,1,125.04720129072666,0.0105085838586092,0.03469543159008026,0.009273430332541466,1.7331264565623796
2025-08-06,fold_7,"Inflation bear, AI rally and 2025",0.008564366027712822,1,0.0033786294516175985,1,0.0033786294516175985,0.3414886739628855,,,,1,33.786294516175985,0.011876760050654411,0.0226906705647707,0.008564366027712822,0.44599293756289404
2025-08-07,fold_7,"Inflation bear, AI rally and 2025",-0.0012951213866472244,-1,0.009284966625273228,1,-0.009284966625273228,0.3322037073376123,,,,0,-92.84966625273228,-0.0025636963546276093,0.01853628270328045,-0.0012951213866472244,1.2206949690026645
2025-08-08,fold_7,"Inflation bear, AI rally and 2025",0.00627516582608223,1,-0.002963355975225568,-1,-0.002963355975225568,0.3292403513623867,,,,0,-29.633559752255678,-0.004482012242078781,0.004844300914555788,0.00627516582608223,-0.3766124078785977
2025-08-11,fold_7,"Inflation bear, AI rally and 2025",-0.00397765077650547,-1,0.012490469962358475,1,-0.012490469962358475,0.31674988140002824,,,,0,-124.90469962358475,-0.010138195008039474,0.007409026846289635,-0.00397765077650547,1.5901907501999453
2025-08-12,fold_7,"Inflation bear, AI rally and 2025",0.0002012457698583603,1,0.0004999605007469654,1,0.0004999605007469654,0.3172498419007752,,,,1,4.999605007469654,-0.0157160647213459,-0.018741806969046593,0.0002012457698583603,0.059990749109096714
2025-08-13,fold_7,"Inflation bear, AI rally and 2025",0.00273282453417778,1,-0.000775758468080312,-1,-0.000775758468080312,0.3164740834326949,,,,0,-7.75758468080312,-0.008725563064217567,-0.02519688941538334,0.00273282453417778,-0.09311073597075677
2025-08-14,fold_7,"Inflation bear, AI rally and 2025",0.0027192477136850357,1,-0.004407014697790146,-1,-0.004407014697790146,0.31206706873490475,,,,0,-44.07014697790146,-0.004087066277861595,-0.029061537235975266,0.0027192477136850357,-0.5416591906536531
2025-08-15,fold_7,"Inflation bear, AI rally and 2025",0.0029049254953861237,1,-0.0003986301308032125,-1,-0.0003986301308032125,0.31166843860410154,,,,0,-3.9863013080321252,0.01965084858238697,-0.00934495497494936,0.0029049254953861237,-0.04865628722997111
2025-08-18,fold_7,"Inflation bear, AI rally and 2025",0.0003068950027227402,1,-0.013660364784300327,-1,-0.013660364784300327,0.2980080738198012,,,,0,-136.60364784300327,0.01250501535832882,-0.011835196986794472,0.0003068950027227402,-1.68412534415897
2025-08-19,fold_7,"Inflation bear, AI rally and 2025",0.009634364396333694,1,-0.005955122411251068,-1,-0.005955122411251068,0.29205295140855014,,,,0,-59.55122411251068,0.012902719900012016,0.005832357332110405,0.009634364396333694,-0.6933178700891818
2025-08-20,fold_7,"Inflation bear, AI rally and 2025",0.005910469219088554,1,-0.004640405066311359,-1,-0.004640405066311359,0.2874125463422388,,,,0,-46.404050663113594,0.005399102345108986,0.013323167338967323,0.005910469219088554,-0.5375727616004295
2025-08-21,fold_7,"Inflation bear, AI rally and 2025",0.008532101288437843,1,0.01530956756323576,1,0.01530956756323576,0.30272211390547454,,,,1,153.0956756323576,-0.005251932889223099,0.024203982204198837,0.008532101288437843,1.7635160886517867
2025-08-22,fold_7,"Inflation bear, AI rally and 2025",0.018125420436263084,1,-0.0028888722881674767,-1,-0.0028888722881674767,0.29983324161730707,,,,0,-28.888722881674767,0.012461060658097267,-0.0027484886813908815,0.018125420436263084,-0.31008575290815854
2025-08-25,fold_7,"Inflation bear, AI rally and 2025",0.018038751557469368,1,0.004007190000265837,1,0.004007190000265837,0.3038404316175729,,,,1,40.07190000265837,0.0015214905142784119,-0.008275248110294342,0.018038751557469368,0.43029600122841694
2025-08-26,fold_7,"Inflation bear, AI rally and 2025",0.013441605493426323,1,0.001535687712021172,1,0.001535687712021172,0.3053761193295941,,,,1,15.35687712021172,0.010080249980092049,-0.0044456529431045055,0.013441605493426323,0.16425835506509845
2025-08-27,fold_7,"Inflation bear, AI rally and 2025",0.014837061986327171,1,0.006240409333258867,1,0.006240409333258867,0.31161652866285294,,,,1,62.40409333258867,0.0008118413388729095,0.003029386978596449,0.014837061986327171,0.667371148535967
2025-08-28,fold_7,"Inflation bear, AI rally and 2025",0.014669228345155716,1,-0.011642903089523315,-1,-0.011642903089523315,0.2999736255733296,,,,0,-116.42903089523315,-0.005313469097018242,-0.0017690984532237053,0.014669228345155716,-1.241336584782596
2025-08-29,fold_7,"Inflation bear, AI rally and 2025",0.01812344416975975,1,-0.00841563194990158,-1,-0.00841563194990158,0.29155799362342805,,,,0,-84.15631949901581,0.010585678741335869,0.01473993994295597,0.01812344416975975,-0.9720242852407744
2025-09-02,fold_7,"Inflation bear, AI rally and 2025",0.011163072660565376,1,0.007836785167455673,1,0.007836785167455673,0.2993947787908837,,,,1,78.36785167455673,0.01442115567624569,0.025984633713960648,0.011163072660565376,0.9970023351283237
2025-09-03,fold_7,"Inflation bear, AI rally and 2025",0.008114004507660866,1,0.009010727517306805,1,0.009010727517306805,0.3084055063081905,,,,1,90.10727517306805,0.013433417305350304,0.018475046381354332,0.008114004507660866,1.1394559757618208
2025-09-04,fold_7,"Inflation bear, AI rally and 2025",0.013747476041316986,1,0.0014419236686080694,1,0.0014419236686080694,0.3098474299767986,,,,1,14.419236686080694,-0.0018069148063659668,0.015268106013536453,0.013747476041316986,0.18807909607239273
2025-09-05,fold_7,"Inflation bear, AI rally and 2025",0.00499885156750679,1,0.004866134840995073,1,0.004866134840995073,0.31471356481779367,,,,1,48.66134840995073,0.010535938665270805,0.01823362335562706,0.00499885156750679,0.6372558726449794
2025-09-08,fold_7,"Inflation bear, AI rally and 2025",0.00720713846385479,1,0.002829062519595027,1,0.002829062519595027,0.3175426273373887,,,,1,28.29062519595027,-0.006417425349354744,0.02188795804977417,0.00720713846385479,0.38083729456508125
2025-09-09,fold_7,"Inflation bear, AI rally and 2025",0.0077295731753110886,1,0.0003271980385761708,1,0.0003271980385761708,0.31786982537596487,,,,1,3.271980385761708,-0.004356836900115013,0.018213454633951187,0.0077295731753110886,0.04406164831320266
2025-09-10,fold_7,"Inflation bear, AI rally and 2025",0.0007038954645395279,1,0.005803787149488926,1,0.005803787149488926,0.3236736125254538,,,,1,58.03787149488926,-0.009785499423742294,0.01588842086493969,0.0007038954645395279,0.8434438852361171
2025-09-11,fold_7,"Inflation bear, AI rally and 2025",0.005612760782241821,1,0.004407439846545458,1,0.004407439846545458,0.32808105237199925,,,,1,44.07439846545458,-0.012932742945849895,0.019061127677559853,0.005612760782241821,0.6295015227957373
2025-09-12,fold_7,"Inflation bear, AI rally and 2025",0.004326310008764267,1,0.00852047000080347,1,0.00852047000080347,0.3366015223728027,,,,1,85.2047000080347,-0.00731278769671917,0.021400216966867447,0.004326310008764267,1.2054363075401078
2025-09-15,fold_7,"Inflation bear, AI rally and 2025",-0.0016342047601938248,-1,-0.0008454403723590076,-1,0.0008454403723590076,0.3374469627451617,,,,1,8.454403723590076,-0.009970506653189659,0.01878230646252632,-0.0016342047601938248,-0.11654796916406615
2025-09-16,fold_7,"Inflation bear, AI rally and 2025",0.0017453283071517944,1,-0.0019978368654847145,-1,-0.0019978368654847145,0.335449125879677,,,,0,-19.978368654847145,-0.005998043343424797,0.012963303364813328,0.0017453283071517944,-0.2753385942654289
2025-09-17,fold_7,"Inflation bear, AI rally and 2025",0.01672956719994545,1,0.008976494893431664,1,0.008976494893431664,0.3444256207731087,,,,1,89.76494893431664,0.013089833781123161,0.01144441682845354,0.01672956719994545,1.3607346414331145
2025-09-18,fold_7,"Inflation bear, AI rally and 2025",0.0006898101419210434,1,0.006746530067175627,1,0.006746530067175627,0.3511721508402843,,,,1,67.46530067175627,-0.0003296937793493271,-0.001852678949944675,0.0006898101419210434,0.9971799293033602
2025-09-19,fold_7,"Inflation bear, AI rally and 2025",-0.000221913680434227,-1,0.005902559962123632,1,-0.005902559962123632,0.34526959087816067,,,,0,-59.025599621236324,0.009754488244652748,-0.004496766719967127,-0.000221913680434227,0.8612280707817476
2025-09-22,fold_7,"Inflation bear, AI rally and 2025",-0.008962074294686317,-1,-0.00666444469243288,-1,0.00666444469243288,0.35193403557059355,,,,1,66.6444469243288,0.009661832824349403,-0.005778889171779156,-0.008962074294686317,-1.095695263592265
2025-09-23,fold_7,"Inflation bear, AI rally and 2025",-0.007084215059876442,-1,-0.003516722936183214,-1,0.003516722936183214,0.35545075850677676,,,,1,35.16722936183214,0.0038041044026613235,0.0036210042890161276,-0.007084215059876442,-0.5645837122021672
2025-09-24,fold_7,"Inflation bear, AI rally and 2025",-0.0022563468664884567,-1,-0.004320601467043161,-1,0.004320601467043161,0.3597713599738199,,,,1,43.206014670431614,-0.010357094928622246,0.011923212558031082,-0.0022563468664884567,-0.6952956867216374
2025-09-25,fold_7,"Inflation bear, AI rally and 2025",-0.011625370010733604,-1,0.004102441947907209,1,-0.004102441947907209,0.3556689180259127,,,,0,-41.024419479072094,-0.024809397757053375,0.02034645900130272,-0.011625370010733604,0.6533257981723073
2025-09-26,fold_7,"Inflation bear, AI rally and 2025",-0.005239138379693031,-1,0.0046204375103116035,1,-0.0046204375103116035,0.3510484805156011,,,,0,-46.204375103116035,-0.010207384824752808,0.012025424279272556,-0.005239138379693031,0.746356600807675
2025-09-29,fold_7,"Inflation bear, AI rally and 2025",-0.002394372597336769,-1,0.002735448768362403,1,-0.002735448768362403,0.3483130317472387,,,,0,-27.35448768362403,0.00770421139895916,0.014887053519487381,-0.002394372597336769,0.4789916015347059
2025-09-30,fold_7,"Inflation bear, AI rally and 2025",-0.004597360268235207,-1,0.004785485565662384,1,-0.004785485565662384,0.3435275461815763,,,,0,-47.85485565662384,0.0012813061475753784,0.006872063037008047,-0.004597360268235207,0.881875034282518
2025-10-01,fold_7,"Inflation bear, AI rally and 2025",-0.00043970905244350433,-1,0.004102644510567188,1,-0.004102644510567188,0.33942490167100914,,,,0,-41.02644510567188,-0.001787390559911728,0.01348517369478941,-0.00043970905244350433,0.7820441076156708
2025-10-02,fold_7,"Inflation bear, AI rally and 2025",0.005189405754208565,1,-0.004218591842800379,-1,-0.004218591842800379,0.33520630982820876,,,,0,-42.18591842800379,-0.00884253904223442,0.008171569555997849,0.005189405754208565,-0.8557317218921436
2025-10-03,fold_7,"Inflation bear, AI rally and 2025",0.008024068549275398,1,0.007482066750526428,1,0.007482066750526428,0.3426883765787352,,,,1,74.82066750526428,-0.0014431551098823547,-0.02294095605611801,0.008024068549275398,1.4937609204365878
2025-10-06,fold_7,"Inflation bear, AI rally and 2025",-0.0011698026210069656,-1,-0.005279541946947575,-1,0.005279541946947575,0.34796791852568276,,,,1,52.795419469475746,-0.00525442510843277,-0.00942372065037489,-0.0011698026210069656,-1.0216646254540132
2025-10-07,fold_7,"Inflation bear, AI rally and 2025",0.0009088814258575439,1,0.01139859575778246,1,0.01139859575778246,0.3593665142834652,,,,1,113.98595757782459,0.0006412845104932785,-0.010827412828803062,0.0009088814258575439,2.165864902452659
2025-10-08,fold_7,"Inflation bear, AI rally and 2025",-0.006186848506331444,-1,-0.0012109596282243729,-1,0.0012109596282243729,0.3605774739116896,,,,1,12.109596282243729,0.00012273713946342468,-0.015193992294371128,-0.006186848506331444,-0.20710450937279112
2025-10-09,fold_7,"Inflation bear, AI rally and 2025",-0.007673254236578941,-1,-0.0353311188519001,-1,0.0353311188519001,0.3959085927635897,,,,1,353.311188519001,-0.002098405733704567,-0.01769283600151539,-0.007673254236578941,-6.190099209469844
2025-10-10,fold_7,"Inflation bear, AI rally and 2025",0.004862550646066666,1,0.020999303087592125,1,0.020999303087592125,0.4169078958511818,,,,1,209.99303087592125,0.01642712391912937,0.024183519184589386,0.004862550646066666,2.1656736954973526
2025-10-13,fold_7,"Inflation bear, AI rally and 2025",0.005424110218882561,1,-0.006683234125375748,-1,-0.006683234125375748,0.4102246617258061,,,,0,-66.83234125375748,0.0033821500837802887,0.01570628583431244,0.005424110218882561,-0.6302711987652501
2025-10-14,fold_7,"Inflation bear, AI rally and 2025",0.010368982329964638,1,0.007032016292214394,1,0.007032016292214394,0.41725667801802047,,,,1,70.32016292214394,-0.0186130590736866,0.022127928212285042,0.010368982329964638,0.656776523455626
2025-10-15,fold_7,"Inflation bear, AI rally and 2025",-5.249492824077606e-05,-1,-0.0037098024040460587,-1,0.0037098024040460587,0.4209664804220665,,,,1,37.09802404046059,0.002999521791934967,0.005415184423327446,-5.249492824077606e-05,-0.3431036216291272
2025-10-16,fold_7,"Inflation bear, AI rally and 2025",0.011857733130455017,1,0.006545236799865961,1,0.006545236799865961,0.4275117172219325,,,,1,65.45236799865961,-0.013660315424203873,0.017496326938271523,0.011857733130455017,0.6141795166647341
2025-10-17,fold_7,"Inflation bear, AI rally and 2025",0.015662215650081635,1,0.012522069737315178,1,0.012522069737315178,0.44003378695924766,,,,1,125.22069737315178,0.015623727813363075,0.021572764962911606,0.015662215650081635,1.1757149166181942
2025-10-20,fold_7,"Inflation bear, AI rally and 2025",0.007826995104551315,1,-0.00026159174740314484,-1,-0.00026159174740314484,0.4397721952118445,,,,0,-2.6159174740314484,-0.0028078220784664154,0.02670317515730858,0.007826995104551315,-0.023926513409431638
2025-10-21,fold_7,"Inflation bear, AI rally and 2025",-0.005634969100356102,-1,-0.009680728428065777,-1,0.009680728428065777,0.4494529236399103,,,,1,96.80728428065777,-0.019620830193161964,0.03462529554963112,-0.005634969100356102,-0.8937772036216127
2025-10-22,fold_7,"Inflation bear, AI rally and 2025",0.0021765735000371933,1,0.008371341042220592,1,0.008371341042220592,0.4578242646821309,,,,1,83.71341042220592,-0.004687409847974777,0.04879889264702797,0.0021765735000371933,0.7598277720253334
2025-10-23,fold_7,"Inflation bear, AI rally and 2025",0.003004578873515129,1,0.010621673427522182,1,0.010621673427522182,0.46844593810965307,,,,1,106.21673427522182,-0.011809440329670906,0.025020860135555267,0.003004578873515129,0.9540309455168327
2025-10-24,fold_7,"Inflation bear, AI rally and 2025",-0.00031301192939281464,-1,0.01765247993171215,1,-0.01765247993171215,0.4507934581779409,,,,0,-176.5247993171215,-0.014245198108255863,0.019211603328585625,-0.00031301192939281464,1.5557006495301577
2025-10-27,fold_7,"Inflation bear, AI rally and 2025",-0.009395724162459373,-1,0.007660527713596821,1,-0.007660527713596821,0.4431329304643441,,,,0,-76.60527713596821,-0.02988545037806034,0.006332420278340578,-0.009395724162459373,0.6400089901114824
2025-10-28,fold_7,"Inflation bear, AI rally and 2025",-0.010190693661570549,-1,0.004492870531976223,1,-0.004492870531976223,0.4386400599323679,,,,0,-44.92870531976223,-0.017843924462795258,-0.021835021674633026,-0.010190693661570549,0.37205342136019226
2025-10-29,fold_7,"Inflation bear, AI rally and 2025",-0.010131297633051872,-1,-0.015406693331897259,-1,0.015406693331897259,0.45404675326426513,,,,1,154.0669333189726,-0.009685371071100235,-0.019840959459543228,-0.010131297633051872,-1.2764184630714328
2025-10-30,fold_7,"Inflation bear, AI rally and 2025",-0.01431252621114254,-1,0.00481241662055254,1,-0.00481241662055254,0.4492343366437126,,,,0,-48.1241662055254,-0.014824585989117622,-0.02323727495968342,-0.01431252621114254,0.3844184108543597
2025-10-31,fold_7,"Inflation bear, AI rally and 2025",-0.015403186902403831,-1,0.004773298278450966,1,-0.004773298278450966,0.44446103836526163,,,,0,-47.73298278450966,-0.024801338091492653,-0.03121001087129116,-0.015403186902403831,0.3809678203254386
2025-11-03,fold_7,"Inflation bear, AI rally and 2025",-0.009131485596299171,-1,-0.02050691470503807,-1,0.02050691470503807,0.4649679530702997,,,,1,205.0691470503807,-0.009248608723282814,-0.014100291766226292,-0.009131485596299171,-1.645425497330582
2025-11-04,fold_7,"Inflation bear, AI rally and 2025",0.0009459294378757477,1,0.006486933678388596,1,0.006486933678388596,0.4714548867486883,,,,1,64.86933678388596,-0.0037588346749544144,0.003739549545571208,0.0009459294378757477,0.4904235227950415
2025-11-05,fold_7,"Inflation bear, AI rally and 2025",0.007155457511544228,1,-0.018803009763360023,-1,-0.018803009763360023,0.45265187698532827,,,,0,-188.03009763360023,-0.002773294225335121,-0.0035360476467758417,0.007155457511544228,-1.4397275540722754
2025-11-06,fold_7,"Inflation bear, AI rally and 2025",0.009038195013999939,1,-0.0031603185925632715,-1,-0.0031603185925632715,0.449491558392765,,,,0,-31.603185925632715,0.006321286782622337,-0.005360324867069721,0.009038195013999939,-0.23038518248782683
2025-11-07,fold_7,"Inflation bear, AI rally and 2025",0.012028424069285393,1,0.02188301645219326,1,0.02188301645219326,0.47137457484495826,,,,1,218.8301645219326,0.010153943672776222,-0.0014442570973187685,0.012028424069285393,1.9475170148969252
2025-11-10,fold_7,"Inflation bear, AI rally and 2025",-0.002910396084189415,-1,-0.002667073393240571,-1,0.002667073393240571,0.47404164823819883,,,,1,26.67073393240571,0.016676517203450203,-0.03190450370311737,-0.002910396084189415,-0.23559951962183132
2025-11-11,fold_7,"Inflation bear, AI rally and 2025",0.033895839005708694,1,-0.0007886635139584541,-1,-0.0007886635139584541,0.4732529847242404,,,,0,-7.886635139584541,0.013350838795304298,-0.04148799180984497,0.033895839005708694,-0.07018370771346462
2025-11-12,fold_7,"Inflation bear, AI rally and 2025",0.01168668270111084,1,-0.020627286285161972,-1,-0.020627286285161972,0.4526256984390784,,,,0,-206.27286285161972,0.03950389474630356,-0.034746989607810974,0.01168668270111084,-1.853642922140871
2025-11-13,fold_7,"Inflation bear, AI rally and 2025",0.04117043316364288,1,0.0007557492353953421,1,0.0007557492353953421,0.45338144767447375,,,,1,7.557492353953421,0.030857006087899208,-0.03807619959115982,0.04117043316364288,0.06288792179286838
2025-11-14,fold_7,"Inflation bear, AI rally and 2025",0.0335487425327301,1,-0.008577228523790836,-1,-0.008577228523790836,0.4448042191506829,,,,0,-85.77228523790836,0.01737057976424694,-0.03134717792272568,0.0335487425327301,-0.7190147203950206
2025-11-17,fold_7,"Inflation bear, AI rally and 2025",0.006313212215900421,1,-0.012250563129782677,-1,-0.012250563129782677,0.43255365602090023,,,,0,-122.50563129782677,-0.0013725310564041138,0.0024817129597067833,0.006313212215900421,-1.042298205062926
2025-11-18,fold_7,"Inflation bear, AI rally and 2025",0.01166871190071106,1,0.0059523372910916805,1,0.0059523372910916805,0.4385059933119919,,,,1,59.523372910916805,0.00927206315100193,0.020877135917544365,0.01166871190071106,0.49322207919352573
2025-11-19,fold_7,"Inflation bear, AI rally and 2025",0.00859089195728302,1,-0.02395649440586567,-1,-0.02395649440586567,0.41454949890612625,,,,0,-239.5649440586567,0.0047113243490457535,0.02372167818248272,0.00859089195728302,-2.0052447494274688
2025-11-20,fold_7,"Inflation bear, AI rally and 2025",0.013305559754371643,1,0.007484769448637962,1,0.007484769448637962,0.4220342683547642,,,,1,74.84769448637962,0.019724370911717415,0.055752597749233246,0.013305559754371643,0.5775990910985691
2025-11-21,fold_7,"Inflation bear, AI rally and 2025",0.005262875929474831,1,0.025251662358641624,1,0.025251662358641624,0.44728593071340583,,,,1,252.51662358641624,0.01254182867705822,0.04490327462553978,0.005262875929474831,1.9653590753917458
2025-11-24,fold_7,"Inflation bear, AI rally and 2025",-0.0017725322395563126,-1,0.006144860293716192,1,-0.006144860293716192,0.44114107041968964,,,,0,-61.44860293716192,-0.0073491595685482025,0.027447156608104706,-0.0017725322395563126,0.45626205881541687
2025-11-25,fold_7,"Inflation bear, AI rally and 2025",0.005165945738554001,1,0.008796879090368748,1,0.008796879090368748,0.4499379495100584,,,,1,87.96879090368748,-0.008103664964437485,0.02374311164021492,0.005165945738554001,0.6550691216377408
2025-11-26,fold_7,"Inflation bear, AI rally and 2025",-0.0028568673878908157,-1,0.008074427023530006,1,-0.008074427023530006,0.4418635224865284,,,,0,-80.74427023530006,-0.018388114869594574,0.014015650376677513,-0.0028568673878908157,0.5965591048813538
2025-11-28,fold_7,"Inflation bear, AI rally and 2025",0.0024434030055999756,1,-0.0033645550720393658,-1,-0.0033645550720393658,0.438498967414489,,,,0,-33.64555072039366,-0.015848783776164055,0.010010326281189919,0.0024434030055999756,-0.25463658553309576
2025-12-01,fold_7,"Inflation bear, AI rally and 2025",-0.005451960489153862,-1,0.007795544341206551,1,-0.007795544341206551,0.43070342307328247,,,,0,-77.9554434120655,-0.017302313819527626,0.011454490013420582,-0.005451960489153862,0.5909859154765658
2025-12-02,fold_7,"Inflation bear, AI rally and 2025",-0.004952302202582359,-1,0.0024408164899796247,1,-0.0024408164899796247,0.42826260658330284,,,,0,-24.408164899796247,-0.017150800675153732,0.004891549237072468,-0.004952302202582359,0.18403833411928913
2025-12-03,fold_7,"Inflation bear, AI rally and 2025",-0.0063434187322855,-1,-0.0009305825224146247,-1,0.0009305825224146247,0.42919318910571747,,,,1,9.305825224146247,-0.02678394317626953,0.00653810752555728,-0.0063434187322855,-0.07470613097210492
2025-12-04,fold_7,"Inflation bear, AI rally and 2025",-0.006941007450222969,-1,0.004069102928042412,1,-0.004069102928042412,0.42512408617767505,,,,0,-40.69102928042412,-0.030772894620895386,0.004229042213410139,-0.006941007450222969,0.3288540497593342
2025-12-05,fold_7,"Inflation bear, AI rally and 2025",-0.005671491846442223,-1,-0.0019203914562240243,-1,0.0019203914562240243,0.4270444776338991,,,,1,19.203914562240243,-0.020555349066853523,-0.01914352923631668,-0.005671491846442223,-0.16451758365576602
2025-12-08,fold_7,"Inflation bear, AI rally and 2025",-0.01211259700357914,-1,0.0012326041469350457,1,-0.0012326041469350457,0.42581187348696403,,,,0,-12.326041469350457,-0.020810704678297043,-0.02225513942539692,-0.01211259700357914,0.10571795040473164
2025-12-09,fold_7,"Inflation bear, AI rally and 2025",-0.008594231680035591,-1,0.00408737501129508,1,-0.00408737501129508,0.42172449847566895,,,,0,-40.8737501129508,-0.0190703384578228,-0.02150787226855755,-0.008594231680035591,0.3860940742634263
2025-12-10,fold_7,"Inflation bear, AI rally and 2025",-0.003974219784140587,-1,-0.0032396477181464434,-1,0.0032396477181464434,0.4249641461938154,,,,1,32.396477181464434,-0.0058671701699495316,-0.04430621117353439,-0.003974219784140587,-0.305364873438464
2025-12-11,fold_7,"Inflation bear, AI rally and 2025",-0.00042611174285411835,-1,-0.019303468987345695,-1,0.019303468987345695,0.4442676151811611,,,,1,193.03468987345695,-0.0011907890439033508,-0.02668045461177826,-0.00042611174285411835,-1.8155420144186112
2025-12-12,fold_7,"Inflation bear, AI rally and 2025",0.011436467990279198,1,-0.005032000597566366,-1,-0.005032000597566366,0.4392356145835947,,,,0,-50.32000597566366,0.033386796712875366,0.005574300419539213,0.011436467990279198,-0.47890443142588723
2025-12-15,fold_7,"Inflation bear, AI rally and 2025",0.023384924978017807,1,0.0019798711873590946,1,0.0019798711873590946,0.4412154857709538,,,,1,19.798711873590946,0.036283910274505615,0.01538827270269394,0.023384924978017807,0.18738061852739712
2025-12-16,fold_7,"Inflation bear, AI rally and 2025",0.02523672953248024,1,-0.018710967153310776,-1,-0.018710967153310776,0.42250451861764304,,,,0,-187.10967153310776,0.024790024384856224,0.018080780282616615,0.02523672953248024,-1.7991417330474324
2025-12-17,fold_7,"Inflation bear, AI rally and 2025",0.014556782320141792,1,0.014386109076440334,1,0.014386109076440334,0.4368906276940834,,,,1,143.86109076440334,0.021170390769839287,0.039713069796562195,0.014556782320141792,1.3234520309883862
2025-12-18,fold_7,"Inflation bear, AI rally and 2025",0.008777175098657608,1,0.012951286509633064,1,0.012951286509633064,0.44984191420371644,,,,1,129.51286509633064,-0.020730547606945038,0.025262802839279175,0.008777175098657608,1.1504351940592996
2025-12-19,fold_7,"Inflation bear, AI rally and 2025",0.0131272803992033,1,0.00478197168558836,1,0.00478197168558836,0.4546238858893048,,,,1,47.8197168558836,0.008615808561444283,0.007459201384335756,0.0131272803992033,0.4635322635963407
