date,fold,regime,prediction,pred_direction,actual_return,actual_direction,strategy_return,cumulative_return,confidence,aleatoric,epistemic,correct,pnl_bps,B_pred,B_actual,D_pred,D_actual
2008-12-24,fold_1,GFC peak crash (Lehman + Mar-2009 bottom),0.01703633926808834,1,-0.0003429576463531703,-1,-0.0003429576463531703,-0.0003429576463531703,,,,0,-3.4295764635317028,0.0007602162659168243,0.06284288316965103,0.01703633926808834,-0.01131396397522408
2008-12-26,fold_1,GFC peak crash (Lehman + Mar-2009 bottom),0.0038221776485443115,1,-0.008273275569081306,-1,-0.008273275569081306,-0.008616233215434477,,,,0,-82.73275569081306,0.003007689490914345,0.06286349147558212,0.0038221776485443115,-0.28636381278925166
2008-12-29,fold_1,GFC peak crash (Lehman + Mar-2009 bottom),0.026644952595233917,1,0.020555762574076653,1,0.020555762574076653,0.011939529358642176,,,,1,205.55762574076653,0.011793624609708786,0.08108048141002655,0.026644952595233917,0.7113592667332982
2008-12-30,fold_1,GFC peak crash (Lehman + Mar-2009 bottom),0.021416593343019485,1,0.008441665209829807,1,0.008441665209829807,0.020381194568471983,,,,1,84.41665209829807,-0.014743313193321228,0.0317063182592392,0.021416593343019485,0.359792261687734
2008-12-31,fold_1,GFC peak crash (Lehman + Mar-2009 bottom),0.0011541824787855148,1,0.042461689561605453,1,0.042461689561605453,0.06284288413007744,,,,1,424.61689561605453,-0.020415086299180984,0.033722203224897385,0.0011541824787855148,1.8988990613166399
2009-01-02,fold_1,GFC peak crash (Lehman + Mar-2009 bottom),0.0006631817668676376,1,-0.00032235000981017947,-1,-0.00032235000981017947,0.06252053412026726,,,,0,-3.2235000981017947,-0.014193675480782986,-0.03142658993601799,0.0006631817668676376,-0.013732587060522822
2009-01-05,fold_1,GFC peak crash (Lehman + Mar-2009 bottom),-0.0016008000820875168,-1,0.00994371809065342,1,-0.00994371809065342,0.05257681602961384,,,,0,-99.4371809065342,-0.01308902446180582,-0.04956405982375145,-0.0016008000820875168,0.440405604963444
2009-01-06,fold_1,GFC peak crash (Lehman + Mar-2009 bottom),-0.009710218757390976,-1,-0.028818404302001,-1,0.028818404302001,0.08139522033161484,,,,1,288.18404302001,0.00439528189599514,-0.0591689758002758,-0.009710218757390976,-1.38107552841447
2009-01-07,fold_1,GFC peak crash (Lehman + Mar-2009 bottom),0.027270032092928886,1,0.010457552038133144,1,0.010457552038133144,0.09185277236974798,,,,1,104.57552038133144,-0.0028619468212127686,-0.06130253151059151,0.027270032092928886,0.5213772021956417
2009-01-08,fold_1,GFC peak crash (Lehman + Mar-2009 bottom),0.021926360204815865,1,-0.02268710546195507,-1,-0.02268710546195507,0.06916566690779291,,,,0,-226.8710546195507,0.016286253929138184,-0.05547646805644035,0.021926360204815865,-1.123864984696404
2009-01-09,fold_1,GFC peak crash (Lehman + Mar-2009 bottom),0.024059971794486046,1,-0.018459821119904518,-1,-0.018459821119904518,0.05070584578788839,,,,0,-184.59821119904518,0.011305779218673706,-0.021853338927030563,0.024059971794486046,-0.8874499725674849
2009-01-12,fold_1,GFC peak crash (Lehman + Mar-2009 bottom),0.043872542679309845,1,0.00033880159026011825,1,0.00033880159026011825,0.05104464737814851,,,,1,3.3880159026011825,0.02264617383480072,-0.05429340526461601,0.043872542679309845,0.016710213945114464
2009-01-13,fold_1,GFC peak crash (Lehman + Mar-2009 bottom),0.00841168500483036,1,-0.030951958149671555,-1,-0.030951958149671555,0.020092689228476956,,,,0,-309.51958149671555,0.0299333818256855,-0.012951979413628578,0.00841168500483036,-1.5654513740687834
2009-01-14,fold_1,GFC peak crash (Lehman + Mar-2009 bottom),0.019574981182813644,1,0.016283614560961723,1,0.016283614560961723,0.03637630378943868,,,,1,162.83614560961723,0.027856241911649704,0.0045303646475076675,0.019574981182813644,0.7915411764355298
2009-01-15,fold_1,GFC peak crash (Lehman + Mar-2009 bottom),0.012529514729976654,1,0.01093602366745472,1,0.01093602366745472,0.0473123274568934,,,,1,109.3602366745472,-0.004950482398271561,-0.006897205486893654,0.012529514729976654,0.6052141544043578
2009-01-16,fold_1,GFC peak crash (Lehman + Mar-2009 bottom),-0.00010145269334316254,-1,-0.05089988932013512,-1,0.05089988932013512,0.09821221677702852,,,,1,508.99889320135117,-0.008029509335756302,-0.010592788457870483,-0.00010145269334316254,-2.823098035338528
2009-01-20,fold_1,GFC peak crash (Lehman + Mar-2009 bottom),0.01997467875480652,1,0.0416802279651165,1,0.0416802279651165,0.13989244474214502,,,,1,416.802279651165,-0.0034652259200811386,0.04749481379985809,0.01997467875480652,1.9894501200614343
2009-01-21,fold_1,GFC peak crash (Lehman + Mar-2009 bottom),0.01209139171987772,1,-0.013469614088535309,-1,-0.013469614088535309,0.1264228306536097,,,,0,-134.6961408853531,-0.00791126862168312,0.04034192115068436,0.01209139171987772,-0.5892937199583155
2009-01-22,fold_1,GFC peak crash (Lehman + Mar-2009 bottom),0.01397144515067339,1,0.004856044892221689,1,0.004856044892221689,0.1312788755458314,,,,1,48.56044892221689,0.0029761455953121185,0.02811305969953537,0.01397144515067339,0.21559962684167613
2009-01-23,fold_1,GFC peak crash (Lehman + Mar-2009 bottom),-0.00929049402475357,-1,0.00724044069647789,1,-0.00724044069647789,0.12403843484935351,,,,0,-72.4044069647789,-0.02128560282289982,0.005520956590771675,-0.00929049402475357,0.32150893117112656
2009-01-26,fold_1,GFC peak crash (Lehman + Mar-2009 bottom),0.0022033173590898514,1,0.007187714800238609,1,0.007187714800238609,0.13122614964959212,,,,1,71.8771480023861,-0.019694458693265915,0.01025271974503994,0.0022033173590898514,0.318464132859641
2009-01-27,fold_1,GFC peak crash (Lehman + Mar-2009 bottom),0.03783353418111801,1,0.034527335315942764,1,0.034527335315942764,0.16575348496553488,,,,1,345.27335315942764,-0.007847672328352928,0.018584955483675003,0.03783353418111801,1.5259379429002036
2009-01-28,fold_1,GFC peak crash (Lehman + Mar-2009 bottom),-0.006702851504087448,-1,-0.025698475539684296,-1,0.025698475539684296,0.19145196050521918,,,,1,256.98475539684296,-0.019886845722794533,-0.01460401713848114,-0.006702851504087448,-1.0781286776485335
2009-01-29,fold_1,GFC peak crash (Lehman + Mar-2009 bottom),0.020642783492803574,1,-0.017736058682203293,-1,-0.017736058682203293,0.17371590182301588,,,,0,-177.36058682203293,-0.02755785547196865,0.032920949161052704,0.020642783492803574,-0.7364133233704658
2009-01-30,fold_1,GFC peak crash (Lehman + Mar-2009 bottom),0.004249239340424538,1,0.011972203850746155,1,0.011972203850746155,0.18568810567376204,,,,1,119.72203850746155,0.022905033081769943,0.07648946344852448,0.004249239340424538,0.4919620198706491
2009-02-02,fold_1,GFC peak crash (Lehman + Mar-2009 bottom),0.009692251682281494,1,0.015519951470196247,1,0.015519951470196247,0.20120805714395829,,,,1,155.19951470196247,-0.009426120668649673,0.06865273416042328,0.009692251682281494,0.6877479031448788
2009-02-03,fold_1,GFC peak crash (Lehman + Mar-2009 bottom),0.008230132982134819,1,0.0013383622281253338,1,0.0013383622281253338,0.20254641937208362,,,,1,13.383622281253338,-0.010952113196253777,0.015612514689564705,0.008230132982134819,0.05861908332521261
2009-02-04,fold_1,GFC peak crash (Lehman + Mar-2009 bottom),0.01489079650491476,1,0.021826492622494698,1,0.021826492622494698,0.22437291199457832,,,,1,218.26492622494698,-0.017704937607049942,0.009649120271205902,0.01489079650491476,0.9604636281767396
2009-02-05,fold_1,GFC peak crash (Lehman + Mar-2009 bottom),0.004512006416916847,1,0.02583245187997818,1,0.02583245187997818,0.2502053638745565,,,,1,258.3245187997818,-0.0725880116224289,0.0,0.004512006416916847,1.1567459466344763
2009-02-06,fold_1,GFC peak crash (Lehman + Mar-2009 bottom),-0.024971812963485718,-1,0.004135478753596544,1,-0.004135478753596544,0.24606988512095995,,,,0,-41.35478753596544,-0.05177227407693863,-0.030422896146774292,-0.024971812963485718,0.18020994654689176
2009-02-09,fold_1,GFC peak crash (Lehman + Mar-2009 bottom),-0.008500415831804276,-1,-0.03752027079463005,-1,0.03752027079463005,0.28359015591559,,,,1,375.2027079463005,-0.02327246032655239,-0.07513406872749329,-0.008500415831804276,-1.6750522774946477
2009-02-10,fold_1,GFC peak crash (Lehman + Mar-2009 bottom),0.039132118225097656,1,-0.004625031724572182,-1,-0.004625031724572182,0.2789651241910178,,,,0,-46.25031724572182,-0.04031838849186897,-0.03692920506000519,0.039132118225097656,-0.1963064211528487
2009-02-11,fold_1,GFC peak crash (Lehman + Mar-2009 bottom),0.028711510822176933,1,0.01217737141996622,1,0.01217737141996622,0.29114249561098404,,,,1,121.77371419966221,-0.002530677244067192,-0.04781389608979225,0.028711510822176933,0.5163659305223878
2009-02-12,fold_1,GFC peak crash (Lehman + Mar-2009 bottom),0.03487328067421913,1,-0.004590444266796112,-1,-0.004590444266796112,0.28655205134418793,,,,0,-45.90444266796112,-0.015815578401088715,-0.057216279208660126,0.03487328067421913,-0.20214900412444273
2009-02-13,fold_1,GFC peak crash (Lehman + Mar-2009 bottom),0.015802087262272835,1,-0.04057569429278374,-1,-0.04057569429278374,0.2459763570514042,,,,0,-405.7569429278374,-0.04843626171350479,-0.08823682367801666,0.015802087262272835,-1.8083558163302977
2009-02-17,fold_1,GFC peak crash (Lehman + Mar-2009 bottom),0.013694277964532375,1,0.000684593163896352,1,0.000684593163896352,0.24666095021530055,,,,1,6.8459316389635205,-0.003495302051305771,-0.015172178857028484,0.013694277964532375,0.02843112078509613
2009-02-18,fold_1,GFC peak crash (Lehman + Mar-2009 bottom),0.014670487493276596,1,-0.015509720891714096,-1,-0.015509720891714096,0.23115122932358645,,,,0,-155.09720891714096,0.00013707391917705536,-0.022480914369225502,0.014670487493276596,-0.7309061935277794
2009-02-19,fold_1,GFC peak crash (Lehman + Mar-2009 bottom),0.015102669596672058,1,0.002774988068267703,1,0.002774988068267703,0.23392621739185415,,,,1,27.74988068267703,-0.010060491040349007,-0.03535139560699463,0.015102669596672058,0.14321432013255497
2009-02-20,fold_1,GFC peak crash (Lehman + Mar-2009 bottom),0.014944256283342838,1,-0.03561098873615265,-1,-0.03561098873615265,0.1983152286557015,,,,0,-356.1098873615265,-0.0075589437037706375,-0.04752684384584427,0.014944256283342838,-1.8594837500008825
2009-02-23,fold_1,GFC peak crash (Lehman + Mar-2009 bottom),0.01546415127813816,1,0.032488949596881866,1,0.032488949596881866,0.23080417825258337,,,,1,324.88949596881866,0.017259404063224792,-0.04477813467383385,0.01546415127813816,1.5686010459481285
2009-02-24,fold_1,GFC peak crash (Lehman + Mar-2009 bottom),-0.030303776264190674,-1,-0.00662414263933897,-1,0.00662414263933897,0.23742832089192234,,,,1,66.2414263933897,-0.0024714283645153046,-0.0780186802148819,-0.030303776264190674,-0.3026191429693795
2009-02-25,fold_1,GFC peak crash (Lehman + Mar-2009 bottom),-0.01746702566742897,-1,-0.028380202129483223,-1,0.028380202129483223,0.26580852302140556,,,,1,283.80202129483223,-0.03513418883085251,-0.04507232457399368,-0.01746702566742897,-1.2970558461101405
2009-02-26,fold_1,GFC peak crash (Lehman + Mar-2009 bottom),-0.008676696568727493,-1,-0.009400458075106144,-1,0.009400458075106144,0.2752089810965117,,,,1,94.00458075106144,-0.03721734136343002,-0.04715467616915703,-0.008676696568727493,-0.4385750530238969
2009-02-27,fold_1,GFC peak crash (Lehman + Mar-2009 bottom),0.003992285579442978,1,-0.03286227956414223,-1,-0.03286227956414223,0.24234670153236948,,,,0,-328.6227956414223,-0.027137015014886856,-0.045707352459430695,0.003992285579442978,-1.5832543341428431
2009-03-02,fold_1,GFC peak crash (Lehman + Mar-2009 bottom),0.01410199236124754,1,-0.000751598970964551,-1,-0.000751598970964551,0.24159510256140493,,,,0,-7.51598970964551,-0.0028262361884117126,-0.03436747193336487,0.01410199236124754,-0.034702426339665096
2009-03-03,fold_1,GFC peak crash (Lehman + Mar-2009 bottom),-0.0019237753003835678,-1,0.026322215795516968,1,-0.026322215795516968,0.21527288676588796,,,,0,-263.2221579551697,-0.003024585545063019,0.026322215795516968,-0.0019237753003835678,1.2246895328254972
2009-03-04,fold_1,GFC peak crash (Lehman + Mar-2009 bottom),-0.017917193472385406,-1,-0.030462555587291718,-1,0.030462555587291718,0.24573544235317968,,,,1,304.6255558729172,-0.025956647470593452,0.015251108445227146,-0.017917193472385406,-1.3838793595797154
2009-03-05,fold_1,GFC peak crash (Lehman + Mar-2009 bottom),0.014944830909371376,1,-0.007953135296702385,-1,-0.007953135296702385,0.2377823070564773,,,,0,-79.53135296702385,0.0011035054922103882,0.0783289447426796,0.014944830909371376,-0.34518343722180445
2009-03-06,fold_1,GFC peak crash (Lehman + Mar-2009 bottom),0.013053355738520622,1,-0.0215223990380764,-1,-0.0215223990380764,0.2162599080184009,,,,0,-215.223990380764,-0.0068411268293857574,0.08872090280056,0.013053355738520622,-0.9528420129139734
2009-03-09,fold_1,GFC peak crash (Lehman + Mar-2009 bottom),0.014126395806670189,1,0.059938088059425354,1,0.059938088059425354,0.27619799607782625,,,,1,599.3808805942535,-0.007584821432828903,0.093400739133358,0.014126395806670189,2.6805293227550755
2009-03-10,fold_1,GFC peak crash (Lehman + Mar-2009 bottom),-0.024136275053024292,-1,0.015251108445227146,1,-0.015251108445227146,0.2609468876325991,,,,0,-152.51108445227146,-0.043173711746931076,0.07062570750713348,-0.024136275053024292,0.5853840661056128
2009-03-11,fold_1,GFC peak crash (Lehman + Mar-2009 bottom),-0.012785077095031738,-1,0.03261528164148331,1,-0.03261528164148331,0.2283316059911158,,,,0,-326.15281641483307,-0.03247926011681557,0.0679113119840622,-0.012785077095031738,1.3098519365463446
2009-03-12,fold_1,GFC peak crash (Lehman + Mar-2009 bottom),-0.018637634813785553,-1,0.0024388229940086603,1,-0.0024388229940086603,0.22589278299710713,,,,0,-24.388229940086603,-0.051681920886039734,0.03462249040603638,-0.018637634813785553,0.09407075065924828
2009-03-13,fold_1,GFC peak crash (Lehman + Mar-2009 bottom),-0.018707051873207092,-1,-0.016842564567923546,-1,0.016842564567923546,0.24273534756503068,,,,1,168.42564567923546,-0.016382813453674316,0.0168460663408041,-0.018707051873207092,-0.6531217118920715
2009-03-16,fold_1,GFC peak crash (Lehman + Mar-2009 bottom),-0.009857717901468277,-1,0.037163060158491135,1,-0.037163060158491135,0.20557228740653954,,,,0,-371.63060158491135,-0.016289155930280685,0.09096124023199081,-0.009857717901468277,1.4270914904074783
2009-03-17,fold_1,GFC peak crash (Lehman + Mar-2009 bottom),-0.016835294663906097,-1,0.012536708265542984,1,-0.012536708265542984,0.19303557914099656,,,,0,-125.36708265542984,-0.029930543154478073,0.03517917916178703,-0.016835294663906097,0.48619827721992376
2009-03-18,fold_1,GFC peak crash (Lehman + Mar-2009 bottom),-0.014402195811271667,-1,-0.000673539936542511,-1,0.000673539936542511,0.19370911907753907,,,,1,6.73539936542511,-0.02909011021256447,0.02724788524210453,-0.014402195811271667,-0.025968645943417606
2009-03-19,fold_1,GFC peak crash (Lehman + Mar-2009 bottom),0.008747680112719536,1,-0.015337600372731686,-1,-0.015337600372731686,0.17837151870480739,,,,0,-153.37600372731686,-0.002246471121907234,0.05830502137541771,0.008747680112719536,-0.5966964858352954
2009-03-20,fold_1,GFC peak crash (Lehman + Mar-2009 bottom),0.009263131767511368,1,0.05727260932326317,1,0.05727260932326317,0.23564412802807055,,,,1,572.7260932326317,0.01331595703959465,0.05468008294701576,0.009263131767511368,2.2092033033287364
2009-03-23,fold_1,GFC peak crash (Lehman + Mar-2009 bottom),-0.0061660036444664,-1,-0.018618999049067497,-1,0.018618999049067497,0.25426312707713805,,,,1,186.18999049067497,-0.0149558549746871,-0.027560722082853317,-0.0061660036444664,-0.6698162405411248
2009-03-24,fold_1,GFC peak crash (Lehman + Mar-2009 bottom),0.0007141120731830597,1,0.0046054162085056305,1,0.0046054162085056305,0.2588685432856437,,,,1,46.054162085056305,-0.0021660365164279938,-0.00033004675060510635,0.0007141120731830597,0.16961509548873643
2009-03-25,fold_1,GFC peak crash (Lehman + Mar-2009 bottom),-0.003036610782146454,-1,0.03038359433412552,1,-0.03038359433412552,0.22848494895151816,,,,0,-303.8359433412552,-0.0045034755021333694,0.00979765597730875,-0.003036610782146454,1.1198733440510578
2009-03-26,fold_1,GFC peak crash (Lehman + Mar-2009 bottom),-0.001817537471652031,-1,-0.018962539732456207,-1,0.018962539732456207,0.24744748868397437,,,,1,189.62539732456207,-0.00019630789756774902,0.011081703938543797,-0.001817537471652031,-0.6961401824098795
2009-03-27,fold_1,GFC peak crash (Lehman + Mar-2009 bottom),-0.0026599373668432236,-1,-0.024968193843960762,-1,0.024968193843960762,0.27241568252793513,,,,1,249.68193843960762,0.007392954081296921,0.048450127243995667,-0.0026599373668432236,-0.9083529903405672
2009-03-30,fold_1,GFC peak crash (Lehman + Mar-2009 bottom),0.02824956364929676,1,0.008611675351858139,1,0.008611675351858139,0.28102735787979327,,,,1,86.11675351858139,-0.03216977044939995,0.0709424838423729,0.02824956364929676,0.31813871412694694
2011-11-25,fold_2,2011 US-downgrade + EU debt,0.016209300607442856,1,0.03420417010784149,1,0.03420417010784149,0.03420417010784149,,,,1,342.0417010784149,0.027204617857933044,0.06833713501691818,0.016209300607442856,2.0928216108284197
2011-11-28,fold_2,2011 US-downgrade + EU debt,-0.005548905581235886,-1,-0.006232367362827063,-1,0.006232367362827063,0.040436537470668554,,,,1,62.323673628270626,0.020072247833013535,0.045023635029792786,-0.005548905581235886,-0.3454483536275587
2011-11-29,fold_2,2011 US-downgrade + EU debt,0.01612338423728943,1,0.03629493713378906,1,0.03629493713378906,0.07673147460445762,,,,1,362.9493713378906,0.04704754054546356,0.048457056283950806,0.01612338423728943,2.051226385858985
2011-11-30,fold_2,2011 US-downgrade + EU debt,0.00027462467551231384,1,0.006892128381878138,1,0.006892128381878138,0.08362360298633575,,,,1,68.92128381878138,-0.0010216683149337769,0.012162119150161743,0.00027462467551231384,0.37154584442518823
2011-12-01,fold_2,2011 US-downgrade + EU debt,0.0006915144622325897,1,-0.002821733010932803,-1,-0.002821733010932803,0.08080186997540295,,,,0,-28.21733010932803,0.009287133812904358,-0.011691782623529434,0.0006915144622325897,-0.15238429575365461
2011-12-02,fold_2,2011 US-downgrade + EU debt,0.0003735106438398361,1,0.010890672914683819,1,0.010890672914683819,0.09169254289008677,,,,1,108.90672914683819,0.010431874543428421,0.007039838936179876,0.0003735106438398361,0.6066935826487395
2011-12-05,fold_2,2011 US-downgrade + EU debt,-0.000793972983956337,-1,-0.0027989486698061228,-1,0.0027989486698061228,0.09449149155989289,,,,1,27.989486698061228,-0.011068367399275303,-0.015138103626668453,-0.000793972983956337,-0.15482394903360208
2011-12-06,fold_2,2011 US-downgrade + EU debt,0.0031342338770627975,1,0.0,0,0.0,0.09449149155989289,,,,0,0.0,0.0065459758043289185,-0.02339749038219452,0.0031342338770627975,0.0
2011-12-07,fold_2,2011 US-downgrade + EU debt,-0.008504439145326614,-1,-0.016961773857474327,-1,0.016961773857474327,0.11145326541736722,,,,1,169.61773857474327,-0.011349480599164963,-0.039122771471738815,-0.008504439145326614,-0.9509170080754884
2011-12-08,fold_2,2011 US-downgrade + EU debt,0.017138317227363586,1,0.015909889712929726,1,0.015909889712929726,0.12736315513029695,,,,1,159.09889712929726,0.011538472026586533,-0.024897422641515732,0.017138317227363586,0.9709272968258564
2011-12-09,fold_2,2011 US-downgrade + EU debt,-0.01709873229265213,-1,-0.011287270113825798,-1,0.011287270113825798,0.13865042524412274,,,,1,112.87270113825798,0.015876132994890213,-0.035672057420015335,-0.01709873229265213,-0.6731594202347267
2011-12-12,fold_2,2011 US-downgrade + EU debt,-0.012903064489364624,-1,-0.01105833426117897,-1,0.01105833426117897,0.14970875950530171,,,,1,110.5833426117897,-0.004424050450325012,-0.03427647426724434,-0.012903064489364624,-0.6728694141096118
2011-12-13,fold_2,2011 US-downgrade + EU debt,-0.009642932564020157,-1,-0.015725282952189445,-1,0.015725282952189445,0.16543404245749116,,,,1,157.25282952189445,0.0006975829601287842,0.0059900484047830105,-0.009642932564020157,-0.9495455651902264
2011-12-14,fold_2,2011 US-downgrade + EU debt,-0.0037082042545080185,-1,-0.002736423397436738,-1,0.002736423397436738,0.1681704658549279,,,,1,27.36423397436738,0.012726988643407822,0.007308221887797117,-0.0037082042545080185,-0.16338743523011157
2011-12-15,fold_2,2011 US-downgrade + EU debt,0.0004542134702205658,1,0.005135253071784973,1,0.005135253071784973,0.17330571892671287,,,,1,51.35253071784973,0.030483786016702652,0.018533855676651,0.0004542134702205658,0.3142684862593917
2011-12-16,fold_2,2011 US-downgrade + EU debt,0.0014893636107444763,1,-0.009891687892377377,-1,-0.009891687892377377,0.1634140310343355,,,,0,-98.91687892377377,0.005474623292684555,0.021994922310113907,0.0014893636107444763,-0.6382412654649806
2011-12-19,fold_2,2011 US-downgrade + EU debt,0.012005175463855267,1,0.029208188876509666,1,0.029208188876509666,0.19262221991084516,,,,1,292.08188876509666,0.02498704567551613,0.03560950607061386,0.012005175463855267,1.8771779916831859
2011-12-20,fold_2,2011 US-downgrade + EU debt,0.003261132165789604,1,-0.014407109469175339,-1,-0.014407109469175339,0.17821511044166982,,,,0,-144.0710946917534,0.005171960219740868,-0.005223233252763748,0.003261132165789604,-0.8831967265206787
2011-12-21,fold_2,2011 US-downgrade + EU debt,0.013764126226305962,1,0.008489210158586502,1,0.008489210158586502,0.18670432060025632,,,,1,84.89210158586502,-0.00858328491449356,0.016353648155927658,0.013764126226305962,0.5110574939016249
2011-12-22,fold_2,2011 US-downgrade + EU debt,0.00599617138504982,1,0.008596319705247879,1,0.008596319705247879,0.1953006403055042,,,,1,85.96319705247879,-0.021927034482359886,0.005002554971724749,0.00599617138504982,0.5399180228938677
2011-12-23,fold_2,2011 US-downgrade + EU debt,0.003162957727909088,1,0.0037228951696306467,1,0.0037228951696306467,0.19902353547513485,,,,1,37.22895169630647,-0.016821682453155518,0.015389706939458847,0.003162957727909088,0.23349997107919782
2011-12-27,fold_2,2011 US-downgrade + EU debt,0.0025056730955839157,1,-0.011624548584222794,-1,-0.011624548584222794,0.18739898689091206,,,,0,-116.24548584222794,-0.03252005577087402,0.015876110643148422,0.0025056730955839157,-0.8294704762865347
2011-12-28,fold_2,2011 US-downgrade + EU debt,0.007484691217541695,1,0.007169771008193493,1,0.007169771008193493,0.19456875789910555,,,,1,71.69771008193493,-0.015092420391738415,0.03569252789020538,0.007484691217541695,0.5054421435318919
2011-12-29,fold_2,2011 US-downgrade + EU debt,0.00046690739691257477,1,-0.002861881861463189,-1,-0.002861881861463189,0.19170687603764236,,,,0,-28.61881861463189,-0.005394842475652695,0.03198814019560814,0.00046690739691257477,-0.24368794404464716
2011-12-30,fold_2,2011 US-downgrade + EU debt,0.005703536793589592,1,0.018983472138643265,1,0.018983472138643265,0.21069034817628562,,,,1,189.83472138643265,0.004419783130288124,0.03155828267335892,0.005703536793589592,1.6280766304793013
2012-01-03,fold_2,2011 US-downgrade + EU debt,0.006306188181042671,1,0.004209298174828291,1,0.004209298174828291,0.21489964635111392,,,,1,42.09298174828291,0.01776697486639023,0.019837142899632454,0.006306188181042671,0.3396611501012018
2012-01-04,fold_2,2011 US-downgrade + EU debt,0.009224491193890572,1,0.008191867731511593,1,0.008191867731511593,0.2230915140826255,,,,1,81.91867731511593,0.005651600658893585,0.01769336871802807,0.009224491193890572,0.672157943262196
2012-01-05,fold_2,2011 US-downgrade + EU debt,-0.00020637363195419312,-1,0.0034653828479349613,1,-0.0034653828479349613,0.21962613123469055,,,,0,-34.65382847934961,0.013283614069223404,0.01344839483499527,-0.00020637363195419312,0.28154617876989074
2012-01-06,fold_2,2011 US-downgrade + EU debt,-0.002098478376865387,-1,-0.0032917384523898363,-1,0.0032917384523898363,0.22291786968708038,,,,1,32.91738452389836,0.01342003047466278,0.00638009374961257,-0.002098478376865387,-0.26690995994171485
2012-01-09,fold_2,2011 US-downgrade + EU debt,-0.002088591456413269,-1,0.0072623323649168015,1,-0.0072623323649168015,0.21565553732216358,,,,0,-72.62332364916801,0.011049963533878326,0.018740149214863777,-0.002088591456413269,0.6176430054681394
2012-01-10,fold_2,2011 US-downgrade + EU debt,0.00861450470983982,1,0.0020655242260545492,1,0.0020655242260545492,0.21772106154821813,,,,1,20.655242260545492,0.00046566687524318695,0.024675680324435234,0.00861450470983982,0.18240113183113085
2012-01-11,fold_2,2011 US-downgrade + EU debt,0.0029364004731178284,1,0.003946894314140081,1,0.003946894314140081,0.2216679558623582,,,,1,39.468943141400814,-0.012249160557985306,0.028810633346438408,0.0029364004731178284,0.3572210027434997
2012-01-12,fold_2,2011 US-downgrade + EU debt,0.007524032145738602,1,-0.0036029184702783823,-1,-0.0036029184702783823,0.21806503739207983,,,,0,-36.02918470278382,0.000826692208647728,0.023359356448054314,0.007524032145738602,-0.33345716869875647
2012-01-13,fold_2,2011 US-downgrade + EU debt,0.01213500089943409,1,0.009068316780030727,1,0.009068316780030727,0.22713335417211056,,,,1,90.68316780030727,-0.012563693337142467,0.027296697720885277,0.01213500089943409,0.8848621991021048
2012-01-17,fold_2,2011 US-downgrade + EU debt,0.02090480551123619,1,0.013197863474488258,1,0.013197863474488258,0.24033121764659882,,,,1,131.97863474488258,-0.005731334909796715,0.01638673059642315,0.02090480551123619,1.2654933739685277
2012-01-18,fold_2,2011 US-downgrade + EU debt,0.0069597028195858,1,0.006200478412210941,1,0.006200478412210941,0.24653169605880976,,,,1,62.00478412210941,0.0016796719282865524,0.015677636489272118,0.0069597028195858,0.5753151595477494
2012-01-19,fold_2,2011 US-downgrade + EU debt,0.005786174908280373,1,-0.0015043833991512656,-1,-0.0015043833991512656,0.2450273126596585,,,,0,-15.043833991512656,0.005857989192008972,0.005996078252792358,0.005786174908280373,-0.14140463209322943
2012-01-20,fold_2,2011 US-downgrade + EU debt,0.000558929517865181,1,0.0003344228898640722,1,0.0003344228898640722,0.24536173554952256,,,,1,3.344228898640722,0.011905334889888763,0.010485036298632622,0.000558929517865181,0.039788999324111236
2012-01-23,fold_2,2011 US-downgrade + EU debt,-0.0012112464755773544,-1,-0.001841651159338653,-1,0.001841651159338653,0.24720338670886122,,,,1,18.41651159338653,0.011732805520296097,0.010978174395859241,-0.0012112464755773544,-0.23722331805890484
2012-01-24,fold_2,2011 US-downgrade + EU debt,0.0049906447529792786,1,0.012488769367337227,1,0.012488769367337227,0.25969215607619844,,,,1,124.88769367337227,0.009264815598726273,0.014142458327114582,0.0049906447529792786,1.6565615210635705
2012-01-25,fold_2,2011 US-downgrade + EU debt,0.0001978650689125061,1,-0.0034810793586075306,-1,-0.0034810793586075306,0.2562110767175909,,,,0,-34.810793586075306,0.0030212290585041046,0.009716147556900978,0.0001978650689125061,-0.44592694704213065
2012-01-26,fold_2,2011 US-downgrade + EU debt,0.006981177255511284,1,0.0029845747631043196,1,0.0029845747631043196,0.25919565148069523,,,,1,29.845747631043196,-0.004275035113096237,0.01630597747862339,0.006981177255511284,0.38259811683906547
2012-01-27,fold_2,2011 US-downgrade + EU debt,-0.0001686476171016693,-1,0.000827561307232827,1,-0.000827561307232827,0.2583680901734624,,,,0,-8.27561307232827,-0.018355676904320717,0.026951424777507782,-0.0001686476171016693,0.11205640185162051
2012-01-30,fold_2,2011 US-downgrade + EU debt,0.009088829159736633,1,0.0013226325390860438,1,0.0013226325390860438,0.25969072271254845,,,,1,13.226325390860438,-0.021197333931922913,0.025317996740341187,0.009088829159736633,0.18340650606887668
2012-01-31,fold_2,2011 US-downgrade + EU debt,0.010808497667312622,1,0.008062458597123623,1,0.008062458597123623,0.2677531813096721,,,,1,80.62458597123623,-0.019676391035318375,0.026089711114764214,0.010808497667312622,1.1214809968773007
2012-02-01,fold_2,2011 US-downgrade + EU debt,-0.003081217408180237,-1,0.003108750795945525,1,-0.003108750795945525,0.26464443051372655,,,,0,-31.08750795945525,-0.007233122363686562,0.023324616253376007,-0.003081217408180237,0.5116638443727852
2012-02-02,fold_2,2011 US-downgrade + EU debt,0.0004301778972148895,1,0.01363002136349678,1,0.01363002136349678,0.27827445187722333,,,,1,136.3002136349678,-0.005982713773846626,0.027394801378250122,0.0004301778972148895,2.2556782061599634
2012-02-03,fold_2,2011 US-downgrade + EU debt,-0.001508377492427826,-1,-0.0008058656821958721,-1,0.0008058656821958721,0.2790803175594192,,,,1,8.05865682195872,-0.004273954778909683,0.006745867431163788,-0.001508377492427826,-0.12369304079839814
2012-02-06,fold_2,2011 US-downgrade + EU debt,-0.0008155684918165207,-1,0.0020943458657711744,1,-0.0020943458657711744,0.276985971693648,,,,0,-20.943458657711744,-0.0069038476794958115,0.01679355278611183,-0.0008155684918165207,0.3236356149482816
2012-02-07,fold_2,2011 US-downgrade + EU debt,0.0027163922786712646,1,0.005297363270074129,1,0.005297363270074129,0.28228333496372215,,,,1,52.97363270074129,-0.00202002190053463,0.01723337359726429,0.0027163922786712646,0.8217622714312218
2012-02-08,fold_2,2011 US-downgrade + EU debt,0.0019676759839057922,1,0.0071789356879889965,1,0.0071789356879889965,0.28946227065171115,,,,1,71.78935687988997,-0.008118698373436928,0.004950869362801313,0.0019676759839057922,1.130556543370586
2012-02-09,fold_2,2011 US-downgrade + EU debt,0.0027935542166233063,1,-0.007018911652266979,-1,-0.007018911652266979,0.28244335899944417,,,,0,-70.18911652266979,-0.006374180316925049,0.01137989480048418,0.0027935542166233063,-1.074317083326856
2012-02-10,fold_2,2011 US-downgrade + EU debt,0.0048128217458724976,1,0.009241819381713867,1,0.009241819381713867,0.29168517838115804,,,,1,92.41819381713867,-0.002365522086620331,0.015250276774168015,0.0048128217458724976,1.3874465085316885
2012-02-13,fold_2,2011 US-downgrade + EU debt,0.0021678488701581955,1,0.00253416714258492,1,0.00253416714258492,0.29421934552374296,,,,1,25.3416714258492,-0.004174493253231049,0.00884240958839655,0.0021678488701581955,0.3658105560002509
2012-02-14,fold_2,2011 US-downgrade + EU debt,0.0009782221168279648,1,-0.006985141430050135,-1,-0.006985141430050135,0.2872342040936928,,,,0,-69.85141430050135,-0.00705253891646862,0.001738892518915236,0.0009782221168279648,-1.0506623351197235
2012-02-15,fold_2,2011 US-downgrade + EU debt,-0.006440754979848862,-1,0.013607961125671864,1,-0.013607961125671864,0.27362624296802096,,,,0,-136.07961125671864,0.004956340417265892,0.015335114672780037,-0.006440754979848862,2.209520931384703
2012-02-16,fold_2,2011 US-downgrade + EU debt,-0.0013382043689489365,-1,-0.003148529212921858,-1,0.003148529212921858,0.2767747721809428,,,,1,31.48529212921858,-0.01045090053230524,0.005172334145754576,-0.0013382043689489365,-0.4679680087542468
2012-02-17,fold_2,2011 US-downgrade + EU debt,-0.0003156885504722595,-1,0.0028339524287730455,1,-0.0028339524287730455,0.2739408197521698,,,,0,-28.339524287730455,-0.011996175162494183,0.009727438911795616,-0.0003156885504722595,0.41944385103734144
2012-02-21,fold_2,2011 US-downgrade + EU debt,0.0025815479457378387,1,-0.004569350276142359,-1,-0.004569350276142359,0.2693714694760274,,,,0,-45.69350276142359,-0.016028016805648804,0.016990341246128082,0.0025815479457378387,-0.6733801069912754
2012-02-22,fold_2,2011 US-downgrade + EU debt,0.0037861596792936325,1,0.006611080374568701,1,0.006611080374568701,0.2759825498505961,,,,1,66.11080374568701,-0.011693280190229416,0.01706789620220661,0.0037861596792936325,0.9651470783620054
2012-02-23,fold_2,2011 US-downgrade + EU debt,0.004068264737725258,1,0.003445180831477046,1,0.003445180831477046,0.27942773068207316,,,,1,34.45180831477046,-0.01911770924925804,0.018343226984143257,0.004068264737725258,0.5360447494646549
2012-02-24,fold_2,2011 US-downgrade + EU debt,-0.000331975519657135,-1,0.001406575320288539,1,-0.001406575320288539,0.2780211553617846,,,,0,-14.06575320288539,-0.016035251319408417,0.014127819798886776,-0.000331975519657135,0.21888569425971233
2012-02-27,fold_2,2011 US-downgrade + EU debt,-0.003064636141061783,-1,0.010096855461597443,1,-0.010096855461597443,0.2679242999001872,,,,0,-100.96855461597443,-0.0156943891197443,0.002339030848816037,-0.003064636141061783,1.5778658998156045
2012-02-28,fold_2,2011 US-downgrade + EU debt,-0.003121204674243927,-1,-0.004491796251386404,-1,0.004491796251386404,0.2724160961515736,,,,1,44.91796251386404,-0.012896053493022919,-0.01761925034224987,-0.003121204674243927,-0.662199871345816
2012-02-29,fold_2,2011 US-downgrade + EU debt,-0.0014717858284711838,-1,0.007886411622166634,1,-0.007886411622166634,0.26452968452940695,,,,0,-78.86411622166634,-0.0005856771022081375,-0.005449074786156416,-0.0014717858284711838,1.151179852539622
2012-03-01,fold_2,2011 US-downgrade + EU debt,0.001084527000784874,1,-0.0007702261791564524,-1,-0.0007702261791564524,0.2637594583502505,,,,0,-7.702261791564524,-0.0098173962906003,-0.0026220991276204586,0.001084527000784874,-0.1125984819999919
2012-03-02,fold_2,2011 US-downgrade + EU debt,0.0009495113044977188,1,-0.0103822136297822,-1,-0.0103822136297822,0.2533772447204683,,,,0,-103.822136297822,-0.007422907277941704,0.0023094317875802517,0.0009495113044977188,-1.5251736877537474
2012-03-05,fold_2,2011 US-downgrade + EU debt,-0.002253349870443344,-1,-0.009861424565315247,-1,0.009861424565315247,0.26323866928578354,,,,1,98.61424565315247,-0.006852090358734131,0.013153144158422947,-0.002253349870443344,-1.5137589597575667
2012-03-06,fold_2,2011 US-downgrade + EU debt,-0.000483902171254158,-1,0.007678378373384476,1,-0.007678378373384476,0.25556029091239907,,,,0,-76.78378373384476,0.0009302515536546707,0.04144495725631714,-0.000483902171254158,1.1168153240786654
2012-03-07,fold_2,2011 US-downgrade + EU debt,-0.0009996108710765839,-1,0.010713387280702591,1,-0.010713387280702591,0.24484690363169648,,,,0,-107.13387280702591,-0.0005621742457151413,0.037231557071208954,-0.0009996108710765839,1.5151388808677082
2012-03-08,fold_2,2011 US-downgrade + EU debt,0.0015506483614444733,1,0.004161304794251919,1,0.004161304794251919,0.2490082084259484,,,,1,41.61304794251919,-0.0034182313829660416,0.029371794313192368,0.0015506483614444733,0.5645424096506517
2012-03-09,fold_2,2011 US-downgrade + EU debt,0.004428992047905922,1,0.0004614990612026304,1,0.0004614990612026304,0.24946970748715103,,,,1,4.614990612026304,0.004175318405032158,0.024503981694579124,0.004428992047905922,0.06361889606810102
2012-03-12,fold_2,2011 US-downgrade + EU debt,0.0002942439168691635,1,0.01843038946390152,1,0.01843038946390152,0.26790009695105255,,,,1,184.3038946390152,-0.010664144530892372,0.03108314424753189,0.0002942439168691635,2.602040314567907
2012-03-13,fold_2,2011 US-downgrade + EU debt,-0.004452019929885864,-1,0.0034649777226150036,1,-0.0034649777226150036,0.26443511922843754,,,,0,-34.649777226150036,-0.0035801157355308533,0.01444236095994711,-0.004452019929885864,0.43695195041424706
2012-03-14,fold_2,2011 US-downgrade + EU debt,4.994124174118042e-05,1,0.0028536233585327864,1,0.0028536233585327864,0.26728874258697033,,,,1,28.536233585327864,-0.0016409829258918762,0.011126581579446793,4.994124174118042e-05,0.35906071161865233
2012-03-15,fold_2,2011 US-downgrade + EU debt,0.006575575098395348,1,-0.0007065081736072898,-1,-0.0007065081736072898,0.26658223441336304,,,,0,-7.065081736072898,0.0003659278154373169,0.006184988189488649,0.006575575098395348,-0.09036301955303956
2012-03-16,fold_2,2011 US-downgrade + EU debt,0.005922943353652954,1,0.007040662225335836,1,0.007040662225335836,0.2736228966386989,,,,1,70.40662225335836,-0.004937352612614632,0.006294159684330225,0.005922943353652954,0.9773428193550118
2012-03-19,fold_2,2011 US-downgrade + EU debt,0.0022719986736774445,1,0.0017896058270707726,1,0.0017896058270707726,0.27541250246576965,,,,1,17.896058270707726,0.0037293005734682083,0.016580747440457344,0.0022719986736774445,0.24380827020648896
2012-03-20,fold_2,2011 US-downgrade + EU debt,0.0014186184853315353,1,0.0001491978910053149,1,0.0001491978910053149,0.27556170035677496,,,,1,1.4919789100531489,-0.002931663766503334,0.01625809818506241,0.0014186184853315353,0.020371779229221194
2012-03-21,fold_2,2011 US-downgrade + EU debt,-0.003151359036564827,-1,-0.002087969798594713,-1,0.002087969798594713,0.2776496701553697,,,,1,20.879697985947132,-0.02276616357266903,0.01214273739606142,-0.003151359036564827,-0.2879080999137984
2012-03-22,fold_2,2011 US-downgrade + EU debt,0.0005533769726753235,1,-0.0005973368533886969,-1,-0.0005973368533886969,0.277052333301981,,,,0,-5.973368533886969,-0.0007914602756500244,0.010396905243396759,0.0005533769726753235,-0.0839512847838132
2012-03-23,fold_2,2011 US-downgrade + EU debt,-0.0006960555911064148,-1,0.01732725091278553,1,-0.01732725091278553,0.25972508238919545,,,,0,-173.2725091278553,-0.0037795566022396088,0.009071050211787224,-0.0006960555911064148,2.4491804812367133
2012-03-26,fold_2,2011 US-downgrade + EU debt,-0.005315840244293213,-1,0.001466956571675837,1,-0.001466956571675837,0.2582581258175196,,,,0,-14.66956571675837,-0.02029716596007347,0.0020533644128590822,-0.005315840244293213,0.18200350488989153
2012-03-27,fold_2,2011 US-downgrade + EU debt,-0.0034289564937353134,-1,-0.003966162912547588,-1,0.003966162912547588,0.2622242887300672,,,,1,39.66162912547588,-0.020879942923784256,0.0002936256059911102,-0.0034289564937353134,-0.5121378390983127
2012-03-28,fold_2,2011 US-downgrade + EU debt,-0.005123686045408249,-1,-0.0038338019512593746,-1,0.0038338019512593746,0.2660580906813266,,,,1,38.338019512593746,-0.010266276076436043,-0.0094646867364645,-0.005123686045408249,-0.49596645392931077
2012-03-29,fold_2,2011 US-downgrade + EU debt,-0.002217264845967293,-1,-0.001923191943205893,-1,0.001923191943205893,0.26798128262453247,,,,1,19.23191943205893,-0.007931072264909744,0.000590998271945864,-0.002217264845967293,-0.2538937655513964
2014-03-28,fold_3,Taper tantrum and 2014 H1,0.006560968235135078,1,0.0070972987450659275,1,0.0070972987450659275,0.0070972987450659275,,,,1,70.97298745065928,0.009077273309230804,-0.007842288352549076,0.006560968235135078,0.9060127079641355
2014-03-31,fold_3,Taper tantrum and 2014 H1,0.011535139754414558,1,0.017413048073649406,1,0.017413048073649406,0.024510346818715334,,,,1,174.13048073649406,0.015413548797369003,-0.0244788508862257,0.011535139754414558,2.2274561662872308
2014-04-01,fold_3,Taper tantrum and 2014 H1,-0.0035042203962802887,-1,0.0025748794432729483,1,-0.0025748794432729483,0.021935467375442386,,,,0,-25.748794432729483,0.015304628759622574,-0.03270028531551361,-0.0035042203962802887,0.31157741244076076
2014-04-02,fold_3,Taper tantrum and 2014 H1,-0.0032273363322019577,-1,-0.007969930768013,-1,0.007969930768013,0.029905398143455386,,,,1,79.69930768013,0.006904002279043198,-0.018278267234563828,-0.0032273363322019577,-0.9647420670863133
2014-04-03,fold_3,Taper tantrum and 2014 H1,-0.013458933681249619,-1,-0.02695758268237114,-1,0.02695758268237114,0.056862980825826526,,,,1,269.5758268237114,0.004881680011749268,-0.04177101328969002,-0.013458933681249619,-3.1906397371676727
2014-04-04,fold_3,Taper tantrum and 2014 H1,0.0059242453426122665,1,-0.009539262391626835,-1,-0.009539262391626835,0.04732371843419969,,,,0,-95.39262391626835,0.0007529258728027344,-0.026514969766139984,0.0059242453426122665,-0.9243960077394551
2014-04-07,fold_3,Taper tantrum and 2014 H1,0.007525203749537468,1,0.009191613644361496,1,0.009191613644361496,0.05651533207856119,,,,1,91.91613644361496,0.0016061104834079742,-0.00915968231856823,0.007525203749537468,0.8724212064864433
2014-04-08,fold_3,Taper tantrum and 2014 H1,0.007909858599305153,1,0.016996895894408226,1,0.016996895894408226,0.07351222797296941,,,,1,169.96895894408226,0.007895495742559433,-0.015053289011120796,0.007909858599305153,1.5898401667635498
2014-04-09,fold_3,Taper tantrum and 2014 H1,0.0025080516934394836,1,-0.03146267682313919,-1,-0.03146267682313919,0.04204955114983022,,,,0,-314.6267682313919,0.023144107311964035,-0.018851255998015404,0.0025080516934394836,-2.7805663507372933
2014-04-10,fold_3,Taper tantrum and 2014 H1,0.003620550036430359,1,-0.01170154195278883,-1,-0.01170154195278883,0.030348009197041392,,,,0,-117.0154195278883,0.005928421393036842,0.012843403033912182,0.003620550036430359,-0.9044168442628483
2014-04-11,fold_3,Taper tantrum and 2014 H1,0.00896075926721096,1,0.007816024124622345,1,0.007816024124622345,0.03816403332166374,,,,1,78.16024124622345,0.004654552787542343,0.031941864639520645,0.00896075926721096,0.5961510368720718
2014-04-14,fold_3,Taper tantrum and 2014 H1,-0.004481913521885872,-1,0.0032980076503008604,1,-0.0032980076503008604,0.03486602567136288,,,,0,-32.980076503008604,0.0077806077897548676,0.0320403128862381,-0.004481913521885872,0.25212227676228055
2014-04-15,fold_3,Taper tantrum and 2014 H1,0.01080058328807354,1,0.013198929838836193,1,0.013198929838836193,0.04806495551019907,,,,1,131.98929838836193,0.02748938277363777,0.01990613155066967,0.01080058328807354,1.029239149505944
2014-04-16,fold_3,Taper tantrum and 2014 H1,0.008025923743844032,1,0.0002319830673513934,1,0.0002319830673513934,0.04829693857755046,,,,1,2.319830673513934,0.01611899957060814,0.016228817403316498,0.008025923743844032,0.017704409515367756
2014-04-17,fold_3,Taper tantrum and 2014 H1,-0.02374136447906494,-1,0.007396920118480921,1,-0.007396920118480921,0.04090001845906954,,,,0,-73.96920118480921,0.004502682015299797,-0.00011613046081038192,-0.02374136447906494,0.5651443196261554
2014-04-21,fold_3,Taper tantrum and 2014 H1,-0.009210724383592606,-1,0.007914471440017223,1,-0.007914471440017223,0.03298554701905232,,,,0,-79.14471440017223,0.012277986854314804,-0.004269872326403856,-0.009210724383592606,0.6129573868021266
2014-04-22,fold_3,Taper tantrum and 2014 H1,0.009139824658632278,1,-0.008836171589791775,-1,-0.008836171589791775,0.024149375429260544,,,,0,-88.36171589791775,0.019681040197610855,-0.004236620385199785,0.009139824658632278,-0.685870461320646
2014-04-23,fold_3,Taper tantrum and 2014 H1,0.0033346395939588547,1,0.009521614760160446,1,0.009521614760160446,0.03367099018942099,,,,1,95.21614760160446,0.017410729080438614,0.007235391531139612,0.0033346395939588547,0.7316941727822702
2014-04-24,fold_3,Taper tantrum and 2014 H1,-0.009881086647510529,-1,-0.01611296460032463,-1,0.01611296460032463,0.04978395478974562,,,,1,161.1296460032463,0.015600893646478653,0.0006843045121058822,-0.009881086647510529,-1.252605071352228
2014-04-25,fold_3,Taper tantrum and 2014 H1,0.003857150673866272,1,0.0032431783620268106,1,0.0032431783620268106,0.05302713315177243,,,,1,32.43178362026811,0.01583338901400566,0.01497045811265707,0.003857150673866272,0.2438609425001167
2014-04-28,fold_3,Taper tantrum and 2014 H1,0.00013072416186332703,1,0.00794772244989872,1,0.00794772244989872,0.06097485560167115,,,,1,79.4772244989872,0.006255604326725006,0.016970984637737274,0.00013072416186332703,0.5970399685811895
2014-04-29,fold_3,Taper tantrum and 2014 H1,-0.01742406189441681,-1,0.0026358403265476227,1,-0.0026358403265476227,0.05833901527512353,,,,0,-26.358403265476227,0.006380341947078705,-0.004023039247840643,-0.01742406189441681,0.19765020906525657
2014-04-30,fold_3,Taper tantrum and 2014 H1,0.011836464516818523,1,0.002970527159050107,1,0.002970527159050107,0.061309542434173636,,,,1,29.70527159050107,0.014284711331129074,-0.00954312551766634,0.011836464516818523,0.2326464559028697
2014-05-01,fold_3,Taper tantrum and 2014 H1,0.00132090225815773,1,-0.0018268103012815118,-1,-0.0018268103012815118,0.059482732132892124,,,,0,-18.268103012815118,0.028764627873897552,-0.013438626192510128,0.00132090225815773,-0.14302445624634064
2014-05-02,fold_3,Taper tantrum and 2014 H1,-0.006238926202058792,-1,0.005243705119937658,1,-0.005243705119937658,0.054239027012954466,,,,0,-52.43705119937658,0.011826340109109879,-0.007918200455605984,-0.006238926202058792,0.41437903964715017
2014-05-05,fold_3,Taper tantrum and 2014 H1,0.006896199658513069,1,-0.013046301901340485,-1,-0.013046301901340485,0.04119272511161398,,,,0,-130.46301901340485,-0.007592575624585152,0.003178476123139262,0.006896199658513069,-1.1660932572157228
2014-05-06,fold_3,Taper tantrum and 2014 H1,0.0025672726333141327,1,-0.002884245477616787,-1,-0.002884245477616787,0.038308479633997194,,,,0,-28.84245477616787,-0.0074502043426036835,0.016904594376683235,0.0025672726333141327,-0.25381310969980364
2014-05-07,fold_3,Taper tantrum and 2014 H1,0.01183865126222372,1,-0.0009249738068319857,-1,-0.0009249738068319857,0.03738350582716521,,,,0,-9.249738068319857,0.01373770460486412,0.01456519030034542,0.01183865126222372,-0.08262502824968634
2014-05-08,fold_3,Taper tantrum and 2014 H1,0.013223099522292614,1,0.003693615784868598,1,0.003693615784868598,0.04107712161203381,,,,1,36.93615784868598,0.024020619690418243,0.00760283088311553,0.013223099522292614,0.3507050202758788
2014-05-09,fold_3,Taper tantrum and 2014 H1,0.006397314369678497,1,0.016340382397174835,1,0.016340382397174835,0.05741750400920864,,,,1,163.40382397174835,0.018804922699928284,0.010429514572024345,0.006397314369678497,2.073398925339283
2014-05-12,fold_3,Taper tantrum and 2014 H1,0.000498354434967041,1,0.0006798167596571147,1,0.0006798167596571147,0.05809732076886576,,,,1,6.798167596571147,0.00017284415662288666,0.0010198835516348481,0.000498354434967041,0.08207038410880037
2014-05-13,fold_3,Taper tantrum and 2014 H1,0.004686011001467705,1,-0.005223650485277176,-1,-0.005223650485277176,0.05287367028358858,,,,0,-52.23650485277176,0.01323467493057251,-0.00328986463136971,0.004686011001467705,-0.6450313470035096
2014-05-14,fold_3,Taper tantrum and 2014 H1,0.0029374398291110992,1,-0.007887332700192928,-1,-0.007887332700192928,0.04498633758339565,,,,0,-78.87332700192928,-0.016055667772889137,0.011433972977101803,0.0029374398291110992,-0.9679146831549944
2014-05-15,fold_3,Taper tantrum and 2014 H1,-0.005491945892572403,-1,0.006520299706608057,1,-0.006520299706608057,0.038466037876787595,,,,0,-65.20299706608057,0.0003352127969264984,0.023701516911387444,-0.005491945892572403,0.8361923425833073
2014-05-16,fold_3,Taper tantrum and 2014 H1,0.012208770960569382,1,0.0069307503290474415,1,0.0069307503290474415,0.04539678820583504,,,,1,69.30750329047441,-0.0020023323595523834,0.02443923056125641,0.012208770960569382,0.8737077739859721
2014-05-19,fold_3,Taper tantrum and 2014 H1,0.0032836217433214188,1,-0.0036299314815551043,-1,-0.0036299314815551043,0.04176685672427993,,,,0,-36.29931481555104,-0.014574452303349972,0.029892729595303535,0.0032836217433214188,-0.45881738372934977
2014-05-20,fold_3,Taper tantrum and 2014 H1,-0.0009760018438100815,-1,0.009500186890363693,1,-0.009500186890363693,0.03226666983391624,,,,0,-95.00186890363693,-0.0061842165887355804,0.03044099360704422,-0.0009760018438100815,1.225258190591561
2014-05-21,fold_3,Taper tantrum and 2014 H1,0.004614857956767082,1,0.004380210768431425,1,0.004380210768431425,0.036646880602347665,,,,1,43.80210768431425,-0.0023212451487779617,0.027313604950904846,0.004614857956767082,0.5620858252523185
2014-05-22,fold_3,Taper tantrum and 2014 H1,0.007075261324644089,1,0.007258014287799597,1,0.007258014287799597,0.04390489489014726,,,,1,72.58014287799597,0.001682007685303688,0.023042934015393257,0.007075261324644089,0.9600542360580507
2014-05-23,fold_3,Taper tantrum and 2014 H1,0.005776893347501755,1,0.012384248897433281,1,0.012384248897433281,0.05628914378758054,,,,1,123.84248897433281,0.0022932086139917374,0.014798999764025211,0.005776893347501755,1.8101637895137987
2014-05-27,fold_3,Taper tantrum and 2014 H1,0.0013450458645820618,1,-0.0030816674698144197,-1,-0.0030816674698144197,0.05320747631776612,,,,0,-30.816674698144197,0.003962807357311249,0.0019759966526180506,0.0013450458645820618,-0.4195607894926704
2014-05-28,fold_3,Taper tantrum and 2014 H1,0.00379740446805954,1,0.006372798699885607,1,0.006372798699885607,0.05958027501765173,,,,1,63.72798699885607,0.006877385079860687,0.008779807947576046,0.00379740446805954,0.8900581927586882
2014-05-29,fold_3,Taper tantrum and 2014 H1,0.0020423494279384613,1,0.00010953944001812488,1,0.00010953944001812488,0.059689814457669854,,,,1,1.0953944001812488,0.001067308709025383,0.010785252787172794,0.0020423494279384613,0.015053706886225565
2014-05-30,fold_3,Taper tantrum and 2014 H1,0.00559830479323864,1,-0.0009859201963990927,-1,-0.0009859201963990927,0.05870389426127076,,,,0,-9.859201963990927,0.006482135504484177,0.01640191674232483,0.00559830479323864,-0.13605960599780215
2014-06-02,fold_3,Taper tantrum and 2014 H1,0.008886557072401047,1,-0.00043875392293557525,-1,-0.00043875392293557525,0.058265140338335186,,,,0,-4.3875392293557525,0.019021593034267426,0.016633290797472,0.008886557072401047,-0.060617508986671356
2014-06-03,fold_3,Taper tantrum and 2014 H1,0.010577259585261345,1,0.003722143592312932,1,0.003722143592312932,0.06198728393064812,,,,1,37.22143592312932,0.015306297689676285,0.018795523792505264,0.010577259585261345,0.52107920808085
2014-06-04,fold_3,Taper tantrum and 2014 H1,0.006264667958021164,1,0.008378244005143642,1,0.008378244005143642,0.07036552793579176,,,,1,83.78244005143642,0.00759492814540863,0.014858423732221127,0.006264667958021164,1.2746072309545615
2014-06-05,fold_3,Taper tantrum and 2014 H1,0.005647638812661171,1,0.005726202856749296,1,0.005726202856749296,0.07609173079254106,,,,1,57.26202856749296,0.006169339641928673,-0.002603821223601699,0.005647638812661171,0.841536314923747
2014-06-06,fold_3,Taper tantrum and 2014 H1,0.0027196891605854034,1,-0.0007545453845523298,-1,-0.0007545453845523298,0.07533718540798873,,,,0,-7.545453845523298,0.003843771293759346,-0.005401598289608955,0.0027196891605854034,-0.1090258095653863
2014-06-09,fold_3,Taper tantrum and 2014 H1,0.001653755083680153,1,0.0017234788974747062,1,0.0017234788974747062,0.07706066430546343,,,,1,17.23478897474706,0.0033423546701669693,-0.0037802942097187042,0.001653755083680153,0.2507459024618815
2014-06-10,fold_3,Taper tantrum and 2014 H1,0.004046063870191574,1,-0.00021495713735930622,-1,-0.00021495713735930622,0.07684570716810413,,,,0,-2.149571373593062,0.0020843185484409332,-0.004963437560945749,0.004046063870191574,-0.036842175568203905
2014-06-11,fold_3,Taper tantrum and 2014 H1,0.0018648356199264526,1,-0.009084000252187252,-1,-0.009084000252187252,0.06776170691591688,,,,0,-90.84000252187252,-0.0023687388747930527,0.0008610818767920136,0.0018648356199264526,-1.557411019774264
2014-06-12,fold_3,Taper tantrum and 2014 H1,0.0044168755412101746,1,0.0029284260235726833,1,0.0029284260235726833,0.07069013293948956,,,,1,29.284260235726833,-0.0021189134567976,0.009298957884311676,0.0044168755412101746,0.48285032094804403
2014-06-13,fold_3,Taper tantrum and 2014 H1,0.008394131436944008,1,0.0008667586953379214,1,0.0008667586953379214,0.07155689163482748,,,,1,8.667586953379214,0.000921269878745079,0.007546482607722282,0.008394131436944008,0.1484276600289527
2014-06-16,fold_3,Taper tantrum and 2014 H1,0.006127478554844856,1,0.0005403357790783048,1,0.0005403357790783048,0.07209722741390578,,,,1,5.403357790783048,-0.00039611756801605225,0.006895371712744236,0.006127478554844856,0.09549964981027752
2014-06-17,fold_3,Taper tantrum and 2014 H1,0.008009560406208038,1,0.005609562154859304,1,0.005609562154859304,0.07770678956876509,,,,1,56.095621548593044,0.006023110821843147,0.005384569056332111,0.008009560406208038,1.0306115744567852
2014-06-18,fold_3,Taper tantrum and 2014 H1,0.0051287394016981125,1,-0.000646124710328877,-1,-0.000646124710328877,0.07706066485843621,,,,0,-6.46124710328877,0.010480474680662155,0.006119376048445702,0.0051287394016981125,-0.11691776295906459
2014-06-19,fold_3,Taper tantrum and 2014 H1,0.004073929041624069,1,0.001175950514152646,1,0.001175950514152646,0.07823661537258886,,,,1,11.75950514152646,-0.002883022651076317,0.007301395758986473,0.004073929041624069,0.2304085862318534
2014-06-20,fold_3,Taper tantrum and 2014 H1,0.0028461236506700516,1,0.0002156479167751968,1,0.0002156479167751968,0.07845226328936405,,,,1,2.156479167751968,-0.006344709545373917,0.010508253239095211,0.0028461236506700516,0.04299375123078296
2014-06-23,fold_3,Taper tantrum and 2014 H1,0.0024147555232048035,1,-0.0009704668773338199,-1,-0.0009704668773338199,0.07748179641203023,,,,0,-9.704668773338199,-0.006418362259864807,0.011997771449387074,0.0024147555232048035,-0.20447154155560207
2014-06-24,fold_3,Taper tantrum and 2014 H1,0.003597315400838852,1,0.006344369146972895,1,0.006344369146972895,0.08382616555900313,,,,1,63.44369146972895,-0.003613011911511421,0.023876363411545753,0.003597315400838852,1.643309511582408
2014-06-25,fold_3,Taper tantrum and 2014 H1,-0.0037351176142692566,-1,0.0005358947673812509,1,-0.0005358947673812509,0.08329027079162188,,,,0,-5.358947673812509,-0.010420087724924088,0.019215893000364304,-0.0037351176142692566,0.13215691458243795
2014-06-26,fold_3,Taper tantrum and 2014 H1,-0.002219211310148239,-1,0.00438280776143074,1,-0.00438280776143074,0.07890746303019114,,,,0,-43.828077614307404,-0.014276310801506042,0.024969423189759254,-0.002219211310148239,1.1539035577103673
2014-06-27,fold_3,Taper tantrum and 2014 H1,0.0020354799926280975,1,0.0017051667673513293,1,0.0017051667673513293,0.08061262979754247,,,,1,17.051667673513293,-0.008874205872416496,0.01755196787416935,0.0020354799926280975,0.4347071467681163
2014-06-30,fold_3,Taper tantrum and 2014 H1,0.0018616709858179092,1,0.010908124968409538,1,0.010908124968409538,0.091520754765952,,,,1,109.08124968409538,-0.0036506354808807373,0.0037202120292931795,0.0018616709858179092,2.7721612507452202
2014-07-01,fold_3,Taper tantrum and 2014 H1,0.003247572109103203,1,0.0016838997835293412,1,0.0016838997835293412,0.09320465454948135,,,,1,16.838997835293412,0.004176164045929909,0.0002107195177813992,0.003247572109103203,0.36381104072122655
2014-07-02,fold_3,Taper tantrum and 2014 H1,0.003566266968846321,1,0.00628942484036088,1,0.00628942484036088,0.09949407938984223,,,,1,62.8942484036088,0.009306591004133224,-0.0046371459029614925,0.003566266968846321,1.3766643287193563
2014-07-03,fold_3,Taper tantrum and 2014 H1,0.002625148743391037,1,-0.0030346480198204517,-1,-0.0030346480198204517,0.09645943137002178,,,,0,-30.346480198204517,0.012716799974441528,-0.004503125324845314,0.002625148743391037,-0.6900461447877146
2014-07-07,fold_3,Taper tantrum and 2014 H1,0.0020925812423229218,1,-0.012126589193940163,-1,-0.012126589193940163,0.08433284217608161,,,,0,-121.26589193940163,0.0067119598388671875,0.004496706649661064,0.0020925812423229218,-2.8455543192125514
2014-07-08,fold_3,Taper tantrum and 2014 H1,0.00640089251101017,1,0.007398632355034351,1,0.007398632355034351,0.09173147453111596,,,,1,73.98632355034351,0.00644257664680481,0.013173858635127544,0.00640089251101017,1.4655670883826315
2014-07-09,fold_3,Taper tantrum and 2014 H1,0.0029615499079227448,1,-0.0031639656517654657,-1,-0.0031639656517654657,0.0885675088793505,,,,0,-31.639656517654657,-0.002072976902127266,0.00974604208022356,0.0029615499079227448,-0.5971461092102441
2014-07-10,fold_3,Taper tantrum and 2014 H1,0.008982926607131958,1,0.006423445418477058,1,0.006423445418477058,0.09499095429782756,,,,1,64.23445418477058,-0.0023970697075128555,-0.0004228194011375308,0.008982926607131958,1.2017025952140485
2014-07-11,fold_3,Taper tantrum and 2014 H1,0.00981319323182106,1,0.0059651839546859264,1,0.0059651839546859264,0.10095613825251348,,,,1,59.651839546859264,-0.0078116413205862045,0.008882122114300728,0.00981319323182106,1.1585792441699563
2014-07-14,fold_3,Taper tantrum and 2014 H1,-0.0009543020278215408,-1,-0.003449437441304326,-1,0.003449437441304326,0.10440557569381781,,,,1,34.49437441304326,-0.009973308071494102,0.0016677516978234053,-0.0009543020278215408,-0.6535234140812817
2014-07-15,fold_3,Taper tantrum and 2014 H1,0.0035297349095344543,1,0.003970816265791655,1,0.003970816265791655,0.10837639195960946,,,,1,39.708162657916546,-0.0022086575627326965,0.01145125925540924,0.0035297349095344543,0.7448884330714018
2014-07-16,fold_3,Taper tantrum and 2014 H1,-7.787719368934631e-06,-1,-0.013332827016711235,-1,0.013332827016711235,0.1217092189763207,,,,1,133.32827016711235,-0.011744276620447636,0.013877581804990768,-7.787719368934631e-06,-2.467743478875805
2014-07-17,fold_3,Taper tantrum and 2014 H1,0.0022246669977903366,1,0.015728386119008064,1,0.015728386119008064,0.13743760509532876,,,,1,157.28386119008064,-0.0014395080506801605,0.026078633964061737,0.0022246669977903366,2.603183061654549
2014-07-18,fold_3,Taper tantrum and 2014 H1,0.0009678304195404053,1,-0.0012491863453760743,-1,-0.0012491863453760743,0.1361884187499527,,,,0,-12.491863453760743,-0.004576331004500389,0.006429646164178848,0.0009678304195404053,-0.17872204598867492
2014-07-21,fold_3,Taper tantrum and 2014 H1,-0.007636941969394684,-1,0.006334070116281509,1,-0.006334070116281509,0.12985434863367118,,,,0,-63.340701162815094,-0.01692575216293335,0.007989144884049892,-0.007636941969394684,0.9061378421587718
2014-07-22,fold_3,Taper tantrum and 2014 H1,-0.0053878240287303925,-1,0.00639713928103447,1,-0.00639713928103447,0.12345720935263671,,,,0,-63.971392810344696,-0.011861136183142662,-0.00010333875979995355,-0.0053878240287303925,0.8969545824667564
2014-07-23,fold_3,Taper tantrum and 2014 H1,-0.004285629838705063,-1,-0.0011317766038700938,-1,0.0011317766038700938,0.1245889859565068,,,,1,11.317766038700938,-0.007946861907839775,-0.002574207494035363,-0.004285629838705063,-0.15565918702123097
2014-07-24,fold_3,Taper tantrum and 2014 H1,-0.00028846971690654755,-1,-0.003920600283890963,-1,0.003920600283890963,0.12850958624039777,,,,1,39.206002838909626,-0.0013526026159524918,-0.021860044449567795,-0.00028846971690654755,-0.5494414230069968
2014-07-25,fold_3,Taper tantrum and 2014 H1,-0.0062440261244773865,-1,0.0003103120543528348,1,-0.0003103120543528348,0.12819927418604493,,,,0,-3.103120543528348,-0.01231857668608427,-0.021629933267831802,-0.0062440261244773865,0.04316926421390465
2014-07-28,fold_3,Taper tantrum and 2014 H1,-0.00212019681930542,-1,-0.001758413389325142,-1,0.001758413389325142,0.12995768757537007,,,,1,17.58413389325142,0.0013189185410737991,-0.015097670257091522,-0.00212019681930542,-0.24691679954321788
2014-07-29,fold_3,Taper tantrum and 2014 H1,0.0006127748638391495,1,0.003926270641386509,1,0.003926270641386509,0.13388395821675658,,,,1,39.26270641386509,0.009082004427909851,-0.02102711983025074,0.0006127748638391495,0.5512776424635283
2014-07-30,fold_3,Taper tantrum and 2014 H1,0.000552276149392128,1,-0.02041761204600334,-1,-0.02041761204600334,0.11346634617075324,,,,0,-204.17612046003342,0.010544605553150177,-0.025693856179714203,0.000552276149392128,-3.0253746553661913
2014-07-31,fold_3,Taper tantrum and 2014 H1,0.0009634494781494141,1,-0.003690489800646901,-1,-0.003690489800646901,0.10977585637010634,,,,0,-36.90489800646901,0.006254319101572037,-0.008454873226583004,0.0009634494781494141,-0.4534157647166218
2014-08-01,fold_3,Taper tantrum and 2014 H1,-0.006196599453687668,-1,0.0068425750359892845,1,-0.0068425750359892845,0.10293328133411705,,,,0,-68.42575035989285,-0.0003409814089536667,0.0024269213899970055,-0.006196599453687668,0.8490340969905606
2014-08-04,fold_3,Taper tantrum and 2014 H1,-0.0018044691532850266,-1,-0.007687862496823072,-1,0.007687862496823072,0.11062114383094013,,,,1,76.87862496823072,-0.01600021868944168,0.001467795460484922,-0.0018044691532850266,-0.9404013445423478
2014-08-05,fold_3,Taper tantrum and 2014 H1,-0.00047192350029945374,-1,-0.0007404669304378331,-1,0.0007404669304378331,0.11136161076137796,,,,1,7.404669304378331,-0.0012429747730493546,0.008736382238566875,-0.00047192350029945374,-0.0937116027863874
2014-08-06,fold_3,Taper tantrum and 2014 H1,0.006456214934587479,1,-0.00317862955853343,-1,-0.00317862955853343,0.10818298120284453,,,,0,-31.7862955853343,-0.008743617683649063,0.02000616118311882,0.006456214934587479,-0.41130322963078586
2014-08-07,fold_3,Taper tantrum and 2014 H1,0.008118046447634697,1,0.007191305048763752,1,0.007191305048763752,0.11537428625160828,,,,1,71.91305048763752,-0.010338278487324715,0.028356796130537987,0.008118046447634697,0.9304928116568347
2014-08-08,fold_3,Taper tantrum and 2014 H1,0.01500373613089323,1,0.005883449222892523,1,0.005883449222892523,0.1212577354745008,,,,1,58.83449222892523,-0.02907514199614525,0.02600216120481491,0.01500373613089323,0.757958197237931
2014-08-11,fold_3,Taper tantrum and 2014 H1,0.012127411551773548,1,-0.0004192753112874925,-1,-0.0004192753112874925,0.12083846016321331,,,,0,-4.192753112874925,-0.02546645887196064,0.02778947539627552,0.012127411551773548,-0.05403648788866629
2014-08-12,fold_3,Taper tantrum and 2014 H1,0.01300610601902008,1,0.010529312305152416,1,0.010529312305152416,0.13136777246836573,,,,1,105.29312305152416,-0.0031257402151823044,0.03379705175757408,0.01300610601902008,1.363679603234186
2014-08-13,fold_3,Taper tantrum and 2014 H1,0.014636647887527943,1,0.0051720053888857365,1,0.0051720053888857365,0.13653977785725147,,,,1,51.720053888857365,-0.00799676775932312,0.02326774038374424,0.014636647887527943,0.6446265908960627
2014-08-14,fold_3,Taper tantrum and 2014 H1,0.006777046248316765,1,0.004836669657379389,1,0.004836669657379389,0.14137644751463085,,,,1,48.36669657379389,-0.007662957534193993,0.020119888707995415,0.006777046248316765,0.6416355422554882
2014-08-15,fold_3,Taper tantrum and 2014 H1,0.0010161623358726501,1,0.007670763414353132,1,0.007670763414353132,0.149047210928984,,,,1,76.70763414353132,-0.004221173003315926,0.016798965632915497,0.0010161623358726501,1.135661916793589
2014-08-18,fold_3,Taper tantrum and 2014 H1,0.0006163641810417175,1,0.005588300991803408,1,0.005588300991803408,0.1546355119207874,,,,1,55.88300991803408,-0.0015807580202817917,0.012655028142035007,0.0006163641810417175,0.8025449421832442
2014-08-19,fold_3,Taper tantrum and 2014 H1,0.005128679797053337,1,0.0,0,0.0,0.1546355119207874,,,,0,0.0,-0.0058119576424360275,0.008072314783930779,0.005128679797053337,0.0
2014-08-20,fold_3,Taper tantrum and 2014 H1,0.0001803133636713028,1,0.0020241537131369114,1,0.0020241537131369114,0.1566596656339243,,,,1,20.241537131369114,-0.00781824067234993,0.008273630402982235,0.0001803133636713028,0.2984589132808147
2014-08-21,fold_3,Taper tantrum and 2014 H1,-0.001926872879266739,-1,0.0015157470479607582,1,-0.0015157470479607582,0.15514391858596355,,,,0,-15.157470479607582,-0.0074792951345443726,0.005143505055457354,-0.001926872879266739,0.22315366394154962
2014-08-22,fold_3,Taper tantrum and 2014 H1,-0.0003946032375097275,-1,0.00352682638913393,1,-0.00352682638913393,0.15161709219682962,,,,0,-35.2682638913393,0.00037033483386039734,0.007342625875025988,-0.0003946032375097275,0.5229497782812355
2014-08-25,fold_3,Taper tantrum and 2014 H1,-0.000945311039686203,-1,0.0010055879829451442,1,-0.0010055879829451442,0.15061150421388447,,,,0,-10.055879829451442,-0.0036081168800592422,0.00671806838363409,-0.000945311039686203,0.14810494098229504
2014-08-26,fold_3,Taper tantrum and 2014 H1,-0.0019385572522878647,-1,0.0002013150224229321,1,-0.0002013150224229321,0.15041018919146154,,,,0,-2.013150224229321,-0.005990074947476387,-0.00020076821965631098,-0.0019385572522878647,0.029683580416780462
2014-08-27,fold_3,Taper tantrum and 2014 H1,-0.004485109820961952,-1,-0.0011059711687266827,-1,0.0011059711687266827,0.15151616036018822,,,,1,11.059711687266827,-0.008866149932146072,-0.0013072571018710732,-0.004485109820961952,-0.16445378893942256
2014-08-28,fold_3,Taper tantrum and 2014 H1,0.0019160769879817963,1,0.0037148678675293922,1,0.0037148678675293922,0.15523102822771762,,,,1,37.14867867529392,-1.0585412383079529e-05,0.004816656932234764,0.0019160769879817963,0.7513692050723919
2014-08-29,fold_3,Taper tantrum and 2014 H1,0.002333974465727806,1,0.002902268897742033,1,0.002902268897742033,0.15813329712545965,,,,1,29.02268897742033,-0.003948787227272987,0.0030023581348359585,0.002333974465727806,0.5869045800932715
2014-09-02,fold_3,Taper tantrum and 2014 H1,0.005352549254894257,1,-0.005913248751312494,-1,-0.005913248751312494,0.15222004837414715,,,,0,-59.13248751312494,0.006731715053319931,-0.008227802813053131,0.005352549254894257,-1.2456932093143112
2014-09-03,fold_3,Taper tantrum and 2014 H1,0.010354248806834221,1,-0.0009051738306879997,-1,-0.0009051738306879997,0.15131487454345915,,,,0,-9.051738306879997,0.008819110691547394,0.005913248751312494,0.010354248806834221,-0.19600618181372603
2014-09-04,fold_3,Taper tantrum and 2014 H1,0.00710928812623024,1,0.005017942748963833,1,0.005017942748963833,0.156332817292423,,,,1,50.17942748963833,0.00787702202796936,0.0060186004266142845,0.00710928812623024,1.0862393282937621
2014-09-05,fold_3,Taper tantrum and 2014 H1,0.004562700167298317,1,0.0019005690701305866,1,0.0019005690701305866,0.15823338636255357,,,,1,19.005690701305866,-0.0011102594435214996,-0.004112768918275833,0.004562700167298317,0.40433892746950595
2014-09-08,fold_3,Taper tantrum and 2014 H1,0.001037484034895897,1,-0.008327892050147057,-1,-0.008327892050147057,0.14990549431240652,,,,0,-83.27892050147057,0.005707019940018654,-0.01571054756641388,0.001037484034895897,-1.8768245623151516
2014-09-09,fold_3,Taper tantrum and 2014 H1,0.006116384640336037,1,0.008227802813053131,1,0.008227802813053131,0.15813329712545965,,,,1,82.27802813053131,0.007074438035488129,0.001308427657932043,0.006116384640336037,1.777519263451231
2014-09-10,fold_3,Taper tantrum and 2014 H1,0.0031383298337459564,1,-0.0007998223882168531,-1,-0.0007998223882168531,0.1573334747372428,,,,0,-7.998223882168531,0.0021620430052280426,-0.00541094271466136,0.0031383298337459564,-0.16060189297344188
2014-09-11,fold_3,Taper tantrum and 2014 H1,0.004842178896069527,1,-0.005113426595926285,-1,-0.005113426595926285,0.1522200481413165,,,,0,-51.13426595926285,-0.004376323893666267,0.0028961822390556335,0.004842178896069527,-1.1642305984975365
2014-09-12,fold_3,Taper tantrum and 2014 H1,0.0043958742171525955,1,-0.009697210043668747,-1,-0.009697210043668747,0.14252283809764776,,,,0,-96.97210043668747,0.0016650836914777756,0.007389549165964127,0.0043958742171525955,-2.2095975746885537
2014-09-15,fold_3,Taper tantrum and 2014 H1,-0.0037000924348831177,-1,0.008691084571182728,1,-0.008691084571182728,0.13383175352646504,,,,0,-86.91084571182728,0.007693842053413391,0.00774153508245945,-0.0037000924348831177,1.8204422697855847
2014-09-16,fold_3,Taper tantrum and 2014 H1,0.003441840410232544,1,0.0015084322076290846,1,0.0015084322076290846,0.13534018573409412,,,,1,15.084322076290846,0.001658797264099121,-0.003679014276713133,0.003441840410232544,0.3103262284268353
2014-09-17,fold_3,Taper tantrum and 2014 H1,0.000742180272936821,1,0.0075073023326694965,1,0.0075073023326694965,0.14284748806676362,,,,1,75.07302332669497,0.004967793822288513,0.005486177280545235,0.000742180272936821,1.594067302481406
2014-09-18,fold_3,Taper tantrum and 2014 H1,0.0035204999148845673,1,-0.0006200594361871481,-1,-0.0006200594361871481,0.14222742863057647,,,,0,-6.200594361871481,-0.005267564207315445,-0.0232794601470232,0.0035204999148845673,-0.12401778789185415
2014-09-19,fold_3,Taper tantrum and 2014 H1,0.00551009364426136,1,-0.009345224127173424,-1,-0.009345224127173424,0.13288220450340305,,,,0,-93.45224127173424,-0.003212014213204384,-0.012074689380824566,0.00551009364426136,-1.876112941336521
2014-09-22,fold_3,Taper tantrum and 2014 H1,0.001875007525086403,1,-0.002729465253651142,-1,-0.002729465253651142,0.1301527392497519,,,,0,-27.29465253651142,-0.004696482792496681,-0.0040466017089784145,0.001875007525086403,-0.5062925958727779
2014-09-23,fold_3,Taper tantrum and 2014 H1,0.002542927861213684,1,0.010673623532056808,1,0.010673623532056808,0.1408263627818087,,,,1,106.73623532056808,-0.0017645414918661118,0.00010115558688994497,0.002542927861213684,1.9884172085794183
2014-09-24,fold_3,Taper tantrum and 2014 H1,-0.0029545892030000687,-1,-0.021258333697915077,-1,0.021258333697915077,0.1620846964797238,,,,1,212.58333697915077,-0.011558008380234241,-0.026695234701037407,-0.0029545892030000687,-3.6213541307532724
2014-09-25,fold_3,Taper tantrum and 2014 H1,-0.0008096843957901001,-1,0.010584711097180843,1,-0.010584711097180843,0.15149998538254295,,,,0,-105.84711097180843,0.0009282752871513367,-0.005436900071799755,-0.0008096843957901001,1.4013167095476196
2014-09-26,fold_3,Taper tantrum and 2014 H1,-0.0038374364376068115,-1,-0.0013171363389119506,-1,0.0013171363389119506,0.1528171217214549,,,,1,13.171363389119506,0.0005960948765277863,-0.0061947559006512165,-0.0038374364376068115,-0.1664801500173341
2014-09-29,fold_3,Taper tantrum and 2014 H1,0.00860387459397316,1,0.0014182919403538108,1,0.0014182919403538108,0.1542354136618087,,,,1,14.182919403538108,0.007652439177036285,-0.007019097916781902,0.00860387459397316,0.1801359166050565
2015-11-24,fold_4,China devaluation and oil crash,0.0038772672414779663,1,0.0008764576632529497,1,0.0008764576632529497,0.0008764576632529497,,,,1,8.764576632529497,0.001398470252752304,0.0035007991828024387,0.0038772672414779663,0.10225956340385596
2015-11-25,fold_4,China devaluation and oil crash,-0.0017978549003601074,-1,0.0014003473334014416,1,-0.0014003473334014416,-0.0005238896701484919,,,,0,-14.003473334014416,-0.0032640937715768814,-0.014471632428467274,-0.0017978549003601074,0.16728680282196637
2015-11-27,fold_4,China devaluation and oil crash,-0.0007034093141555786,-1,-0.002540202811360359,-1,0.002540202811360359,0.0020163131412118673,,,,1,25.402028113603592,-0.004410900175571442,0.0072346641682088375,-0.0007034093141555786,-0.3035129411512779
2015-11-30,fold_4,China devaluation and oil crash,-0.011458270251750946,-1,0.009948860853910446,1,-0.009948860853910446,-0.007932547712698579,,,,0,-99.48860853910446,-0.0038024690002202988,0.005248351488262415,-0.011458270251750946,1.194586063857271
2015-12-01,fold_4,China devaluation and oil crash,0.004228141158819199,1,-0.006184663623571396,-1,-0.006184663623571396,-0.014117211336269975,,,,0,-61.84663623571396,0.0003354940563440323,-0.0046132574789226055,0.004228141158819199,-0.7499876485171226
2015-12-02,fold_4,China devaluation and oil crash,0.007664598524570465,1,-0.01709597371518612,-1,-0.01709597371518612,-0.031213185051456094,,,,0,-170.9597371518612,0.0014278870075941086,-0.013724218122661114,0.007664598524570465,-2.0535364294682603
2015-12-03,fold_4,China devaluation and oil crash,0.006975764408707619,1,0.023106643930077553,1,0.023106643930077553,-0.008106541121378541,,,,1,231.06643930077553,0.004082713276147842,0.007879506796598434,0.006975764408707619,2.5223255326409033
2015-12-04,fold_4,China devaluation and oil crash,-0.000607568770647049,-1,-0.004526515491306782,-1,0.004526515491306782,-0.0035800256300717592,,,,1,45.26515491306782,-0.0013902876526117325,-0.038512103259563446,-0.000607568770647049,-0.43109129945658503
2015-12-07,fold_4,China devaluation and oil crash,0.004810310900211334,1,8.725155930733308e-05,1,8.725155930733308e-05,-0.003492774070764426,,,,1,0.8725155930733308,-0.01295479480177164,-0.026432102546095848,0.004810310900211334,0.008272132186391416
2015-12-08,fold_4,China devaluation and oil crash,0.02354760468006134,1,-0.015295623801648617,-1,-0.015295623801648617,-0.018788397872413043,,,,0,-152.95623801648617,0.003886224702000618,-0.020446723327040672,0.02354760468006134,-1.4888426203459677
2015-12-09,fold_4,China devaluation and oil crash,0.03099047765135765,1,0.004507751204073429,1,0.004507751204073429,-0.014280646668339614,,,,1,45.07751204073429,0.017864275723695755,0.00960917305201292,0.03099047765135765,0.4168919601981546
2015-12-10,fold_4,China devaluation and oil crash,0.02901301719248295,1,-0.02328496426343918,-1,-0.02328496426343918,-0.03756561093177879,,,,0,-232.84964263439178,0.002133067697286606,-0.009569364599883556,0.02901301719248295,-2.144870930139299
2015-12-11,fold_4,China devaluation and oil crash,0.02351336181163788,1,0.007553484290838242,1,0.007553484290838242,-0.03001212664094055,,,,1,75.53484290838242,0.016298886388540268,-0.005653249565511942,0.02351336181163788,0.6379484307264066
2015-12-14,fold_4,China devaluation and oil crash,0.0005666371434926987,1,0.006072630640119314,1,0.006072630640119314,-0.023939496000821237,,,,1,60.72630640119314,0.011074300855398178,-0.00215992983430624,0.0005666371434926987,0.5467045773028342
2015-12-15,fold_4,China devaluation and oil crash,0.0011545345187187195,1,0.014760272577404976,1,0.014760272577404976,-0.00917922342341626,,,,1,147.60272577404976,0.003802211955189705,-0.00168037845287472,0.0011545345187187195,1.376247394325145
2015-12-16,fold_4,China devaluation and oil crash,-0.008028741925954819,-1,-0.014670786447823048,-1,0.014670786447823048,0.005491563024406787,,,,1,146.70786447823048,-0.01173208374530077,-0.009042750112712383,-0.008028741925954819,-1.3074991347175047
2015-12-17,fold_4,China devaluation and oil crash,0.0053681880235672,1,-0.01936884969472885,-1,-0.01936884969472885,-0.013877286670322064,,,,0,-193.6884969472885,-0.005122862756252289,0.005450133234262466,0.0053681880235672,-1.7786319863299034
2015-12-18,fold_4,China devaluation and oil crash,0.01071230135858059,1,0.011046803556382656,1,0.011046803556382656,-0.002830483113939408,,,,1,110.46803556382656,0.01714494079351425,0.02428596094250679,0.01071230135858059,0.9426938408301507
2015-12-21,fold_4,China devaluation and oil crash,0.013095212168991566,1,0.006552181672304869,1,0.006552181672304869,0.0037216985583654605,,,,1,65.52181672304869,0.005827592685818672,0.028845859691500664,0.013095212168991566,0.5515120227529856
2015-12-22,fold_4,China devaluation and oil crash,0.008373500779271126,1,0.007397900801151991,1,0.007397900801151991,0.011119599359517451,,,,1,73.97900801151991,0.013809185475111008,0.013241508975625038,0.008373500779271126,0.6189166429136861
2015-12-23,fold_4,China devaluation and oil crash,0.004025619477033615,1,-0.00017790279525797814,-1,-0.00017790279525797814,0.010941696564259473,,,,0,-1.7790279525797814,0.00010360777378082275,-0.006682647857815027,0.004025619477033615,-0.014744975855360434
2015-12-24,fold_4,China devaluation and oil crash,-0.0046819597482681274,-1,-0.0005330225685611367,-1,0.0005330225685611367,0.01147471913282061,,,,1,5.330225685611367,0.003377716988325119,-0.027828186750411987,-0.0046819597482681274,-0.04418367105827519
2015-12-28,fold_4,China devaluation and oil crash,0.00575517863035202,1,0.01560670230537653,1,0.01560670230537653,0.02708142143819714,,,,1,156.0670230537653,0.010356109589338303,-0.02903185784816742,0.00575517863035202,1.2940542927429068
2015-12-29,fold_4,China devaluation and oil crash,0.0015192460268735886,1,-0.00905216857790947,-1,-0.00905216857790947,0.01802925286028767,,,,0,-90.5216857790947,-0.023753169924020767,-0.05429093912243843,0.0015192460268735886,-0.7217363218677224
2015-12-30,fold_4,China devaluation and oil crash,0.0038599856197834015,1,-0.012526256032288074,-1,-0.012526256032288074,0.0055029968279995956,,,,0,-125.26256032288074,-0.005529860034584999,-0.07705271244049072,0.0038599856197834015,-1.0014434086057409
2015-12-31,fold_4,China devaluation and oil crash,-0.00024440139532089233,-1,-0.021323442459106445,-1,0.021323442459106445,0.02682643928710604,,,,1,213.23442459106445,0.00878983736038208,-0.07276111096143723,-0.00024440139532089233,-1.6733253467462836
2016-01-04,fold_4,China devaluation and oil crash,0.0033103320747613907,1,-0.0017366929678246379,-1,-0.0017366929678246379,0.025089746319281403,,,,0,-17.36692967824638,0.009707916527986526,-0.048365604132413864,0.0033103320747613907,-0.13299938311556678
2016-01-05,fold_4,China devaluation and oil crash,0.01464457344263792,1,-0.009652378037571907,-1,-0.009652378037571907,0.015437368281709496,,,,0,-96.52378037571907,0.010065652430057526,-0.03509790077805519,0.01464457344263792,-0.804466051931289
2016-01-06,fold_4,China devaluation and oil crash,0.006776275113224983,1,-0.03181394189596176,-1,-0.03181394189596176,-0.016376573614252266,,,,0,-318.1394189596176,0.006323285400867462,-0.06054344400763512,0.006776275113224983,-2.618651198542985
2016-01-07,fold_4,China devaluation and oil crash,0.00910632498562336,1,-0.008234658278524876,-1,-0.008234658278524876,-0.02461123189277714,,,,0,-82.34658278524876,0.010359387844800949,-0.007657906971871853,0.00910632498562336,-0.5849109099819225
2016-01-08,fold_4,China devaluation and oil crash,0.01499304547905922,1,0.0030720664653927088,1,0.0030720664653927088,-0.021539165427384432,,,,1,30.720664653927088,0.009034071117639542,-0.030952053144574165,0.01499304547905922,0.22293194032832703
2016-01-11,fold_4,China devaluation and oil crash,0.004859883338212967,1,0.011531009338796139,1,0.011531009338796139,-0.010008156088588294,,,,1,115.31009338796139,0.014248114079236984,-0.031844522804021835,0.004859883338212967,0.8379769965657005
2016-01-12,fold_4,China devaluation and oil crash,0.009849842637777328,1,-0.03509791940450668,-1,-0.03509791940450668,-0.04510607549309498,,,,0,-350.97919404506683,0.018916666507720947,-0.04644802585244179,0.009849842637777328,-2.7007112948895324
2016-01-13,fold_4,China devaluation and oil crash,0.008588345721364021,1,0.021071596071124077,1,0.021071596071124077,-0.0240344794219709,,,,1,210.71596071124077,0.02137776091694832,-0.010357847437262535,0.008588345721364021,1.396629864588817
2016-01-14,fold_4,China devaluation and oil crash,0.006301036104559898,1,-0.03152880445122719,-1,-0.03152880445122719,-0.05556328387319809,,,,0,-315.2880445122719,0.02067560702562332,-0.0028869316447526217,0.006301036104559898,-2.0021287642035857
2016-01-15,fold_4,China devaluation and oil crash,0.01170248445123434,1,0.002179595874622464,1,0.002179595874622464,-0.053383687998575624,,,,1,21.795958746224642,0.02305828407406807,0.013690323568880558,0.01170248445123434,0.12870273806938973
2016-01-19,fold_4,China devaluation and oil crash,0.019151680171489716,1,-0.0030724939424544573,-1,-0.0030724939424544573,-0.05645618194103008,,,,0,-30.724939424544573,0.027644403278827667,0.020469823852181435,0.019151680171489716,-0.1848506249669811
2016-01-20,fold_4,China devaluation and oil crash,0.007731813937425613,1,0.0009922586614266038,1,0.0009922586614266038,-0.05546392327960348,,,,1,9.922586614266038,0.027149222791194916,-0.0016886454541236162,0.007731813937425613,0.061776704168400025
2016-01-21,fold_4,China devaluation and oil crash,0.0010869577527046204,1,0.02854251302778721,1,0.02854251302778721,-0.02692141025181627,,,,1,285.4251302778721,-0.008472418412566185,0.011338510550558567,0.0010869577527046204,1.7982371089670433
2016-01-22,fold_4,China devaluation and oil crash,-0.014625713229179382,-1,-0.014951549470424652,-1,0.014951549470424652,-0.011969860781391617,,,,1,149.51549470424652,-0.017176128923892975,0.0034633507020771503,-0.014625713229179382,-0.8771940457603843
2016-01-25,fold_4,China devaluation and oil crash,0.005075210705399513,1,0.008959095925092697,1,0.008959095925092697,-0.0030107648562989198,,,,1,89.59095925092697,-0.009617801755666733,0.021100182086229324,0.005075210705399513,0.5181487944941808
2016-01-26,fold_4,China devaluation and oil crash,-0.00885988399386406,-1,-0.02523096278309822,-1,0.02523096278309822,0.0222201979267993,,,,1,252.3096278309822,-0.014166180044412613,-0.00974215380847454,-0.00885988399386406,-1.4495383138895608
2016-01-27,fold_4,China devaluation and oil crash,0.013492275960743427,1,0.014019414782524109,1,0.014019414782524109,0.03623961270932341,,,,1,140.1941478252411,0.009450070559978485,0.01068068016320467,0.013492275960743427,0.7662004856589724
2016-01-28,fold_4,China devaluation and oil crash,0.013625687919557095,1,0.02066735178232193,1,0.02066735178232193,0.05690696449164534,,,,1,206.6735178232193,0.003910357132554054,-0.003437303937971592,0.013625687919557095,1.1335163489035494
2016-01-29,fold_4,China devaluation and oil crash,0.004005465656518936,1,0.0026852828450500965,1,0.0026852828450500965,0.059592247336695436,,,,1,26.852828450500965,-0.008552683517336845,-0.059448905289173126,0.004005465656518936,0.14359585346548528
2016-02-01,fold_4,China devaluation and oil crash,0.0017370693385601044,1,-0.021883239969611168,-1,-0.021883239969611168,0.03770900736708427,,,,0,-218.83239969611168,0.009587273001670837,-0.07753972709178925,0.0017370693385601044,-1.182937129687806
2016-02-02,fold_4,China devaluation and oil crash,0.012734699994325638,1,-0.004808129742741585,-1,-0.004808129742741585,0.032900877624342684,,,,0,-48.08129742741585,0.020721260458230972,-0.05876627564430237,0.012734699994325638,-0.25945388234654193
2016-02-03,fold_4,China devaluation and oil crash,0.011132583022117615,1,-9.856902761384845e-05,-1,-9.856902761384845e-05,0.032802308596728835,,,,0,-0.9856902761384845,0.010536190122365952,-0.05012403801083565,0.011132583022117615,-0.005311166214399696
2016-02-04,fold_4,China devaluation and oil crash,0.002014016732573509,1,-0.03534424677491188,-1,-0.03534424677491188,-0.0025419381781830452,,,,0,-353.4424677491188,0.021170765161514282,-0.05147428438067436,0.002014016732573509,-1.9174533501424986
2016-02-05,fold_4,China devaluation and oil crash,0.01888013817369938,1,-0.015405537560582161,-1,-0.015405537560582161,-0.017947475738765206,,,,0,-154.0553756058216,0.03275817260146141,-0.0010195453651249409,0.01888013817369938,-0.8215536769418437
2016-02-08,fold_4,China devaluation and oil crash,0.02873939275741577,1,-0.0031097931787371635,-1,-0.0031097931787371635,-0.02105726891750237,,,,0,-31.097931787371635,0.025266319513320923,0.03668167442083359,0.02873939275741577,-0.16387711720760295
2016-02-09,fold_4,China devaluation and oil crash,0.03320740908384323,1,0.0038341099862009287,1,0.0038341099862009287,-0.01722315893130144,,,,1,38.34109986200929,0.025984451174736023,0.06218694522976875,0.03320740908384323,0.2020432474718451
2016-02-10,fold_4,China devaluation and oil crash,0.020776033401489258,1,-0.0014488183660432696,-1,-0.0014488183660432696,-0.01867197729734471,,,,0,-14.488183660432696,0.03692908212542534,0.04687260091304779,0.020776033401489258,-0.07698195258095755
2016-02-11,fold_4,China devaluation and oil crash,0.003682417795062065,1,0.015110493637621403,1,0.015110493637621403,-0.003561483659723308,,,,1,151.10493637621403,0.034244585782289505,0.05127744376659393,0.003682417795062065,0.8831972019828036
2016-02-12,fold_4,China devaluation and oil crash,-0.008091956377029419,-1,0.02229568362236023,1,-0.02229568362236023,-0.025857167282083537,,,,0,-222.9568362236023,0.018682368099689484,0.052272047847509384,-0.008091956377029419,1.3278565186649587
2016-02-16,fold_4,China devaluation and oil crash,-0.008131865411996841,-1,0.022395476698875427,1,-0.022395476698875427,-0.048252643980958965,,,,0,-223.95476698875427,0.006649840623140335,0.013379471376538277,-0.008131865411996841,1.3967733286032078
2016-02-17,fold_4,China devaluation and oil crash,-0.0032064784318208694,-1,-0.011480232700705528,-1,0.011480232700705528,-0.036772411280253436,,,,1,114.80232700705528,0.009285200387239456,0.0004877016763202846,-0.0032064784318208694,-0.6837341414653121
2016-02-18,fold_4,China devaluation and oil crash,-0.008219592273235321,-1,0.0029560215771198273,1,-0.0029560215771198273,-0.039728432857373264,,,,0,-29.560215771198273,0.0015127770602703094,0.02176855504512787,-0.008219592273235321,0.17417363544250247
2016-02-19,fold_4,China devaluation and oil crash,-0.0024674218147993088,-1,0.016105100512504578,1,-0.016105100512504578,-0.05583353336987784,,,,0,-161.05100512504578,0.011250816285610199,0.017556218430399895,-0.0024674218147993088,0.9483009542696542
2016-02-22,fold_4,China devaluation and oil crash,-0.0028114747256040573,-1,-0.016596894711256027,-1,0.016596894711256027,-0.039236638658621814,,,,1,165.96894711256027,-0.003339700400829315,-0.007580889854580164,-0.0028114747256040573,-1.027989766492414
2016-02-23,fold_4,China devaluation and oil crash,-0.016070783138275146,-1,0.00950370728969574,1,-0.00950370728969574,-0.048740345948317554,,,,0,-95.0370728969574,-0.004129758104681969,0.040609244257211685,-0.016070783138275146,0.5857381864444753
2016-02-24,fold_4,China devaluation and oil crash,-0.015207849442958832,-1,0.009800620377063751,1,-0.009800620377063751,-0.058540966325381305,,,,0,-98.00620377063751,-0.007225312292575836,0.031483400613069534,-0.015207849442958832,0.603461779103473
2016-02-25,fold_4,China devaluation and oil crash,-0.009185545146465302,-1,-0.001256314804777503,-1,0.001256314804777503,-0.0572846515206038,,,,1,12.56314804777503,-0.002208983525633812,0.019791029393672943,-0.009185545146465302,-0.08165264511119744
2016-02-26,fold_4,China devaluation and oil crash,-0.010092813521623611,-1,-0.009032007306814194,-1,0.009032007306814194,-0.04825264421378961,,,,1,90.32007306814194,-0.008233979344367981,0.021426400169730186,-0.010092813521623611,-0.599497246806656
2016-02-29,fold_4,China devaluation and oil crash,-0.011217277497053146,-1,0.031593240797519684,1,-0.031593240797519684,-0.07984588501130929,,,,0,-315.93240797519684,-0.02153322845697403,0.02428814396262169,-0.011217277497053146,2.1816719207427404
2016-03-01,fold_4,China devaluation and oil crash,-0.0012607667595148087,-1,0.00037786204484291375,1,-0.00037786204484291375,-0.0802237470561522,,,,0,-3.7786204484291375,0.0016273297369480133,-0.015623753890395164,-0.0012607667595148087,0.023467816817346564
2016-03-02,fold_4,China devaluation and oil crash,0.001959964632987976,1,-0.0018917503766715527,-1,-0.0018917503766715527,-0.08211549743282376,,,,0,-18.917503766715527,0.011380024254322052,-0.009589391760528088,0.001959964632987976,-0.12332163128581751
2016-03-03,fold_4,China devaluation and oil crash,-0.0005857907235622406,-1,0.000379056204110384,1,-0.000379056204110384,-0.08249455363693414,,,,0,-3.79056204110384,0.016846098005771637,-0.009225158020853996,-0.0005857907235622406,0.024761813468867088
2016-03-04,fold_4,China devaluation and oil crash,0.0018403418362140656,1,-0.006170264445245266,-1,-0.006170264445245266,-0.08866481808217941,,,,0,-61.70264445245266,0.006174961104989052,0.0077295913361012936,0.0018403418362140656,-0.40306623955910803
2016-03-07,fold_4,China devaluation and oil crash,0.006254358217120171,1,-0.00831865705549717,-1,-0.00831865705549717,-0.09698347513767658,,,,0,-83.1865705549717,0.004549790173768997,0.01558910682797432,0.006254358217120171,-0.6310215495998357
2016-03-08,fold_4,China devaluation and oil crash,0.009922400116920471,1,0.0064122239127755165,1,0.0064122239127755165,-0.09057125122490106,,,,1,64.12223912775517,0.002265043556690216,0.023532414808869362,0.009922400116920471,0.49861595348445165
2016-03-09,fold_4,China devaluation and oil crash,-0.0011275392025709152,-1,-0.0015275164041668177,-1,0.0015275164041668177,-0.08904373482073424,,,,1,15.275164041668177,-0.0073873307555913925,0.025990260764956474,-0.0011275392025709152,-0.11821938015982
2016-03-10,fold_4,China devaluation and oil crash,-0.00763779878616333,-1,0.017333805561065674,1,-0.017333805561065674,-0.10637754038179992,,,,0,-173.33805561065674,-0.014550089836120605,0.026959849521517754,-0.00763779878616333,1.3440099143160127
2016-03-11,fold_4,China devaluation and oil crash,-0.010272812098264694,-1,0.001689250930212438,1,-0.001689250930212438,-0.10806679131201236,,,,0,-16.89250930212438,-0.01531852874904871,0.011191518045961857,-0.010272812098264694,0.12547344482987752
2016-03-14,fold_4,China devaluation and oil crash,0.0008368473500013351,1,-0.0003753479686565697,-1,-0.0003753479686565697,-0.10844213928066893,,,,0,-3.753479686565697,-0.009188871830701828,0.01340685784816742,0.0008368473500013351,-0.028789643508014145
2016-03-15,fold_4,China devaluation and oil crash,0.0034582316875457764,1,0.008870068937540054,1,0.008870068937540054,-0.09957207034312887,,,,1,88.70068937540054,0.002095010131597519,0.016838986426591873,0.0034582316875457764,0.7362859028048112
2016-03-16,fold_4,China devaluation and oil crash,0.005092652514576912,1,-0.0005579286371357739,-1,-0.0005579286371357739,-0.10012999898026465,,,,0,-5.579286371357739,-1.2930482625961304e-05,-0.00029687152709811926,0.005092652514576912,-0.050106030756215725
2016-03-17,fold_4,China devaluation and oil crash,0.004903143271803856,1,0.0015654738526791334,1,0.0015654738526791334,-0.09856452512758551,,,,1,15.654738526791334,-0.002707509323954582,0.000540980021469295,0.004903143271803856,0.14447327970051663
2016-03-18,fold_4,China devaluation and oil crash,-0.002614140510559082,-1,0.0039045915473252535,1,-0.0039045915473252535,-0.10246911667491077,,,,0,-39.045915473252535,-0.00866205058991909,-0.0024239751510322094,-0.002614140510559082,0.36082740226055715
2016-03-21,fold_4,China devaluation and oil crash,0.001530274748802185,1,0.003056779270991683,1,0.003056779270991683,-0.09941233740391908,,,,1,30.56779270991683,-0.0074029844254255295,0.009602147154510021,0.001530274748802185,0.2984641932522144
2016-03-22,fold_4,China devaluation and oil crash,-0.0012318063527345657,-1,-0.008265787735581398,-1,0.008265787735581398,-0.09114654966833768,,,,1,82.65787735581398,-0.011903689242899418,0.011403592303395271,-0.0012318063527345657,-0.8637103386924586
2016-03-23,fold_4,China devaluation and oil crash,-0.0003513023257255554,-1,0.0002799229114316404,1,-0.0002799229114316404,-0.09142647257976932,,,,0,-2.799229114316404,-0.004428446292877197,0.01820463314652443,-0.0003513023257255554,0.029426987994186592
2016-03-24,fold_4,China devaluation and oil crash,0.005785739049315453,1,-0.001399481319822371,-1,-0.001399481319822371,-0.0928259538995917,,,,0,-13.99481319822371,0.0061935074627399445,0.028491921722888947,0.005785739049315453,-0.1511843418165445
2016-03-28,fold_4,China devaluation and oil crash,0.0029344838112592697,1,0.015930714085698128,1,0.015930714085698128,-0.07689523981389357,,,,1,159.30714085698128,0.008680764585733414,0.02607828378677368,0.0029344838112592697,1.720785580467
2016-03-29,fold_4,China devaluation and oil crash,0.004448872059583664,1,0.004858225118368864,1,0.004858225118368864,-0.0720370146955247,,,,1,48.58225118368864,-0.009584670886397362,0.0004590361495502293,0.004448872059583664,0.5002431355891801
2016-03-30,fold_4,China devaluation and oil crash,0.0073859803378582,1,-0.0014647470088675618,-1,-0.0014647470088675618,-0.07350176170439227,,,,0,-14.647470088675618,0.0046002063900232315,0.011907192878425121,0.0073859803378582,-0.2169314072734547
2016-03-31,fold_4,China devaluation and oil crash,0.0031232014298439026,1,0.010567210614681244,1,0.010567210614681244,-0.06293455108971102,,,,1,105.67210614681244,0.0014241132885217667,-0.0010990502778440714,0.0031232014298439026,1.5633052445202813
2016-04-01,fold_4,China devaluation and oil crash,0.0024013500660657883,1,-0.003813117742538452,-1,-0.003813117742538452,-0.06674766883224947,,,,0,-38.13117742538452,0.005177220329642296,-0.012399908155202866,0.0024013500660657883,-0.5334434279302764
2016-04-04,fold_4,China devaluation and oil crash,-0.007926858961582184,-1,-0.009688534773886204,-1,0.009688534773886204,-0.05705913405836327,,,,1,96.88534773886204,-0.00675581768155098,-0.012263499200344086,-0.007926858961582184,-1.3459487874714837
2016-04-05,fold_4,China devaluation and oil crash,-0.00033538416028022766,-1,0.016306381672620773,1,-0.016306381672620773,-0.07336551573098404,,,,0,-163.06381672620773,0.0020009391009807587,0.005769746843725443,-0.00033538416028022766,2.206686146330935
2016-04-06,fold_4,China devaluation and oil crash,-0.004095334559679031,-1,-0.014470990747213364,-1,0.014470990747213364,-0.05889452498377068,,,,1,144.70990747213364,-0.0037905536592006683,0.0021664733067154884,-0.004095334559679031,-1.8026860920018872
2016-04-07,fold_4,China devaluation and oil crash,-0.01059718057513237,-1,-0.0007336472626775503,-1,0.0007336472626775503,-0.05816087772109313,,,,1,7.336472626775503,-0.007491618394851685,0.016727684065699577,-0.01059718057513237,-0.0859524674195636
2016-04-08,fold_4,China devaluation and oil crash,0.012054579332470894,1,-0.0036767087876796722,-1,-0.0036767087876796722,-0.0618375865087728,,,,0,-36.76708787679672,0.02036815881729126,0.014934007078409195,0.012054579332470894,-0.4310205214851261
2016-04-11,fold_4,China devaluation and oil crash,0.03487677872180939,1,0.008344711735844612,1,0.008344711735844612,-0.05349287477292819,,,,1,83.44711735844612,0.008789200335741043,0.023929070681333542,0.03487677872180939,1.0917883100498842
2016-04-12,fold_4,China devaluation and oil crash,0.001867532730102539,1,0.012703108601272106,1,0.012703108601272106,-0.04078976617165608,,,,1,127.03108601272106,0.021673403680324554,0.009451969526708126,0.001867532730102539,1.6164684369758442
2016-04-13,fold_4,China devaluation and oil crash,-0.003099801018834114,-1,9.022023732541129e-05,1,-9.022023732541129e-05,-0.040879986408981495,,,,0,-0.9022023732541129,-0.010457981377840042,-0.002437104005366564,-0.003099801018834114,0.010797402454357615
2016-04-14,fold_4,China devaluation and oil crash,5.786865949630737e-05,1,-0.0025273242499679327,-1,-0.0025273242499679327,-0.04340731065894943,,,,0,-25.273242499679327,0.004210691899061203,-0.002437179908156395,5.786865949630737e-05,-0.3113639257109552
2016-04-15,fold_4,China devaluation and oil crash,0.00345575250685215,1,0.005318354815244675,1,0.005318354815244675,-0.03808895584370475,,,,1,53.18354815244675,-0.00415431521832943,-0.01511763408780098,0.00345575250685215,0.6537108107086823
2016-04-18,fold_4,China devaluation and oil crash,-0.0020571574568748474,-1,-0.006132390350103378,-1,0.006132390350103378,-0.031956565493601374,,,,1,61.32390350103378,-0.0046217478811740875,-0.020435988903045654,-0.0020571574568748474,-0.746519575063396
2016-04-19,fold_4,China devaluation and oil crash,0.0035592950880527496,1,0.0008140353602357209,1,0.0008140353602357209,-0.031142530133365653,,,,1,8.140353602357209,-0.004001503810286522,-0.019178731366991997,0.0035592950880527496,0.09828481736239875
2016-04-20,fold_4,China devaluation and oil crash,-0.0019175242632627487,-1,9.014434181153774e-05,1,-9.014434181153774e-05,-0.03123267447517719,,,,0,-0.9014434181153774,-0.014135997742414474,-0.028047095984220505,-0.0019175242632627487,0.01091842629886139
2016-04-21,fold_4,China devaluation and oil crash,-0.007176794111728668,-1,-0.015207778662443161,-1,0.015207778662443161,-0.01602489581273403,,,,1,152.0777866244316,-0.013567158952355385,-0.04029499739408493,-0.007176794111728668,-1.889952292367294
2016-04-22,fold_4,China devaluation and oil crash,-0.0037371180951595306,-1,0.0,0,-0.0,-0.01602489581273403,,,,0,-0.0,0.0016390588134527206,-0.0303702000528574,-0.0037371180951595306,0.0
2016-04-25,fold_4,China devaluation and oil crash,-0.004921656101942062,-1,-0.0048751323483884335,-1,0.0048751323483884335,-0.011149763464345597,,,,1,48.751323483884335,0.014687981456518173,-0.020955650135874748,-0.004921656101942062,-0.5584431452323555
2016-04-26,fold_4,China devaluation and oil crash,0.002939300611615181,1,-0.008054329082369804,-1,-0.008054329082369804,-0.0192040925467154,,,,0,-80.54329082369804,-0.0002710465341806412,-0.025400573387742043,0.002939300611615181,-1.0012567341013854
2016-04-27,fold_4,China devaluation and oil crash,-0.0003853142261505127,-1,-0.012157757766544819,-1,0.012157757766544819,-0.007046334780170582,,,,1,121.57757766544819,-0.006008323282003403,-0.023798203095793724,-0.0003853142261505127,-1.4878294773292926
2016-04-28,fold_4,China devaluation and oil crash,0.0091421939432621,1,-0.005282980855554342,-1,-0.005282980855554342,-0.012329315635724925,,,,0,-52.82980855554342,0.01370905339717865,-0.011926179751753807,0.0091421939432621,-0.6139008000621646
2018-10-24,fold_5,2018 Vol-mageddon + Q4 sell-off,0.011122213676571846,1,0.03401026502251625,1,0.03401026502251625,0.03401026502251625,,,,1,340.1026502251625,-0.0008879303932189941,0.026734814047813416,0.011122213676571846,1.77468860016443
2018-10-25,fold_5,2018 Vol-mageddon + Q4 sell-off,-0.0071990713477134705,-1,-0.026058673858642578,-1,0.026058673858642578,0.06006893888115883,,,,1,260.5867385864258,-0.021232672035694122,0.00582903204485774,-0.0071990713477134705,-1.2692032756157483
2018-10-26,fold_5,2018 Vol-mageddon + Q4 sell-off,0.002139454707503319,1,-0.02079581841826439,-1,-0.02079581841826439,0.03927312046289444,,,,0,-207.9581841826439,0.009637445211410522,0.016188867390155792,0.002139454707503319,-0.9743944970941217
2018-10-29,fold_5,2018 Vol-mageddon + Q4 sell-off,0.01457959320396185,1,0.01634574495255947,1,0.01634574495255947,0.05561886541545391,,,,1,163.4574495255947,0.009716160595417023,0.03450203314423561,0.01457959320396185,0.7484921883353494
2018-10-30,fold_5,2018 Vol-mageddon + Q4 sell-off,0.006419846788048744,1,0.02323329448699951,1,0.02323329448699951,0.07885215990245342,,,,1,232.33294486999512,-0.007164878770709038,0.025703391060233116,0.006419846788048744,1.0495600485665344
2018-10-31,fold_5,2018 Vol-mageddon + Q4 sell-off,0.01847725547850132,1,0.013104485347867012,1,0.013104485347867012,0.09195664525032043,,,,1,131.04485347867012,-0.016995001584291458,0.03335581719875336,0.01847725547850132,0.5763659324773915
2018-11-01,fold_5,2018 Vol-mageddon + Q4 sell-off,0.0008956547826528549,1,-0.015698837116360664,-1,-0.015698837116360664,0.07625780813395977,,,,0,-156.98837116360664,-0.008495047688484192,0.013852041214704514,0.0008956547826528549,-0.6973882163455799
2018-11-02,fold_5,2018 Vol-mageddon + Q4 sell-off,-0.0041754767298698425,-1,-0.002482652897015214,-1,0.002482652897015214,0.07874046103097498,,,,1,24.82652897015214,-0.02276785485446453,0.012555296532809734,-0.0041754767298698425,-0.10977283931015479
2018-11-05,fold_5,2018 Vol-mageddon + Q4 sell-off,-0.0018059499561786652,-1,0.007547101005911827,1,-0.007547101005911827,0.07119336002506316,,,,0,-75.47101005911827,-0.01199871115386486,-0.01568807289004326,-0.0018059499561786652,0.33421468347266076
2018-11-06,fold_5,2018 Vol-mageddon + Q4 sell-off,0.004476385191082954,1,0.0308857224881649,1,0.0308857224881649,0.10207908251322806,,,,1,308.857224881649,0.0003121551126241684,-0.022393720224499702,0.004476385191082954,1.3646313407784774
2018-11-07,fold_5,2018 Vol-mageddon + Q4 sell-off,-0.004171643406152725,-1,-0.006399292498826981,-1,0.006399292498826981,0.10847837501205504,,,,1,63.992924988269806,-0.011271364986896515,-0.0609380342066288,-0.004171643406152725,-0.2987561094118364
2018-11-08,fold_5,2018 Vol-mageddon + Q4 sell-off,-0.00956401601433754,-1,-0.01699558086693287,-1,0.01699558086693287,0.1254739558789879,,,,1,169.9558086693287,-0.001812288537621498,-0.03719615936279297,-0.00956401601433754,-0.7984634592381895
2018-11-09,fold_5,2018 Vol-mageddon + Q4 sell-off,-0.0073294006288051605,-1,-0.030726023018360138,-1,0.030726023018360138,0.15619997889734805,,,,1,307.2602301836014,-0.004013096913695335,-0.023716740310192108,-0.0073294006288051605,-1.4820286766987243
2018-11-12,fold_5,2018 Vol-mageddon + Q4 sell-off,0.010607989504933357,1,0.000841454544570297,1,0.000841454544570297,0.15704143344191834,,,,1,8.41454544570297,0.00897923856973648,-0.026007166132330894,0.010607989504933357,0.03882904903812807
2018-11-13,fold_5,2018 Vol-mageddon + Q4 sell-off,0.009523440152406693,1,-0.007658591028302908,-1,-0.007658591028302908,0.14938284241361544,,,,0,-76.58591028302908,0.015298891812562943,-0.044905394315719604,0.009523440152406693,-0.3699598816985418
2018-11-14,fold_5,2018 Vol-mageddon + Q4 sell-off,0.007623789831995964,1,0.01734258234500885,1,0.01734258234500885,0.16672542475862429,,,,1,173.4258234500885,0.004129456356167793,-0.029672911390662193,0.007623789831995964,0.8349153533134935
2018-11-15,fold_5,2018 Vol-mageddon + Q4 sell-off,0.020544065162539482,1,-0.0035161625128239393,-1,-0.0035161625128239393,0.16320926224580035,,,,0,-35.16162512823939,0.0145999975502491,-0.05427509918808937,0.020544065162539482,-0.17177737056518852
2018-11-16,fold_5,2018 Vol-mageddon + Q4 sell-off,0.02057109959423542,1,-0.033016450703144073,-1,-0.033016450703144073,0.13019281154265627,,,,0,-330.16450703144073,0.017967361956834793,-0.027908116579055786,0.02057109959423542,-1.611867493491997
2018-11-19,fold_5,2018 Vol-mageddon + Q4 sell-off,0.017277946695685387,1,-0.018056772649288177,-1,-0.018056772649288177,0.1121360388933681,,,,0,-180.56772649288177,0.01809081807732582,0.008479170501232147,0.017277946695685387,-0.8304656952937203
2018-11-20,fold_5,2018 Vol-mageddon + Q4 sell-off,0.012570123188197613,1,0.007573891896754503,1,0.007573891896754503,0.1197099307901226,,,,1,75.73891896754503,0.013334140181541443,0.058211855590343475,0.012570123188197613,0.342721089958986
2018-11-21,fold_5,2018 Vol-mageddon + Q4 sell-off,0.011311582289636135,1,-0.007259607780724764,-1,-0.007259607780724764,0.11245032300939783,,,,0,-72.59607780724764,0.009840607643127441,0.047372590750455856,0.011311582289636135,-0.37166995530783903
2018-11-23,fold_5,2018 Vol-mageddon + Q4 sell-off,0.016816260293126106,1,0.022850820794701576,1,0.022850820794701576,0.1353011438040994,,,,1,228.50820794701576,0.011748503893613815,0.06186139956116676,0.016816260293126106,1.2649789142725905
2018-11-26,fold_5,2018 Vol-mageddon + Q4 sell-off,0.0030709467828273773,1,0.0033708387054502964,1,0.0033708387054502964,0.1386719825095497,,,,1,33.708387054502964,0.0016734637320041656,0.05633609741926193,0.0030709467828273773,0.1888876302400691
2018-11-27,fold_5,2018 Vol-mageddon + Q4 sell-off,4.900619387626648e-06,1,0.03167591243982315,1,0.03167591243982315,0.17034789494937286,,,,1,316.7591243982315,-0.008722590282559395,0.013853813521564007,4.900619387626648e-06,1.8367398910174983
2018-11-28,fold_5,2018 Vol-mageddon + Q4 sell-off,0.012835368514060974,1,-0.0032653752714395523,-1,-0.0032653752714395523,0.1670825196779333,,,,0,-32.65375271439552,-0.006862105801701546,-0.01078720297664404,0.012835368514060974,-0.17861348239722183
2018-11-29,fold_5,2018 Vol-mageddon + Q4 sell-off,-0.00653405487537384,-1,0.007229202892631292,1,-0.007229202892631292,0.159853316785302,,,,0,-72.29202892631292,-0.0019432175904512405,-0.04109470173716545,-0.00653405487537384,0.4120773526837548
2018-11-30,fold_5,2018 Vol-mageddon + Q4 sell-off,-0.009480364620685577,-1,0.017325518652796745,1,-0.017325518652796745,0.14252779813250527,,,,0,-173.25518652796745,-0.003611631691455841,-0.037905894219875336,-0.009480364620685577,0.997310767714053
2018-12-03,fold_5,2018 Vol-mageddon + Q4 sell-off,0.006307192146778107,1,-0.03911144658923149,-1,-0.03911144658923149,0.10341635154327378,,,,0,-391.1144658923149,-0.008599212393164635,-0.05192564055323601,0.006307192146778107,-2.241424192443102
2018-12-04,fold_5,2018 Vol-mageddon + Q4 sell-off,0.011996857821941376,1,0.007034897338598967,1,0.007034897338598967,0.11045124888187274,,,,1,70.34897338598967,0.013804927468299866,-0.004051308147609234,0.011996857821941376,0.3605707093956329
2018-12-06,fold_5,2018 Vol-mageddon + Q4 sell-off,0.003148697316646576,1,-0.03357287496328354,-1,-0.03357287496328354,0.0768783739185892,,,,0,-335.7287496328354,-0.007839428260922432,-0.010783231817185879,0.003148697316646576,-1.7216083160429345
2018-12-07,fold_5,2018 Vol-mageddon + Q4 sell-off,0.0032157935202121735,1,0.01041800994426012,1,0.01041800994426012,0.08729638386284932,,,,1,104.1800994426012,0.012140356004238129,-0.0018603972857818007,0.0032157935202121735,0.5282515780582366
2018-12-10,fold_5,2018 Vol-mageddon + Q4 sell-off,0.00024994276463985443,1,0.003305772552266717,1,0.003305772552266717,0.09060215641511604,,,,1,33.05772552266717,-0.008979909121990204,-0.03519889712333679,0.00024994276463985443,0.16689777918986154
2018-12-11,fold_5,2018 Vol-mageddon + Q4 sell-off,-0.0028785504400730133,-1,0.008762886747717857,1,-0.008762886747717857,0.08183926966739818,,,,0,-87.62886747717857,-0.012785375118255615,-0.032235823571681976,-0.0028785504400730133,0.45045938463094426
2018-12-12,fold_5,2018 Vol-mageddon + Q4 sell-off,0.0035253074020147324,1,0.0003029732615686953,1,0.0003029732615686953,0.08214224292896688,,,,1,3.029732615686953,0.005235036835074425,-0.06586034595966339,0.0035253074020147324,0.016551644777471525
2018-12-13,fold_5,2018 Vol-mageddon + Q4 sell-off,0.004913704469799995,1,-0.02465003915131092,-1,-0.02465003915131092,0.05749220377765596,,,,0,-246.5003915131092,-0.015428261831402779,-0.08076487481594086,0.004913704469799995,-1.3467111284400528
2018-12-14,fold_5,2018 Vol-mageddon + Q4 sell-off,0.0004074685275554657,1,-0.02292048931121826,-1,-0.02292048931121826,0.0345717144664377,,,,0,-229.20489311218262,0.0032089240849018097,-0.08759868144989014,0.0004074685275554657,-1.2038753790062104
2018-12-17,fold_5,2018 Vol-mageddon + Q4 sell-off,0.007289104163646698,1,0.006268845871090889,1,0.006268845871090889,0.040840560337528586,,,,1,62.68845871090889,0.0019666459411382675,-0.08978883922100067,0.007289104163646698,0.3242801571004377
2018-12-18,fold_5,2018 Vol-mageddon + Q4 sell-off,0.0023453421890735626,1,-0.024861635640263557,-1,-0.024861635640263557,0.01597892469726503,,,,0,-248.61635640263557,0.010039590299129486,-0.035490769892930984,0.0023453421890735626,-1.283752666124262
2018-12-19,fold_5,2018 Vol-mageddon + Q4 sell-off,0.00033783167600631714,1,-0.014601556584239006,-1,-0.014601556584239006,0.001377368113026023,,,,0,-146.01556584239006,0.015727151185274124,-0.006766404490917921,0.00033783167600631714,-0.7788662930931695
2018-12-20,fold_5,2018 Vol-mageddon + Q4 sell-off,0.009037680923938751,1,-0.03148384019732475,-1,-0.03148384019732475,-0.03010647208429873,,,,0,-314.8384019732475,0.036314088851213455,0.007312349509447813,0.009037680923938751,-1.6930339809025827
2018-12-21,fold_5,2018 Vol-mageddon + Q4 sell-off,0.01319260522723198,1,-0.025110647082328796,-1,-0.025110647082328796,-0.055217119166627526,,,,0,-251.10647082328796,0.0326983705163002,0.047193724662065506,0.01319260522723198,-1.2674572673187545
2018-12-24,fold_5,2018 Vol-mageddon + Q4 sell-off,0.02566387504339218,1,0.06056690961122513,1,0.06056690961122513,0.005349790444597602,,,,1,605.6690961122513,0.03617342188954353,0.07631570100784302,0.02566387504339218,2.950446690963408
2018-12-26,fold_5,2018 Vol-mageddon + Q4 sell-off,-0.024474631994962692,-1,0.0038627306930720806,1,-0.0038627306930720806,0.0014870597515255213,,,,0,-38.627306930720806,-0.010696128010749817,-0.017467688769102097,-0.024474631994962692,0.1605697928539248
2018-12-27,fold_5,2018 Vol-mageddon + Q4 sell-off,-0.01296716183423996,-1,-0.0005228033987805247,-1,0.0005228033987805247,0.002009863150306046,,,,1,5.228033987805247,-0.0002876613289117813,0.020564427599310875,-0.01296716183423996,-0.021729065604608522
2018-12-28,fold_5,2018 Vol-mageddon + Q4 sell-off,0.009106656536459923,1,0.008397532626986504,1,0.008397532626986504,0.01040739577729255,,,,1,83.97532626986504,0.002347830682992935,0.03292231634259224,0.009106656536459923,0.36520208009465255
2018-12-31,fold_5,2018 Vol-mageddon + Q4 sell-off,0.026661284267902374,1,0.00401133019477129,1,0.00401133019477129,0.01441872597206384,,,,1,40.1133019477129,0.009650047868490219,0.03352988138794899,0.026661284267902374,0.17395794166586181
2019-01-02,fold_5,2018 Vol-mageddon + Q4 sell-off,0.004253288730978966,1,-0.033216480165719986,-1,-0.033216480165719986,-0.018797754193656147,,,,0,-332.16480165719986,0.005216196179389954,0.03763500228524208,0.004253288730978966,-1.4429433525971453
2019-01-03,fold_5,2018 Vol-mageddon + Q4 sell-off,0.024602867662906647,1,0.04189484566450119,1,0.04189484566450119,0.023097091470845044,,,,1,418.9484566450119,0.01656557247042656,0.07370780408382416,0.024602867662906647,1.7546651131761455
2019-01-04,fold_5,2018 Vol-mageddon + Q4 sell-off,0.012663956731557846,1,0.011835084296762943,1,0.011835084296762943,0.03493217576760799,,,,1,118.35084296762943,-0.016866207122802734,0.028147896751761436,0.012663956731557846,0.4908543546392967
2019-01-07,fold_5,2018 Vol-mageddon + Q4 sell-off,0.002645285800099373,1,0.009005100466310978,1,0.009005100466310978,0.043937276233918965,,,,1,90.05100466310978,-0.0069702062755823135,0.0074369218200445175,0.002645285800099373,0.37203579793221414
2019-01-08,fold_5,2018 Vol-mageddon + Q4 sell-off,0.0034110229462385178,1,0.008116450160741806,1,0.008116450160741806,0.05205372639466077,,,,1,81.16450160741806,-0.00043970532715320587,0.01776972971856594,0.0034110229462385178,0.3513725713332447
2019-01-09,fold_5,2018 Vol-mageddon + Q4 sell-off,0.0006883572787046432,1,0.0028563211672008038,1,0.0028563211672008038,0.054910047561861575,,,,1,28.563211672008038,0.008062921464443207,0.009468733333051205,0.0006883572787046432,0.12390206631015782
2019-01-10,fold_5,2018 Vol-mageddon + Q4 sell-off,-0.003321465104818344,-1,-0.0036650579422712326,-1,0.0036650579422712326,0.05857510550413281,,,,1,36.650579422712326,0.012089908123016357,0.014465805143117905,-0.003321465104818344,-0.15900432044947757
2019-01-11,fold_5,2018 Vol-mageddon + Q4 sell-off,0.00913931243121624,1,-0.00887589156627655,-1,-0.00887589156627655,0.04969921393785626,,,,0,-88.7589156627655,-0.008677110075950623,0.027982445433735847,0.00913931243121624,-0.3862234557550303
2019-01-14,fold_5,2018 Vol-mageddon + Q4 sell-off,0.017123334109783173,1,0.019337907433509827,1,0.019337907433509827,0.06903712137136608,,,,1,193.37907433509827,0.0037983879446983337,0.016624685376882553,0.017123334109783173,0.8383482210297947
2019-01-15,fold_5,2018 Vol-mageddon + Q4 sell-off,0.013745155185461044,1,-0.0001845464576035738,-1,-0.0001845464576035738,0.06885257491376251,,,,0,-1.845464576035738,-0.010998998768627644,-0.0014171712100505829,0.013745155185461044,-0.00808987921917732
2019-01-16,fold_5,2018 Vol-mageddon + Q4 sell-off,0.00679311528801918,1,0.007853393442928791,1,0.007853393442928791,0.0767059683566913,,,,1,78.53393442928791,-0.00952101405709982,0.0052218688651919365,0.00679311528801918,0.35329712750900966
2019-01-17,fold_5,2018 Vol-mageddon + Q4 sell-off,0.009777061641216278,1,0.009851583279669285,1,0.009851583279669285,0.08655755163636059,,,,1,98.51583279669285,-0.007092326879501343,0.009246372617781162,0.009777061641216278,0.4426878625243031
2019-01-18,fold_5,2018 Vol-mageddon + Q4 sell-off,0.0019201263785362244,1,-0.020233651623129845,-1,-0.020233651623129845,0.06632390001323074,,,,0,-202.33651623129845,-0.0018910020589828491,-0.013034457340836525,0.0019201263785362244,-0.9341151823620253
2019-01-22,fold_5,2018 Vol-mageddon + Q4 sell-off,0.0010032188147306442,1,0.0012960510794073343,1,0.0012960510794073343,0.06761995109263808,,,,1,12.960510794073343,-0.003399232402443886,-0.002287453506141901,0.0010032188147306442,0.05921816890991798
2019-01-23,fold_5,2018 Vol-mageddon + Q4 sell-off,0.01274030189961195,1,0.006454493384808302,1,0.006454493384808302,0.07407444447744638,,,,1,64.54493384808302,0.005213040858507156,0.0215363297611475,0.01274030189961195,0.31143682154349095
2019-01-24,fold_5,2018 Vol-mageddon + Q4 sell-off,0.006890684366226196,1,0.011877898126840591,1,0.011877898126840591,0.08595234260428697,,,,1,118.77898126840591,-0.005573553964495659,0.02993958815932274,0.006890684366226196,0.5938378744339285
2019-01-25,fold_5,2018 Vol-mageddon + Q4 sell-off,0.0008973367512226105,1,-0.012429247610270977,-1,-0.012429247610270977,0.07352309499401599,,,,0,-124.29247610270977,0.009779654443264008,0.013830570504069328,0.0008973367512226105,-0.8309956368039547
2019-01-28,fold_5,2018 Vol-mageddon + Q4 sell-off,0.014956139959394932,1,-0.009486648254096508,-1,-0.009486648254096508,0.06403644673991948,,,,0,-94.86648254096508,0.004234975203871727,0.038604870438575745,0.014956139959394932,-0.62459246102514
2019-01-29,fold_5,2018 Vol-mageddon + Q4 sell-off,0.01923108659684658,1,0.025119835510849953,1,0.025119835510849953,0.08915628225076944,,,,1,251.19835510849953,0.012868285179138184,0.05690077319741249,0.01923108659684658,1.6380173508875673
2019-01-30,fold_5,2018 Vol-mageddon + Q4 sell-off,9.112246334552765e-05,1,0.01485775038599968,1,0.01485775038599968,0.10401403263676912,,,,1,148.5775038599968,0.007761362940073013,0.028794310986995697,9.112246334552765e-05,0.9158159736361503
2019-01-31,fold_5,2018 Vol-mageddon + Q4 sell-off,0.005766751244664192,1,-0.004231119528412819,-1,-0.004231119528412819,0.0997829131083563,,,,0,-42.31119528412819,0.0052427686750888824,0.00041609382606111467,0.005766751244664192,-0.25587502014519004
2019-02-01,fold_5,2018 Vol-mageddon + Q4 sell-off,-0.009771700948476791,-1,0.01234505232423544,1,-0.01234505232423544,0.08743786078412086,,,,0,-123.4505232423544,-0.014458144083619118,0.006606902461498976,-0.009771700948476791,0.8338895394396779
2019-02-04,fold_5,2018 Vol-mageddon + Q4 sell-off,-0.0016628541052341461,-1,0.008809252642095089,1,-0.008809252642095089,0.07862860814202577,,,,0,-88.09252642095089,-0.02072633057832718,-0.006687937770038843,-0.0016628541052341461,0.7471241039746336
2019-02-05,fold_5,2018 Vol-mageddon + Q4 sell-off,-0.007083825767040253,-1,-0.0029866250697523355,-1,0.0029866250697523355,0.0816152332117781,,,,1,29.866250697523355,-0.012117385864257812,-0.0008191018714569509,-0.007083825767040253,-0.25619367299360474
2019-02-06,fold_5,2018 Vol-mageddon + Q4 sell-off,2.417527139186859e-05,1,-0.013520467095077038,-1,-0.013520467095077038,0.06809476611670107,,,,0,-135.20467095077038,-0.005030754953622818,0.002869384828954935,2.417527139186859e-05,-1.175501688232634
2019-02-07,fold_5,2018 Vol-mageddon + Q4 sell-off,-0.0033848900347948074,-1,0.001959689659997821,1,-0.001959689659997821,0.06613507645670325,,,,0,-19.59689659997821,0.011771421879529953,0.017617112025618553,-0.0033848900347948074,0.1667357073202623
2019-02-08,fold_5,2018 Vol-mageddon + Q4 sell-off,-0.004982214421033859,-1,-0.0009497877908870578,-1,0.0009497877908870578,0.0670848642475903,,,,1,9.497877908870578,0.001112569123506546,0.019853880628943443,-0.004982214421033859,-0.08087375287144566
2019-02-11,fold_5,2018 Vol-mageddon + Q4 sell-off,0.0017470214515924454,1,0.014678088948130608,1,0.014678088948130608,0.08176295319572091,,,,1,146.78088948130608,0.005941910669207573,0.022779028862714767,0.0017470214515924454,1.2526771766344347
2019-02-12,fold_5,2018 Vol-mageddon + Q4 sell-off,-0.0051027871668338776,-1,0.0007018616888672113,1,-0.0007018616888672113,0.0810610915068537,,,,0,-7.018616888672113,-0.005698831751942635,0.00792672112584114,-0.0051027871668338776,0.05846206533534345
2019-02-13,fold_5,2018 Vol-mageddon + Q4 sell-off,0.0009058061987161636,1,0.001227260334417224,1,0.001227260334417224,0.08228835184127092,,,,1,12.27260334417224,-0.0006288960576057434,0.0035608201287686825,0.0009058061987161636,0.10956938104039882
2019-02-14,fold_5,2018 Vol-mageddon + Q4 sell-off,-0.0014693960547447205,-1,0.004196458030492067,1,-0.004196458030492067,0.07809189381077886,,,,0,-41.96458030492067,-0.005966685712337494,0.00970625039190054,-0.0014693960547447205,0.3745484592003061
2019-02-15,fold_5,2018 Vol-mageddon + Q4 sell-off,-0.0007911697030067444,-1,0.001975360093638301,1,-0.001975360093638301,0.07611653371714056,,,,0,-19.75360093638301,-0.0018482469022274017,0.009147333912551403,-0.0007911697030067444,0.1778756870323239
2019-02-19,fold_5,2018 Vol-mageddon + Q4 sell-off,-0.0023452118039131165,-1,-0.00017421865777578205,-1,0.00017421865777578205,0.07629075237491634,,,,1,1.7421865777578205,-0.007310401648283005,0.008208819665014744,-0.0023452118039131165,-0.015992804153815002
2019-02-20,fold_5,2018 Vol-mageddon + Q4 sell-off,0.001837015151977539,1,-0.0036640395410358906,-1,-0.0036640395410358906,0.07262671283388045,,,,0,-36.640395410358906,0.0028725173324346542,0.007749252486974001,0.001837015151977539,-0.3697444191702923
2019-02-21,fold_5,2018 Vol-mageddon + Q4 sell-off,0.019667955115437508,1,0.007372690364718437,1,0.007372690364718437,0.07999940319859888,,,,1,73.72690364718437,0.009727302938699722,0.009106521494686604,0.019667955115437508,0.7417759552143991
2019-02-22,fold_5,2018 Vol-mageddon + Q4 sell-off,0.0044699423015117645,1,0.0036375417839735746,1,0.0036375417839735746,0.08363694498257246,,,,1,36.375417839735746,0.0038485582917928696,0.00863878894597292,0.0044699423015117645,0.36480757635248523
2019-02-25,fold_5,2018 Vol-mageddon + Q4 sell-off,-0.0015189331024885178,-1,0.0010368457296863198,1,-0.0010368457296863198,0.08260009925288614,,,,0,-10.368457296863198,-0.010485019534826279,0.005173328332602978,-0.0015189331024885178,0.10749815623397956
2019-02-26,fold_5,2018 Vol-mageddon + Q4 sell-off,0.004481503739953041,1,-0.0006337863160297275,-1,-0.0006337863160297275,0.08196631293685641,,,,0,-6.337863160297275,-0.010106677189469337,0.004881580825895071,0.004481503739953041,-0.06859860697891929
2019-02-27,fold_5,2018 Vol-mageddon + Q4 sell-off,0.0068342722952365875,1,-0.002306770533323288,-1,-0.002306770533323288,0.07965954240353312,,,,0,-23.06770533323288,-0.014860297553241253,-0.00017281183681916445,0.0068342722952365875,-0.2564972928000794
2019-02-28,fold_5,2018 Vol-mageddon + Q4 sell-off,0.008687209337949753,1,0.006904958747327328,1,0.006904958747327328,0.08656450115086045,,,,1,69.04958747327328,-0.0038895439356565475,-0.010214511305093765,0.008687209337949753,0.9804763321443797
2019-03-01,fold_5,2018 Vol-mageddon + Q4 sell-off,0.001611044630408287,1,0.00017208090866915882,1,0.00017208090866915882,0.08673658205952961,,,,1,1.7208090866915882,-8.792988955974579e-05,-0.018637001514434814,0.001611044630408287,0.026893411076215196
2019-03-04,fold_5,2018 Vol-mageddon + Q4 sell-off,-0.0010411608964204788,-1,0.0007450981065630913,1,-0.0007450981065630913,0.08599148395296652,,,,0,-7.450981065630913,-0.007319305092096329,0.0017753717256709933,-0.0010411608964204788,0.11773856278902868
2019-03-05,fold_5,2018 Vol-mageddon + Q4 sell-off,-0.0012531038373708725,-1,-0.005688178818672895,-1,0.005688178818672895,0.09167966277163941,,,,1,56.881788186728954,-0.010061483830213547,0.0065093920566141605,-0.0012531038373708725,-0.9984404366472546
2019-03-06,fold_5,2018 Vol-mageddon + Q4 sell-off,0.00177823007106781,1,-0.012348470278084278,-1,-0.012348470278084278,0.07933119249355514,,,,0,-123.48470278084278,-0.0022827908396720886,0.01968303509056568,0.00177823007106781,-2.2472515457824884
2019-03-07,fold_5,2018 Vol-mageddon + Q4 sell-off,0.00010493583977222443,1,-0.0015175314620137215,-1,-0.0015175314620137215,0.07781366103154141,,,,0,-15.175314620137215,-0.013175229541957378,0.030335213989019394,0.00010493583977222443,-0.2482345434549959
2019-03-08,fold_5,2018 Vol-mageddon + Q4 sell-off,0.009117525070905685,1,0.020584454759955406,1,0.020584454759955406,0.09839811579149682,,,,1,205.84454759955406,-0.013939909636974335,0.041090596467256546,0.009117525070905685,3.8661865610744894
2019-03-11,fold_5,2018 Vol-mageddon + Q4 sell-off,-0.0034136269241571426,-1,0.005479118321090937,1,-0.005479118321090937,0.09291899747040588,,,,0,-54.79118321090937,-0.027370790019631386,0.022885199636220932,-0.0034136269241571426,0.7800188928272659
2019-03-12,fold_5,2018 Vol-mageddon + Q4 sell-off,-0.008417736738920212,-1,0.007485463283956051,1,-0.007485463283956051,0.08543353418644983,,,,0,-74.85463283956051,-0.004328982904553413,0.020762847736477852,-0.008417736738920212,1.0502638374398423
2019-03-13,fold_5,2018 Vol-mageddon + Q4 sell-off,-0.01399826630949974,-1,-0.0016962912632152438,-1,0.0016962912632152438,0.08712982544966508,,,,1,16.962912632152438,-0.009335623122751713,0.01723448745906353,-0.01399826630949974,-0.259205191477666
2019-03-14,fold_5,2018 Vol-mageddon + Q4 sell-off,-0.0027581993490457535,-1,0.009237850084900856,1,-0.009237850084900856,0.07789197536476422,,,,0,-92.37850084900856,4.562549293041229e-05,0.03444202244281769,-0.0027581993490457535,1.409647264496538
2019-03-15,fold_5,2018 Vol-mageddon + Q4 sell-off,-0.006843067705631256,-1,0.0023790590930730104,1,-0.0023790590930730104,0.07551291627169121,,,,0,-23.790590930730104,-0.00460788793861866,0.0029952730983495712,-0.006843067705631256,0.34651527241994967
2019-03-18,fold_5,2018 Vol-mageddon + Q4 sell-off,-0.00849679484963417,-1,0.003356766188517213,1,-0.003356766188517213,0.072156150083174,,,,0,-33.56766188517213,-0.0055115800350904465,-0.0012897165725007653,-0.00849679484963417,0.49204903498740066
2019-03-19,fold_5,2018 Vol-mageddon + Q4 sell-off,-0.005571853369474411,-1,0.003957103006541729,1,-0.003957103006541729,0.06819904707663227,,,,0,-39.57103006541729,-0.0040857065469026566,0.0,-0.005571853369474411,0.5777674207829703
2019-03-20,fold_5,2018 Vol-mageddon + Q4 sell-off,0.00935596227645874,1,0.015511245466768742,1,0.015511245466768742,0.08371029254340101,,,,1,155.11245466768742,0.002380549907684326,-0.010400827042758465,0.00935596227645874,2.2461296638731625
2019-03-21,fold_5,2018 Vol-mageddon + Q4 sell-off,-0.008143674582242966,-1,-0.02220890112221241,-1,0.02220890112221241,0.10591919366561342,,,,1,222.0890112221241,-0.011288909241557121,-0.023610059171915054,-0.008143674582242966,-2.890170330312154
2019-03-22,fold_5,2018 Vol-mageddon + Q4 sell-off,-0.00474761426448822,-1,-0.001905930577777326,-1,0.001905930577777326,0.10782512424339075,,,,1,19.05930577777326,-0.0005203597247600555,0.006141345482319593,-0.00474761426448822,-0.21178024690818373
2019-03-25,fold_5,2018 Vol-mageddon + Q4 sell-off,0.01411607675254345,1,0.004646482411772013,1,0.004646482411772013,0.11247160665516276,,,,1,46.46482411772013,-0.003919586539268494,0.021207502111792564,0.01411607675254345,0.5178372879620403
2019-03-26,fold_5,2018 Vol-mageddon + Q4 sell-off,0.0077644530683755875,1,-0.006443724036216736,-1,-0.006443724036216736,0.10602788261894602,,,,0,-64.43724036216736,-0.009707172401249409,0.02034425549209118,0.0077644530683755875,-0.7136034369894386
2019-03-27,fold_5,2018 Vol-mageddon + Q4 sell-off,0.015227962285280228,1,0.0023020142689347267,1,0.0023020142689347267,0.10832989688788075,,,,1,23.020142689347267,-0.009202616289258003,0.03251755237579346,0.015227962285280228,0.25177956690205505
2019-03-28,fold_5,2018 Vol-mageddon + Q4 sell-off,0.011476395651698112,1,0.007542503532022238,1,0.007542503532022238,0.11587240041990299,,,,1,75.42503532022238,-0.0035059601068496704,0.029834916815161705,0.011476395651698112,0.8249561163490199
2019-03-29,fold_5,2018 Vol-mageddon + Q4 sell-off,0.011505985632538795,1,0.013160225003957748,1,0.013160225003957748,0.12903262542386074,,,,1,131.60225003957748,0.02047489956021309,0.027450084686279297,0.011505985632538795,1.4354417979438217
2019-04-01,fold_5,2018 Vol-mageddon + Q4 sell-off,0.0027245208621025085,1,0.0037832369562238455,1,0.0037832369562238455,0.13281586238008458,,,,1,37.832369562238455,0.006614338606595993,0.01683189906179905,0.0027245208621025085,0.3929132302604623
2019-04-02,fold_5,2018 Vol-mageddon + Q4 sell-off,-0.0006775464862585068,-1,0.005729572847485542,1,-0.005729572847485542,0.12708628953259904,,,,0,-57.29572847485542,-0.006327364593744278,0.009531304240226746,-0.0006775464862585068,0.5928572924656258
2019-04-03,fold_5,2018 Vol-mageddon + Q4 sell-off,0.0016040243208408356,1,-0.0003806223103310913,-1,-0.0003806223103310913,0.12670566722226795,,,,0,-3.806223103310913,-0.0037378333508968353,0.009153859689831734,0.0016040243208408356,-0.03937922860941791
2019-04-04,fold_5,2018 Vol-mageddon + Q4 sell-off,-0.00042722187936306,-1,0.00515767140313983,1,-0.00515767140313983,0.12154799581912812,,,,0,-51.576714031398296,-0.006299670785665512,0.007159198634326458,-0.00042722187936306,0.5567941972777216
2019-04-05,fold_5,2018 Vol-mageddon + Q4 sell-off,-0.0006689298897981644,-1,0.0025420398451387882,1,-0.0025420398451387882,0.11900595597398933,,,,0,-25.420398451387882,-0.006795702502131462,0.006315842270851135,-0.0006689298897981644,0.2725024093881886
2019-04-08,fold_5,2018 Vol-mageddon + Q4 sell-off,-0.0029547344893217087,-1,-0.0035173578653484583,-1,0.0035173578653484583,0.12252331383933779,,,,1,35.17357865348458,0.004740377888083458,0.003935340326279402,-0.0029547344893217087,-0.43243918616901417
2019-04-09,fold_5,2018 Vol-mageddon + Q4 sell-off,-0.000617295503616333,-1,0.005352128762751818,1,-0.005352128762751818,0.11717118507658597,,,,0,-53.52128762751818,0.0009489189833402634,0.010890415869653225,-0.000617295503616333,0.6624467096671369
2019-04-10,fold_5,2018 Vol-mageddon + Q4 sell-off,0.002012306824326515,1,-0.0023752839770168066,-1,-0.0023752839770168066,0.11479590109956916,,,,0,-23.752839770168066,0.012326594442129135,0.009017187170684338,0.002012306824326515,-0.29712804898278294
2019-04-11,fold_5,2018 Vol-mageddon + Q4 sell-off,0.005894452333450317,1,0.004314315505325794,1,0.004314315505325794,0.11911021660489496,,,,1,43.14315505325794,0.020949356257915497,0.012674174271523952,0.005894452333450317,0.5391018631979752
2019-04-12,fold_5,2018 Vol-mageddon + Q4 sell-off,0.01005212590098381,1,0.0001615378278074786,1,0.0001615378278074786,0.11927175443270244,,,,1,1.615378278074786,-0.0018324963748455048,0.011184216476976871,0.01005212590098381,0.020732427437063147
2019-04-15,fold_5,2018 Vol-mageddon + Q4 sell-off,0.0032219458371400833,1,0.0034377172123640776,1,0.0034377172123640776,0.12270947164506651,,,,1,34.377172123640776,-0.004703618586063385,0.02366057224571705,0.0032219458371400833,0.4422379245469731
2019-04-16,fold_5,2018 Vol-mageddon + Q4 sell-off,-0.0002386346459388733,-1,0.0034789007622748613,1,-0.0034789007622748613,0.11923057088279165,,,,0,-34.78900762274861,-0.017416784539818764,0.0170652624219656,-0.0002386346459388733,0.44743409613884627
2019-04-17,fold_5,2018 Vol-mageddon + Q4 sell-off,0.0012975912541151047,1,0.001281703356653452,1,0.001281703356653452,0.1205122742394451,,,,1,12.81703356653452,-0.02733214944601059,0.017636874690651894,0.0012975912541151047,0.16508748451011285
2019-04-18,fold_5,2018 Vol-mageddon + Q4 sell-off,-0.0002382267266511917,-1,0.002824357245117426,1,-0.002824357245117426,0.11768791699432768,,,,0,-28.24357245117426,-0.024780558422207832,0.01724712736904621,-0.0002382267266511917,0.4062728922046816
2019-04-22,fold_5,2018 Vol-mageddon + Q4 sell-off,-0.007773883640766144,-1,0.012637894600629807,1,-0.012637894600629807,0.10505002239369787,,,,0,-126.37894600629807,-0.024902336299419403,0.016361890360713005,-0.007773883640766144,2.5761801972299163
2019-04-23,fold_5,2018 Vol-mageddon + Q4 sell-off,-0.00929572805762291,-1,-0.0031575928442180157,-1,0.0031575928442180157,0.10820761523791589,,,,1,31.575928442180157,-0.022395135834813118,-0.004054222255945206,-0.00929572805762291,-0.5593278337476337
2019-04-24,fold_5,2018 Vol-mageddon + Q4 sell-off,-0.006317391991615295,-1,0.004050512798130512,1,-0.004050512798130512,0.10415710243978538,,,,0,-40.50512798130512,-0.010666687041521072,-0.004119951277971268,-0.006317391991615295,0.7241279199257808
2019-04-25,fold_5,2018 Vol-mageddon + Q4 sell-off,-0.0004978589713573456,-1,0.0008919559768401086,1,-0.0008919559768401086,0.10326514646294527,,,,0,-8.919559768401086,-0.005720537155866623,-0.012520142830908298,-0.0004978589713573456,0.16275839997497182
2019-04-26,fold_5,2018 Vol-mageddon + Q4 sell-off,0.0028640571981668472,1,0.0019391197711229324,1,0.0019391197711229324,0.1052042662340682,,,,1,19.391197711229324,-0.0026011746376752853,0.002410326385870576,0.0028640571981668472,0.3551721476100761
2019-04-29,fold_5,2018 Vol-mageddon + Q4 sell-off,-8.373521268367767e-05,-1,-0.007778218016028404,-1,0.007778218016028404,0.1129824842500966,,,,1,77.78218016028404,-0.027587486431002617,-0.005670021288096905,-8.373521268367767e-05,-1.4927381154327648
2020-04-28,fold_6,COVID crash and V-recovery,0.011996799148619175,1,0.034846752882003784,1,0.034846752882003784,0.034846752882003784,,,,1,348.46752882003784,-0.023022450506687164,0.02870927006006241,0.011996799148619175,1.349116258860208
2020-04-29,fold_6,COVID crash and V-recovery,0.0021782666444778442,1,-0.00041101736132986844,-1,-0.00041101736132986844,0.034435735520673916,,,,0,-4.110173613298684,-0.002979002892971039,0.0,0.0021782666444778442,-0.015273329603258962
2020-04-30,fold_6,COVID crash and V-recovery,0.0036332476884126663,1,-0.02858983725309372,-1,-0.02858983725309372,0.005845898267580196,,,,0,-285.8983725309372,-0.018353868275880814,0.013205603696405888,0.0036332476884126663,-1.139100475499464
2020-05-01,fold_6,COVID crash and V-recovery,0.0015263501554727554,1,0.011590042151510715,1,0.011590042151510715,0.017435940419090912,,,,1,115.90042151510715,-0.030071238055825233,0.05540729686617851,0.0015263501554727554,0.454380527434365
2020-05-04,fold_6,COVID crash and V-recovery,0.00021935813128948212,1,0.011273329146206379,1,0.011273329146206379,0.02870926956529729,,,,1,112.73329146206379,-0.03089325502514839,0.05271638184785843,0.00021935813128948212,0.4431575926811178
2020-05-05,fold_6,COVID crash and V-recovery,-0.007582854479551315,-1,0.006137482821941376,1,-0.006137482821941376,0.022571786743355915,,,,0,-61.37482821941376,-0.04559801518917084,0.020283684134483337,-0.007582854479551315,0.3012582525123526
2020-05-06,fold_6,COVID crash and V-recovery,-0.0011685770004987717,-1,0.012794585898518562,1,-0.012794585898518562,0.009777200844837353,,,,0,-127.94585898518562,-0.04103885591030121,0.0015512654790654778,-0.0011685770004987717,0.6266082108417178
2020-05-07,fold_6,COVID crash and V-recovery,-0.0033967047929763794,-1,0.013611855916678905,1,-0.013611855916678905,-0.003834655071841553,,,,0,-136.11855916678905,-0.047883715480566025,4.5156863052397966e-05,-0.0033967047929763794,0.6780198336118983
2020-05-08,fold_6,COVID crash and V-recovery,-0.003511738032102585,-1,0.008899128064513206,1,-0.008899128064513206,-0.01273378313635476,,,,0,-88.99128064513206,-0.019049502909183502,-0.007096275221556425,-0.003511738032102585,0.4383214928755762
2020-05-11,fold_6,COVID crash and V-recovery,-0.004992485046386719,-1,-0.021159369498491287,-1,0.021159369498491287,0.008425586362136528,,,,1,211.59369498491287,-0.015775766223669052,0.002465191762894392,-0.004992485046386719,-1.0444928112474263
2020-05-12,fold_6,COVID crash and V-recovery,0.0033818427473306656,1,-0.012594935484230518,-1,-0.012594935484230518,-0.0041693491220939904,,,,0,-125.94935484230518,-0.0502624474465847,0.021115215495228767,0.0033818427473306656,-0.6809020398622824
2020-05-13,fold_6,COVID crash and V-recovery,0.004790127277374268,1,0.011288478039205074,1,0.011288478039205074,0.007119128917111084,,,,1,112.88478039205074,-0.041513193398714066,0.053481537848711014,0.004790127277374268,0.6091367844048735
2020-05-14,fold_6,COVID crash and V-recovery,-0.01978154107928276,-1,0.006470423191785812,1,-0.006470423191785812,0.0006487057253252715,,,,0,-64.70423191785812,-0.05457846820354462,0.031242623925209045,-0.01978154107928276,0.3543286206546096
2020-05-15,fold_6,COVID crash and V-recovery,-0.007637619972229004,-1,0.018460595980286598,1,-0.018460595980286598,-0.017811890254961327,,,,0,-184.60595980286598,-0.05665126442909241,0.028218109160661697,-0.007637619972229004,1.0146429521600169
2020-05-18,fold_6,COVID crash and V-recovery,-0.015499386936426163,-1,-0.002509345533326268,-1,0.002509345533326268,-0.015302544721635059,,,,1,25.093455333262682,-0.04221460968255997,0.0070541235618293285,-0.015499386936426163,-0.1358947902996018
2020-05-19,fold_6,COVID crash and V-recovery,-0.008343052119016647,-1,0.019771385937929153,1,-0.019771385937929153,-0.03507393065956421,,,,0,-197.71385937929153,-0.0573454387485981,0.015006253495812416,-0.008343052119016647,1.2019011447599568
2020-05-20,fold_6,COVID crash and V-recovery,-0.017783045768737793,-1,-0.010950435884296894,-1,0.010950435884296894,-0.024123494775267318,,,,1,109.50435884296894,-0.04280906170606613,-0.006068696733564138,-0.017783045768737793,-0.6962042515893885
2020-05-21,fold_6,COVID crash and V-recovery,-0.013025160878896713,-1,0.003445908660069108,1,-0.003445908660069108,-0.027569403435336426,,,,0,-34.45908660069108,-0.04367339611053467,0.01942809484899044,-0.013025160878896713,0.21657318928388547
2020-05-22,fold_6,COVID crash and V-recovery,-0.011412154883146286,-1,-0.0027033903170377016,-1,0.0027033903170377016,-0.024866013118298724,,,,1,27.033903170377016,-0.05324079096317291,0.018977487459778786,-0.011412154883146286,-0.17395546199459244
2020-05-26,fold_6,COVID crash and V-recovery,-0.018303729593753815,-1,0.005442784167826176,1,-0.005442784167826176,-0.0303087972861249,,,,0,-54.42784167826176,-0.07079887390136719,0.028366241604089737,-0.018303729593753815,0.3523078665915714
2020-05-27,fold_6,COVID crash and V-recovery,-0.012159507721662521,-1,-0.00130356359295547,-1,0.00130356359295547,-0.02900523369316943,,,,1,13.0356359295547,-0.04424217343330383,0.02741178125143051,-0.012159507721662521,-0.08747495646310993
2020-05-28,fold_6,COVID crash and V-recovery,-0.00737415999174118,-1,0.014546356163918972,1,-0.014546356163918972,-0.0435515898570884,,,,0,-145.46356163918972,-0.06131108105182648,0.02167745679616928,-0.00737415999174118,1.144836825768415
2020-05-29,fold_6,COVID crash and V-recovery,-0.00871141254901886,-1,0.002995300805196166,1,-0.002995300805196166,-0.04654689066228457,,,,0,-29.95300805196166,-0.05903344228863716,0.026764295995235443,-0.00871141254901886,0.22837949258839393
2020-06-01,fold_6,COVID crash and V-recovery,-0.011255592107772827,-1,0.006685362663120031,1,-0.006685362663120031,-0.0532322533254046,,,,0,-66.85362663120031,-0.027123495936393738,0.03149901330471039,-0.011255592107772827,0.5827813231771511
2020-06-02,fold_6,COVID crash and V-recovery,-0.014341350644826889,-1,0.004488324746489525,1,-0.004488324746489525,-0.057720578071894124,,,,0,-44.88324746489525,-0.03846164047718048,0.032032568007707596,-0.014341350644826889,0.3980972830499163
2020-06-03,fold_6,COVID crash and V-recovery,-0.021144047379493713,-1,-0.007037887815386057,-1,0.007037887815386057,-0.05068269025650807,,,,1,70.37887815386057,-0.04242228344082832,0.03947428986430168,-0.021144047379493713,-0.6377926107384717
2020-06-04,fold_6,COVID crash and V-recovery,-0.02008889988064766,-1,0.01963319443166256,1,-0.01963319443166256,-0.07031588468817063,,,,0,-196.3319443166256,-0.03134726732969284,-0.0043064602650702,-0.02008889988064766,1.7748960173917738
2020-06-05,fold_6,COVID crash and V-recovery,-0.014014683663845062,-1,0.00773001741617918,1,-0.00773001741617918,-0.0780459021043498,,,,0,-77.3001741617918,-0.020605040714144707,-0.016023224219679832,-0.014014683663845062,0.6691537153486794
2020-06-08,fold_6,COVID crash and V-recovery,-0.009726118296384811,-1,0.007218916900455952,1,-0.007218916900455952,-0.08526481900480576,,,,0,-72.18916900455952,-0.02074352651834488,-0.011659504845738411,-0.009726118296384811,0.6401453804806366
2020-06-09,fold_6,COVID crash and V-recovery,-0.015117194503545761,-1,0.01193004846572876,1,-0.01193004846572876,-0.09719486747053452,,,,0,-119.3004846572876,-0.03148787468671799,-0.0018512934911996126,-0.015117194503545761,1.0635877806641232
2020-06-10,fold_6,COVID crash and V-recovery,-0.006217349320650101,-1,-0.050818637013435364,-1,0.050818637013435364,-0.046376230457099155,,,,1,508.18637013435364,-0.02678600326180458,-0.01061584148555994,-0.006217349320650101,-4.833366497560921
2020-06-11,fold_6,COVID crash and V-recovery,0.0012460295110940933,1,0.007916430942714214,1,0.007916430942714214,-0.03845979951438494,,,,1,79.16430942714214,-0.03588905185461044,0.04290812090039253,0.0012460295110940933,0.5200283997094477
2020-06-12,fold_6,COVID crash and V-recovery,-0.012706533074378967,-1,0.012093736790120602,1,-0.012093736790120602,-0.05055353630450554,,,,0,-120.93736790120602,-0.03478261083364487,0.0348283015191555,-0.012706533074378967,0.8000435567549711
2020-06-15,fold_6,COVID crash and V-recovery,-0.006325270980596542,-1,0.017027128487825394,1,-0.017027128487825394,-0.06758066479233094,,,,0,-170.27128487825394,-0.03239680826663971,0.03465566039085388,-0.006325270980596542,1.1137561430626872
2020-06-16,fold_6,COVID crash and V-recovery,-0.0009041111916303635,-1,0.0031655009370297194,1,-0.0031655009370297194,-0.07074616572936065,,,,0,-31.655009370297194,-0.046930938959121704,0.026103550568223,-0.0009041111916303635,0.20819354101787516
2020-06-17,fold_6,COVID crash and V-recovery,-0.005954243242740631,-1,0.002705324674025178,1,-0.002705324674025178,-0.07345149040338583,,,,0,-27.05324674025178,-0.03250265493988991,0.002107067499309778,-0.005954243242740631,0.1778563538394904
2020-06-18,fold_6,COVID crash and V-recovery,-0.0057822465896606445,-1,-0.00016339019930455834,-1,0.00016339019930455834,-0.07328810020408127,,,,1,1.6339019930455834,-0.009673633612692356,0.008876042440533638,-0.0057822465896606445,-0.011216744710318296
2020-06-19,fold_6,COVID crash and V-recovery,0.007629826664924622,1,0.01192109752446413,1,0.01192109752446413,-0.061367002679617144,,,,1,119.2109752446413,0.0012932345271110535,-0.01485886238515377,0.007629826664924622,0.8301943175953945
2020-06-22,fold_6,COVID crash and V-recovery,-0.012618165463209152,-1,0.008475018665194511,1,-0.008475018665194511,-0.06984202134481166,,,,0,-84.75018665194511,-0.012879099696874619,-0.01593226008117199,-0.012618165463209152,0.5811019860795387
2020-06-23,fold_6,COVID crash and V-recovery,-0.008486460894346237,-1,-0.02083098329603672,-1,0.02083098329603672,-0.049011038048774935,,,,1,208.3098329603672,-0.009880756959319115,-0.004995599389076233,-0.008486460894346237,-1.4175974704980616
2020-06-24,fold_6,COVID crash and V-recovery,-0.005623620003461838,-1,0.009474299848079681,1,-0.009474299848079681,-0.05848533789685462,,,,0,-94.74299848079681,-0.006394563242793083,0.02743980661034584,-0.005623620003461838,0.6165341995312399
2020-06-25,fold_6,COVID crash and V-recovery,-0.008835919201374054,-1,-0.023898296058177948,-1,0.023898296058177948,-0.03458704183867667,,,,1,238.98296058177948,-0.010267781093716621,0.02472933940589428,-0.008835919201374054,-1.5408676806680528
2020-06-26,fold_6,COVID crash and V-recovery,-0.0008048582822084427,-1,0.010847700759768486,1,-0.010847700759768486,-0.045434742598445155,,,,0,-108.47700759768486,-0.013625642284750938,0.07291491329669952,-0.0008048582822084427,0.6746617427209867
2020-06-29,fold_6,COVID crash and V-recovery,-0.0032810140401124954,-1,0.01941167749464512,1,-0.01941167749464512,-0.06484642009309027,,,,0,-194.1167749464512,-0.034016259014606476,0.05515451729297638,-0.0032810140401124954,1.1947957833765366
2020-06-30,fold_6,COVID crash and V-recovery,-0.0064721256494522095,-1,0.011604422703385353,1,-0.011604422703385353,-0.07645084279647563,,,,0,-116.04422703385353,-0.03922627121210098,0.048828642815351486,-0.0064721256494522095,0.692796584541074
2020-07-01,fold_6,COVID crash and V-recovery,-0.007408909499645233,-1,0.00676383264362812,1,-0.00676383264362812,-0.08321467544010375,,,,0,-67.6383264362812,-0.03074384666979313,0.04561207443475723,-0.007408909499645233,0.39974959804786203
2020-07-02,fold_6,COVID crash and V-recovery,-0.002702901139855385,-1,0.024287275969982147,1,-0.024287275969982147,-0.1075019514100859,,,,0,-242.87275969982147,-0.030204711481928825,0.04565257206559181,-0.002702901139855385,1.4358778581058032
2020-07-06,fold_6,COVID crash and V-recovery,-0.012434814125299454,-1,-0.006912693381309509,-1,0.006912693381309509,-0.10058925802877638,,,,1,69.12693381309509,-0.02654106169939041,0.0005803222302347422,-0.012434814125299454,-0.40157268428087856
2020-07-07,fold_6,COVID crash and V-recovery,-0.009363207966089249,-1,0.01308580581098795,1,-0.01308580581098795,-0.11367506383976433,,,,0,-130.8580581098795,-0.00913034938275814,0.014546205289661884,-0.009363207966089249,0.760950319818398
2020-07-08,fold_6,COVID crash and V-recovery,-0.013197816908359528,-1,0.008387851528823376,1,-0.008387851528823376,-0.12206291536858771,,,,0,-83.87851528823376,-0.020329533144831657,0.0034939206670969725,-0.013197816908359528,0.4829213491086964
2020-07-09,fold_6,COVID crash and V-recovery,-0.01685851439833641,-1,0.006804332137107849,1,-0.006804332137107849,-0.12886724750569556,,,,0,-68.04332137107849,-0.023395352065563202,-0.01173989288508892,-0.01685851439833641,0.39410950525264227
2020-07-10,fold_6,COVID crash and V-recovery,-0.013906769454479218,-1,-0.020784974098205566,-1,0.020784974098205566,-0.10808227340748999,,,,1,207.84974098205566,-0.02373959682881832,-0.017386941239237785,-0.013906769454479218,-1.5882076019087286
2020-07-13,fold_6,COVID crash and V-recovery,-0.0034477226436138153,-1,0.007053189445286989,1,-0.007053189445286989,-0.11513546285277698,,,,0,-70.53189445286989,-0.023190684616565704,0.031374141573905945,-0.0034477226436138153,0.5120446139780346
2020-07-14,fold_6,COVID crash and V-recovery,-0.00400596484541893,-1,0.0020335218869149685,1,-0.0020335218869149685,-0.11716898473969195,,,,0,-20.335218869149685,-0.01687370426952839,0.013845482841134071,-0.00400596484541893,0.14954269287114882
2020-07-15,fold_6,COVID crash and V-recovery,-0.005757991224527359,-1,-0.006845961790531874,-1,0.006845961790531874,-0.11032302294916008,,,,1,68.45961790531874,-0.0273185595870018,0.01532869040966034,-0.005757991224527359,-0.5241009812391734
2020-07-16,fold_6,COVID crash and V-recovery,0.013777973130345345,1,0.0011572843650355935,1,0.0011572843650355935,-0.10916573858412448,,,,1,11.572843650355935,-0.00873100757598877,-0.004292608238756657,0.013777973130345345,0.08812283189001813
2020-07-17,fold_6,COVID crash and V-recovery,0.009914238005876541,1,0.027976106852293015,1,0.027976106852293015,-0.08118963173183147,,,,1,279.76106852293015,0.010576393455266953,-0.01499137282371521,0.009914238005876541,2.132123708338193
2020-07-20,fold_6,COVID crash and V-recovery,-0.016001354902982712,-1,-0.010475467890501022,-1,0.010475467890501022,-0.07071416384133045,,,,1,104.75467890501022,-0.03275621682405472,-0.025281477719545364,-0.016001354902982712,-0.7206510227050099
2020-07-21,fold_6,COVID crash and V-recovery,-0.004729807376861572,-1,0.0035167301539331675,1,-0.0035167301539331675,-0.07423089399526361,,,,0,-35.167301539331675,-0.0029841680079698563,-0.027612756937742233,-0.004729807376861572,0.24286262614215368
2020-07-22,fold_6,COVID crash and V-recovery,-0.008698694407939911,-1,-0.026467259973287582,-1,0.026467259973287582,-0.04776363402197603,,,,1,264.6725997328758,-0.005087122321128845,-0.019669238477945328,-0.008698694407939911,-1.8409053843650716
2020-07-23,fold_6,COVID crash and V-recovery,0.011440563015639782,1,-0.009541480801999569,-1,-0.009541480801999569,-0.0573051148239756,,,,0,-95.41480801999569,-0.01159350574016571,0.012019885703921318,0.011440563015639782,-0.6432334964953011
2020-07-24,fold_6,COVID crash and V-recovery,-0.0025734268128871918,-1,0.01768600009381771,1,-0.01768600009381771,-0.07499111491779331,,,,0,-176.8600009381771,0.00023566372692584991,0.03924935311079025,-0.0025734268128871918,1.1921186983156284
2020-07-27,fold_6,COVID crash and V-recovery,-0.002103075385093689,-1,-0.012806747108697891,-1,0.012806747108697891,-0.06218436780909542,,,,1,128.0674710869789,-0.008801190182566643,0.034980401396751404,-0.002103075385093689,-0.8897363445671662
2020-07-28,fold_6,COVID crash and V-recovery,0.007256040349602699,1,0.011460249312222004,1,0.011460249312222004,-0.050724118496873416,,,,1,114.60249312222004,-0.00328998826444149,0.05149209499359131,0.007256040349602699,0.7917747031445751
2020-07-29,fold_6,COVID crash and V-recovery,-0.006552949547767639,-1,0.0052218628115952015,1,-0.0052218628115952015,-0.05594598130846862,,,,0,-52.218628115952015,-0.006514616310596466,0.042506542056798935,-0.006552949547767639,0.3718284970110825
2020-07-30,fold_6,COVID crash and V-recovery,-0.0014872010797262192,-1,0.01768798753619194,1,-0.01768798753619194,-0.07363396884466056,,,,0,-176.8798753619194,-0.018327776342630386,0.05044260248541832,-0.0014872010797262192,1.2769965562045513
2020-07-31,fold_6,COVID crash and V-recovery,-0.009525783360004425,-1,0.013417048379778862,1,-0.013417048379778862,-0.08705101722443942,,,,0,-134.17048379778862,-0.011398399248719215,0.021145181730389595,-0.009525783360004425,0.9366016124301634
2020-08-03,fold_6,COVID crash and V-recovery,-0.016752127557992935,-1,0.003704946953803301,1,-0.003704946953803301,-0.09075596417824272,,,,0,-37.04946953803301,-0.009240906685590744,0.0034460306633263826,-0.016752127557992935,0.27259952974596996
2020-08-04,fold_6,COVID crash and V-recovery,-0.007715549319982529,-1,0.0024746968410909176,1,-0.0024746968410909176,-0.09323066101933364,,,,0,-24.746968410909176,0.002692839130759239,-0.01938198134303093,-0.007715549319982529,0.18292635050540385
2020-08-05,fold_6,COVID crash and V-recovery,-0.004822064191102982,-1,0.013157923705875874,1,-0.013157923705875874,-0.10638858472520951,,,,0,-131.57923705875874,0.0018869340419769287,0.0029841316863894463,-0.004822064191102982,0.9953246352301299
2020-08-06,fold_6,COVID crash and V-recovery,-0.009124170988798141,-1,-0.011609433218836784,-1,0.011609433218836784,-0.09477915150637273,,,,1,116.09433218836784,-0.009553044103085995,-0.00789579376578331,-0.009124170988798141,-0.8655564505121134
2020-08-07,fold_6,COVID crash and V-recovery,-0.003152890130877495,-1,-0.004282103851437569,-1,0.004282103851437569,-0.09049704765493516,,,,1,42.82103851437569,-0.008197244256734848,0.002538258209824562,-0.003152890130877495,-0.315403274167436
2020-08-10,fold_6,COVID crash and V-recovery,-0.011676911264657974,-1,-0.01912306621670723,-1,0.01912306621670723,-0.07137398143822793,,,,1,191.2306621670723,-0.012385099194943905,0.018364673480391502,-0.011676911264657974,-1.4949017218268141
2020-08-11,fold_6,COVID crash and V-recovery,0.006895195692777634,1,0.024840809404850006,1,0.024840809404850006,-0.04653317203337792,,,,1,248.40809404850006,0.01087915524840355,0.04706699773669243,0.006895195692777634,1.854425462059186
2020-08-12,fold_6,COVID crash and V-recovery,-0.012649670243263245,-1,0.002277998486533761,1,-0.002277998486533761,-0.048811170519911684,,,,0,-22.77998486533761,-0.031218264251947403,0.015475744381546974,-0.012649670243263245,0.1571654526123982
2020-08-13,fold_6,COVID crash and V-recovery,-0.008376400917768478,-1,-0.0011753810103982687,-1,0.0011753810103982687,-0.047635789509513415,,,,1,11.753810103982687,-0.0300578810274601,0.026974011212587357,-0.008376400917768478,-0.08149801908205123
2020-08-14,fold_6,COVID crash and V-recovery,-0.007626701146364212,-1,0.011544312350451946,1,-0.011544312350451946,-0.05918010185996536,,,,0,-115.44312350451946,-0.022088324651122093,0.03505614399909973,-0.007626701146364212,0.8004500661944717
2020-08-17,fold_6,COVID crash and V-recovery,-0.018569592386484146,-1,0.009579257108271122,1,-0.009579257108271122,-0.06875935896823648,,,,0,-95.79257108271122,-0.03080182522535324,0.029736364260315895,-0.018569592386484146,0.7230246261558297
2020-08-18,fold_6,COVID crash and V-recovery,-0.005554620176553726,-1,-0.006750442553311586,-1,0.006750442553311586,-0.0620089164149249,,,,1,67.50442553311586,-0.017132872715592384,0.027988793328404427,-0.005554620176553726,-0.510820204822413
2020-08-19,fold_6,COVID crash and V-recovery,-0.0021297354251146317,-1,0.013776266016066074,1,-0.013776266016066074,-0.07578518243099097,,,,0,-137.76266016066074,-0.016395900398492813,0.05585353076457977,-0.0021297354251146317,1.037559246659717
2020-08-20,fold_6,COVID crash and V-recovery,-0.010280787944793701,-1,0.0069067515432834625,1,-0.0069067515432834625,-0.08269193397427443,,,,0,-69.06751543283463,-0.027216942980885506,0.038955897092819214,-0.010280787944793701,0.5625156236933915
2020-08-21,fold_6,COVID crash and V-recovery,-0.013923995196819305,-1,0.006224532146006823,1,-0.006224532146006823,-0.08891646612028126,,,,0,-62.245321460068226,-0.02315637469291687,0.0371214896440506,-0.013923995196819305,0.5106356876868382
2020-08-24,fold_6,COVID crash and V-recovery,-0.011901896446943283,-1,0.007831685245037079,1,-0.007831685245037079,-0.09674815136531834,,,,0,-78.31685245037079,-0.03564586117863655,0.038897957652807236,-0.011901896446943283,0.6743238686894301
2020-08-25,fold_6,COVID crash and V-recovery,-0.01663823425769806,-1,0.021114297211170197,1,-0.021114297211170197,-0.11786244857648853,,,,0,-211.14297211170197,-0.04159283638000488,0.04801339656114578,-0.01663823425769806,1.8535998038712649
2020-08-26,fold_6,COVID crash and V-recovery,-0.007247935980558395,-1,-0.003121370915323496,-1,0.003121370915323496,-0.11474107766116504,,,,1,31.21370915323496,-0.020333029329776764,0.036324240267276764,-0.007247935980558395,-0.2587895593319744
2020-08-27,fold_6,COVID crash and V-recovery,-0.010940901935100555,-1,0.005072346422821283,1,-0.005072346422821283,-0.11981342408398632,,,,0,-50.72346422821283,-0.03256423771381378,-0.012585151940584183,-0.010940901935100555,0.42181512853870085
2020-08-28,fold_6,COVID crash and V-recovery,0.0008189734071493149,1,0.008001000620424747,1,0.008001000620424747,-0.11181242346356157,,,,1,80.01000620424747,-0.02209636941552162,-0.03107313998043537,0.0008189734071493149,0.7010740917333799
2020-08-31,fold_6,COVID crash and V-recovery,-0.009482502937316895,-1,0.016947124153375626,1,-0.016947124153375626,-0.1287595476169372,,,,0,-169.47124153375626,-0.02324739098548889,-0.08833174407482147,-0.009482502937316895,1.519174036231336
2020-09-01,fold_6,COVID crash and V-recovery,-0.009294483810663223,-1,0.009425140917301178,1,-0.009425140917301178,-0.13818468853423838,,,,0,-94.25140917301178,-0.02007736638188362,-0.07632622867822647,-0.009294483810663223,0.8019761973282619
2020-09-02,fold_6,COVID crash and V-recovery,-0.00798417255282402,-1,-0.052030764520168304,-1,0.052030764520168304,-0.08615392401407007,,,,1,520.307645201683,-0.01742953062057495,-0.10588965564966202,-0.00798417255282402,-4.362421233254415
2020-09-03,fold_6,COVID crash and V-recovery,0.00578201562166214,1,-0.013415642082691193,-1,-0.013415642082691193,-0.09956956609676126,,,,0,-134.15642082691193,-0.001923220232129097,-0.0608224980533123,0.00578201562166214,-0.8180304219831065
2020-09-04,fold_6,COVID crash and V-recovery,0.0003147535026073456,1,-0.04925760254263878,-1,-0.04925760254263878,-0.14882716863940004,,,,0,-492.5760254263878,0.017678439617156982,-0.03014158084988594,0.0003147535026073456,-2.99098501352186
2020-09-08,fold_6,COVID crash and V-recovery,0.014871781691908836,1,0.028952637687325478,1,0.028952637687325478,-0.11987453095207456,,,,1,289.5263768732548,0.03095598891377449,0.033189885318279266,0.014871781691908836,1.4630448928429223
2020-09-09,fold_6,COVID crash and V-recovery,0.0009821876883506775,1,-0.020138287916779518,-1,-0.020138287916779518,-0.14001281886885408,,,,0,-201.38287916779518,0.004963969811797142,-0.011837474070489407,0.0009821876883506775,-0.9882583616877233
2020-09-10,fold_6,COVID crash and V-recovery,0.006147455424070358,1,-0.006963605526834726,-1,-0.006963605526834726,-0.1469764243956888,,,,0,-69.63605526834726,0.018997404724359512,-0.007444728631526232,0.006147455424070358,-0.3461658618806676
2020-09-11,fold_6,COVID crash and V-recovery,0.02700049802660942,1,0.017265276983380318,1,0.017265276983380318,-0.1297111474123085,,,,1,172.65276983380318,0.031970929354429245,-0.01332566887140274,0.02700049802660942,0.8559825585801524
2020-09-14,fold_6,COVID crash and V-recovery,-0.0018115658313035965,-1,0.014073864556849003,1,-0.014073864556849003,-0.1437850119691575,,,,0,-140.73864556849003,0.005772726610302925,-0.028195757418870926,-0.0018115658313035965,0.6853734804594767
2020-09-15,fold_6,COVID crash and V-recovery,-0.014002278447151184,-1,-0.01607472263276577,-1,0.01607472263276577,-0.12771028933639172,,,,1,160.7472263276577,-0.018468130379915237,-0.023861397057771683,-0.014002278447151184,-0.7798215646588044
2020-09-16,fold_6,COVID crash and V-recovery,-0.0246175117790699,-1,-0.01574554108083248,-1,0.01574554108083248,-0.11196474825555924,,,,1,157.4554108083248,-0.007289266213774681,-0.03879699110984802,-0.0246175117790699,-0.7564717033725888
2020-09-17,fold_6,COVID crash and V-recovery,-0.006801031529903412,-1,-0.01284454483538866,-1,0.01284454483538866,-0.09912020342017058,,,,1,128.4454483538866,-0.006056640297174454,-0.018405728042125702,-0.006801031529903412,-0.6100156525437823
2020-09-18,fold_6,COVID crash and V-recovery,0.004390649497509003,1,0.0023951882030814886,1,0.0023951882030814886,-0.0967250152170891,,,,1,23.951882030814886,0.026639658957719803,0.017421115189790726,0.004390649497509003,0.11391217076698176
2020-09-21,fold_6,COVID crash and V-recovery,0.002349540591239929,1,0.01840822398662567,1,0.01840822398662567,-0.07831679123046342,,,,1,184.0822398662567,0.022619299590587616,0.035582274198532104,0.002349540591239929,0.8775572328014063
2020-09-22,fold_6,COVID crash and V-recovery,-0.01979215443134308,-1,-0.03101031668484211,-1,0.03101031668484211,-0.04730647454562131,,,,1,310.1031668484211,-0.0030252020806074142,0.012654685415327549,-0.01979215443134308,-1.4537438731940597
2020-09-23,fold_6,COVID crash and V-recovery,0.0009204652160406113,1,0.0046457210555672646,1,0.0046457210555672646,-0.04266075349005405,,,,1,46.457210555672646,0.02227899432182312,0.050490401685237885,0.0009204652160406113,0.20775431739486164
2020-09-24,fold_6,COVID crash and V-recovery,0.005812222138047218,1,0.022982297465205193,1,0.022982297465205193,-0.019678456024848856,,,,1,229.82297465205193,0.020961947739124298,0.061592526733875275,0.005812222138047218,1.0502742819316198
2020-09-25,fold_6,COVID crash and V-recovery,-0.007922511547803879,-1,0.02055634744465351,1,-0.02055634744465351,-0.04023480346950237,,,,0,-205.5634744465351,-0.01536585483700037,0.010075737722218037,-0.007922511547803879,0.9149699726863618
2020-09-28,fold_6,COVID crash and V-recovery,-0.015297282487154007,-1,-0.004519365727901459,-1,0.004519365727901459,-0.03571543774160091,,,,1,45.19365727901459,-0.03254693001508713,0.010621445253491402,-0.015297282487154007,-0.1973176015235255
2020-09-29,fold_6,COVID crash and V-recovery,-0.01110859215259552,-1,0.0068253991194069386,1,-0.0068253991194069386,-0.04254083686100785,,,,0,-68.25399119406939,-0.007509935647249222,-0.002867152215912938,-0.01110859215259552,0.298621087736763
2020-09-30,fold_6,COVID crash and V-recovery,-0.01940646767616272,-1,0.01574784703552723,1,-0.01574784703552723,-0.058288683896535076,,,,0,-157.4784703552723,-0.01840238645672798,0.007458656560629606,-0.01940646767616272,0.697064423708603
2020-10-01,fold_6,COVID crash and V-recovery,-0.021269463002681732,-1,-0.02853449247777462,-1,0.02853449247777462,-0.029754191418760456,,,,1,285.3449247777462,-0.01255448441952467,-0.0029803828801959753,-0.021269463002681732,-1.2533205081188008
2020-10-02,fold_6,COVID crash and V-recovery,0.0058247242122888565,1,0.02110205590724945,1,0.02110205590724945,-0.008652135511511005,,,,1,211.0205590724945,0.009039711207151413,0.04071858525276184,0.0058247242122888565,1.0251783952435474
2020-10-05,fold_6,COVID crash and V-recovery,-0.01876091957092285,-1,-0.01800796203315258,-1,0.01800796203315258,0.009355826521641575,,,,1,180.0796203315258,0.0009463373571634293,0.0500197559595108,-0.01876091957092285,-0.8614788499208522
2020-10-06,fold_6,COVID crash and V-recovery,-0.01728660613298416,-1,0.017151206731796265,1,-0.017151206731796265,-0.00779538021015469,,,,0,-171.51206731796265,0.00034124404191970825,0.06799398362636566,-0.01728660613298416,0.9414975943994984
2020-10-07,fold_6,COVID crash and V-recovery,-0.00947088748216629,-1,0.005308808758854866,1,-0.005308808758854866,-0.013104188969009556,,,,0,-53.08808758854866,0.004289364442229271,0.0424555167555809,-0.00947088748216629,0.30415484714686564
2020-10-08,fold_6,COVID crash and V-recovery,-0.0009544454514980316,-1,0.015164476819336414,1,-0.015164476819336414,-0.02826866578834597,,,,0,-151.64476819336414,0.011753901839256287,0.03041280247271061,-0.0009544454514980316,0.8970329885777675
2020-10-09,fold_6,COVID crash and V-recovery,0.0005466658622026443,1,0.030403228476643562,1,0.030403228476643562,0.002134562688297592,,,,1,304.0322847664356,0.015872720628976822,0.009752639569342136,0.0005466658622026443,1.770571887040376
2020-10-12,fold_6,COVID crash and V-recovery,-0.01281750202178955,-1,-3.373719300725497e-05,-1,3.373719300725497e-05,0.002168299881304847,,,,1,0.33737193007254973,0.003291374072432518,-0.037110790610313416,-0.01281750202178955,-0.0018680407759308338
2020-10-13,fold_6,COVID crash and V-recovery,-0.0013579651713371277,-1,-0.00838725920766592,-1,0.00838725920766592,0.010555559088970767,,,,1,83.8725920766592,0.011375520378351212,-0.03492961823940277,-0.0013579651713371277,-0.4716208204510821
2020-10-14,fold_6,COVID crash and V-recovery,0.0041890256106853485,1,-0.006733904592692852,-1,-0.006733904592692852,0.0038216544962779153,,,,0,-67.33904592692852,0.016132328659296036,-0.0273162629455328,0.0041890256106853485,-0.38440893439136203
2020-10-15,fold_6,COVID crash and V-recovery,0.008083941414952278,1,-0.005495686549693346,-1,-0.005495686549693346,-0.0016740320534154307,,,,0,-54.95686549693346,0.018498297780752182,-0.020617766305804253,0.008083941414952278,-0.31903396928304123
2020-10-16,fold_6,COVID crash and V-recovery,0.01085343211889267,1,-0.016460204496979713,-1,-0.016460204496979713,-0.018134236550395144,,,,0,-164.60204496979713,0.006086302921175957,-0.013153640553355217,0.01085343211889267,-0.9665816644113905
2020-10-19,fold_6,COVID crash and V-recovery,0.007594207301735878,1,0.002147437771782279,1,0.002147437771782279,-0.015986798778612865,,,,1,21.47437771782279,0.009835120290517807,-0.011803005822002888,0.007594207301735878,0.12331480174769346
2020-10-20,fold_6,COVID crash and V-recovery,0.017931915819644928,1,-0.0007739050779491663,-1,-0.0007739050779491663,-0.01676070385656203,,,,0,-7.739050779491663,0.005738344043493271,-0.006172140594571829,0.017931915819644928,-0.04571847515718098
2020-10-21,fold_6,COVID crash and V-recovery,0.013342350721359253,1,-3.5408695111982524e-05,-1,-3.5408695111982524e-05,-0.016796112551674014,,,,0,-0.35408695111982524,0.011800587177276611,-0.045165520161390305,0.013342350721359253,-0.0022928343745738243
2020-10-22,fold_6,COVID crash and V-recovery,0.01892944797873497,1,0.001968440366908908,1,0.001968440366908908,-0.014827672184765106,,,,1,19.68440366908908,0.0046848878264427185,-0.02779475226998329,0.01892944797873497,0.12775259426091953
2020-10-23,fold_6,COVID crash and V-recovery,0.0042702872306108475,1,-0.015109569765627384,-1,-0.015109569765627384,-0.02993724195039249,,,,0,-151.09569765627384,0.0020891688764095306,-0.055452797561883926,0.0042702872306108475,-1.039698635608039
2020-10-26,fold_6,COVID crash and V-recovery,0.0031428057700395584,1,0.007778302300721407,1,0.007778302300721407,-0.022158939649671083,,,,1,77.78302300721407,0.030725378543138504,-0.03811882436275482,0.0031428057700395584,0.5479790991713467
2020-10-27,fold_6,COVID crash and V-recovery,-0.010688196867704391,-1,-0.03976728767156601,-1,0.03976728767156601,0.017608348021894926,,,,1,397.6728767156601,0.015155069530010223,-0.028747210279107094,-0.010688196867704391,-2.787764890068613
2020-10-28,fold_6,COVID crash and V-recovery,0.00023718923330307007,1,0.01733536086976528,1,0.01733536086976528,0.03494370889166021,,,,1,173.35360869765282,0.032331857830286026,0.054690517485141754,0.00023718923330307007,1.0355589815970991
2020-10-29,fold_6,COVID crash and V-recovery,-0.0015097633004188538,-1,-0.025689605623483658,-1,0.025689605623483658,0.060633314515143866,,,,1,256.8960562348366,0.019741013646125793,0.06309220939874649,-0.0015097633004188538,-1.5274747106782163
2020-10-30,fold_6,COVID crash and V-recovery,-0.0006845295429229736,-1,0.0022244045976549387,1,-0.0022244045976549387,0.05840890991748893,,,,0,-22.244045976549387,0.02751663327217102,0.08952881395816803,-0.0006845295429229736,0.13410157396693856
2020-11-02,fold_6,COVID crash and V-recovery,0.031417135149240494,1,0.017149915918707848,1,0.017149915918707848,0.07555882583619677,,,,1,171.49915918707848,0.008189748972654343,0.06665904819965363,0.031417135149240494,1.0779367386887289
2020-11-03,fold_6,COVID crash and V-recovery,0.013760475441813469,1,0.04367043823003769,1,0.04367043823003769,0.11922926406623446,,,,1,436.7043823003769,-0.009130477905273438,0.031432218849658966,0.013760475441813469,2.75306621443569
2020-11-04,fold_6,COVID crash and V-recovery,0.0002498626708984375,1,0.025737054646015167,1,0.025737054646015167,0.14496631871224963,,,,1,257.3705464601517,-0.03181280195713043,0.009885048493742943,0.0002498626708984375,1.4119405213839278
2020-11-05,fold_6,COVID crash and V-recovery,-0.009992346167564392,-1,0.0007469941047020257,1,-0.0007469941047020257,0.1442193246075476,,,,0,-7.4699410470202565,-0.010138723999261856,-0.020557139068841934,-0.009992346167564392,0.03915442701452015
2020-11-06,fold_6,COVID crash and V-recovery,-0.0019499864429235458,-1,-0.02064535580575466,-1,0.02064535580575466,0.16486468041330227,,,,1,206.45355805754662,-0.004957970231771469,-0.012569820508360863,-0.0019499864429235458,-1.099611526163606
2020-11-09,fold_6,COVID crash and V-recovery,0.003753967583179474,1,-0.01807691529393196,-1,-0.01807691529393196,0.1467877651193703,,,,0,-180.7691529393196,-0.015467246994376183,0.015848102048039436,0.003753967583179474,-0.9987407535989247
2020-11-10,fold_6,COVID crash and V-recovery,-0.004013415426015854,-1,0.022123269736766815,1,-0.022123269736766815,0.12466449538260349,,,,0,-221.23269736766815,-0.02407909743487835,0.030747581273317337,-0.004013415426015854,1.1929141000624843
2020-11-11,fold_6,COVID crash and V-recovery,-0.004963196814060211,-1,-0.0047051324509084225,-1,0.0047051324509084225,0.1293696278335119,,,,1,47.051324509084225,-0.019962798804044724,0.0012066756607964635,-0.004963196814060211,-0.24631408484931272
2020-11-12,fold_6,COVID crash and V-recovery,0.005475964397192001,1,0.00873431283980608,1,0.00873431283980608,0.138103940673318,,,,1,87.3431283980608,-0.004523582756519318,0.013706258498132229,0.005475964397192001,0.45797074181542646
2020-11-13,fold_6,COVID crash and V-recovery,0.0032004322856664658,1,0.007772567216306925,1,0.007772567216306925,0.14587650788962492,,,,1,77.72567216306925,0.0033450275659561157,-0.0018917557317763567,0.0032004322856664658,0.4062582307615261
2020-11-16,fold_6,COVID crash and V-recovery,-0.006751269102096558,-1,-0.0031774360686540604,-1,0.0031774360686540604,0.14905394395827898,,,,1,31.774360686540604,-0.0025272145867347717,-0.009630321525037289,-0.006751269102096558,-0.16851969730067273
2020-11-17,fold_6,COVID crash and V-recovery,-0.006130259484052658,-1,-0.007417635060846806,-1,0.007417635060846806,0.15647157901912578,,,,1,74.17635060846806,-0.004491256549954414,0.007499608676880598,-0.006130259484052658,-0.3932528488787517
2020-11-18,fold_6,COVID crash and V-recovery,-0.013265091925859451,-1,0.007794450502842665,1,-0.007794450502842665,0.14867712851628312,,,,0,-77.94450502842665,-0.006402956321835518,0.021044887602329254,-0.013265091925859451,0.41165884580625633
2020-11-19,fold_6,COVID crash and V-recovery,-0.003577485680580139,-1,-0.006863702088594437,-1,0.006863702088594437,0.15554083060487756,,,,1,68.63702088594437,0.01649593934416771,0.02242281287908554,-0.003577485680580139,-0.36097592278577006
2020-11-20,fold_6,COVID crash and V-recovery,-0.012236338108778,-1,3.400091009098105e-05,1,-3.400091009098105e-05,0.15550682969478657,,,,0,-0.3400091009098105,-0.0008468180894851685,0.03132430091500282,-0.012236338108778,0.0017828542565550293
2020-11-23,fold_6,COVID crash and V-recovery,-0.013751659542322159,-1,0.013952494598925114,1,-0.013952494598925114,0.14155433509586146,,,,0,-139.52494598925114,-0.01993114873766899,0.04402534291148186,-0.013751659542322159,0.7433640469029835
2020-11-24,fold_6,COVID crash and V-recovery,-0.02143307402729988,-1,0.006127643398940563,1,-0.006127643398940563,0.1354266916969209,,,,0,-61.27643398940563,-0.01721773110330105,0.03135693445801735,-0.02143307402729988,0.3234052070137997
2020-11-25,fold_6,COVID crash and V-recovery,-0.016057785600423813,-1,0.009172377176582813,1,-0.009172377176582813,0.12625431452033808,,,,0,-91.72377176582813,-0.01063999067991972,0.02664339542388916,-0.016057785600423813,0.5463967394333243
2020-11-27,fold_6,COVID crash and V-recovery,-0.011821284890174866,-1,0.0020377866458147764,1,-0.0020377866458147764,0.12421652787452331,,,,0,-20.377866458147764,-0.014850327745079994,0.02153753489255905,-0.011821284890174866,0.12379010218913579
2020-11-30,fold_6,COVID crash and V-recovery,0.0028011538088321686,1,0.012735040858387947,1,0.012735040858387947,0.13695156873291126,,,,1,127.35040858387947,-0.009412267245352268,0.025146711617708206,0.0028011538088321686,0.825152095544987
2020-12-01,fold_6,COVID crash and V-recovery,0.009923635050654411,1,0.0012840845156461,1,0.0012840845156461,0.13823565324855736,,,,1,12.840845156461,-0.007499450817704201,0.0157906636595726,0.009923635050654411,0.08186080873771634
2020-12-02,fold_6,COVID crash and V-recovery,0.01398499682545662,1,0.0014141055289655924,1,0.0014141055289655924,0.13964975877752295,,,,1,14.141055289655924,-0.0017978455871343613,-0.008394548669457436,0.01398499682545662,0.09295420381384639
2020-12-03,fold_6,COVID crash and V-recovery,0.013181624934077263,1,0.004066517110913992,1,0.004066517110913992,0.14371627588843694,,,,1,40.66517110913992,0.0006350688636302948,-0.005801084917038679,0.013181624934077263,0.34847327562232994
2020-12-04,fold_6,COVID crash and V-recovery,0.0063137877732515335,1,0.005646963603794575,1,0.005646963603794575,0.14936323949223151,,,,1,56.46963603794575,0.0013096053153276443,-0.012084580026566982,0.0063137877732515335,0.5540372958545712
2020-12-07,fold_6,COVID crash and V-recovery,0.000988265499472618,1,0.003378992434591055,1,0.003378992434591055,0.15274223192682257,,,,1,33.78992434591055,0.004523472860455513,-0.010502398945391178,0.000988265499472618,0.329049495914118
2020-12-08,fold_6,COVID crash and V-recovery,-0.000638207420706749,-1,-0.022901127114892006,-1,0.022901127114892006,0.17564335904171458,,,,1,229.01127114892006,0.000655079260468483,-0.0032489225268363953,-0.000638207420706749,-2.4882146420684146
2020-12-09,fold_6,COVID crash and V-recovery,-0.00032212771475315094,-1,0.004007569048553705,1,-0.004007569048553705,0.17163578999316087,,,,0,-40.07569048553705,0.006763789802789688,0.025136673822999,-0.00032212771475315094,0.4120471886712415
2020-12-10,fold_6,COVID crash and V-recovery,-0.009174272418022156,-1,-0.0022169779986143112,-1,0.0022169779986143112,0.17385276799177518,,,,1,22.169779986143112,-0.00048670917749404907,0.0276457741856575,-0.009174272418022156,-0.2632439802492302
2020-12-11,fold_6,COVID crash and V-recovery,0.0029186122119426727,1,0.007229145150631666,1,0.007229145150631666,0.18108191314240685,,,,1,72.29145150631666,0.005817536264657974,0.0268356055021286,0.0029186122119426727,0.8636478044932318
2020-12-14,fold_6,COVID crash and V-recovery,-0.0034703314304351807,-1,0.01063246838748455,1,-0.01063246838748455,0.1704494447549223,,,,0,-106.3246838748455,-0.0020186621695756912,0.017734089866280556,-0.0034703314304351807,1.2812665826263265
2020-12-15,fold_6,COVID crash and V-recovery,-0.002245301380753517,-1,0.0054844701662659645,1,-0.0054844701662659645,0.16496497458865633,,,,0,-54.844701662659645,-0.008867977187037468,0.00981712993234396,-0.002245301380753517,0.6486281134756449
2020-12-16,fold_6,COVID crash and V-recovery,0.0075209252536296844,1,0.006516668945550919,1,0.006516668945550919,0.17148164353420725,,,,1,65.16668945550919,0.00792010873556137,-0.0007163272821344435,0.0075209252536296844,0.7653729375236511
2020-12-17,fold_6,COVID crash and V-recovery,0.00647088885307312,1,-0.0030271466821432114,-1,-0.0030271466821432114,0.16845449685206404,,,,0,-30.271466821432114,-0.0005636084824800491,-0.002830306999385357,0.00647088885307312,-0.3570831286606675
2020-12-18,fold_6,COVID crash and V-recovery,0.002123842015862465,1,-0.001872371882200241,-1,-0.001872371882200241,0.1665821249698638,,,,0,-18.72371882200241,-0.004992872476577759,0.010225623846054077,0.002123842015862465,-0.22493926581037224
2020-12-21,fold_6,COVID crash and V-recovery,0.002446206286549568,1,0.002715509617701173,1,0.002715509617701173,0.16929763458756497,,,,1,27.15509617701173,0.014854811131954193,0.01299302838742733,0.002446206286549568,0.3314875297474319
2020-12-22,fold_6,COVID crash and V-recovery,0.001193806529045105,1,-0.005048987455666065,-1,-0.005048987455666065,0.1642486471318989,,,,0,-50.48987455666065,7.333233952522278e-05,0.010309210978448391,0.001193806529045105,-0.6146537584216499
2020-12-23,fold_6,COVID crash and V-recovery,0.000844636932015419,1,0.004402689635753632,1,0.004402689635753632,0.16865133676765254,,,,1,44.026896357536316,-0.00033396854996681213,0.017815537750720978,0.000844636932015419,0.5731001337807812
2020-12-24,fold_6,COVID crash and V-recovery,0.008957261219620705,1,0.010028784163296223,1,0.010028784163296223,0.17868012093094876,,,,1,100.28784163296223,0.0026205629110336304,-0.0008076458470895886,0.008957261219620705,1.3156138038421608
2020-12-28,fold_6,COVID crash and V-recovery,0.0018604081124067307,1,0.0008950326009653509,1,0.0008950326009653509,0.1795751535319141,,,,1,8.950326009653509,0.005340147763490677,-0.0026263040490448475,0.0018604081124067307,0.11659180941941093
2020-12-29,fold_6,COVID crash and V-recovery,0.0026939306408166885,1,3.169193587382324e-05,1,3.169193587382324e-05,0.17960684546778793,,,,1,0.3169193587382324,-0.0022398605942726135,-0.017470380291342735,0.0026939306408166885,0.004134245642294804
2020-12-30,fold_6,COVID crash and V-recovery,-0.0031387582421302795,-1,0.0024573400150984526,1,-0.0024573400150984526,0.17714950545268948,,,,0,-24.573400150984526,0.00038724765181541443,0.00640215864405036,-0.0031387582421302795,0.34526923346710536
2024-06-25,fold_7,"Inflation bear, AI rally and 2025",-0.003892328590154648,-1,0.002063107443973422,1,-0.002063107443973422,-0.002063107443973422,,,,0,-20.63107443973422,-0.004416735842823982,0.015729578211903572,-0.003892328590154648,0.2480774401688555
2024-06-26,fold_7,"Inflation bear, AI rally and 2025",-0.013455148786306381,-1,0.0025780298747122288,1,-0.0025780298747122288,-0.004641137318685651,,,,0,-25.780298747122288,-0.016225170344114304,0.021968942135572433,-0.013455148786306381,0.3111163482075264
2024-06-27,fold_7,"Inflation bear, AI rally and 2025",-0.02159799262881279,-1,-0.005204448942095041,-1,0.005204448942095041,0.0005633116234093904,,,,1,52.04448942095041,-0.017980149015784264,0.029763752594590187,-0.02159799262881279,-0.6382350260450105
2024-06-28,fold_7,"Inflation bear, AI rally and 2025",-0.003209136426448822,-1,0.005847935099154711,1,-0.005847935099154711,-0.00528462347574532,,,,0,-58.47935099154711,0.0005615763366222382,0.037343580275774,-0.003209136426448822,0.7423997926176615
2024-07-01,fold_7,"Inflation bear, AI rally and 2025",-0.011846877634525299,-1,0.010444954968988895,1,-0.010444954968988895,-0.015729578444734216,,,,0,-104.44954968988895,-0.00540764257311821,0.032359976321458817,-0.011846877634525299,1.3098751779381625
2024-07-02,fold_7,"Inflation bear, AI rally and 2025",-0.010108023881912231,-1,0.008302470669150352,1,-0.008302470669150352,-0.024032049113884568,,,,0,-83.02470669150352,-0.01273438148200512,0.032287489622831345,-0.010108023881912231,1.0097531611324242
2024-07-03,fold_7,"Inflation bear, AI rally and 2025",-0.005196657031774521,-1,0.010372839868068695,1,-0.010372839868068695,-0.03440488898195326,,,,0,-103.72839868068695,-0.015482057817280293,0.0018107411451637745,-0.005196657031774521,1.2338218881148515
2024-07-05,fold_7,"Inflation bear, AI rally and 2025",-0.005479205399751663,-1,0.002375379903241992,1,-0.002375379903241992,-0.036780268885195255,,,,0,-23.75379903241992,-0.015197928063571453,-0.0027043852023780346,-0.005479205399751663,0.3170268540244118
2024-07-08,fold_7,"Inflation bear, AI rally and 2025",-0.008570589125156403,-1,0.0008643296314403415,1,-0.0008643296314403415,-0.0376445985166356,,,,0,-8.643296314403415,-0.012131575495004654,-0.0023955574724823236,-0.008570589125156403,0.11507389364579725
2024-07-09,fold_7,"Inflation bear, AI rally and 2025",-0.004853393882513046,-1,0.010372469201683998,1,-0.010372469201683998,-0.048017067718319595,,,,0,-103.72469201683998,-0.011672739870846272,-0.002877016318961978,-0.004853393882513046,1.3809774385746778
2024-07-10,fold_7,"Inflation bear, AI rally and 2025",-0.009662456810474396,-1,-0.022174276411533356,-1,0.022174276411533356,-0.02584279130678624,,,,1,221.74276411533356,-0.011842338368296623,-0.0430438406765461,-0.009662456810474396,-2.8395556157698416
2024-07-11,fold_7,"Inflation bear, AI rally and 2025",0.0032356511801481247,1,0.005857713054865599,1,0.005857713054865599,-0.01998507825192064,,,,1,58.57713054865599,0.004363495856523514,-0.025613289326429367,0.0032356511801481247,0.6420877278904823
2024-07-12,fold_7,"Inflation bear, AI rally and 2025",0.0004677753895521164,1,0.002684207633137703,1,0.002684207633137703,-0.017300870618782938,,,,1,26.84207633137703,0.012598466128110886,-0.040374159812927246,0.0004677753895521164,0.30693872466430683
2024-07-15,fold_7,"Inflation bear, AI rally and 2025",0.0029181167483329773,1,0.00038287072675302625,1,0.00038287072675302625,-0.01691799989202991,,,,1,3.8287072675302625,0.02188439667224884,-0.028270574286580086,0.0029181167483329773,0.044099727267770325
2024-07-16,fold_7,"Inflation bear, AI rally and 2025",0.0009705536067485809,1,-0.02979435585439205,-1,-0.02979435585439205,-0.04671235574642196,,,,0,-297.9435585439205,0.020531266927719116,-0.03218429908156395,0.0009705536067485809,-3.462402666184191
2024-07-17,fold_7,"Inflation bear, AI rally and 2025",0.023579366505146027,1,-0.004743724595755339,-1,-0.004743724595755339,-0.0514560803421773,,,,0,-47.43724595755339,0.027446769177913666,-0.038919322192668915,0.023579366505146027,-0.45021193175523166
2024-07-18,fold_7,"Inflation bear, AI rally and 2025",0.018172133713960648,1,-0.008903156965970993,-1,-0.008903156965970993,-0.060359237308148295,,,,0,-89.03156965970993,0.02721179649233818,-0.045264601707458496,0.018172133713960648,-0.8407390180070969
2024-07-19,fold_7,"Inflation bear, AI rally and 2025",0.016412757337093353,1,0.014787793159484863,1,0.014787793159484863,-0.04557144414866343,,,,1,147.87793159484863,0.007887188345193863,-0.026157695800065994,0.016412757337093353,1.3904370170925573
2024-07-22,fold_7,"Inflation bear, AI rally and 2025",0.005094675347208977,1,-0.0035308548249304295,-1,-0.0035308548249304295,-0.04910229897359386,,,,0,-35.308548249304295,-0.008887981995940208,-0.038938675075769424,0.005094675347208977,-0.31748379855643816
2024-07-23,fold_7,"Inflation bear, AI rally and 2025",0.0038039200007915497,1,-0.03652937710285187,-1,-0.03652937710285187,-0.08563167607644573,,,,0,-365.2937710285187,-0.004818852990865707,-0.049234386533498764,0.0038039200007915497,-3.366324504216688
2024-07-24,fold_7,"Inflation bear, AI rally and 2025",0.012480799108743668,1,-0.011089004576206207,-1,-0.011089004576206207,-0.09672068065265194,,,,0,-110.89004576206207,0.028428874909877777,0.016459202393889427,0.012480799108743668,-0.8311367073785129
2024-07-25,fold_7,"Inflation bear, AI rally and 2025",0.017889682203531265,1,0.01020374707877636,1,0.01020374707877636,-0.08651693357387558,,,,1,102.0374707877636,0.017302002757787704,0.003028667066246271,0.017889682203531265,0.7523452168158241
2024-07-26,fold_7,"Inflation bear, AI rally and 2025",0.005639970302581787,1,0.0020068141166120768,1,0.0020068141166120768,-0.0845101194572635,,,,1,20.068141166120768,-0.0046623703092336655,-0.031196199357509613,0.005639970302581787,0.14604485969080083
2024-07-29,fold_7,"Inflation bear, AI rally and 2025",0.005699684843420982,1,-0.013826565816998482,-1,-0.013826565816998482,-0.09833668527426198,,,,0,-138.26565816998482,0.001207774505019188,-0.063472680747509,0.005699684843420982,-1.0093074248608767
2024-07-30,fold_7,"Inflation bear, AI rally and 2025",0.008267316967248917,1,0.029164211824536324,1,0.029164211824536324,-0.06917247344972566,,,,1,291.64211824536324,0.006943210959434509,-0.04013648256659508,0.008267316967248917,2.085750291487153
2024-07-31,fold_7,"Inflation bear, AI rally and 2025",0.0015831533819437027,1,-0.02451954036951065,-1,-0.02451954036951065,-0.09369201381923631,,,,0,-245.1954036951065,-0.01594502478837967,-0.080189548432827,0.0015831533819437027,-1.6077581412371202
2024-08-01,fold_7,"Inflation bear, AI rally and 2025",-0.003919245675206184,-1,-0.024021118879318237,-1,0.024021118879318237,-0.06967089493991807,,,,1,240.21118879318237,-0.001015152782201767,-0.025537710636854172,-0.003919245675206184,-1.4920247357675547
2024-08-02,fold_7,"Inflation bear, AI rally and 2025",0.02248743362724781,1,-0.030269667506217957,-1,-0.030269667506217957,-0.09994056244613603,,,,0,-302.69667506217957,0.02819105237722397,0.0036923731677234173,0.02248743362724781,-1.8003931776647635
2024-08-05,fold_7,"Inflation bear, AI rally and 2025",0.024333052337169647,1,0.009509631432592869,1,0.009509631432592869,-0.09043093101354316,,,,1,95.09631432592869,0.034645337611436844,0.03611313924193382,0.024333052337169647,0.524920691891243
2024-08-06,fold_7,"Inflation bear, AI rally and 2025",0.013769608922302723,1,-0.01088885311037302,-1,-0.01088885311037302,-0.10131978412391618,,,,0,-108.8885311037302,0.03283073753118515,0.05111347883939743,0.013769608922302723,-0.5969875219152809
2024-08-07,fold_7,"Inflation bear, AI rally and 2025",0.0077064912766218185,1,0.030132297426462173,1,0.030132297426462173,-0.071187486697454,,,,1,301.32297426462173,0.025447729974985123,0.062326643615961075,0.0077064912766218185,1.6506589822195037
2024-08-08,fold_7,"Inflation bear, AI rally and 2025",-0.0040781572461128235,-1,0.005208965390920639,1,-0.005208965390920639,-0.07639645208837464,,,,0,-52.08965390920639,0.0009034760296344757,0.05714362487196922,-0.0040781572461128235,0.2768349311927352
2024-08-09,fold_7,"Inflation bear, AI rally and 2025",-0.009403001517057419,-1,0.0021510969381779432,1,-0.0021510969381779432,-0.07854754902655259,,,,0,-21.510969381779432,-0.006952356547117233,0.05321963131427765,-0.009403001517057419,0.1143798882170997
2024-08-12,fold_7,"Inflation bear, AI rally and 2025",-0.002646271139383316,-1,0.02450997196137905,1,-0.02450997196137905,-0.10305752098793164,,,,0,-245.0997196137905,-0.0089052002876997,0.06411891430616379,-0.002646271139383316,1.303501943679819
2024-08-13,fold_7,"Inflation bear, AI rally and 2025",0.0005540549755096436,1,0.00032431332510896027,1,0.00032431332510896027,-0.10273320766282268,,,,1,3.2431332510896027,-0.01732362061738968,0.03750813379883766,0.0005540549755096436,0.01655891126018704
2024-08-14,fold_7,"Inflation bear, AI rally and 2025",0.001263309270143509,1,0.024949276819825172,1,0.024949276819825172,-0.0777839308429975,,,,1,249.49276819825172,-0.011015146970748901,0.041837096214294434,0.001263309270143509,1.3546411923098562
2024-08-15,fold_7,"Inflation bear, AI rally and 2025",-0.005501367151737213,-1,0.0012849696213379502,1,-0.0012849696213379502,-0.07906890046433546,,,,0,-12.849696213379502,-0.012797607108950615,0.0009060029406100512,-0.005501367151737213,0.0668740747706282
2024-08-16,fold_7,"Inflation bear, AI rally and 2025",0.0027828533202409744,1,0.0130503810942173,1,0.0130503810942173,-0.06601851937011816,,,,1,130.503810942173,0.0015439484268426895,0.010408023372292519,0.0027828533202409744,0.6827829402239022
2024-08-19,fold_7,"Inflation bear, AI rally and 2025",-0.008854389190673828,-1,-0.002100807148963213,-1,0.002100807148963213,-0.06391771222115494,,,,1,21.00807148963213,-0.010599561035633087,-0.012398049235343933,-0.008854389190673828,-0.11027773996348064
2024-08-20,fold_7,"Inflation bear, AI rally and 2025",-0.00859186053276062,-1,0.004653274081647396,1,-0.004653274081647396,-0.06857098630280234,,,,0,-46.53274081647396,-0.009750052355229855,-0.007314376067370176,-0.00859186053276062,0.2444000893406978
2024-08-21,fold_7,"Inflation bear, AI rally and 2025",-0.0025219377130270004,-1,-0.01598181575536728,-1,0.01598181575536728,-0.05258917054743506,,,,1,159.8181575536728,-0.00558885745704174,-0.023379897698760033,-0.0025219377130270004,-0.9275646245457356
2024-08-22,fold_7,"Inflation bear, AI rally and 2025",0.007432222366333008,1,0.010786990635097027,1,0.010786990635097027,-0.04180217991233803,,,,1,107.86990635097027,0.008628197014331818,-0.008863111026585102,0.007432222366333008,0.6191949924164502
2024-08-23,fold_7,"Inflation bear, AI rally and 2025",0.005174469202756882,1,-0.009755691513419151,-1,-0.009755691513419151,-0.051557871425757185,,,,0,-97.55691513419151,0.002136245369911194,-0.007801180239766836,0.005174469202756882,-0.559432470656507
2024-08-26,fold_7,"Inflation bear, AI rally and 2025",0.0018913540989160538,1,0.0029828662518411875,1,0.0029828662518411875,-0.048575005173916,,,,1,29.828662518411875,0.014620646834373474,-0.028876792639493942,0.0018913540989160538,0.16978265810020524
2024-08-27,fold_7,"Inflation bear, AI rally and 2025",-0.016025185585021973,-1,-0.011412248015403748,-1,0.011412248015403748,-0.03716275715851225,,,,1,114.12248015403748,-0.00045176222920417786,-0.03446156159043312,-0.016025185585021973,-0.659384942491126
2024-08-28,fold_7,"Inflation bear, AI rally and 2025",-0.0013494305312633514,-1,-0.0014650279190391302,-1,0.0014650279190391302,-0.03569772923947312,,,,1,14.650279190391302,0.004455968737602234,-0.02211609296500683,-0.0013494305312633514,-0.0902464387601881
2024-08-29,fold_7,"Inflation bear, AI rally and 2025",-0.003737514838576317,-1,0.011848920956254005,1,-0.011848920956254005,-0.047546650195727125,,,,0,-118.48920956254005,0.006427299231290817,-0.04780372232198715,-0.003737514838576317,0.7752877777932282
2024-08-30,fold_7,"Inflation bear, AI rally and 2025",0.008142877370119095,1,-0.03083130531013012,-1,-0.03083130531013012,-0.07837795550585724,,,,0,-308.3130531013012,-0.0006780866533517838,-0.046875014901161194,0.008142877370119095,-2.118767250124786
2024-09-03,fold_7,"Inflation bear, AI rally and 2025",0.002483787015080452,1,-0.0026019022334367037,-1,-0.0026019022334367037,-0.08097985773929395,,,,0,-26.019022334367037,0.008806467056274414,-0.006844343151897192,0.002483787015080452,-0.17808602031578946
2024-09-04,fold_7,"Inflation bear, AI rally and 2025",0.005875431001186371,1,0.0009332209010608494,1,0.0009332209010608494,-0.0800466368382331,,,,1,9.332209010608494,0.012772586196660995,0.017240503802895546,0.005875431001186371,0.06450909024050137
2024-09-05,fold_7,"Inflation bear, AI rally and 2025",0.0033940039575099945,1,-0.02715265564620495,-1,-0.02715265564620495,-0.10719929248443805,,,,0,-271.5265564620495,-0.00744597427546978,0.026075517758727074,0.0033940039575099945,-1.9038919504433214
2024-09-06,fold_7,"Inflation bear, AI rally and 2025",0.01648692786693573,1,0.012777626514434814,1,0.012777626514434814,-0.09442166597000323,,,,1,127.77626514434814,0.018717031925916672,0.05769813060760498,0.01648692786693573,0.9153524726053623
2024-09-09,fold_7,"Inflation bear, AI rally and 2025",0.012950827367603779,1,0.009199365973472595,1,0.009199365973472595,-0.08522229999653064,,,,1,91.99365973472595,-0.0017774906009435654,0.040492791682481766,0.012950827367603779,0.6477990684838638
2024-09-10,fold_7,"Inflation bear, AI rally and 2025",-0.0003855116665363312,-1,0.02148294448852539,1,-0.02148294448852539,-0.10670524448505603,,,,0,-214.8294448852539,-0.012595966458320618,0.03182163089513779,-0.0003855116665363312,1.4979981112463576
2024-09-11,fold_7,"Inflation bear, AI rally and 2025",-0.0007782373577356339,-1,0.009768233634531498,1,-0.009768233634531498,-0.11647347811958753,,,,0,-97.68233634531498,-0.002228580415248871,0.005999751389026642,-0.0007782373577356339,0.6929635978910342
2024-09-12,fold_7,"Inflation bear, AI rally and 2025",0.008004071190953255,1,0.004469958133995533,1,0.004469958133995533,-0.11200351998559199,,,,1,44.69958133995533,-0.008246928453445435,0.02120135724544525,0.008004071190953255,0.31336561528243373
2024-09-13,fold_7,"Inflation bear, AI rally and 2025",-0.006497722119092941,-1,-0.004427712876349688,-1,0.004427712876349688,-0.1075758071092423,,,,1,44.277128763496876,-0.012990356422960758,0.014826271682977676,-0.006497722119092941,-0.3362951999478053
2024-09-16,fold_7,"Inflation bear, AI rally and 2025",-0.011647749692201614,-1,0.0005282060010358691,1,-0.0005282060010358691,-0.10810401311027817,,,,0,-5.282060010358691,-0.026740023866295815,0.021901145577430725,-0.011647749692201614,0.04001501336320814
2024-09-17,fold_7,"Inflation bear, AI rally and 2025",-0.01789657026529312,-1,-0.0043389336206018925,-1,0.0043389336206018925,-0.10376507948967628,,,,1,43.389336206018925,-0.03679948300123215,0.026184871792793274,-0.01789657026529312,-0.33702704962507524
2024-09-18,fold_7,"Inflation bear, AI rally and 2025",-0.019821468740701675,-1,0.024969838559627533,1,-0.024969838559627533,-0.12873491804930381,,,,0,-249.69838559627533,-0.0399346798658371,0.031450558453798294,-0.019821468740701675,1.9353316350330982
2024-09-19,fold_7,"Inflation bear, AI rally and 2025",-0.017480935901403427,-1,-0.001905126846395433,-1,0.001905126846395433,-0.12682979120290838,,,,1,19.05126846395433,-0.032891154289245605,0.013965615071356297,-0.017480935901403427,-0.13588783905280025
2024-09-20,fold_7,"Inflation bear, AI rally and 2025",-0.011069383472204208,-1,0.00264716031961143,1,-0.00264716031961143,-0.1294769515225198,,,,0,-26.4716031961143,-0.044585347175598145,0.010298335924744606,-0.011069383472204208,0.19516890485055438
2024-09-23,fold_7,"Inflation bear, AI rally and 2025",-0.010114312171936035,-1,0.004811933264136314,1,-0.004811933264136314,-0.13428888478665613,,,,0,-48.119332641363144,-0.045796964317560196,0.010359362699091434,-0.010114312171936035,0.3601650575373757
2024-09-24,fold_7,"Inflation bear, AI rally and 2025",0.0006791297346353531,1,0.000926753506064415,1,0.000926753506064415,-0.1333621312805917,,,,1,9.26753506064415,-0.0351901538670063,-0.00848300475627184,0.0006791297346353531,0.07007636915393543
2024-09-25,fold_7,"Inflation bear, AI rally and 2025",-0.005514319986104965,-1,0.007484894711524248,1,-0.007484894711524248,-0.14084702599211596,,,,0,-74.84894711524248,-0.019340120255947113,-0.0079979058355093,-0.005514319986104965,0.5666209948426726
2024-09-26,fold_7,"Inflation bear, AI rally and 2025",0.00549708679318428,1,-0.005572405643761158,-1,-0.005572405643761158,-0.14641943163587712,,,,0,-55.72405643761158,-0.009735975414514542,-0.01623002626001835,0.00549708679318428,-0.42640010528638966
2024-09-27,fold_7,"Inflation bear, AI rally and 2025",0.01324380561709404,1,0.002708186861127615,1,0.002708186861127615,-0.1437112447747495,,,,1,27.08186861127615,-0.0008675213903188705,0.0011703327763825655,0.01324380561709404,0.20635895787142886
2024-09-30,fold_7,"Inflation bear, AI rally and 2025",0.013361538760364056,1,-0.01403043419122696,-1,-0.01403043419122696,-0.15774167896597646,,,,0,-140.3043419122696,0.023217041045427322,-0.01230729091912508,0.013361538760364056,-1.0903610458416224
2024-10-01,fold_7,"Inflation bear, AI rally and 2025",0.00894540548324585,1,0.0014118520775809884,1,0.0014118520775809884,-0.15632982688839547,,,,1,14.118520775809884,-0.017838185653090477,0.01654731296002865,0.00894540548324585,0.12484405696456018
2024-10-02,fold_7,"Inflation bear, AI rally and 2025",-0.0061471909284591675,-1,-0.0007472253055311739,-1,0.0007472253055311739,-0.1555826015828643,,,,1,7.4722530553117394,0.005109542980790138,0.022973094135522842,-0.0061471909284591675,-0.06613572954546378
2024-10-03,fold_7,"Inflation bear, AI rally and 2025",-0.023577861487865448,-1,0.011827953159809113,1,-0.011827953159809113,-0.1674105547426734,,,,0,-118.27953159809113,-0.04322020709514618,0.022584062069654465,-0.023577861487865448,1.0469375004229724
2024-10-04,fold_7,"Inflation bear, AI rally and 2025",-0.02597983181476593,-1,-0.010769437067210674,-1,0.010769437067210674,-0.15664111767546274,,,,1,107.69437067210674,-0.020453153178095818,0.012317989021539688,-0.02597983181476593,-1.0891617760661183
2024-10-07,fold_7,"Inflation bear, AI rally and 2025",-0.03154716268181801,-1,0.014824170619249344,1,-0.014824170619249344,-0.17146528829471208,,,,0,-148.24170619249344,-0.017695963382720947,0.03144397586584091,-0.03154716268181801,1.5176988523165102
2024-10-08,fold_7,"Inflation bear, AI rally and 2025",-0.019071970134973526,-1,0.007837631739675999,1,-0.007837631739675999,-0.17930292003438808,,,,0,-78.37631739675999,0.029575392603874207,0.0031628955621272326,-0.019071970134973526,0.7754292898477891
2024-10-09,fold_7,"Inflation bear, AI rally and 2025",0.0007367320358753204,1,-0.0011362562654539943,-1,-0.0011362562654539943,-0.18043917629984207,,,,0,-11.362562654539943,0.03254472091794014,-0.004552541300654411,0.0007367320358753204,-0.1253588476074635
2024-10-10,fold_7,"Inflation bear, AI rally and 2025",0.0030594300478696823,1,0.001561879413202405,1,0.001561879413202405,-0.17887729688663967,,,,1,15.61879413202405,0.03318058326840401,-0.0027240037452429533,0.0030594300478696823,0.17747454318489056
2024-10-11,fold_7,"Inflation bear, AI rally and 2025",-0.007405534386634827,-1,0.008356551639735699,1,-0.008356551639735699,-0.18723384852637537,,,,0,-83.56551639735699,0.029520876705646515,0.002247402211651206,-0.007405534386634827,0.9549677424647902
2024-10-14,fold_7,"Inflation bear, AI rally and 2025",-0.00232587568461895,-1,-0.013456911779940128,-1,0.013456911779940128,-0.17377693674643524,,,,1,134.56911779940128,0.023439425975084305,-0.004189664032310247,-0.00232587568461895,-1.5132110812818254
2024-10-15,fold_7,"Inflation bear, AI rally and 2025",-0.0028072539716959,-1,0.0001221949642058462,1,-0.0001221949642058462,-0.17389913171064109,,,,0,-1.221949642058462,0.026421241462230682,0.010356641374528408,-0.0028072539716959,0.013016782504661328
2024-10-16,fold_7,"Inflation bear, AI rally and 2025",0.0021542683243751526,1,0.0006922814645804465,1,0.0006922814645804465,-0.17320685024606064,,,,1,6.922814645804465,0.03236152604222298,-0.005208073649555445,0.0021542683243751526,0.07414180294465159
2024-10-17,fold_7,"Inflation bear, AI rally and 2025",0.014933659695088863,1,0.006533285602927208,1,0.006533285602927208,-0.16667356464313343,,,,1,65.33285602927208,0.03499441221356392,0.002175822388380766,0.014933659695088863,0.8727836942491176
2024-10-18,fold_7,"Inflation bear, AI rally and 2025",0.006396858021616936,1,0.0019194857450202107,1,0.0019194857450202107,-0.16475407889811322,,,,1,19.194857450202107,0.036459676921367645,0.0017176733817905188,0.006396858021616936,0.2520701414263569
2024-10-21,fold_7,"Inflation bear, AI rally and 2025",0.012273543514311314,1,0.0010893935104832053,1,0.0010893935104832053,-0.16366468538763002,,,,1,10.893935104832053,0.03752530738711357,-4.0421302401227877e-05,0.012273543514311314,0.1432664185763382
2024-10-22,fold_7,"Inflation bear, AI rally and 2025",0.008978094905614853,1,-0.015442520380020142,-1,-0.015442520380020142,-0.17910720576765016,,,,0,-154.42520380020142,0.027346093207597733,0.008432736620306969,0.008978094905614853,-2.05041872134211
2024-10-23,fold_7,"Inflation bear, AI rally and 2025",0.025759229436516762,1,0.008076177909970284,1,0.008076177909970284,-0.17103102785767987,,,,1,80.76177909970284,0.02915290743112564,0.016289012506604195,0.025759229436516762,0.975069619641989
2024-10-24,fold_7,"Inflation bear, AI rally and 2025",0.0032551269978284836,1,0.006075136363506317,1,0.006075136363506317,-0.16495589149417356,,,,1,60.75136363506317,0.0026177093386650085,-0.01735398918390274,0.0032551269978284836,0.7310287339358255
2024-10-25,fold_7,"Inflation bear, AI rally and 2025",0.0007856208831071854,1,0.00016139104263857007,1,0.00016139104263857007,-0.164794500451535,,,,1,1.6139104263857007,-0.006303189322352409,-0.016057491302490234,0.0007856208831071854,0.019379350634746075
2024-10-28,fold_7,"Inflation bear, AI rally and 2025",-0.023875858634710312,-1,0.00956255104392767,1,-0.00956255104392767,-0.17435705149546266,,,,0,-95.6255104392767,0.008605509996414185,-0.019136182963848114,-0.023875858634710312,1.1512792631994628
2024-10-29,fold_7,"Inflation bear, AI rally and 2025",-0.005171425640583038,-1,-0.007586243096739054,-1,0.007586243096739054,-0.1667708083987236,,,,1,75.86243096739054,0.011683937162160873,-0.016022659838199615,-0.005171425640583038,-0.9503655323814653
2024-10-30,fold_7,"Inflation bear, AI rally and 2025",-0.011339113116264343,-1,-0.02556682378053665,-1,0.02556682378053665,-0.14120398461818695,,,,1,255.66823780536652,0.01836496591567993,0.018364498391747475,-0.011339113116264343,-3.135267415563969
2024-10-31,fold_7,"Inflation bear, AI rally and 2025",0.002431299537420273,1,0.007371632847934961,1,0.007371632847934961,-0.133832351770252,,,,1,73.71632847934961,0.0049958545714616776,0.05955290049314499,0.002431299537420273,0.7403067553257175
2024-11-01,fold_7,"Inflation bear, AI rally and 2025",0.0053269583731889725,1,-0.0029172992799431086,-1,-0.0029172992799431086,-0.1367496510501951,,,,0,-29.172992799431086,-0.008817708119750023,0.05334897339344025,0.0053269583731889725,-0.29950634869518994
2024-11-04,fold_7,"Inflation bear, AI rally and 2025",0.005102384835481644,1,0.012676074169576168,1,0.012676074169576168,-0.12407357688061893,,,,1,126.76074169576168,-0.022397752851247787,0.055682770907878876,0.005102384835481644,1.3398945483494553
2024-11-05,fold_7,"Inflation bear, AI rally and 2025",-0.006631355732679367,-1,0.026800915598869324,1,-0.026800915598869324,-0.15087449247948825,,,,0,-268.00915598869324,-0.03560377284884453,0.04119488596916199,-0.006631355732679367,2.8808626073089583
2024-11-06,fold_7,"Inflation bear, AI rally and 2025",-0.00503428652882576,-1,0.015621576458215714,1,-0.015621576458215714,-0.16649606893770397,,,,0,-156.21576458215714,-0.0116915013641119,0.01310655102133751,-0.00503428652882576,1.4296840550942842
2024-11-07,fold_7,"Inflation bear, AI rally and 2025",-0.008738894015550613,-1,0.0011677085421979427,1,-0.0011677085421979427,-0.1676637774799019,,,,0,-11.677085421979427,-0.0016146190464496613,-0.00948903989046812,-0.008738894015550613,0.10181834569816123
2024-11-08,fold_7,"Inflation bear, AI rally and 2025",-0.008265841752290726,-1,-0.0005835042102262378,-1,0.0005835042102262378,-0.16708027326967567,,,,1,5.835042102262378,0.0021762363612651825,-0.034771133214235306,-0.008265841752290726,-0.05088905969453027
2024-11-11,fold_7,"Inflation bear, AI rally and 2025",-0.012477897107601166,-1,-0.0018118094885721803,-1,0.0018118094885721803,-0.1652684637811035,,,,1,18.118094885721803,0.018441539257764816,-0.02726396732032299,-0.012477897107601166,-0.16014334393689053
2024-11-12,fold_7,"Inflation bear, AI rally and 2025",-0.007232416421175003,-1,-0.0012874208623543382,-1,0.0012874208623543382,-0.16398104291874915,,,,1,12.874208623543382,0.0158865787088871,-0.018596025183796883,-0.007232416421175003,-0.11796369941144873
2024-11-13,fold_7,"Inflation bear, AI rally and 2025",-0.007298789918422699,-1,-0.006974013987928629,-1,0.006974013987928629,-0.15700702893082052,,,,1,69.74013987928629,0.00586160272359848,-0.01788480579853058,-0.007298789918422699,-0.6387942340020782
2024-11-14,fold_7,"Inflation bear, AI rally and 2025",-0.003013506531715393,-1,-0.02411438338458538,-1,0.02411438338458538,-0.13289264554623514,,,,1,241.1438338458538,-0.004301827400922775,-0.00732002779841423,-0.003013506531715393,-2.1868111876517204
2024-11-15,fold_7,"Inflation bear, AI rally and 2025",0.005186652764678001,1,0.006923658773303032,1,0.006923658773303032,-0.1259689867729321,,,,1,69.23658773303032,-0.016055738553404808,0.018397189676761627,0.005186652764678001,0.5680860031384004
2024-11-18,fold_7,"Inflation bear, AI rally and 2025",0.00699847936630249,1,0.006856133230030537,1,0.006856133230030537,-0.11911285354290158,,,,1,68.56133230030537,-0.032101329416036606,0.01305388379842043,0.00699847936630249,0.558401971919163
2024-11-19,fold_7,"Inflation bear, AI rally and 2025",-0.004584614187479019,-1,-0.0005762007203884423,-1,0.0005762007203884423,-0.11853665282251313,,,,1,5.762007203884423,-0.034493912011384964,0.01155262440443039,-0.004584614187479019,-0.046576442710721276
2024-11-20,fold_7,"Inflation bear, AI rally and 2025",-0.006688326597213745,-1,0.0035907637793570757,1,-0.0035907637793570757,-0.12212741660187021,,,,0,-35.90763779357076,-0.026682857424020767,0.0042242552153766155,-0.006688326597213745,0.30225052300490235
2024-11-21,fold_7,"Inflation bear, AI rally and 2025",-0.016864821314811707,-1,0.0016028343234211206,1,-0.0016028343234211206,-0.12373025092529133,,,,0,-16.028343234211206,-0.001199210062623024,0.00938198808580637,-0.016864821314811707,0.1361859766994263
2024-11-22,fold_7,"Inflation bear, AI rally and 2025",-0.0019983481615781784,-1,0.0015803531277924776,1,-0.0015803531277924776,-0.1253106040530838,,,,0,-15.803531277924776,0.007829159498214722,0.01860809698700905,-0.0019983481615781784,0.13511581519797833
2024-11-25,fold_7,"Inflation bear, AI rally and 2025",-0.008362796157598495,-1,0.0053548733703792095,1,-0.0053548733703792095,-0.13066547742346302,,,,0,-53.548733703792095,0.02071942761540413,0.020089376717805862,-0.008362796157598495,0.457620211764222
2024-11-26,fold_7,"Inflation bear, AI rally and 2025",-0.010612208396196365,-1,-0.007904569618403912,-1,0.007904569618403912,-0.1227609078050591,,,,1,79.04569618403912,0.003201417624950409,0.027021605521440506,-0.010612208396196365,-0.6833908702918953
2024-11-27,fold_7,"Inflation bear, AI rally and 2025",-0.0034720171242952347,-1,0.008748495951294899,1,-0.008748495951294899,-0.131509403756354,,,,0,-87.48495951294899,0.011846896260976791,0.03215114027261734,-0.0034720171242952347,0.7556567176370566
2024-11-29,fold_7,"Inflation bear, AI rally and 2025",0.0046867020428180695,1,0.010828942991793156,1,0.010828942991793156,-0.12068046076456085,,,,1,108.28942991793156,0.010804716497659683,0.03231269493699074,0.0046867020428180695,1.055899376910174
2024-12-02,fold_7,"Inflation bear, AI rally and 2025",-0.0008286070078611374,-1,0.003061633324250579,1,-0.003061633324250579,-0.12374209408881143,,,,0,-30.61633324250579,0.0003460589796304703,0.013665560632944107,-0.0008286070078611374,0.29416382393420215
2024-12-03,fold_7,"Inflation bear, AI rally and 2025",0.003598010167479515,1,0.01228710263967514,1,0.01228710263967514,-0.11145499144913629,,,,1,122.8710263967514,-0.010178521275520325,0.007190646603703499,0.003598010167479515,1.180318253081192
2024-12-04,fold_7,"Inflation bear, AI rally and 2025",-0.013958863914012909,-1,-0.0027750355657190084,-1,0.0027750355657190084,-0.10867995588341728,,,,1,27.750355657190084,-0.008523814380168915,0.012647631578147411,-0.013958863914012909,-0.2671733985316268
2024-12-05,fold_7,"Inflation bear, AI rally and 2025",-0.012014713138341904,-1,0.008910051546990871,1,-0.008910051546990871,-0.11759000743040815,,,,0,-89.10051546990871,-0.018222974613308907,0.008947910740971565,-0.012014713138341904,1.0474948066388639
2024-12-06,fold_7,"Inflation bear, AI rally and 2025",-0.011580802500247955,-1,-0.007818191312253475,-1,0.007818191312253475,-0.10977181611815467,,,,1,78.18191312253475,-0.0117354029789567,0.007663036696612835,-0.011580802500247955,-0.9763530416449152
2024-12-09,fold_7,"Inflation bear, AI rally and 2025",-0.007504072040319443,-1,-0.0034132804721593857,-1,0.0034132804721593857,-0.10635853564599529,,,,1,34.13280472159386,0.0006345361471176147,0.029779212549328804,-0.007504072040319443,-0.41666036610704454
2024-12-10,fold_7,"Inflation bear, AI rally and 2025",-0.004104238003492355,-1,0.017744088545441628,1,-0.017744088545441628,-0.12410262419143692,,,,0,-177.44088545441628,-0.004390846937894821,0.028778880834579468,-0.004104238003492355,2.1569583437642637
2024-12-11,fold_7,"Inflation bear, AI rally and 2025",-0.016002759337425232,-1,-0.006474756635725498,-1,0.006474756635725498,-0.11762786755571142,,,,1,64.74756635725498,-0.017443634569644928,-0.025708824396133423,-0.016002759337425232,-0.7096169509710132
2024-12-12,fold_7,"Inflation bear, AI rally and 2025",-0.013744618743658066,-1,0.007625177036970854,1,-0.007625177036970854,-0.12525304459268227,,,,0,-76.25177036970854,-0.010781113058328629,-0.023697493597865105,-0.013744618743658066,0.8257751735954242
2024-12-13,fold_7,"Inflation bear, AI rally and 2025",-0.010568767786026001,-1,0.01429798360913992,1,-0.01429798360913992,-0.1395510282018222,,,,0,-142.9798360913992,-0.030825790017843246,-0.022628068923950195,-0.010568767786026001,1.5441146298969766
2024-12-16,fold_7,"Inflation bear, AI rally and 2025",-0.013890288770198822,-1,-0.004413610324263573,-1,0.004413610324263573,-0.13513741787755862,,,,1,44.13610324263573,-0.03125834837555885,-0.02723037078976631,-0.013890288770198822,-0.5396602766272658
2024-12-17,fold_7,"Inflation bear, AI rally and 2025",-0.007579561322927475,-1,-0.03674361854791641,-1,0.03674361854791641,-0.0983937993296422,,,,1,367.4361854791641,-0.027083829045295715,-0.00934807863086462,-0.007579561322927475,-4.541270883179465
2024-12-18,fold_7,"Inflation bear, AI rally and 2025",0.01149817369878292,1,-0.004463426768779755,-1,-0.004463426768779755,-0.10285722609842196,,,,0,-44.634267687797546,-0.005364455282688141,0.026716021820902824,0.01149817369878292,-0.39053926853043847
2024-12-19,fold_7,"Inflation bear, AI rally and 2025",0.00036928802728652954,1,0.00869460217654705,1,0.00869460217654705,-0.09416262392187491,,,,1,86.9460217654705,-0.02431073598563671,0.017797116190195084,0.00036928802728652954,0.7579205871356646
2024-12-20,fold_7,"Inflation bear, AI rally and 2025",-0.00019598938524723053,-1,0.009695682674646378,1,-0.009695682674646378,-0.10385830659652129,,,,0,-96.95682674646378,-0.02808932028710842,-0.004286685958504677,-0.00019598938524723053,0.8352949709807537
2024-12-23,fold_7,"Inflation bear, AI rally and 2025",-0.0024441219866275787,-1,0.013468680903315544,1,-0.013468680903315544,-0.11732698749983683,,,,0,-134.68680903315544,-0.01949218288064003,-0.02251328155398369,-0.0024441219866275787,1.1411439948871818
2024-12-24,fold_7,"Inflation bear, AI rally and 2025",0.0011481214314699173,1,-0.000679517223034054,-1,-0.000679517223034054,-0.11800650472287089,,,,0,-6.79517223034054,-0.0352245569229126,-0.03793996945023537,0.0011481214314699173,-0.05580862951838488
2024-12-26,fold_7,"Inflation bear, AI rally and 2025",-0.0016303453594446182,-1,-0.01338233333081007,-1,0.01338233333081007,-0.10462417139206082,,,,1,133.8233333081007,0.0005082320421934128,-0.02102765068411827,-0.0016303453594446182,-1.104355311002339
2024-12-27,fold_7,"Inflation bear, AI rally and 2025",-0.0003646872937679291,-1,-0.013389199040830135,-1,0.013389199040830135,-0.09123497235123068,,,,1,133.89199040830135,0.0005363523960113525,0.0037819980643689632,-0.0003646872937679291,-1.0836190505276386
2024-12-30,fold_7,"Inflation bear, AI rally and 2025",0.0013400446623563766,1,-0.008530912920832634,-1,-0.008530912920832634,-0.09976588527206331,,,,0,-85.30912920832634,0.0033574551343917847,-0.0008342231158167124,0.0013400446623563766,-0.6790967534261981
2024-12-31,fold_7,"Inflation bear, AI rally and 2025",0.0007515959441661835,1,-0.001958006527274847,-1,-0.001958006527274847,-0.10172389179933816,,,,0,-19.58006527274847,-0.017490949481725693,0.007871338166296482,0.0007515959441661835,-0.15697591873959477
2025-01-02,fold_7,"Inflation bear, AI rally and 2025",-0.003690740093588829,-1,0.016232801601290703,1,-0.016232801601290703,-0.11795669340062886,,,,0,-162.32801601290703,-0.019773535430431366,-0.005975963082164526,-0.003690740093588829,1.302564693849145
2025-01-03,fold_7,"Inflation bear, AI rally and 2025",-0.01197471097111702,-1,0.011427314952015877,1,-0.011427314952015877,-0.12938400835264474,,,,0,-114.27314952015877,-0.008524155244231224,-0.025427700951695442,-0.01197471097111702,0.9007871628095191
2025-01-06,fold_7,"Inflation bear, AI rally and 2025",-0.011466175317764282,-1,-0.01800542138516903,-1,0.01800542138516903,-0.11137858696747571,,,,1,180.0542138516903,0.008840151131153107,-0.037804875522851944,-0.011466175317764282,-1.3929812999224083
2025-01-07,fold_7,"Inflation bear, AI rally and 2025",-0.004670921713113785,-1,0.00017464857955928892,1,-0.00017464857955928892,-0.111553235547035,,,,0,-1.7464857955928892,0.0017608143389225006,0.0029459847137331963,-0.004670921713113785,0.013042302412667819
2025-01-08,fold_7,"Inflation bear, AI rally and 2025",-0.008290417492389679,-1,-0.015805307775735855,-1,0.015805307775735855,-0.09574792777129915,,,,1,158.05307775735855,0.016544345766305923,-0.004259203560650349,-0.008290417492389679,-1.1904829162064468
2025-01-10,fold_7,"Inflation bear, AI rally and 2025",0.006405696272850037,1,-0.0032189367339015007,-1,-0.0032189367339015007,-0.09896686450520065,,,,0,-32.18936733901501,0.0009363330900669098,0.028283799067139626,0.006405696272850037,-0.23465888856546038
2025-01-13,fold_7,"Inflation bear, AI rally and 2025",0.0033069346100091934,1,-0.0009498588042333722,-1,-0.0009498588042333722,-0.09991672330943402,,,,0,-9.498588042333722,0.0044699423015117645,0.03735056519508362,0.0033069346100091934,-0.07222777190658458
2025-01-14,fold_7,"Inflation bear, AI rally and 2025",0.014429861679673195,1,0.022745439782738686,1,0.022745439782738686,-0.07717128352669533,,,,1,227.45439782738686,0.0008798614144325256,0.05100506544113159,0.014429861679673195,1.7399232613692317
2025-01-15,fold_7,"Inflation bear, AI rally and 2025",-0.002914324402809143,-1,-0.007030539680272341,-1,0.007030539680272341,-0.07014074384642299,,,,1,70.30539680272341,-0.004583735018968582,0.030383583158254623,-0.002914324402809143,-0.5049517597581288
2025-01-16,fold_7,"Inflation bear, AI rally and 2025",-0.02626917138695717,-1,0.016737693920731544,1,-0.016737693920731544,-0.08687843776715454,,,,0,-167.37693920731544,0.012483324855566025,0.03174690529704094,-0.02626917138695717,1.2269209099107852
2025-01-17,fold_7,"Inflation bear, AI rally and 2025",0.00030279718339443207,1,0.005847829394042492,1,0.005847829394042492,-0.08103060837311205,,,,1,58.47829394042492,0.021790165454149246,-0.014537647366523743,0.00030279718339443207,0.4143973905147078
2025-01-21,fold_7,"Inflation bear, AI rally and 2025",0.00506913848221302,1,0.012704640626907349,1,0.012704640626907349,-0.0683259677462047,,,,1,127.04640626907349,0.0022416096180677414,-0.005713867023587227,0.00506913848221302,1.100211193259038
2025-01-22,fold_7,"Inflation bear, AI rally and 2025",0.002671603113412857,1,0.0021239574998617172,1,0.0021239574998617172,-0.06620201024634298,,,,1,21.239574998617172,0.0009387210011482239,-0.02029821276664734,0.002671603113412857,0.1792397771662967
2025-01-23,fold_7,"Inflation bear, AI rally and 2025",-0.00030330754816532135,-1,-0.005667216144502163,-1,0.005667216144502163,-0.060534794101840816,,,,1,56.67216144502163,0.0019519515335559845,-0.018168844282627106,-0.00030330754816532135,-0.4844238379339672
2025-01-24,fold_7,"Inflation bear, AI rally and 2025",0.004203595221042633,1,-0.029546858742833138,-1,-0.029546858742833138,-0.09008165284467395,,,,0,-295.4685874283314,0.012196514755487442,-0.013955770991742611,0.004203595221042633,-2.554659461653467
2025-01-27,fold_7,"Inflation bear, AI rally and 2025",0.02279742993414402,1,0.014671609736979008,1,0.014671609736979008,-0.07541004310769495,,,,1,146.71609736979008,0.02642204239964485,0.007555878255516291,0.02279742993414402,1.1307622690069064
2025-01-28,fold_7,"Inflation bear, AI rally and 2025",0.02381781116127968,1,-0.0018797048833221197,-1,-0.0018797048833221197,-0.07728974799101707,,,,0,-18.797048833221197,-0.010105349123477936,0.00508470181375742,0.02381781116127968,-0.14046057405372117
2025-01-29,fold_7,"Inflation bear, AI rally and 2025",0.011916999705135822,1,0.004253325052559376,1,0.004253325052559376,-0.07303642293845769,,,,1,42.53325052559376,-0.011550172232091427,0.011492137797176838,0.011916999705135822,0.3259162506482828
2025-01-30,fold_7,"Inflation bear, AI rally and 2025",0.00385928712785244,1,-0.0014541425043717027,-1,-0.0014541425043717027,-0.07449056544282939,,,,0,-14.541425043717027,-0.011960169300436974,0.01244503352791071,0.00385928712785244,-0.11415912596668515
2025-01-31,fold_7,"Inflation bear, AI rally and 2025",0.008749788627028465,1,-0.008035209029912949,-1,-0.008035209029912949,-0.08252577447274234,,,,0,-80.35209029912949,-0.024152075871825218,0.0012055110419169068,0.008749788627028465,-0.6377956415929221
2025-02-03,fold_7,"Inflation bear, AI rally and 2025",-0.01407373696565628,-1,0.01220043282955885,1,-0.01220043282955885,-0.09472620730230119,,,,0,-122.0043282955885,-0.014408502727746964,0.021273206919431686,-0.01407373696565628,0.9592780334475167
2025-02-04,fold_7,"Inflation bear, AI rally and 2025",-0.0010215472429990768,-1,0.004527731332927942,1,-0.004527731332927942,-0.09925393863522913,,,,0,-45.27731332927942,-0.03983695060014725,0.006689184810966253,-0.0010215472429990768,0.36248105051066565
2025-02-05,fold_7,"Inflation bear, AI rally and 2025",-0.006068401038646698,-1,0.00520622031763196,1,-0.00520622031763196,-0.10446015895286109,,,,0,-52.0622031763196,-0.006310524418950081,0.0027484078891575336,-0.006068401038646698,0.424351776164534
2025-02-06,fold_7,"Inflation bear, AI rally and 2025",-0.008080236613750458,-1,-0.01269366405904293,-1,0.01269366405904293,-0.09176649489381816,,,,1,126.9366405904293,-0.011224448680877686,0.011825453490018845,-0.008080236613750458,-1.0898155390432156
2025-02-07,fold_7,"Inflation bear, AI rally and 2025",-0.006592299789190292,-1,0.012032486498355865,1,-0.012032486498355865,-0.10379898139217403,,,,0,-120.32486498355865,-0.0028924476355314255,0.028708897531032562,-0.006592299789190292,1.0036834697670374
2025-02-10,fold_7,"Inflation bear, AI rally and 2025",-0.006643317639827728,-1,-0.002383588580414653,-1,0.002383588580414653,-0.10141539281175938,,,,1,23.83588580414653,-0.011283081956207752,0.018940920010209084,-0.006643317639827728,-0.20256088020514224
2025-02-11,fold_7,"Inflation bear, AI rally and 2025",-0.002645624801516533,-1,0.0005869545857422054,1,-0.0005869545857422054,-0.10200234739750158,,,,0,-5.869545857422054,-0.01082830410450697,0.021602557972073555,-0.002645624801516533,0.04992246657520241
2025-02-12,fold_7,"Inflation bear, AI rally and 2025",-0.0017183143645524979,-1,0.014283265918493271,1,-0.014283265918493271,-0.11628561331599485,,,,0,-142.8326591849327,-0.02707567811012268,0.016762059181928635,-0.0017183143645524979,1.2149625157575195
2025-02-13,fold_7,"Inflation bear, AI rally and 2025",0.00266898050904274,1,0.004189779050648212,1,0.004189779050648212,-0.11209583426534664,,,,1,41.897790506482124,-0.003311762586236,-0.01849435083568096,0.00266898050904274,0.3784886720745663
2025-02-14,fold_7,"Inflation bear, AI rally and 2025",0.006900997832417488,1,0.002264508744701743,1,0.002264508744701743,-0.1098313255206449,,,,1,22.64508744701743,0.00048240087926387787,-0.034558553248643875,0.006900997832417488,0.20591048791693217
2025-02-18,fold_7,"Inflation bear, AI rally and 2025",0.006556205451488495,1,0.0002780499344225973,1,0.0002780499344225973,-0.1095532755862223,,,,1,2.780499344225973,-0.019552746787667274,-0.049502383917570114,0.006556205451488495,0.02685567236901609
2025-02-19,fold_7,"Inflation bear, AI rally and 2025",-0.0031358040869235992,-1,-0.00425354391336441,-1,0.00425354391336441,-0.10529973167285789,,,,1,42.535439133644104,-0.009805187582969666,-0.04736772179603577,-0.0031358040869235992,-0.4141406173823227
2025-02-20,fold_7,"Inflation bear, AI rally and 2025",0.0009154099971055984,1,-0.020973144099116325,-1,-0.020973144099116325,-0.1262728757719742,,,,0,-209.73144099116325,-0.006648138165473938,-0.07127831876277924,0.0009154099971055984,-2.115124717352403
2025-02-21,fold_7,"Inflation bear, AI rally and 2025",0.0012371577322483063,1,-0.011874424293637276,-1,-0.011874424293637276,-0.1381473000656115,,,,0,-118.74424293637276,0.002574741840362549,-0.03463706746697426,0.0012371577322483063,-1.083570530091159
2025-02-24,fold_7,"Inflation bear, AI rally and 2025",0.01171501912176609,1,-0.012679321691393852,-1,-0.012679321691393852,-0.15082662175700534,,,,0,-126.79321691393852,-0.0049301981925964355,-0.04488817974925041,0.01171501912176609,-1.1316524071712148
2025-02-25,fold_7,"Inflation bear, AI rally and 2025",0.026033498346805573,1,0.002412711502984166,1,0.002412711502984166,-0.14841391025402118,,,,1,24.12711502984166,0.012448541820049286,-0.035231202840805054,0.026033498346805573,0.2544313760054517
2025-02-26,fold_7,"Inflation bear, AI rally and 2025",0.012914278544485569,1,-0.02816414088010788,-1,-0.02816414088010788,-0.17657805113412905,,,,0,-281.6414088010788,0.004681997001171112,-0.02469206415116787,0.012914278544485569,-3.1597074203238327
2025-02-27,fold_7,"Inflation bear, AI rally and 2025",0.018659882247447968,1,0.015668107196688652,1,0.015668107196688652,-0.1609099439374404,,,,1,156.68107196688652,0.006807621568441391,-0.02442282810807228,0.018659882247447968,1.436683933453293
2025-02-28,fold_7,"Inflation bear, AI rally and 2025",0.005004869773983955,1,-0.02212553843855858,-1,-0.02212553843855858,-0.18303548237599898,,,,0,-221.25538438558578,0.0007542278617620468,-0.0327642448246479,0.005004869773983955,-1.9382641638574425
2025-03-03,fold_7,"Inflation bear, AI rally and 2025",0.013930363580584526,1,-0.0030223436187952757,-1,-0.0030223436187952757,-0.18605782599479426,,,,0,-30.223436187952757,0.02363099902868271,-0.05016609653830528,0.013930363580584526,-0.2430142505803539
2025-03-04,fold_7,"Inflation bear, AI rally and 2025",0.011361672542989254,1,0.012951849959790707,1,0.012951849959790707,-0.17310597603500355,,,,1,129.51849959790707,0.017262130975723267,-0.04953701049089432,0.011361672542989254,1.0508624067943906
2025-03-05,fold_7,"Inflation bear, AI rally and 2025",-0.0060340240597724915,-1,-0.02789490483701229,-1,0.02789490483701229,-0.14521107119799126,,,,1,278.9490483701229,-0.0005956795066595078,-0.05127124860882759,-0.0060340240597724915,-2.2562760531011747
2025-03-06,fold_7,"Inflation bear, AI rally and 2025",0.03387565165758133,1,0.007326692808419466,1,0.007326692808419466,-0.1378843783895718,,,,1,73.26692808419466,0.04744631052017212,-0.04153061285614967,0.03387565165758133,0.530514293447537
2025-03-07,fold_7,"Inflation bear, AI rally and 2025",0.009477812796831131,1,-0.039527393877506256,-1,-0.039527393877506256,-0.17741177226707805,,,,0,-395.27393877506256,0.033257003873586655,-0.024974392727017403,0.009477812796831131,-2.8521982387636458
2025-03-10,fold_7,"Inflation bear, AI rally and 2025",0.015552787110209465,1,-0.002393258037045598,-1,-0.002393258037045598,-0.17980503030412365,,,,0,-23.93258037045598,0.032013826072216034,0.021015793085098267,0.015552787110209465,-0.14782092154955517
2025-03-11,fold_7,"Inflation bear, AI rally and 2025",0.01458907499909401,1,0.011217612773180008,1,0.011217612773180008,-0.16858741753094364,,,,1,112.17612773180008,0.030291475355625153,0.0062147388234734535,0.01458907499909401,0.7022379003606621
2025-03-12,fold_7,"Inflation bear, AI rally and 2025",0.0006721410900354385,1,-0.018154267221689224,-1,-0.018154267221689224,-0.18674168475263286,,,,0,-181.54267221689224,-0.00022339820861816406,0.008289692923426628,0.0006721410900354385,-1.1233351275181127
2025-03-13,fold_7,"Inflation bear, AI rally and 2025",0.00183890201151371,1,0.0238829106092453,1,0.0238829106092453,-0.16285877414338756,,,,1,238.829106092453,0.01390206441283226,0.023048678413033485,0.00183890201151371,1.433327728065527
2025-03-14,fold_7,"Inflation bear, AI rally and 2025",-0.01847117394208908,-1,0.006462794728577137,1,-0.006462794728577137,-0.1693215688719647,,,,0,-64.62794728577137,-0.0018175076693296432,0.002457075286656618,-0.01847117394208908,0.3756676896084284
2025-03-17,fold_7,"Inflation bear, AI rally and 2025",-0.022803250700235367,-1,-0.017194312065839767,-1,0.017194312065839767,-0.15212725680612493,,,,1,171.94312065839767,-0.001127496361732483,0.017701327800750732,-0.022803250700235367,-0.997428633637089
2025-03-18,fold_7,"Inflation bear, AI rally and 2025",-0.0046449340879917145,-1,0.013292566873133183,1,-0.013292566873133183,-0.16541982367925812,,,,0,-132.92566873133183,0.01686679571866989,0.040585990995168686,-0.0046449340879917145,0.7529097085664618
2025-03-19,fold_7,"Inflation bear, AI rally and 2025",-0.018524188548326492,-1,-0.0033952805679291487,-1,0.0033952805679291487,-0.16202454311132897,,,,1,33.95280567929149,0.005279218778014183,0.00872135628014803,-0.018524188548326492,-0.189645777621097
2025-03-20,fold_7,"Inflation bear, AI rally and 2025",-0.0023964624851942062,-1,0.0032913063187152147,1,-0.0032913063187152147,-0.16531584943004418,,,,0,-32.91306318715215,0.006722215563058853,0.006402337457984686,-0.0023964624851942062,0.18393242786491146
2025-03-21,fold_7,"Inflation bear, AI rally and 2025",0.007053598761558533,1,0.021707046777009964,1,0.021707046777009964,-0.14360880265303422,,,,1,217.07046777009964,0.008575744926929474,-0.023569578304886818,0.007053598761558533,1.2558823168990274
2025-03-24,fold_7,"Inflation bear, AI rally and 2025",-0.003678692504763603,-1,0.005690351594239473,1,-0.005690351594239473,-0.1492991542472737,,,,0,-56.90351594239473,-0.018446974456310272,-0.04531926289200783,-0.003678692504763603,0.32048442258407656
2025-03-25,fold_7,"Inflation bear, AI rally and 2025",-0.004102086648344994,-1,-0.018572067841887474,-1,0.018572067841887474,-0.13072708640538622,,,,1,185.72067841887474,-0.013498411513864994,-0.04298087954521179,-0.004102086648344994,-1.0568059807657881
2025-03-26,fold_7,"Inflation bear, AI rally and 2025",-0.015153374522924423,-1,-0.005714299622923136,-1,0.005714299622923136,-0.12501278678246308,,,,1,57.14299622923136,0.0013413075357675552,-0.017136819660663605,-0.015153374522924423,-0.3165865709902819
2025-03-27,fold_7,"Inflation bear, AI rally and 2025",-0.006761670112609863,-1,-0.026680609211325645,-1,0.026680609211325645,-0.09833217757113744,,,,1,266.80609211325645,0.00609414279460907,-0.06644228845834732,-0.006761670112609863,-1.5728139846911706
2025-03-28,fold_7,"Inflation bear, AI rally and 2025",0.007656794041395187,1,-4.263700975570828e-05,-1,-4.263700975570828e-05,-0.09837481458089314,,,,0,-0.4263700975570828,0.009330693632364273,-0.10388310998678207,0.007656794041395187,-0.002417402521640605
2025-03-31,fold_7,"Inflation bear, AI rally and 2025",-0.011244278401136398,-1,0.008028735406696796,1,-0.008028735406696796,-0.10640354998758994,,,,0,-80.28735406696796,-0.01866620033979416,-0.10143010318279266,-0.011244278401136398,0.4742472209972108
2025-04-01,fold_7,"Inflation bear, AI rally and 2025",-0.01191772148013115,-1,0.007271991111338139,1,-0.007271991111338139,-0.11367554109892808,,,,0,-72.71991111338139,-0.019915929064154625,-0.12763145565986633,-0.01191772148013115,0.42748922377433163
2025-04-02,fold_7,"Inflation bear, AI rally and 2025",-0.019642725586891174,-1,-0.055019769817590714,-1,0.055019769817590714,-0.058655771281337366,,,,1,550.1976981759071,-0.0062055811285972595,-0.021547358483076096,-0.019642725586891174,-3.2669603826950797
2025-04-03,fold_7,"Inflation bear, AI rally and 2025",0.020189397037029266,1,-0.06412143260240555,-1,-0.06412143260240555,-0.12277720388374291,,,,0,-641.2143260240555,0.0312662310898304,-0.009990752674639225,0.020189397037029266,-3.2218939204937738
2025-04-04,fold_7,"Inflation bear, AI rally and 2025",0.019515473395586014,1,0.0024103696923702955,1,0.0024103696923702955,-0.12036683419137262,,,,1,24.103696923702955,0.02497030794620514,0.07238619029521942,0.019515473395586014,0.09848710582561052
2025-04-07,fold_7,"Inflation bear, AI rally and 2025",0.01579858921468258,1,-0.01817261427640915,-1,-0.01817261427640915,-0.13853944846778177,,,,0,-181.7261427640915,0.020195364952087402,0.0767311081290245,0.01579858921468258,-0.796046233471477
2025-04-08,fold_7,"Inflation bear, AI rally and 2025",0.013631708920001984,1,0.1133560836315155,1,0.1133560836315155,-0.025183364836266264,,,,1,1133.560836315155,0.04304061830043793,0.09601788967847824,0.013631708920001984,4.889990120928103
2025-04-09,fold_7,"Inflation bear, AI rally and 2025",-0.016230914741754532,-1,-0.04346316307783127,-1,0.04346316307783127,0.018279798241565004,,,,1,434.6316307783127,-0.005632877349853516,-0.0479557141661644,-0.016230914741754532,-1.2687291452129743
2025-04-10,fold_7,"Inflation bear, AI rally and 2025",0.004609959200024605,1,0.01825551502406597,1,0.01825551502406597,0.036535313265630975,,,,1,182.5551502406597,0.0354347825050354,-0.004672687966376543,0.004609959200024605,0.5160277596305618
2025-04-11,fold_7,"Inflation bear, AI rally and 2025",-0.004868552088737488,-1,0.006755282171070576,1,-0.006755282171070576,0.0297800310945604,,,,0,-67.55282171070576,-0.006762003526091576,-0.04798625782132149,-0.004868552088737488,0.19186220783259403
2025-04-14,fold_7,"Inflation bear, AI rally and 2025",0.008183887228369713,1,0.0011141699505969882,1,0.0011141699505969882,0.030894201045157388,,,,1,11.141699505969882,0.0026610344648361206,-0.028828177601099014,0.008183887228369713,0.0316419716434806
2025-04-15,fold_7,"Inflation bear, AI rally and 2025",0.00794363021850586,1,-0.030617518350481987,-1,-0.030617518350481987,0.00027668269467540085,,,,0,-306.17518350481987,0.009858272969722748,-0.007517511025071144,0.00794363021850586,-0.8747330783313502
2025-04-16,fold_7,"Inflation bear, AI rally and 2025",0.017682310193777084,1,-0.00018013635417446494,-1,-0.00018013635417446494,9.654634050093591e-05,,,,0,-1.8013635417446494,0.02607838809490204,0.05084860697388649,0.017682310193777084,-0.005068363389150477
2025-04-17,fold_7,"Inflation bear, AI rally and 2025",0.02936571091413498,1,-0.02505805715918541,-1,-0.02505805715918541,-0.024961510818684474,,,,0,-250.5805715918541,0.012521345168352127,0.06211496889591217,0.02936571091413498,-0.7052004373844853
2025-04-21,fold_7,"Inflation bear, AI rally and 2025",0.025817744433879852,1,0.025913363322615623,1,0.025913363322615623,0.0009518525039311498,,,,1,259.13363322615623,0.02499181404709816,0.08685559034347534,0.025817744433879852,0.720520723984611
2025-04-22,fold_7,"Inflation bear, AI rally and 2025",0.021865203976631165,1,0.022424837574362755,1,0.022424837574362755,0.023376690078293905,,,,1,224.24837574362755,0.0029219593852758408,0.06752496212720871,0.021865203976631165,0.6211222406699431
2025-04-23,fold_7,"Inflation bear, AI rally and 2025",0.01931675523519516,1,0.027748601511120796,1,0.027748601511120796,0.0511252915894147,,,,1,277.48601511120796,-0.009746103547513485,0.04497391730546951,0.01931675523519516,0.7617366307611424
2025-04-24,fold_7,"Inflation bear, AI rally and 2025",0.0044305697083473206,1,0.01108622271567583,1,0.01108622271567583,0.06221151430509053,,,,1,110.86222715675831,-0.009803907945752144,0.03020145744085312,0.0044305697083473206,0.30192364164997343
2025-04-25,fold_7,"Inflation bear, AI rally and 2025",0.0012588482350111008,1,-0.00031743646832183003,-1,-0.00031743646832183003,0.0618940778367687,,,,0,-3.1743646832183003,-0.010954789817333221,0.03385004773736,0.0012588482350111008,-0.008630674926025761
2025-04-28,fold_7,"Inflation bear, AI rally and 2025",-0.00070970319211483,-1,0.0065827397629618645,1,-0.0065827397629618645,0.05531133807380684,,,,0,-65.82739762961864,-0.006791671738028526,0.028217311948537827,-0.00070970319211483,0.18137760637662514
2025-04-29,fold_7,"Inflation bear, AI rally and 2025",0.0016030613332986832,1,-0.00012620817869901657,-1,-0.00012620817869901657,0.05518512989510782,,,,0,-1.2620817869901657,-0.006802700459957123,0.012289345264434814,0.0016030613332986832,-0.0034746220771629953
2025-04-30,fold_7,"Inflation bear, AI rally and 2025",0.004903439432382584,1,0.012976137921214104,1,0.012976137921214104,0.06816126781632192,,,,1,129.76137921214104,0.0007520578801631927,0.01633375883102417,0.004903439432382584,0.35768155522795286
2025-05-01,fold_7,"Inflation bear, AI rally and 2025",0.004865614697337151,1,0.014734814874827862,1,0.014734814874827862,0.08289608269114979,,,,1,147.34814874827862,-0.020207427442073822,0.013629618100821972,0.004865614697337151,0.40527054453153283
2025-05-02,fold_7,"Inflation bear, AI rally and 2025",0.0032707322388887405,1,-0.005950172431766987,-1,-0.005950172431766987,0.0769459102593828,,,,0,-59.50172431766987,-0.011198131367564201,-0.0017607435584068298,0.0032707322388887405,-0.17311363003944677
2025-05-05,fold_7,"Inflation bear, AI rally and 2025",0.0032614711672067642,1,-0.009345225989818573,-1,-0.009345225989818573,0.06760068426956423,,,,0,-93.45225989818573,-0.01790117472410202,0.0441216379404068,0.0032614711672067642,-0.29888984103191907
2025-05-06,fold_7,"Inflation bear, AI rally and 2025",-0.0005328767001628876,-1,0.003918205387890339,1,-0.003918205387890339,0.06368247888167389,,,,0,-39.18205387890339,-0.01567148044705391,0.06859263777732849,-0.0005328767001628876,0.1250561344734105
2025-05-07,fold_7,"Inflation bear, AI rally and 2025",0.002022296190261841,1,0.010271997191011906,1,0.010271997191011906,0.07395447607268579,,,,1,102.71997191011906,-0.020204005762934685,0.07064971327781677,0.002022296190261841,0.3305092844591725
2025-05-08,fold_7,"Inflation bear, AI rally and 2025",0.014273669570684433,1,-0.00065554742468521,-1,-0.00065554742468521,0.07329892864800058,,,,0,-6.5554742468521,0.00300423800945282,0.06147606670856476,0.014273669570684433,-0.036156972066067466
2025-05-09,fold_7,"Inflation bear, AI rally and 2025",-0.01627476140856743,-1,0.03993220627307892,1,-0.03993220627307892,0.033366722374921665,,,,0,-399.3220627307892,-0.024897292256355286,0.06647443026304245,-0.01627476140856743,2.6088471223946046
2025-05-12,fold_7,"Inflation bear, AI rally and 2025",0.004737000912427902,1,0.01512577198445797,1,0.01512577198445797,0.048492494359379634,,,,1,151.2577198445797,-0.0076027438044548035,0.027500687167048454,0.004737000912427902,0.8771644078400747
2025-05-13,fold_7,"Inflation bear, AI rally and 2025",0.0010916311293840408,1,0.005975283216685057,1,0.005975283216685057,0.05446777757606469,,,,1,59.75283216685057,-0.00036482512950897217,0.009036059491336346,0.0010916311293840408,0.34129920720393586
2025-05-14,fold_7,"Inflation bear, AI rally and 2025",-0.0005520116537809372,-1,0.0010983524844050407,1,-0.0010983524844050407,0.05336942509165965,,,,0,-10.983524844050407,-0.006280817091464996,-0.010933410376310349,-0.0005520116537809372,0.06256064208819194
2025-05-15,fold_7,"Inflation bear, AI rally and 2025",0.0009412802755832672,1,0.004342813044786453,1,0.004342813044786453,0.0577122381364461,,,,1,43.42813044786453,-3.2782554626464844e-06,-0.010162297636270523,0.0009412802755832672,0.26859577139762664
2025-05-16,fold_7,"Inflation bear, AI rally and 2025",-0.0028819870203733444,-1,0.0009584668441675603,1,-0.0009584668441675603,0.05675377129227854,,,,0,-9.584668441675603,0.0006434712558984756,-0.023808997124433517,-0.0028819870203733444,0.059173135968984825
2025-05-19,fold_7,"Inflation bear, AI rally and 2025",-0.0003141053020954132,-1,-0.00333885638974607,-1,0.00333885638974607,0.06009262768202461,,,,1,33.3885638974607,-0.0004956424236297607,-0.0015147612430155277,-0.0003141053020954132,-0.21967344676553358
2025-05-20,fold_7,"Inflation bear, AI rally and 2025",0.006642572581768036,1,-0.01399418618530035,-1,-0.01399418618530035,0.04609844149672426,,,,0,-139.9418618530035,-0.0031995438039302826,-0.002617579186335206,0.006642572581768036,-0.9945301163410145
2025-05-21,fold_7,"Inflation bear, AI rally and 2025",0.014423494227230549,1,0.0018694656901061535,1,0.0018694656901061535,0.047967907186830416,,,,1,18.694656901061535,0.005840558558702469,0.013340315781533718,0.014423494227230549,0.13832889935319634
2025-05-22,fold_7,"Inflation bear, AI rally and 2025",0.013665231876075268,1,-0.009303887374699116,-1,-0.009303887374699116,0.0386640198121313,,,,0,-93.03887374699116,0.0031207147985696793,0.009892607107758522,0.013665231876075268,-0.774461020632546
2025-05-23,fold_7,"Inflation bear, AI rally and 2025",0.00042386166751384735,1,0.0232527032494545,1,0.0232527032494545,0.0619167230615858,,,,1,232.52703249454498,0.004950324073433876,0.027063505724072456,0.00042386166751384735,1.9478699600537477
2025-05-27,fold_7,"Inflation bear, AI rally and 2025",-0.01382419839501381,-1,-0.004441674333065748,-1,0.004441674333065748,0.06635839739465155,,,,1,44.41674333065748,-0.015497514978051186,0.011597446165978909,-0.01382419839501381,-0.34112939391963787
2025-05-28,fold_7,"Inflation bear, AI rally and 2025",0.002505756914615631,1,0.0019637085497379303,1,0.0019637085497379303,0.06832210594438948,,,,1,19.637085497379303,-0.023008199408650398,0.018823090940713882,0.002505756914615631,0.15134440968446183
2025-05-29,fold_7,"Inflation bear, AI rally and 2025",-0.0023890044540166855,-1,-0.0015782431000843644,-1,0.0015782431000843644,0.06990034904447384,,,,1,15.782431000843644,0.011033810675144196,0.009304034523665905,-0.0023890044540166855,-0.12156701262634625
2025-05-30,fold_7,"Inflation bear, AI rally and 2025",0.014638883993029594,1,0.007867010310292244,1,0.007867010310292244,0.07776735935476609,,,,1,78.67010310292244,-0.0037999115884304047,0.02061014249920845,0.014638883993029594,0.62145509353276
2025-06-02,fold_7,"Inflation bear, AI rally and 2025",-0.009679611772298813,-1,0.007786644622683525,1,-0.007786644622683525,0.06998071473208256,,,,0,-77.86644622683525,-0.0018783025443553925,0.014214090071618557,-0.009679611772298813,0.630565866011398
2025-06-03,fold_7,"Inflation bear, AI rally and 2025",0.009272260591387749,1,0.0027839706744998693,1,0.0027839706744998693,0.07276468540658243,,,,1,27.839706744998693,-0.0008019879460334778,0.013019595295190811,0.009272260591387749,0.22452047709836354
2025-06-04,fold_7,"Inflation bear, AI rally and 2025",-0.007323097437620163,-1,-0.0075553483329713345,-1,0.0075553483329713345,0.08032003373955376,,,,1,75.55348332971334,0.001286335289478302,0.006860374938696623,-0.007323097437620163,-0.617361654631516
2025-06-05,fold_7,"Inflation bear, AI rally and 2025",0.0010942332446575165,1,0.009727864526212215,1,0.009727864526212215,0.09004789826576598,,,,1,97.27864526212215,-0.0005830097943544388,0.01676086150109768,0.0010942332446575165,0.7894022209341992
2025-06-06,fold_7,"Inflation bear, AI rally and 2025",0.0054442305117845535,1,0.001470958348363638,1,0.001470958348363638,0.09151885661412962,,,,1,14.70958348363638,0.0025410056114196777,-0.00560140423476696,0.0054442305117845535,0.11958058444466334
2025-06-09,fold_7,"Inflation bear, AI rally and 2025",-0.003979332745075226,-1,0.006592150311917067,1,-0.006592150311917067,0.08492670630221255,,,,0,-65.92150311917067,0.0022673271596431732,0.0067417314276099205,-0.003979332745075226,0.5357510440066177
2025-06-10,fold_7,"Inflation bear, AI rally and 2025",-0.016718033701181412,-1,-0.003375249681994319,-1,0.003375249681994319,0.08830195598420687,,,,1,33.75249681994319,-0.010267697274684906,-0.009649480693042278,-0.016718033701181412,-0.3927775601112056
2025-06-11,fold_7,"Inflation bear, AI rally and 2025",-0.010728489607572556,-1,0.002345137996599078,1,-0.002345137996599078,0.08595681798760779,,,,0,-23.451379965990782,-0.027015240862965584,-0.0064444150775671005,-0.010728489607572556,0.2955188983284086
2025-06-12,fold_7,"Inflation bear, AI rally and 2025",-0.01037205383181572,-1,-0.012634401209652424,-1,0.012634401209652424,0.09859121919726022,,,,1,126.34401209652424,-0.024013277143239975,-0.012881052680313587,-0.01037205383181572,-1.6115450914958678
2025-06-13,fold_7,"Inflation bear, AI rally and 2025",-0.014412511140108109,-1,0.013814094476401806,1,-0.013814094476401806,0.08477712472085841,,,,0,-138.14094476401806,-0.04360517859458923,0.009983260184526443,-0.014412511140108109,1.658394163013713
2025-06-16,fold_7,"Inflation bear, AI rally and 2025",-0.00709109753370285,-1,-0.00979906227439642,-1,0.00979906227439642,0.09457618699525483,,,,1,97.9906227439642,-0.04564782604575157,0.011345419101417065,-0.00709109753370285,-1.109638710114522
2025-06-17,fold_7,"Inflation bear, AI rally and 2025",-0.011302534490823746,-1,-0.00017018403741531074,-1,0.00017018403741531074,0.09474637103267014,,,,1,1.7018403741531074,-0.06825298815965652,0.02369767054915428,-0.011302534490823746,-0.018709541966715384
2025-06-18,fold_7,"Inflation bear, AI rally and 2025",-0.01896044984459877,-1,-0.004091499838978052,-1,0.004091499838978052,0.09883787087164819,,,,1,40.91499838978052,-0.05298568308353424,0.03317466005682945,-0.01896044984459877,-0.45132657086905426
2025-06-20,fold_7,"Inflation bear, AI rally and 2025",-0.008115604519844055,-1,0.010229912586510181,1,-0.010229912586510181,0.08860795828513801,,,,0,-102.29912586510181,-0.06449635326862335,0.04068398103117943,-0.008115604519844055,1.1954519155541303
2025-06-23,fold_7,"Inflation bear, AI rally and 2025",-0.005729448050260544,-1,0.015176253393292427,1,-0.015176253393292427,0.07343170489184558,,,,0,-151.76253393292427,-0.023926908150315285,0.03691010922193527,-0.005729448050260544,1.7152282168837871
2025-06-24,fold_7,"Inflation bear, AI rally and 2025",-0.007829930633306503,-1,0.002553190104663372,1,-0.002553190104663372,0.07087851478718221,,,,0,-25.53190104663372,-0.0007154699414968491,0.01326880045235157,-0.007829930633306503,0.2761633476020483
2025-06-25,fold_7,"Inflation bear, AI rally and 2025",-0.007473032921552658,-1,0.009306803345680237,1,-0.009306803345680237,0.061571711441501975,,,,0,-93.06803345680237,0.0013220496475696564,0.0176568441092968,-0.007473032921552658,1.2140570495435146
2025-06-26,fold_7,"Inflation bear, AI rally and 2025",-0.007516555488109589,-1,0.0034178236965090036,1,-0.0034178236965090036,0.05815388774499297,,,,0,-34.178236965090036,-0.008303454145789146,0.018142199143767357,-0.007516555488109589,0.4336796183005765
2025-06-27,fold_7,"Inflation bear, AI rally and 2025",-0.0053684525191783905,-1,0.006456038448959589,1,-0.006456038448959589,0.05169784929603338,,,,0,-64.56038448959589,-0.016016371548175812,0.007162868976593018,-0.0053684525191783905,0.8166233479195625
2025-06-30,fold_7,"Inflation bear, AI rally and 2025",-0.009472321718931198,-1,-0.008465055376291275,-1,0.008465055376291275,0.06016290467232466,,,,1,84.65055376291275,-0.004134781658649445,0.0012683197855949402,-0.009472321718931198,-1.0543437575637744
2025-07-01,fold_7,"Inflation bear, AI rally and 2025",-0.001332635059952736,-1,0.006941234227269888,1,-0.006941234227269888,0.05322167044505477,,,,0,-69.41234227269888,0.015015322715044022,0.016787249594926834,-0.001332635059952736,0.8612915520447721
2025-07-02,fold_7,"Inflation bear, AI rally and 2025",-5.943514406681061e-05,-1,0.009792158380150795,1,-0.009792158380150795,0.043429512064903975,,,,0,-97.92158380150795,0.0025518033653497696,0.00840685609728098,-5.943514406681061e-05,1.2209093004921368
2025-07-03,fold_7,"Inflation bear, AI rally and 2025",0.012957990169525146,1,-0.007561507169157267,-1,-0.007561507169157267,0.03586800489574671,,,,0,-75.61507169157267,0.003133818507194519,-0.003638129448518157,0.012957990169525146,-0.912062731944434
2025-07-07,fold_7,"Inflation bear, AI rally and 2025",-0.00830410048365593,-1,0.0005614891997538507,1,-0.0005614891997538507,0.03530651569599286,,,,0,-5.614891997538507,0.003247784450650215,0.007543554063886404,-0.00830410048365593,0.06772407021490523
2025-07-08,fold_7,"Inflation bear, AI rally and 2025",-0.013161271810531616,-1,0.007053874898701906,1,-0.007053874898701906,0.02825264079729095,,,,0,-70.53874898701906,0.0063090212643146515,0.007898572832345963,-0.013161271810531616,0.8815816587750563
2025-07-09,fold_7,"Inflation bear, AI rally and 2025",-0.007045600563287735,-1,-0.0014391591539606452,-1,0.0014391591539606452,0.029691799951251596,,,,1,14.391591539606452,-0.011470657773315907,0.0018679917557165027,-0.007045600563287735,-0.17661141588879875
2025-07-10,fold_7,"Inflation bear, AI rally and 2025",-0.0023840349167585373,-1,-0.0022528269328176975,-1,0.0022528269328176975,0.031944626884069294,,,,1,22.528269328176975,-0.007610974833369255,0.011367371305823326,-0.0023840349167585373,-0.2808745383451295
2025-07-11,fold_7,"Inflation bear, AI rally and 2025",0.004143336787819862,1,0.003620176576077938,1,0.003620176576077938,0.03556480346014723,,,,1,36.20176576077938,0.004783155396580696,0.012658500112593174,0.004143336787819862,0.4524629565912329
2025-07-14,fold_7,"Inflation bear, AI rally and 2025",-0.005869410932064056,-1,0.0009165076771751046,1,-0.0009165076771751046,0.03464829578297213,,,,0,-9.165076771751046,0.005691107362508774,0.014209684915840626,-0.005869410932064056,0.11420975350014795
2025-07-15,fold_7,"Inflation bear, AI rally and 2025",-0.002942018210887909,-1,0.0010232938220724463,1,-0.0010232938220724463,0.03362500196089968,,,,0,-10.232938220724463,0.005513794720172882,0.008103914558887482,-0.002942018210887909,0.13618806482870882
2025-07-16,fold_7,"Inflation bear, AI rally and 2025",-0.00503133237361908,-1,0.008060220628976822,1,-0.008060220628976822,0.02556478133192286,,,,0,-80.60220628976822,0.010872993618249893,0.011631511151790619,-0.00503133237361908,1.1760979880152769
2025-07-17,fold_7,"Inflation bear, AI rally and 2025",-0.004556335508823395,-1,-0.0009616987663321197,-1,0.0009616987663321197,0.02652648009825498,,,,1,9.616987663321197,-0.010752302594482899,0.005697506945580244,-0.004556335508823395,-0.14270382450815308
2025-07-18,fold_7,"Inflation bear, AI rally and 2025",-0.007751937955617905,-1,0.005171361844986677,1,-0.005171361844986677,0.0213551182532683,,,,0,-51.71361844986677,-0.009396636858582497,0.00906337145715952,-0.007751937955617905,0.7669859185624802
2025-07-21,fold_7,"Inflation bear, AI rally and 2025",-0.005357559770345688,-1,-0.005189262330532074,-1,0.005189262330532074,0.026544380583800375,,,,1,51.89262330532074,-0.006287772208452225,0.007012150716036558,-0.005357559770345688,-0.7654419130645659
2025-07-22,fold_7,"Inflation bear, AI rally and 2025",0.005213053897023201,1,0.004550890065729618,1,0.004550890065729618,0.031095270649529994,,,,1,45.50890065729618,0.007662832736968994,0.0106513611972332,0.005213053897023201,0.7015949302939439
2025-07-23,fold_7,"Inflation bear, AI rally and 2025",0.0035656634718179703,1,0.0021262161899358034,1,0.0021262161899358034,0.0332214868394658,,,,1,21.262161899358034,0.005835723131895065,0.007439480163156986,0.0035656634718179703,0.37827171020139594
2025-07-24,fold_7,"Inflation bear, AI rally and 2025",0.00572836771607399,1,0.002404165454208851,1,0.002404165454208851,0.03562565229367465,,,,1,24.04165454208851,-0.010423664003610611,0.0,0.00572836771607399,0.4283990359534204
2025-07-25,fold_7,"Inflation bear, AI rally and 2025",0.004127085208892822,1,0.0031201415695250034,1,0.0031201415695250034,0.03874579386319965,,,,1,31.201415695250034,-0.005958184599876404,-0.022299613803625107,0.004127085208892822,0.595502653685041
2025-07-28,fold_7,"Inflation bear, AI rally and 2025",-0.009295817464590073,-1,-0.0015500520821660757,-1,0.0015500520821660757,0.04029584594536573,,,,1,15.500520821660757,-0.00197015143930912,-0.007136274129152298,-0.009295817464590073,-0.2963649319322456
2025-07-29,fold_7,"Inflation bear, AI rally and 2025",-0.008381783962249756,-1,0.001339009148068726,1,-0.001339009148068726,0.038956836797297,,,,0,-13.39009148068726,-0.0005899537354707718,-0.012398889288306236,-0.008381783962249756,0.26573052952608295
2025-07-30,fold_7,"Inflation bear, AI rally and 2025",-0.0065433792769908905,-1,-0.005313263740390539,-1,0.005313263740390539,0.04427010053768754,,,,1,53.13263740390539,-0.0011401902884244919,-0.0012331786565482616,-0.0065433792769908905,-1.1354257306530724
2025-07-31,fold_7,"Inflation bear, AI rally and 2025",-0.01299191638827324,-1,-0.01989544928073883,-1,0.01989544928073883,0.06416554981842637,,,,1,198.9544928073883,-0.0015670284628868103,0.00745871476829052,-0.01299191638827324,-4.351860117887104
2025-08-01,fold_7,"Inflation bear, AI rally and 2025",0.0010695941746234894,1,0.018283480778336525,1,0.018283480778336525,0.0824490305967629,,,,1,182.83480778336525,-0.002217210829257965,0.03663913160562515,0.0010695941746234894,3.051587052731937
2025-08-04,fold_7,"Inflation bear, AI rally and 2025",-0.005338672548532486,-1,-0.006812667474150658,-1,0.006812667474150658,0.08926169807091355,,,,1,68.12667474150658,-0.014521099627017975,0.015392293222248554,-0.005338672548532486,-0.9658439511808814
2025-08-05,fold_7,"Inflation bear, AI rally and 2025",0.004899008199572563,1,0.012504720129072666,1,0.012504720129072666,0.10176641819998622,,,,1,125.04720129072666,-0.003924453631043434,0.03469543159008026,0.004899008199572563,1.7331264565623796
2025-08-06,fold_7,"Inflation bear, AI rally and 2025",0.004308883100748062,1,0.0033786294516175985,1,0.0033786294516175985,0.10514504765160382,,,,1,33.786294516175985,0.008597299456596375,0.0226906705647707,0.004308883100748062,0.44599293756289404
2025-08-07,fold_7,"Inflation bear, AI rally and 2025",-0.010767210274934769,-1,0.009284966625273228,1,-0.009284966625273228,0.09586008102633059,,,,0,-92.84966625273228,0.0031267497688531876,0.01853628270328045,-0.010767210274934769,1.2206949690026645
2025-08-08,fold_7,"Inflation bear, AI rally and 2025",-0.003008779138326645,-1,-0.002963355975225568,-1,0.002963355975225568,0.09882343700155616,,,,1,29.633559752255678,-0.000585503876209259,0.004844300914555788,-0.003008779138326645,-0.3766124078785977
2025-08-11,fold_7,"Inflation bear, AI rally and 2025",-0.014491420239210129,-1,0.012490469962358475,1,-0.012490469962358475,0.08633296703919768,,,,0,-124.90469962358475,-0.007774721831083298,0.007409026846289635,-0.014491420239210129,1.5901907501999453
2025-08-12,fold_7,"Inflation bear, AI rally and 2025",-0.009288646280765533,-1,0.0004999605007469654,1,-0.0004999605007469654,0.08583300653845072,,,,0,-4.999605007469654,-0.016461040824651718,-0.018741806969046593,-0.009288646280765533,0.059990749109096714
2025-08-13,fold_7,"Inflation bear, AI rally and 2025",-0.006790313869714737,-1,-0.000775758468080312,-1,0.000775758468080312,0.08660876500653103,,,,1,7.75758468080312,-0.004945399239659309,-0.02519688941538334,-0.006790313869714737,-0.09311073597075677
2025-08-14,fold_7,"Inflation bear, AI rally and 2025",-0.009904388338327408,-1,-0.004407014697790146,-1,0.004407014697790146,0.09101577970432118,,,,1,44.07014697790146,-0.003047129139304161,-0.029061537235975266,-0.009904388338327408,-0.5416591906536531
2025-08-15,fold_7,"Inflation bear, AI rally and 2025",0.0030849575996398926,1,-0.0003986301308032125,-1,-0.0003986301308032125,0.09061714957351796,,,,0,-3.9863013080321252,0.012575790286064148,-0.00934495497494936,0.0030849575996398926,-0.04865628722997111
2025-08-18,fold_7,"Inflation bear, AI rally and 2025",-0.0034702736884355545,-1,-0.013660364784300327,-1,0.013660364784300327,0.10427751435781829,,,,1,136.60364784300327,0.012408580631017685,-0.011835196986794472,-0.0034702736884355545,-1.68412534415897
2025-08-19,fold_7,"Inflation bear, AI rally and 2025",0.018644938245415688,1,-0.005955122411251068,-1,-0.005955122411251068,0.09832239194656722,,,,0,-59.55122411251068,0.009124141186475754,0.005832357332110405,0.018644938245415688,-0.6933178700891818
2025-08-20,fold_7,"Inflation bear, AI rally and 2025",0.013579290360212326,1,-0.004640405066311359,-1,-0.004640405066311359,0.09368198688025586,,,,0,-46.404050663113594,0.001675749197602272,0.013323167338967323,0.013579290360212326,-0.5375727616004295
2025-08-21,fold_7,"Inflation bear, AI rally and 2025",0.016568630933761597,1,0.01530956756323576,1,0.01530956756323576,0.10899155444349162,,,,1,153.0956756323576,-0.004046278074383736,0.024203982204198837,0.016568630933761597,1.7635160886517867
2025-08-22,fold_7,"Inflation bear, AI rally and 2025",0.020698081701993942,1,-0.0028888722881674767,-1,-0.0028888722881674767,0.10610268215532415,,,,0,-28.888722881674767,0.01734282448887825,-0.0027484886813908815,0.020698081701993942,-0.31008575290815854
2025-08-25,fold_7,"Inflation bear, AI rally and 2025",0.017002344131469727,1,0.004007190000265837,1,0.004007190000265837,0.11010987215558998,,,,1,40.07190000265837,0.01390618085861206,-0.008275248110294342,0.017002344131469727,0.43029600122841694
2025-08-26,fold_7,"Inflation bear, AI rally and 2025",0.004594838246703148,1,0.001535687712021172,1,0.001535687712021172,0.11164555986761115,,,,1,15.35687712021172,0.016885563731193542,-0.0044456529431045055,0.004594838246703148,0.16425835506509845
2025-08-27,fold_7,"Inflation bear, AI rally and 2025",0.008476236835122108,1,0.006240409333258867,1,0.006240409333258867,0.11788596920087002,,,,1,62.40409333258867,0.011417850852012634,0.003029386978596449,0.008476236835122108,0.667371148535967
2025-08-28,fold_7,"Inflation bear, AI rally and 2025",0.004755301401019096,1,-0.011642903089523315,-1,-0.011642903089523315,0.1062430661113467,,,,0,-116.42903089523315,-0.0003654398024082184,-0.0017690984532237053,0.004755301401019096,-1.241336584782596
2025-08-29,fold_7,"Inflation bear, AI rally and 2025",0.013755209743976593,1,-0.00841563194990158,-1,-0.00841563194990158,0.09782743416144513,,,,0,-84.15631949901581,0.00345752015709877,0.01473993994295597,0.013755209743976593,-0.9720242852407744
2025-09-02,fold_7,"Inflation bear, AI rally and 2025",0.011975910514593124,1,0.007836785167455673,1,0.007836785167455673,0.1056642193289008,,,,1,78.36785167455673,0.010555833578109741,0.025984633713960648,0.011975910514593124,0.9970023351283237
2025-09-03,fold_7,"Inflation bear, AI rally and 2025",0.015853866934776306,1,0.009010727517306805,1,0.009010727517306805,0.1146749468462076,,,,1,90.10727517306805,0.004701424390077591,0.018475046381354332,0.015853866934776306,1.1394559757618208
2025-09-04,fold_7,"Inflation bear, AI rally and 2025",0.013713948428630829,1,0.0014419236686080694,1,0.0014419236686080694,0.11611687051481567,,,,1,14.419236686080694,-0.005508489906787872,0.015268106013536453,0.013713948428630829,0.18807909607239273
2025-09-05,fold_7,"Inflation bear, AI rally and 2025",-0.001521628350019455,-1,0.004866134840995073,1,-0.004866134840995073,0.1112507356738206,,,,0,-48.66134840995073,0.0029064640402793884,0.01823362335562706,-0.001521628350019455,0.6372558726449794
2025-09-08,fold_7,"Inflation bear, AI rally and 2025",0.001199226826429367,1,0.002829062519595027,1,0.002829062519595027,0.11407979819341563,,,,1,28.29062519595027,-0.0018866024911403656,0.02188795804977417,0.001199226826429367,0.38083729456508125
2025-09-09,fold_7,"Inflation bear, AI rally and 2025",-0.003041747957468033,-1,0.0003271980385761708,1,-0.0003271980385761708,0.11375260015483946,,,,0,-3.271980385761708,0.0026605352759361267,0.018213454633951187,-0.003041747957468033,0.04406164831320266
2025-09-10,fold_7,"Inflation bear, AI rally and 2025",-0.00633949413895607,-1,0.005803787149488926,1,-0.005803787149488926,0.10794881300535053,,,,0,-58.03787149488926,0.00010761432349681854,0.01588842086493969,-0.00633949413895607,0.8434438852361171
2025-09-11,fold_7,"Inflation bear, AI rally and 2025",-0.006283484399318695,-1,0.004407439846545458,1,-0.004407439846545458,0.10354137315880507,,,,0,-44.07439846545458,0.0007969699800014496,0.019061127677559853,-0.006283484399318695,0.6295015227957373
2025-09-12,fold_7,"Inflation bear, AI rally and 2025",-0.0008628852665424347,-1,0.00852047000080347,1,-0.00852047000080347,0.0950209031580016,,,,0,-85.2047000080347,-0.008975323289632797,0.021400216966867447,-0.0008628852665424347,1.2054363075401078
2025-09-15,fold_7,"Inflation bear, AI rally and 2025",-0.003851376473903656,-1,-0.0008454403723590076,-1,0.0008454403723590076,0.09586634353036061,,,,1,8.454403723590076,-0.010274786502122879,0.01878230646252632,-0.003851376473903656,-0.11654796916406615
2025-09-16,fold_7,"Inflation bear, AI rally and 2025",0.001658724620938301,1,-0.0019978368654847145,-1,-0.0019978368654847145,0.0938685066648759,,,,0,-19.978368654847145,0.0008567478507757187,0.012963303364813328,0.001658724620938301,-0.2753385942654289
2025-09-17,fold_7,"Inflation bear, AI rally and 2025",0.008357884362339973,1,0.008976494893431664,1,0.008976494893431664,0.10284500155830756,,,,1,89.76494893431664,0.0077428556978702545,0.01144441682845354,0.008357884362339973,1.3607346414331145
2025-09-18,fold_7,"Inflation bear, AI rally and 2025",-0.007214214652776718,-1,0.006746530067175627,1,-0.006746530067175627,0.09609847149113193,,,,0,-67.46530067175627,-0.0018552318215370178,-0.001852678949944675,-0.007214214652776718,0.9971799293033602
2025-09-19,fold_7,"Inflation bear, AI rally and 2025",-0.007676605135202408,-1,0.005902559962123632,1,-0.005902559962123632,0.0901959115290083,,,,0,-59.025599621236324,0.0034752190113067627,-0.004496766719967127,-0.007676605135202408,0.8612280707817476
2025-09-22,fold_7,"Inflation bear, AI rally and 2025",-0.00548134371638298,-1,-0.00666444469243288,-1,0.00666444469243288,0.09686035622144118,,,,1,66.6444469243288,0.015073798596858978,-0.005778889171779156,-0.00548134371638298,-1.095695263592265
2025-09-23,fold_7,"Inflation bear, AI rally and 2025",-0.010075606405735016,-1,-0.003516722936183214,-1,0.003516722936183214,0.1003770791576244,,,,1,35.16722936183214,0.006759226322174072,0.0036210042890161276,-0.010075606405735016,-0.5645837122021672
2025-09-24,fold_7,"Inflation bear, AI rally and 2025",-0.007286272943019867,-1,-0.004320601467043161,-1,0.004320601467043161,0.10469768062466756,,,,1,43.206014670431614,-0.008167387917637825,0.011923212558031082,-0.007286272943019867,-0.6952956867216374
2025-09-25,fold_7,"Inflation bear, AI rally and 2025",-0.008119199424982071,-1,0.004102441947907209,1,-0.004102441947907209,0.10059523867676035,,,,0,-41.024419479072094,-0.019733041524887085,0.02034645900130272,-0.008119199424982071,0.6533257981723073
2025-09-26,fold_7,"Inflation bear, AI rally and 2025",0.005803767591714859,1,0.0046204375103116035,1,0.0046204375103116035,0.10521567618707195,,,,1,46.204375103116035,-0.005835564807057381,0.012025424279272556,0.005803767591714859,0.746356600807675
2025-09-29,fold_7,"Inflation bear, AI rally and 2025",-0.004258325323462486,-1,0.002735448768362403,1,-0.002735448768362403,0.10248022741870955,,,,0,-27.35448768362403,-0.008530201390385628,0.014887053519487381,-0.004258325323462486,0.4789916015347059
2025-09-30,fold_7,"Inflation bear, AI rally and 2025",-0.006681822240352631,-1,0.004785485565662384,1,-0.004785485565662384,0.09769474185304716,,,,0,-47.85485565662384,0.0015823878347873688,0.006872063037008047,-0.006681822240352631,0.881875034282518
2025-10-01,fold_7,"Inflation bear, AI rally and 2025",-0.005933545529842377,-1,0.004102644510567188,1,-0.004102644510567188,0.09359209734247997,,,,0,-41.02644510567188,0.0009625758975744247,0.01348517369478941,-0.005933545529842377,0.7820441076156708
2025-10-02,fold_7,"Inflation bear, AI rally and 2025",-0.0024842452257871628,-1,-0.004218591842800379,-1,0.004218591842800379,0.09781068918528035,,,,1,42.18591842800379,-0.0013273246586322784,0.008171569555997849,-0.0024842452257871628,-0.8557317218921436
2025-10-03,fold_7,"Inflation bear, AI rally and 2025",-0.0021950416266918182,-1,0.007482066750526428,1,-0.007482066750526428,0.09032862243475392,,,,0,-74.82066750526428,0.001856330782175064,-0.02294095605611801,-0.0021950416266918182,1.4937609204365878
2025-10-06,fold_7,"Inflation bear, AI rally and 2025",-0.007050901651382446,-1,-0.005279541946947575,-1,0.005279541946947575,0.0956081643817015,,,,1,52.795419469475746,0.005707772448658943,-0.00942372065037489,-0.007050901651382446,-1.0216646254540132
2025-10-07,fold_7,"Inflation bear, AI rally and 2025",-0.00607052817940712,-1,0.01139859575778246,1,-0.01139859575778246,0.08420956862391904,,,,0,-113.98595757782459,0.00558563694357872,-0.010827412828803062,-0.00607052817940712,2.165864902452659
2025-10-08,fold_7,"Inflation bear, AI rally and 2025",-0.009076680988073349,-1,-0.0012109596282243729,-1,0.0012109596282243729,0.08542052825214341,,,,1,12.109596282243729,0.00957605242729187,-0.015193992294371128,-0.009076680988073349,-0.20710450937279112
2025-10-09,fold_7,"Inflation bear, AI rally and 2025",-0.0013454891741275787,-1,-0.0353311188519001,-1,0.0353311188519001,0.12075164710404351,,,,1,353.311188519001,0.004563814029097557,-0.01769283600151539,-0.0013454891741275787,-6.190099209469844
2025-10-10,fold_7,"Inflation bear, AI rally and 2025",0.005136521533131599,1,0.020999303087592125,1,0.020999303087592125,0.14175095019163564,,,,1,209.99303087592125,0.016617625951766968,0.024183519184589386,0.005136521533131599,2.1656736954973526
2025-10-13,fold_7,"Inflation bear, AI rally and 2025",0.005729543045163155,1,-0.006683234125375748,-1,-0.006683234125375748,0.1350677160662599,,,,0,-66.83234125375748,0.0031634438782930374,0.01570628583431244,0.005729543045163155,-0.6302711987652501
2025-10-14,fold_7,"Inflation bear, AI rally and 2025",0.010273890569806099,1,0.007032016292214394,1,0.007032016292214394,0.14209973235847428,,,,1,70.32016292214394,-0.0058202072978019714,0.022127928212285042,0.010273890569806099,0.656776523455626
2025-10-15,fold_7,"Inflation bear, AI rally and 2025",0.0024822279810905457,1,-0.0037098024040460587,-1,-0.0037098024040460587,0.13838992995442823,,,,0,-37.09802404046059,0.0053148213773965836,0.005415184423327446,0.0024822279810905457,-0.3431036216291272
2025-10-16,fold_7,"Inflation bear, AI rally and 2025",0.014867585152387619,1,0.006545236799865961,1,0.006545236799865961,0.1449351667542942,,,,1,65.45236799865961,0.0011138450354337692,0.017496326938271523,0.014867585152387619,0.6141795166647341
2025-10-17,fold_7,"Inflation bear, AI rally and 2025",0.017825013026595116,1,0.012522069737315178,1,0.012522069737315178,0.15745723649160936,,,,1,125.22069737315178,0.01878577098250389,0.021572764962911606,0.017825013026595116,1.1757149166181942
2025-10-20,fold_7,"Inflation bear, AI rally and 2025",0.014478248544037342,1,-0.00026159174740314484,-1,-0.00026159174740314484,0.15719564474420622,,,,0,-2.6159174740314484,0.005125556141138077,0.02670317515730858,0.014478248544037342,-0.023926513409431638
2025-10-21,fold_7,"Inflation bear, AI rally and 2025",-0.004453759640455246,-1,-0.009680728428065777,-1,0.009680728428065777,0.166876373172272,,,,1,96.80728428065777,-0.010579198598861694,0.03462529554963112,-0.004453759640455246,-0.8937772036216127
2025-10-22,fold_7,"Inflation bear, AI rally and 2025",0.0014012418687343597,1,0.008371341042220592,1,0.008371341042220592,0.1752477142144926,,,,1,83.71341042220592,-0.002152038738131523,0.04879889264702797,0.0014012418687343597,0.7598277720253334
2025-10-23,fold_7,"Inflation bear, AI rally and 2025",-6.0986727476119995e-05,-1,0.010621673427522182,1,-0.010621673427522182,0.1646260407869704,,,,0,-106.21673427522182,-0.01718785986304283,0.025020860135555267,-6.0986727476119995e-05,0.9540309455168327
2025-10-24,fold_7,"Inflation bear, AI rally and 2025",0.0003723613917827606,1,0.01765247993171215,1,0.01765247993171215,0.18227852071868256,,,,1,176.5247993171215,-0.013893822208046913,0.019211603328585625,0.0003723613917827606,1.5557006495301577
2025-10-27,fold_7,"Inflation bear, AI rally and 2025",-0.009137708693742752,-1,0.007660527713596821,1,-0.007660527713596821,0.17461799300508574,,,,0,-76.60527713596821,-0.030971553176641464,0.006332420278340578,-0.009137708693742752,0.6400089901114824
2025-10-28,fold_7,"Inflation bear, AI rally and 2025",-0.010391619056463242,-1,0.004492870531976223,1,-0.004492870531976223,0.1701251224731095,,,,0,-44.92870531976223,-0.015422644093632698,-0.021835021674633026,-0.010391619056463242,0.37205342136019226
2025-10-29,fold_7,"Inflation bear, AI rally and 2025",-0.004163604229688644,-1,-0.015406693331897259,-1,0.015406693331897259,0.18553181580500677,,,,1,154.0669333189726,-0.007635300979018211,-0.019840959459543228,-0.004163604229688644,-1.2764184630714328
2025-10-30,fold_7,"Inflation bear, AI rally and 2025",-0.001067575067281723,-1,0.00481241662055254,1,-0.00481241662055254,0.18071939918445423,,,,0,-48.1241662055254,-0.009470396675169468,-0.02323727495968342,-0.001067575067281723,0.3844184108543597
2025-10-31,fold_7,"Inflation bear, AI rally and 2025",-0.009385716170072556,-1,0.004773298278450966,1,-0.004773298278450966,0.17594610090600327,,,,0,-47.73298278450966,-0.024211803451180458,-0.03121001087129116,-0.009385716170072556,0.3809678203254386
2025-11-03,fold_7,"Inflation bear, AI rally and 2025",-0.011256814002990723,-1,-0.02050691470503807,-1,0.02050691470503807,0.19645301561104134,,,,1,205.0691470503807,-0.014310110360383987,-0.014100291766226292,-0.011256814002990723,-1.645425497330582
2025-11-04,fold_7,"Inflation bear, AI rally and 2025",-0.0023414790630340576,-1,0.006486933678388596,1,-0.006486933678388596,0.18996608193265274,,,,0,-64.86933678388596,-0.012452991679310799,0.003739549545571208,-0.0023414790630340576,0.4904235227950415
2025-11-05,fold_7,"Inflation bear, AI rally and 2025",0.0008504632860422134,1,-0.018803009763360023,-1,-0.018803009763360023,0.17116307216929272,,,,0,-188.03009763360023,-0.023920997977256775,-0.0035360476467758417,0.0008504632860422134,-1.4397275540722754
2025-11-06,fold_7,"Inflation bear, AI rally and 2025",0.003601178526878357,1,-0.0031603185925632715,-1,-0.0031603185925632715,0.16800275357672945,,,,0,-31.603185925632715,-0.004953490570187569,-0.005360324867069721,0.003601178526878357,-0.23038518248782683
2025-11-07,fold_7,"Inflation bear, AI rally and 2025",0.014735707081854343,1,0.02188301645219326,1,0.02188301645219326,0.1898857700289227,,,,1,218.8301645219326,0.001424560323357582,-0.0014442570973187685,0.014735707081854343,1.9475170148969252
2025-11-10,fold_7,"Inflation bear, AI rally and 2025",0.0019617360085248947,1,-0.002667073393240571,-1,-0.002667073393240571,0.18721869663568214,,,,0,-26.67073393240571,0.005933992564678192,-0.03190450370311737,0.0019617360085248947,-0.23559951962183132
2025-11-11,fold_7,"Inflation bear, AI rally and 2025",0.03443986549973488,1,-0.0007886635139584541,-1,-0.0007886635139584541,0.18643003312172368,,,,0,-7.886635139584541,0.0063850488513708115,-0.04148799180984497,0.03443986549973488,-0.07018370771346462
2025-11-12,fold_7,"Inflation bear, AI rally and 2025",0.019327383488416672,1,-0.020627286285161972,-1,-0.020627286285161972,0.1658027468365617,,,,0,-206.27286285161972,0.02680559828877449,-0.034746989607810974,0.019327383488416672,-1.853642922140871
2025-11-13,fold_7,"Inflation bear, AI rally and 2025",0.03235772252082825,1,0.0007557492353953421,1,0.0007557492353953421,0.16655849607195705,,,,1,7.557492353953421,0.03466871753334999,-0.03807619959115982,0.03235772252082825,0.06288792179286838
2025-11-14,fold_7,"Inflation bear, AI rally and 2025",0.02602458745241165,1,-0.008577228523790836,-1,-0.008577228523790836,0.15798126754816622,,,,0,-85.77228523790836,0.012446273118257523,-0.03134717792272568,0.02602458745241165,-0.7190147203950206
2025-11-17,fold_7,"Inflation bear, AI rally and 2025",0.00044131651520729065,1,-0.012250563129782677,-1,-0.012250563129782677,0.14573070441838354,,,,0,-122.50563129782677,0.0006304029375314713,0.0024817129597067833,0.00044131651520729065,-1.042298205062926
2025-11-18,fold_7,"Inflation bear, AI rally and 2025",0.012110166251659393,1,0.0059523372910916805,1,0.0059523372910916805,0.15168304170947522,,,,1,59.523372910916805,0.020760763436555862,0.020877135917544365,0.012110166251659393,0.49322207919352573
2025-11-19,fold_7,"Inflation bear, AI rally and 2025",0.006105726584792137,1,-0.02395649440586567,-1,-0.02395649440586567,0.12772654730360955,,,,0,-239.5649440586567,0.009632900357246399,0.02372167818248272,0.006105726584792137,-2.0052447494274688
2025-11-20,fold_7,"Inflation bear, AI rally and 2025",0.00418214313685894,1,0.007484769448637962,1,0.007484769448637962,0.1352113167522475,,,,1,74.84769448637962,0.017324913293123245,0.055752597749233246,0.00418214313685894,0.5775990910985691
2025-11-21,fold_7,"Inflation bear, AI rally and 2025",-0.0023019984364509583,-1,0.025251662358641624,1,-0.025251662358641624,0.10995965439360589,,,,0,-252.51662358641624,0.002428710460662842,0.04490327462553978,-0.0023019984364509583,1.9653590753917458
2025-11-24,fold_7,"Inflation bear, AI rally and 2025",-0.0091024748980999,-1,0.006144860293716192,1,-0.006144860293716192,0.1038147940998897,,,,0,-61.44860293716192,-0.0043035466223955154,0.027447156608104706,-0.0091024748980999,0.45626205881541687
2025-11-25,fold_7,"Inflation bear, AI rally and 2025",0.0016247667372226715,1,0.008796879090368748,1,0.008796879090368748,0.11261167319025844,,,,1,87.96879090368748,-0.01019769161939621,0.02374311164021492,0.0016247667372226715,0.6550691216377408
2025-11-26,fold_7,"Inflation bear, AI rally and 2025",-0.009383976459503174,-1,0.008074427023530006,1,-0.008074427023530006,0.10453724616672844,,,,0,-80.74427023530006,-0.01208643987774849,0.014015650376677513,-0.009383976459503174,0.5965591048813538
2025-11-28,fold_7,"Inflation bear, AI rally and 2025",-0.0005198195576667786,-1,-0.0033645550720393658,-1,0.0033645550720393658,0.1079018012387678,,,,1,33.64555072039366,-0.01210485864430666,0.010010326281189919,-0.0005198195576667786,-0.25463658553309576
2025-12-01,fold_7,"Inflation bear, AI rally and 2025",-0.010355114936828613,-1,0.007795544341206551,1,-0.007795544341206551,0.10010625689756125,,,,0,-77.9554434120655,-0.018191738054156303,0.011454490013420582,-0.010355114936828613,0.5909859154765658
2025-12-02,fold_7,"Inflation bear, AI rally and 2025",-0.00828169658780098,-1,0.0024408164899796247,1,-0.0024408164899796247,0.09766544040758163,,,,0,-24.408164899796247,-0.011779227294027805,0.004891549237072468,-0.00828169658780098,0.18403833411928913
2025-12-03,fold_7,"Inflation bear, AI rally and 2025",-0.01231452077627182,-1,-0.0009305825224146247,-1,0.0009305825224146247,0.09859602292999625,,,,1,9.305825224146247,-0.015842242166399956,0.00653810752555728,-0.01231452077627182,-0.07470613097210492
2025-12-04,fold_7,"Inflation bear, AI rally and 2025",-0.009025361388921738,-1,0.004069102928042412,1,-0.004069102928042412,0.09452692000195384,,,,0,-40.69102928042412,-0.01689194329082966,0.004229042213410139,-0.009025361388921738,0.3288540497593342
2025-12-05,fold_7,"Inflation bear, AI rally and 2025",-0.00533682107925415,-1,-0.0019203914562240243,-1,0.0019203914562240243,0.09644731145817786,,,,1,19.203914562240243,-0.014551825821399689,-0.01914352923631668,-0.00533682107925415,-0.16451758365576602
2025-12-08,fold_7,"Inflation bear, AI rally and 2025",-0.007723979651927948,-1,0.0012326041469350457,1,-0.0012326041469350457,0.09521470731124282,,,,0,-12.326041469350457,-0.01646721176803112,-0.02225513942539692,-0.007723979651927948,0.10571795040473164
2025-12-09,fold_7,"Inflation bear, AI rally and 2025",-0.005686216056346893,-1,0.00408737501129508,1,-0.00408737501129508,0.09112733229994774,,,,0,-40.8737501129508,-0.018708491697907448,-0.02150787226855755,-0.005686216056346893,0.3860940742634263
2025-12-10,fold_7,"Inflation bear, AI rally and 2025",-0.00833076611161232,-1,-0.0032396477181464434,-1,0.0032396477181464434,0.09436698001809418,,,,1,32.396477181464434,0.003133220598101616,-0.04430621117353439,-0.00833076611161232,-0.305364873438464
2025-12-11,fold_7,"Inflation bear, AI rally and 2025",-0.00916643813252449,-1,-0.019303468987345695,-1,0.019303468987345695,0.11367044900543988,,,,1,193.03468987345695,0.010678362101316452,-0.02668045461177826,-0.00916643813252449,-1.8155420144186112
2025-12-12,fold_7,"Inflation bear, AI rally and 2025",0.005309758707880974,1,-0.005032000597566366,-1,-0.005032000597566366,0.10863844840787351,,,,0,-50.32000597566366,0.026693254709243774,0.005574300419539213,0.005309758707880974,-0.47890443142588723
2025-12-15,fold_7,"Inflation bear, AI rally and 2025",0.014175593852996826,1,0.0019798711873590946,1,0.0019798711873590946,0.1106183195952326,,,,1,19.798711873590946,0.025952130556106567,0.01538827270269394,0.014175593852996826,0.18738061852739712
2025-12-16,fold_7,"Inflation bear, AI rally and 2025",0.016826091334223747,1,-0.018710967153310776,-1,-0.018710967153310776,0.09190735244192183,,,,0,-187.10967153310776,0.020641528069972992,0.018080780282616615,0.016826091334223747,-1.7991417330474324
2025-12-17,fold_7,"Inflation bear, AI rally and 2025",0.01195140928030014,1,0.014386109076440334,1,0.014386109076440334,0.10629346151836216,,,,1,143.86109076440334,0.015824094414711,0.039713069796562195,0.01195140928030014,1.3234520309883862
2025-12-18,fold_7,"Inflation bear, AI rally and 2025",-0.006728921085596085,-1,0.012951286509633064,1,-0.012951286509633064,0.0933421750087291,,,,0,-129.51286509633064,-0.0206758975982666,0.025262802839279175,-0.006728921085596085,1.1504351940592996
2025-12-19,fold_7,"Inflation bear, AI rally and 2025",0.00019659288227558136,1,0.00478197168558836,1,0.00478197168558836,0.09812414669431746,,,,1,47.8197168558836,0.009104456752538681,0.007459201384335756,0.00019659288227558136,0.4635322635963407
