date,fold,regime,prediction,pred_direction,actual_return,actual_direction,strategy_return,cumulative_return,confidence,aleatoric,epistemic,correct,pnl_bps,B_pred,B_actual,D_pred,D_actual
2008-11-18,fold_1,GFC peak crash (Lehman + Mar-2009 bottom),0.08352118730545044,1,-0.05363579839468002,-1,-0.05363579839468002,-0.05363579839468002,,,,0,-536.3579839468002,0.14534083008766174,-0.0060164593160152435,0.08352118730545044,-1.3795502580863528
2008-11-19,fold_1,GFC peak crash (Lehman + Mar-2009 bottom),0.09139111638069153,1,-0.049609940499067307,-1,-0.049609940499067307,-0.10324573889374733,,,,0,-496.09940499067307,0.11778157949447632,0.08865413069725037,0.09139111638069153,-1.234032731259152
2008-11-20,fold_1,GFC peak crash (Lehman + Mar-2009 bottom),0.0933544784784317,1,0.042510632425546646,1,0.042510632425546646,-0.060735106468200684,,,,1,425.10632425546646,0.12133602797985077,0.13039687275886536,0.0933544784784317,1.0195702067929981
2008-11-21,fold_1,GFC peak crash (Lehman + Mar-2009 bottom),0.08282758295536041,1,0.059322528541088104,1,0.059322528541088104,-0.0014125779271125793,,,,1,593.225285410881,0.14337953925132751,0.009702088311314583,0.08282758295536041,1.4078845529535253
2008-11-24,fold_1,GFC peak crash (Lehman + Mar-2009 bottom),0.06836181879043579,1,-0.0046038818545639515,-1,-0.0046038818545639515,-0.006016459781676531,,,,0,-46.038818545639515,0.129169762134552,-0.016746971756219864,0.06836181879043579,-0.10529690246968396
2008-11-25,fold_1,GFC peak crash (Lehman + Mar-2009 bottom),0.08465081453323364,1,0.04103479161858559,1,0.04103479161858559,0.035018331836909056,,,,1,410.34791618585587,0.13252615928649902,0.015847941860556602,0.08465081453323364,1.111254334073887
2008-11-26,fold_1,GFC peak crash (Lehman + Mar-2009 bottom),0.033796362578868866,1,-0.007867200300097466,-1,-0.007867200300097466,0.02715113153681159,,,,0,-78.67200300097466,0.018319226801395416,-0.053896866738796234,0.033796362578868866,-0.2067849103956423
2008-11-28,fold_1,GFC peak crash (Lehman + Mar-2009 bottom),0.01891382783651352,1,-0.07818415015935898,-1,-0.07818415015935898,-0.05103301862254739,,,,0,-781.8415015935898,-0.004617625847458839,-0.0062005408108234406,0.01891382783651352,-2.0920149030097552
2008-12-01,fold_1,GFC peak crash (Lehman + Mar-2009 bottom),0.0430595725774765,1,0.03287346661090851,1,0.03287346661090851,-0.01815955201163888,,,,1,328.7346661090851,0.03230157494544983,0.11061938107013702,0.0430595725774765,0.7967744531761531
2008-12-02,fold_1,GFC peak crash (Lehman + Mar-2009 bottom),0.05623820796608925,1,0.027991032227873802,1,0.027991032227873802,0.009831480216234922,,,,1,279.910322278738,0.08875026553869247,0.07541601359844208,0.05623820796608925,0.6679611691128471
2008-12-03,fold_1,GFC peak crash (Lehman + Mar-2009 bottom),0.03875282406806946,1,-0.0287100151181221,-1,-0.0287100151181221,-0.01887853490188718,,,,0,-287.100151181221,0.07904627919197083,0.04408736154437065,0.03875282406806946,-0.6850921338906252
2008-12-04,fold_1,GFC peak crash (Lehman + Mar-2009 bottom),0.08445209264755249,1,0.03982912749052048,1,0.03982912749052048,0.0209505925886333,,,,1,398.2912749052048,0.08994483202695847,0.04499876871705055,0.08445209264755249,0.9793462647053741
2008-12-05,fold_1,GFC peak crash (Lehman + Mar-2009 bottom),0.06278516352176666,1,0.03863576799631119,1,0.03863576799631119,0.05958636058494449,,,,1,386.3576799631119,0.08013693243265152,0.025248471647500992,0.06278516352176666,0.9573386069605946
2008-12-08,fold_1,GFC peak crash (Lehman + Mar-2009 bottom),0.03251658007502556,1,-0.0023298992309719324,-1,-0.0023298992309719324,0.057256461353972554,,,,0,-23.298992309719324,0.03069327212870121,-0.031062552705407143,0.03251658007502556,-0.05680074135595529
2008-12-09,fold_1,GFC peak crash (Lehman + Mar-2009 bottom),0.0031671151518821716,1,-0.0033376188948750496,-1,-0.0033376188948750496,0.053918842459097505,,,,0,-33.376188948750496,-0.01787862740457058,0.018161559477448463,0.0031671151518821716,-0.08158449891293568
2008-12-10,fold_1,GFC peak crash (Lehman + Mar-2009 bottom),0.014286082237958908,1,-0.0277986079454422,-1,-0.0277986079454422,0.026120234513655305,,,,0,-277.986079454422,0.00993723887950182,0.009317740797996521,0.014286082237958908,-0.6843648104632636
2008-12-11,fold_1,GFC peak crash (Lehman + Mar-2009 bottom),0.013031093403697014,1,0.020078828558325768,1,0.020078828558325768,0.04619906307198107,,,,1,200.78828558325768,0.01981106586754322,0.019404899328947067,0.013031093403697014,0.505647258021963
2008-12-12,fold_1,GFC peak crash (Lehman + Mar-2009 bottom),0.02334645763039589,1,-0.017675256356596947,-1,-0.017675256356596947,0.028523806715384126,,,,0,-176.75256356596947,0.01949254237115383,0.007497432641685009,0.02334645763039589,-0.4687346241071723
2008-12-15,fold_1,GFC peak crash (Lehman + Mar-2009 bottom),0.03357090428471565,1,0.04689421504735947,1,0.04689421504735947,0.07541802176274359,,,,1,468.94215047359467,0.055984966456890106,0.003164258087053895,0.03357090428471565,1.2939084794448272
2008-12-16,fold_1,GFC peak crash (Lehman + Mar-2009 bottom),0.018657665699720383,1,-0.012181437574326992,-1,-0.012181437574326992,0.0632365841884166,,,,0,-121.81437574326992,0.0144904013723135,-0.04887895658612251,0.018657665699720383,-0.32546634396738044
2008-12-17,fold_1,GFC peak crash (Lehman + Mar-2009 bottom),0.02815001644194126,1,-0.017711449414491653,-1,-0.017711449414491653,0.04552513477392495,,,,0,-177.11449414491653,0.03242941200733185,-0.033948201686143875,0.02815001644194126,-0.4719795642427665
2008-12-18,fold_1,GFC peak crash (Lehman + Mar-2009 bottom),0.023914936929941177,1,0.008171360939741135,1,0.008171360939741135,0.05369649571366608,,,,1,81.71360939741135,0.026410510763525963,-0.01657971180975437,0.023914936929941177,0.22839322156023914
2008-12-19,fold_1,GFC peak crash (Lehman + Mar-2009 bottom),0.013985970988869667,1,-0.02200843021273613,-1,-0.02200843021273613,0.03168806550092995,,,,0,-220.0843021273613,0.024072643369436264,-0.03302434831857681,0.013985970988869667,-0.6461012592114418
2008-12-22,fold_1,GFC peak crash (Lehman + Mar-2009 bottom),0.012297553941607475,1,-0.005149002652615309,-1,-0.005149002652615309,0.026539062848314643,,,,0,-51.49002652615309,0.02041042596101761,0.009539843536913395,0.012297553941607475,-0.1556607008643919
2008-12-23,fold_1,GFC peak crash (Lehman + Mar-2009 bottom),0.03394905850291252,1,0.0027493173256516457,1,0.0027493173256516457,0.02928838017396629,,,,1,27.493173256516457,0.05244839936494827,0.0231305118650198,0.03394905850291252,0.09066467300399882
2008-12-24,fold_1,GFC peak crash (Lehman + Mar-2009 bottom),0.032477617263793945,1,-0.0003429576463531703,-1,-0.0003429576463531703,0.02894542252761312,,,,0,-3.4295764635317028,0.09264808148145676,0.06284288316965103,0.032477617263793945,-0.01131396397522408
2008-12-26,fold_1,GFC peak crash (Lehman + Mar-2009 bottom),0.02207154966890812,1,-0.008273275569081306,-1,-0.008273275569081306,0.020672146958531812,,,,0,-82.73275569081306,0.06700338423252106,0.06286349147558212,0.02207154966890812,-0.28636381278925166
2008-12-29,fold_1,GFC peak crash (Lehman + Mar-2009 bottom),0.03808438032865524,1,0.020555762574076653,1,0.020555762574076653,0.041227909532608464,,,,1,205.55762574076653,0.06330667436122894,0.08108048141002655,0.03808438032865524,0.7113592667332982
2008-12-30,fold_1,GFC peak crash (Lehman + Mar-2009 bottom),0.03643523529171944,1,0.008441665209829807,1,0.008441665209829807,0.04966957474243827,,,,1,84.41665209829807,0.058676183223724365,0.0317063182592392,0.03643523529171944,0.359792261687734
2008-12-31,fold_1,GFC peak crash (Lehman + Mar-2009 bottom),0.02777589112520218,1,0.042461689561605453,1,0.042461689561605453,0.09213126430404373,,,,1,424.61689561605453,0.022538868710398674,0.033722203224897385,0.02777589112520218,1.8988990613166399
2009-01-02,fold_1,GFC peak crash (Lehman + Mar-2009 bottom),0.027726154774427414,1,-0.00032235000981017947,-1,-0.00032235000981017947,0.09180891429423355,,,,0,-3.2235000981017947,0.029982877895236015,-0.03142658993601799,0.027726154774427414,-0.013732587060522822
2009-01-05,fold_1,GFC peak crash (Lehman + Mar-2009 bottom),0.02070513926446438,1,0.00994371809065342,1,0.00994371809065342,0.10175263238488697,,,,1,99.4371809065342,0.04452786594629288,-0.04956405982375145,0.02070513926446438,0.440405604963444
2009-01-06,fold_1,GFC peak crash (Lehman + Mar-2009 bottom),0.031084034591913223,1,-0.028818404302001,-1,-0.028818404302001,0.07293422808288597,,,,0,-288.18404302001,0.08302521705627441,-0.0591689758002758,0.031084034591913223,-1.38107552841447
2009-01-07,fold_1,GFC peak crash (Lehman + Mar-2009 bottom),0.03242366760969162,1,0.010457552038133144,1,0.010457552038133144,0.08339178012101911,,,,1,104.57552038133144,0.03189403563737869,-0.06130253151059151,0.03242366760969162,0.5213772021956417
2009-01-08,fold_1,GFC peak crash (Lehman + Mar-2009 bottom),0.02855635993182659,1,-0.02268710546195507,-1,-0.02268710546195507,0.06070467465906404,,,,0,-226.8710546195507,0.037865377962589264,-0.05547646805644035,0.02855635993182659,-1.123864984696404
2009-01-09,fold_1,GFC peak crash (Lehman + Mar-2009 bottom),0.0244695246219635,1,-0.018459821119904518,-1,-0.018459821119904518,0.04224485353915952,,,,0,-184.59821119904518,0.012725095264613628,-0.021853338927030563,0.0244695246219635,-0.8874499725674849
2009-01-12,fold_1,GFC peak crash (Lehman + Mar-2009 bottom),0.03768397867679596,1,0.00033880159026011825,1,0.00033880159026011825,0.04258365512941964,,,,1,3.3880159026011825,0.025762880221009254,-0.05429340526461601,0.03768397867679596,0.016710213945114464
2009-01-13,fold_1,GFC peak crash (Lehman + Mar-2009 bottom),0.027295246720314026,1,-0.030951958149671555,-1,-0.030951958149671555,0.011631696979748085,,,,0,-309.51958149671555,0.050167761743068695,-0.012951979413628578,0.027295246720314026,-1.5654513740687834
2009-01-14,fold_1,GFC peak crash (Lehman + Mar-2009 bottom),0.03879368677735329,1,0.016283614560961723,1,0.016283614560961723,0.02791531154070981,,,,1,162.83614560961723,0.04575648158788681,0.0045303646475076675,0.03879368677735329,0.7915411764355298
2009-01-15,fold_1,GFC peak crash (Lehman + Mar-2009 bottom),0.04024123772978783,1,0.01093602366745472,1,0.01093602366745472,0.03885133520816453,,,,1,109.3602366745472,0.05588347464799881,-0.006897205486893654,0.04024123772978783,0.6052141544043578
2009-01-16,fold_1,GFC peak crash (Lehman + Mar-2009 bottom),0.032341063022613525,1,-0.05089988932013512,-1,-0.05089988932013512,-0.012048554111970589,,,,0,-508.99889320135117,0.03479314595460892,-0.010592788457870483,0.032341063022613525,-2.823098035338528
2009-01-20,fold_1,GFC peak crash (Lehman + Mar-2009 bottom),0.046843022108078,1,0.0416802279651165,1,0.0416802279651165,0.029631673853145912,,,,1,416.802279651165,0.021818730980157852,0.04749481379985809,0.046843022108078,1.9894501200614343
2009-01-21,fold_1,GFC peak crash (Lehman + Mar-2009 bottom),0.011898655444383621,1,-0.013469614088535309,-1,-0.013469614088535309,0.016162059764610603,,,,0,-134.6961408853531,0.04854696989059448,0.04034192115068436,0.011898655444383621,-0.5892937199583155
2009-01-22,fold_1,GFC peak crash (Lehman + Mar-2009 bottom),0.01840202696621418,1,0.004856044892221689,1,0.004856044892221689,0.021018104656832293,,,,1,48.56044892221689,0.03569848835468292,0.02811305969953537,0.01840202696621418,0.21559962684167613
2009-01-23,fold_1,GFC peak crash (Lehman + Mar-2009 bottom),0.018043000251054764,1,0.00724044069647789,1,0.00724044069647789,0.028258545353310183,,,,1,72.4044069647789,0.03675849735736847,0.005520956590771675,0.018043000251054764,0.32150893117112656
2009-01-26,fold_1,GFC peak crash (Lehman + Mar-2009 bottom),0.02168996073305607,1,0.007187714800238609,1,0.007187714800238609,0.03544626015354879,,,,1,71.8771480023861,0.052276067435741425,0.01025271974503994,0.02168996073305607,0.318464132859641
2009-01-27,fold_1,GFC peak crash (Lehman + Mar-2009 bottom),0.009171265177428722,1,0.034527335315942764,1,0.034527335315942764,0.06997359546949156,,,,1,345.27335315942764,0.012413948774337769,0.018584955483675003,0.009171265177428722,1.5259379429002036
2009-01-28,fold_1,GFC peak crash (Lehman + Mar-2009 bottom),0.006312619894742966,1,-0.025698475539684296,-1,-0.025698475539684296,0.04427511992980726,,,,0,-256.98475539684296,-0.010129626840353012,-0.01460401713848114,0.006312619894742966,-1.0781286776485335
2009-01-29,fold_1,GFC peak crash (Lehman + Mar-2009 bottom),0.006956099532544613,1,-0.017736058682203293,-1,-0.017736058682203293,0.026539061247603968,,,,0,-177.36058682203293,-0.01782357692718506,0.032920949161052704,0.006956099532544613,-0.7364133233704658
2009-01-30,fold_1,GFC peak crash (Lehman + Mar-2009 bottom),0.010849721729755402,1,0.011972203850746155,1,0.011972203850746155,0.03851126509835012,,,,1,119.72203850746155,0.006298860069364309,0.07648946344852448,0.010849721729755402,0.4919620198706491
2009-02-02,fold_1,GFC peak crash (Lehman + Mar-2009 bottom),0.009387873113155365,1,0.015519951470196247,1,0.015519951470196247,0.05403121656854637,,,,1,155.19951470196247,0.02514580637216568,0.06865273416042328,0.009387873113155365,0.6877479031448788
2009-02-03,fold_1,GFC peak crash (Lehman + Mar-2009 bottom),0.010748764500021935,1,0.0013383622281253338,1,0.0013383622281253338,0.0553695787966717,,,,1,13.383622281253338,0.018604464828968048,0.015612514689564705,0.010748764500021935,0.05861908332521261
2009-02-04,fold_1,GFC peak crash (Lehman + Mar-2009 bottom),0.01904214918613434,1,0.021826492622494698,1,0.021826492622494698,0.0771960714191664,,,,1,218.26492622494698,0.02165856771171093,0.009649120271205902,0.01904214918613434,0.9604636281767396
2009-02-05,fold_1,GFC peak crash (Lehman + Mar-2009 bottom),0.003443978726863861,1,0.02583245187997818,1,0.02583245187997818,0.10302852329914458,,,,1,258.3245187997818,0.0017795246094465256,0.0,0.003443978726863861,1.1567459466344763
2009-02-06,fold_1,GFC peak crash (Lehman + Mar-2009 bottom),0.007949190214276314,1,0.004135478753596544,1,0.004135478753596544,0.10716400205274113,,,,1,41.35478753596544,-0.002670613117516041,-0.030422896146774292,0.007949190214276314,0.18020994654689176
2009-02-09,fold_1,GFC peak crash (Lehman + Mar-2009 bottom),0.007706871256232262,1,-0.03752027079463005,-1,-0.03752027079463005,0.06964373125811107,,,,0,-375.2027079463005,0.011074693873524666,-0.07513406872749329,0.007706871256232262,-1.6750522774946477
2009-02-10,fold_1,GFC peak crash (Lehman + Mar-2009 bottom),0.0077089909464120865,1,-0.004625031724572182,-1,-0.004625031724572182,0.06501869953353889,,,,0,-46.25031724572182,-0.014805780723690987,-0.03692920506000519,0.0077089909464120865,-0.1963064211528487
2009-02-11,fold_1,GFC peak crash (Lehman + Mar-2009 bottom),0.009152446873486042,1,0.01217737141996622,1,0.01217737141996622,0.07719607095350511,,,,1,121.77371419966221,0.009302775375545025,-0.04781389608979225,0.009152446873486042,0.5163659305223878
2009-02-12,fold_1,GFC peak crash (Lehman + Mar-2009 bottom),0.006494995206594467,1,-0.004590444266796112,-1,-0.004590444266796112,0.072605626686709,,,,0,-45.90444266796112,0.0016721133142709732,-0.057216279208660126,0.006494995206594467,-0.20214900412444273
2009-02-13,fold_1,GFC peak crash (Lehman + Mar-2009 bottom),0.010115725919604301,1,-0.04057569429278374,-1,-0.04057569429278374,0.032029932393925264,,,,0,-405.7569429278374,-0.0007397569715976715,-0.08823682367801666,0.010115725919604301,-1.8083558163302977
2009-02-17,fold_1,GFC peak crash (Lehman + Mar-2009 bottom),0.021220559254288673,1,0.000684593163896352,1,0.000684593163896352,0.032714525557821617,,,,1,6.8459316389635205,0.01295138243585825,-0.015172178857028484,0.021220559254288673,0.02843112078509613
2009-02-18,fold_1,GFC peak crash (Lehman + Mar-2009 bottom),0.014751989394426346,1,-0.015509720891714096,-1,-0.015509720891714096,0.01720480466610752,,,,0,-155.09720891714096,0.02800903469324112,-0.022480914369225502,0.014751989394426346,-0.7309061935277794
2009-02-19,fold_1,GFC peak crash (Lehman + Mar-2009 bottom),0.019732771441340446,1,0.002774988068267703,1,0.002774988068267703,0.019979792734375224,,,,1,27.74988068267703,0.021961502730846405,-0.03535139560699463,0.019732771441340446,0.14321432013255497
2009-02-20,fold_1,GFC peak crash (Lehman + Mar-2009 bottom),0.02434876374900341,1,-0.03561098873615265,-1,-0.03561098873615265,-0.015631196001777425,,,,0,-356.1098873615265,0.029536815360188484,-0.04752684384584427,0.02434876374900341,-1.8594837500008825
2009-02-23,fold_1,GFC peak crash (Lehman + Mar-2009 bottom),0.0383099727332592,1,0.032488949596881866,1,0.032488949596881866,0.01685775359510444,,,,1,324.88949596881866,0.04674500972032547,-0.04477813467383385,0.0383099727332592,1.5686010459481285
2009-02-24,fold_1,GFC peak crash (Lehman + Mar-2009 bottom),0.024560464546084404,1,-0.00662414263933897,-1,-0.00662414263933897,0.01023361095576547,,,,0,-66.2414263933897,0.037299275398254395,-0.0780186802148819,0.024560464546084404,-0.3026191429693795
2009-02-25,fold_1,GFC peak crash (Lehman + Mar-2009 bottom),0.027625098824501038,1,-0.028380202129483223,-1,-0.028380202129483223,-0.018146591173717752,,,,0,-283.80202129483223,0.025427859276533127,-0.04507232457399368,0.027625098824501038,-1.2970558461101405
2009-02-26,fold_1,GFC peak crash (Lehman + Mar-2009 bottom),0.02804936096072197,1,-0.009400458075106144,-1,-0.009400458075106144,-0.027547049248823896,,,,0,-94.00458075106144,0.040030255913734436,-0.04715467616915703,0.02804936096072197,-0.4385750530238969
2009-02-27,fold_1,GFC peak crash (Lehman + Mar-2009 bottom),0.034243129193782806,1,-0.03286227956414223,-1,-0.03286227956414223,-0.06040932881296612,,,,0,-328.6227956414223,0.040052711963653564,-0.045707352459430695,0.034243129193782806,-1.5832543341428431
2009-03-02,fold_1,GFC peak crash (Lehman + Mar-2009 bottom),0.04479348659515381,1,-0.000751598970964551,-1,-0.000751598970964551,-0.061160927783930674,,,,0,-7.51598970964551,0.05408574640750885,-0.03436747193336487,0.04479348659515381,-0.034702426339665096
2009-03-03,fold_1,GFC peak crash (Lehman + Mar-2009 bottom),0.04440006613731384,1,0.026322215795516968,1,0.026322215795516968,-0.034838711988413706,,,,1,263.2221579551697,0.08094023913145065,0.026322215795516968,0.04440006613731384,1.2246895328254972
2009-03-04,fold_1,GFC peak crash (Lehman + Mar-2009 bottom),0.041931167244911194,1,-0.030462555587291718,-1,-0.030462555587291718,-0.06530126757570542,,,,0,-304.6255558729172,0.05766049772500992,0.015251108445227146,0.041931167244911194,-1.3838793595797154
2009-03-05,fold_1,GFC peak crash (Lehman + Mar-2009 bottom),0.05569455027580261,1,-0.007953135296702385,-1,-0.007953135296702385,-0.07325440287240781,,,,0,-79.53135296702385,0.04332654923200607,0.0783289447426796,0.05569455027580261,-0.34518343722180445
2009-03-06,fold_1,GFC peak crash (Lehman + Mar-2009 bottom),0.055674850940704346,1,-0.0215223990380764,-1,-0.0215223990380764,-0.09477680191048421,,,,0,-215.223990380764,0.05424972623586655,0.08872090280056,0.055674850940704346,-0.9528420129139734
2009-03-09,fold_1,GFC peak crash (Lehman + Mar-2009 bottom),0.049466438591480255,1,0.059938088059425354,1,0.059938088059425354,-0.034838713851058856,,,,1,599.3808805942535,0.0597393736243248,0.093400739133358,0.049466438591480255,2.6805293227550755
2009-03-10,fold_1,GFC peak crash (Lehman + Mar-2009 bottom),0.028426261618733406,1,0.015251108445227146,1,0.015251108445227146,-0.01958760540583171,,,,1,152.51108445227146,0.026168614625930786,0.07062570750713348,0.028426261618733406,0.5853840661056128
2009-03-11,fold_1,GFC peak crash (Lehman + Mar-2009 bottom),0.024002233520150185,1,0.03261528164148331,1,0.03261528164148331,0.013027676235651597,,,,1,326.15281641483307,0.02583209238946438,0.0679113119840622,0.024002233520150185,1.3098519365463446
2009-03-12,fold_1,GFC peak crash (Lehman + Mar-2009 bottom),0.006972203031182289,1,0.0024388229940086603,1,0.0024388229940086603,0.015466499229660258,,,,1,24.388229940086603,-0.030027756467461586,0.03462249040603638,0.006972203031182289,0.09407075065924828
2009-03-13,fold_1,GFC peak crash (Lehman + Mar-2009 bottom),0.004059536382555962,1,-0.016842564567923546,-1,-0.016842564567923546,-0.0013760653382632881,,,,0,-168.42564567923546,-0.021460218355059624,0.0168460663408041,0.004059536382555962,-0.6531217118920715
2009-03-16,fold_1,GFC peak crash (Lehman + Mar-2009 bottom),0.006162671372294426,1,0.037163060158491135,1,0.037163060158491135,0.035786994820227847,,,,1,371.63060158491135,-0.0015083197504281998,0.09096124023199081,0.006162671372294426,1.4270914904074783
2009-03-17,fold_1,GFC peak crash (Lehman + Mar-2009 bottom),0.00468131247907877,1,0.012536708265542984,1,0.012536708265542984,0.04832370308577083,,,,1,125.36708265542984,-0.01234493963420391,0.03517917916178703,0.00468131247907877,0.48619827721992376
2009-03-18,fold_1,GFC peak crash (Lehman + Mar-2009 bottom),0.008374776691198349,1,-0.000673539936542511,-1,-0.000673539936542511,0.04765016314922832,,,,0,-6.73539936542511,-0.005605089478194714,0.02724788524210453,0.008374776691198349,-0.025968645943417606
2009-03-19,fold_1,GFC peak crash (Lehman + Mar-2009 bottom),0.010816440917551517,1,-0.015337600372731686,-1,-0.015337600372731686,0.032312562776496634,,,,0,-153.37600372731686,0.003113372251391411,0.05830502137541771,0.010816440917551517,-0.5966964858352954
2009-03-20,fold_1,GFC peak crash (Lehman + Mar-2009 bottom),0.006223374046385288,1,0.05727260932326317,1,0.05727260932326317,0.0895851720997598,,,,1,572.7260932326317,-0.011740455403923988,0.05468008294701576,0.006223374046385288,2.2092033033287364
2009-03-23,fold_1,GFC peak crash (Lehman + Mar-2009 bottom),0.014671042561531067,1,-0.018618999049067497,-1,-0.018618999049067497,0.0709661730506923,,,,0,-186.18999049067497,-0.004448128864169121,-0.027560722082853317,0.014671042561531067,-0.6698162405411248
2009-03-24,fold_1,GFC peak crash (Lehman + Mar-2009 bottom),0.007222224026918411,1,0.0046054162085056305,1,0.0046054162085056305,0.07557158925919794,,,,1,46.054162085056305,-0.012834662571549416,-0.00033004675060510635,0.007222224026918411,0.16961509548873643
2009-03-25,fold_1,GFC peak crash (Lehman + Mar-2009 bottom),0.013733074069023132,1,0.03038359433412552,1,0.03038359433412552,0.10595518359332345,,,,1,303.8359433412552,0.01758626103401184,0.00979765597730875,0.013733074069023132,1.1198733440510578
2009-03-26,fold_1,GFC peak crash (Lehman + Mar-2009 bottom),0.02344811148941517,1,-0.018962539732456207,-1,-0.018962539732456207,0.08699264386086725,,,,0,-189.62539732456207,0.011664267629384995,0.011081703938543797,0.02344811148941517,-0.6961401824098795
2009-03-27,fold_1,GFC peak crash (Lehman + Mar-2009 bottom),0.016295813024044037,1,-0.024968193843960762,-1,-0.024968193843960762,0.062024450016906485,,,,0,-249.68193843960762,0.020876199007034302,0.048450127243995667,0.016295813024044037,-0.9083529903405672
2009-03-30,fold_1,GFC peak crash (Lehman + Mar-2009 bottom),0.02313309721648693,1,0.008611675351858139,1,0.008611675351858139,0.07063612536876462,,,,1,86.11675351858139,-0.0029564369469881058,0.0709424838423729,0.02313309721648693,0.31813871412694694
2011-10-20,fold_2,2011 US-downgrade + EU debt,-0.00410645455121994,-1,0.012468178756535053,1,-0.012468178756535053,-0.012468178756535053,,,,0,-124.68178756535053,0.00759930768981576,0.03915964812040329,-0.00410645455121994,0.7254950301428739
2011-10-21,fold_2,2011 US-downgrade + EU debt,0.0003698691725730896,1,0.02055499702692032,1,0.02055499702692032,0.008086818270385265,,,,1,205.5499702692032,0.012753328308463097,0.028219684958457947,0.0003698691725730896,1.1916707960141402
2011-10-24,fold_2,2011 US-downgrade + EU debt,0.007877454161643982,1,-0.019857194274663925,-1,-0.019857194274663925,-0.01177037600427866,,,,0,-198.57194274663925,0.011904535815119743,-0.009274552576243877,0.007877454161643982,-1.1242654227451692
2011-10-25,fold_2,2011 US-downgrade + EU debt,0.0030679162591695786,1,-0.0012212475994601846,-1,-0.0012212475994601846,-0.012991623603738844,,,,0,-12.212475994601846,0.004752159584313631,-0.01582009345293045,0.0030679162591695786,-0.06760576848215083
2011-10-26,fold_2,2011 US-downgrade + EU debt,0.005355756729841232,1,0.027214914560317993,1,0.027214914560317993,0.014223290956579149,,,,1,272.14914560317993,0.009024610742926598,-0.006130612455308437,0.005355756729841232,1.5327721267443946
2011-10-27,fold_2,2011 US-downgrade + EU debt,0.018697340041399002,1,0.0015282155945897102,1,0.0015282155945897102,0.01575150655116886,,,,1,15.282155945897102,0.01786819100379944,-0.012826281599700451,0.018697340041399002,0.08226495855020724
2011-10-28,fold_2,2011 US-downgrade + EU debt,0.01674088090658188,1,-0.01693923957645893,-1,-0.01693923957645893,-0.001187733025290072,,,,0,-169.3923957645893,0.020120764151215553,-0.019531505182385445,0.01674088090658188,-0.9604499301628657
2011-10-31,fold_2,2011 US-downgrade + EU debt,0.006293036043643951,1,-0.026402734220027924,-1,-0.026402734220027924,-0.027590467245317996,,,,0,-264.02734220027924,0.002861352637410164,0.004476445727050304,0.006293036043643951,-1.5465390044523744
2011-11-01,fold_2,2011 US-downgrade + EU debt,-0.0003352556377649307,-1,0.008468233048915863,1,-0.008468233048915863,-0.03605870029423386,,,,0,-84.68233048915863,-0.0038528703153133392,0.04232337325811386,-0.0003352556377649307,0.48436570043620525
2011-11-02,fold_2,2011 US-downgrade + EU debt,-0.00193801149725914,-1,0.02051924541592598,1,-0.02051924541592598,-0.05657794571015984,,,,0,-205.1924541592598,0.002821016125380993,-0.0019340838771313429,-0.00193801149725914,1.2326345198031936
2011-11-03,fold_2,2011 US-downgrade + EU debt,-0.0016346685588359833,-1,-0.005177008453756571,-1,0.005177008453756571,-0.05140093725640327,,,,1,51.77008453756571,0.00023203715682029724,-0.022981518879532814,-0.0016346685588359833,-0.3070564506044192
2011-11-04,fold_2,2011 US-downgrade + EU debt,-0.004513917490839958,-1,0.007068710867315531,1,-0.007068710867315531,-0.0584696481237188,,,,0,-70.68710867315531,-0.002844667062163353,0.0008646357455290854,-0.004513917490839958,0.4198931974338946
2011-11-07,fold_2,2011 US-downgrade + EU debt,-0.0012004226446151733,-1,0.011444195173680782,1,-0.011444195173680782,-0.06991384329739958,,,,0,-114.44195173680782,0.006442169193178415,-0.012446429580450058,-0.0012004226446151733,0.7577434176658022
2011-11-08,fold_2,2011 US-downgrade + EU debt,0.003105148673057556,1,-0.03578922525048256,-1,-0.03578922525048256,-0.10570306854788214,,,,0,-357.8922525048256,0.004935680888593197,-0.012819630093872547,0.003105148673057556,-2.3478716767528267
2011-11-09,fold_2,2011 US-downgrade + EU debt,0.003524111583828926,1,-0.0005281896446831524,-1,-0.0005281896446831524,-0.10623125819256529,,,,0,-5.281896446831524,-0.004906308837234974,0.006316989194601774,0.003524111583828926,-0.030743494779457137
2011-11-10,fold_2,2011 US-downgrade + EU debt,-0.006600759923458099,-1,0.018669145181775093,1,-0.018669145181775093,-0.12490040337434039,,,,0,-186.69145181775093,0.00789911299943924,-0.016872424632310867,-0.006600759923458099,1.0943993430677403
2011-11-11,fold_2,2011 US-downgrade + EU debt,-0.0015798620879650116,-1,-0.006242354400455952,-1,0.006242354400455952,-0.11865804897388443,,,,1,62.42354400455952,0.010798691771924496,-0.04327357932925224,-0.0015798620879650116,-0.3656038217529387
2011-11-14,fold_2,2011 US-downgrade + EU debt,0.0005716271698474884,1,0.011070994660258293,1,0.011070994660258293,-0.10758705431362614,,,,1,110.70994660258293,0.0035198493860661983,-0.056350450962781906,0.0005716271698474884,0.660064405187602
2011-11-15,fold_2,2011 US-downgrade + EU debt,-0.0029044896364212036,-1,-0.016652606427669525,-1,0.016652606427669525,-0.09093444788595662,,,,1,166.52606427669525,0.007768942043185234,-0.06411396712064743,-0.0029044896364212036,-0.9954319296180413
2011-11-16,fold_2,2011 US-downgrade + EU debt,0.0005636382848024368,1,-0.023717602714896202,-1,-0.023717602714896202,-0.11465205060085282,,,,0,-237.17602714896202,0.0018394868820905685,-0.07028059661388397,0.0005636382848024368,-1.4309837360810318
2011-11-17,fold_2,2011 US-downgrade + EU debt,0.0021154657006263733,1,-0.007732008118182421,-1,-0.007732008118182421,-0.12238405871903524,,,,0,-77.32008118182421,0.00025931280106306076,-0.05428644269704819,0.0021154657006263733,-0.44520972628588534
2011-11-18,fold_2,2011 US-downgrade + EU debt,0.0013886708766222,1,-0.01931922696530819,-1,-0.01931922696530819,-0.14170328568434343,,,,0,-193.1922696530819,0.011054528877139091,-0.012350264005362988,0.0013886708766222,-1.1213304566334896
2011-11-21,fold_2,2011 US-downgrade + EU debt,0.004435112699866295,1,0.003307477105408907,1,0.003307477105408907,-0.13839580857893452,,,,1,33.07477105408907,0.008066149428486824,0.0007365956553258002,0.004435112699866295,0.1927749391665025
2011-11-22,fold_2,2011 US-downgrade + EU debt,0.00570788886398077,1,-0.022819234058260918,-1,-0.022819234058260918,-0.16121504263719544,,,,0,-228.19234058260918,0.016124552115797997,0.03372405469417572,0.00570788886398077,-1.3755493653767066
2011-11-23,fold_2,2011 US-downgrade + EU debt,0.00903080590069294,1,-0.00772344833239913,-1,-0.00772344833239913,-0.16893849096959457,,,,0,-77.2344833239913,0.01754934713244438,0.06343542039394379,0.00903080590069294,-0.4450522951381622
2011-11-25,fold_2,2011 US-downgrade + EU debt,0.010997284203767776,1,0.03420417010784149,1,0.03420417010784149,-0.13473432086175308,,,,1,342.0417010784149,0.02390739880502224,0.06833713501691818,0.010997284203767776,2.0928216108284197
2011-11-28,fold_2,2011 US-downgrade + EU debt,0.00293610617518425,1,-0.006232367362827063,-1,-0.006232367362827063,-0.14096668822458014,,,,0,-62.323673628270626,0.00844200886785984,0.045023635029792786,0.00293610617518425,-0.3454483536275587
2011-11-29,fold_2,2011 US-downgrade + EU debt,0.0012329518795013428,1,0.03629493713378906,1,0.03629493713378906,-0.10467175109079108,,,,1,362.9493713378906,-0.006748305633664131,0.048457056283950806,0.0012329518795013428,2.051226385858985
2011-11-30,fold_2,2011 US-downgrade + EU debt,0.0031896326690912247,1,0.006892128381878138,1,0.006892128381878138,-0.09777962270891294,,,,1,68.92128381878138,-0.0008999994024634361,0.012162119150161743,0.0031896326690912247,0.37154584442518823
2011-12-01,fold_2,2011 US-downgrade + EU debt,0.010556679219007492,1,-0.002821733010932803,-1,-0.002821733010932803,-0.10060135571984574,,,,0,-28.21733010932803,-0.01016981527209282,-0.011691782623529434,0.010556679219007492,-0.15238429575365461
2011-12-02,fold_2,2011 US-downgrade + EU debt,0.008288090117275715,1,0.010890672914683819,1,0.010890672914683819,-0.08971068280516192,,,,1,108.90672914683819,-0.0034731896594166756,0.007039838936179876,0.008288090117275715,0.6066935826487395
2011-12-05,fold_2,2011 US-downgrade + EU debt,0.007518066093325615,1,-0.0027989486698061228,-1,-0.0027989486698061228,-0.09250963147496805,,,,0,-27.989486698061228,-0.0039655473083257675,-0.015138103626668453,0.007518066093325615,-0.15482394903360208
2011-12-06,fold_2,2011 US-downgrade + EU debt,0.007329233922064304,1,0.0,0,0.0,-0.09250963147496805,,,,0,0.0,-0.005180670879781246,-0.02339749038219452,0.007329233922064304,0.0
2011-12-07,fold_2,2011 US-downgrade + EU debt,0.003619017079472542,1,-0.016961773857474327,-1,-0.016961773857474327,-0.10947140533244237,,,,0,-169.61773857474327,0.0057798936031758785,-0.039122771471738815,0.003619017079472542,-0.9509170080754884
2011-12-08,fold_2,2011 US-downgrade + EU debt,0.0016484856605529785,1,0.015909889712929726,1,0.015909889712929726,-0.09356151561951265,,,,1,159.09889712929726,0.003964636009186506,-0.024897422641515732,0.0016484856605529785,0.9709272968258564
2011-12-09,fold_2,2011 US-downgrade + EU debt,0.0005447603762149811,1,-0.011287270113825798,-1,-0.011287270113825798,-0.10484878573333845,,,,0,-112.87270113825798,0.010230135172605515,-0.035672057420015335,0.0005447603762149811,-0.6731594202347267
2011-12-12,fold_2,2011 US-downgrade + EU debt,2.286769449710846e-05,1,-0.01105833426117897,-1,-0.01105833426117897,-0.11590711999451742,,,,0,-110.5833426117897,0.00564158009365201,-0.03427647426724434,2.286769449710846e-05,-0.6728694141096118
2011-12-13,fold_2,2011 US-downgrade + EU debt,-0.004340095445513725,-1,-0.015725282952189445,-1,0.015725282952189445,-0.10018183704232797,,,,1,157.25282952189445,0.009149000979959965,0.0059900484047830105,-0.004340095445513725,-0.9495455651902264
2011-12-14,fold_2,2011 US-downgrade + EU debt,-0.0013236422091722488,-1,-0.002736423397436738,-1,0.002736423397436738,-0.09744541364489123,,,,1,27.36423397436738,0.014290880411863327,0.007308221887797117,-0.0013236422091722488,-0.16338743523011157
2011-12-15,fold_2,2011 US-downgrade + EU debt,-0.0005197450518608093,-1,0.005135253071784973,1,-0.005135253071784973,-0.1025806667166762,,,,0,-51.35253071784973,0.01431864220649004,0.018533855676651,-0.0005197450518608093,0.3142684862593917
2011-12-16,fold_2,2011 US-downgrade + EU debt,6.0696154832839966e-05,1,-0.009891687892377377,-1,-0.009891687892377377,-0.11247235460905358,,,,0,-98.91687892377377,0.013579195365309715,0.021994922310113907,6.0696154832839966e-05,-0.6382412654649806
2011-12-19,fold_2,2011 US-downgrade + EU debt,0.0036221109330654144,1,0.029208188876509666,1,0.029208188876509666,-0.08326416573254392,,,,1,292.08188876509666,0.011451474390923977,0.03560950607061386,0.0036221109330654144,1.8771779916831859
2011-12-20,fold_2,2011 US-downgrade + EU debt,0.0008663665503263474,1,-0.014407109469175339,-1,-0.014407109469175339,-0.09767127520171925,,,,0,-144.0710946917534,0.0033250972628593445,-0.005223233252763748,0.0008663665503263474,-0.8831967265206787
2011-12-21,fold_2,2011 US-downgrade + EU debt,0.004240323789417744,1,0.008489210158586502,1,0.008489210158586502,-0.08918206504313275,,,,1,84.89210158586502,-0.0021169213578104973,0.016353648155927658,0.004240323789417744,0.5110574939016249
2011-12-22,fold_2,2011 US-downgrade + EU debt,0.004223549738526344,1,0.008596319705247879,1,0.008596319705247879,-0.08058574533788487,,,,1,85.96319705247879,-0.000161636620759964,0.005002554971724749,0.004223549738526344,0.5399180228938677
2011-12-23,fold_2,2011 US-downgrade + EU debt,0.005809422582387924,1,0.0037228951696306467,1,0.0037228951696306467,-0.07686285016825423,,,,1,37.22895169630647,-0.002424566075205803,0.015389706939458847,0.005809422582387924,0.23349997107919782
2011-12-27,fold_2,2011 US-downgrade + EU debt,0.0049827611073851585,1,-0.011624548584222794,-1,-0.011624548584222794,-0.08848739875247702,,,,0,-116.24548584222794,-0.012206656858325005,0.015876110643148422,0.0049827611073851585,-0.8294704762865347
2011-12-28,fold_2,2011 US-downgrade + EU debt,0.0030717160552740097,1,0.007169771008193493,1,0.007169771008193493,-0.08131762774428353,,,,1,71.69771008193493,-0.001414543017745018,0.03569252789020538,0.0030717160552740097,0.5054421435318919
2011-12-29,fold_2,2011 US-downgrade + EU debt,-0.0006875861436128616,-1,-0.002861881861463189,-1,0.002861881861463189,-0.07845574588282034,,,,1,28.61881861463189,0.0036345035769045353,0.03198814019560814,-0.0006875861436128616,-0.24368794404464716
2011-12-30,fold_2,2011 US-downgrade + EU debt,0.0003645215183496475,1,0.018983472138643265,1,0.018983472138643265,-0.05947227374417707,,,,1,189.83472138643265,0.007917129434645176,0.03155828267335892,0.0003645215183496475,1.6280766304793013
2012-01-03,fold_2,2011 US-downgrade + EU debt,0.0033152811229228973,1,0.004209298174828291,1,0.004209298174828291,-0.05526297556934878,,,,1,42.09298174828291,0.013482186011970043,0.019837142899632454,0.0033152811229228973,0.3396611501012018
2012-01-04,fold_2,2011 US-downgrade + EU debt,0.002710580825805664,1,0.008191867731511593,1,0.008191867731511593,-0.04707110783783719,,,,1,81.91867731511593,0.013255445286631584,0.01769336871802807,0.002710580825805664,0.672157943262196
2012-01-05,fold_2,2011 US-downgrade + EU debt,0.004051433876156807,1,0.0034653828479349613,1,0.0034653828479349613,-0.04360572498990223,,,,1,34.65382847934961,0.014788771979510784,0.01344839483499527,0.004051433876156807,0.28154617876989074
2012-01-06,fold_2,2011 US-downgrade + EU debt,0.002303030341863632,1,-0.0032917384523898363,-1,-0.0032917384523898363,-0.046897463442292064,,,,0,-32.91738452389836,0.015151683241128922,0.00638009374961257,0.002303030341863632,-0.26690995994171485
2012-01-09,fold_2,2011 US-downgrade + EU debt,0.004374423995614052,1,0.0072623323649168015,1,0.0072623323649168015,-0.03963513107737526,,,,1,72.62332364916801,0.015240821056067944,0.018740149214863777,0.004374423995614052,0.6176430054681394
2012-01-10,fold_2,2011 US-downgrade + EU debt,0.0059163738042116165,1,0.0020655242260545492,1,0.0020655242260545492,-0.037569606851320714,,,,1,20.655242260545492,0.012530224397778511,0.024675680324435234,0.0059163738042116165,0.18240113183113085
2012-01-11,fold_2,2011 US-downgrade + EU debt,0.004657605662941933,1,0.003946894314140081,1,0.003946894314140081,-0.03362271253718063,,,,1,39.468943141400814,0.011391811072826385,0.028810633346438408,0.004657605662941933,0.3572210027434997
2012-01-12,fold_2,2011 US-downgrade + EU debt,0.005674431100487709,1,-0.0036029184702783823,-1,-0.0036029184702783823,-0.037225631007459015,,,,0,-36.02918470278382,0.0157916359603405,0.023359356448054314,0.005674431100487709,-0.33345716869875647
2012-01-13,fold_2,2011 US-downgrade + EU debt,0.0038648806512355804,1,0.009068316780030727,1,0.009068316780030727,-0.028157314227428287,,,,1,90.68316780030727,0.012396853417158127,0.027296697720885277,0.0038648806512355804,0.8848621991021048
2012-01-17,fold_2,2011 US-downgrade + EU debt,0.0057942066341638565,1,0.013197863474488258,1,0.013197863474488258,-0.014959450752940029,,,,1,131.97863474488258,0.013007329776883125,0.01638673059642315,0.0057942066341638565,1.2654933739685277
2012-01-18,fold_2,2011 US-downgrade + EU debt,0.009667453356087208,1,0.006200478412210941,1,0.006200478412210941,-0.008758972340729088,,,,1,62.00478412210941,0.015886634588241577,0.015677636489272118,0.009667453356087208,0.5753151595477494
2012-01-19,fold_2,2011 US-downgrade + EU debt,0.011385533958673477,1,-0.0015043833991512656,-1,-0.0015043833991512656,-0.010263355739880353,,,,0,-15.043833991512656,0.01921929605305195,0.005996078252792358,0.011385533958673477,-0.14140463209322943
2012-01-20,fold_2,2011 US-downgrade + EU debt,0.0063921622931957245,1,0.0003344228898640722,1,0.0003344228898640722,-0.009928932850016281,,,,1,3.344228898640722,0.017646918073296547,0.010485036298632622,0.0063921622931957245,0.039788999324111236
2012-01-23,fold_2,2011 US-downgrade + EU debt,0.008118884637951851,1,-0.001841651159338653,-1,-0.001841651159338653,-0.011770584009354934,,,,0,-18.41651159338653,0.022343214601278305,0.010978174395859241,0.008118884637951851,-0.23722331805890484
2012-01-24,fold_2,2011 US-downgrade + EU debt,0.006777919828891754,1,0.012488769367337227,1,0.012488769367337227,0.0007181853579822928,,,,1,124.88769367337227,0.014531226828694344,0.014142458327114582,0.006777919828891754,1.6565615210635705
2012-01-25,fold_2,2011 US-downgrade + EU debt,0.0077212098985910416,1,-0.0034810793586075306,-1,-0.0034810793586075306,-0.002762894000625238,,,,0,-34.810793586075306,0.011526936665177345,0.009716147556900978,0.0077212098985910416,-0.44592694704213065
2012-01-26,fold_2,2011 US-downgrade + EU debt,0.0052253007888793945,1,0.0029845747631043196,1,0.0029845747631043196,0.00022168076247908175,,,,1,29.845747631043196,0.009632598608732224,0.01630597747862339,0.0052253007888793945,0.38259811683906547
2012-01-27,fold_2,2011 US-downgrade + EU debt,0.00285927951335907,1,0.000827561307232827,1,0.000827561307232827,0.0010492420697119087,,,,1,8.27561307232827,0.013263216242194176,0.026951424777507782,0.00285927951335907,0.11205640185162051
2012-01-30,fold_2,2011 US-downgrade + EU debt,0.004276450723409653,1,0.0013226325390860438,1,0.0013226325390860438,0.0023718746087979525,,,,1,13.226325390860438,0.011653240770101547,0.025317996740341187,0.004276450723409653,0.18340650606887668
2012-01-31,fold_2,2011 US-downgrade + EU debt,0.001562952995300293,1,0.008062458597123623,1,0.008062458597123623,0.010434333205921575,,,,1,80.62458597123623,0.01261541061103344,0.026089711114764214,0.001562952995300293,1.1214809968773007
2012-02-01,fold_2,2011 US-downgrade + EU debt,0.006042879074811935,1,0.003108750795945525,1,0.003108750795945525,0.0135430840018671,,,,1,31.08750795945525,0.01770559512078762,0.023324616253376007,0.006042879074811935,0.5116638443727852
2012-02-02,fold_2,2011 US-downgrade + EU debt,0.005585553124547005,1,0.01363002136349678,1,0.01363002136349678,0.02717310536536388,,,,1,136.3002136349678,0.014809615910053253,0.027394801378250122,0.005585553124547005,2.2556782061599634
2012-02-03,fold_2,2011 US-downgrade + EU debt,0.007256901822984219,1,-0.0008058656821958721,-1,-0.0008058656821958721,0.02636723968316801,,,,0,-8.05865682195872,0.020303484052419662,0.006745867431163788,0.007256901822984219,-0.12369304079839814
2012-02-06,fold_2,2011 US-downgrade + EU debt,0.006463728845119476,1,0.0020943458657711744,1,0.0020943458657711744,0.028461585548939183,,,,1,20.943458657711744,0.015559548512101173,0.01679355278611183,0.006463728845119476,0.3236356149482816
2012-02-07,fold_2,2011 US-downgrade + EU debt,0.005360324867069721,1,0.005297363270074129,1,0.005297363270074129,0.03375894881901331,,,,1,52.97363270074129,0.017866849899291992,0.01723337359726429,0.005360324867069721,0.8217622714312218
2012-02-08,fold_2,2011 US-downgrade + EU debt,0.0061120325699448586,1,0.0071789356879889965,1,0.0071789356879889965,0.04093788450700231,,,,1,71.78935687988997,0.015042634680867195,0.004950869362801313,0.0061120325699448586,1.130556543370586
2012-02-09,fold_2,2011 US-downgrade + EU debt,0.0068712783977389336,1,-0.007018911652266979,-1,-0.007018911652266979,0.03391897285473533,,,,0,-70.18911652266979,0.016803812235593796,0.01137989480048418,0.0068712783977389336,-1.074317083326856
2012-02-10,fold_2,2011 US-downgrade + EU debt,-0.0017904900014400482,-1,0.009241819381713867,1,-0.009241819381713867,0.024677153473021463,,,,0,-92.41819381713867,0.009037056937813759,0.015250276774168015,-0.0017904900014400482,1.3874465085316885
2012-02-13,fold_2,2011 US-downgrade + EU debt,0.0028133001178503036,1,0.00253416714258492,1,0.00253416714258492,0.027211320615606382,,,,1,25.3416714258492,0.01641799323260784,0.00884240958839655,0.0028133001178503036,0.3658105560002509
2012-02-14,fold_2,2011 US-downgrade + EU debt,0.0005050152540206909,1,-0.006985141430050135,-1,-0.006985141430050135,0.020226179185556248,,,,0,-69.85141430050135,0.00796021893620491,0.001738892518915236,0.0005050152540206909,-1.0506623351197235
2012-02-15,fold_2,2011 US-downgrade + EU debt,-0.0012528859078884125,-1,0.013607961125671864,1,-0.013607961125671864,0.006618218059884384,,,,0,-136.07961125671864,0.009263662621378899,0.015335114672780037,-0.0012528859078884125,2.209520931384703
2012-02-16,fold_2,2011 US-downgrade + EU debt,0.0012633465230464935,1,-0.003148529212921858,-1,-0.003148529212921858,0.0034696888469625264,,,,0,-31.48529212921858,0.006747338455170393,0.005172334145754576,0.0012633465230464935,-0.4679680087542468
2012-02-17,fold_2,2011 US-downgrade + EU debt,-0.0002795327454805374,-1,0.0028339524287730455,1,-0.0028339524287730455,0.0006357364181894809,,,,0,-28.339524287730455,0.006768455728888512,0.009727438911795616,-0.0002795327454805374,0.41944385103734144
2012-02-21,fold_2,2011 US-downgrade + EU debt,-0.0011424645781517029,-1,-0.004569350276142359,-1,0.004569350276142359,0.00520508669433184,,,,1,45.69350276142359,0.010418232530355453,0.016990341246128082,-0.0011424645781517029,-0.6733801069912754
2012-02-22,fold_2,2011 US-downgrade + EU debt,-0.000987377017736435,-1,0.006611080374568701,1,-0.006611080374568701,-0.0014059936802368611,,,,0,-66.11080374568701,0.010399965569376945,0.01706789620220661,-0.000987377017736435,0.9651470783620054
2012-02-23,fold_2,2011 US-downgrade + EU debt,0.0017419997602701187,1,0.003445180831477046,1,0.003445180831477046,0.002039187151240185,,,,1,34.45180831477046,0.010712130926549435,0.018343226984143257,0.0017419997602701187,0.5360447494646549
2012-02-24,fold_2,2011 US-downgrade + EU debt,-7.133185863494873e-05,-1,0.001406575320288539,1,-0.001406575320288539,0.000632611830951646,,,,0,-14.06575320288539,0.011278867721557617,0.014127819798886776,-7.133185863494873e-05,0.21888569425971233
2012-02-27,fold_2,2011 US-downgrade + EU debt,0.003223748877644539,1,0.010096855461597443,1,0.010096855461597443,0.010729467292549089,,,,1,100.96855461597443,0.01004163920879364,0.002339030848816037,0.003223748877644539,1.5778658998156045
2012-02-28,fold_2,2011 US-downgrade + EU debt,0.006457438692450523,1,-0.004491796251386404,-1,-0.004491796251386404,0.0062376710411626846,,,,0,-44.91796251386404,0.008623437955975533,-0.01761925034224987,0.006457438692450523,-0.662199871345816
2012-02-29,fold_2,2011 US-downgrade + EU debt,0.0005706362426280975,1,0.007886411622166634,1,0.007886411622166634,0.014124082663329318,,,,1,78.86411622166634,0.0036819730885326862,-0.005449074786156416,0.0005706362426280975,1.151179852539622
2012-03-01,fold_2,2011 US-downgrade + EU debt,0.00047047436237335205,1,-0.0007702261791564524,-1,-0.0007702261791564524,0.013353856484172866,,,,0,-7.702261791564524,0.010414285585284233,-0.0026220991276204586,0.00047047436237335205,-0.1125984819999919
2012-03-02,fold_2,2011 US-downgrade + EU debt,-0.00285150483250618,-1,-0.0103822136297822,-1,0.0103822136297822,0.023736070113955066,,,,1,103.822136297822,0.008164966478943825,0.0023094317875802517,-0.00285150483250618,-1.5251736877537474
2012-03-05,fold_2,2011 US-downgrade + EU debt,-0.004488535225391388,-1,-0.009861424565315247,-1,0.009861424565315247,0.03359749467927031,,,,1,98.61424565315247,0.01081359013915062,0.013153144158422947,-0.004488535225391388,-1.5137589597575667
2012-03-06,fold_2,2011 US-downgrade + EU debt,-0.005573481321334839,-1,0.007678378373384476,1,-0.007678378373384476,0.025919116305885836,,,,0,-76.78378373384476,0.0074877552688121796,0.04144495725631714,-0.005573481321334839,1.1168153240786654
2012-03-07,fold_2,2011 US-downgrade + EU debt,-0.004272466525435448,-1,0.010713387280702591,1,-0.010713387280702591,0.015205729025183246,,,,0,-107.13387280702591,0.017920318990945816,0.037231557071208954,-0.004272466525435448,1.5151388808677082
2012-03-08,fold_2,2011 US-downgrade + EU debt,-0.002451818436384201,-1,0.004161304794251919,1,-0.004161304794251919,0.011044424230931327,,,,0,-41.61304794251919,0.012608986347913742,0.029371794313192368,-0.002451818436384201,0.5645424096506517
2012-03-09,fold_2,2011 US-downgrade + EU debt,-0.0014440454542636871,-1,0.0004614990612026304,1,-0.0004614990612026304,0.010582925169728696,,,,0,-4.614990612026304,0.010991397313773632,0.024503981694579124,-0.0014440454542636871,0.06361889606810102
2012-03-12,fold_2,2011 US-downgrade + EU debt,-0.002076501026749611,-1,0.01843038946390152,1,-0.01843038946390152,-0.007847464294172823,,,,0,-184.3038946390152,0.005820278078317642,0.03108314424753189,-0.002076501026749611,2.602040314567907
2012-03-13,fold_2,2011 US-downgrade + EU debt,0.0016931630671024323,1,0.0034649777226150036,1,0.0034649777226150036,-0.00438248657155782,,,,1,34.649777226150036,0.0003125891089439392,0.01444236095994711,0.0016931630671024323,0.43695195041424706
2012-03-14,fold_2,2011 US-downgrade + EU debt,0.0005713719874620438,1,0.0028536233585327864,1,0.0028536233585327864,-0.0015288632130250335,,,,1,28.536233585327864,0.006081911735236645,0.011126581579446793,0.0005713719874620438,0.35906071161865233
2012-03-15,fold_2,2011 US-downgrade + EU debt,0.0037275105714797974,1,-0.0007065081736072898,-1,-0.0007065081736072898,-0.0022353713866323233,,,,0,-7.065081736072898,0.010080723091959953,0.006184988189488649,0.0037275105714797974,-0.09036301955303956
2012-03-16,fold_2,2011 US-downgrade + EU debt,-0.0022856146097183228,-1,0.007040662225335836,1,-0.007040662225335836,-0.00927603361196816,,,,0,-70.40662225335836,0.013892256654798985,0.006294159684330225,-0.0022856146097183228,0.9773428193550118
2012-03-19,fold_2,2011 US-downgrade + EU debt,0.0023363735526800156,1,0.0017896058270707726,1,0.0017896058270707726,-0.007486427784897387,,,,1,17.896058270707726,0.024415086954832077,0.016580747440457344,0.0023363735526800156,0.24380827020648896
2012-03-20,fold_2,2011 US-downgrade + EU debt,-0.0016819033771753311,-1,0.0001491978910053149,1,-0.0001491978910053149,-0.007635625675902702,,,,0,-1.4919789100531489,0.01454951986670494,0.01625809818506241,-0.0016819033771753311,0.020371779229221194
2012-03-21,fold_2,2011 US-downgrade + EU debt,0.002608366310596466,1,-0.002087969798594713,-1,-0.002087969798594713,-0.009723595474497415,,,,0,-20.879697985947132,0.0161528829485178,0.01214273739606142,0.002608366310596466,-0.2879080999137984
2012-03-22,fold_2,2011 US-downgrade + EU debt,-0.0006373021751642227,-1,-0.0005973368533886969,-1,0.0005973368533886969,-0.009126258621108718,,,,1,5.973368533886969,0.015917833894491196,0.010396905243396759,-0.0006373021751642227,-0.0839512847838132
2012-03-23,fold_2,2011 US-downgrade + EU debt,-5.990266799926758e-06,-1,0.01732725091278553,1,-0.01732725091278553,-0.02645350953389425,,,,0,-173.2725091278553,0.021358385682106018,0.009071050211787224,-5.990266799926758e-06,2.4491804812367133
2012-03-26,fold_2,2011 US-downgrade + EU debt,0.005695514380931854,1,0.001466956571675837,1,0.001466956571675837,-0.02498655296221841,,,,1,14.66956571675837,0.018183041363954544,0.0020533644128590822,0.005695514380931854,0.18200350488989153
2012-03-27,fold_2,2011 US-downgrade + EU debt,0.005304848775267601,1,-0.003966162912547588,-1,-0.003966162912547588,-0.028952715874766,,,,0,-39.66162912547588,0.009666381403803825,0.0002936256059911102,0.005304848775267601,-0.5121378390983127
2012-03-28,fold_2,2011 US-downgrade + EU debt,0.0005983170121908188,1,-0.0038338019512593746,-1,-0.0038338019512593746,-0.032786517826025374,,,,0,-38.338019512593746,0.010444075800478458,-0.0094646867364645,0.0005983170121908188,-0.49596645392931077
2012-03-29,fold_2,2011 US-downgrade + EU debt,0.003079064190387726,1,-0.001923191943205893,-1,-0.001923191943205893,-0.03470970976923127,,,,0,-19.23191943205893,0.010211878456175327,0.000590998271945864,0.003079064190387726,-0.2538937655513964
2014-02-21,fold_3,Taper tantrum and 2014 H1,0.0008767358958721161,1,0.005323662888258696,1,0.005323662888258696,0.005323662888258696,,,,1,53.236628882586956,0.0006157252937555313,0.008691264316439629,0.0008767358958721161,0.49226051732137377
2014-02-24,fold_3,Taper tantrum and 2014 H1,0.0012113507837057114,1,-0.001106994808651507,-1,-0.001106994808651507,0.004216668079607189,,,,0,-11.069948086515069,0.0041221873834729195,-0.00407614978030324,0.0012113507837057114,-0.11145365394766149
2014-02-25,fold_3,Taper tantrum and 2014 H1,-0.00023897923529148102,-1,-0.000885732239112258,-1,0.000885732239112258,0.005102400318719447,,,,1,8.85732239112258,0.0020002331584692,0.009663728065788746,-0.00023897923529148102,-0.09136686309462048
2014-02-26,fold_3,Taper tantrum and 2014 H1,0.0018504597246646881,1,0.006466743536293507,1,0.006466743536293507,0.011569143855012953,,,,1,64.66743536293507,0.0031935665756464005,0.013298643752932549,0.0018504597246646881,0.6669918548421834
2014-02-27,fold_3,Taper tantrum and 2014 H1,0.0036989469081163406,1,-0.0011064147111028433,-1,-0.0011064147111028433,0.01046272914391011,,,,0,-11.064147111028433,0.004848210606724024,0.005953503772616386,0.0036989469081163406,-0.1164405687605777
2014-02-28,fold_3,Taper tantrum and 2014 H1,0.0030905157327651978,1,-0.007443751208484173,-1,-0.007443751208484173,0.003018977935425937,,,,0,-74.43751208484173,0.008470259606838226,0.002101438818499446,0.0030905157327651978,-0.8678280809274966
2014-03-03,fold_3,Taper tantrum and 2014 H1,0.0030775927007198334,1,0.0126328831538558,1,0.0126328831538558,0.015651861089281738,,,,1,126.328831538558,0.007097925059497356,0.010427766479551792,0.0030775927007198334,1.449198935767308
2014-03-04,fold_3,Taper tantrum and 2014 H1,0.004212295636534691,1,0.002749183913692832,1,0.002749183913692832,0.01840104500297457,,,,1,27.49183913692832,0.008701106533408165,-0.006517944857478142,0.004212295636534691,0.36409727286672033
2014-03-05,fold_3,Taper tantrum and 2014 H1,0.004496771842241287,1,-0.000878396793268621,-1,-0.000878396793268621,0.01752264820970595,,,,0,-8.78396793268621,0.01040555164217949,-0.00550622446462512,0.004496771842241287,-0.11876164717620236
2014-03-06,fold_3,Taper tantrum and 2014 H1,0.003839787095785141,1,-0.004958479665219784,-1,-0.004958479665219784,0.012564168544486165,,,,0,-49.58479665219784,0.010985946282744408,-0.018862556666135788,0.003839787095785141,-0.6722333900953021
2014-03-07,fold_3,Taper tantrum and 2014 H1,0.0017984472215175629,1,0.0008825759869068861,1,0.0008825759869068861,0.013446744531393051,,,,1,8.825759869068861,0.005775051657110453,-0.020760266110301018,0.0017984472215175629,0.1279116911000885
2014-03-10,fold_3,Taper tantrum and 2014 H1,0.0020078346133232117,1,-0.004312828183174133,-1,-0.004312828183174133,0.009133916348218918,,,,0,-43.12828183174133,0.006742213852703571,-0.012884118594229221,0.0020078346133232117,-0.7622219523205848
2014-03-11,fold_3,Taper tantrum and 2014 H1,-0.0004953555762767792,-1,0.0037609043065458536,1,-0.0037609043065458536,0.005373012041673064,,,,0,-37.609043065458536,0.0031961817294359207,0.003430252429097891,-0.0004953555762767792,0.6720760088848108
2014-03-12,fold_3,Taper tantrum and 2014 H1,0.0005574095994234085,1,-0.01423472911119461,-1,-0.01423472911119461,-0.008861717069521546,,,,0,-142.3472911119461,0.006461018696427345,-0.00575813977047801,0.0005574095994234085,-2.812872408524843
2014-03-13,fold_3,Taper tantrum and 2014 H1,-0.000682733952999115,-1,-0.006856187712401152,-1,0.006856187712401152,-0.0020055293571203947,,,,1,68.56187712401152,0.0021552806720137596,0.01124925073236227,-0.000682733952999115,-1.1497802921245706
2014-03-14,fold_3,Taper tantrum and 2014 H1,0.0004081260412931442,1,0.008758722804486752,1,0.008758722804486752,0.006753193447366357,,,,1,87.58722804486752,0.005287955515086651,0.005999579560011625,0.0004081260412931442,1.4767679021712654
2014-03-17,fold_3,Taper tantrum and 2014 H1,-0.003032514825463295,-1,0.012001542374491692,1,-0.012001542374491692,-0.005248348927125335,,,,0,-120.01542374491692,0.006158050615340471,-0.011562190018594265,-0.003032514825463295,1.926450667269544
2014-03-18,fold_3,Taper tantrum and 2014 H1,-0.0018068067729473114,-1,-0.005427488125860691,-1,0.005427488125860691,0.00017913919873535633,,,,1,54.27488125860691,0.0020430292934179306,-0.020281963050365448,-0.0018068067729473114,-0.8107154202653549
2014-03-19,fold_3,Taper tantrum and 2014 H1,-0.0035958606749773026,-1,0.0027726609259843826,1,-0.0027726609259843826,-0.0025935217272490263,,,,0,-27.726609259843826,0.0024262056685984135,-0.02781808003783226,-0.0035958606749773026,0.41839638687375774
2014-03-20,fold_3,Taper tantrum and 2014 H1,-0.002977583557367325,-1,-0.012105858884751797,-1,0.012105858884751797,0.00951233715750277,,,,1,121.05858884751797,0.0037473291158676147,-0.03621464595198631,-0.002977583557367325,-1.8416946564998837
2014-03-21,fold_3,Taper tantrum and 2014 H1,0.00013220496475696564,1,-0.008803046308457851,-1,-0.008803046308457851,0.000709290849044919,,,,0,-88.03046308457851,-0.00040843524038791656,-0.02215406857430935,0.00013220496475696564,-1.239424755320805
2014-03-24,fold_3,Taper tantrum and 2014 H1,0.001860290765762329,1,0.003281768411397934,1,0.003281768411397934,0.003991059260442853,,,,1,32.81768411397934,0.0022154422476887703,-0.0062537225894629955,0.001860290765762329,0.4511965566791618
2014-03-25,fold_3,Taper tantrum and 2014 H1,0.0003708004951477051,1,-0.012963604182004929,-1,-0.012963604182004929,-0.008972544921562076,,,,0,-129.6360418200493,0.0019733645021915436,0.00787755660712719,0.0003708004951477051,-1.7743265739366645
2014-03-26,fold_3,Taper tantrum and 2014 H1,0.0033210068941116333,1,-0.005623903591185808,-1,-0.005623903591185808,-0.014596448512747884,,,,0,-56.23903591185808,0.004557281732559204,0.02341604046523571,0.0033210068941116333,-0.7157141756594412
2014-03-27,fold_3,Taper tantrum and 2014 H1,0.002456994727253914,1,0.0019547175616025925,1,0.0019547175616025925,-0.012641730951145291,,,,1,19.547175616025925,0.004963671322911978,0.02107001282274723,0.002456994727253914,0.24979581633408446
2014-03-28,fold_3,Taper tantrum and 2014 H1,-0.001398010179400444,-1,0.0070972987450659275,1,-0.0070972987450659275,-0.01973902969621122,,,,0,-70.97298745065928,0.005951182916760445,-0.007842288352549076,-0.001398010179400444,0.9060127079641355
2014-03-31,fold_3,Taper tantrum and 2014 H1,-0.0010535530745983124,-1,0.017413048073649406,1,-0.017413048073649406,-0.037152077769860625,,,,0,-174.13048073649406,0.001776031218469143,-0.0244788508862257,-0.0010535530745983124,2.2274561662872308
2014-04-01,fold_3,Taper tantrum and 2014 H1,0.0016292445361614227,1,0.0025748794432729483,1,0.0025748794432729483,-0.03457719832658768,,,,1,25.748794432729483,-0.002686011604964733,-0.03270028531551361,0.0016292445361614227,0.31157741244076076
2014-04-02,fold_3,Taper tantrum and 2014 H1,0.002653086557984352,1,-0.007969930768013,-1,-0.007969930768013,-0.04254712909460068,,,,0,-79.69930768013,-0.0005210824310779572,-0.018278267234563828,0.002653086557984352,-0.9647420670863133
2014-04-03,fold_3,Taper tantrum and 2014 H1,0.0005996152758598328,1,-0.02695758268237114,-1,-0.02695758268237114,-0.06950471177697182,,,,0,-269.5758268237114,-0.0042903125286102295,-0.04177101328969002,0.0005996152758598328,-3.1906397371676727
2014-04-04,fold_3,Taper tantrum and 2014 H1,0.003554452210664749,1,-0.009539262391626835,-1,-0.009539262391626835,-0.07904397416859865,,,,0,-95.39262391626835,-0.004173490218818188,-0.026514969766139984,0.003554452210664749,-0.9243960077394551
2014-04-07,fold_3,Taper tantrum and 2014 H1,0.0055182818323373795,1,0.009191613644361496,1,0.009191613644361496,-0.06985236052423716,,,,1,91.91613644361496,-0.00039392150938510895,-0.00915968231856823,0.0055182818323373795,0.8724212064864433
2014-04-08,fold_3,Taper tantrum and 2014 H1,0.0021335091441869736,1,0.016996895894408226,1,0.016996895894408226,-0.05285546462982893,,,,1,169.96895894408226,0.0028023519553244114,-0.015053289011120796,0.0021335091441869736,1.5898401667635498
2014-04-09,fold_3,Taper tantrum and 2014 H1,0.0012749172747135162,1,-0.03146267682313919,-1,-0.03146267682313919,-0.08431814145296812,,,,0,-314.6267682313919,0.003066413104534149,-0.018851255998015404,0.0012749172747135162,-2.7805663507372933
2014-04-10,fold_3,Taper tantrum and 2014 H1,0.011105027981102467,1,-0.01170154195278883,-1,-0.01170154195278883,-0.09601968340575695,,,,0,-117.0154195278883,0.0020629148930311203,0.012843403033912182,0.011105027981102467,-0.9044168442628483
2014-04-11,fold_3,Taper tantrum and 2014 H1,0.009193387813866138,1,0.007816024124622345,1,0.007816024124622345,-0.0882036592811346,,,,1,78.16024124622345,0.004969095345586538,0.031941864639520645,0.009193387813866138,0.5961510368720718
2014-04-14,fold_3,Taper tantrum and 2014 H1,-0.0008175857365131378,-1,0.0032980076503008604,1,-0.0032980076503008604,-0.09150166693143547,,,,0,-32.980076503008604,0.0024938108399510384,0.0320403128862381,-0.0008175857365131378,0.25212227676228055
2014-04-15,fold_3,Taper tantrum and 2014 H1,-0.00021258555352687836,-1,0.013198929838836193,1,-0.013198929838836193,-0.10470059677027166,,,,0,-131.98929838836193,-0.0020419247448444366,0.01990613155066967,-0.00021258555352687836,1.029239149505944
2014-04-16,fold_3,Taper tantrum and 2014 H1,-0.0014705955982208252,-1,0.0002319830673513934,1,-0.0002319830673513934,-0.10493257983762305,,,,0,-2.319830673513934,0.001162317581474781,0.016228817403316498,-0.0014705955982208252,0.017704409515367756
2014-04-17,fold_3,Taper tantrum and 2014 H1,-0.0022257380187511444,-1,0.007396920118480921,1,-0.007396920118480921,-0.11232949995610397,,,,0,-73.96920118480921,-0.005525670945644379,-0.00011613046081038192,-0.0022257380187511444,0.5651443196261554
2014-04-21,fold_3,Taper tantrum and 2014 H1,-0.002387993037700653,-1,0.007914471440017223,1,-0.007914471440017223,-0.1202439713961212,,,,0,-79.14471440017223,-0.005049038678407669,-0.004269872326403856,-0.002387993037700653,0.6129573868021266
2014-04-22,fold_3,Taper tantrum and 2014 H1,0.00041624531149864197,1,-0.008836171589791775,-1,-0.008836171589791775,-0.12908014298591297,,,,0,-88.36171589791775,-0.006494706496596336,-0.004236620385199785,0.00041624531149864197,-0.685870461320646
2014-04-23,fold_3,Taper tantrum and 2014 H1,0.0005241166800260544,1,0.009521614760160446,1,0.009521614760160446,-0.11955852822575253,,,,1,95.21614760160446,4.090368747711182e-06,0.007235391531139612,0.0005241166800260544,0.7316941727822702
2014-04-24,fold_3,Taper tantrum and 2014 H1,0.0023406464606523514,1,-0.01611296460032463,-1,-0.01611296460032463,-0.13567149282607716,,,,0,-161.1296460032463,0.0019830334931612015,0.0006843045121058822,0.0023406464606523514,-1.252605071352228
2014-04-25,fold_3,Taper tantrum and 2014 H1,0.0008199773728847504,1,0.0032431783620268106,1,0.0032431783620268106,-0.13242831446405035,,,,1,32.43178362026811,0.0013114679604768753,0.01497045811265707,0.0008199773728847504,0.2438609425001167
2014-04-28,fold_3,Taper tantrum and 2014 H1,-0.00025874562561511993,-1,0.00794772244989872,1,-0.00794772244989872,-0.14037603691394906,,,,0,-79.4772244989872,-0.0004651714116334915,0.016970984637737274,-0.00025874562561511993,0.5970399685811895
2014-04-29,fold_3,Taper tantrum and 2014 H1,-0.0011331643909215927,-1,0.0026358403265476227,1,-0.0026358403265476227,-0.1430118772404967,,,,0,-26.358403265476227,-0.0018334165215492249,-0.004023039247840643,-0.0011331643909215927,0.19765020906525657
2014-04-30,fold_3,Taper tantrum and 2014 H1,-0.003984220325946808,-1,0.002970527159050107,1,-0.002970527159050107,-0.1459824043995468,,,,0,-29.70527159050107,-0.000646631233394146,-0.00954312551766634,-0.003984220325946808,0.2326464559028697
2014-05-01,fold_3,Taper tantrum and 2014 H1,-0.0019115135073661804,-1,-0.0018268103012815118,-1,0.0018268103012815118,-0.14415559409826528,,,,1,18.268103012815118,0.0021916599944233894,-0.013438626192510128,-0.0019115135073661804,-0.14302445624634064
2014-05-02,fold_3,Taper tantrum and 2014 H1,0.00039275921881198883,1,0.005243705119937658,1,0.005243705119937658,-0.13891188897832762,,,,1,52.43705119937658,0.0042678494937717915,-0.007918200455605984,0.00039275921881198883,0.41437903964715017
2014-05-05,fold_3,Taper tantrum and 2014 H1,0.0016725808382034302,1,-0.013046301901340485,-1,-0.013046301901340485,-0.1519581908796681,,,,0,-130.46301901340485,0.008521487936377525,0.003178476123139262,0.0016725808382034302,-1.1660932572157228
2014-05-06,fold_3,Taper tantrum and 2014 H1,0.0037584174424409866,1,-0.002884245477616787,-1,-0.002884245477616787,-0.1548424363572849,,,,0,-28.84245477616787,0.00629905192181468,0.016904594376683235,0.0037584174424409866,-0.25381310969980364
2014-05-07,fold_3,Taper tantrum and 2014 H1,0.002010773867368698,1,-0.0009249738068319857,-1,-0.0009249738068319857,-0.15576741016411688,,,,0,-9.249738068319857,0.005139135755598545,0.01456519030034542,0.002010773867368698,-0.08262502824968634
2014-05-08,fold_3,Taper tantrum and 2014 H1,0.0029299799352884293,1,0.003693615784868598,1,0.003693615784868598,-0.15207379437924828,,,,1,36.93615784868598,0.004816013388335705,0.00760283088311553,0.0029299799352884293,0.3507050202758788
2014-05-09,fold_3,Taper tantrum and 2014 H1,0.00018954649567604065,1,0.016340382397174835,1,0.016340382397174835,-0.13573341198207345,,,,1,163.40382397174835,0.005963657051324844,0.010429514572024345,0.00018954649567604065,2.073398925339283
2014-05-12,fold_3,Taper tantrum and 2014 H1,0.0039250198751688,1,0.0006798167596571147,1,0.0006798167596571147,-0.13505359522241633,,,,1,6.798167596571147,0.009376964531838894,0.0010198835516348481,0.0039250198751688,0.08207038410880037
2014-05-13,fold_3,Taper tantrum and 2014 H1,0.005746077746152878,1,-0.005223650485277176,-1,-0.005223650485277176,-0.1402772457076935,,,,0,-52.23650485277176,0.0027125212363898754,-0.00328986463136971,0.005746077746152878,-0.6450313470035096
2014-05-14,fold_3,Taper tantrum and 2014 H1,0.004515692591667175,1,-0.007887332700192928,-1,-0.007887332700192928,-0.14816457840788644,,,,0,-78.87332700192928,0.008428649045526981,0.011433972977101803,0.004515692591667175,-0.9679146831549944
2014-05-15,fold_3,Taper tantrum and 2014 H1,0.0048667676746845245,1,0.006520299706608057,1,0.006520299706608057,-0.14164427870127838,,,,1,65.20299706608057,0.005736995954066515,0.023701516911387444,0.0048667676746845245,0.8361923425833073
2014-05-16,fold_3,Taper tantrum and 2014 H1,0.0029907282441854477,1,0.0069307503290474415,1,0.0069307503290474415,-0.13471352837223094,,,,1,69.30750329047441,0.007450505159795284,0.02443923056125641,0.0029907282441854477,0.8737077739859721
2014-05-19,fold_3,Taper tantrum and 2014 H1,0.0011275634169578552,1,-0.0036299314815551043,-1,-0.0036299314815551043,-0.13834345985378604,,,,0,-36.29931481555104,0.009116876870393753,0.029892729595303535,0.0011275634169578552,-0.45881738372934977
2014-05-20,fold_3,Taper tantrum and 2014 H1,0.002372976392507553,1,0.009500186890363693,1,0.009500186890363693,-0.12884327296342235,,,,1,95.00186890363693,0.008227838203310966,0.03044099360704422,0.002372976392507553,1.225258190591561
2014-05-21,fold_3,Taper tantrum and 2014 H1,0.0008924752473831177,1,0.004380210768431425,1,0.004380210768431425,-0.12446306219499093,,,,1,43.80210768431425,0.010651337914168835,0.027313604950904846,0.0008924752473831177,0.5620858252523185
2014-05-22,fold_3,Taper tantrum and 2014 H1,0.0019737128168344498,1,0.007258014287799597,1,0.007258014287799597,-0.11720504790719133,,,,1,72.58014287799597,0.007360720541328192,0.023042934015393257,0.0019737128168344498,0.9600542360580507
2014-05-23,fold_3,Taper tantrum and 2014 H1,-0.00015696324408054352,-1,0.012384248897433281,1,-0.012384248897433281,-0.1295892968046246,,,,0,-123.84248897433281,0.010828586295247078,0.014798999764025211,-0.00015696324408054352,1.8101637895137987
2014-05-27,fold_3,Taper tantrum and 2014 H1,0.001973431557416916,1,-0.0030816674698144197,-1,-0.0030816674698144197,-0.13267096427443903,,,,0,-30.816674698144197,0.003315274603664875,0.0019759966526180506,0.001973431557416916,-0.4195607894926704
2014-05-28,fold_3,Taper tantrum and 2014 H1,0.003130406141281128,1,0.006372798699885607,1,0.006372798699885607,-0.12629816557455342,,,,1,63.72798699885607,0.0032074409537017345,0.008779807947576046,0.003130406141281128,0.8900581927586882
2014-05-29,fold_3,Taper tantrum and 2014 H1,0.0033959615975618362,1,0.00010953944001812488,1,0.00010953944001812488,-0.1261886261345353,,,,1,1.0953944001812488,0.0024919630959630013,0.010785252787172794,0.0033959615975618362,0.015053706886225565
2014-05-30,fold_3,Taper tantrum and 2014 H1,0.0012995190918445587,1,-0.0009859201963990927,-1,-0.0009859201963990927,-0.1271745463309344,,,,0,-9.859201963990927,0.004894530866295099,0.01640191674232483,0.0012995190918445587,-0.13605960599780215
2014-06-02,fold_3,Taper tantrum and 2014 H1,0.0031196027994155884,1,-0.00043875392293557525,-1,-0.00043875392293557525,-0.12761330025386997,,,,0,-4.3875392293557525,0.008651958778500557,0.016633290797472,0.0031196027994155884,-0.060617508986671356
2014-06-03,fold_3,Taper tantrum and 2014 H1,0.0014763306826353073,1,0.003722143592312932,1,0.003722143592312932,-0.12389115666155703,,,,1,37.22143592312932,0.0048982626758515835,0.018795523792505264,0.0014763306826353073,0.52107920808085
2014-06-04,fold_3,Taper tantrum and 2014 H1,0.0022084880620241165,1,0.008378244005143642,1,0.008378244005143642,-0.11551291265641339,,,,1,83.78244005143642,0.008576329797506332,0.014858423732221127,0.0022084880620241165,1.2746072309545615
2014-06-05,fold_3,Taper tantrum and 2014 H1,0.003708716481924057,1,0.005726202856749296,1,0.005726202856749296,-0.1097867097996641,,,,1,57.26202856749296,0.00698826415464282,-0.002603821223601699,0.003708716481924057,0.841536314923747
2014-06-06,fold_3,Taper tantrum and 2014 H1,0.003255944699048996,1,-0.0007545453845523298,-1,-0.0007545453845523298,-0.11054125518421642,,,,0,-7.545453845523298,0.007584013976156712,-0.005401598289608955,0.003255944699048996,-0.1090258095653863
2014-06-09,fold_3,Taper tantrum and 2014 H1,0.005086020566523075,1,0.0017234788974747062,1,0.0017234788974747062,-0.10881777628674172,,,,1,17.23478897474706,0.00964032206684351,-0.0037802942097187042,0.005086020566523075,0.2507459024618815
2014-06-10,fold_3,Taper tantrum and 2014 H1,0.004208497703075409,1,-0.00021495713735930622,-1,-0.00021495713735930622,-0.10903273342410102,,,,0,-2.149571373593062,0.006702399346977472,-0.004963437560945749,0.004208497703075409,-0.036842175568203905
2014-06-11,fold_3,Taper tantrum and 2014 H1,0.003930002450942993,1,-0.009084000252187252,-1,-0.009084000252187252,-0.11811673367628828,,,,0,-90.84000252187252,0.008801448158919811,0.0008610818767920136,0.003930002450942993,-1.557411019774264
2014-06-12,fold_3,Taper tantrum and 2014 H1,0.002837270498275757,1,0.0029284260235726833,1,0.0029284260235726833,-0.1151883076527156,,,,1,29.284260235726833,0.008734472095966339,0.009298957884311676,0.002837270498275757,0.48285032094804403
2014-06-13,fold_3,Taper tantrum and 2014 H1,0.001817658543586731,1,0.0008667586953379214,1,0.0008667586953379214,-0.11432154895737767,,,,1,8.667586953379214,0.009330008178949356,0.007546482607722282,0.001817658543586731,0.1484276600289527
2014-06-16,fold_3,Taper tantrum and 2014 H1,0.0023888032883405685,1,0.0005403357790783048,1,0.0005403357790783048,-0.11378121317829937,,,,1,5.403357790783048,0.007079137954860926,0.006895371712744236,0.0023888032883405685,0.09549964981027752
2014-06-17,fold_3,Taper tantrum and 2014 H1,0.0032130517065525055,1,0.005609562154859304,1,0.005609562154859304,-0.10817165102344006,,,,1,56.095621548593044,0.006051220465451479,0.005384569056332111,0.0032130517065525055,1.0306115744567852
2014-06-18,fold_3,Taper tantrum and 2014 H1,0.0018874797970056534,1,-0.000646124710328877,-1,-0.000646124710328877,-0.10881777573376894,,,,0,-6.46124710328877,0.0010112738236784935,0.006119376048445702,0.0018874797970056534,-0.11691776295906459
2014-06-19,fold_3,Taper tantrum and 2014 H1,0.007173476740717888,1,0.001175950514152646,1,0.001175950514152646,-0.1076418252196163,,,,1,11.75950514152646,-0.0009420327842235565,0.007301395758986473,0.007173476740717888,0.2304085862318534
2014-06-20,fold_3,Taper tantrum and 2014 H1,0.003657156601548195,1,0.0002156479167751968,1,0.0002156479167751968,-0.1074261773028411,,,,1,2.156479167751968,-0.00022574327886104584,0.010508253239095211,0.003657156601548195,0.04299375123078296
2014-06-23,fold_3,Taper tantrum and 2014 H1,0.004264887422323227,1,-0.0009704668773338199,-1,-0.0009704668773338199,-0.10839664418017492,,,,0,-9.704668773338199,0.004192842170596123,0.011997771449387074,0.004264887422323227,-0.20447154155560207
2014-06-24,fold_3,Taper tantrum and 2014 H1,0.004293930716812611,1,0.006344369146972895,1,0.006344369146972895,-0.10205227503320202,,,,1,63.44369146972895,0.001718653365969658,0.023876363411545753,0.004293930716812611,1.643309511582408
2014-06-25,fold_3,Taper tantrum and 2014 H1,0.002872459590435028,1,0.0005358947673812509,1,0.0005358947673812509,-0.10151638026582077,,,,1,5.358947673812509,0.005951605271548033,0.019215893000364304,0.002872459590435028,0.13215691458243795
2014-06-26,fold_3,Taper tantrum and 2014 H1,0.0009138081222772598,1,0.00438280776143074,1,0.00438280776143074,-0.09713357250439003,,,,1,43.828077614307404,0.007122425828129053,0.024969423189759254,0.0009138081222772598,1.1539035577103673
2014-06-27,fold_3,Taper tantrum and 2014 H1,-0.0013035573065280914,-1,0.0017051667673513293,1,-0.0017051667673513293,-0.09883873927174136,,,,0,-17.051667673513293,0.011405262164771557,0.01755196787416935,-0.0013035573065280914,0.4347071467681163
2014-06-30,fold_3,Taper tantrum and 2014 H1,0.0013796966522932053,1,0.010908124968409538,1,0.010908124968409538,-0.08793061430333182,,,,1,109.08124968409538,0.009810881689190865,0.0037202120292931795,0.0013796966522932053,2.7721612507452202
2014-07-01,fold_3,Taper tantrum and 2014 H1,0.004445215687155724,1,0.0016838997835293412,1,0.0016838997835293412,-0.08624671451980248,,,,1,16.838997835293412,0.007522500120103359,0.0002107195177813992,0.004445215687155724,0.36381104072122655
2014-07-02,fold_3,Taper tantrum and 2014 H1,0.004585182294249535,1,0.00628942484036088,1,0.00628942484036088,-0.0799572896794416,,,,1,62.8942484036088,0.012743666768074036,-0.0046371459029614925,0.004585182294249535,1.3766643287193563
2014-07-03,fold_3,Taper tantrum and 2014 H1,0.0059385281056165695,1,-0.0030346480198204517,-1,-0.0030346480198204517,-0.08299193769926205,,,,0,-30.346480198204517,0.012127425521612167,-0.004503125324845314,0.0059385281056165695,-0.6900461447877146
2014-07-07,fold_3,Taper tantrum and 2014 H1,0.004072345793247223,1,-0.012126589193940163,-1,-0.012126589193940163,-0.09511852689320222,,,,0,-121.26589193940163,0.010408470407128334,0.004496706649661064,0.004072345793247223,-2.8455543192125514
2014-07-08,fold_3,Taper tantrum and 2014 H1,0.0014863498508930206,1,0.007398632355034351,1,0.007398632355034351,-0.08771989453816786,,,,1,73.98632355034351,0.005607452243566513,0.013173858635127544,0.0014863498508930206,1.4655670883826315
2014-07-09,fold_3,Taper tantrum and 2014 H1,0.00012344121932983398,1,-0.0031639656517654657,-1,-0.0031639656517654657,-0.09088386018993333,,,,0,-31.639656517654657,0.011231360957026482,0.00974604208022356,0.00012344121932983398,-0.5971461092102441
2014-07-10,fold_3,Taper tantrum and 2014 H1,0.0019142255187034607,1,0.006423445418477058,1,0.006423445418477058,-0.08446041477145627,,,,1,64.23445418477058,0.005161956883966923,-0.0004228194011375308,0.0019142255187034607,1.2017025952140485
2014-07-11,fold_3,Taper tantrum and 2014 H1,-0.0019258148968219757,-1,0.0059651839546859264,1,-0.0059651839546859264,-0.0904255987261422,,,,0,-59.651839546859264,0.011397826485335827,0.008882122114300728,-0.0019258148968219757,1.1585792441699563
2014-07-14,fold_3,Taper tantrum and 2014 H1,0.0020697638392448425,1,-0.003449437441304326,-1,-0.003449437441304326,-0.09387503616744652,,,,0,-34.49437441304326,0.010387226939201355,0.0016677516978234053,0.0020697638392448425,-0.6535234140812817
2014-07-15,fold_3,Taper tantrum and 2014 H1,0.0024170391261577606,1,0.003970816265791655,1,0.003970816265791655,-0.08990421990165487,,,,1,39.708162657916546,0.009135875850915909,0.01145125925540924,0.0024170391261577606,0.7448884330714018
2014-07-16,fold_3,Taper tantrum and 2014 H1,-0.00021699629724025726,-1,-0.013332827016711235,-1,0.013332827016711235,-0.07657139288494363,,,,1,133.32827016711235,0.012145239859819412,0.013877581804990768,-0.00021699629724025726,-2.467743478875805
2014-07-17,fold_3,Taper tantrum and 2014 H1,0.0030634235590696335,1,0.015728386119008064,1,0.015728386119008064,-0.06084300676593557,,,,1,157.28386119008064,0.005236461292952299,0.026078633964061737,0.0030634235590696335,2.603183061654549
2014-07-18,fold_3,Taper tantrum and 2014 H1,0.0002613253891468048,1,-0.0012491863453760743,-1,-0.0012491863453760743,-0.062092193111311644,,,,0,-12.491863453760743,0.012378694489598274,0.006429646164178848,0.0002613253891468048,-0.17872204598867492
2014-07-21,fold_3,Taper tantrum and 2014 H1,0.0011554379016160965,1,0.006334070116281509,1,0.006334070116281509,-0.055758122995030135,,,,1,63.340701162815094,0.009536185301840305,0.007989144884049892,0.0011554379016160965,0.9061378421587718
2014-07-22,fold_3,Taper tantrum and 2014 H1,0.0014667026698589325,1,0.00639713928103447,1,0.00639713928103447,-0.049360983713995665,,,,1,63.971392810344696,0.009964785538613796,-0.00010333875979995355,0.0014667026698589325,0.8969545824667564
2014-07-23,fold_3,Taper tantrum and 2014 H1,0.0007261000573635101,1,-0.0011317766038700938,-1,-0.0011317766038700938,-0.05049276031786576,,,,0,-11.317766038700938,0.009882966056466103,-0.002574207494035363,0.0007261000573635101,-0.15565918702123097
2014-07-24,fold_3,Taper tantrum and 2014 H1,0.000410495325922966,1,-0.003920600283890963,-1,-0.003920600283890963,-0.05441336060175672,,,,0,-39.206002838909626,0.006258400622755289,-0.021860044449567795,0.000410495325922966,-0.5494414230069968
2014-07-25,fold_3,Taper tantrum and 2014 H1,-0.0019144080579280853,-1,0.0003103120543528348,1,-0.0003103120543528348,-0.05472367265610956,,,,0,-3.103120543528348,0.00957886129617691,-0.021629933267831802,-0.0019144080579280853,0.04316926421390465
2014-07-28,fold_3,Taper tantrum and 2014 H1,-0.0017170906066894531,-1,-0.001758413389325142,-1,0.001758413389325142,-0.052965259266784415,,,,1,17.58413389325142,0.011161774396896362,-0.015097670257091522,-0.0017170906066894531,-0.24691679954321788
2014-07-29,fold_3,Taper tantrum and 2014 H1,-0.0017779283225536346,-1,0.003926270641386509,1,-0.003926270641386509,-0.056891529908170924,,,,0,-39.26270641386509,0.006470973137766123,-0.02102711983025074,-0.0017779283225536346,0.5512776424635283
2014-07-30,fold_3,Taper tantrum and 2014 H1,-0.003179844468832016,-1,-0.02041761204600334,-1,0.02041761204600334,-0.03647391786216758,,,,1,204.17612046003342,0.008277270942926407,-0.025693856179714203,-0.003179844468832016,-3.0253746553661913
2014-07-31,fold_3,Taper tantrum and 2014 H1,0.002432705834507942,1,-0.003690489800646901,-1,-0.003690489800646901,-0.04016440766281448,,,,0,-36.90489800646901,0.0020960457623004913,-0.008454873226583004,0.002432705834507942,-0.4534157647166218
2014-08-01,fold_3,Taper tantrum and 2014 H1,0.0029227416962385178,1,0.0068425750359892845,1,0.0068425750359892845,-0.0333218326268252,,,,1,68.42575035989285,0.005828893277794123,0.0024269213899970055,0.0029227416962385178,0.8490340969905606
2014-08-04,fold_3,Taper tantrum and 2014 H1,-0.00032486021518707275,-1,-0.007687862496823072,-1,0.007687862496823072,-0.025633970130002126,,,,1,76.87862496823072,0.008525222539901733,0.001467795460484922,-0.00032486021518707275,-0.9404013445423478
2014-08-05,fold_3,Taper tantrum and 2014 H1,0.0034316107630729675,1,-0.0007404669304378331,-1,-0.0007404669304378331,-0.02637443706043996,,,,0,-7.404669304378331,0.004146162886172533,0.008736382238566875,0.0034316107630729675,-0.0937116027863874
2014-08-06,fold_3,Taper tantrum and 2014 H1,0.002456219866871834,1,-0.00317862955853343,-1,-0.00317862955853343,-0.02955306661897339,,,,0,-31.7862955853343,0.009319565258920193,0.02000616118311882,0.002456219866871834,-0.41130322963078586
2014-08-07,fold_3,Taper tantrum and 2014 H1,0.0013978537172079086,1,0.007191305048763752,1,0.007191305048763752,-0.022361761570209637,,,,1,71.91305048763752,0.007732703350484371,0.028356796130537987,0.0013978537172079086,0.9304928116568347
2014-08-08,fold_3,Taper tantrum and 2014 H1,-0.002535685896873474,-1,0.005883449222892523,1,-0.005883449222892523,-0.02824521079310216,,,,0,-58.83449222892523,0.0063247643411159515,0.02600216120481491,-0.002535685896873474,0.757958197237931
2014-08-11,fold_3,Taper tantrum and 2014 H1,-0.0013415589928627014,-1,-0.0004192753112874925,-1,0.0004192753112874925,-0.027825935481814668,,,,1,4.192753112874925,0.006428099703043699,0.02778947539627552,-0.0013415589928627014,-0.05403648788866629
2014-08-12,fold_3,Taper tantrum and 2014 H1,0.0011251196265220642,1,0.010529312305152416,1,0.010529312305152416,-0.01729662317666225,,,,1,105.29312305152416,0.0013561788946390152,0.03379705175757408,0.0011251196265220642,1.363679603234186
2014-08-13,fold_3,Taper tantrum and 2014 H1,0.0005306974053382874,1,0.0051720053888857365,1,0.0051720053888857365,-0.012124617787776515,,,,1,51.720053888857365,0.0031116665340960026,0.02326774038374424,0.0005306974053382874,0.6446265908960627
2014-08-14,fold_3,Taper tantrum and 2014 H1,0.0028964225202798843,1,0.004836669657379389,1,0.004836669657379389,-0.007287948130397126,,,,1,48.36669657379389,0.0008634254336357117,0.020119888707995415,0.0028964225202798843,0.6416355422554882
2014-08-15,fold_3,Taper tantrum and 2014 H1,0.0027015581727027893,1,0.007670763414353132,1,0.007670763414353132,0.00038281528395600617,,,,1,76.70763414353132,-0.0014088936150074005,0.016798965632915497,0.0027015581727027893,1.135661916793589
2014-08-18,fold_3,Taper tantrum and 2014 H1,0.0038028303533792496,1,0.005588300991803408,1,0.005588300991803408,0.005971116275759414,,,,1,55.88300991803408,0.004792067222297192,0.012655028142035007,0.0038028303533792496,0.8025449421832442
2014-08-19,fold_3,Taper tantrum and 2014 H1,0.003308802843093872,1,0.0,0,0.0,0.005971116275759414,,,,0,0.0,-0.0013853665441274643,0.008072314783930779,0.003308802843093872,0.0
2014-08-20,fold_3,Taper tantrum and 2014 H1,0.0033954083919525146,1,0.0020241537131369114,1,0.0020241537131369114,0.007995269988896325,,,,1,20.241537131369114,0.006048174574971199,0.008273630402982235,0.0033954083919525146,0.2984589132808147
2014-08-21,fold_3,Taper tantrum and 2014 H1,0.001790519803762436,1,0.0015157470479607582,1,0.0015157470479607582,0.009511017036857083,,,,1,15.157470479607582,0.0026623751036822796,0.005143505055457354,0.001790519803762436,0.22315366394154962
2014-08-22,fold_3,Taper tantrum and 2014 H1,0.0019153766334056854,1,0.00352682638913393,1,0.00352682638913393,0.013037843425991014,,,,1,35.2682638913393,0.007300345692783594,0.007342625875025988,0.0019153766334056854,0.5229497782812355
2014-08-25,fold_3,Taper tantrum and 2014 H1,0.0024131089448928833,1,0.0010055879829451442,1,0.0010055879829451442,0.014043431408936158,,,,1,10.055879829451442,0.005963394418358803,0.00671806838363409,0.0024131089448928833,0.14810494098229504
2014-08-26,fold_3,Taper tantrum and 2014 H1,0.0021402593702077866,1,0.0002013150224229321,1,0.0002013150224229321,0.01424474643135909,,,,1,2.013150224229321,0.005726734641939402,-0.00020076821965631098,0.0021402593702077866,0.029683580416780462
2014-08-27,fold_3,Taper tantrum and 2014 H1,0.001231309026479721,1,-0.0011059711687266827,-1,-0.0011059711687266827,0.013138775262632407,,,,0,-11.059711687266827,0.010201657190918922,-0.0013072571018710732,0.001231309026479721,-0.16445378893942256
2014-08-28,fold_3,Taper tantrum and 2014 H1,0.002812560647726059,1,0.0037148678675293922,1,0.0037148678675293922,0.0168536431301618,,,,1,37.14867867529392,0.010369505733251572,0.004816656932234764,0.002812560647726059,0.7513692050723919
2014-08-29,fold_3,Taper tantrum and 2014 H1,0.00031174905598163605,1,0.002902268897742033,1,0.002902268897742033,0.019755912027903832,,,,1,29.02268897742033,0.012582829222083092,0.0030023581348359585,0.00031174905598163605,0.5869045800932715
2014-09-02,fold_3,Taper tantrum and 2014 H1,0.002758745104074478,1,-0.005913248751312494,-1,-0.005913248751312494,0.013842663276591338,,,,0,-59.13248751312494,0.008003778755664825,-0.008227802813053131,0.002758745104074478,-1.2456932093143112
2014-09-03,fold_3,Taper tantrum and 2014 H1,0.001769576221704483,1,-0.0009051738306879997,-1,-0.0009051738306879997,0.012937489445903338,,,,0,-9.051738306879997,0.009648429229855537,0.005913248751312494,0.001769576221704483,-0.19600618181372603
2014-09-04,fold_3,Taper tantrum and 2014 H1,0.0020553134381771088,1,0.005017942748963833,1,0.005017942748963833,0.01795543219486717,,,,1,50.17942748963833,0.007596656680107117,0.0060186004266142845,0.0020553134381771088,1.0862393282937621
2014-09-05,fold_3,Taper tantrum and 2014 H1,0.00087021104991436,1,0.0019005690701305866,1,0.0019005690701305866,0.019856001264997758,,,,1,19.005690701305866,0.004089081194251776,-0.004112768918275833,0.00087021104991436,0.40433892746950595
2014-09-08,fold_3,Taper tantrum and 2014 H1,0.0029136929661035538,1,-0.008327892050147057,-1,-0.008327892050147057,0.011528109214850701,,,,0,-83.27892050147057,0.005678366869688034,-0.01571054756641388,0.0029136929661035538,-1.8768245623151516
2014-09-09,fold_3,Taper tantrum and 2014 H1,0.002316650003194809,1,0.008227802813053131,1,0.008227802813053131,0.019755912027903832,,,,1,82.27802813053131,0.0012382660061120987,0.001308427657932043,0.002316650003194809,1.777519263451231
2014-09-10,fold_3,Taper tantrum and 2014 H1,0.00261501781642437,1,-0.0007998223882168531,-1,-0.0007998223882168531,0.01895608963968698,,,,0,-7.998223882168531,0.00786077044904232,-0.00541094271466136,0.00261501781642437,-0.16060189297344188
2014-09-11,fold_3,Taper tantrum and 2014 H1,0.0014876015484333038,1,-0.005113426595926285,-1,-0.005113426595926285,0.013842663043760695,,,,0,-51.13426595926285,0.0051194531843066216,0.0028961822390556335,0.0014876015484333038,-1.1642305984975365
2014-09-12,fold_3,Taper tantrum and 2014 H1,-0.0002448558807373047,-1,-0.009697210043668747,-1,0.009697210043668747,0.02353987308742944,,,,1,96.97210043668747,0.0071446653455495834,0.007389549165964127,-0.0002448558807373047,-2.2095975746885537
2014-09-15,fold_3,Taper tantrum and 2014 H1,0.0011191442608833313,1,0.008691084571182728,1,0.008691084571182728,0.03223095765861217,,,,1,86.91084571182728,0.002393601927906275,0.00774153508245945,0.0011191442608833313,1.8204422697855847
2014-09-16,fold_3,Taper tantrum and 2014 H1,0.0022962335497140884,1,0.0015084322076290846,1,0.0015084322076290846,0.033739389866241254,,,,1,15.084322076290846,0.002872214186936617,-0.003679014276713133,0.0022962335497140884,0.3103262284268353
2014-09-17,fold_3,Taper tantrum and 2014 H1,0.0012051742523908615,1,0.0075073023326694965,1,0.0075073023326694965,0.04124669219891075,,,,1,75.07302332669497,0.0001478288322687149,0.005486177280545235,0.0012051742523908615,1.594067302481406
2014-09-18,fold_3,Taper tantrum and 2014 H1,0.0029338430613279343,1,-0.0006200594361871481,-1,-0.0006200594361871481,0.0406266327627236,,,,0,-6.200594361871481,0.0011731833219528198,-0.0232794601470232,0.0029338430613279343,-0.12401778789185415
2014-09-19,fold_3,Taper tantrum and 2014 H1,0.0033742841333150864,1,-0.009345224127173424,-1,-0.009345224127173424,0.03128140863555018,,,,0,-93.45224127173424,-0.0032881107181310654,-0.012074689380824566,0.0033742841333150864,-1.876112941336521
2014-09-22,fold_3,Taper tantrum and 2014 H1,0.002554483711719513,1,-0.002729465253651142,-1,-0.002729465253651142,0.028551943381899036,,,,0,-27.29465253651142,0.0014472045004367828,-0.0040466017089784145,0.002554483711719513,-0.5062925958727779
2014-09-23,fold_3,Taper tantrum and 2014 H1,0.0003995690494775772,1,0.010673623532056808,1,0.010673623532056808,0.039225566913955845,,,,1,106.73623532056808,0.005802891682833433,0.00010115558688994497,0.0003995690494775772,1.9884172085794183
2014-09-24,fold_3,Taper tantrum and 2014 H1,0.00042385049164295197,1,-0.021258333697915077,-1,-0.021258333697915077,0.017967233216040768,,,,0,-212.58333697915077,0.009156588464975357,-0.026695234701037407,0.00042385049164295197,-3.6213541307532724
2014-09-25,fold_3,Taper tantrum and 2014 H1,0.0015071555972099304,1,0.010584711097180843,1,0.010584711097180843,0.02855194431322161,,,,1,105.84711097180843,0.006572200451046228,-0.005436900071799755,0.0015071555972099304,1.4013167095476196
2014-09-26,fold_3,Taper tantrum and 2014 H1,-0.0022771693766117096,-1,-0.0013171363389119506,-1,0.0013171363389119506,0.02986908065213356,,,,1,13.171363389119506,0.01116209663450718,-0.0061947559006512165,-0.0022771693766117096,-0.1664801500173341
2014-09-29,fold_3,Taper tantrum and 2014 H1,0.00031065940856933594,1,0.0014182919403538108,1,0.0014182919403538108,0.03128737259248737,,,,1,14.182919403538108,0.006911690346896648,-0.007019097916781902,0.00031065940856933594,0.1801359166050565
2015-10-20,fold_4,China devaluation and oil crash,0.001809641718864441,1,-0.006119910627603531,-1,-0.006119910627603531,-0.006119910627603531,,,,0,-61.19910627603531,0.002114611677825451,0.04429900646209717,0.001809641718864441,-0.549909513091617
2015-10-21,fold_4,China devaluation and oil crash,0.0021026059985160828,1,0.02016388066112995,1,0.02016388066112995,0.01404397003352642,,,,1,201.63880661129951,0.004348610993474722,0.05869702249765396,0.0021026059985160828,1.7985088349856173
2015-10-22,fold_4,China devaluation and oil crash,0.0006714239716529846,1,0.02759856916964054,1,0.02759856916964054,0.04164253920316696,,,,1,275.9856916964054,0.004477277398109436,0.03695332258939743,0.0006714239716529846,2.2891135509366194
2015-10-23,fold_4,China devaluation and oil crash,-0.0003728605806827545,-1,0.0006200486677698791,1,-0.0006200486677698791,0.04102249053539708,,,,0,-6.200486677698791,0.0018064137548208237,0.004864683840423822,-0.0003728605806827545,0.046239165445014885
2015-10-26,fold_4,China devaluation and oil crash,0.003762083128094673,1,0.0020364215597510338,1,0.0020364215597510338,0.043058912095148116,,,,1,20.364215597510338,0.007072107866406441,0.015475906431674957,0.003762083128094673,0.17327052468370258
2015-10-27,fold_4,China devaluation and oil crash,0.0028475336730480194,1,0.008278105407953262,1,0.008278105407953262,0.05133701750310138,,,,1,82.78105407953262,0.008342700079083443,0.0169235672801733,0.0028475336730480194,0.7073047718117413
2015-10-28,fold_4,China devaluation and oil crash,0.001965044066309929,1,-0.001579819479957223,-1,-0.001579819479957223,0.049757198023144156,,,,0,-15.79819479957223,0.008037291467189789,0.008732274174690247,0.001965044066309929,-0.1476400958413283
2015-10-29,fold_4,China devaluation and oil crash,0.0026024002581834793,1,-0.0044900719076395035,-1,-0.0044900719076395035,0.04526712611550465,,,,0,-44.900719076395035,0.00884321890771389,0.0076130894012749195,0.0026024002581834793,-0.42125876748744795
2015-10-30,fold_4,China devaluation and oil crash,0.00011136755347251892,1,0.011231271550059319,1,0.011231271550059319,0.05649839766556397,,,,1,112.31271550059319,0.011408986523747444,0.012800556607544422,0.00011136755347251892,1.125673331570117
2015-11-02,fold_4,China devaluation and oil crash,0.0018876753747463226,1,0.0034840821754187346,1,0.0034840821754187346,0.059982479840982705,,,,1,34.840821754187346,0.010720963589847088,-0.009115763008594513,0.0018876753747463226,0.35607678947438853
2015-11-03,fold_4,China devaluation and oil crash,-0.001971166580915451,-1,8.681241888552904e-05,1,-8.681241888552904e-05,0.059895667422097176,,,,0,-0.8681241888552904,0.007318940944969654,-0.015156766399741173,-0.001971166580915451,0.008896579534874601
2015-11-04,fold_4,China devaluation and oil crash,-0.0016489829868078232,-1,-0.0026990047190338373,-1,0.0026990047190338373,0.06259467214113101,,,,1,26.990047190338373,0.007024358958005905,-0.0164802223443985,-0.0016489829868078232,-0.27923049992307447
2015-11-05,fold_4,China devaluation and oil crash,-0.0010072719305753708,-1,0.0006973955896683037,1,-0.0006973955896683037,0.06189727655146271,,,,0,-6.973955896683037,0.005586075130850077,-0.02355119399726391,-0.0010072719305753708,0.07231429521597253
2015-11-06,fold_4,China devaluation and oil crash,-0.004196839407086372,-1,-0.010685048997402191,-1,0.010685048997402191,0.0725823255488649,,,,1,106.85048997402191,0.0062838029116392136,-0.044079799205064774,-0.004196839407086372,-1.113930360360376
2015-11-09,fold_4,China devaluation and oil crash,-0.004363115876913071,-1,-0.002556920750066638,-1,0.002556920750066638,0.07513924629893154,,,,1,25.56920750066638,0.007913407869637012,-0.01911265403032303,-0.004363115876913071,-0.2590533167347578
2015-11-10,fold_4,China devaluation and oil crash,-0.0031039826571941376,-1,-0.0012366441078484058,-1,0.0012366441078484058,0.07637589040677994,,,,1,12.366441078484058,0.01052182912826538,-0.0159277506172657,-0.0031039826571941376,-0.12644673556114616
2015-11-11,fold_4,China devaluation and oil crash,-0.0022696778178215027,-1,-0.009769977070391178,-1,0.009769977070391178,0.08614586747717112,,,,1,97.69977070391178,0.013627677224576473,0.004321797750890255,-0.0022696778178215027,-0.9992510511783043
2015-11-12,fold_4,China devaluation and oil crash,-0.0012756120413541794,-1,-0.019831210374832153,-1,0.019831210374832153,0.10597707785200328,,,,1,198.31210374832153,0.011009814217686653,0.014795579016208649,-0.0012756120413541794,-2.124953703021285
2015-11-13,fold_4,China devaluation and oil crash,0.000950198620557785,1,0.014282097108662128,1,0.014282097108662128,0.1202591749606654,,,,1,142.82097108662128,0.011953565292060375,0.041375380009412766,0.000950198620557785,1.3879178394405955
2015-11-16,fold_4,China devaluation and oil crash,-0.004854219034314156,-1,0.0006279842928051949,1,-0.0006279842928051949,0.11963119066786021,,,,0,-6.2798429280519485,0.011394668370485306,0.024206893518567085,-0.004854219034314156,0.058699210833415644
2015-11-17,fold_4,China devaluation and oil crash,-0.0005299504846334457,-1,0.019012903794646263,1,-0.019012903794646263,0.10061828687321395,,,,0,-190.12903794646263,0.011448938399553299,0.022702451795339584,-0.0005299504846334457,1.7874648466146612
2015-11-18,fold_4,China devaluation and oil crash,-0.0005111880600452423,-1,0.0007038041949272156,1,-0.0007038041949272156,0.09991448267828673,,,,0,-7.038041949272156,0.0073513975366950035,0.004566005896776915,-0.0005111880600452423,0.06188420412372024
2015-11-19,fold_4,China devaluation and oil crash,0.002491384744644165,1,0.006748592015355825,1,0.006748592015355825,0.10666307469364256,,,,1,67.48592015355825,0.005254423711448908,0.005262549035251141,0.002491384744644165,0.6462822591666338
2015-11-20,fold_4,China devaluation and oil crash,0.00015660561621189117,1,-0.0028863900806754827,-1,-0.0028863900806754827,0.10377668461296707,,,,0,-28.863900806754827,0.006988525390625,-0.004026245791465044,0.00015660561621189117,-0.33729056284664266
2015-11-23,fold_4,China devaluation and oil crash,-1.1622905731201172e-06,-1,-0.0008764576632529497,-1,0.0008764576632529497,0.10465314227622002,,,,1,8.764576632529497,0.007975044660270214,0.008809004910290241,-1.1622905731201172e-06,-0.10214217951414425
2015-11-24,fold_4,China devaluation and oil crash,0.0003847312182188034,1,0.0008764576632529497,1,0.0008764576632529497,0.10552959993947297,,,,1,8.764576632529497,0.0026874421164393425,0.0035007991828024387,0.0003847312182188034,0.10225956340385596
2015-11-25,fold_4,China devaluation and oil crash,6.867386400699615e-05,1,0.0014003473334014416,1,0.0014003473334014416,0.10692994727287441,,,,1,14.003473334014416,0.01054683979600668,-0.014471632428467274,6.867386400699615e-05,0.16728680282196637
2015-11-27,fold_4,China devaluation and oil crash,-0.0011197887361049652,-1,-0.002540202811360359,-1,0.002540202811360359,0.10947015008423477,,,,1,25.402028113603592,0.010199431329965591,0.0072346641682088375,-0.0011197887361049652,-0.3035129411512779
2015-11-30,fold_4,China devaluation and oil crash,0.0002426356077194214,1,0.009948860853910446,1,0.009948860853910446,0.11941901093814522,,,,1,99.48860853910446,0.011856304481625557,0.005248351488262415,0.0002426356077194214,1.194586063857271
2015-12-01,fold_4,China devaluation and oil crash,0.0027702990919351578,1,-0.006184663623571396,-1,-0.006184663623571396,0.11323434731457382,,,,0,-61.84663623571396,0.006994905415922403,-0.0046132574789226055,0.0027702990919351578,-0.7499876485171226
2015-12-02,fold_4,China devaluation and oil crash,0.0015898849815130234,1,-0.01709597371518612,-1,-0.01709597371518612,0.0961383735993877,,,,0,-170.9597371518612,0.013882224448025227,-0.013724218122661114,0.0015898849815130234,-2.0535364294682603
2015-12-03,fold_4,China devaluation and oil crash,0.0041543953120708466,1,0.023106643930077553,1,0.023106643930077553,0.11924501752946526,,,,1,231.06643930077553,0.01200898364186287,0.007879506796598434,0.0041543953120708466,2.5223255326409033
2015-12-04,fold_4,China devaluation and oil crash,0.005551079288125038,1,-0.004526515491306782,-1,-0.004526515491306782,0.11471850203815848,,,,0,-45.26515491306782,0.015491282567381859,-0.038512103259563446,0.005551079288125038,-0.43109129945658503
2015-12-07,fold_4,China devaluation and oil crash,0.0044909073039889336,1,8.725155930733308e-05,1,8.725155930733308e-05,0.11480575359746581,,,,1,0.8725155930733308,0.013745509088039398,-0.026432102546095848,0.0044909073039889336,0.008272132186391416
2015-12-08,fold_4,China devaluation and oil crash,0.0020936839282512665,1,-0.015295623801648617,-1,-0.015295623801648617,0.09951012979581719,,,,0,-152.95623801648617,0.016808874905109406,-0.020446723327040672,0.0020936839282512665,-1.4888426203459677
2015-12-09,fold_4,China devaluation and oil crash,0.002225426957011223,1,0.004507751204073429,1,0.004507751204073429,0.10401788099989062,,,,1,45.07751204073429,0.013456929475069046,0.00960917305201292,0.002225426957011223,0.4168919601981546
2015-12-10,fold_4,China devaluation and oil crash,0.00044927000999450684,1,-0.02328496426343918,-1,-0.02328496426343918,0.08073291673645144,,,,0,-232.84964263439178,0.013944713398814201,-0.009569364599883556,0.00044927000999450684,-2.144870930139299
2015-12-11,fold_4,China devaluation and oil crash,0.0025651194155216217,1,0.007553484290838242,1,0.007553484290838242,0.08828640102728968,,,,1,75.53484290838242,0.01651924103498459,-0.005653249565511942,0.0025651194155216217,0.6379484307264066
2015-12-14,fold_4,China devaluation and oil crash,-0.0028683245182037354,-1,0.006072630640119314,1,-0.006072630640119314,0.08221377038717037,,,,0,-60.72630640119314,0.01581600494682789,-0.00215992983430624,-0.0028683245182037354,0.5467045773028342
2015-12-15,fold_4,China devaluation and oil crash,-0.0020868368446826935,-1,0.014760272577404976,1,-0.014760272577404976,0.0674534978097654,,,,0,-147.60272577404976,0.010505583137273788,-0.00168037845287472,-0.0020868368446826935,1.376247394325145
2015-12-16,fold_4,China devaluation and oil crash,0.0003317408263683319,1,-0.014670786447823048,-1,-0.014670786447823048,0.05278271136194235,,,,0,-146.70786447823048,0.009130761958658695,-0.009042750112712383,0.0003317408263683319,-1.3074991347175047
2015-12-17,fold_4,China devaluation and oil crash,-0.0012970957905054092,-1,-0.01936884969472885,-1,0.01936884969472885,0.0721515610566712,,,,1,193.6884969472885,0.007177846040576696,0.005450133234262466,-0.0012970957905054092,-1.7786319863299034
2015-12-18,fold_4,China devaluation and oil crash,0.004193916916847229,1,0.011046803556382656,1,0.011046803556382656,0.08319836461305385,,,,1,110.46803556382656,0.009207705035805702,0.02428596094250679,0.004193916916847229,0.9426938408301507
2015-12-21,fold_4,China devaluation and oil crash,-0.001010427251458168,-1,0.006552181672304869,1,-0.006552181672304869,0.07664618294074899,,,,0,-65.52181672304869,0.013400808908045292,0.028845859691500664,-0.001010427251458168,0.5515120227529856
2015-12-22,fold_4,China devaluation and oil crash,0.0002458076924085617,1,0.007397900801151991,1,0.007397900801151991,0.08404408374190098,,,,1,73.97900801151991,0.005419571418315172,0.013241508975625038,0.0002458076924085617,0.6189166429136861
2015-12-23,fold_4,China devaluation and oil crash,-0.0010595489293336868,-1,-0.00017790279525797814,-1,0.00017790279525797814,0.08422198653715895,,,,1,1.7790279525797814,0.008795076981186867,-0.006682647857815027,-0.0010595489293336868,-0.014744975855360434
2015-12-24,fold_4,China devaluation and oil crash,0.0002958010882139206,1,-0.0005330225685611367,-1,-0.0005330225685611367,0.08368896396859782,,,,0,-5.330225685611367,0.003412547055631876,-0.027828186750411987,0.0002958010882139206,-0.04418367105827519
2015-12-28,fold_4,China devaluation and oil crash,0.001741332933306694,1,0.01560670230537653,1,0.01560670230537653,0.09929566627397435,,,,1,156.0670230537653,-1.9570812582969666e-05,-0.02903185784816742,0.001741332933306694,1.2940542927429068
2015-12-29,fold_4,China devaluation and oil crash,0.0005794670432806015,1,-0.00905216857790947,-1,-0.00905216857790947,0.09024349769606488,,,,0,-90.5216857790947,-0.003601512871682644,-0.05429093912243843,0.0005794670432806015,-0.7217363218677224
2015-12-30,fold_4,China devaluation and oil crash,0.0010985005646944046,1,-0.012526256032288074,-1,-0.012526256032288074,0.0777172416637768,,,,0,-125.26256032288074,0.0014677373692393303,-0.07705271244049072,0.0010985005646944046,-1.0014434086057409
2015-12-31,fold_4,China devaluation and oil crash,-0.00015134736895561218,-1,-0.021323442459106445,-1,0.021323442459106445,0.09904068412288325,,,,1,213.23442459106445,0.008735280483961105,-0.07276111096143723,-0.00015134736895561218,-1.6733253467462836
2016-01-04,fold_4,China devaluation and oil crash,0.002251099795103073,1,-0.0017366929678246379,-1,-0.0017366929678246379,0.09730399115505861,,,,0,-17.36692967824638,0.010669572278857231,-0.048365604132413864,0.002251099795103073,-0.13299938311556678
2016-01-05,fold_4,China devaluation and oil crash,-0.0004868973046541214,-1,-0.009652378037571907,-1,0.009652378037571907,0.10695636919263052,,,,1,96.52378037571907,0.012815434485673904,-0.03509790077805519,-0.0004868973046541214,-0.804466051931289
2016-01-06,fold_4,China devaluation and oil crash,0.003195870667695999,1,-0.03181394189596176,-1,-0.03181394189596176,0.07514242729666876,,,,0,-318.1394189596176,0.017712421715259552,-0.06054344400763512,0.003195870667695999,-2.618651198542985
2016-01-07,fold_4,China devaluation and oil crash,0.014921221882104874,1,-0.008234658278524876,-1,-0.008234658278524876,0.06690776901814388,,,,0,-82.34658278524876,0.016393359750509262,-0.007657906971871853,0.014921221882104874,-0.5849109099819225
2016-01-08,fold_4,China devaluation and oil crash,0.012942391447722912,1,0.0030720664653927088,1,0.0030720664653927088,0.06997983548353659,,,,1,30.720664653927088,0.02643045410513878,-0.030952053144574165,0.012942391447722912,0.22293194032832703
2016-01-11,fold_4,China devaluation and oil crash,0.00847683660686016,1,0.011531009338796139,1,0.011531009338796139,0.08151084482233273,,,,1,115.31009338796139,0.026784872636198997,-0.031844522804021835,0.00847683660686016,0.8379769965657005
2016-01-12,fold_4,China devaluation and oil crash,0.0059032803401350975,1,-0.03509791940450668,-1,-0.03509791940450668,0.046412925417826045,,,,0,-350.97919404506683,0.023348553106188774,-0.04644802585244179,0.0059032803401350975,-2.7007112948895324
2016-01-13,fold_4,China devaluation and oil crash,0.0194210484623909,1,0.021071596071124077,1,0.021071596071124077,0.06748452148895012,,,,1,210.71596071124077,0.02394307777285576,-0.010357847437262535,0.0194210484623909,1.396629864588817
2016-01-14,fold_4,China devaluation and oil crash,0.003994468599557877,1,-0.03152880445122719,-1,-0.03152880445122719,0.035955717037722934,,,,0,-315.2880445122719,0.01008789986371994,-0.0028869316447526217,0.003994468599557877,-2.0021287642035857
2016-01-15,fold_4,China devaluation and oil crash,0.016251396387815475,1,0.002179595874622464,1,0.002179595874622464,0.0381353129123454,,,,1,21.795958746224642,0.013942182064056396,0.013690323568880558,0.016251396387815475,0.12870273806938973
2016-01-19,fold_4,China devaluation and oil crash,0.01512073539197445,1,-0.0030724939424544573,-1,-0.0030724939424544573,0.03506281896989094,,,,0,-30.724939424544573,0.02084483951330185,0.020469823852181435,0.01512073539197445,-0.1848506249669811
2016-01-20,fold_4,China devaluation and oil crash,0.015817662701010704,1,0.0009922586614266038,1,0.0009922586614266038,0.036055077631317545,,,,1,9.922586614266038,0.02354571968317032,-0.0016886454541236162,0.015817662701010704,0.061776704168400025
2016-01-21,fold_4,China devaluation and oil crash,0.006772410124540329,1,0.02854251302778721,1,0.02854251302778721,0.06459759065910475,,,,1,285.4251302778721,0.0054642134346067905,0.011338510550558567,0.006772410124540329,1.7982371089670433
2016-01-22,fold_4,China devaluation and oil crash,0.00017656758427619934,1,-0.014951549470424652,-1,-0.014951549470424652,0.0496460411886801,,,,0,-149.51549470424652,-0.005739232525229454,0.0034633507020771503,0.00017656758427619934,-0.8771940457603843
2016-01-25,fold_4,China devaluation and oil crash,0.006418985314667225,1,0.008959095925092697,1,0.008959095925092697,0.0586051371137728,,,,1,89.59095925092697,-0.0005038045346736908,0.021100182086229324,0.006418985314667225,0.5181487944941808
2016-01-26,fold_4,China devaluation and oil crash,0.00021697208285331726,1,-0.02523096278309822,-1,-0.02523096278309822,0.03337417433067458,,,,0,-252.3096278309822,-0.011331915855407715,-0.00974215380847454,0.00021697208285331726,-1.4495383138895608
2016-01-27,fold_4,China devaluation and oil crash,0.0031787287443876266,1,0.014019414782524109,1,0.014019414782524109,0.047393589113198686,,,,1,140.1941478252411,-0.008973747491836548,0.01068068016320467,0.0031787287443876266,0.7662004856589724
2016-01-28,fold_4,China devaluation and oil crash,0.0012969970703125,1,0.02066735178232193,1,0.02066735178232193,0.06806094089552062,,,,1,206.6735178232193,-0.010899964720010757,-0.003437303937971592,0.0012969970703125,1.1335163489035494
2016-01-29,fold_4,China devaluation and oil crash,0.0014251582324504852,1,0.0026852828450500965,1,0.0026852828450500965,0.07074622374057071,,,,1,26.852828450500965,-0.013360921293497086,-0.059448905289173126,0.0014251582324504852,0.14359585346548528
2016-02-01,fold_4,China devaluation and oil crash,0.0016998853534460068,1,-0.021883239969611168,-1,-0.021883239969611168,0.048862983770959545,,,,0,-218.83239969611168,-0.01715400628745556,-0.07753972709178925,0.0016998853534460068,-1.182937129687806
2016-02-02,fold_4,China devaluation and oil crash,0.010755056515336037,1,-0.004808129742741585,-1,-0.004808129742741585,0.04405485402821796,,,,0,-48.08129742741585,-0.007342558354139328,-0.05876627564430237,0.010755056515336037,-0.25945388234654193
2016-02-03,fold_4,China devaluation and oil crash,0.0014349110424518585,1,-9.856902761384845e-05,-1,-9.856902761384845e-05,0.04395628500060411,,,,0,-0.9856902761384845,-0.01201489008963108,-0.05012403801083565,0.0014349110424518585,-0.005311166214399696
2016-02-04,fold_4,China devaluation and oil crash,0.004742404446005821,1,-0.03534424677491188,-1,-0.03534424677491188,0.008612038225692231,,,,0,-353.4424677491188,-0.00993107445538044,-0.05147428438067436,0.004742404446005821,-1.9174533501424986
2016-02-05,fold_4,China devaluation and oil crash,0.015491391532123089,1,-0.015405537560582161,-1,-0.015405537560582161,-0.00679349933488993,,,,0,-154.0553756058216,-0.0016104131937026978,-0.0010195453651249409,0.015491391532123089,-0.8215536769418437
2016-02-08,fold_4,China devaluation and oil crash,0.024501673877239227,1,-0.0031097931787371635,-1,-0.0031097931787371635,-0.009903292513627093,,,,0,-31.097931787371635,0.005678736604750156,0.03668167442083359,0.024501673877239227,-0.16387711720760295
2016-02-09,fold_4,China devaluation and oil crash,0.020706847310066223,1,0.0038341099862009287,1,0.0038341099862009287,-0.006069182527426165,,,,1,38.34109986200929,0.006469579413533211,0.06218694522976875,0.020706847310066223,0.2020432474718451
2016-02-10,fold_4,China devaluation and oil crash,0.021193265914916992,1,-0.0014488183660432696,-1,-0.0014488183660432696,-0.007518000893469434,,,,0,-14.488183660432696,0.01848484016954899,0.04687260091304779,0.021193265914916992,-0.07698195258095755
2016-02-11,fold_4,China devaluation and oil crash,0.021388791501522064,1,0.015110493637621403,1,0.015110493637621403,0.0075924927441519685,,,,1,151.10493637621403,0.0203471090644598,0.05127744376659393,0.021388791501522064,0.8831972019828036
2016-02-12,fold_4,China devaluation and oil crash,0.008356643840670586,1,0.02229568362236023,1,0.02229568362236023,0.029888176366512198,,,,1,222.9568362236023,0.008516889065504074,0.052272047847509384,0.008356643840670586,1.3278565186649587
2016-02-16,fold_4,China devaluation and oil crash,0.002231394872069359,1,0.022395476698875427,1,0.022395476698875427,0.052283653065387625,,,,1,223.95476698875427,-0.007348362356424332,0.013379471376538277,0.002231394872069359,1.3967733286032078
2016-02-17,fold_4,China devaluation and oil crash,0.00022226572036743164,1,-0.011480232700705528,-1,-0.011480232700705528,0.0408034203646821,,,,0,-114.80232700705528,-0.006155574694275856,0.0004877016763202846,0.00022226572036743164,-0.6837341414653121
2016-02-18,fold_4,China devaluation and oil crash,0.0024529919028282166,1,0.0029560215771198273,1,0.0029560215771198273,0.043759441941801924,,,,1,29.560215771198273,-0.005903212353587151,0.02176855504512787,0.0024529919028282166,0.17417363544250247
2016-02-19,fold_4,China devaluation and oil crash,0.00322892889380455,1,0.016105100512504578,1,0.016105100512504578,0.0598645424543065,,,,1,161.05100512504578,-0.0023276759311556816,0.017556218430399895,0.00322892889380455,0.9483009542696542
2016-02-22,fold_4,China devaluation and oil crash,0.006642025895416737,1,-0.016596894711256027,-1,-0.016596894711256027,0.043267647743050475,,,,0,-165.96894711256027,-0.005300542339682579,-0.007580889854580164,0.006642025895416737,-1.027989766492414
2016-02-23,fold_4,China devaluation and oil crash,0.004628464579582214,1,0.00950370728969574,1,0.00950370728969574,0.052771355032746214,,,,1,95.0370728969574,0.0009047864004969597,0.040609244257211685,0.004628464579582214,0.5857381864444753
2016-02-24,fold_4,China devaluation and oil crash,0.0031659211963415146,1,0.009800620377063751,1,0.009800620377063751,0.06257197540980997,,,,1,98.00620377063751,0.003336710389703512,0.031483400613069534,0.0031659211963415146,0.603461779103473
2016-02-25,fold_4,China devaluation and oil crash,0.004518205299973488,1,-0.001256314804777503,-1,-0.001256314804777503,0.06131566060503246,,,,0,-12.56314804777503,-0.0006989706307649612,0.019791029393672943,0.004518205299973488,-0.08165264511119744
2016-02-26,fold_4,China devaluation and oil crash,0.005947343073785305,1,-0.009032007306814194,-1,-0.009032007306814194,0.05228365329821827,,,,0,-90.32007306814194,0.005147773306816816,0.021426400169730186,0.005947343073785305,-0.599497246806656
2016-02-29,fold_4,China devaluation and oil crash,0.004722651094198227,1,0.031593240797519684,1,0.031593240797519684,0.08387689409573795,,,,1,315.93240797519684,0.010453147813677788,0.02428814396262169,0.004722651094198227,2.1816719207427404
2016-03-01,fold_4,China devaluation and oil crash,0.0027759335935115814,1,0.00037786204484291375,1,0.00037786204484291375,0.08425475614058087,,,,1,3.7786204484291375,0.006563108880072832,-0.015623753890395164,0.0027759335935115814,0.023467816817346564
2016-03-02,fold_4,China devaluation and oil crash,0.005809620022773743,1,-0.0018917503766715527,-1,-0.0018917503766715527,0.08236300576390931,,,,0,-18.917503766715527,0.005927213001996279,-0.009589391760528088,0.005809620022773743,-0.12332163128581751
2016-03-03,fold_4,China devaluation and oil crash,0.007694678381085396,1,0.000379056204110384,1,0.000379056204110384,0.0827420619680197,,,,1,3.79056204110384,0.008561785332858562,-0.009225158020853996,0.007694678381085396,0.024761813468867088
2016-03-04,fold_4,China devaluation and oil crash,0.010618340224027634,1,-0.006170264445245266,-1,-0.006170264445245266,0.07657179752277443,,,,0,-61.70264445245266,0.004747428465634584,0.0077295913361012936,0.010618340224027634,-0.40306623955910803
2016-03-07,fold_4,China devaluation and oil crash,0.007720157504081726,1,-0.00831865705549717,-1,-0.00831865705549717,0.06825314046727726,,,,0,-83.1865705549717,0.004059715662151575,0.01558910682797432,0.007720157504081726,-0.6310215495998357
2016-03-08,fold_4,China devaluation and oil crash,0.008426660671830177,1,0.0064122239127755165,1,0.0064122239127755165,0.07466536438005278,,,,1,64.12223912775517,0.0002284971997141838,0.023532414808869362,0.008426660671830177,0.49861595348445165
2016-03-09,fold_4,China devaluation and oil crash,0.004387076944112778,1,-0.0015275164041668177,-1,-0.0015275164041668177,0.07313784797588596,,,,0,-15.275164041668177,0.003923673182725906,0.025990260764956474,0.004387076944112778,-0.11821938015982
2016-03-10,fold_4,China devaluation and oil crash,0.0058554671704769135,1,0.017333805561065674,1,0.017333805561065674,0.09047165353695164,,,,1,173.33805561065674,0.00218662666156888,0.026959849521517754,0.0058554671704769135,1.3440099143160127
2016-03-11,fold_4,China devaluation and oil crash,0.006234265863895416,1,0.001689250930212438,1,0.001689250930212438,0.09216090446716407,,,,1,16.89250930212438,0.0031495667062699795,0.011191518045961857,0.006234265863895416,0.12547344482987752
2016-03-14,fold_4,China devaluation and oil crash,0.006540235131978989,1,-0.0003753479686565697,-1,-0.0003753479686565697,0.0917855564985075,,,,0,-3.753479686565697,0.001424970105290413,0.01340685784816742,0.006540235131978989,-0.028789643508014145
2016-03-15,fold_4,China devaluation and oil crash,0.00132773257791996,1,0.008870068937540054,1,0.008870068937540054,0.10065562543604756,,,,1,88.70068937540054,-0.00035697780549526215,0.016838986426591873,0.00132773257791996,0.7362859028048112
2016-03-16,fold_4,China devaluation and oil crash,-0.0008608866482973099,-1,-0.0005579286371357739,-1,0.0005579286371357739,0.10121355407318333,,,,1,5.579286371357739,0.0015003476291894913,-0.00029687152709811926,-0.0008608866482973099,-0.050106030756215725
2016-03-17,fold_4,China devaluation and oil crash,0.007683747448027134,1,0.0015654738526791334,1,0.0015654738526791334,0.10277902792586247,,,,1,15.654738526791334,0.008682368323206902,0.000540980021469295,0.007683747448027134,0.14447327970051663
2016-03-18,fold_4,China devaluation and oil crash,0.007210947573184967,1,0.0039045915473252535,1,0.0039045915473252535,0.10668361947318772,,,,1,39.045915473252535,0.008724474348127842,-0.0024239751510322094,0.007210947573184967,0.36082740226055715
2016-03-21,fold_4,China devaluation and oil crash,0.00555803719907999,1,0.003056779270991683,1,0.003056779270991683,0.1097403987441794,,,,1,30.56779270991683,0.01261969842016697,0.009602147154510021,0.00555803719907999,0.2984641932522144
2016-03-22,fold_4,China devaluation and oil crash,0.004462204873561859,1,-0.008265787735581398,-1,-0.008265787735581398,0.101474611008598,,,,0,-82.65787735581398,0.010006655007600784,0.011403592303395271,0.004462204873561859,-0.8637103386924586
2016-03-23,fold_4,China devaluation and oil crash,0.0038642436265945435,1,0.0002799229114316404,1,0.0002799229114316404,0.10175453392002964,,,,1,2.799229114316404,0.00866086408495903,0.01820463314652443,0.0038642436265945435,0.029426987994186592
2016-03-24,fold_4,China devaluation and oil crash,-0.0019981861114501953,-1,-0.001399481319822371,-1,0.001399481319822371,0.10315401523985201,,,,1,13.99481319822371,0.01054619625210762,0.028491921722888947,-0.0019981861114501953,-0.1511843418165445
2016-03-28,fold_4,China devaluation and oil crash,-0.000128256157040596,-1,0.015930714085698128,1,-0.015930714085698128,0.08722330115415389,,,,0,-159.30714085698128,0.01161140762269497,0.02607828378677368,-0.000128256157040596,1.720785580467
2016-03-29,fold_4,China devaluation and oil crash,0.004022028297185898,1,0.004858225118368864,1,0.004858225118368864,0.09208152627252275,,,,1,48.58225118368864,0.007760423701256514,0.0004590361495502293,0.004022028297185898,0.5002431355891801
2016-03-30,fold_4,China devaluation and oil crash,0.0036289170384407043,1,-0.0014647470088675618,-1,-0.0014647470088675618,0.09061677926365519,,,,0,-14.647470088675618,0.009669970721006393,0.011907192878425121,0.0036289170384407043,-0.2169314072734547
2016-03-31,fold_4,China devaluation and oil crash,0.004569856449961662,1,0.010567210614681244,1,0.010567210614681244,0.10118398987833643,,,,1,105.67210614681244,0.011105857789516449,-0.0010990502778440714,0.004569856449961662,1.5633052445202813
2016-04-01,fold_4,China devaluation and oil crash,0.005299951881170273,1,-0.003813117742538452,-1,-0.003813117742538452,0.09737087213579798,,,,0,-38.13117742538452,0.0060038515366613865,-0.012399908155202866,0.005299951881170273,-0.5334434279302764
2016-04-04,fold_4,China devaluation and oil crash,0.0063795242458581924,1,-0.009688534773886204,-1,-0.009688534773886204,0.08768233736191178,,,,0,-96.88534773886204,0.014415835961699486,-0.012263499200344086,0.0063795242458581924,-1.3459487874714837
2016-04-05,fold_4,China devaluation and oil crash,0.003681657835841179,1,0.016306381672620773,1,0.016306381672620773,0.10398871903453255,,,,1,163.06381672620773,0.020509326830506325,0.005769746843725443,0.003681657835841179,2.206686146330935
2016-04-06,fold_4,China devaluation and oil crash,0.003089219331741333,1,-0.014470990747213364,-1,-0.014470990747213364,0.08951772828731919,,,,0,-144.70990747213364,0.01721598207950592,0.0021664733067154884,0.003089219331741333,-1.8026860920018872
2016-04-07,fold_4,China devaluation and oil crash,0.004681495949625969,1,-0.0007336472626775503,-1,-0.0007336472626775503,0.08878408102464164,,,,0,-7.336472626775503,0.01613813079893589,0.016727684065699577,0.004681495949625969,-0.0859524674195636
2016-04-08,fold_4,China devaluation and oil crash,-0.0010275617241859436,-1,-0.0036767087876796722,-1,0.0036767087876796722,0.09246078981232131,,,,1,36.76708787679672,0.020638523623347282,0.014934007078409195,-0.0010275617241859436,-0.4310205214851261
2016-04-11,fold_4,China devaluation and oil crash,0.0020491890609264374,1,0.008344711735844612,1,0.008344711735844612,0.10080550154816592,,,,1,83.44711735844612,0.016535039991140366,0.023929070681333542,0.0020491890609264374,1.0917883100498842
2016-04-12,fold_4,China devaluation and oil crash,-0.0008331611752510071,-1,0.012703108601272106,1,-0.012703108601272106,0.08810239294689381,,,,0,-127.03108601272106,0.014232365414500237,0.009451969526708126,-0.0008331611752510071,1.6164684369758442
2016-04-13,fold_4,China devaluation and oil crash,0.0029138289391994476,1,9.022023732541129e-05,1,9.022023732541129e-05,0.08819261318421923,,,,1,0.9022023732541129,0.01584400050342083,-0.002437104005366564,0.0029138289391994476,0.010797402454357615
2016-04-14,fold_4,China devaluation and oil crash,0.0026050135493278503,1,-0.0025273242499679327,-1,-0.0025273242499679327,0.0856652889342513,,,,0,-25.273242499679327,0.008741255849599838,-0.002437179908156395,0.0026050135493278503,-0.3113639257109552
2016-04-15,fold_4,China devaluation and oil crash,0.0031502321362495422,1,0.005318354815244675,1,0.005318354815244675,0.09098364374949597,,,,1,53.18354815244675,0.008515369147062302,-0.01511763408780098,0.0031502321362495422,0.6537108107086823
2016-04-18,fold_4,China devaluation and oil crash,0.004000850021839142,1,-0.006132390350103378,-1,-0.006132390350103378,0.08485125339939259,,,,0,-61.32390350103378,0.009231558069586754,-0.020435988903045654,0.004000850021839142,-0.746519575063396
2016-04-19,fold_4,China devaluation and oil crash,0.003136131912469864,1,0.0008140353602357209,1,0.0008140353602357209,0.08566528875962831,,,,1,8.140353602357209,0.006418121978640556,-0.019178731366991997,0.003136131912469864,0.09828481736239875
2016-04-20,fold_4,China devaluation and oil crash,-0.0025916993618011475,-1,9.014434181153774e-05,1,-9.014434181153774e-05,0.08557514441781677,,,,0,-0.9014434181153774,0.01301402784883976,-0.028047095984220505,-0.0025916993618011475,0.01091842629886139
2016-04-21,fold_4,China devaluation and oil crash,-0.0012949686497449875,-1,-0.015207778662443161,-1,0.015207778662443161,0.10078292308025993,,,,1,152.0777866244316,0.011438666842877865,-0.04029499739408493,-0.0012949686497449875,-1.889952292367294
2016-04-22,fold_4,China devaluation and oil crash,-0.0031745675951242447,-1,0.0,0,-0.0,0.10078292308025993,,,,0,-0.0,0.008358065038919449,-0.0303702000528574,-0.0031745675951242447,0.0
2016-04-25,fold_4,China devaluation and oil crash,-0.0022046882659196854,-1,-0.0048751323483884335,-1,0.0048751323483884335,0.10565805542864837,,,,1,48.751323483884335,0.006602655630558729,-0.020955650135874748,-0.0022046882659196854,-0.5584431452323555
2016-04-26,fold_4,China devaluation and oil crash,-0.0034726448357105255,-1,-0.008054329082369804,-1,0.008054329082369804,0.11371238451101817,,,,1,80.54329082369804,0.0025070207193493843,-0.025400573387742043,-0.0034726448357105255,-1.0012567341013854
2016-04-27,fold_4,China devaluation and oil crash,-0.003987740725278854,-1,-0.012157757766544819,-1,0.012157757766544819,0.125870142277563,,,,1,121.57757766544819,0.00012021791189908981,-0.023798203095793724,-0.003987740725278854,-1.4878294773292926
2016-04-28,fold_4,China devaluation and oil crash,0.003682289272546768,1,-0.005282980855554342,-1,-0.005282980855554342,0.12058716142200865,,,,0,-52.82980855554342,0.0006257602944970131,-0.011926179751753807,0.003682289272546768,-0.6139008000621646
2018-09-19,fold_5,2018 Vol-mageddon + Q4 sell-off,-0.002068564295768738,-1,0.010995673015713692,1,-0.010995673015713692,-0.010995673015713692,,,,0,-109.95673015713692,0.005718883126974106,0.010354790836572647,-0.002068564295768738,1.4784977216211306
2018-09-20,fold_5,2018 Vol-mageddon + Q4 sell-off,5.424581468105316e-05,1,-0.00548259261995554,-1,-0.00548259261995554,-0.01647826563566923,,,,0,-54.8259261995554,0.007268368266522884,0.007789247203618288,5.424581468105316e-05,-0.7042587737554218
2018-09-21,fold_5,2018 Vol-mageddon + Q4 sell-off,0.0030964408069849014,1,0.002777309622615576,1,0.002777309622615576,-0.013700956013053656,,,,1,27.773096226155758,0.004948719870299101,0.013056525960564613,0.0030964408069849014,0.35270575058628745
2018-09-24,fold_5,2018 Vol-mageddon + Q4 sell-off,-0.000149628147482872,-1,0.0013584248954430223,1,-0.0013584248954430223,-0.015059380908496678,,,,0,-13.584248954430223,0.005590284243226051,0.01232261210680008,-0.000149628147482872,0.17819671546611277
2018-09-25,fold_5,2018 Vol-mageddon + Q4 sell-off,-0.0006099883466959,-1,0.0007059755735099316,1,-0.0007059755735099316,-0.01576535648200661,,,,0,-7.059755735099316,0.00479586236178875,0.008705517277121544,-0.0006099883466959,0.09691556136553459
2018-09-26,fold_5,2018 Vol-mageddon + Q4 sell-off,-0.0016170293092727661,-1,0.00843012984842062,1,-0.00843012984842062,-0.02419548633042723,,,,0,-84.3012984842062,0.004429352469742298,0.009075534529983997,-0.0016170293092727661,1.1581767856288074
2018-09-27,fold_5,2018 Vol-mageddon + Q4 sell-off,-0.0005588866770267487,-1,-0.0002153137611458078,-1,0.0002153137611458078,-0.02398017256928142,,,,1,2.153137611458078,0.006918792612850666,-0.018739888444542885,-0.0005588866770267487,-0.030463890037563997
2018-09-28,fold_5,2018 Vol-mageddon + Q4 sell-off,-0.002690548077225685,-1,0.002043396234512329,1,-0.002043396234512329,-0.02602356880379375,,,,0,-20.43396234512329,0.00728793116286397,-0.030826954171061516,-0.002690548077225685,0.28955915449981495
2018-10-01,fold_5,2018 Vol-mageddon + Q4 sell-off,-0.0015765558928251266,-1,-0.0022586702834814787,-1,0.0022586702834814787,-0.023764898520312272,,,,1,22.586702834814787,0.005687798839062452,-0.03899511694908142,-0.0015765558928251266,-0.3196605862331189
2018-10-02,fold_5,2018 Vol-mageddon + Q4 sell-off,-0.0014369003474712372,-1,0.0010759925935417414,1,-0.0010759925935417414,-0.024840891113854013,,,,0,-10.759925935417414,0.000951988622546196,-0.0335022509098053,-0.0014369003474712372,0.1533092755250861
2018-10-03,fold_5,2018 Vol-mageddon + Q4 sell-off,-0.002948528155684471,-1,-0.019385293126106262,-1,0.019385293126106262,-0.005455597987747751,,,,1,193.85293126106262,0.003759740386158228,-0.07955434173345566,-0.002948528155684471,-3.032313178191907
2018-10-04,fold_5,2018 Vol-mageddon + Q4 sell-off,-0.0002979803830385208,-1,-0.012302380055189133,-1,0.012302380055189133,0.0068467820674413815,,,,1,123.02380055189133,-0.005636990070343018,-0.07264971733093262,-0.0002979803830385208,-1.649475386727381
2018-10-05,fold_5,2018 Vol-mageddon + Q4 sell-off,-0.0015689656138420105,-1,-0.006124766077846289,-1,0.006124766077846289,0.01297154814528767,,,,1,61.24766077846289,-0.0042803119868040085,-0.032896917313337326,-0.0015689656138420105,-0.7750360940234491
2018-10-08,fold_5,2018 Vol-mageddon + Q4 sell-off,-0.002125609666109085,-1,0.003234193893149495,1,-0.003234193893149495,0.009737354252138175,,,,0,-32.34193893149495,-0.0027410630136728287,-0.03895066678524017,-0.002125609666109085,0.4050319915801271
2018-10-09,fold_5,2018 Vol-mageddon + Q4 sell-off,-0.0030639544129371643,-1,-0.04497610032558441,-1,0.04497610032558441,0.05471345457772259,,,,1,449.7610032558441,-0.0012225359678268433,-0.013507483527064323,-0.0030639544129371643,-5.74268986795803
2018-10-10,fold_5,2018 Vol-mageddon + Q4 sell-off,0.013814195990562439,1,-0.012480662204325199,-1,-0.012480662204325199,0.04223279237339739,,,,0,-124.80662204325199,-0.002044833265244961,0.03186367079615593,0.013814195990562439,-0.9804380361378571
2018-10-11,fold_5,2018 Vol-mageddon + Q4 sell-off,0.012485800310969353,1,0.02745041809976101,1,0.02745041809976101,0.0696832104731584,,,,1,274.5041809976101,0.008730912581086159,0.020888805389404297,0.012485800310969353,2.142276908545707
2018-10-12,fold_5,2018 Vol-mageddon + Q4 sell-off,0.0012268126010894775,1,-0.012178515084087849,-1,-0.012178515084087849,0.05750469538907055,,,,0,-121.78515084087849,0.007624726742506027,-0.007485735230147839,0.0012268126010894775,-0.8580742505676323
2018-10-15,fold_5,2018 Vol-mageddon + Q4 sell-off,0.006811748258769512,1,0.028677375987172127,1,0.028677375987172127,0.08618207137624267,,,,1,286.77375987172127,0.004511848092079163,0.009823471307754517,0.006811748258769512,2.0363214130848357
2018-10-16,fold_5,2018 Vol-mageddon + Q4 sell-off,-0.0002375394105911255,-1,0.0003950525133404881,1,-0.0003950525133404881,0.08578701886290219,,,,0,-3.9505251334048808,0.0022372035309672356,-0.022540796548128128,-0.0002375394105911255,0.025712687103086888
2018-10-17,fold_5,2018 Vol-mageddon + Q4 sell-off,-0.0014744829386472702,-1,-0.023455524817109108,-1,0.023455524817109108,0.1092425436800113,,,,1,234.55524817109108,-0.0022276025265455246,-0.0697828084230423,-0.0014744829386472702,-1.526713668475972
2018-10-18,fold_5,2018 Vol-mageddon + Q4 sell-off,-0.001943511888384819,-1,-0.00092412339290604,-1,0.00092412339290604,0.11016666707291733,,,,1,9.2412339290604,-0.007172418758273125,-0.012317018583416939,-0.001943511888384819,-0.05758955729145474
2018-10-19,fold_5,2018 Vol-mageddon + Q4 sell-off,-0.0012938790023326874,-1,0.005130691919475794,1,-0.005130691919475794,0.10503597515344154,,,,0,-51.30691919475794,-0.0018077250570058823,-0.037451568990945816,-0.0012938790023326874,0.3206451188195099
2018-10-22,fold_5,2018 Vol-mageddon + Q4 sell-off,-0.0013401173055171967,-1,-0.003686893032863736,-1,0.003686893032863736,0.10872286818630528,,,,1,36.86893032863736,9.083189070224762e-06,-0.06337808072566986,-0.0013401173055171967,-0.22999663911757656
2018-10-23,fold_5,2018 Vol-mageddon + Q4 sell-off,0.006097226403653622,1,-0.04684695973992348,-1,-0.04684695973992348,0.0618759084463818,,,,0,-468.4695973992348,0.005236263386905193,-0.04334544390439987,0.006097226403653622,-2.9190838441089455
2018-10-24,fold_5,2018 Vol-mageddon + Q4 sell-off,0.022536158561706543,1,0.03401026502251625,1,0.03401026502251625,0.09588617346889805,,,,1,340.1026502251625,0.016378402709960938,0.026734814047813416,0.022536158561706543,1.77468860016443
2018-10-25,fold_5,2018 Vol-mageddon + Q4 sell-off,0.004666783846914768,1,-0.026058673858642578,-1,-0.026058673858642578,0.06982749961025547,,,,0,-260.5867385864258,0.004998698830604553,0.00582903204485774,0.004666783846914768,-1.2692032756157483
2018-10-26,fold_5,2018 Vol-mageddon + Q4 sell-off,0.01389328483492136,1,-0.02079581841826439,-1,-0.02079581841826439,0.04903168119199108,,,,0,-207.9581841826439,0.003110536839812994,0.016188867390155792,0.01389328483492136,-0.9743944970941217
2018-10-29,fold_5,2018 Vol-mageddon + Q4 sell-off,0.022916926071047783,1,0.01634574495255947,1,0.01634574495255947,0.06537742614455055,,,,1,163.4574495255947,0.01618146523833275,0.03450203314423561,0.022916926071047783,0.7484921883353494
2018-10-30,fold_5,2018 Vol-mageddon + Q4 sell-off,0.01320477295666933,1,0.02323329448699951,1,0.02323329448699951,0.08861072063155007,,,,1,232.33294486999512,0.005165154114365578,0.025703391060233116,0.01320477295666933,1.0495600485665344
2018-10-31,fold_5,2018 Vol-mageddon + Q4 sell-off,0.00020337477326393127,1,0.013104485347867012,1,0.013104485347867012,0.10171520597941708,,,,1,131.04485347867012,-0.014224328100681305,0.03335581719875336,0.00020337477326393127,0.5763659324773915
2018-11-01,fold_5,2018 Vol-mageddon + Q4 sell-off,0.0004188157618045807,1,-0.015698837116360664,-1,-0.015698837116360664,0.08601636886305641,,,,0,-156.98837116360664,-0.016270121559500694,0.013852041214704514,0.0004188157618045807,-0.6973882163455799
2018-11-02,fold_5,2018 Vol-mageddon + Q4 sell-off,0.0010483544319868088,1,-0.002482652897015214,-1,-0.002482652897015214,0.0835337159660412,,,,0,-24.82652897015214,-0.015786774456501007,0.012555296532809734,0.0010483544319868088,-0.10977283931015479
2018-11-05,fold_5,2018 Vol-mageddon + Q4 sell-off,-5.1608309149742126e-05,-1,0.007547101005911827,1,-0.007547101005911827,0.07598661496012937,,,,0,-75.47101005911827,-0.017396850511431694,-0.01568807289004326,-5.1608309149742126e-05,0.33421468347266076
2018-11-06,fold_5,2018 Vol-mageddon + Q4 sell-off,0.0038851555436849594,1,0.0308857224881649,1,0.0308857224881649,0.10687233744829427,,,,1,308.857224881649,-0.019688470289111137,-0.022393720224499702,0.0038851555436849594,1.3646313407784774
2018-11-07,fold_5,2018 Vol-mageddon + Q4 sell-off,0.00501774437725544,1,-0.006399292498826981,-1,-0.006399292498826981,0.1004730449494673,,,,0,-63.992924988269806,-0.01998884603381157,-0.0609380342066288,0.00501774437725544,-0.2987561094118364
2018-11-08,fold_5,2018 Vol-mageddon + Q4 sell-off,-0.00028472766280174255,-1,-0.01699558086693287,-1,0.01699558086693287,0.11746862581640016,,,,1,169.9558086693287,-0.018821988254785538,-0.03719615936279297,-0.00028472766280174255,-0.7984634592381895
2018-11-09,fold_5,2018 Vol-mageddon + Q4 sell-off,0.0010598301887512207,1,-0.030726023018360138,-1,-0.030726023018360138,0.08674260279804002,,,,0,-307.2602301836014,-0.01467316597700119,-0.023716740310192108,0.0010598301887512207,-1.4820286766987243
2018-11-12,fold_5,2018 Vol-mageddon + Q4 sell-off,0.005633478052914143,1,0.000841454544570297,1,0.000841454544570297,0.08758405734261032,,,,1,8.41454544570297,0.0015747956931591034,-0.026007166132330894,0.005633478052914143,0.03882904903812807
2018-11-13,fold_5,2018 Vol-mageddon + Q4 sell-off,0.005075749941170216,1,-0.007658591028302908,-1,-0.007658591028302908,0.07992546631430741,,,,0,-76.58591028302908,0.010466656647622585,-0.044905394315719604,0.005075749941170216,-0.3699598816985418
2018-11-14,fold_5,2018 Vol-mageddon + Q4 sell-off,0.00863906554877758,1,0.01734258234500885,1,0.01734258234500885,0.09726804865931626,,,,1,173.4258234500885,0.010942712426185608,-0.029672911390662193,0.00863906554877758,0.8349153533134935
2018-11-15,fold_5,2018 Vol-mageddon + Q4 sell-off,0.0032566748559474945,1,-0.0035161625128239393,-1,-0.0035161625128239393,0.09375188614649232,,,,0,-35.16162512823939,0.006645951420068741,-0.05427509918808937,0.0032566748559474945,-0.17177737056518852
2018-11-16,fold_5,2018 Vol-mageddon + Q4 sell-off,0.0028487294912338257,1,-0.033016450703144073,-1,-0.033016450703144073,0.06073543544334825,,,,0,-330.16450703144073,0.0014571761712431908,-0.027908116579055786,0.0028487294912338257,-1.611867493491997
2018-11-19,fold_5,2018 Vol-mageddon + Q4 sell-off,0.011012476868927479,1,-0.018056772649288177,-1,-0.018056772649288177,0.042678662794060074,,,,0,-180.56772649288177,0.0015743393450975418,0.008479170501232147,0.011012476868927479,-0.8304656952937203
2018-11-20,fold_5,2018 Vol-mageddon + Q4 sell-off,0.016600318253040314,1,0.007573891896754503,1,0.007573891896754503,0.05025255469081458,,,,1,75.73891896754503,0.0024699773639440536,0.058211855590343475,0.016600318253040314,0.342721089958986
2018-11-21,fold_5,2018 Vol-mageddon + Q4 sell-off,0.006070183590054512,1,-0.007259607780724764,-1,-0.007259607780724764,0.04299294691008981,,,,0,-72.59607780724764,0.0040343040600419044,0.047372590750455856,0.006070183590054512,-0.37166995530783903
2018-11-23,fold_5,2018 Vol-mageddon + Q4 sell-off,0.013248643837869167,1,0.022850820794701576,1,0.022850820794701576,0.06584376770479139,,,,1,228.50820794701576,0.010183935984969139,0.06186139956116676,0.013248643837869167,1.2649789142725905
2018-11-26,fold_5,2018 Vol-mageddon + Q4 sell-off,0.004641497507691383,1,0.0033708387054502964,1,0.0033708387054502964,0.06921460641024169,,,,1,33.708387054502964,0.012027605436742306,0.05633609741926193,0.004641497507691383,0.1888876302400691
2018-11-27,fold_5,2018 Vol-mageddon + Q4 sell-off,0.004951171576976776,1,0.03167591243982315,1,0.03167591243982315,0.10089051885006484,,,,1,316.7591243982315,0.0020843232050538063,0.013853813521564007,0.004951171576976776,1.8367398910174983
2018-11-28,fold_5,2018 Vol-mageddon + Q4 sell-off,0.004285624250769615,1,-0.0032653752714395523,-1,-0.0032653752714395523,0.09762514357862528,,,,0,-32.65375271439552,-0.008367372676730156,-0.01078720297664404,0.004285624250769615,-0.17861348239722183
2018-11-29,fold_5,2018 Vol-mageddon + Q4 sell-off,0.0029639285057783127,1,0.007229202892631292,1,0.007229202892631292,0.10485434647125658,,,,1,72.29202892631292,-0.014526793733239174,-0.04109470173716545,0.0029639285057783127,0.4120773526837548
2018-11-30,fold_5,2018 Vol-mageddon + Q4 sell-off,0.0015961658209562302,1,0.017325518652796745,1,0.017325518652796745,0.12217986512405332,,,,1,173.25518652796745,-0.016722993925213814,-0.037905894219875336,0.0015961658209562302,0.997310767714053
2018-12-03,fold_5,2018 Vol-mageddon + Q4 sell-off,0.004655483178794384,1,-0.03911144658923149,-1,-0.03911144658923149,0.08306841853482183,,,,0,-391.1144658923149,-0.018047548830509186,-0.05192564055323601,0.004655483178794384,-2.241424192443102
2018-12-04,fold_5,2018 Vol-mageddon + Q4 sell-off,0.008557230234146118,1,0.007034897338598967,1,0.007034897338598967,0.0901033158734208,,,,1,70.34897338598967,-0.004955473355948925,-0.004051308147609234,0.008557230234146118,0.3605707093956329
2018-12-06,fold_5,2018 Vol-mageddon + Q4 sell-off,0.0014958493411540985,1,-0.03357287496328354,-1,-0.03357287496328354,0.05653044091013726,,,,0,-335.7287496328354,0.007177902851253748,-0.010783231817185879,0.0014958493411540985,-1.7216083160429345
2018-12-07,fold_5,2018 Vol-mageddon + Q4 sell-off,0.0101038608700037,1,0.01041800994426012,1,0.01041800994426012,0.06694845085439738,,,,1,104.1800994426012,0.006535034626722336,-0.0018603972857818007,0.0101038608700037,0.5282515780582366
2018-12-10,fold_5,2018 Vol-mageddon + Q4 sell-off,0.0058466531336307526,1,0.003305772552266717,1,0.003305772552266717,0.0702542234066641,,,,1,33.05772552266717,0.011418724432587624,-0.03519889712333679,0.0058466531336307526,0.16689777918986154
2018-12-11,fold_5,2018 Vol-mageddon + Q4 sell-off,0.007429622113704681,1,0.008762886747717857,1,0.008762886747717857,0.07901711015438195,,,,1,87.62886747717857,0.01143345795571804,-0.032235823571681976,0.007429622113704681,0.45045938463094426
2018-12-12,fold_5,2018 Vol-mageddon + Q4 sell-off,0.0029581747949123383,1,0.0003029732615686953,1,0.0003029732615686953,0.07932008341595065,,,,1,3.029732615686953,0.004132094793021679,-0.06586034595966339,0.0029581747949123383,0.016551644777471525
2018-12-13,fold_5,2018 Vol-mageddon + Q4 sell-off,0.0008912067860364914,1,-0.02465003915131092,-1,-0.02465003915131092,0.05467004426463973,,,,0,-246.5003915131092,-0.0017352057620882988,-0.08076487481594086,0.0008912067860364914,-1.3467111284400528
2018-12-14,fold_5,2018 Vol-mageddon + Q4 sell-off,0.004587872885167599,1,-0.02292048931121826,-1,-0.02292048931121826,0.031749554953421466,,,,0,-229.20489311218262,0.0012470288202166557,-0.08759868144989014,0.004587872885167599,-1.2038753790062104
2018-12-17,fold_5,2018 Vol-mageddon + Q4 sell-off,0.013100319541990757,1,0.006268845871090889,1,0.006268845871090889,0.038018400824512355,,,,1,62.68845871090889,0.0016201259568333626,-0.08978883922100067,0.013100319541990757,0.3242801571004377
2018-12-18,fold_5,2018 Vol-mageddon + Q4 sell-off,0.013571163639426231,1,-0.024861635640263557,-1,-0.024861635640263557,0.013156765184248798,,,,0,-248.61635640263557,0.009829632937908173,-0.035490769892930984,0.013571163639426231,-1.283752666124262
2018-12-19,fold_5,2018 Vol-mageddon + Q4 sell-off,0.017663225531578064,1,-0.014601556584239006,-1,-0.014601556584239006,-0.0014447913999902084,,,,0,-146.01556584239006,0.018887503072619438,-0.006766404490917921,0.017663225531578064,-0.7788662930931695
2018-12-20,fold_5,2018 Vol-mageddon + Q4 sell-off,0.02584884688258171,1,-0.03148384019732475,-1,-0.03148384019732475,-0.03292863159731496,,,,0,-314.8384019732475,0.02401215396821499,0.007312349509447813,0.02584884688258171,-1.6930339809025827
2018-12-21,fold_5,2018 Vol-mageddon + Q4 sell-off,0.028870031237602234,1,-0.025110647082328796,-1,-0.025110647082328796,-0.05803927867964376,,,,0,-251.10647082328796,0.025540843605995178,0.047193724662065506,0.028870031237602234,-1.2674572673187545
2018-12-24,fold_5,2018 Vol-mageddon + Q4 sell-off,0.03746264800429344,1,0.06056690961122513,1,0.06056690961122513,0.0025276309315813705,,,,1,605.6690961122513,0.035956814885139465,0.07631570100784302,0.03746264800429344,2.950446690963408
2018-12-26,fold_5,2018 Vol-mageddon + Q4 sell-off,0.014749203808605671,1,0.0038627306930720806,1,0.0038627306930720806,0.006390361624653451,,,,1,38.627306930720806,0.016483698040246964,-0.017467688769102097,0.014749203808605671,0.1605697928539248
2018-12-27,fold_5,2018 Vol-mageddon + Q4 sell-off,0.00659545324742794,1,-0.0005228033987805247,-1,-0.0005228033987805247,0.005867558225872926,,,,0,-5.228033987805247,-0.00949934870004654,0.020564427599310875,0.00659545324742794,-0.021729065604608522
2018-12-28,fold_5,2018 Vol-mageddon + Q4 sell-off,0.006598333828151226,1,0.008397532626986504,1,0.008397532626986504,0.01426509085285943,,,,1,83.97532626986504,-0.01703476347029209,0.03292231634259224,0.006598333828151226,0.36520208009465255
2018-12-31,fold_5,2018 Vol-mageddon + Q4 sell-off,0.00018391013145446777,1,0.00401133019477129,1,0.00401133019477129,0.01827642104763072,,,,1,40.1133019477129,-0.03238299489021301,0.03352988138794899,0.00018391013145446777,0.17395794166586181
2019-01-02,fold_5,2018 Vol-mageddon + Q4 sell-off,-0.00212673656642437,-1,-0.033216480165719986,-1,0.033216480165719986,0.051492901213350706,,,,1,332.16480165719986,-0.03823375701904297,0.03763500228524208,-0.00212673656642437,-1.4429433525971453
2019-01-03,fold_5,2018 Vol-mageddon + Q4 sell-off,0.0130086001008749,1,0.04189484566450119,1,0.04189484566450119,0.0933877468778519,,,,1,418.9484566450119,-0.016135048121213913,0.07370780408382416,0.0130086001008749,1.7546651131761455
2019-01-04,fold_5,2018 Vol-mageddon + Q4 sell-off,0.004933221265673637,1,0.011835084296762943,1,0.011835084296762943,0.10522283117461484,,,,1,118.35084296762943,-0.020917320623993874,0.028147896751761436,0.004933221265673637,0.4908543546392967
2019-01-07,fold_5,2018 Vol-mageddon + Q4 sell-off,-0.00022489018738269806,-1,0.009005100466310978,1,-0.009005100466310978,0.09621773070830386,,,,0,-90.05100466310978,-0.024583423510193825,0.0074369218200445175,-0.00022489018738269806,0.37203579793221414
2019-01-08,fold_5,2018 Vol-mageddon + Q4 sell-off,0.0012068264186382294,1,0.008116450160741806,1,0.008116450160741806,0.10433418086904567,,,,1,81.16450160741806,-0.01896573416888714,0.01776972971856594,0.0012068264186382294,0.3513725713332447
2019-01-09,fold_5,2018 Vol-mageddon + Q4 sell-off,-0.00044196657836437225,-1,0.0028563211672008038,1,-0.0028563211672008038,0.10147785970184486,,,,0,-28.563211672008038,-0.01514648087322712,0.009468733333051205,-0.00044196657836437225,0.12390206631015782
2019-01-10,fold_5,2018 Vol-mageddon + Q4 sell-off,0.0030559971928596497,1,-0.0036650579422712326,-1,-0.0036650579422712326,0.09781280175957363,,,,0,-36.650579422712326,-0.013462608680129051,0.014465805143117905,0.0030559971928596497,-0.15900432044947757
2019-01-11,fold_5,2018 Vol-mageddon + Q4 sell-off,0.002642393112182617,1,-0.00887589156627655,-1,-0.00887589156627655,0.08893691019329708,,,,0,-88.7589156627655,-0.00997249223291874,0.027982445433735847,0.002642393112182617,-0.3862234557550303
2019-01-14,fold_5,2018 Vol-mageddon + Q4 sell-off,0.004362042061984539,1,0.019337907433509827,1,0.019337907433509827,0.10827481762680691,,,,1,193.37907433509827,-0.002138407900929451,0.016624685376882553,0.004362042061984539,0.8383482210297947
2019-01-15,fold_5,2018 Vol-mageddon + Q4 sell-off,0.0036124922335147858,1,-0.0001845464576035738,-1,-0.0001845464576035738,0.10809027116920333,,,,0,-1.845464576035738,-0.006651056930422783,-0.0014171712100505829,0.0036124922335147858,-0.00808987921917732
2019-01-16,fold_5,2018 Vol-mageddon + Q4 sell-off,0.0021988973021507263,1,0.007853393442928791,1,0.007853393442928791,0.11594366461213212,,,,1,78.53393442928791,-0.0012728925794363022,0.0052218688651919365,0.0021988973021507263,0.35329712750900966
2019-01-17,fold_5,2018 Vol-mageddon + Q4 sell-off,0.0035139042884111404,1,0.009851583279669285,1,0.009851583279669285,0.1257952478918014,,,,1,98.51583279669285,-0.0031622834503650665,0.009246372617781162,0.0035139042884111404,0.4426878625243031
2019-01-18,fold_5,2018 Vol-mageddon + Q4 sell-off,0.0011006146669387817,1,-0.020233651623129845,-1,-0.020233651623129845,0.10556159626867156,,,,0,-202.33651623129845,-0.0011976435780525208,-0.013034457340836525,0.0011006146669387817,-0.9341151823620253
2019-01-22,fold_5,2018 Vol-mageddon + Q4 sell-off,0.002479810267686844,1,0.0012960510794073343,1,0.0012960510794073343,0.1068576473480789,,,,1,12.960510794073343,-0.008136952295899391,-0.002287453506141901,0.002479810267686844,0.05921816890991798
2019-01-23,fold_5,2018 Vol-mageddon + Q4 sell-off,0.0006078891456127167,1,0.006454493384808302,1,0.006454493384808302,0.1133121407328872,,,,1,64.54493384808302,0.003272288478910923,0.0215363297611475,0.0006078891456127167,0.31143682154349095
2019-01-24,fold_5,2018 Vol-mageddon + Q4 sell-off,0.0051427241414785385,1,0.011877898126840591,1,0.011877898126840591,0.1251900388597278,,,,1,118.77898126840591,0.0007564816623926163,0.02993958815932274,0.0051427241414785385,0.5938378744339285
2019-01-25,fold_5,2018 Vol-mageddon + Q4 sell-off,0.004480650648474693,1,-0.012429247610270977,-1,-0.012429247610270977,0.11276079124945682,,,,0,-124.29247610270977,0.008605677634477615,0.013830570504069328,0.004480650648474693,-0.8309956368039547
2019-01-28,fold_5,2018 Vol-mageddon + Q4 sell-off,0.004878276027739048,1,-0.009486648254096508,-1,-0.009486648254096508,0.10327414299536031,,,,0,-94.86648254096508,0.006564777344465256,0.038604870438575745,0.004878276027739048,-0.62459246102514
2019-01-29,fold_5,2018 Vol-mageddon + Q4 sell-off,0.006591598503291607,1,0.025119835510849953,1,0.025119835510849953,0.12839397850621026,,,,1,251.19835510849953,0.006643455009907484,0.05690077319741249,0.006591598503291607,1.6380173508875673
2019-01-30,fold_5,2018 Vol-mageddon + Q4 sell-off,0.006759557873010635,1,0.01485775038599968,1,0.01485775038599968,0.14325172889220994,,,,1,148.5775038599968,0.00259613711386919,0.028794310986995697,0.006759557873010635,0.9158159736361503
2019-01-31,fold_5,2018 Vol-mageddon + Q4 sell-off,0.011607376858592033,1,-0.004231119528412819,-1,-0.004231119528412819,0.13902060936379712,,,,0,-42.31119528412819,-0.0010819099843502045,0.00041609382606111467,0.011607376858592033,-0.25587502014519004
2019-02-01,fold_5,2018 Vol-mageddon + Q4 sell-off,0.005035086534917355,1,0.01234505232423544,1,0.01234505232423544,0.15136566168803256,,,,1,123.4505232423544,0.00011737830936908722,0.006606902461498976,0.005035086534917355,0.8338895394396779
2019-02-04,fold_5,2018 Vol-mageddon + Q4 sell-off,0.01101086474955082,1,0.008809252642095089,1,0.008809252642095089,0.16017491433012765,,,,1,88.09252642095089,-0.0016522137448191643,-0.006687937770038843,0.01101086474955082,0.7471241039746336
2019-02-05,fold_5,2018 Vol-mageddon + Q4 sell-off,0.008895735256373882,1,-0.0029866250697523355,-1,-0.0029866250697523355,0.1571882892603753,,,,0,-29.866250697523355,-0.003936385735869408,-0.0008191018714569509,0.008895735256373882,-0.25619367299360474
2019-02-06,fold_5,2018 Vol-mageddon + Q4 sell-off,0.0034072063863277435,1,-0.013520467095077038,-1,-0.013520467095077038,0.14366782216529828,,,,0,-135.20467095077038,0.0026221834123134613,0.002869384828954935,0.0034072063863277435,-1.175501688232634
2019-02-07,fold_5,2018 Vol-mageddon + Q4 sell-off,0.0045838188380002975,1,0.001959689659997821,1,0.001959689659997821,0.1456275118252961,,,,1,19.59689659997821,0.005905491299927235,0.017617112025618553,0.0045838188380002975,0.1667357073202623
2019-02-08,fold_5,2018 Vol-mageddon + Q4 sell-off,0.0024306215345859528,1,-0.0009497877908870578,-1,-0.0009497877908870578,0.14467772403440904,,,,0,-9.497877908870578,0.007054547313600779,0.019853880628943443,0.0024306215345859528,-0.08087375287144566
2019-02-11,fold_5,2018 Vol-mageddon + Q4 sell-off,0.003967899829149246,1,0.014678088948130608,1,0.014678088948130608,0.15935581298253965,,,,1,146.78088948130608,0.007916598580777645,0.022779028862714767,0.003967899829149246,1.2526771766344347
2019-02-12,fold_5,2018 Vol-mageddon + Q4 sell-off,0.0025433041155338287,1,0.0007018616888672113,1,0.0007018616888672113,0.16005767467140686,,,,1,7.018616888672113,0.003158510196954012,0.00792672112584114,0.0025433041155338287,0.05846206533534345
2019-02-13,fold_5,2018 Vol-mageddon + Q4 sell-off,0.0032381992787122726,1,0.001227260334417224,1,0.001227260334417224,0.16128493500582408,,,,1,12.27260334417224,0.0038844989612698555,0.0035608201287686825,0.0032381992787122726,0.10956938104039882
2019-02-14,fold_5,2018 Vol-mageddon + Q4 sell-off,0.0018946751952171326,1,0.004196458030492067,1,0.004196458030492067,0.16548139303631615,,,,1,41.96458030492067,0.004191606305539608,0.00970625039190054,0.0018946751952171326,0.3745484592003061
2019-02-15,fold_5,2018 Vol-mageddon + Q4 sell-off,0.002091486006975174,1,0.001975360093638301,1,0.001975360093638301,0.16745675312995445,,,,1,19.75360093638301,0.006330106873065233,0.009147333912551403,0.002091486006975174,0.1778756870323239
2019-02-19,fold_5,2018 Vol-mageddon + Q4 sell-off,0.0020938683301210403,1,-0.00017421865777578205,-1,-0.00017421865777578205,0.16728253447217867,,,,0,-1.7421865777578205,0.003756084945052862,0.008208819665014744,0.0020938683301210403,-0.015992804153815002
2019-02-20,fold_5,2018 Vol-mageddon + Q4 sell-off,0.0013911612331867218,1,-0.0036640395410358906,-1,-0.0036640395410358906,0.16361849493114278,,,,0,-36.640395410358906,0.0077331773936748505,0.007749252486974001,0.0013911612331867218,-0.3697444191702923
2019-02-21,fold_5,2018 Vol-mageddon + Q4 sell-off,0.0008674710988998413,1,0.007372690364718437,1,0.007372690364718437,0.17099118529586121,,,,1,73.72690364718437,0.004695718642324209,0.009106521494686604,0.0008674710988998413,0.7417759552143991
2019-02-22,fold_5,2018 Vol-mageddon + Q4 sell-off,0.0003515109419822693,1,0.0036375417839735746,1,0.0036375417839735746,0.1746287270798348,,,,1,36.375417839735746,0.00810083094984293,0.00863878894597292,0.0003515109419822693,0.36480757635248523
2019-02-25,fold_5,2018 Vol-mageddon + Q4 sell-off,0.0031489208340644836,1,0.0010368457296863198,1,0.0010368457296863198,0.1756655728095211,,,,1,10.368457296863198,0.00902397371828556,0.005173328332602978,0.0031489208340644836,0.10749815623397956
2019-02-26,fold_5,2018 Vol-mageddon + Q4 sell-off,0.0009376667439937592,1,-0.0006337863160297275,-1,-0.0006337863160297275,0.17503178649349138,,,,0,-6.337863160297275,0.009747223928570747,0.004881580825895071,0.0009376667439937592,-0.06859860697891929
2019-02-27,fold_5,2018 Vol-mageddon + Q4 sell-off,-0.0012771468609571457,-1,-0.002306770533323288,-1,0.002306770533323288,0.17733855702681467,,,,1,23.06770533323288,0.010026819072663784,-0.00017281183681916445,-0.0012771468609571457,-0.2564972928000794
2019-02-28,fold_5,2018 Vol-mageddon + Q4 sell-off,0.0014396067708730698,1,0.006904958747327328,1,0.006904958747327328,0.184243515774142,,,,1,69.04958747327328,0.008192520588636398,-0.010214511305093765,0.0014396067708730698,0.9804763321443797
2019-03-01,fold_5,2018 Vol-mageddon + Q4 sell-off,-0.0017275046557188034,-1,0.00017208090866915882,1,-0.00017208090866915882,0.18407143486547284,,,,0,-1.7208090866915882,0.007297156844288111,-0.018637001514434814,-0.0017275046557188034,0.026893411076215196
2019-03-04,fold_5,2018 Vol-mageddon + Q4 sell-off,-0.0005779117345809937,-1,0.0007450981065630913,1,-0.0007450981065630913,0.18332633675890975,,,,0,-7.450981065630913,0.005565081723034382,0.0017753717256709933,-0.0005779117345809937,0.11773856278902868
2019-03-05,fold_5,2018 Vol-mageddon + Q4 sell-off,-0.0019770488142967224,-1,-0.005688178818672895,-1,0.005688178818672895,0.18901451557758264,,,,1,56.881788186728954,0.006683989893645048,0.0065093920566141605,-0.0019770488142967224,-0.9984404366472546
2019-03-06,fold_5,2018 Vol-mageddon + Q4 sell-off,-0.001082535833120346,-1,-0.012348470278084278,-1,0.012348470278084278,0.20136298585566692,,,,1,123.48470278084278,0.010453627444803715,0.01968303509056568,-0.001082535833120346,-2.2472515457824884
2019-03-07,fold_5,2018 Vol-mageddon + Q4 sell-off,0.00048589520156383514,1,-0.0015175314620137215,-1,-0.0015175314620137215,0.1998454543936532,,,,0,-15.175314620137215,0.008595993742346764,0.030335213989019394,0.00048589520156383514,-0.2482345434549959
2019-03-08,fold_5,2018 Vol-mageddon + Q4 sell-off,-3.0605122447013855e-05,-1,0.020584454759955406,1,-0.020584454759955406,0.1792609996336978,,,,0,-205.84454759955406,0.01346744317561388,0.041090596467256546,-3.0605122447013855e-05,3.8661865610744894
2019-03-11,fold_5,2018 Vol-mageddon + Q4 sell-off,0.0004617646336555481,1,0.005479118321090937,1,0.005479118321090937,0.18474011795478873,,,,1,54.79118321090937,0.011059381999075413,0.022885199636220932,0.0004617646336555481,0.7800188928272659
2019-03-12,fold_5,2018 Vol-mageddon + Q4 sell-off,0.0017670616507530212,1,0.007485463283956051,1,0.007485463283956051,0.19222558123874478,,,,1,74.85463283956051,0.007681319955736399,0.020762847736477852,0.0017670616507530212,1.0502638374398423
2019-03-13,fold_5,2018 Vol-mageddon + Q4 sell-off,0.001284511759877205,1,-0.0016962912632152438,-1,-0.0016962912632152438,0.19052928997552954,,,,0,-16.962912632152438,0.005064245779067278,0.01723448745906353,0.001284511759877205,-0.259205191477666
2019-03-14,fold_5,2018 Vol-mageddon + Q4 sell-off,-0.00010701455175876617,-1,0.009237850084900856,1,-0.009237850084900856,0.18129143989062868,,,,0,-92.37850084900856,0.0033831321634352207,0.03444202244281769,-0.00010701455175876617,1.409647264496538
2019-03-15,fold_5,2018 Vol-mageddon + Q4 sell-off,0.0005231015384197235,1,0.0023790590930730104,1,0.0023790590930730104,0.1836704989837017,,,,1,23.790590930730104,0.004819865804165602,0.0029952730983495712,0.0005231015384197235,0.34651527241994967
2019-03-18,fold_5,2018 Vol-mageddon + Q4 sell-off,-0.0002474561333656311,-1,0.003356766188517213,1,-0.003356766188517213,0.18031373279518448,,,,0,-33.56766188517213,0.006306470837444067,-0.0012897165725007653,-0.0002474561333656311,0.49204903498740066
2019-03-19,fold_5,2018 Vol-mageddon + Q4 sell-off,-0.00027609802782535553,-1,0.003957103006541729,1,-0.003957103006541729,0.17635662978864275,,,,0,-39.57103006541729,0.008335664868354797,0.0,-0.00027609802782535553,0.5777674207829703
2019-03-20,fold_5,2018 Vol-mageddon + Q4 sell-off,-0.002037225291132927,-1,0.015511245466768742,1,-0.015511245466768742,0.160845384321874,,,,0,-155.11245466768742,0.007992405444383621,-0.010400827042758465,-0.002037225291132927,2.2461296638731625
2019-03-21,fold_5,2018 Vol-mageddon + Q4 sell-off,0.004277721047401428,1,-0.02220890112221241,-1,-0.02220890112221241,0.1386364831996616,,,,0,-222.0890112221241,0.00772219430655241,-0.023610059171915054,0.004277721047401428,-2.890170330312154
2019-03-22,fold_5,2018 Vol-mageddon + Q4 sell-off,0.0038447659462690353,1,-0.001905930577777326,-1,-0.001905930577777326,0.13673055262188427,,,,0,-19.05930577777326,0.008764270693063736,0.006141345482319593,0.0038447659462690353,-0.21178024690818373
2019-03-25,fold_5,2018 Vol-mageddon + Q4 sell-off,0.0010298565030097961,1,0.004646482411772013,1,0.004646482411772013,0.14137703503365628,,,,1,46.46482411772013,0.0171248447149992,0.021207502111792564,0.0010298565030097961,0.5178372879620403
2019-03-26,fold_5,2018 Vol-mageddon + Q4 sell-off,0.0002088993787765503,1,-0.006443724036216736,-1,-0.006443724036216736,0.13493331099743955,,,,0,-64.43724036216736,0.008821109309792519,0.02034425549209118,0.0002088993787765503,-0.7136034369894386
2019-03-27,fold_5,2018 Vol-mageddon + Q4 sell-off,0.0008735209703445435,1,0.0023020142689347267,1,0.0023020142689347267,0.13723532526637428,,,,1,23.020142689347267,0.012071821838617325,0.03251755237579346,0.0008735209703445435,0.25177956690205505
2019-03-28,fold_5,2018 Vol-mageddon + Q4 sell-off,-4.3161213397979736e-05,-1,0.007542503532022238,1,-0.007542503532022238,0.12969282173435204,,,,0,-75.42503532022238,0.012255890294909477,0.029834916815161705,-4.3161213397979736e-05,0.8249561163490199
2019-03-29,fold_5,2018 Vol-mageddon + Q4 sell-off,0.00028129667043685913,1,0.013160225003957748,1,0.013160225003957748,0.14285304673830979,,,,1,131.60225003957748,0.0120005514472723,0.027450084686279297,0.00028129667043685913,1.4354417979438217
2019-04-01,fold_5,2018 Vol-mageddon + Q4 sell-off,0.0005358606576919556,1,0.0037832369562238455,1,0.0037832369562238455,0.14663628369453363,,,,1,37.832369562238455,0.009960019960999489,0.01683189906179905,0.0005358606576919556,0.3929132302604623
2019-04-02,fold_5,2018 Vol-mageddon + Q4 sell-off,-4.233792424201965e-06,-1,0.005729572847485542,1,-0.005729572847485542,0.1409067108470481,,,,0,-57.29572847485542,0.010466245003044605,0.009531304240226746,-4.233792424201965e-06,0.5928572924656258
2019-04-03,fold_5,2018 Vol-mageddon + Q4 sell-off,0.001594526693224907,1,-0.0003806223103310913,-1,-0.0003806223103310913,0.140526088536717,,,,0,-3.806223103310913,0.0146529795601964,0.009153859689831734,0.001594526693224907,-0.03937922860941791
2019-04-04,fold_5,2018 Vol-mageddon + Q4 sell-off,0.0024477429687976837,1,0.00515767140313983,1,0.00515767140313983,0.14568375993985683,,,,1,51.576714031398296,0.011362319812178612,0.007159198634326458,0.0024477429687976837,0.5567941972777216
2019-04-05,fold_5,2018 Vol-mageddon + Q4 sell-off,-0.0010481178760528564,-1,0.0025420398451387882,1,-0.0025420398451387882,0.14314172009471804,,,,0,-25.420398451387882,0.012309439480304718,0.006315842270851135,-0.0010481178760528564,0.2725024093881886
2019-04-08,fold_5,2018 Vol-mageddon + Q4 sell-off,0.000923987478017807,1,-0.0035173578653484583,-1,-0.0035173578653484583,0.13962436222936958,,,,0,-35.17357865348458,0.016551852226257324,0.003935340326279402,0.000923987478017807,-0.43243918616901417
2019-04-09,fold_5,2018 Vol-mageddon + Q4 sell-off,0.0004975795745849609,1,0.005352128762751818,1,0.005352128762751818,0.1449764909921214,,,,1,53.52128762751818,0.01219731941819191,0.010890415869653225,0.0004975795745849609,0.6624467096671369
2019-04-10,fold_5,2018 Vol-mageddon + Q4 sell-off,-0.0002452768385410309,-1,-0.0023752839770168066,-1,0.0023752839770168066,0.1473517749691382,,,,1,23.752839770168066,0.014701316133141518,0.009017187170684338,-0.0002452768385410309,-0.29712804898278294
2019-04-11,fold_5,2018 Vol-mageddon + Q4 sell-off,-0.00017422810196876526,-1,0.004314315505325794,1,-0.004314315505325794,0.1430374594638124,,,,0,-43.14315505325794,0.012142466381192207,0.012674174271523952,-0.00017422810196876526,0.5391018631979752
2019-04-12,fold_5,2018 Vol-mageddon + Q4 sell-off,-0.0026988014578819275,-1,0.0001615378278074786,1,-0.0001615378278074786,0.14287592163600493,,,,0,-1.615378278074786,0.015859678387641907,0.011184216476976871,-0.0026988014578819275,0.020732427437063147
2019-04-15,fold_5,2018 Vol-mageddon + Q4 sell-off,-0.00014303624629974365,-1,0.0034377172123640776,1,-0.0034377172123640776,0.13943820442364085,,,,0,-34.377172123640776,0.012927725911140442,0.02366057224571705,-0.00014303624629974365,0.4422379245469731
2019-04-16,fold_5,2018 Vol-mageddon + Q4 sell-off,-0.0014629140496253967,-1,0.0034789007622748613,1,-0.0034789007622748613,0.135959303661366,,,,0,-34.78900762274861,0.01031314954161644,0.0170652624219656,-0.0014629140496253967,0.44743409613884627
2019-04-17,fold_5,2018 Vol-mageddon + Q4 sell-off,-0.0005200132727622986,-1,0.001281703356653452,1,-0.001281703356653452,0.13467760030471254,,,,0,-12.81703356653452,0.012292453087866306,0.017636874690651894,-0.0005200132727622986,0.16508748451011285
2019-04-18,fold_5,2018 Vol-mageddon + Q4 sell-off,0.0007305517792701721,1,0.002824357245117426,1,0.002824357245117426,0.13750195754982997,,,,1,28.24357245117426,0.013492723926901817,0.01724712736904621,0.0007305517792701721,0.4062728922046816
2019-04-22,fold_5,2018 Vol-mageddon + Q4 sell-off,-0.00213763490319252,-1,0.012637894600629807,1,-0.012637894600629807,0.12486406294920016,,,,0,-126.37894600629807,0.015328111127018929,0.016361890360713005,-0.00213763490319252,2.5761801972299163
2019-04-23,fold_5,2018 Vol-mageddon + Q4 sell-off,-0.0003226734697818756,-1,-0.0031575928442180157,-1,0.0031575928442180157,0.12802165579341818,,,,1,31.575928442180157,0.013742100447416306,-0.004054222255945206,-0.0003226734697818756,-0.5593278337476337
2019-04-24,fold_5,2018 Vol-mageddon + Q4 sell-off,0.001696847379207611,1,0.004050512798130512,1,0.004050512798130512,0.1320721685915487,,,,1,40.50512798130512,0.014909794554114342,-0.004119951277971268,0.001696847379207611,0.7241279199257808
2019-04-25,fold_5,2018 Vol-mageddon + Q4 sell-off,0.0005995556712150574,1,0.0008919559768401086,1,0.0008919559768401086,0.1329641245683888,,,,1,8.919559768401086,0.012614619918167591,-0.012520142830908298,0.0005995556712150574,0.16275839997497182
2019-04-26,fold_5,2018 Vol-mageddon + Q4 sell-off,0.0034608785063028336,1,0.0019391197711229324,1,0.0019391197711229324,0.13490324433951173,,,,1,19.391197711229324,0.014961126260459423,0.002410326385870576,0.0034608785063028336,0.3551721476100761
2019-04-29,fold_5,2018 Vol-mageddon + Q4 sell-off,0.0019048750400543213,1,-0.007778218016028404,-1,-0.007778218016028404,0.12712502632348333,,,,0,-77.78218016028404,0.01258530281484127,-0.005670021288096905,0.0019048750400543213,-1.4927381154327648
2020-03-23,fold_6,COVID crash and V-recovery,0.06392218172550201,1,0.07458554953336716,1,0.07458554953336716,0.07458554953336716,,,,1,745.8554953336716,0.07401856780052185,0.11920323222875595,0.06392218172550201,1.3619532583716727
2020-03-24,fold_6,COVID crash and V-recovery,0.045833226293325424,1,-0.007432425860315561,-1,-0.007432425860315561,0.0671531236730516,,,,0,-74.32425860315561,0.01743132807314396,0.03604106232523918,0.045833226293325424,-0.13059038406955709
2020-03-25,fold_6,COVID crash and V-recovery,0.043035902082920074,1,0.05132082477211952,1,0.05132082477211952,0.11847394844517112,,,,1,513.2082477211952,-0.018103841692209244,5.4859290685271844e-05,0.043035902082920074,0.9015247831095355
2020-03-26,fold_6,COVID crash and V-recovery,0.02576359733939171,1,-0.034998346120119095,-1,-0.034998346120119095,0.08347560232505202,,,,0,-349.98346120119095,-0.0771266296505928,-0.031174037605524063,0.02576359733939171,-0.6148211832518793
2020-03-27,fold_6,COVID crash and V-recovery,0.032023243606090546,1,0.03572762385010719,1,0.03572762385010719,0.11920322617515922,,,,1,357.27623850107193,-0.047539032995700836,-0.010470139794051647,0.032023243606090546,0.6217869710557287
2020-03-30,fold_6,COVID crash and V-recovery,0.04388339817523956,1,-0.008576614782214165,-1,-0.008576614782214165,0.11062661139294505,,,,0,-85.76614782214165,-0.09208637475967407,0.02285684272646904,0.04388339817523956,-0.15070272679850347
2020-03-31,fold_6,COVID crash and V-recovery,0.034381598234176636,1,-0.043418630957603455,-1,-0.043418630957603455,0.0672079804353416,,,,0,-434.18630957603455,-0.06919284164905548,0.031026244163513184,0.034381598234176636,-0.7688141008966403
2020-04-01,fold_6,COVID crash and V-recovery,0.04439058154821396,1,0.02009192667901516,1,0.02009192667901516,0.08729990711435676,,,,1,200.9192667901516,-0.0010762345045804977,0.09545475989580154,0.04439058154821396,0.355171613440864
2020-04-02,fold_6,COVID crash and V-recovery,0.04298952966928482,1,-0.014294445514678955,-1,-0.014294445514678955,0.0730054615996778,,,,0,-142.94445514678955,-0.026888879016041756,0.07680775225162506,0.04298952966928482,-0.25377689003712767
2020-04-03,fold_6,COVID crash and V-recovery,0.03277472406625748,1,0.06905461102724075,1,0.06905461102724075,0.14206007262691855,,,,1,690.5461102724075,-0.027224896475672722,0.10184760391712189,0.03277472406625748,1.2267871397796892
2020-04-06,fold_6,COVID crash and V-recovery,0.022425562143325806,1,-0.00040721436380408704,-1,-0.00040721436380408704,0.14165285826311447,,,,0,-4.07214363804087,-0.06838919222354889,0.07536505907773972,0.022425562143325806,-0.007258143756962585
2020-04-07,fold_6,COVID crash and V-recovery,0.009550465270876884,1,0.021009888499975204,1,0.021009888499975204,0.16266274676308967,,,,1,210.09888499975204,-0.08142548054456711,0.0642361268401146,0.009550465270876884,0.38312905774086525
2020-04-08,fold_6,COVID crash and V-recovery,0.004551459103822708,1,0.0014449184527620673,1,0.0014449184527620673,0.16410766521585174,,,,1,14.449184527620673,-0.09552295506000519,0.06130203232169151,0.004551459103822708,0.026693376605347516
2020-04-09,fold_6,COVID crash and V-recovery,0.016133302822709084,1,0.010745402425527573,1,0.010745402425527573,0.1748530676413793,,,,1,107.45402425527573,-0.05663791298866272,0.0693778470158577,0.016133302822709084,0.2163080765123416
2020-04-13,fold_6,COVID crash and V-recovery,0.014485267922282219,1,0.04257206618785858,1,0.04257206618785858,0.2174251338292379,,,,1,425.7206618785858,-0.011929482221603394,0.046717315912246704,0.014485267922282219,0.9196391109077393
2020-04-14,fold_6,COVID crash and V-recovery,0.016702400520443916,1,-0.011536145582795143,-1,-0.011536145582795143,0.20588898824644275,,,,0,-115.36145582795143,-0.00961662083864212,-0.03345223888754845,0.016702400520443916,-0.3061814340177442
2020-04-15,fold_6,COVID crash and V-recovery,-0.0038331467658281326,-1,0.018075792118906975,1,-0.018075792118906975,0.18781319612753578,,,,0,-180.75792118906975,-0.0029782243072986603,0.007326609455049038,-0.0038331467658281326,0.5309427510377467
2020-04-16,fold_6,COVID crash and V-recovery,-0.005271226167678833,-1,0.00952073186635971,1,-0.00952073186635971,0.17829246426117606,,,,0,-95.2073186635971,0.002352978102862835,-0.012884554453194141,-0.005271226167678833,0.28351655070026416
2020-04-17,fold_6,COVID crash and V-recovery,-0.0025318097323179245,-1,-0.011915127746760845,-1,0.011915127746760845,0.1902075920079369,,,,1,119.15127746760845,-0.0012343833222985268,-0.006757906638085842,-0.0025318097323179245,-0.35438838311293325
2020-04-20,fold_6,COVID crash and V-recovery,-0.0017179884016513824,-1,-0.03759749233722687,-1,0.03759749233722687,0.22780508434516378,,,,1,375.9749233722687,0.01741907000541687,0.013168531470000744,-0.0017179884016513824,-1.156075156829076
2020-04-21,fold_6,COVID crash and V-recovery,0.008656341582536697,1,0.029242703691124916,1,0.029242703691124916,0.2570477880362887,,,,1,292.42703691124916,0.02340620569884777,0.031751591712236404,0.008656341582536697,0.8705687119503405
2020-04-22,fold_6,COVID crash and V-recovery,0.001275835558772087,1,-0.002135372254997492,-1,-0.002135372254997492,0.2549124157812912,,,,0,-21.35372254997492,0.01797989197075367,0.03735563904047012,0.001275835558772087,-0.07146079430570496
2020-04-23,fold_6,COVID crash and V-recovery,-0.0005851909518241882,-1,0.01564737968146801,1,-0.01564737968146801,0.2392650360998232,,,,0,-156.4737968146801,0.021951477974653244,0.03907999396324158,-0.0005851909518241882,0.524388295378778
2020-04-24,fold_6,COVID crash and V-recovery,0.000822853296995163,1,0.00801131036132574,1,0.00801131036132574,0.24727634646114893,,,,1,80.11310361325741,0.009144608862698078,-0.005157221108675003,0.000822853296995163,0.28853254756205166
2020-04-27,fold_6,COVID crash and V-recovery,0.017713190987706184,1,-0.019014431163668633,-1,-0.019014431163668633,0.2282619152974803,,,,0,-190.14431163668633,-0.005607737228274345,-0.0015784892020747066,0.017713190987706184,-0.7121462546267044
2020-04-28,fold_6,COVID crash and V-recovery,0.011179391294717789,1,0.034846752882003784,1,0.034846752882003784,0.2631086681794841,,,,1,348.46752882003784,-0.01055140234529972,0.02870927006006241,0.011179391294717789,1.349116258860208
2020-04-29,fold_6,COVID crash and V-recovery,0.0027706027030944824,1,-0.00041101736132986844,-1,-0.00041101736132986844,0.2626976508181542,,,,0,-4.110173613298684,0.00971994549036026,0.0,0.0027706027030944824,-0.015273329603258962
2020-04-30,fold_6,COVID crash and V-recovery,0.003666423261165619,1,-0.02858983725309372,-1,-0.02858983725309372,0.2341078135650605,,,,0,-285.8983725309372,0.015692979097366333,0.013205603696405888,0.003666423261165619,-1.139100475499464
2020-05-01,fold_6,COVID crash and V-recovery,-0.00513642281293869,-1,0.011590042151510715,1,-0.011590042151510715,0.22251777141354978,,,,0,-115.90042151510715,0.005116819404065609,0.05540729686617851,-0.00513642281293869,0.454380527434365
2020-05-04,fold_6,COVID crash and V-recovery,-0.0055109672248363495,-1,0.011273329146206379,1,-0.011273329146206379,0.2112444422673434,,,,0,-112.73329146206379,-0.0024524834007024765,0.05271638184785843,-0.0055109672248363495,0.4431575926811178
2020-05-05,fold_6,COVID crash and V-recovery,-0.00992845743894577,-1,0.006137482821941376,1,-0.006137482821941376,0.20510695944540203,,,,0,-61.37482821941376,-0.007601184770464897,0.020283684134483337,-0.00992845743894577,0.3012582525123526
2020-05-06,fold_6,COVID crash and V-recovery,-0.011497106403112411,-1,0.012794585898518562,1,-0.012794585898518562,0.19231237354688346,,,,0,-127.94585898518562,0.0024776142090559006,0.0015512654790654778,-0.011497106403112411,0.6266082108417178
2020-05-07,fold_6,COVID crash and V-recovery,-0.0074789077043533325,-1,0.013611855916678905,1,-0.013611855916678905,0.17870051763020456,,,,0,-136.11855916678905,0.008982659317553043,4.5156863052397966e-05,-0.0074789077043533325,0.6780198336118983
2020-05-08,fold_6,COVID crash and V-recovery,-0.007856091484427452,-1,0.008899128064513206,1,-0.008899128064513206,0.16980138956569135,,,,0,-88.99128064513206,0.0015972983092069626,-0.007096275221556425,-0.007856091484427452,0.4383214928755762
2020-05-11,fold_6,COVID crash and V-recovery,-0.0027550235390663147,-1,-0.021159369498491287,-1,0.021159369498491287,0.19096075906418264,,,,1,211.59369498491287,0.004813374951481819,0.002465191762894392,-0.0027550235390663147,-1.0444928112474263
2020-05-12,fold_6,COVID crash and V-recovery,-0.007836597040295601,-1,-0.012594935484230518,-1,0.012594935484230518,0.20355569454841316,,,,1,125.94935484230518,0.0063036782667040825,0.021115215495228767,-0.007836597040295601,-0.6809020398622824
2020-05-13,fold_6,COVID crash and V-recovery,-0.0017262175679206848,-1,0.011288478039205074,1,-0.011288478039205074,0.19226721650920808,,,,0,-112.88478039205074,0.005445936694741249,0.053481537848711014,-0.0017262175679206848,0.6091367844048735
2020-05-14,fold_6,COVID crash and V-recovery,-0.00518440268933773,-1,0.006470423191785812,1,-0.006470423191785812,0.18579679331742227,,,,0,-64.70423191785812,0.005891829263418913,0.031242623925209045,-0.00518440268933773,0.3543286206546096
2020-05-15,fold_6,COVID crash and V-recovery,-0.0005020331591367722,-1,0.018460595980286598,1,-0.018460595980286598,0.16733619733713567,,,,0,-184.60595980286598,0.006017819046974182,0.028218109160661697,-0.0005020331591367722,1.0146429521600169
2020-05-18,fold_6,COVID crash and V-recovery,-0.0034818239510059357,-1,-0.002509345533326268,-1,0.002509345533326268,0.16984554287046194,,,,1,25.093455333262682,0.003686391282826662,0.0070541235618293285,-0.0034818239510059357,-0.1358947902996018
2020-05-19,fold_6,COVID crash and V-recovery,-0.003527030348777771,-1,0.019771385937929153,1,-0.019771385937929153,0.1500741569325328,,,,0,-197.71385937929153,0.002615294884890318,0.015006253495812416,-0.003527030348777771,1.2019011447599568
2020-05-20,fold_6,COVID crash and V-recovery,-0.010633930563926697,-1,-0.010950435884296894,-1,0.010950435884296894,0.16102459281682968,,,,1,109.50435884296894,0.015201522037386894,-0.006068696733564138,-0.010633930563926697,-0.6962042515893885
2020-05-21,fold_6,COVID crash and V-recovery,-0.01095026545226574,-1,0.003445908660069108,1,-0.003445908660069108,0.15757868415676057,,,,0,-34.45908660069108,0.006219146773219109,0.01942809484899044,-0.01095026545226574,0.21657318928388547
2020-05-22,fold_6,COVID crash and V-recovery,-0.011386141180992126,-1,-0.0027033903170377016,-1,0.0027033903170377016,0.16028207447379827,,,,1,27.033903170377016,0.00939993467181921,0.018977487459778786,-0.011386141180992126,-0.17395546199459244
2020-05-26,fold_6,COVID crash and V-recovery,-0.015607587993144989,-1,0.005442784167826176,1,-0.005442784167826176,0.1548392903059721,,,,0,-54.42784167826176,0.0071608684957027435,0.028366241604089737,-0.015607587993144989,0.3523078665915714
2020-05-27,fold_6,COVID crash and V-recovery,-0.008413057774305344,-1,-0.00130356359295547,-1,0.00130356359295547,0.15614285389892757,,,,1,13.0356359295547,0.013480151072144508,0.02741178125143051,-0.008413057774305344,-0.08747495646310993
2020-05-28,fold_6,COVID crash and V-recovery,-0.010207772254943848,-1,0.014546356163918972,1,-0.014546356163918972,0.1415964977350086,,,,0,-145.46356163918972,0.004235453438013792,0.02167745679616928,-0.010207772254943848,1.144836825768415
2020-05-29,fold_6,COVID crash and V-recovery,-0.0051225218921899796,-1,0.002995300805196166,1,-0.002995300805196166,0.13860119692981243,,,,0,-29.95300805196166,0.006802046671509743,0.026764295995235443,-0.0051225218921899796,0.22837949258839393
2020-06-01,fold_6,COVID crash and V-recovery,-0.0013322830200195312,-1,0.006685362663120031,1,-0.006685362663120031,0.1319158342666924,,,,0,-66.85362663120031,0.017244450747966766,0.03149901330471039,-0.0013322830200195312,0.5827813231771511
2020-06-02,fold_6,COVID crash and V-recovery,-0.0037199072539806366,-1,0.004488324746489525,1,-0.004488324746489525,0.12742750952020288,,,,0,-44.88324746489525,0.010986671783030033,0.032032568007707596,-0.0037199072539806366,0.3980972830499163
2020-06-03,fold_6,COVID crash and V-recovery,-0.0005284249782562256,-1,-0.007037887815386057,-1,0.007037887815386057,0.13446539733558893,,,,1,70.37887815386057,0.01730935275554657,0.03947428986430168,-0.0005284249782562256,-0.6377926107384717
2020-06-04,fold_6,COVID crash and V-recovery,-0.005799043923616409,-1,0.01963319443166256,1,-0.01963319443166256,0.11483220290392637,,,,0,-196.3319443166256,0.023457318544387817,-0.0043064602650702,-0.005799043923616409,1.7748960173917738
2020-06-05,fold_6,COVID crash and V-recovery,-0.0029067620635032654,-1,0.00773001741617918,1,-0.00773001741617918,0.10710218548774719,,,,0,-77.3001741617918,0.03023349493741989,-0.016023224219679832,-0.0029067620635032654,0.6691537153486794
2020-06-08,fold_6,COVID crash and V-recovery,0.0035762470215559006,1,0.007218916900455952,1,0.007218916900455952,0.11432110238820314,,,,1,72.18916900455952,0.03481006622314453,-0.011659504845738411,0.0035762470215559006,0.6401453804806366
2020-06-09,fold_6,COVID crash and V-recovery,-0.007528932765126228,-1,0.01193004846572876,1,-0.01193004846572876,0.10239105392247438,,,,0,-119.3004846572876,0.03818613290786743,-0.0018512934911996126,-0.007528932765126228,1.0635877806641232
2020-06-10,fold_6,COVID crash and V-recovery,0.003370877355337143,1,-0.050818637013435364,-1,-0.050818637013435364,0.05157241690903902,,,,0,-508.18637013435364,0.020425010472536087,-0.01061584148555994,0.003370877355337143,-4.833366497560921
2020-06-11,fold_6,COVID crash and V-recovery,-0.0009739026427268982,-1,0.007916430942714214,1,-0.007916430942714214,0.043655985966324806,,,,0,-79.16430942714214,0.0030586295761168003,0.04290812090039253,-0.0009739026427268982,0.5200283997094477
2020-06-12,fold_6,COVID crash and V-recovery,-0.006108732894062996,-1,0.012093736790120602,1,-0.012093736790120602,0.031562249176204205,,,,0,-120.93736790120602,0.018869705498218536,0.0348283015191555,-0.006108732894062996,0.8000435567549711
2020-06-15,fold_6,COVID crash and V-recovery,-0.004072397947311401,-1,0.017027128487825394,1,-0.017027128487825394,0.014535120688378811,,,,0,-170.27128487825394,0.01574217528104782,0.03465566039085388,-0.004072397947311401,1.1137561430626872
2020-06-16,fold_6,COVID crash and V-recovery,-0.002697700634598732,-1,0.0031655009370297194,1,-0.0031655009370297194,0.011369619751349092,,,,0,-31.655009370297194,0.015587035566568375,0.026103550568223,-0.002697700634598732,0.20819354101787516
2020-06-17,fold_6,COVID crash and V-recovery,-0.004111774265766144,-1,0.002705324674025178,1,-0.002705324674025178,0.008664295077323914,,,,0,-27.05324674025178,0.01169288344681263,0.002107067499309778,-0.004111774265766144,0.1778563538394904
2020-06-18,fold_6,COVID crash and V-recovery,-0.0036649033427238464,-1,-0.00016339019930455834,-1,0.00016339019930455834,0.008827685276628472,,,,1,1.6339019930455834,0.008117484860122204,0.008876042440533638,-0.0036649033427238464,-0.011216744710318296
2020-06-19,fold_6,COVID crash and V-recovery,0.0016559101641178131,1,0.01192109752446413,1,0.01192109752446413,0.020748782801092602,,,,1,119.2109752446413,0.011143019422888756,-0.01485886238515377,0.0016559101641178131,0.8301943175953945
2020-06-22,fold_6,COVID crash and V-recovery,-1.862272620201111e-05,-1,0.008475018665194511,1,-0.008475018665194511,0.012273764135898091,,,,0,-84.75018665194511,0.011481721885502338,-0.01593226008117199,-1.862272620201111e-05,0.5811019860795387
2020-06-23,fold_6,COVID crash and V-recovery,0.0006110668182373047,1,-0.02083098329603672,-1,-0.02083098329603672,-0.00855721916013863,,,,0,-208.3098329603672,0.011458536610007286,-0.004995599389076233,0.0006110668182373047,-1.4175974704980616
2020-06-24,fold_6,COVID crash and V-recovery,-0.00259401835501194,-1,0.009474299848079681,1,-0.009474299848079681,-0.01803151900821831,,,,0,-94.74299848079681,0.008515295572578907,0.02743980661034584,-0.00259401835501194,0.6165341995312399
2020-06-25,fold_6,COVID crash and V-recovery,-0.003312317654490471,-1,-0.023898296058177948,-1,0.023898296058177948,0.005866777049959637,,,,1,238.98296058177948,0.010700422339141369,0.02472933940589428,-0.003312317654490471,-1.5408676806680528
2020-06-26,fold_6,COVID crash and V-recovery,-0.0012248270213603973,-1,0.010847700759768486,1,-0.010847700759768486,-0.004980923709808849,,,,0,-108.47700759768486,0.006137375254184008,0.07291491329669952,-0.0012248270213603973,0.6746617427209867
2020-06-29,fold_6,COVID crash and V-recovery,-0.0009849593043327332,-1,0.01941167749464512,1,-0.01941167749464512,-0.024392601204453968,,,,0,-194.1167749464512,0.012388495728373528,0.05515451729297638,-0.0009849593043327332,1.1947957833765366
2020-06-30,fold_6,COVID crash and V-recovery,0.00018045306205749512,1,0.011604422703385353,1,0.011604422703385353,-0.012788178501068614,,,,1,116.04422703385353,0.0023781899362802505,0.048828642815351486,0.00018045306205749512,0.692796584541074
2020-07-01,fold_6,COVID crash and V-recovery,-0.0011003408581018448,-1,0.00676383264362812,1,-0.00676383264362812,-0.019552011144696735,,,,0,-67.6383264362812,-0.0017970185726881027,0.04561207443475723,-0.0011003408581018448,0.39974959804786203
2020-07-02,fold_6,COVID crash and V-recovery,-0.0008727163076400757,-1,0.024287275969982147,1,-0.024287275969982147,-0.04383928711467888,,,,0,-242.87275969982147,0.00017303507775068283,0.04565257206559181,-0.0008727163076400757,1.4358778581058032
2020-07-06,fold_6,COVID crash and V-recovery,0.0035539567470550537,1,-0.006912693381309509,-1,-0.006912693381309509,-0.05075198049598839,,,,0,-69.12693381309509,0.001394946128129959,0.0005803222302347422,0.0035539567470550537,-0.40157268428087856
2020-07-07,fold_6,COVID crash and V-recovery,0.00035136938095092773,1,0.01308580581098795,1,0.01308580581098795,-0.03766617468500044,,,,1,130.8580581098795,0.00020071212202310562,0.014546205289661884,0.00035136938095092773,0.760950319818398
2020-07-08,fold_6,COVID crash and V-recovery,-0.0004704594612121582,-1,0.008387851528823376,1,-0.008387851528823376,-0.04605402621382382,,,,0,-83.87851528823376,0.010200886987149715,0.0034939206670969725,-0.0004704594612121582,0.4829213491086964
2020-07-09,fold_6,COVID crash and V-recovery,-0.0003417395055294037,-1,0.006804332137107849,1,-0.006804332137107849,-0.05285835835093167,,,,0,-68.04332137107849,0.005437550600618124,-0.01173989288508892,-0.0003417395055294037,0.39410950525264227
2020-07-10,fold_6,COVID crash and V-recovery,-0.0014147236943244934,-1,-0.020784974098205566,-1,0.020784974098205566,-0.0320733842527261,,,,1,207.84974098205566,0.013608221895992756,-0.017386941239237785,-0.0014147236943244934,-1.5882076019087286
2020-07-13,fold_6,COVID crash and V-recovery,0.0007669832557439804,1,0.007053189445286989,1,0.007053189445286989,-0.02502019480743911,,,,1,70.53189445286989,0.01152192335575819,0.031374141573905945,0.0007669832557439804,0.5120446139780346
2020-07-14,fold_6,COVID crash and V-recovery,0.0010089855641126633,1,0.0020335218869149685,1,0.0020335218869149685,-0.022986672920524143,,,,1,20.335218869149685,0.00839450117200613,0.013845482841134071,0.0010089855641126633,0.14954269287114882
2020-07-15,fold_6,COVID crash and V-recovery,0.003887411206960678,1,-0.006845961790531874,-1,-0.006845961790531874,-0.029832634711056016,,,,0,-68.45961790531874,0.00775800971314311,0.01532869040966034,0.003887411206960678,-0.5241009812391734
2020-07-16,fold_6,COVID crash and V-recovery,-0.0028202924877405167,-1,0.0011572843650355935,1,-0.0011572843650355935,-0.03098991907609161,,,,0,-11.572843650355935,0.0031650643795728683,-0.004292608238756657,-0.0028202924877405167,0.08812283189001813
2020-07-17,fold_6,COVID crash and V-recovery,-0.0016778502613306046,-1,0.027976106852293015,1,-0.027976106852293015,-0.058966025928384624,,,,0,-279.76106852293015,0.003457217011600733,-0.01499137282371521,-0.0016778502613306046,2.132123708338193
2020-07-20,fold_6,COVID crash and V-recovery,0.005038043484091759,1,-0.010475467890501022,-1,-0.010475467890501022,-0.06944149381888565,,,,0,-104.75467890501022,0.004300929605960846,-0.025281477719545364,0.005038043484091759,-0.7206510227050099
2020-07-21,fold_6,COVID crash and V-recovery,0.003385830670595169,1,0.0035167301539331675,1,0.0035167301539331675,-0.06592476366495248,,,,1,35.167301539331675,0.004683255217969418,-0.027612756937742233,0.003385830670595169,0.24286262614215368
2020-07-22,fold_6,COVID crash and V-recovery,0.003924692049622536,1,-0.026467259973287582,-1,-0.026467259973287582,-0.09239202363824006,,,,0,-264.6725997328758,0.011635027825832367,-0.019669238477945328,0.003924692049622536,-1.8409053843650716
2020-07-23,fold_6,COVID crash and V-recovery,0.0018810778856277466,1,-0.009541480801999569,-1,-0.009541480801999569,-0.10193350444023963,,,,0,-95.41480801999569,0.008326900191605091,0.012019885703921318,0.0018810778856277466,-0.6432334964953011
2020-07-24,fold_6,COVID crash and V-recovery,-0.0009657107293605804,-1,0.01768600009381771,1,-0.01768600009381771,-0.11961950453405734,,,,0,-176.8600009381771,0.006494062952697277,0.03924935311079025,-0.0009657107293605804,1.1921186983156284
2020-07-27,fold_6,COVID crash and V-recovery,0.0025378484278917313,1,-0.012806747108697891,-1,-0.012806747108697891,-0.13242625164275523,,,,0,-128.0674710869789,0.005496090278029442,0.034980401396751404,0.0025378484278917313,-0.8897363445671662
2020-07-28,fold_6,COVID crash and V-recovery,0.00027726590633392334,1,0.011460249312222004,1,0.011460249312222004,-0.12096600233053323,,,,1,114.60249312222004,0.0062210094183683395,0.05149209499359131,0.00027726590633392334,0.7917747031445751
2020-07-29,fold_6,COVID crash and V-recovery,-0.0028832927346229553,-1,0.0052218628115952015,1,-0.0052218628115952015,-0.12618786514212843,,,,0,-52.218628115952015,0.007213064003735781,0.042506542056798935,-0.0028832927346229553,0.3718284970110825
2020-07-30,fold_6,COVID crash and V-recovery,-0.001420348882675171,-1,0.01768798753619194,1,-0.01768798753619194,-0.14387585267832037,,,,0,-176.8798753619194,0.005084840580821037,0.05044260248541832,-0.001420348882675171,1.2769965562045513
2020-07-31,fold_6,COVID crash and V-recovery,0.00038752704858779907,1,0.013417048379778862,1,0.013417048379778862,-0.1304588042985415,,,,1,134.17048379778862,0.010244809091091156,0.021145181730389595,0.00038752704858779907,0.9366016124301634
2020-08-03,fold_6,COVID crash and V-recovery,-0.0009100809693336487,-1,0.003704946953803301,1,-0.003704946953803301,-0.1341637512523448,,,,0,-37.04946953803301,0.00561860203742981,0.0034460306633263826,-0.0009100809693336487,0.27259952974596996
2020-08-04,fold_6,COVID crash and V-recovery,0.0022251680493354797,1,0.0024746968410909176,1,0.0024746968410909176,-0.1316890544112539,,,,1,24.746968410909176,0.00923402700573206,-0.01938198134303093,0.0022251680493354797,0.18292635050540385
2020-08-05,fold_6,COVID crash and V-recovery,0.005138843320310116,1,0.013157923705875874,1,0.013157923705875874,-0.11853113070537802,,,,1,131.57923705875874,0.014743373729288578,0.0029841316863894463,0.005138843320310116,0.9953246352301299
2020-08-06,fold_6,COVID crash and V-recovery,0.011309920810163021,1,-0.011609433218836784,-1,-0.011609433218836784,-0.1301405639242148,,,,0,-116.09433218836784,0.015397670678794384,-0.00789579376578331,0.011309920810163021,-0.8655564505121134
2020-08-07,fold_6,COVID crash and V-recovery,0.005843423306941986,1,-0.004282103851437569,-1,-0.004282103851437569,-0.13442266777565237,,,,0,-42.82103851437569,0.008702565915882587,0.002538258209824562,0.005843423306941986,-0.315403274167436
2020-08-10,fold_6,COVID crash and V-recovery,0.005045292899012566,1,-0.01912306621670723,-1,-0.01912306621670723,-0.1535457339923596,,,,0,-191.2306621670723,0.013035054318606853,0.018364673480391502,0.005045292899012566,-1.4949017218268141
2020-08-11,fold_6,COVID crash and V-recovery,-0.001742050051689148,-1,0.024840809404850006,1,-0.024840809404850006,-0.1783865433972096,,,,0,-248.40809404850006,0.004287387244403362,0.04706699773669243,-0.001742050051689148,1.854425462059186
2020-08-12,fold_6,COVID crash and V-recovery,-0.0012513529509305954,-1,0.002277998486533761,1,-0.002277998486533761,-0.18066454188374337,,,,0,-22.77998486533761,0.005402098875492811,0.015475744381546974,-0.0012513529509305954,0.1571654526123982
2020-08-13,fold_6,COVID crash and V-recovery,0.0014313273131847382,1,-0.0011753810103982687,-1,-0.0011753810103982687,-0.18183992289414164,,,,0,-11.753810103982687,0.0024719201028347015,0.026974011212587357,0.0014313273131847382,-0.08149801908205123
2020-08-14,fold_6,COVID crash and V-recovery,-0.004059795290231705,-1,0.011544312350451946,1,-0.011544312350451946,-0.19338423524459358,,,,0,-115.44312350451946,0.0052667101845145226,0.03505614399909973,-0.004059795290231705,0.8004500661944717
2020-08-17,fold_6,COVID crash and V-recovery,0.0012873224914073944,1,0.009579257108271122,1,0.009579257108271122,-0.18380497813632246,,,,1,95.79257108271122,0.009916999377310276,0.029736364260315895,0.0012873224914073944,0.7230246261558297
2020-08-18,fold_6,COVID crash and V-recovery,0.001925462856888771,1,-0.006750442553311586,-1,-0.006750442553311586,-0.19055542068963405,,,,0,-67.50442553311586,0.008165591396391392,0.027988793328404427,0.001925462856888771,-0.510820204822413
2020-08-19,fold_6,COVID crash and V-recovery,-0.0002822689712047577,-1,0.013776266016066074,1,-0.013776266016066074,-0.20433168670570012,,,,0,-137.76266016066074,0.007458826992660761,0.05585353076457977,-0.0002822689712047577,1.037559246659717
2020-08-20,fold_6,COVID crash and V-recovery,0.000214308500289917,1,0.0069067515432834625,1,0.0069067515432834625,-0.19742493516241666,,,,1,69.06751543283463,0.006490875966846943,0.038955897092819214,0.000214308500289917,0.5625156236933915
2020-08-21,fold_6,COVID crash and V-recovery,0.004014715552330017,1,0.006224532146006823,1,0.006224532146006823,-0.19120040301640984,,,,1,62.245321460068226,0.00974266417324543,0.0371214896440506,0.004014715552330017,0.5106356876868382
2020-08-24,fold_6,COVID crash and V-recovery,0.0012210868299007416,1,0.007831685245037079,1,0.007831685245037079,-0.18336871777137276,,,,1,78.31685245037079,0.011207882314920425,0.038897957652807236,0.0012210868299007416,0.6743238686894301
2020-08-25,fold_6,COVID crash and V-recovery,0.0004073306918144226,1,0.021114297211170197,1,0.021114297211170197,-0.16225442056020256,,,,1,211.14297211170197,0.008119257166981697,0.04801339656114578,0.0004073306918144226,1.8535998038712649
2020-08-26,fold_6,COVID crash and V-recovery,0.004835379309952259,1,-0.003121370915323496,-1,-0.003121370915323496,-0.16537579147552606,,,,0,-31.21370915323496,0.009842933155596256,0.036324240267276764,0.004835379309952259,-0.2587895593319744
2020-08-27,fold_6,COVID crash and V-recovery,0.0031110960990190506,1,0.005072346422821283,1,0.005072346422821283,-0.16030344505270477,,,,1,50.72346422821283,0.009745877236127853,-0.012585151940584183,0.0031110960990190506,0.42181512853870085
2020-08-28,fold_6,COVID crash and V-recovery,0.0024429243057966232,1,0.008001000620424747,1,0.008001000620424747,-0.15230244443228003,,,,1,80.01000620424747,0.014166489243507385,-0.03107313998043537,0.0024429243057966232,0.7010740917333799
2020-08-31,fold_6,COVID crash and V-recovery,0.006772344931960106,1,0.016947124153375626,1,0.016947124153375626,-0.1353553202789044,,,,1,169.47124153375626,0.011714650318026543,-0.08833174407482147,0.006772344931960106,1.519174036231336
2020-09-01,fold_6,COVID crash and V-recovery,0.005276285111904144,1,0.009425140917301178,1,0.009425140917301178,-0.12593017936160322,,,,1,94.25140917301178,0.009712250903248787,-0.07632622867822647,0.005276285111904144,0.8019761973282619
2020-09-02,fold_6,COVID crash and V-recovery,0.005727698095142841,1,-0.052030764520168304,-1,-0.052030764520168304,-0.17796094388177153,,,,0,-520.307645201683,0.004706326872110367,-0.10588965564966202,0.005727698095142841,-4.362421233254415
2020-09-03,fold_6,COVID crash and V-recovery,-0.0012672021985054016,-1,-0.013415642082691193,-1,0.013415642082691193,-0.16454530179908033,,,,1,134.15642082691193,0.00825914554297924,-0.0608224980533123,-0.0012672021985054016,-0.8180304219831065
2020-09-04,fold_6,COVID crash and V-recovery,-0.0022452175617218018,-1,-0.04925760254263878,-1,0.04925760254263878,-0.11528769925644156,,,,1,492.5760254263878,0.010406210087239742,-0.03014158084988594,-0.0022452175617218018,-2.99098501352186
2020-09-08,fold_6,COVID crash and V-recovery,0.006881576031446457,1,0.028952637687325478,1,0.028952637687325478,-0.08633506156911608,,,,1,289.5263768732548,0.007819769904017448,0.033189885318279266,0.006881576031446457,1.4630448928429223
2020-09-09,fold_6,COVID crash and V-recovery,0.000117497518658638,1,-0.020138287916779518,-1,-0.020138287916779518,-0.1064733494858956,,,,0,-201.38287916779518,0.010311735793948174,-0.011837474070489407,0.000117497518658638,-0.9882583616877233
2020-09-10,fold_6,COVID crash and V-recovery,0.007143898867070675,1,-0.006963605526834726,-1,-0.006963605526834726,-0.11343695501273032,,,,0,-69.63605526834726,0.005330089945346117,-0.007444728631526232,0.007143898867070675,-0.3461658618806676
2020-09-11,fold_6,COVID crash and V-recovery,0.0029522962868213654,1,0.017265276983380318,1,0.017265276983380318,-0.09617167802935,,,,1,172.65276983380318,0.012861890718340874,-0.01332566887140274,0.0029522962868213654,0.8559825585801524
2020-09-14,fold_6,COVID crash and V-recovery,-0.0019439887255430222,-1,0.014073864556849003,1,-0.014073864556849003,-0.11024554258619901,,,,0,-140.73864556849003,0.003529926761984825,-0.028195757418870926,-0.0019439887255430222,0.6853734804594767
2020-09-15,fold_6,COVID crash and V-recovery,-0.0022539161145687103,-1,-0.01607472263276577,-1,0.01607472263276577,-0.09417081995343324,,,,1,160.7472263276577,-0.009119933471083641,-0.023861397057771683,-0.0022539161145687103,-0.7798215646588044
2020-09-16,fold_6,COVID crash and V-recovery,-0.001987803727388382,-1,-0.01574554108083248,-1,0.01574554108083248,-0.07842527887260076,,,,1,157.4554108083248,-0.0072545986622571945,-0.03879699110984802,-0.001987803727388382,-0.7564717033725888
2020-09-17,fold_6,COVID crash and V-recovery,-0.0005083903670310974,-1,-0.01284454483538866,-1,0.01284454483538866,-0.0655807340372121,,,,1,128.4454483538866,-0.009298808872699738,-0.018405728042125702,-0.0005083903670310974,-0.6100156525437823
2020-09-18,fold_6,COVID crash and V-recovery,0.002853190526366234,1,0.0023951882030814886,1,0.0023951882030814886,-0.06318554583413061,,,,1,23.951882030814886,-0.010857788845896721,0.017421115189790726,0.002853190526366234,0.11391217076698176
2020-09-21,fold_6,COVID crash and V-recovery,0.0006890930235385895,1,0.01840822398662567,1,0.01840822398662567,-0.044777321847504936,,,,1,184.0822398662567,0.002033345401287079,0.035582274198532104,0.0006890930235385895,0.8775572328014063
2020-09-22,fold_6,COVID crash and V-recovery,-0.00022157281637191772,-1,-0.03101031668484211,-1,0.03101031668484211,-0.013767005162662826,,,,1,310.1031668484211,0.002804278861731291,0.012654685415327549,-0.00022157281637191772,-1.4537438731940597
2020-09-23,fold_6,COVID crash and V-recovery,0.004239071160554886,1,0.0046457210555672646,1,0.0046457210555672646,-0.009121284107095562,,,,1,46.457210555672646,0.014350243844091892,0.050490401685237885,0.004239071160554886,0.20775431739486164
2020-09-24,fold_6,COVID crash and V-recovery,0.0025502629578113556,1,0.022982297465205193,1,0.022982297465205193,0.01386101335810963,,,,1,229.82297465205193,0.018025539815425873,0.061592526733875275,0.0025502629578113556,1.0502742819316198
2020-09-25,fold_6,COVID crash and V-recovery,-0.0024855099618434906,-1,0.02055634744465351,1,-0.02055634744465351,-0.00669533408654388,,,,0,-205.5634744465351,0.009418844245374203,0.010075737722218037,-0.0024855099618434906,0.9149699726863618
2020-09-28,fold_6,COVID crash and V-recovery,-0.002598535269498825,-1,-0.004519365727901459,-1,0.004519365727901459,-0.0021759683586424217,,,,1,45.19365727901459,-0.008796323090791702,0.010621445253491402,-0.002598535269498825,-0.1973176015235255
2020-09-29,fold_6,COVID crash and V-recovery,0.0008417665958404541,1,0.0068253991194069386,1,0.0068253991194069386,0.004649430760764517,,,,1,68.25399119406939,-0.005041975528001785,-0.002867152215912938,0.0008417665958404541,0.298621087736763
2020-09-30,fold_6,COVID crash and V-recovery,-0.002204015851020813,-1,0.01574784703552723,1,-0.01574784703552723,-0.011098416274762712,,,,0,-157.4784703552723,-0.008969353511929512,0.007458656560629606,-0.002204015851020813,0.697064423708603
2020-10-01,fold_6,COVID crash and V-recovery,-0.0010600835084915161,-1,-0.02853449247777462,-1,0.02853449247777462,0.017436076203011908,,,,1,285.3449247777462,-0.006191316992044449,-0.0029803828801959753,-0.0010600835084915161,-1.2533205081188008
2020-10-02,fold_6,COVID crash and V-recovery,-0.0007734149694442749,-1,0.02110205590724945,1,-0.02110205590724945,-0.003665979704237543,,,,0,-211.0205590724945,-0.0014701168984174728,0.04071858525276184,-0.0007734149694442749,1.0251783952435474
2020-10-05,fold_6,COVID crash and V-recovery,0.0010030418634414673,1,-0.01800796203315258,-1,-0.01800796203315258,-0.021673941737390123,,,,0,-180.0796203315258,0.0010242480784654617,0.0500197559595108,0.0010030418634414673,-0.8614788499208522
2020-10-06,fold_6,COVID crash and V-recovery,0.0013676322996616364,1,0.017151206731796265,1,0.017151206731796265,-0.004522735005593859,,,,1,171.51206731796265,-4.7557055950164795e-05,0.06799398362636566,0.0013676322996616364,0.9414975943994984
2020-10-07,fold_6,COVID crash and V-recovery,0.0006091967225074768,1,0.005308808758854866,1,0.005308808758854866,0.0007860737532610074,,,,1,53.08808758854866,0.006310525815933943,0.0424555167555809,0.0006091967225074768,0.30415484714686564
2020-10-08,fold_6,COVID crash and V-recovery,-0.0015059728175401688,-1,0.015164476819336414,1,-0.015164476819336414,-0.014378403066075407,,,,0,-151.64476819336414,0.0032219127751886845,0.03041280247271061,-0.0015059728175401688,0.8970329885777675
2020-10-09,fold_6,COVID crash and V-recovery,0.0028805285692214966,1,0.030403228476643562,1,0.030403228476643562,0.016024825410568155,,,,1,304.0322847664356,0.010516494512557983,0.009752639569342136,0.0028805285692214966,1.770571887040376
2020-10-12,fold_6,COVID crash and V-recovery,0.004985645413398743,1,-3.373719300725497e-05,-1,-3.373719300725497e-05,0.0159910882175609,,,,0,-0.33737193007254973,0.00805121660232544,-0.037110790610313416,0.004985645413398743,-0.0018680407759308338
2020-10-13,fold_6,COVID crash and V-recovery,0.0013003014028072357,1,-0.00838725920766592,-1,-0.00838725920766592,0.00760382900989498,,,,0,-83.8725920766592,0.007587517611682415,-0.03492961823940277,0.0013003014028072357,-0.4716208204510821
2020-10-14,fold_6,COVID crash and V-recovery,8.152611553668976e-05,1,-0.006733904592692852,-1,-0.006733904592692852,0.0008699244172021281,,,,0,-67.33904592692852,0.009785786271095276,-0.0273162629455328,8.152611553668976e-05,-0.38440893439136203
2020-10-15,fold_6,COVID crash and V-recovery,-0.00028146058320999146,-1,-0.005495686549693346,-1,0.005495686549693346,0.006365610966895474,,,,1,54.95686549693346,0.008027171716094017,-0.020617766305804253,-0.00028146058320999146,-0.31903396928304123
2020-10-16,fold_6,COVID crash and V-recovery,0.0003364644944667816,1,-0.016460204496979713,-1,-0.016460204496979713,-0.01009459353008424,,,,0,-164.60204496979713,0.008420981466770172,-0.013153640553355217,0.0003364644944667816,-0.9665816644113905
2020-10-19,fold_6,COVID crash and V-recovery,9.50302928686142e-05,1,0.002147437771782279,1,0.002147437771782279,-0.00794715575830196,,,,1,21.47437771782279,0.005441661458462477,-0.011803005822002888,9.50302928686142e-05,0.12331480174769346
2020-10-20,fold_6,COVID crash and V-recovery,0.0010149795562028885,1,-0.0007739050779491663,-1,-0.0007739050779491663,-0.008721060836251127,,,,0,-7.739050779491663,0.0037751593627035618,-0.006172140594571829,0.0010149795562028885,-0.04571847515718098
2020-10-21,fold_6,COVID crash and V-recovery,-0.0006036851555109024,-1,-3.5408695111982524e-05,-1,3.5408695111982524e-05,-0.008685652141139144,,,,1,0.35408695111982524,0.00014006253331899643,-0.045165520161390305,-0.0006036851555109024,-0.0022928343745738243
2020-10-22,fold_6,COVID crash and V-recovery,-0.001550169661641121,-1,0.001968440366908908,1,-0.001968440366908908,-0.010654092508048052,,,,0,-19.68440366908908,0.0019605718553066254,-0.02779475226998329,-0.001550169661641121,0.12775259426091953
2020-10-23,fold_6,COVID crash and V-recovery,-0.003249242901802063,-1,-0.015109569765627384,-1,0.015109569765627384,0.004455477257579332,,,,1,151.09569765627384,0.0019178111106157303,-0.055452797561883926,-0.003249242901802063,-1.039698635608039
2020-10-26,fold_6,COVID crash and V-recovery,0.0004411805421113968,1,0.007778302300721407,1,0.007778302300721407,0.01223377955830074,,,,1,77.78302300721407,0.003340190276503563,-0.03811882436275482,0.0004411805421113968,0.5479790991713467
2020-10-27,fold_6,COVID crash and V-recovery,-0.0021119900047779083,-1,-0.03976728767156601,-1,0.03976728767156601,0.05200106722986675,,,,1,397.6728767156601,0.006193565204739571,-0.028747210279107094,-0.0021119900047779083,-2.787764890068613
2020-10-28,fold_6,COVID crash and V-recovery,0.004823594354093075,1,0.01733536086976528,1,0.01733536086976528,0.06933642809963203,,,,1,173.35360869765282,0.008603176102042198,0.054690517485141754,0.004823594354093075,1.0355589815970991
2020-10-29,fold_6,COVID crash and V-recovery,-0.0016404595226049423,-1,-0.025689605623483658,-1,0.025689605623483658,0.09502603372311569,,,,1,256.8960562348366,0.01460387371480465,0.06309220939874649,-0.0016404595226049423,-1.5274747106782163
2020-10-30,fold_6,COVID crash and V-recovery,0.005543234758079052,1,0.0022244045976549387,1,0.0022244045976549387,0.09725043832077063,,,,1,22.244045976549387,0.009244617074728012,0.08952881395816803,0.005543234758079052,0.13410157396693856
2020-11-02,fold_6,COVID crash and V-recovery,0.0002861563116312027,1,0.017149915918707848,1,0.017149915918707848,0.11440035423947847,,,,1,171.49915918707848,0.0034668641164898872,0.06665904819965363,0.0002861563116312027,1.0779367386887289
2020-11-03,fold_6,COVID crash and V-recovery,0.0004788115620613098,1,0.04367043823003769,1,0.04367043823003769,0.15807079246951616,,,,1,436.7043823003769,-0.0024925563484430313,0.031432218849658966,0.0004788115620613098,2.75306621443569
2020-11-04,fold_6,COVID crash and V-recovery,0.0011348389089107513,1,0.025737054646015167,1,0.025737054646015167,0.18380784711553133,,,,1,257.3705464601517,-0.009446129202842712,0.009885048493742943,0.0011348389089107513,1.4119405213839278
2020-11-05,fold_6,COVID crash and V-recovery,0.00700653251260519,1,0.0007469941047020257,1,0.0007469941047020257,0.18455484122023336,,,,1,7.4699410470202565,-0.009156676009297371,-0.020557139068841934,0.00700653251260519,0.03915442701452015
2020-11-06,fold_6,COVID crash and V-recovery,0.009711169637739658,1,-0.02064535580575466,-1,-0.02064535580575466,0.1639094854144787,,,,0,-206.45355805754662,-0.0005695819854736328,-0.012569820508360863,0.009711169637739658,-1.099611526163606
2020-11-09,fold_6,COVID crash and V-recovery,0.003388572484254837,1,-0.01807691529393196,-1,-0.01807691529393196,0.14583257012054673,,,,0,-180.7691529393196,0.0036368276923894882,0.015848102048039436,0.003388572484254837,-0.9987407535989247
2020-11-10,fold_6,COVID crash and V-recovery,-0.003461858257651329,-1,0.022123269736766815,1,-0.022123269736766815,0.12370930038377992,,,,0,-221.23269736766815,-0.006475634872913361,0.030747581273317337,-0.003461858257651329,1.1929141000624843
2020-11-11,fold_6,COVID crash and V-recovery,-0.004095571115612984,-1,-0.0047051324509084225,-1,0.0047051324509084225,0.12841443283468834,,,,1,47.051324509084225,-0.005800014361739159,0.0012066756607964635,-0.004095571115612984,-0.24631408484931272
2020-11-12,fold_6,COVID crash and V-recovery,-0.007657904177904129,-1,0.00873431283980608,1,-0.00873431283980608,0.11968011999488226,,,,0,-87.3431283980608,-0.002467641606926918,0.013706258498132229,-0.007657904177904129,0.45797074181542646
2020-11-13,fold_6,COVID crash and V-recovery,-0.00636667013168335,-1,0.007772567216306925,1,-0.007772567216306925,0.11190755277857534,,,,0,-77.72567216306925,-0.0006389785557985306,-0.0018917557317763567,-0.00636667013168335,0.4062582307615261
2020-11-16,fold_6,COVID crash and V-recovery,-0.003719957545399666,-1,-0.0031774360686540604,-1,0.0031774360686540604,0.1150849888472294,,,,1,31.774360686540604,-0.005931232124567032,-0.009630321525037289,-0.003719957545399666,-0.16851969730067273
2020-11-17,fold_6,COVID crash and V-recovery,-0.005602585151791573,-1,-0.007417635060846806,-1,0.007417635060846806,0.1225026239080762,,,,1,74.17635060846806,-0.002057514153420925,0.007499608676880598,-0.005602585151791573,-0.3932528488787517
2020-11-18,fold_6,COVID crash and V-recovery,-0.0038921963423490524,-1,0.007794450502842665,1,-0.007794450502842665,0.11470817340523354,,,,0,-77.94450502842665,0.0037148837000131607,0.021044887602329254,-0.0038921963423490524,0.41165884580625633
2020-11-19,fold_6,COVID crash and V-recovery,-0.007199477404356003,-1,-0.006863702088594437,-1,0.006863702088594437,0.12157187549382797,,,,1,68.63702088594437,0.004736613482236862,0.02242281287908554,-0.007199477404356003,-0.36097592278577006
2020-11-20,fold_6,COVID crash and V-recovery,-0.0054655782878398895,-1,3.400091009098105e-05,1,-3.400091009098105e-05,0.121537874583737,,,,0,-0.3400091009098105,0.006181178614497185,0.03132430091500282,-0.0054655782878398895,0.0017828542565550293
2020-11-23,fold_6,COVID crash and V-recovery,-0.010232914239168167,-1,0.013952494598925114,1,-0.013952494598925114,0.10758537998481188,,,,0,-139.52494598925114,0.006039666943252087,0.04402534291148186,-0.010232914239168167,0.7433640469029835
2020-11-24,fold_6,COVID crash and V-recovery,-0.014643888920545578,-1,0.006127643398940563,1,-0.006127643398940563,0.10145773658587132,,,,0,-61.27643398940563,0.0020560603588819504,0.03135693445801735,-0.014643888920545578,0.3234052070137997
2020-11-25,fold_6,COVID crash and V-recovery,-0.00955265760421753,-1,0.009172377176582813,1,-0.009172377176582813,0.0922853594092885,,,,0,-91.72377176582813,0.0022931229323148727,0.02664339542388916,-0.00955265760421753,0.5463967394333243
2020-11-27,fold_6,COVID crash and V-recovery,-0.00854635238647461,-1,0.0020377866458147764,1,-0.0020377866458147764,0.09024757276347373,,,,0,-20.377866458147764,0.0016296766698360443,0.02153753489255905,-0.00854635238647461,0.12379010218913579
2020-11-30,fold_6,COVID crash and V-recovery,-0.0012434013187885284,-1,0.012735040858387947,1,-0.012735040858387947,0.07751253190508578,,,,0,-127.35040858387947,0.007562491111457348,0.025146711617708206,-0.0012434013187885284,0.825152095544987
2020-12-01,fold_6,COVID crash and V-recovery,-0.0018413010984659195,-1,0.0012840845156461,1,-0.0012840845156461,0.07622844738943968,,,,0,-12.840845156461,0.012194069102406502,0.0157906636595726,-0.0018413010984659195,0.08186080873771634
2020-12-02,fold_6,COVID crash and V-recovery,-0.0035425908863544464,-1,0.0014141055289655924,1,-0.0014141055289655924,0.07481434186047409,,,,0,-14.141055289655924,0.01234372891485691,-0.008394548669457436,-0.0035425908863544464,0.09295420381384639
2020-12-03,fold_6,COVID crash and V-recovery,-0.0010289400815963745,-1,0.004066517110913992,1,-0.004066517110913992,0.0707478247495601,,,,0,-40.66517110913992,0.012280246242880821,-0.005801084917038679,-0.0010289400815963745,0.34847327562232994
2020-12-04,fold_6,COVID crash and V-recovery,-0.004944974556565285,-1,0.005646963603794575,1,-0.005646963603794575,0.06510086114576552,,,,0,-56.46963603794575,0.012908975593745708,-0.012084580026566982,-0.004944974556565285,0.5540372958545712
2020-12-07,fold_6,COVID crash and V-recovery,-0.0035424213856458664,-1,0.003378992434591055,1,-0.003378992434591055,0.061721868711174466,,,,0,-33.78992434591055,0.014490004628896713,-0.010502398945391178,-0.0035424213856458664,0.329049495914118
2020-12-08,fold_6,COVID crash and V-recovery,-0.0038887877017259598,-1,-0.022901127114892006,-1,0.022901127114892006,0.08462299582606647,,,,1,229.01127114892006,0.011279993690550327,-0.0032489225268363953,-0.0038887877017259598,-2.4882146420684146
2020-12-09,fold_6,COVID crash and V-recovery,-0.007152792066335678,-1,0.004007569048553705,1,-0.004007569048553705,0.08061542677751277,,,,0,-40.07569048553705,0.005669360980391502,0.025136673822999,-0.007152792066335678,0.4120471886712415
2020-12-10,fold_6,COVID crash and V-recovery,-0.0099782794713974,-1,-0.0022169779986143112,-1,0.0022169779986143112,0.08283240477612708,,,,1,22.169779986143112,0.006468753330409527,0.0276457741856575,-0.0099782794713974,-0.2632439802492302
2020-12-11,fold_6,COVID crash and V-recovery,-0.007241144776344299,-1,0.007229145150631666,1,-0.007229145150631666,0.07560325962549541,,,,0,-72.29145150631666,0.0062828087247908115,0.0268356055021286,-0.007241144776344299,0.8636478044932318
2020-12-14,fold_6,COVID crash and V-recovery,-0.005622420459985733,-1,0.01063246838748455,1,-0.01063246838748455,0.06497079123801086,,,,0,-106.3246838748455,0.007069233804941177,0.017734089866280556,-0.005622420459985733,1.2812665826263265
2020-12-15,fold_6,COVID crash and V-recovery,-0.004177022725343704,-1,0.0054844701662659645,1,-0.0054844701662659645,0.059486321071744896,,,,0,-54.844701662659645,0.0069365911185741425,0.00981712993234396,-0.004177022725343704,0.6486281134756449
2020-12-16,fold_6,COVID crash and V-recovery,-0.0044449977576732635,-1,0.006516668945550919,1,-0.006516668945550919,0.05296965212619398,,,,0,-65.16668945550919,0.006548870820552111,-0.0007163272821344435,-0.0044449977576732635,0.7653729375236511
2020-12-17,fold_6,COVID crash and V-recovery,0.0010681767016649246,1,-0.0030271466821432114,-1,-0.0030271466821432114,0.049942505444050767,,,,0,-30.271466821432114,0.01135004498064518,-0.002830306999385357,0.0010681767016649246,-0.3570831286606675
2020-12-18,fold_6,COVID crash and V-recovery,0.00093817338347435,1,-0.001872371882200241,-1,-0.001872371882200241,0.048070133561850525,,,,0,-18.72371882200241,0.010240184143185616,0.010225623846054077,0.00093817338347435,-0.22493926581037224
2020-12-21,fold_6,COVID crash and V-recovery,0.0004931017756462097,1,0.002715509617701173,1,0.002715509617701173,0.0507856431795517,,,,1,27.15509617701173,0.01169610396027565,0.01299302838742733,0.0004931017756462097,0.3314875297474319
2020-12-22,fold_6,COVID crash and V-recovery,-0.0008354205638170242,-1,-0.005048987455666065,-1,0.005048987455666065,0.055834630635217763,,,,1,50.48987455666065,0.007820766419172287,0.010309210978448391,-0.0008354205638170242,-0.6146537584216499
2020-12-23,fold_6,COVID crash and V-recovery,-0.0020852629095315933,-1,0.004402689635753632,1,-0.004402689635753632,0.05143194099946413,,,,0,-44.026896357536316,0.007803500164300203,0.017815537750720978,-0.0020852629095315933,0.5731001337807812
2020-12-24,fold_6,COVID crash and V-recovery,-0.006702657788991928,-1,0.010028784163296223,1,-0.010028784163296223,0.04140315683616791,,,,0,-100.28784163296223,0.005074242129921913,-0.0008076458470895886,-0.006702657788991928,1.3156138038421608
2020-12-28,fold_6,COVID crash and V-recovery,-0.0033624880015850067,-1,0.0008950326009653509,1,-0.0008950326009653509,0.04050812423520256,,,,0,-8.950326009653509,0.007493074983358383,-0.0026263040490448475,-0.0033624880015850067,0.11659180941941093
2020-12-29,fold_6,COVID crash and V-recovery,-0.005421251058578491,-1,3.169193587382324e-05,1,-3.169193587382324e-05,0.040476432299328735,,,,0,-0.3169193587382324,0.003787469584494829,-0.017470380291342735,-0.005421251058578491,0.004134245642294804
2020-12-30,fold_6,COVID crash and V-recovery,-0.0035247504711151123,-1,0.0024573400150984526,1,-0.0024573400150984526,0.03801909228423028,,,,0,-24.573400150984526,0.01044261921197176,0.00640215864405036,-0.0035247504711151123,0.34526923346710536
2024-05-17,fold_7,"Inflation bear, AI rally and 2025",0.00446772575378418,1,0.006948469206690788,1,0.006948469206690788,0.006948469206690788,,,,1,69.48469206690788,0.005954206455498934,0.013608839362859726,0.00446772575378418,0.6952125898010301
2024-05-20,fold_7,"Inflation bear, AI rally and 2025",0.006441812962293625,1,0.0019544712267816067,1,0.0019544712267816067,0.008902940433472395,,,,1,19.544712267816067,0.0055669257417321205,0.010431037284433842,0.006441812962293625,0.19813782720354398
2024-05-21,fold_7,"Inflation bear, AI rally and 2025",0.0019748546183109283,1,-0.00019753658853005618,-1,-0.00019753658853005618,0.008705403844942339,,,,0,-1.9753658853005618,0.0007067862898111343,0.00140322744846344,0.0019748546183109283,-0.02123648203471224
2024-05-22,fold_7,"Inflation bear, AI rally and 2025",0.00022417306900024414,1,-0.0045085777528584,-1,-0.0045085777528584,0.004196826092083938,,,,0,-45.085777528584,0.005243768449872732,-0.00917046144604683,0.00022417306900024414,-0.4863059884639499
2024-05-23,fold_7,"Inflation bear, AI rally and 2025",-0.0006303172558546066,-1,0.009412013925611973,1,-0.009412013925611973,-0.005215187833528034,,,,0,-94.12013925611973,0.007270178757607937,-0.006523867137730122,-0.0006303172558546066,1.0161228281011665
2024-05-24,fold_7,"Inflation bear, AI rally and 2025",-0.000546993687748909,-1,0.003770666429772973,1,-0.003770666429772973,-0.008985854263301007,,,,0,-37.70666429772973,0.014470499008893967,-0.0105808787047863,-0.000546993687748909,0.42558054147400476
2024-05-28,fold_7,"Inflation bear, AI rally and 2025",0.0013882815837860107,1,-0.007073338143527508,-1,-0.007073338143527508,-0.016059192406828515,,,,0,-70.73338143527508,0.013316437602043152,-0.011618755757808685,0.0013882815837860107,-0.7989006844998127
2024-05-29,fold_7,"Inflation bear, AI rally and 2025",-0.0009263064712285995,-1,-0.010771225206553936,-1,0.010771225206553936,-0.005287967200274579,,,,1,107.71225206553936,0.013266407884657383,0.015413827262818813,-0.0009263064712285995,-1.3594968419813447
2024-05-30,fold_7,"Inflation bear, AI rally and 2025",0.0013335458934307098,1,-0.0018619840266183019,-1,-0.0018619840266183019,-0.007149951226892881,,,,0,-18.61984026618302,0.01135534793138504,0.02583981119096279,0.0013335458934307098,-0.2292967954822727
2024-05-31,fold_7,"Inflation bear, AI rally and 2025",0.000674031674861908,1,0.005355002358555794,1,0.005355002358555794,-0.0017949488683370873,,,,1,53.55002358555794,0.006859509274363518,0.026816576719284058,0.000674031674861908,0.7027090494998068
2024-06-03,fold_7,"Inflation bear, AI rally and 2025",0.002639222890138626,1,0.002732788911089301,1,0.002732788911089301,0.0009378400427522138,,,,1,27.32788911089301,0.012853500433266163,0.025492563843727112,0.002639222890138626,0.43368193802744326
2024-06-04,fold_7,"Inflation bear, AI rally and 2025",0.002165410667657852,1,0.01995924487709999,1,0.01995924487709999,0.020897084919852205,,,,1,199.5924487709999,0.013714504428207874,0.02959909848868847,0.002165410667657852,3.4156224962840676
2024-06-05,fold_7,"Inflation bear, AI rally and 2025",0.006166640669107437,1,-0.0003452417440712452,-1,-0.0003452417440712452,0.02055184317578096,,,,0,-3.452417440712452,0.011703652329742908,0.022652629762887955,0.006166640669107437,-0.04695363633241321
2024-06-06,fold_7,"Inflation bear, AI rally and 2025",0.007984694093465805,1,-0.0008852180326357484,-1,-0.0008852180326357484,0.01966662514314521,,,,0,-8.852180326357484,0.012295280583202839,0.028403399512171745,0.007984694093465805,-0.12040439171168577
2024-06-07,fold_7,"Inflation bear, AI rally and 2025",-0.0005796812474727631,-1,0.004030989948660135,1,-0.004030989948660135,0.015635635194485076,,,,0,-40.30989948660135,0.012046116404235363,0.03445643186569214,-0.0005796812474727631,0.5492899450229848
2024-06-10,fold_7,"Inflation bear, AI rally and 2025",-0.0007238183170557022,-1,0.006839322857558727,1,-0.006839322857558727,0.008796312336926349,,,,0,-68.39322857558727,0.0097427386790514,0.04260094463825226,-0.0007238183170557022,0.9273771940684392
2024-06-11,fold_7,"Inflation bear, AI rally and 2025",-0.0019634533673524857,-1,0.013012777082622051,1,-0.013012777082622051,-0.004216464745695703,,,,0,-130.1277708262205,0.007179439999163151,0.03607082739472389,-0.0019634533673524857,1.731768227856263
2024-06-12,fold_7,"Inflation bear, AI rally and 2025",-0.0015087276697158813,-1,0.005405528470873833,1,-0.005405528470873833,-0.009621993216569535,,,,0,-54.05528470873833,0.012127846479415894,0.015320060774683952,-0.0015087276697158813,0.6817164243853996
2024-06-13,fold_7,"Inflation bear, AI rally and 2025",0.0001496579498052597,1,0.005167814902961254,1,0.005167814902961254,-0.004454178313608281,,,,1,51.67814902961254,0.008059811778366566,0.0072316755540668964,0.0001496579498052597,0.71453510413117
2024-06-14,fold_7,"Inflation bear, AI rally and 2025",0.0008493922650814056,1,0.012175502255558968,1,0.012175502255558968,0.007721323941950686,,,,1,121.75502255558968,0.012760398909449577,-0.009386073797941208,0.0008493922650814056,1.6655900350437747
2024-06-17,fold_7,"Inflation bear, AI rally and 2025",0.002901863306760788,1,0.0003092046536039561,1,0.0003092046536039561,0.008030528595554642,,,,1,3.092046536039561,0.015058043412864208,-0.010190867818892002,0.002901863306760788,0.03964268442676233
2024-06-18,fold_7,"Inflation bear, AI rally and 2025",0.003208514302968979,1,-0.007737989537417889,-1,-0.007737989537417889,0.00029253905813675374,,,,0,-77.37989537417889,0.014322818256914616,-0.008436965756118298,0.003208514302968979,-1.0123242809306967
2024-06-20,fold_7,"Inflation bear, AI rally and 2025",0.0025332216173410416,1,-0.002682856749743223,-1,-0.002682856749743223,-0.0023903176916064695,,,,0,-26.828567497432232,0.010821724310517311,0.0018790541216731071,0.0025332216173410416,-0.34285804932426206
2024-06-21,fold_7,"Inflation bear, AI rally and 2025",-0.000896744430065155,-1,-0.011449933983385563,-1,0.011449933983385563,0.009059616291779093,,,,1,114.49933983385563,0.00743570551276207,-0.00064253801247105,-0.000896744430065155,-1.4589962236954837
2024-06-24,fold_7,"Inflation bear, AI rally and 2025",-0.002010263502597809,-1,0.011370707303285599,1,-0.011370707303285599,-0.0023110910115065053,,,,0,-113.70707303285599,0.005154110491275787,0.01665533147752285,-0.002010263502597809,1.387839319558593
2024-06-25,fold_7,"Inflation bear, AI rally and 2025",-0.004406185820698738,-1,0.002063107443973422,1,-0.002063107443973422,-0.004374198455479927,,,,0,-20.63107443973422,0.006996598094701767,0.015729578211903572,-0.004406185820698738,0.2480774401688555
2024-06-26,fold_7,"Inflation bear, AI rally and 2025",-0.003777148202061653,-1,0.0025780298747122288,1,-0.0025780298747122288,-0.006952228330192156,,,,0,-25.780298747122288,0.010290703736245632,0.021968942135572433,-0.003777148202061653,0.3111163482075264
2024-06-27,fold_7,"Inflation bear, AI rally and 2025",-0.004349987953901291,-1,-0.005204448942095041,-1,0.005204448942095041,-0.0017477793880971149,,,,1,52.04448942095041,0.011777710169553757,0.029763752594590187,-0.004349987953901291,-0.6382350260450105
2024-06-28,fold_7,"Inflation bear, AI rally and 2025",-0.00656021386384964,-1,0.005847935099154711,1,-0.005847935099154711,-0.007595714487251826,,,,0,-58.47935099154711,0.00962817668914795,0.037343580275774,-0.00656021386384964,0.7423997926176615
2024-07-01,fold_7,"Inflation bear, AI rally and 2025",-0.005712246522307396,-1,0.010444954968988895,1,-0.010444954968988895,-0.01804066945624072,,,,0,-104.44954968988895,0.015764178708195686,0.032359976321458817,-0.005712246522307396,1.3098751779381625
2024-07-02,fold_7,"Inflation bear, AI rally and 2025",-0.0019164122641086578,-1,0.008302470669150352,1,-0.008302470669150352,-0.026343140125391074,,,,0,-83.02470669150352,0.010585425421595573,0.032287489622831345,-0.0019164122641086578,1.0097531611324242
2024-07-03,fold_7,"Inflation bear, AI rally and 2025",0.0017670243978500366,1,0.010372839868068695,1,0.010372839868068695,-0.01597030025732238,,,,1,103.72839868068695,0.010492310859262943,0.0018107411451637745,0.0017670243978500366,1.2338218881148515
2024-07-05,fold_7,"Inflation bear, AI rally and 2025",0.004808524623513222,1,0.002375379903241992,1,0.002375379903241992,-0.013594920354080386,,,,1,23.75379903241992,0.008234763517975807,-0.0027043852023780346,0.004808524623513222,0.3170268540244118
2024-07-08,fold_7,"Inflation bear, AI rally and 2025",0.0034939926117658615,1,0.0008643296314403415,1,0.0008643296314403415,-0.012730590722640045,,,,1,8.643296314403415,0.012617023661732674,-0.0023955574724823236,0.0034939926117658615,0.11507389364579725
2024-07-09,fold_7,"Inflation bear, AI rally and 2025",0.004174108617007732,1,0.010372469201683998,1,0.010372469201683998,-0.002358121520956047,,,,1,103.72469201683998,0.012055412866175175,-0.002877016318961978,0.004174108617007732,1.3809774385746778
2024-07-10,fold_7,"Inflation bear, AI rally and 2025",0.005249878391623497,1,-0.022174276411533356,-1,-0.022174276411533356,-0.024532397932489403,,,,0,-221.74276411533356,0.009808814153075218,-0.0430438406765461,0.005249878391623497,-2.8395556157698416
2024-07-11,fold_7,"Inflation bear, AI rally and 2025",0.002743486315011978,1,0.005857713054865599,1,0.005857713054865599,-0.018674684877623804,,,,1,58.57713054865599,0.004768384620547295,-0.025613289326429367,0.002743486315011978,0.6420877278904823
2024-07-12,fold_7,"Inflation bear, AI rally and 2025",0.00031445734202861786,1,0.002684207633137703,1,0.002684207633137703,-0.0159904772444861,,,,1,26.84207633137703,0.008101437240839005,-0.040374159812927246,0.00031445734202861786,0.30693872466430683
2024-07-15,fold_7,"Inflation bear, AI rally and 2025",0.001676933839917183,1,0.00038287072675302625,1,0.00038287072675302625,-0.015607606517733075,,,,1,3.8287072675302625,0.0074899327009916306,-0.028270574286580086,0.001676933839917183,0.044099727267770325
2024-07-16,fold_7,"Inflation bear, AI rally and 2025",0.004190994426608086,1,-0.02979435585439205,-1,-0.02979435585439205,-0.045401962372125126,,,,0,-297.9435585439205,0.004737786017358303,-0.03218429908156395,0.004190994426608086,-3.462402666184191
2024-07-17,fold_7,"Inflation bear, AI rally and 2025",-0.0008133277297019958,-1,-0.004743724595755339,-1,0.004743724595755339,-0.04065823777636979,,,,1,47.43724595755339,0.00298536429181695,-0.038919322192668915,-0.0008133277297019958,-0.45021193175523166
2024-07-18,fold_7,"Inflation bear, AI rally and 2025",-0.0033034291118383408,-1,-0.008903156965970993,-1,0.008903156965970993,-0.031755080810398795,,,,1,89.03156965970993,0.004296632017940283,-0.045264601707458496,-0.0033034291118383408,-0.8407390180070969
2024-07-19,fold_7,"Inflation bear, AI rally and 2025",-0.00595456175506115,-1,0.014787793159484863,1,-0.014787793159484863,-0.04654287396988366,,,,0,-147.87793159484863,0.006438133306801319,-0.026157695800065994,-0.00595456175506115,1.3904370170925573
2024-07-22,fold_7,"Inflation bear, AI rally and 2025",-0.005462437868118286,-1,-0.0035308548249304295,-1,0.0035308548249304295,-0.04301201914495323,,,,1,35.308548249304295,0.011418037116527557,-0.038938675075769424,-0.005462437868118286,-0.31748379855643816
2024-07-23,fold_7,"Inflation bear, AI rally and 2025",-0.0052569154649972916,-1,-0.03652937710285187,-1,0.03652937710285187,-0.006482642042101361,,,,1,365.2937710285187,0.009854855015873909,-0.049234386533498764,-0.0052569154649972916,-3.366324504216688
2024-07-24,fold_7,"Inflation bear, AI rally and 2025",-0.0019940100610256195,-1,-0.011089004576206207,-1,0.011089004576206207,0.004606362534104846,,,,1,110.89004576206207,0.004757677670568228,0.016459202393889427,-0.0019940100610256195,-0.8311367073785129
2024-07-25,fold_7,"Inflation bear, AI rally and 2025",-0.004838736727833748,-1,0.01020374707877636,1,-0.01020374707877636,-0.005597384544671513,,,,0,-102.0374707877636,0.008276010863482952,0.003028667066246271,-0.004838736727833748,0.7523452168158241
2024-07-26,fold_7,"Inflation bear, AI rally and 2025",-0.005474064499139786,-1,0.0020068141166120768,1,-0.0020068141166120768,-0.00760419866128359,,,,0,-20.068141166120768,0.010411376133561134,-0.031196199357509613,-0.005474064499139786,0.14604485969080083
2024-07-29,fold_7,"Inflation bear, AI rally and 2025",-0.0031340066343545914,-1,-0.013826565816998482,-1,0.013826565816998482,0.006222367155714892,,,,1,138.26565816998482,0.010919289663434029,-0.063472680747509,-0.0031340066343545914,-1.0093074248608767
2024-07-30,fold_7,"Inflation bear, AI rally and 2025",0.0007045399397611618,1,0.029164211824536324,1,0.029164211824536324,0.035386578980251215,,,,1,291.64211824536324,0.00713625131174922,-0.04013648256659508,0.0007045399397611618,2.085750291487153
2024-07-31,fold_7,"Inflation bear, AI rally and 2025",-0.002958405762910843,-1,-0.02451954036951065,-1,0.02451954036951065,0.059906119349761866,,,,1,245.1954036951065,0.0005792528390884399,-0.080189548432827,-0.002958405762910843,-1.6077581412371202
2024-08-01,fold_7,"Inflation bear, AI rally and 2025",0.003179240971803665,1,-0.024021118879318237,-1,-0.024021118879318237,0.03588500047044363,,,,0,-240.21118879318237,-2.5259330868721008e-05,-0.025537710636854172,0.003179240971803665,-1.4920247357675547
2024-08-02,fold_7,"Inflation bear, AI rally and 2025",0.012139290571212769,1,-0.030269667506217957,-1,-0.030269667506217957,0.005615332964225672,,,,0,-302.69667506217957,0.012617247179150581,0.0036923731677234173,0.012139290571212769,-1.8003931776647635
2024-08-05,fold_7,"Inflation bear, AI rally and 2025",0.028463561087846756,1,0.009509631432592869,1,0.009509631432592869,0.015124964396818541,,,,1,95.09631432592869,0.014743038453161716,0.03611313924193382,0.028463561087846756,0.524920691891243
2024-08-06,fold_7,"Inflation bear, AI rally and 2025",0.007891849614679813,1,-0.01088885311037302,-1,-0.01088885311037302,0.004236111286445521,,,,0,-108.8885311037302,0.020185478031635284,0.05111347883939743,0.007891849614679813,-0.5969875219152809
2024-08-07,fold_7,"Inflation bear, AI rally and 2025",0.016899455338716507,1,0.030132297426462173,1,0.030132297426462173,0.034368408712907694,,,,1,301.32297426462173,0.022531354799866676,0.062326643615961075,0.016899455338716507,1.6506589822195037
2024-08-08,fold_7,"Inflation bear, AI rally and 2025",0.0030601583421230316,1,0.005208965390920639,1,0.005208965390920639,0.03957737410382833,,,,1,52.08965390920639,0.01180272363126278,0.05714362487196922,0.0030601583421230316,0.2768349311927352
2024-08-09,fold_7,"Inflation bear, AI rally and 2025",-0.003703618422150612,-1,0.0021510969381779432,1,-0.0021510969381779432,0.03742627716565039,,,,0,-21.510969381779432,0.00011680088937282562,0.05321963131427765,-0.003703618422150612,0.1143798882170997
2024-08-12,fold_7,"Inflation bear, AI rally and 2025",-0.0066215042024850845,-1,0.02450997196137905,1,-0.02450997196137905,0.012916305204271339,,,,0,-245.0997196137905,-0.008625051006674767,0.06411891430616379,-0.0066215042024850845,1.303501943679819
2024-08-13,fold_7,"Inflation bear, AI rally and 2025",-0.004715589806437492,-1,0.00032431332510896027,1,-0.00032431332510896027,0.012591991879162379,,,,0,-3.2431332510896027,-0.022610263898968697,0.03750813379883766,-0.004715589806437492,0.01655891126018704
2024-08-14,fold_7,"Inflation bear, AI rally and 2025",-0.0018528886139392853,-1,0.024949276819825172,1,-0.024949276819825172,-0.012357284940662794,,,,0,-249.49276819825172,-0.018854761496186256,0.041837096214294434,-0.0018528886139392853,1.3546411923098562
2024-08-15,fold_7,"Inflation bear, AI rally and 2025",0.0030183419585227966,1,0.0012849696213379502,1,0.0012849696213379502,-0.011072315319324844,,,,1,12.849696213379502,-0.013929398730397224,0.0009060029406100512,0.0030183419585227966,0.0668740747706282
2024-08-16,fold_7,"Inflation bear, AI rally and 2025",0.0025910958647727966,1,0.0130503810942173,1,0.0130503810942173,0.001978065774892457,,,,1,130.503810942173,-0.010573739185929298,0.010408023372292519,0.0025910958647727966,0.6827829402239022
2024-08-19,fold_7,"Inflation bear, AI rally and 2025",0.004968581721186638,1,-0.002100807148963213,-1,-0.002100807148963213,-0.00012274137407075614,,,,0,-21.00807148963213,-0.005761146545410156,-0.012398049235343933,0.004968581721186638,-0.11027773996348064
2024-08-20,fold_7,"Inflation bear, AI rally and 2025",0.002219926565885544,1,0.004653274081647396,1,0.004653274081647396,0.00453053270757664,,,,1,46.53274081647396,-0.0049337344244122505,-0.007314376067370176,0.002219926565885544,0.2444000893406978
2024-08-21,fold_7,"Inflation bear, AI rally and 2025",0.0021546166390180588,1,-0.01598181575536728,-1,-0.01598181575536728,-0.011451283047790639,,,,0,-159.8181575536728,0.0023364857770502567,-0.023379897698760033,0.0021546166390180588,-0.9275646245457356
2024-08-22,fold_7,"Inflation bear, AI rally and 2025",3.509223461151123e-05,1,0.010786990635097027,1,0.010786990635097027,-0.0006642924126936123,,,,1,107.86990635097027,0.0019767042249441147,-0.008863111026585102,3.509223461151123e-05,0.6191949924164502
2024-08-23,fold_7,"Inflation bear, AI rally and 2025",0.0005132649093866348,1,-0.009755691513419151,-1,-0.009755691513419151,-0.010419983926112764,,,,0,-97.55691513419151,0.005621469579637051,-0.007801180239766836,0.0005132649093866348,-0.559432470656507
2024-08-26,fold_7,"Inflation bear, AI rally and 2025",0.0017057675868272781,1,0.0029828662518411875,1,0.0029828662518411875,-0.007437117674271576,,,,1,29.828662518411875,0.004141964018344879,-0.028876792639493942,0.0017057675868272781,0.16978265810020524
2024-08-27,fold_7,"Inflation bear, AI rally and 2025",-0.001223742961883545,-1,-0.011412248015403748,-1,0.011412248015403748,0.0039751303411321715,,,,1,114.12248015403748,0.006590216886252165,-0.03446156159043312,-0.001223742961883545,-0.659384942491126
2024-08-28,fold_7,"Inflation bear, AI rally and 2025",-0.002833237871527672,-1,-0.0014650279190391302,-1,0.0014650279190391302,0.005440158260171302,,,,1,14.650279190391302,0.008217304944992065,-0.02211609296500683,-0.002833237871527672,-0.0902464387601881
2024-08-29,fold_7,"Inflation bear, AI rally and 2025",-0.0010387860238552094,-1,0.011848920956254005,1,-0.011848920956254005,-0.006408762696082704,,,,0,-118.48920956254005,0.006049569696187973,-0.04780372232198715,-0.0010387860238552094,0.7752877777932282
2024-08-30,fold_7,"Inflation bear, AI rally and 2025",-0.0025607645511627197,-1,-0.03083130531013012,-1,0.03083130531013012,0.024422542614047416,,,,1,308.3130531013012,0.00392080657184124,-0.046875014901161194,-0.0025607645511627197,-2.118767250124786
2024-09-03,fold_7,"Inflation bear, AI rally and 2025",-0.0005300343036651611,-1,-0.0026019022334367037,-1,0.0026019022334367037,0.02702444484748412,,,,1,26.019022334367037,0.005428676027804613,-0.006844343151897192,-0.0005300343036651611,-0.17808602031578946
2024-09-04,fold_7,"Inflation bear, AI rally and 2025",-0.0007586460560560226,-1,0.0009332209010608494,1,-0.0009332209010608494,0.02609122394642327,,,,0,-9.332209010608494,0.0147017827257514,0.017240503802895546,-0.0007586460560560226,0.06450909024050137
2024-09-05,fold_7,"Inflation bear, AI rally and 2025",0.0011435672640800476,1,-0.02715265564620495,-1,-0.02715265564620495,-0.0010614316997816786,,,,0,-271.5265564620495,0.011164950206875801,0.026075517758727074,0.0011435672640800476,-1.9038919504433214
2024-09-06,fold_7,"Inflation bear, AI rally and 2025",0.004381190054118633,1,0.012777626514434814,1,0.012777626514434814,0.011716194814653136,,,,1,127.77626514434814,0.012882093898952007,0.05769813060760498,0.004381190054118633,0.9153524726053623
2024-09-09,fold_7,"Inflation bear, AI rally and 2025",0.000497918576002121,1,0.009199365973472595,1,0.009199365973472595,0.02091556078812573,,,,1,91.99365973472595,0.018269941210746765,0.040492791682481766,0.000497918576002121,0.6477990684838638
2024-09-10,fold_7,"Inflation bear, AI rally and 2025",0.0021897144615650177,1,0.02148294448852539,1,0.02148294448852539,0.04239850527665112,,,,1,214.8294448852539,0.015252331271767616,0.03182163089513779,0.0021897144615650177,1.4979981112463576
2024-09-11,fold_7,"Inflation bear, AI rally and 2025",0.0006913505494594574,1,0.009768233634531498,1,0.009768233634531498,0.05216673891118262,,,,1,97.68233634531498,0.011432187631726265,0.005999751389026642,0.0006913505494594574,0.6929635978910342
2024-09-12,fold_7,"Inflation bear, AI rally and 2025",0.00395326130092144,1,0.004469958133995533,1,0.004469958133995533,0.05663669704517815,,,,1,44.69958133995533,3.5218894481658936e-05,0.02120135724544525,0.00395326130092144,0.31336561528243373
2024-09-13,fold_7,"Inflation bear, AI rally and 2025",0.004650123417377472,1,-0.004427712876349688,-1,-0.004427712876349688,0.052208984168828465,,,,0,-44.277128763496876,-0.0005639996379613876,0.014826271682977676,0.004650123417377472,-0.3362951999478053
2024-09-16,fold_7,"Inflation bear, AI rally and 2025",0.003732522949576378,1,0.0005282060010358691,1,0.0005282060010358691,0.052737190169864334,,,,1,5.282060010358691,-0.0012862719595432281,0.021901145577430725,0.003732522949576378,0.04001501336320814
2024-09-17,fold_7,"Inflation bear, AI rally and 2025",0.0014580786228179932,1,-0.0043389336206018925,-1,-0.0043389336206018925,0.04839825654926244,,,,0,-43.389336206018925,-0.0023521073162555695,0.026184871792793274,0.0014580786228179932,-0.33702704962507524
2024-09-18,fold_7,"Inflation bear, AI rally and 2025",-0.003511488437652588,-1,0.024969838559627533,1,-0.024969838559627533,0.02342841798963491,,,,0,-249.69838559627533,-0.002912907861173153,0.031450558453798294,-0.003511488437652588,1.9353316350330982
2024-09-19,fold_7,"Inflation bear, AI rally and 2025",0.003629511222243309,1,-0.001905126846395433,-1,-0.001905126846395433,0.021523291143239476,,,,0,-19.05126846395433,-0.0038298191502690315,0.013965615071356297,0.003629511222243309,-0.13588783905280025
2024-09-20,fold_7,"Inflation bear, AI rally and 2025",0.00016645900905132294,1,0.00264716031961143,1,0.00264716031961143,0.024170451462850906,,,,1,26.4716031961143,-0.00395834818482399,0.010298335924744606,0.00016645900905132294,0.19516890485055438
2024-09-23,fold_7,"Inflation bear, AI rally and 2025",0.0007444284856319427,1,0.004811933264136314,1,0.004811933264136314,0.02898238472698722,,,,1,48.119332641363144,-0.0014057159423828125,0.010359362699091434,0.0007444284856319427,0.3601650575373757
2024-09-24,fold_7,"Inflation bear, AI rally and 2025",0.002492334693670273,1,0.000926753506064415,1,0.000926753506064415,0.029909138233051635,,,,1,9.26753506064415,-0.004559231922030449,-0.00848300475627184,0.002492334693670273,0.07007636915393543
2024-09-25,fold_7,"Inflation bear, AI rally and 2025",0.0016275011003017426,1,0.007484894711524248,1,0.007484894711524248,0.03739403294457588,,,,1,74.84894711524248,-0.000997522845864296,-0.0079979058355093,0.0016275011003017426,0.5666209948426726
2024-09-26,fold_7,"Inflation bear, AI rally and 2025",0.0006897561252117157,1,-0.005572405643761158,-1,-0.005572405643761158,0.031821627300814725,,,,0,-55.72405643761158,1.3424083590507507e-05,-0.01623002626001835,0.0006897561252117157,-0.42640010528638966
2024-09-27,fold_7,"Inflation bear, AI rally and 2025",-0.0004214532673358917,-1,0.002708186861127615,1,-0.002708186861127615,0.02911344043968711,,,,0,-27.08186861127615,0.003759056329727173,0.0011703327763825655,-0.0004214532673358917,0.20635895787142886
2024-09-30,fold_7,"Inflation bear, AI rally and 2025",0.0010949969291687012,1,-0.01403043419122696,-1,-0.01403043419122696,0.015083006248460151,,,,0,-140.3043419122696,0.007872681133449078,-0.01230729091912508,0.0010949969291687012,-1.0903610458416224
2024-10-01,fold_7,"Inflation bear, AI rally and 2025",-0.0025544315576553345,-1,0.0014118520775809884,1,-0.0014118520775809884,0.013671154170879163,,,,0,-14.118520775809884,0.0028701121918857098,0.01654731296002865,-0.0025544315576553345,0.12484405696456018
2024-10-02,fold_7,"Inflation bear, AI rally and 2025",-0.0038113929331302643,-1,-0.0007472253055311739,-1,0.0007472253055311739,0.014418379476410337,,,,1,7.4722530553117394,0.0046758707612752914,0.022973094135522842,-0.0038113929331302643,-0.06613572954546378
2024-10-03,fold_7,"Inflation bear, AI rally and 2025",-0.006678976118564606,-1,0.011827953159809113,1,-0.011827953159809113,0.0025904263166012242,,,,0,-118.27953159809113,-0.003027169033885002,0.022584062069654465,-0.006678976118564606,1.0469375004229724
2024-10-04,fold_7,"Inflation bear, AI rally and 2025",-0.007097233086824417,-1,-0.010769437067210674,-1,0.010769437067210674,0.013359863383811899,,,,1,107.69437067210674,-0.0007592495530843735,0.012317989021539688,-0.007097233086824417,-1.0891617760661183
2024-10-07,fold_7,"Inflation bear, AI rally and 2025",-0.009910829365253448,-1,0.014824170619249344,1,-0.014824170619249344,-0.0014643072354374453,,,,0,-148.24170619249344,-0.0035248519852757454,0.03144397586584091,-0.009910829365253448,1.5176988523165102
2024-10-08,fold_7,"Inflation bear, AI rally and 2025",-0.007762700319290161,-1,0.007837631739675999,1,-0.007837631739675999,-0.009301938975113444,,,,0,-78.37631739675999,0.007633053697645664,0.0031628955621272326,-0.007762700319290161,0.7754292898477891
2024-10-09,fold_7,"Inflation bear, AI rally and 2025",-0.00564325787127018,-1,-0.0011362562654539943,-1,0.0011362562654539943,-0.00816568270965945,,,,1,11.362562654539943,0.0112422164529562,-0.004552541300654411,-0.00564325787127018,-0.1253588476074635
2024-10-10,fold_7,"Inflation bear, AI rally and 2025",-0.006112685427069664,-1,0.001561879413202405,1,-0.001561879413202405,-0.009727562122861855,,,,0,-15.61879413202405,0.010825631208717823,-0.0027240037452429533,-0.006112685427069664,0.17747454318489056
2024-10-11,fold_7,"Inflation bear, AI rally and 2025",-0.003798440098762512,-1,0.008356551639735699,1,-0.008356551639735699,-0.018084113762597553,,,,0,-83.56551639735699,0.011521034874022007,0.002247402211651206,-0.003798440098762512,0.9549677424647902
2024-10-14,fold_7,"Inflation bear, AI rally and 2025",-0.0010467618703842163,-1,-0.013456911779940128,-1,0.013456911779940128,-0.004627201982657425,,,,1,134.56911779940128,0.008504443801939487,-0.004189664032310247,-0.0010467618703842163,-1.5132110812818254
2024-10-15,fold_7,"Inflation bear, AI rally and 2025",-0.00011999532580375671,-1,0.0001221949642058462,1,-0.0001221949642058462,-0.004749396946863271,,,,0,-1.221949642058462,0.007282484322786331,0.010356641374528408,-0.00011999532580375671,0.013016782504661328
2024-10-16,fold_7,"Inflation bear, AI rally and 2025",0.0010627955198287964,1,0.0006922814645804465,1,0.0006922814645804465,-0.004057115482282825,,,,1,6.922814645804465,0.006792409811168909,-0.005208073649555445,0.0010627955198287964,0.07414180294465159
2024-10-17,fold_7,"Inflation bear, AI rally and 2025",-0.0005657412111759186,-1,0.006533285602927208,1,-0.006533285602927208,-0.010590401085210033,,,,0,-65.33285602927208,0.004236028995364904,0.002175822388380766,-0.0005657412111759186,0.8727836942491176
2024-10-18,fold_7,"Inflation bear, AI rally and 2025",0.002240542322397232,1,0.0019194857450202107,1,0.0019194857450202107,-0.008670915340189822,,,,1,19.194857450202107,0.008508377708494663,0.0017176733817905188,0.002240542322397232,0.2520701414263569
2024-10-21,fold_7,"Inflation bear, AI rally and 2025",0.0034463275223970413,1,0.0010893935104832053,1,0.0010893935104832053,-0.007581521829706617,,,,1,10.893935104832053,0.006211447529494762,-4.0421302401227877e-05,0.0034463275223970413,0.1432664185763382
2024-10-22,fold_7,"Inflation bear, AI rally and 2025",0.001029621809720993,1,-0.015442520380020142,-1,-0.015442520380020142,-0.02302404220972676,,,,0,-154.42520380020142,0.004062302876263857,0.008432736620306969,0.001029621809720993,-2.05041872134211
2024-10-23,fold_7,"Inflation bear, AI rally and 2025",-0.0032542087137699127,-1,0.008076177909970284,1,-0.008076177909970284,-0.031100220119697042,,,,0,-80.76177909970284,0.0025365492329001427,0.016289012506604195,-0.0032542087137699127,0.975069619641989
2024-10-24,fold_7,"Inflation bear, AI rally and 2025",-0.0008352044969797134,-1,0.006075136363506317,1,-0.006075136363506317,-0.03717535648320336,,,,0,-60.75136363506317,0.006046433933079243,-0.01735398918390274,-0.0008352044969797134,0.7310287339358255
2024-10-25,fold_7,"Inflation bear, AI rally and 2025",8.484348654747009e-05,1,0.00016139104263857007,1,0.00016139104263857007,-0.03701396544056479,,,,1,1.6139104263857007,0.006170883774757385,-0.016057491302490234,8.484348654747009e-05,0.019379350634746075
2024-10-28,fold_7,"Inflation bear, AI rally and 2025",0.0007215142250061035,1,0.00956255104392767,1,0.00956255104392767,-0.02745141439663712,,,,1,95.6255104392767,0.008480573073029518,-0.019136182963848114,0.0007215142250061035,1.1512792631994628
2024-10-29,fold_7,"Inflation bear, AI rally and 2025",0.0012541338801383972,1,-0.007586243096739054,-1,-0.007586243096739054,-0.03503765749337617,,,,0,-75.86243096739054,0.008526399731636047,-0.016022659838199615,0.0012541338801383972,-0.9503655323814653
2024-10-30,fold_7,"Inflation bear, AI rally and 2025",0.0007622614502906799,1,-0.02556682378053665,-1,-0.02556682378053665,-0.060604481273912825,,,,0,-255.66823780536652,0.008088948205113411,0.018364498391747475,0.0007622614502906799,-3.135267415563969
2024-10-31,fold_7,"Inflation bear, AI rally and 2025",-0.002596575766801834,-1,0.007371632847934961,1,-0.007371632847934961,-0.06797611412184779,,,,0,-73.71632847934961,0.0021433886140584946,0.05955290049314499,-0.002596575766801834,0.7403067553257175
2024-11-01,fold_7,"Inflation bear, AI rally and 2025",-0.005412053316831589,-1,-0.0029172992799431086,-1,0.0029172992799431086,-0.06505881484190468,,,,1,29.172992799431086,0.005960599984973669,0.05334897339344025,-0.005412053316831589,-0.29950634869518994
2024-11-04,fold_7,"Inflation bear, AI rally and 2025",-0.004270151257514954,-1,0.012676074169576168,1,-0.012676074169576168,-0.07773488901148085,,,,0,-126.76074169576168,0.003444940783083439,0.055682770907878876,-0.004270151257514954,1.3398945483494553
2024-11-05,fold_7,"Inflation bear, AI rally and 2025",-0.0024599842727184296,-1,0.026800915598869324,1,-0.026800915598869324,-0.10453580461035017,,,,0,-268.00915598869324,0.004838487599045038,0.04119488596916199,-0.0024599842727184296,2.8808626073089583
2024-11-06,fold_7,"Inflation bear, AI rally and 2025",-0.0007303431630134583,-1,0.015621576458215714,1,-0.015621576458215714,-0.12015738106856588,,,,0,-156.21576458215714,0.004338643979281187,0.01310655102133751,-0.0007303431630134583,1.4296840550942842
2024-11-07,fold_7,"Inflation bear, AI rally and 2025",0.0005712453275918961,1,0.0011677085421979427,1,0.0011677085421979427,-0.11898967252636794,,,,1,11.677085421979427,0.000776415690779686,-0.00948903989046812,0.0005712453275918961,0.10181834569816123
2024-11-08,fold_7,"Inflation bear, AI rally and 2025",0.003002345561981201,1,-0.0005835042102262378,-1,-0.0005835042102262378,-0.11957317673659418,,,,0,-5.835042102262378,-0.002835390157997608,-0.034771133214235306,0.003002345561981201,-0.05088905969453027
2024-11-11,fold_7,"Inflation bear, AI rally and 2025",0.0008519161492586136,1,-0.0018118094885721803,-1,-0.0018118094885721803,-0.12138498622516636,,,,0,-18.118094885721803,-0.0015957420691847801,-0.02726396732032299,0.0008519161492586136,-0.16014334393689053
2024-11-12,fold_7,"Inflation bear, AI rally and 2025",-0.002327222377061844,-1,-0.0012874208623543382,-1,0.0012874208623543382,-0.12009756536281202,,,,1,12.874208623543382,0.005274951923638582,-0.018596025183796883,-0.002327222377061844,-0.11796369941144873
2024-11-13,fold_7,"Inflation bear, AI rally and 2025",-0.0023679696023464203,-1,-0.006974013987928629,-1,0.006974013987928629,-0.11312355137488339,,,,1,69.74013987928629,0.00329303415492177,-0.01788480579853058,-0.0023679696023464203,-0.6387942340020782
2024-11-14,fold_7,"Inflation bear, AI rally and 2025",-0.0055344365537166595,-1,-0.02411438338458538,-1,0.02411438338458538,-0.08900916799029801,,,,1,241.1438338458538,0.005298572592437267,-0.00732002779841423,-0.0055344365537166595,-2.1868111876517204
2024-11-15,fold_7,"Inflation bear, AI rally and 2025",-0.004522295668721199,-1,0.006923658773303032,1,-0.006923658773303032,-0.09593282676360104,,,,0,-69.23658773303032,0.007176968269050121,0.018397189676761627,-0.004522295668721199,0.5680860031384004
2024-11-18,fold_7,"Inflation bear, AI rally and 2025",-0.005454177036881447,-1,0.006856133230030537,1,-0.006856133230030537,-0.10278895999363158,,,,0,-68.56133230030537,0.01022295095026493,0.01305388379842043,-0.005454177036881447,0.558401971919163
2024-11-19,fold_7,"Inflation bear, AI rally and 2025",-0.0028323475271463394,-1,-0.0005762007203884423,-1,0.0005762007203884423,-0.10221275927324314,,,,1,5.762007203884423,0.006903870031237602,0.01155262440443039,-0.0028323475271463394,-0.046576442710721276
2024-11-20,fold_7,"Inflation bear, AI rally and 2025",-0.004175808280706406,-1,0.0035907637793570757,1,-0.0035907637793570757,-0.10580352305260021,,,,0,-35.90763779357076,0.006626421585679054,0.0042242552153766155,-0.004175808280706406,0.30225052300490235
2024-11-21,fold_7,"Inflation bear, AI rally and 2025",-0.002197619527578354,-1,0.0016028343234211206,1,-0.0016028343234211206,-0.10740635737602133,,,,0,-16.028343234211206,-0.0006652325391769409,0.00938198808580637,-0.002197619527578354,0.1361859766994263
2024-11-22,fold_7,"Inflation bear, AI rally and 2025",-0.0014585629105567932,-1,0.0015803531277924776,1,-0.0015803531277924776,-0.10898671050381381,,,,0,-15.803531277924776,0.0010858364403247833,0.01860809698700905,-0.0014585629105567932,0.13511581519797833
2024-11-25,fold_7,"Inflation bear, AI rally and 2025",0.000367678701877594,1,0.0053548733703792095,1,0.0053548733703792095,-0.1036318371334346,,,,1,53.548733703792095,0.0018714433535933495,0.020089376717805862,0.000367678701877594,0.457620211764222
2024-11-26,fold_7,"Inflation bear, AI rally and 2025",-0.0007403381168842316,-1,-0.007904569618403912,-1,0.007904569618403912,-0.09572726751503069,,,,1,79.04569618403912,-0.001840023323893547,0.027021605521440506,-0.0007403381168842316,-0.6833908702918953
2024-11-27,fold_7,"Inflation bear, AI rally and 2025",-0.0005068443715572357,-1,0.008748495951294899,1,-0.008748495951294899,-0.10447576346632559,,,,0,-87.48495951294899,0.0026155407540500164,0.03215114027261734,-0.0005068443715572357,0.7556567176370566
2024-11-29,fold_7,"Inflation bear, AI rally and 2025",0.0016292184591293335,1,0.010828942991793156,1,0.010828942991793156,-0.09364682047453243,,,,1,108.28942991793156,0.006547304801642895,0.03231269493699074,0.0016292184591293335,1.055899376910174
2024-12-02,fold_7,"Inflation bear, AI rally and 2025",0.004164175130426884,1,0.003061633324250579,1,0.003061633324250579,-0.09058518715028185,,,,1,30.61633324250579,0.008943390101194382,0.013665560632944107,0.004164175130426884,0.29416382393420215
2024-12-03,fold_7,"Inflation bear, AI rally and 2025",0.00035654380917549133,1,0.01228710263967514,1,0.01228710263967514,-0.07829808451060671,,,,1,122.8710263967514,0.0125503521412611,0.007190646603703499,0.00035654380917549133,1.180318253081192
2024-12-04,fold_7,"Inflation bear, AI rally and 2025",0.003463979810476303,1,-0.0027750355657190084,-1,-0.0027750355657190084,-0.08107312007632572,,,,0,-27.750355657190084,0.014259837567806244,0.012647631578147411,0.003463979810476303,-0.2671733985316268
2024-12-05,fold_7,"Inflation bear, AI rally and 2025",0.0009393244981765747,1,0.008910051546990871,1,0.008910051546990871,-0.07216306852933485,,,,1,89.10051546990871,0.0135854072868824,0.008947910740971565,0.0009393244981765747,1.0474948066388639
2024-12-06,fold_7,"Inflation bear, AI rally and 2025",0.0007658414542675018,1,-0.007818191312253475,-1,-0.007818191312253475,-0.07998125984158833,,,,0,-78.18191312253475,0.01932785101234913,0.007663036696612835,0.0007658414542675018,-0.9763530416449152
2024-12-09,fold_7,"Inflation bear, AI rally and 2025",0.001462940126657486,1,-0.0034132804721593857,-1,-0.0034132804721593857,-0.08339454031374771,,,,0,-34.13280472159386,0.016903754323720932,0.029779212549328804,0.001462940126657486,-0.41666036610704454
2024-12-10,fold_7,"Inflation bear, AI rally and 2025",0.00012309662997722626,1,0.017744088545441628,1,0.017744088545441628,-0.06565045176830608,,,,1,177.44088545441628,0.014192471280694008,0.028778880834579468,0.00012309662997722626,2.1569583437642637
2024-12-11,fold_7,"Inflation bear, AI rally and 2025",-0.0011406857520341873,-1,-0.006474756635725498,-1,0.006474756635725498,-0.059175695132580586,,,,1,64.74756635725498,0.015137610957026482,-0.025708824396133423,-0.0011406857520341873,-0.7096169509710132
2024-12-12,fold_7,"Inflation bear, AI rally and 2025",-0.0027692988514900208,-1,0.007625177036970854,1,-0.007625177036970854,-0.06680087216955144,,,,0,-76.25177036970854,0.010756310075521469,-0.023697493597865105,-0.0027692988514900208,0.8257751735954242
2024-12-13,fold_7,"Inflation bear, AI rally and 2025",-0.0065455809235572815,-1,0.01429798360913992,1,-0.01429798360913992,-0.08109885577869136,,,,0,-142.9798360913992,0.0131539236754179,-0.022628068923950195,-0.0065455809235572815,1.5441146298969766
2024-12-16,fold_7,"Inflation bear, AI rally and 2025",-0.002215111628174782,-1,-0.004413610324263573,-1,0.004413610324263573,-0.07668524545442779,,,,1,44.13610324263573,0.014642110094428062,-0.02723037078976631,-0.002215111628174782,-0.5396602766272658
2024-12-17,fold_7,"Inflation bear, AI rally and 2025",-0.004234747961163521,-1,-0.03674361854791641,-1,0.03674361854791641,-0.039941626906511374,,,,1,367.4361854791641,0.014125281944870949,-0.00934807863086462,-0.004234747961163521,-4.541270883179465
2024-12-18,fold_7,"Inflation bear, AI rally and 2025",0.0008418373763561249,1,-0.004463426768779755,-1,-0.004463426768779755,-0.04440505367529113,,,,0,-44.634267687797546,0.006219618022441864,0.026716021820902824,0.0008418373763561249,-0.39053926853043847
2024-12-19,fold_7,"Inflation bear, AI rally and 2025",-0.004406481981277466,-1,0.00869460217654705,1,-0.00869460217654705,-0.05309965585183818,,,,0,-86.9460217654705,0.01641771011054516,0.017797116190195084,-0.004406481981277466,0.7579205871356646
2024-12-20,fold_7,"Inflation bear, AI rally and 2025",-0.0017182398587465286,-1,0.009695682674646378,1,-0.009695682674646378,-0.06279533852648456,,,,0,-96.95682674646378,0.01701393350958824,-0.004286685958504677,-0.0017182398587465286,0.8352949709807537
2024-12-23,fold_7,"Inflation bear, AI rally and 2025",-0.0030584298074245453,-1,0.013468680903315544,1,-0.013468680903315544,-0.0762640194298001,,,,0,-134.68680903315544,0.014272863045334816,-0.02251328155398369,-0.0030584298074245453,1.1411439948871818
2024-12-24,fold_7,"Inflation bear, AI rally and 2025",-0.0045712776482105255,-1,-0.000679517223034054,-1,0.000679517223034054,-0.07558450220676605,,,,1,6.79517223034054,0.0074374061077833176,-0.03793996945023537,-0.0045712776482105255,-0.05580862951838488
2024-12-26,fold_7,"Inflation bear, AI rally and 2025",-0.0053393058478832245,-1,-0.01338233333081007,-1,0.01338233333081007,-0.06220216887595598,,,,1,133.8233333081007,-0.0018643783405423164,-0.02102765068411827,-0.0053393058478832245,-1.104355311002339
2024-12-27,fold_7,"Inflation bear, AI rally and 2025",-0.006129240617156029,-1,-0.013389199040830135,-1,0.013389199040830135,-0.04881296983512584,,,,1,133.89199040830135,-0.0009603351354598999,0.0037819980643689632,-0.006129240617156029,-1.0836190505276386
2024-12-30,fold_7,"Inflation bear, AI rally and 2025",-0.004863923415541649,-1,-0.008530912920832634,-1,0.008530912920832634,-0.04028205691429321,,,,1,85.30912920832634,0.005820171441882849,-0.0008342231158167124,-0.004863923415541649,-0.6790967534261981
2024-12-31,fold_7,"Inflation bear, AI rally and 2025",-0.005118155851960182,-1,-0.001958006527274847,-1,0.001958006527274847,-0.03832405038701836,,,,1,19.58006527274847,0.0042116097174584866,0.007871338166296482,-0.005118155851960182,-0.15697591873959477
2025-01-02,fold_7,"Inflation bear, AI rally and 2025",-0.0021535567939281464,-1,0.016232801601290703,1,-0.016232801601290703,-0.05455685198830906,,,,0,-162.32801601290703,0.005558867007493973,-0.005975963082164526,-0.0021535567939281464,1.302564693849145
2025-01-03,fold_7,"Inflation bear, AI rally and 2025",-0.004415431991219521,-1,0.011427314952015877,1,-0.011427314952015877,-0.06598416694032494,,,,0,-114.27314952015877,0.0070341783575713634,-0.025427700951695442,-0.004415431991219521,0.9007871628095191
2025-01-06,fold_7,"Inflation bear, AI rally and 2025",0.0009960532188415527,1,-0.01800542138516903,-1,-0.01800542138516903,-0.08398958832549397,,,,0,-180.0542138516903,0.00570322573184967,-0.037804875522851944,0.0009960532188415527,-1.3929812999224083
2025-01-07,fold_7,"Inflation bear, AI rally and 2025",-0.0008746013045310974,-1,0.00017464857955928892,1,-0.00017464857955928892,-0.08416423690505326,,,,0,-1.7464857955928892,-0.0021918155252933502,0.0029459847137331963,-0.0008746013045310974,0.013042302412667819
2025-01-08,fold_7,"Inflation bear, AI rally and 2025",-0.002086939290165901,-1,-0.015805307775735855,-1,0.015805307775735855,-0.0683589291293174,,,,1,158.05307775735855,0.003809959627687931,-0.004259203560650349,-0.002086939290165901,-1.1904829162064468
2025-01-10,fold_7,"Inflation bear, AI rally and 2025",-0.004067804664373398,-1,-0.0032189367339015007,-1,0.0032189367339015007,-0.0651399923954159,,,,1,32.18936733901501,-0.0011092564091086388,0.028283799067139626,-0.004067804664373398,-0.23465888856546038
2025-01-13,fold_7,"Inflation bear, AI rally and 2025",-0.008393390104174614,-1,-0.0009498588042333722,-1,0.0009498588042333722,-0.06419013359118253,,,,1,9.498588042333722,-6.446801126003265e-05,0.03735056519508362,-0.008393390104174614,-0.07222777190658458
2025-01-14,fold_7,"Inflation bear, AI rally and 2025",-0.008113551884889603,-1,0.022745439782738686,1,-0.022745439782738686,-0.08693557337392122,,,,0,-227.45439782738686,-0.0021442612633109093,0.05100506544113159,-0.008113551884889603,1.7399232613692317
2025-01-15,fold_7,"Inflation bear, AI rally and 2025",-0.0032585114240646362,-1,-0.007030539680272341,-1,0.007030539680272341,-0.07990503369364887,,,,1,70.30539680272341,-0.0003754161298274994,0.030383583158254623,-0.0032585114240646362,-0.5049517597581288
2025-01-16,fold_7,"Inflation bear, AI rally and 2025",-0.004466146230697632,-1,0.016737693920731544,1,-0.016737693920731544,-0.09664272761438042,,,,0,-167.37693920731544,-0.007436178624629974,0.03174690529704094,-0.004466146230697632,1.2269209099107852
2025-01-17,fold_7,"Inflation bear, AI rally and 2025",-0.0030432231724262238,-1,0.005847829394042492,1,-0.005847829394042492,-0.10249055700842291,,,,0,-58.47829394042492,-0.0075713228434324265,-0.014537647366523743,-0.0030432231724262238,0.4143973905147078
2025-01-21,fold_7,"Inflation bear, AI rally and 2025",0.0023568756878376007,1,0.012704640626907349,1,0.012704640626907349,-0.08978591638151556,,,,1,127.04640626907349,-0.0076022520661354065,-0.005713867023587227,0.0023568756878376007,1.100211193259038
2025-01-22,fold_7,"Inflation bear, AI rally and 2025",-0.0006583090871572495,-1,0.0021239574998617172,1,-0.0021239574998617172,-0.09190987388137728,,,,0,-21.239574998617172,-0.00039097946137189865,-0.02029821276664734,-0.0006583090871572495,0.1792397771662967
2025-01-23,fold_7,"Inflation bear, AI rally and 2025",-0.0013850033283233643,-1,-0.005667216144502163,-1,0.005667216144502163,-0.08624265773687512,,,,1,56.67216144502163,-0.001246587373316288,-0.018168844282627106,-0.0013850033283233643,-0.4844238379339672
2025-01-24,fold_7,"Inflation bear, AI rally and 2025",-0.0044530220329761505,-1,-0.029546858742833138,-1,0.029546858742833138,-0.05669579899404198,,,,1,295.4685874283314,0.005258486140519381,-0.013955770991742611,-0.0044530220329761505,-2.554659461653467
2025-01-27,fold_7,"Inflation bear, AI rally and 2025",-0.0016558989882469177,-1,0.014671609736979008,1,-0.014671609736979008,-0.07136740873102099,,,,0,-146.71609736979008,0.0007432792335748672,0.007555878255516291,-0.0016558989882469177,1.1307622690069064
2025-01-28,fold_7,"Inflation bear, AI rally and 2025",-0.006344586610794067,-1,-0.0018797048833221197,-1,0.0018797048833221197,-0.06948770384769887,,,,1,18.797048833221197,0.00852872058749199,0.00508470181375742,-0.006344586610794067,-0.14046057405372117
2025-01-29,fold_7,"Inflation bear, AI rally and 2025",-0.0044235959649086,-1,0.004253325052559376,1,-0.004253325052559376,-0.07374102890025824,,,,0,-42.53325052559376,0.005383420269936323,0.011492137797176838,-0.0044235959649086,0.3259162506482828
2025-01-30,fold_7,"Inflation bear, AI rally and 2025",-0.00031357258558273315,-1,-0.0014541425043717027,-1,0.0014541425043717027,-0.07228688639588654,,,,1,14.541425043717027,0.007334332913160324,0.01244503352791071,-0.00031357258558273315,-0.11415912596668515
2025-01-31,fold_7,"Inflation bear, AI rally and 2025",-0.002369869500398636,-1,-0.008035209029912949,-1,0.008035209029912949,-0.06425167736597359,,,,1,80.35209029912949,0.005782559514045715,0.0012055110419169068,-0.002369869500398636,-0.6377956415929221
2025-02-03,fold_7,"Inflation bear, AI rally and 2025",-0.002545606344938278,-1,0.01220043282955885,1,-0.01220043282955885,-0.07645211019553244,,,,0,-122.0043282955885,0.0020761555060744286,0.021273206919431686,-0.002545606344938278,0.9592780334475167
2025-02-04,fold_7,"Inflation bear, AI rally and 2025",-0.0026841387152671814,-1,0.004527731332927942,1,-0.004527731332927942,-0.08097984152846038,,,,0,-45.27731332927942,0.0035513238981366158,0.006689184810966253,-0.0026841387152671814,0.36248105051066565
2025-02-05,fold_7,"Inflation bear, AI rally and 2025",-0.0006678178906440735,-1,0.00520622031763196,1,-0.00520622031763196,-0.08618606184609234,,,,0,-52.0622031763196,0.006402881816029549,0.0027484078891575336,-0.0006678178906440735,0.424351776164534
2025-02-06,fold_7,"Inflation bear, AI rally and 2025",-0.0002949908375740051,-1,-0.01269366405904293,-1,0.01269366405904293,-0.07349239778704941,,,,1,126.9366405904293,0.008813953027129173,0.011825453490018845,-0.0002949908375740051,-1.0898155390432156
2025-02-07,fold_7,"Inflation bear, AI rally and 2025",-0.0037450529634952545,-1,0.012032486498355865,1,-0.012032486498355865,-0.08552488428540528,,,,0,-120.32486498355865,0.006091666873544455,0.028708897531032562,-0.0037450529634952545,1.0036834697670374
2025-02-10,fold_7,"Inflation bear, AI rally and 2025",-0.0018745101988315582,-1,-0.002383588580414653,-1,0.002383588580414653,-0.08314129570499063,,,,1,23.83588580414653,0.005556568503379822,0.018940920010209084,-0.0018745101988315582,-0.20256088020514224
2025-02-11,fold_7,"Inflation bear, AI rally and 2025",-0.004147171974182129,-1,0.0005869545857422054,1,-0.0005869545857422054,-0.08372825029073283,,,,0,-5.869545857422054,0.002056870609521866,0.021602557972073555,-0.004147171974182129,0.04992246657520241
2025-02-12,fold_7,"Inflation bear, AI rally and 2025",-0.0021525882184505463,-1,0.014283265918493271,1,-0.014283265918493271,-0.0980115162092261,,,,0,-142.8326591849327,0.007037797011435032,0.016762059181928635,-0.0021525882184505463,1.2149625157575195
2025-02-13,fold_7,"Inflation bear, AI rally and 2025",-0.0017749089747667313,-1,0.004189779050648212,1,-0.004189779050648212,-0.10220129525987431,,,,0,-41.897790506482124,0.00021986104547977448,-0.01849435083568096,-0.0017749089747667313,0.3784886720745663
2025-02-14,fold_7,"Inflation bear, AI rally and 2025",-0.002818940207362175,-1,0.002264508744701743,1,-0.002264508744701743,-0.10446580400457606,,,,0,-22.64508744701743,0.004902060609310865,-0.034558553248643875,-0.002818940207362175,0.20591048791693217
2025-02-18,fold_7,"Inflation bear, AI rally and 2025",-0.0034025758504867554,-1,0.0002780499344225973,1,-0.0002780499344225973,-0.10474385393899865,,,,0,-2.780499344225973,0.0023882356472313404,-0.049502383917570114,-0.0034025758504867554,0.02685567236901609
2025-02-19,fold_7,"Inflation bear, AI rally and 2025",-0.002481432631611824,-1,-0.00425354391336441,-1,0.00425354391336441,-0.10049031002563424,,,,1,42.535439133644104,0.0031999084167182446,-0.04736772179603577,-0.002481432631611824,-0.4141406173823227
2025-02-20,fold_7,"Inflation bear, AI rally and 2025",-0.0008305087685585022,-1,-0.020973144099116325,-1,0.020973144099116325,-0.07951716592651792,,,,1,209.73144099116325,0.007235795259475708,-0.07127831876277924,-0.0008305087685585022,-2.115124717352403
2025-02-21,fold_7,"Inflation bear, AI rally and 2025",0.0008259490132331848,1,-0.011874424293637276,-1,-0.011874424293637276,-0.0913915902201552,,,,0,-118.74424293637276,0.007877341471612453,-0.03463706746697426,0.0008259490132331848,-1.083570530091159
2025-02-24,fold_7,"Inflation bear, AI rally and 2025",-0.0026022158563137054,-1,-0.012679321691393852,-1,0.012679321691393852,-0.07871226852876134,,,,1,126.79321691393852,0.011967545375227928,-0.04488817974925041,-0.0026022158563137054,-1.1316524071712148
2025-02-25,fold_7,"Inflation bear, AI rally and 2025",0.00046101026237010956,1,0.002412711502984166,1,0.002412711502984166,-0.07629955702577718,,,,1,24.12711502984166,0.015980582684278488,-0.035231202840805054,0.00046101026237010956,0.2544313760054517
2025-02-26,fold_7,"Inflation bear, AI rally and 2025",3.816559910774231e-05,1,-0.02816414088010788,-1,-0.02816414088010788,-0.10446369790588506,,,,0,-281.6414088010788,0.019497837871313095,-0.02469206415116787,3.816559910774231e-05,-3.1597074203238327
2025-02-27,fold_7,"Inflation bear, AI rally and 2025",0.007336905226111412,1,0.015668107196688652,1,0.015668107196688652,-0.0887955907091964,,,,1,156.68107196688652,0.009363587945699692,-0.02442282810807228,0.007336905226111412,1.436683933453293
2025-02-28,fold_7,"Inflation bear, AI rally and 2025",-0.0007451474666595459,-1,-0.02212553843855858,-1,0.02212553843855858,-0.06667005227063783,,,,1,221.25538438558578,0.015186961740255356,-0.0327642448246479,-0.0007451474666595459,-1.9382641638574425
2025-03-03,fold_7,"Inflation bear, AI rally and 2025",0.009164201095700264,1,-0.0030223436187952757,-1,-0.0030223436187952757,-0.0696923958894331,,,,0,-30.223436187952757,0.011092432774603367,-0.05016609653830528,0.009164201095700264,-0.2430142505803539
2025-03-04,fold_7,"Inflation bear, AI rally and 2025",0.009110098704695702,1,0.012951849959790707,1,0.012951849959790707,-0.056740545929642394,,,,1,129.51849959790707,0.007187728304415941,-0.04953701049089432,0.009110098704695702,1.0508624067943906
2025-03-05,fold_7,"Inflation bear, AI rally and 2025",0.002194475382566452,1,-0.02789490483701229,-1,-0.02789490483701229,-0.08463545076665469,,,,0,-278.9490483701229,0.012430736795067787,-0.05127124860882759,0.002194475382566452,-2.2562760531011747
2025-03-06,fold_7,"Inflation bear, AI rally and 2025",0.006985644809901714,1,0.007326692808419466,1,0.007326692808419466,-0.07730875795823522,,,,1,73.26692808419466,8.718110620975494e-05,-0.04153061285614967,0.006985644809901714,0.530514293447537
2025-03-07,fold_7,"Inflation bear, AI rally and 2025",-0.0016636289656162262,-1,-0.039527393877506256,-1,0.039527393877506256,-0.03778136408072896,,,,1,395.27393877506256,0.004833466839045286,-0.024974392727017403,-0.0016636289656162262,-2.8521982387636458
2025-03-10,fold_7,"Inflation bear, AI rally and 2025",0.009894071146845818,1,-0.002393258037045598,-1,-0.002393258037045598,-0.04017462211777456,,,,0,-23.93258037045598,-0.0017188843339681625,0.021015793085098267,0.009894071146845818,-0.14782092154955517
2025-03-11,fold_7,"Inflation bear, AI rally and 2025",0.009745560586452484,1,0.011217612773180008,1,0.011217612773180008,-0.028957009344594553,,,,1,112.17612773180008,0.004505809396505356,0.0062147388234734535,0.009745560586452484,0.7022379003606621
2025-03-12,fold_7,"Inflation bear, AI rally and 2025",0.004758564755320549,1,-0.018154267221689224,-1,-0.018154267221689224,-0.04711127656628378,,,,0,-181.54267221689224,0.0023703868500888348,0.008289692923426628,0.004758564755320549,-1.1233351275181127
2025-03-13,fold_7,"Inflation bear, AI rally and 2025",0.01154084037989378,1,0.0238829106092453,1,0.0238829106092453,-0.023228365957038477,,,,1,238.829106092453,0.0030888281762599945,0.023048678413033485,0.01154084037989378,1.433327728065527
2025-03-14,fold_7,"Inflation bear, AI rally and 2025",0.00206664577126503,1,0.006462794728577137,1,0.006462794728577137,-0.01676557122846134,,,,1,64.62794728577137,0.000353226438164711,0.002457075286656618,0.00206664577126503,0.3756676896084284
2025-03-17,fold_7,"Inflation bear, AI rally and 2025",-0.0040687210857868195,-1,-0.017194312065839767,-1,0.017194312065839767,0.0004287408373784274,,,,1,171.94312065839767,-0.009095517918467522,0.017701327800750732,-0.0040687210857868195,-0.997428633637089
2025-03-18,fold_7,"Inflation bear, AI rally and 2025",-0.0003891587257385254,-1,0.013292566873133183,1,-0.013292566873133183,-0.012863826035754755,,,,0,-132.92566873133183,-0.00807541236281395,0.040585990995168686,-0.0003891587257385254,0.7529097085664618
2025-03-19,fold_7,"Inflation bear, AI rally and 2025",-0.007884928956627846,-1,-0.0033952805679291487,-1,0.0033952805679291487,-0.009468545467825606,,,,1,33.95280567929149,-0.010404076427221298,0.00872135628014803,-0.007884928956627846,-0.189645777621097
2025-03-20,fold_7,"Inflation bear, AI rally and 2025",-0.007237400859594345,-1,0.0032913063187152147,1,-0.0032913063187152147,-0.012759851786540821,,,,0,-32.91306318715215,-0.015513928607106209,0.006402337457984686,-0.007237400859594345,0.18393242786491146
2025-03-21,fold_7,"Inflation bear, AI rally and 2025",-0.0064240433275699615,-1,0.021707046777009964,1,-0.021707046777009964,-0.034466898563550785,,,,0,-217.07046777009964,-0.009045610204339027,-0.023569578304886818,-0.0064240433275699615,1.2558823168990274
2025-03-24,fold_7,"Inflation bear, AI rally and 2025",-0.004133468493819237,-1,0.005690351594239473,1,-0.005690351594239473,-0.04015725015779026,,,,0,-56.90351594239473,-0.009846251457929611,-0.04531926289200783,-0.004133468493819237,0.32048442258407656
2025-03-25,fold_7,"Inflation bear, AI rally and 2025",-0.004747740924358368,-1,-0.018572067841887474,-1,0.018572067841887474,-0.021585182315902784,,,,1,185.72067841887474,-0.012931747362017632,-0.04298087954521179,-0.004747740924358368,-1.0568059807657881
2025-03-26,fold_7,"Inflation bear, AI rally and 2025",-0.00558854453265667,-1,-0.005714299622923136,-1,0.005714299622923136,-0.01587088269297965,,,,1,57.14299622923136,-0.00797366350889206,-0.017136819660663605,-0.00558854453265667,-0.3165865709902819
2025-03-27,fold_7,"Inflation bear, AI rally and 2025",-0.004017051309347153,-1,-0.026680609211325645,-1,0.026680609211325645,0.010809726518345997,,,,1,266.80609211325645,-0.0064566470682621,-0.06644228845834732,-0.004017051309347153,-1.5728139846911706
2025-03-28,fold_7,"Inflation bear, AI rally and 2025",0.0006777625530958176,1,-4.263700975570828e-05,-1,-4.263700975570828e-05,0.010767089508590288,,,,0,-0.4263700975570828,-0.006069866940379143,-0.10388310998678207,0.0006777625530958176,-0.002417402521640605
2025-03-31,fold_7,"Inflation bear, AI rally and 2025",5.4463744163513184e-05,1,0.008028735406696796,1,0.008028735406696796,0.018795824915287085,,,,1,80.28735406696796,-0.003615261986851692,-0.10143010318279266,5.4463744163513184e-05,0.4742472209972108
2025-04-01,fold_7,"Inflation bear, AI rally and 2025",0.0013156365603208542,1,0.007271991111338139,1,0.007271991111338139,0.026067816026625223,,,,1,72.71991111338139,-0.0017497939988970757,-0.12763145565986633,0.0013156365603208542,0.42748922377433163
2025-04-02,fold_7,"Inflation bear, AI rally and 2025",-0.0001222565770149231,-1,-0.055019769817590714,-1,0.055019769817590714,0.08108758584421594,,,,1,550.1976981759071,-5.017779767513275e-05,-0.021547358483076096,-0.0001222565770149231,-3.2669603826950797
2025-04-03,fold_7,"Inflation bear, AI rally and 2025",0.021372703835368156,1,-0.06412143260240555,-1,-0.06412143260240555,0.01696615324181039,,,,0,-641.2143260240555,0.001352592371404171,-0.009990752674639225,0.021372703835368156,-3.2218939204937738
2025-04-04,fold_7,"Inflation bear, AI rally and 2025",0.027821961790323257,1,0.0024103696923702955,1,0.0024103696923702955,0.019376522934180684,,,,1,24.103696923702955,0.023720666766166687,0.07238619029521942,0.027821961790323257,0.09848710582561052
2025-04-07,fold_7,"Inflation bear, AI rally and 2025",0.02920246496796608,1,-0.01817261427640915,-1,-0.01817261427640915,0.0012039086577715352,,,,0,-181.7261427640915,0.05751849710941315,0.0767311081290245,0.02920246496796608,-0.796046233471477
2025-04-08,fold_7,"Inflation bear, AI rally and 2025",0.03834187239408493,1,0.1133560836315155,1,0.1133560836315155,0.11455999228928704,,,,1,1133.560836315155,0.07516517490148544,0.09601788967847824,0.03834187239408493,4.889990120928103
2025-04-09,fold_7,"Inflation bear, AI rally and 2025",0.015083648264408112,1,-0.04346316307783127,-1,-0.04346316307783127,0.07109682921145577,,,,0,-434.6316307783127,0.026128100231289864,-0.0479557141661644,0.015083648264408112,-1.2687291452129743
2025-04-10,fold_7,"Inflation bear, AI rally and 2025",0.029068905860185623,1,0.01825551502406597,1,0.01825551502406597,0.08935234423552174,,,,1,182.5551502406597,0.023477287963032722,-0.004672687966376543,0.029068905860185623,0.5160277596305618
2025-04-11,fold_7,"Inflation bear, AI rally and 2025",0.0034851711243391037,1,0.006755282171070576,1,0.006755282171070576,0.09610762640659232,,,,1,67.55282171070576,-0.011301372200250626,-0.04798625782132149,0.0034851711243391037,0.19186220783259403
2025-04-14,fold_7,"Inflation bear, AI rally and 2025",0.008465515449643135,1,0.0011141699505969882,1,0.0011141699505969882,0.0972217963571893,,,,1,11.141699505969882,-0.03335025906562805,-0.028828177601099014,0.008465515449643135,0.0316419716434806
2025-04-15,fold_7,"Inflation bear, AI rally and 2025",0.007534008473157883,1,-0.030617518350481987,-1,-0.030617518350481987,0.06660427800670732,,,,0,-306.17518350481987,-0.03629017621278763,-0.007517511025071144,0.007534008473157883,-0.8747330783313502
2025-04-16,fold_7,"Inflation bear, AI rally and 2025",0.02393103949725628,1,-0.00018013635417446494,-1,-0.00018013635417446494,0.06642414165253285,,,,0,-1.8013635417446494,-0.015030642971396446,0.05084860697388649,0.02393103949725628,-0.005068363389150477
2025-04-17,fold_7,"Inflation bear, AI rally and 2025",0.014918743632733822,1,-0.02505805715918541,-1,-0.02505805715918541,0.041366084493347444,,,,0,-250.5805715918541,-0.018017562106251717,0.06211496889591217,0.014918743632733822,-0.7052004373844853
2025-04-21,fold_7,"Inflation bear, AI rally and 2025",0.030951745808124542,1,0.025913363322615623,1,0.025913363322615623,0.06727944781596307,,,,1,259.13363322615623,-0.005638456903398037,0.08685559034347534,0.030951745808124542,0.720520723984611
2025-04-22,fold_7,"Inflation bear, AI rally and 2025",0.02025587670505047,1,0.022424837574362755,1,0.022424837574362755,0.08970428539032582,,,,1,224.24837574362755,-0.0006037326529622078,0.06752496212720871,0.02025587670505047,0.6211222406699431
2025-04-23,fold_7,"Inflation bear, AI rally and 2025",0.010459805838763714,1,0.027748601511120796,1,0.027748601511120796,0.11745288690144662,,,,1,277.48601511120796,-0.011475348845124245,0.04497391730546951,0.010459805838763714,0.7617366307611424
2025-04-24,fold_7,"Inflation bear, AI rally and 2025",0.0014270469546318054,1,0.01108622271567583,1,0.01108622271567583,0.12853910961712245,,,,1,110.86222715675831,-0.04326685518026352,0.03020145744085312,0.0014270469546318054,0.30192364164997343
2025-04-25,fold_7,"Inflation bear, AI rally and 2025",0.0011939965188503265,1,-0.00031743646832183003,-1,-0.00031743646832183003,0.12822167314880062,,,,0,-3.1743646832183003,-0.037986427545547485,0.03385004773736,0.0011939965188503265,-0.008630674926025761
2025-04-28,fold_7,"Inflation bear, AI rally and 2025",0.004570281133055687,1,0.0065827397629618645,1,0.0065827397629618645,0.13480441291176248,,,,1,65.82739762961864,-0.03937741369009018,0.028217311948537827,0.004570281133055687,0.18137760637662514
2025-04-29,fold_7,"Inflation bear, AI rally and 2025",0.00589282251894474,1,-0.00012620817869901657,-1,-0.00012620817869901657,0.13467820473306347,,,,0,-1.2620817869901657,-0.038054458796978,0.012289345264434814,0.00589282251894474,-0.0034746220771629953
2025-04-30,fold_7,"Inflation bear, AI rally and 2025",0.007274016737937927,1,0.012976137921214104,1,0.012976137921214104,0.14765434265427757,,,,1,129.76137921214104,-0.031000891700387,0.01633375883102417,0.007274016737937927,0.35768155522795286
2025-05-01,fold_7,"Inflation bear, AI rally and 2025",-0.0019835475832223892,-1,0.014734814874827862,1,-0.014734814874827862,0.1329195277794497,,,,0,-147.34814874827862,-0.02222185768187046,0.013629618100821972,-0.0019835475832223892,0.40527054453153283
2025-05-02,fold_7,"Inflation bear, AI rally and 2025",-0.00039101578295230865,-1,-0.005950172431766987,-1,0.005950172431766987,0.1388697002112167,,,,1,59.50172431766987,-0.023138506338000298,-0.0017607435584068298,-0.00039101578295230865,-0.17311363003944677
2025-05-05,fold_7,"Inflation bear, AI rally and 2025",0.0012069232761859894,1,-0.009345225989818573,-1,-0.009345225989818573,0.12952447422139812,,,,0,-93.45225989818573,-0.011978164315223694,0.0441216379404068,0.0012069232761859894,-0.29888984103191907
2025-05-06,fold_7,"Inflation bear, AI rally and 2025",0.0011076368391513824,1,0.003918205387890339,1,0.003918205387890339,0.13344267960928846,,,,1,39.18205387890339,-0.01086375117301941,0.06859263777732849,0.0011076368391513824,0.1250561344734105
2025-05-07,fold_7,"Inflation bear, AI rally and 2025",-0.0018936265259981155,-1,0.010271997191011906,1,-0.010271997191011906,0.12317068241827656,,,,0,-102.71997191011906,-0.011283919215202332,0.07064971327781677,-0.0018936265259981155,0.3305092844591725
2025-05-08,fold_7,"Inflation bear, AI rally and 2025",0.0004466008394956589,1,-0.00065554742468521,-1,-0.00065554742468521,0.12251513499359135,,,,0,-6.5554742468521,-0.0066572632640600204,0.06147606670856476,0.0004466008394956589,-0.036156972066067466
2025-05-09,fold_7,"Inflation bear, AI rally and 2025",-0.0023973826318979263,-1,0.03993220627307892,1,-0.03993220627307892,0.08258292872051243,,,,0,-399.3220627307892,0.004248230252414942,0.06647443026304245,-0.0023973826318979263,2.6088471223946046
2025-05-12,fold_7,"Inflation bear, AI rally and 2025",0.0008422639220952988,1,0.01512577198445797,1,0.01512577198445797,0.0977087007049704,,,,1,151.2577198445797,0.001492166891694069,0.027500687167048454,0.0008422639220952988,0.8771644078400747
2025-05-13,fold_7,"Inflation bear, AI rally and 2025",-0.005970355123281479,-1,0.005975283216685057,1,-0.005975283216685057,0.09173341748828534,,,,0,-59.75283216685057,0.010228895582258701,0.009036059491336346,-0.005970355123281479,0.34129920720393586
2025-05-14,fold_7,"Inflation bear, AI rally and 2025",-0.004098603501915932,-1,0.0010983524844050407,1,-0.0010983524844050407,0.0906350650038803,,,,0,-10.983524844050407,0.020366597920656204,-0.010933410376310349,-0.004098603501915932,0.06256064208819194
2025-05-15,fold_7,"Inflation bear, AI rally and 2025",0.00030137598514556885,1,0.004342813044786453,1,0.004342813044786453,0.09497787804866675,,,,1,43.42813044786453,0.005060752388089895,-0.010162297636270523,0.00030137598514556885,0.26859577139762664
2025-05-16,fold_7,"Inflation bear, AI rally and 2025",0.0010670255869626999,1,0.0009584668441675603,1,0.0009584668441675603,0.09593634489283431,,,,1,9.584668441675603,0.0024283751845359802,-0.023808997124433517,0.0010670255869626999,0.059173135968984825
2025-05-19,fold_7,"Inflation bear, AI rally and 2025",-8.500367403030396e-05,-1,-0.00333885638974607,-1,0.00333885638974607,0.09927520128258038,,,,1,33.3885638974607,0.007830547168850899,-0.0015147612430155277,-8.500367403030396e-05,-0.21967344676553358
2025-05-20,fold_7,"Inflation bear, AI rally and 2025",-0.0029164403676986694,-1,-0.01399418618530035,-1,0.01399418618530035,0.11326938746788073,,,,1,139.9418618530035,0.004791834391653538,-0.002617579186335206,-0.0029164403676986694,-0.9945301163410145
2025-05-21,fold_7,"Inflation bear, AI rally and 2025",-0.003321988508105278,-1,0.0018694656901061535,1,-0.0018694656901061535,0.11139992177777458,,,,0,-18.694656901061535,0.008744295686483383,0.013340315781533718,-0.003321988508105278,0.13832889935319634
2025-05-22,fold_7,"Inflation bear, AI rally and 2025",-0.0009886771440505981,-1,-0.009303887374699116,-1,0.009303887374699116,0.1207038091524737,,,,1,93.03887374699116,0.006362102460116148,0.009892607107758522,-0.0009886771440505981,-0.774461020632546
2025-05-23,fold_7,"Inflation bear, AI rally and 2025",-0.0003820061683654785,-1,0.0232527032494545,1,-0.0232527032494545,0.0974511059030192,,,,0,-232.52703249454498,0.008678419515490532,0.027063505724072456,-0.0003820061683654785,1.9478699600537477
2025-05-27,fold_7,"Inflation bear, AI rally and 2025",0.002866297960281372,1,-0.004441674333065748,-1,-0.004441674333065748,0.09300943156995345,,,,0,-44.41674333065748,0.003575714770704508,0.011597446165978909,0.002866297960281372,-0.34112939391963787
2025-05-28,fold_7,"Inflation bear, AI rally and 2025",-0.001340353861451149,-1,0.0019637085497379303,1,-0.0019637085497379303,0.09104572302021552,,,,0,-19.637085497379303,0.003427236806601286,0.018823090940713882,-0.001340353861451149,0.15134440968446183
2025-05-29,fold_7,"Inflation bear, AI rally and 2025",0.0014190450310707092,1,-0.0015782431000843644,-1,-0.0015782431000843644,0.08946747992013115,,,,0,-15.782431000843644,-0.0011130757629871368,0.009304034523665905,0.0014190450310707092,-0.12156701262634625
2025-05-30,fold_7,"Inflation bear, AI rally and 2025",0.003715232014656067,1,0.007867010310292244,1,0.007867010310292244,0.0973344902304234,,,,1,78.67010310292244,-0.004065984860062599,0.02061014249920845,0.003715232014656067,0.62145509353276
2025-06-02,fold_7,"Inflation bear, AI rally and 2025",0.0021055918186903,1,0.007786644622683525,1,0.007786644622683525,0.10512113485310692,,,,1,77.86644622683525,0.0003112591803073883,0.014214090071618557,0.0021055918186903,0.630565866011398
2025-06-03,fold_7,"Inflation bear, AI rally and 2025",0.0003118589520454407,1,0.0027839706744998693,1,0.0027839706744998693,0.10790510552760679,,,,1,27.839706744998693,-0.002788463607430458,0.013019595295190811,0.0003118589520454407,0.22452047709836354
2025-06-04,fold_7,"Inflation bear, AI rally and 2025",0.0013009477406740189,1,-0.0075553483329713345,-1,-0.0075553483329713345,0.10034975719463546,,,,0,-75.55348332971334,0.005098247434943914,0.006860374938696623,0.0013009477406740189,-0.617361654631516
2025-06-05,fold_7,"Inflation bear, AI rally and 2025",0.002530476078391075,1,0.009727864526212215,1,0.009727864526212215,0.11007762172084767,,,,1,97.27864526212215,0.005298054311424494,0.01676086150109768,0.002530476078391075,0.7894022209341992
2025-06-06,fold_7,"Inflation bear, AI rally and 2025",-0.001665506511926651,-1,0.001470958348363638,1,-0.001470958348363638,0.10860666337248404,,,,0,-14.70958348363638,0.005120969843119383,-0.00560140423476696,-0.001665506511926651,0.11958058444466334
2025-06-09,fold_7,"Inflation bear, AI rally and 2025",0.00032020360231399536,1,0.006592150311917067,1,0.006592150311917067,0.1151988136844011,,,,1,65.92150311917067,0.006500435061752796,0.0067417314276099205,0.00032020360231399536,0.5357510440066177
2025-06-10,fold_7,"Inflation bear, AI rally and 2025",-0.000954456627368927,-1,-0.003375249681994319,-1,0.003375249681994319,0.11857406336639542,,,,1,33.75249681994319,0.00570381386205554,-0.009649480693042278,-0.000954456627368927,-0.3927775601112056
2025-06-11,fold_7,"Inflation bear, AI rally and 2025",-0.004446515813469887,-1,0.002345137996599078,1,-0.002345137996599078,0.11622892536979634,,,,0,-23.451379965990782,0.004650503396987915,-0.0064444150775671005,-0.004446515813469887,0.2955188983284086
2025-06-12,fold_7,"Inflation bear, AI rally and 2025",-2.6134774088859558e-05,-1,-0.012634401209652424,-1,0.012634401209652424,0.12886332657944877,,,,1,126.34401209652424,0.004740792326629162,-0.012881052680313587,-2.6134774088859558e-05,-1.6115450914958678
2025-06-13,fold_7,"Inflation bear, AI rally and 2025",-0.004866801202297211,-1,0.013814094476401806,1,-0.013814094476401806,0.11504923210304696,,,,0,-138.14094476401806,0.006624867208302021,0.009983260184526443,-0.004866801202297211,1.658394163013713
2025-06-16,fold_7,"Inflation bear, AI rally and 2025",-0.003717079758644104,-1,-0.00979906227439642,-1,0.00979906227439642,0.12484829437744338,,,,1,97.9906227439642,0.006520985160022974,0.011345419101417065,-0.003717079758644104,-1.109638710114522
2025-06-17,fold_7,"Inflation bear, AI rally and 2025",-0.005457449704408646,-1,-0.00017018403741531074,-1,0.00017018403741531074,0.1250184784148587,,,,1,1.7018403741531074,-0.00022426433861255646,0.02369767054915428,-0.005457449704408646,-0.018709541966715384
2025-06-18,fold_7,"Inflation bear, AI rally and 2025",-0.006108274683356285,-1,-0.004091499838978052,-1,0.004091499838978052,0.12910997825383674,,,,1,40.91499838978052,0.005602599121630192,0.03317466005682945,-0.006108274683356285,-0.45132657086905426
2025-06-20,fold_7,"Inflation bear, AI rally and 2025",-0.0038155391812324524,-1,0.010229912586510181,1,-0.010229912586510181,0.11888006566732656,,,,0,-102.29912586510181,1.9613653421401978e-05,0.04068398103117943,-0.0038155391812324524,1.1954519155541303
2025-06-23,fold_7,"Inflation bear, AI rally and 2025",0.002546524628996849,1,0.015176253393292427,1,0.015176253393292427,0.134056319060619,,,,1,151.76253393292427,0.007185223046690226,0.03691010922193527,0.002546524628996849,1.7152282168837871
2025-06-24,fold_7,"Inflation bear, AI rally and 2025",0.003075849264860153,1,0.002553190104663372,1,0.002553190104663372,0.13660950916528236,,,,1,25.53190104663372,0.001817505806684494,0.01326880045235157,0.003075849264860153,0.2761633476020483
2025-06-25,fold_7,"Inflation bear, AI rally and 2025",0.00021637976169586182,1,0.009306803345680237,1,0.009306803345680237,0.1459163125109626,,,,1,93.06803345680237,0.0073882341384887695,0.0176568441092968,0.00021637976169586182,1.2140570495435146
2025-06-26,fold_7,"Inflation bear, AI rally and 2025",0.004315981641411781,1,0.0034178236965090036,1,0.0034178236965090036,0.1493341362074716,,,,1,34.178236965090036,0.004430638626217842,0.018142199143767357,0.004315981641411781,0.4336796183005765
2025-06-27,fold_7,"Inflation bear, AI rally and 2025",0.0007433649152517319,1,0.006456038448959589,1,0.006456038448959589,0.1557901746564312,,,,1,64.56038448959589,0.005311016459017992,0.007162868976593018,0.0007433649152517319,0.8166233479195625
2025-06-30,fold_7,"Inflation bear, AI rally and 2025",0.002713669091463089,1,-0.008465055376291275,-1,-0.008465055376291275,0.14732511928013992,,,,0,-84.65055376291275,0.0110405208542943,0.0012683197855949402,0.002713669091463089,-1.0543437575637744
2025-07-01,fold_7,"Inflation bear, AI rally and 2025",7.919594645500183e-05,1,0.006941234227269888,1,0.006941234227269888,0.1542663535074098,,,,1,69.41234227269888,0.007667415775358677,0.016787249594926834,7.919594645500183e-05,0.8612915520447721
2025-07-02,fold_7,"Inflation bear, AI rally and 2025",-0.00211300328373909,-1,0.009792158380150795,1,-0.009792158380150795,0.144474195127259,,,,0,-97.92158380150795,0.008125078864395618,0.00840685609728098,-0.00211300328373909,1.2209093004921368
2025-07-03,fold_7,"Inflation bear, AI rally and 2025",-0.0012044161558151245,-1,-0.007561507169157267,-1,0.007561507169157267,0.15203570229641628,,,,1,75.61507169157267,0.003733505494892597,-0.003638129448518157,-0.0012044161558151245,-0.912062731944434
2025-07-07,fold_7,"Inflation bear, AI rally and 2025",-0.0033386778086423874,-1,0.0005614891997538507,1,-0.0005614891997538507,0.15147421309666242,,,,0,-5.614891997538507,0.007107163779437542,0.007543554063886404,-0.0033386778086423874,0.06772407021490523
2025-07-08,fold_7,"Inflation bear, AI rally and 2025",-0.0068130046129226685,-1,0.007053874898701906,1,-0.007053874898701906,0.14442033819796052,,,,0,-70.53874898701906,0.007123730145394802,0.007898572832345963,-0.0068130046129226685,0.8815816587750563
2025-07-09,fold_7,"Inflation bear, AI rally and 2025",-0.003740839660167694,-1,-0.0014391591539606452,-1,0.0014391591539606452,0.14585949735192116,,,,1,14.391591539606452,0.00874125026166439,0.0018679917557165027,-0.003740839660167694,-0.17661141588879875
2025-07-10,fold_7,"Inflation bear, AI rally and 2025",0.00033414363861083984,1,-0.0022528269328176975,-1,-0.0022528269328176975,0.14360667041910347,,,,0,-22.528269328176975,0.006249902304261923,0.011367371305823326,0.00033414363861083984,-0.2808745383451295
2025-07-11,fold_7,"Inflation bear, AI rally and 2025",-0.0026048533618450165,-1,0.003620176576077938,1,-0.003620176576077938,0.13998649384302553,,,,0,-36.20176576077938,0.008791719563305378,0.012658500112593174,-0.0026048533618450165,0.4524629565912329
2025-07-14,fold_7,"Inflation bear, AI rally and 2025",0.0013816878199577332,1,0.0009165076771751046,1,0.0009165076771751046,0.14090300152020063,,,,1,9.165076771751046,0.0071287439204752445,0.014209684915840626,0.0013816878199577332,0.11420975350014795
2025-07-15,fold_7,"Inflation bear, AI rally and 2025",-0.0034786127507686615,-1,0.0010232938220724463,1,-0.0010232938220724463,0.1398797076981282,,,,0,-10.232938220724463,0.006035285070538521,0.008103914558887482,-0.0034786127507686615,0.13618806482870882
2025-07-16,fold_7,"Inflation bear, AI rally and 2025",-0.001402759924530983,-1,0.008060220628976822,1,-0.008060220628976822,0.13181948706915136,,,,0,-80.60220628976822,0.008392196148633957,0.011631511151790619,-0.001402759924530983,1.1760979880152769
2025-07-17,fold_7,"Inflation bear, AI rally and 2025",-0.0009976141154766083,-1,-0.0009616987663321197,-1,0.0009616987663321197,0.13278118583548348,,,,1,9.616987663321197,0.004049976821988821,0.005697506945580244,-0.0009976141154766083,-0.14270382450815308
2025-07-18,fold_7,"Inflation bear, AI rally and 2025",0.0004116743803024292,1,0.005171361844986677,1,0.005171361844986677,0.13795254768047016,,,,1,51.71361844986677,0.006374178919941187,0.00906337145715952,0.0004116743803024292,0.7669859185624802
2025-07-21,fold_7,"Inflation bear, AI rally and 2025",0.001284157857298851,1,-0.005189262330532074,-1,-0.005189262330532074,0.1327632853499381,,,,0,-51.89262330532074,0.010469797067344189,0.007012150716036558,0.001284157857298851,-0.7654419130645659
2025-07-22,fold_7,"Inflation bear, AI rally and 2025",0.004065055400133133,1,0.004550890065729618,1,0.004550890065729618,0.1373141754156677,,,,1,45.50890065729618,0.005278605967760086,0.0106513611972332,0.004065055400133133,0.7015949302939439
2025-07-23,fold_7,"Inflation bear, AI rally and 2025",0.0038098767399787903,1,0.0021262161899358034,1,0.0021262161899358034,0.1394403916056035,,,,1,21.262161899358034,0.004209098871797323,0.007439480163156986,0.0038098767399787903,0.37827171020139594
2025-07-24,fold_7,"Inflation bear, AI rally and 2025",0.00196639820933342,1,0.002404165454208851,1,0.002404165454208851,0.14184455705981236,,,,1,24.04165454208851,0.003591551911085844,0.0,0.00196639820933342,0.4283990359534204
2025-07-25,fold_7,"Inflation bear, AI rally and 2025",0.00041086412966251373,1,0.0031201415695250034,1,0.0031201415695250034,0.14496469862933736,,,,1,31.201415695250034,0.006082511506974697,-0.022299613803625107,0.00041086412966251373,0.595502653685041
2025-07-28,fold_7,"Inflation bear, AI rally and 2025",-0.0007511507719755173,-1,-0.0015500520821660757,-1,0.0015500520821660757,0.14651475071150344,,,,1,15.500520821660757,0.007209339644759893,-0.007136274129152298,-0.0007511507719755173,-0.2963649319322456
2025-07-29,fold_7,"Inflation bear, AI rally and 2025",-0.0035704541951417923,-1,0.001339009148068726,1,-0.001339009148068726,0.1451757415634347,,,,0,-13.39009148068726,0.004917970392853022,-0.012398889288306236,-0.0035704541951417923,0.26573052952608295
2025-07-30,fold_7,"Inflation bear, AI rally and 2025",-0.006515977904200554,-1,-0.005313263740390539,-1,0.005313263740390539,0.15048900530382525,,,,1,53.13263740390539,0.008491561748087406,-0.0012331786565482616,-0.006515977904200554,-1.1354257306530724
2025-07-31,fold_7,"Inflation bear, AI rally and 2025",-0.001512434333562851,-1,-0.01989544928073883,-1,0.01989544928073883,0.17038445458456408,,,,1,198.9544928073883,0.004647534340620041,0.00745871476829052,-0.001512434333562851,-4.351860117887104
2025-08-01,fold_7,"Inflation bear, AI rally and 2025",0.004313316196203232,1,0.018283480778336525,1,0.018283480778336525,0.1886679353629006,,,,1,182.83480778336525,0.00897214375436306,0.03663913160562515,0.004313316196203232,3.051587052731937
2025-08-04,fold_7,"Inflation bear, AI rally and 2025",0.0017389170825481415,1,-0.006812667474150658,-1,-0.006812667474150658,0.18185526788874995,,,,0,-68.12667474150658,0.019847190007567406,0.015392293222248554,0.0017389170825481415,-0.9658439511808814
2025-08-05,fold_7,"Inflation bear, AI rally and 2025",0.0003088042140007019,1,0.012504720129072666,1,0.012504720129072666,0.19435998801782262,,,,1,125.04720129072666,0.013677436858415604,0.03469543159008026,0.0003088042140007019,1.7331264565623796
2025-08-06,fold_7,"Inflation bear, AI rally and 2025",0.0004270244389772415,1,0.0033786294516175985,1,0.0033786294516175985,0.19773861746944021,,,,1,33.786294516175985,0.01586109772324562,0.0226906705647707,0.0004270244389772415,0.44599293756289404
2025-08-07,fold_7,"Inflation bear, AI rally and 2025",0.005223549902439117,1,0.009284966625273228,1,0.009284966625273228,0.20702358409471344,,,,1,92.84966625273228,0.009679070673882961,0.01853628270328045,0.005223549902439117,1.2206949690026645
2025-08-08,fold_7,"Inflation bear, AI rally and 2025",-0.001385573297739029,-1,-0.002963355975225568,-1,0.002963355975225568,0.209986940069939,,,,1,29.633559752255678,0.00940127857029438,0.004844300914555788,-0.001385573297739029,-0.3766124078785977
2025-08-11,fold_7,"Inflation bear, AI rally and 2025",-0.0018594693392515182,-1,0.012490469962358475,1,-0.012490469962358475,0.19749647010758054,,,,0,-124.90469962358475,0.008744567632675171,0.007409026846289635,-0.0018594693392515182,1.5901907501999453
2025-08-12,fold_7,"Inflation bear, AI rally and 2025",-0.0015722382813692093,-1,0.0004999605007469654,1,-0.0004999605007469654,0.19699650960683357,,,,0,-4.999605007469654,0.002928157802671194,-0.018741806969046593,-0.0015722382813692093,0.059990749109096714
2025-08-13,fold_7,"Inflation bear, AI rally and 2025",0.00047309696674346924,1,-0.000775758468080312,-1,-0.000775758468080312,0.19622075113875326,,,,0,-7.75758468080312,0.003765125758945942,-0.02519688941538334,0.00047309696674346924,-0.09311073597075677
2025-08-14,fold_7,"Inflation bear, AI rally and 2025",-0.0015718210488557816,-1,-0.004407014697790146,-1,0.004407014697790146,0.2006277658365434,,,,1,44.07014697790146,0.007346816826611757,-0.029061537235975266,-0.0015718210488557816,-0.5416591906536531
2025-08-15,fold_7,"Inflation bear, AI rally and 2025",-0.0033212341368198395,-1,-0.0003986301308032125,-1,0.0003986301308032125,0.20102639596734662,,,,1,3.9863013080321252,0.004542708396911621,-0.00934495497494936,-0.0033212341368198395,-0.04865628722997111
2025-08-18,fold_7,"Inflation bear, AI rally and 2025",-0.0023469459265470505,-1,-0.013660364784300327,-1,0.013660364784300327,0.21468676075164694,,,,1,136.60364784300327,0.00960386823862791,-0.011835196986794472,-0.0023469459265470505,-1.68412534415897
2025-08-19,fold_7,"Inflation bear, AI rally and 2025",-0.0032611973583698273,-1,-0.005955122411251068,-1,0.005955122411251068,0.220641883162898,,,,1,59.55122411251068,0.006603616755455732,0.005832357332110405,-0.0032611973583698273,-0.6933178700891818
2025-08-20,fold_7,"Inflation bear, AI rally and 2025",-0.003723105415701866,-1,-0.004640405066311359,-1,0.004640405066311359,0.22528228822920937,,,,1,46.404050663113594,0.009017858654260635,0.013323167338967323,-0.003723105415701866,-0.5375727616004295
2025-08-21,fold_7,"Inflation bear, AI rally and 2025",-0.0024586953222751617,-1,0.01530956756323576,1,-0.01530956756323576,0.2099727206659736,,,,0,-153.0956756323576,0.0077497572638094425,0.024203982204198837,-0.0024586953222751617,1.7635160886517867
2025-08-22,fold_7,"Inflation bear, AI rally and 2025",-0.0023429282009601593,-1,-0.0028888722881674767,-1,0.0028888722881674767,0.2128615929541411,,,,1,28.888722881674767,0.0071083554066717625,-0.0027484886813908815,-0.0023429282009601593,-0.31008575290815854
2025-08-25,fold_7,"Inflation bear, AI rally and 2025",-0.0008904114365577698,-1,0.004007190000265837,1,-0.004007190000265837,0.20885440295387525,,,,0,-40.07190000265837,0.007549197878688574,-0.008275248110294342,-0.0008904114365577698,0.43029600122841694
2025-08-26,fold_7,"Inflation bear, AI rally and 2025",-0.0023059379309415817,-1,0.001535687712021172,1,-0.001535687712021172,0.20731871524185408,,,,0,-15.35687712021172,0.00836006086319685,-0.0044456529431045055,-0.0023059379309415817,0.16425835506509845
2025-08-27,fold_7,"Inflation bear, AI rally and 2025",-0.001642610877752304,-1,0.006240409333258867,1,-0.006240409333258867,0.2010783059085952,,,,0,-62.40409333258867,0.007760957814753056,0.003029386978596449,-0.001642610877752304,0.667371148535967
2025-08-28,fold_7,"Inflation bear, AI rally and 2025",-0.0006068497896194458,-1,-0.011642903089523315,-1,0.011642903089523315,0.21272120899811853,,,,1,116.42903089523315,0.010080300271511078,-0.0017690984532237053,-0.0006068497896194458,-1.241336584782596
2025-08-29,fold_7,"Inflation bear, AI rally and 2025",-0.004410348832607269,-1,-0.00841563194990158,-1,0.00841563194990158,0.2211368409480201,,,,1,84.15631949901581,0.00461475970223546,0.01473993994295597,-0.004410348832607269,-0.9720242852407744
2025-09-02,fold_7,"Inflation bear, AI rally and 2025",-0.0035803262144327164,-1,0.007836785167455673,1,-0.007836785167455673,0.21330005578056443,,,,0,-78.36785167455673,0.0005944091826677322,0.025984633713960648,-0.0035803262144327164,0.9970023351283237
2025-09-03,fold_7,"Inflation bear, AI rally and 2025",-0.003829866647720337,-1,0.009010727517306805,1,-0.009010727517306805,0.20428932826325763,,,,0,-90.10727517306805,0.005128775257617235,0.018475046381354332,-0.003829866647720337,1.1394559757618208
2025-09-04,fold_7,"Inflation bear, AI rally and 2025",0.0001896284520626068,1,0.0014419236686080694,1,0.0014419236686080694,0.2057312519318657,,,,1,14.419236686080694,0.004445119760930538,0.015268106013536453,0.0001896284520626068,0.18807909607239273
2025-09-05,fold_7,"Inflation bear, AI rally and 2025",-0.0006087087094783783,-1,0.004866134840995073,1,-0.004866134840995073,0.20086511709087063,,,,0,-48.66134840995073,0.005346514750272036,0.01823362335562706,-0.0006087087094783783,0.6372558726449794
2025-09-08,fold_7,"Inflation bear, AI rally and 2025",2.9653310775756836e-06,1,0.002829062519595027,1,0.002829062519595027,0.20369417961046565,,,,1,28.29062519595027,0.009940959513187408,0.02188795804977417,2.9653310775756836e-06,0.38083729456508125
2025-09-09,fold_7,"Inflation bear, AI rally and 2025",0.0005464311689138412,1,0.0003271980385761708,1,0.0003271980385761708,0.20402137764904182,,,,1,3.271980385761708,0.009998448193073273,0.018213454633951187,0.0005464311689138412,0.04406164831320266
2025-09-10,fold_7,"Inflation bear, AI rally and 2025",-0.0017136726528406143,-1,0.005803787149488926,1,-0.005803787149488926,0.1982175904995529,,,,0,-58.03787149488926,0.009789586067199707,0.01588842086493969,-0.0017136726528406143,0.8434438852361171
2025-09-11,fold_7,"Inflation bear, AI rally and 2025",0.002104302868247032,1,0.004407439846545458,1,0.004407439846545458,0.20262503034609836,,,,1,44.07439846545458,0.007691606879234314,0.019061127677559853,0.002104302868247032,0.6295015227957373
2025-09-12,fold_7,"Inflation bear, AI rally and 2025",-0.0020353179425001144,-1,0.00852047000080347,1,-0.00852047000080347,0.19410456034529489,,,,0,-85.2047000080347,0.007652693893760443,0.021400216966867447,-0.0020353179425001144,1.2054363075401078
2025-09-15,fold_7,"Inflation bear, AI rally and 2025",-0.002457946538925171,-1,-0.0008454403723590076,-1,0.0008454403723590076,0.1949500007176539,,,,1,8.454403723590076,0.009432338178157806,0.01878230646252632,-0.002457946538925171,-0.11654796916406615
2025-09-16,fold_7,"Inflation bear, AI rally and 2025",-0.003265317529439926,-1,-0.0019978368654847145,-1,0.0019978368654847145,0.1969478375831386,,,,1,19.978368654847145,0.00793749000877142,0.012963303364813328,-0.003265317529439926,-0.2753385942654289
2025-09-17,fold_7,"Inflation bear, AI rally and 2025",-0.0029943622648715973,-1,0.008976494893431664,1,-0.008976494893431664,0.18797134268970694,,,,0,-89.76494893431664,0.006904139649122953,0.01144441682845354,-0.0029943622648715973,1.3607346414331145
2025-09-18,fold_7,"Inflation bear, AI rally and 2025",-0.0036501195281744003,-1,0.006746530067175627,1,-0.006746530067175627,0.18122481262253132,,,,0,-67.46530067175627,0.0064711133018136024,-0.001852678949944675,-0.0036501195281744003,0.9971799293033602
2025-09-19,fold_7,"Inflation bear, AI rally and 2025",-0.0022244304418563843,-1,0.005902559962123632,1,-0.005902559962123632,0.17532225266040768,,,,0,-59.025599621236324,0.00881974771618843,-0.004496766719967127,-0.0022244304418563843,0.8612280707817476
2025-09-22,fold_7,"Inflation bear, AI rally and 2025",-0.0015724636614322662,-1,-0.00666444469243288,-1,0.00666444469243288,0.18198669735284057,,,,1,66.6444469243288,0.011457318440079689,-0.005778889171779156,-0.0015724636614322662,-1.095695263592265
2025-09-23,fold_7,"Inflation bear, AI rally and 2025",-0.0029604677110910416,-1,-0.003516722936183214,-1,0.003516722936183214,0.18550342028902378,,,,1,35.16722936183214,0.0037238127551972866,0.0036210042890161276,-0.0029604677110910416,-0.5645837122021672
2025-09-24,fold_7,"Inflation bear, AI rally and 2025",-0.004137078300118446,-1,-0.004320601467043161,-1,0.004320601467043161,0.18982402175606694,,,,1,43.206014670431614,0.0045212567783892155,0.011923212558031082,-0.004137078300118446,-0.6952956867216374
2025-09-25,fold_7,"Inflation bear, AI rally and 2025",-0.005016021430492401,-1,0.004102441947907209,1,-0.004102441947907209,0.18572157980815973,,,,0,-41.024419479072094,-0.0008861785754561424,0.02034645900130272,-0.005016021430492401,0.6533257981723073
2025-09-26,fold_7,"Inflation bear, AI rally and 2025",-0.0036831963807344437,-1,0.0046204375103116035,1,-0.0046204375103116035,0.18110114229784813,,,,0,-46.204375103116035,0.005776606034487486,0.012025424279272556,-0.0036831963807344437,0.746356600807675
2025-09-29,fold_7,"Inflation bear, AI rally and 2025",0.0008032713085412979,1,0.002735448768362403,1,0.002735448768362403,0.18383659106621053,,,,1,27.35448768362403,0.007360148709267378,0.014887053519487381,0.0008032713085412979,0.4789916015347059
2025-09-30,fold_7,"Inflation bear, AI rally and 2025",0.0013601835817098618,1,0.004785485565662384,1,0.004785485565662384,0.18862207663187291,,,,1,47.85485565662384,0.005229804199188948,0.006872063037008047,0.0013601835817098618,0.881875034282518
2025-10-01,fold_7,"Inflation bear, AI rally and 2025",0.0031241178512573242,1,0.004102644510567188,1,0.004102644510567188,0.1927247211424401,,,,1,41.02644510567188,0.010940421372652054,0.01348517369478941,0.0031241178512573242,0.7820441076156708
2025-10-02,fold_7,"Inflation bear, AI rally and 2025",0.0032885055989027023,1,-0.004218591842800379,-1,-0.004218591842800379,0.18850612929963972,,,,0,-42.18591842800379,0.008083181455731392,0.008171569555997849,0.0032885055989027023,-0.8557317218921436
2025-10-03,fold_7,"Inflation bear, AI rally and 2025",0.0031083114445209503,1,0.007482066750526428,1,0.007482066750526428,0.19598819605016615,,,,1,74.82066750526428,0.009243840351700783,-0.02294095605611801,0.0031083114445209503,1.4937609204365878
2025-10-06,fold_7,"Inflation bear, AI rally and 2025",0.0013101380318403244,1,-0.005279541946947575,-1,-0.005279541946947575,0.19070865410321858,,,,0,-52.795419469475746,0.007754107471555471,-0.00942372065037489,0.0013101380318403244,-1.0216646254540132
2025-10-07,fold_7,"Inflation bear, AI rally and 2025",-0.001332506537437439,-1,0.01139859575778246,1,-0.01139859575778246,0.17931005834543612,,,,0,-113.98595757782459,-0.0025672102347016335,-0.010827412828803062,-0.001332506537437439,2.165864902452659
2025-10-08,fold_7,"Inflation bear, AI rally and 2025",0.0013997778296470642,1,-0.0012109596282243729,-1,-0.0012109596282243729,0.17809909871721175,,,,0,-12.109596282243729,0.0016221292316913605,-0.015193992294371128,0.0013997778296470642,-0.20710450937279112
2025-10-09,fold_7,"Inflation bear, AI rally and 2025",-0.003512900322675705,-1,-0.0353311188519001,-1,0.0353311188519001,0.21343021756911185,,,,1,353.311188519001,-0.003597872331738472,-0.01769283600151539,-0.003512900322675705,-6.190099209469844
2025-10-10,fold_7,"Inflation bear, AI rally and 2025",0.0005825832486152649,1,0.020999303087592125,1,0.020999303087592125,0.23442952065670397,,,,1,209.99303087592125,-0.001632094383239746,0.024183519184589386,0.0005825832486152649,2.1656736954973526
2025-10-13,fold_7,"Inflation bear, AI rally and 2025",0.002777084708213806,1,-0.006683234125375748,-1,-0.006683234125375748,0.22774628653132822,,,,0,-66.83234125375748,0.008818350732326508,0.01570628583431244,0.002777084708213806,-0.6302711987652501
2025-10-14,fold_7,"Inflation bear, AI rally and 2025",0.0034282859414815903,1,0.007032016292214394,1,0.007032016292214394,0.23477830282354262,,,,1,70.32016292214394,0.0001344345510005951,0.022127928212285042,0.0034282859414815903,0.656776523455626
2025-10-15,fold_7,"Inflation bear, AI rally and 2025",0.003247437998652458,1,-0.0037098024040460587,-1,-0.0037098024040460587,0.23106850041949656,,,,0,-37.09802404046059,0.0057920911349356174,0.005415184423327446,0.003247437998652458,-0.3431036216291272
2025-10-16,fold_7,"Inflation bear, AI rally and 2025",0.006252706050872803,1,0.006545236799865961,1,0.006545236799865961,0.23761373721936252,,,,1,65.45236799865961,0.0006641298532485962,0.017496326938271523,0.006252706050872803,0.6141795166647341
2025-10-17,fold_7,"Inflation bear, AI rally and 2025",4.971399903297424e-06,1,0.012522069737315178,1,0.012522069737315178,0.2501358069566777,,,,1,125.22069737315178,-0.0005736891180276871,0.021572764962911606,4.971399903297424e-06,1.1757149166181942
2025-10-20,fold_7,"Inflation bear, AI rally and 2025",0.0004297085106372833,1,-0.00026159174740314484,-1,-0.00026159174740314484,0.24987421520927455,,,,0,-2.6159174740314484,0.004300445318222046,0.02670317515730858,0.0004297085106372833,-0.023926513409431638
2025-10-21,fold_7,"Inflation bear, AI rally and 2025",-0.0013360679149627686,-1,-0.009680728428065777,-1,0.009680728428065777,0.25955494363734033,,,,1,96.80728428065777,0.0011481577530503273,0.03462529554963112,-0.0013360679149627686,-0.8937772036216127
2025-10-22,fold_7,"Inflation bear, AI rally and 2025",-0.0024115703999996185,-1,0.008371341042220592,1,-0.008371341042220592,0.25118360259511974,,,,0,-83.71341042220592,0.0050639500841498375,0.04879889264702797,-0.0024115703999996185,0.7598277720253334
2025-10-23,fold_7,"Inflation bear, AI rally and 2025",-0.0007724892348051071,-1,0.010621673427522182,1,-0.010621673427522182,0.24056192916759755,,,,0,-106.21673427522182,0.0036440850235521793,0.025020860135555267,-0.0007724892348051071,0.9540309455168327
2025-10-24,fold_7,"Inflation bear, AI rally and 2025",-0.0004090741276741028,-1,0.01765247993171215,1,-0.01765247993171215,0.2229094492358854,,,,0,-176.5247993171215,0.0029745930805802345,0.019211603328585625,-0.0004090741276741028,1.5557006495301577
2025-10-27,fold_7,"Inflation bear, AI rally and 2025",1.1179596185684204e-05,1,0.007660527713596821,1,0.007660527713596821,0.23056997694948222,,,,1,76.60527713596821,0.0024654013104736805,0.006332420278340578,1.1179596185684204e-05,0.6400089901114824
2025-10-28,fold_7,"Inflation bear, AI rally and 2025",-0.0007344596087932587,-1,0.004492870531976223,1,-0.004492870531976223,0.226077106417506,,,,0,-44.92870531976223,0.0048430850729346275,-0.021835021674633026,-0.0007344596087932587,0.37205342136019226
2025-10-29,fold_7,"Inflation bear, AI rally and 2025",-0.004782455042004585,-1,-0.015406693331897259,-1,0.015406693331897259,0.24148379974940326,,,,1,154.0669333189726,0.010454587638378143,-0.019840959459543228,-0.004782455042004585,-1.2764184630714328
2025-10-30,fold_7,"Inflation bear, AI rally and 2025",-0.005394117906689644,-1,0.00481241662055254,1,-0.00481241662055254,0.23667138312885072,,,,0,-48.1241662055254,0.006201308686286211,-0.02323727495968342,-0.005394117906689644,0.3844184108543597
2025-10-31,fold_7,"Inflation bear, AI rally and 2025",-0.007060632109642029,-1,0.004773298278450966,1,-0.004773298278450966,0.23189808485039975,,,,0,-47.73298278450966,0.008773978799581528,-0.03121001087129116,-0.007060632109642029,0.3809678203254386
2025-11-03,fold_7,"Inflation bear, AI rally and 2025",-0.006991734728217125,-1,-0.02050691470503807,-1,0.02050691470503807,0.2524049995554378,,,,1,205.0691470503807,0.010383350774645805,-0.014100291766226292,-0.006991734728217125,-1.645425497330582
2025-11-04,fold_7,"Inflation bear, AI rally and 2025",-0.0053613800555467606,-1,0.006486933678388596,1,-0.006486933678388596,0.24591806587704923,,,,0,-64.86933678388596,0.00011966004967689514,0.003739549545571208,-0.0053613800555467606,0.4904235227950415
2025-11-05,fold_7,"Inflation bear, AI rally and 2025",-0.0049046799540519714,-1,-0.018803009763360023,-1,0.018803009763360023,0.26472107564040925,,,,1,188.03009763360023,0.009212806820869446,-0.0035360476467758417,-0.0049046799540519714,-1.4397275540722754
2025-11-06,fold_7,"Inflation bear, AI rally and 2025",-0.004190357401967049,-1,-0.0031603185925632715,-1,0.0031603185925632715,0.2678813942329725,,,,1,31.603185925632715,0.0015342086553573608,-0.005360324867069721,-0.004190357401967049,-0.23038518248782683
2025-11-07,fold_7,"Inflation bear, AI rally and 2025",-0.004951020702719688,-1,0.02188301645219326,1,-0.02188301645219326,0.24599837778077926,,,,0,-218.8301645219326,0.003044500481337309,-0.0014442570973187685,-0.004951020702719688,1.9475170148969252
2025-11-10,fold_7,"Inflation bear, AI rally and 2025",-0.004339801147580147,-1,-0.002667073393240571,-1,0.002667073393240571,0.24866545117401984,,,,1,26.67073393240571,0.007405102252960205,-0.03190450370311737,-0.004339801147580147,-0.23559951962183132
2025-11-11,fold_7,"Inflation bear, AI rally and 2025",-0.0031100455671548843,-1,-0.0007886635139584541,-1,0.0007886635139584541,0.2494541146879783,,,,1,7.886635139584541,0.0010300586000084877,-0.04148799180984497,-0.0031100455671548843,-0.07018370771346462
2025-11-12,fold_7,"Inflation bear, AI rally and 2025",-0.002221403643488884,-1,-0.020627286285161972,-1,0.020627286285161972,0.27008140097314026,,,,1,206.27286285161972,0.008369524031877518,-0.034746989607810974,-0.002221403643488884,-1.853642922140871
2025-11-13,fold_7,"Inflation bear, AI rally and 2025",-0.0026903487741947174,-1,0.0007557492353953421,1,-0.0007557492353953421,0.2693256517377449,,,,0,-7.557492353953421,-0.00171625055372715,-0.03807619959115982,-0.0026903487741947174,0.06288792179286838
2025-11-14,fold_7,"Inflation bear, AI rally and 2025",-0.007234988734126091,-1,-0.008577228523790836,-1,0.008577228523790836,0.27790288026153576,,,,1,85.77228523790836,-0.00047156214714050293,-0.03134717792272568,-0.007234988734126091,-0.7190147203950206
2025-11-17,fold_7,"Inflation bear, AI rally and 2025",-0.005180664360523224,-1,-0.012250563129782677,-1,0.012250563129782677,0.29015344339131843,,,,1,122.50563129782677,0.003101630602031946,0.0024817129597067833,-0.005180664360523224,-1.042298205062926
2025-11-18,fold_7,"Inflation bear, AI rally and 2025",-0.0035500936210155487,-1,0.0059523372910916805,1,-0.0059523372910916805,0.28420110610022675,,,,0,-59.523372910916805,-0.0007952302694320679,0.020877135917544365,-0.0035500936210155487,0.49322207919352573
2025-11-19,fold_7,"Inflation bear, AI rally and 2025",-0.0066206492483615875,-1,-0.02395649440586567,-1,0.02395649440586567,0.3081576005060924,,,,1,239.5649440586567,0.004340220708400011,0.02372167818248272,-0.0066206492483615875,-2.0052447494274688
2025-11-20,fold_7,"Inflation bear, AI rally and 2025",0.00028787553310394287,1,0.007484769448637962,1,0.007484769448637962,0.3156423699547304,,,,1,74.84769448637962,-0.0010690949857234955,0.055752597749233246,0.00028787553310394287,0.5775990910985691
2025-11-21,fold_7,"Inflation bear, AI rally and 2025",-0.0037171654403209686,-1,0.025251662358641624,1,-0.025251662358641624,0.29039070759608876,,,,0,-252.51662358641624,0.0022692205384373665,0.04490327462553978,-0.0037171654403209686,1.9653590753917458
2025-11-24,fold_7,"Inflation bear, AI rally and 2025",-0.006194654852151871,-1,0.006144860293716192,1,-0.006144860293716192,0.28424584730237257,,,,0,-61.44860293716192,-0.0025526415556669235,0.027447156608104706,-0.006194654852151871,0.45626205881541687
2025-11-25,fold_7,"Inflation bear, AI rally and 2025",-0.001106753945350647,-1,0.008796879090368748,1,-0.008796879090368748,0.2754489682120038,,,,0,-87.96879090368748,-0.010521290823817253,0.02374311164021492,-0.001106753945350647,0.6550691216377408
2025-11-26,fold_7,"Inflation bear, AI rally and 2025",0.00011119060218334198,1,0.008074427023530006,1,0.008074427023530006,0.2835233952355338,,,,1,80.74427023530006,-0.01143302209675312,0.014015650376677513,0.00011119060218334198,0.5965591048813538
2025-11-28,fold_7,"Inflation bear, AI rally and 2025",0.004105601459741592,1,-0.0033645550720393658,-1,-0.0033645550720393658,0.28015884016349446,,,,0,-33.64555072039366,-0.007280256599187851,0.010010326281189919,0.004105601459741592,-0.25463658553309576
2025-12-01,fold_7,"Inflation bear, AI rally and 2025",0.0013823248445987701,1,0.007795544341206551,1,0.007795544341206551,0.287954384504701,,,,1,77.9554434120655,-0.0009765569120645523,0.011454490013420582,0.0013823248445987701,0.5909859154765658
2025-12-02,fold_7,"Inflation bear, AI rally and 2025",0.0007737576961517334,1,0.0024408164899796247,1,0.0024408164899796247,0.29039520099468064,,,,1,24.408164899796247,-0.0023282617330551147,0.004891549237072468,0.0007737576961517334,0.18403833411928913
2025-12-03,fold_7,"Inflation bear, AI rally and 2025",-0.0004518851637840271,-1,-0.0009305825224146247,-1,0.0009305825224146247,0.29132578351709526,,,,1,9.305825224146247,0.0010994896292686462,0.00653810752555728,-0.0004518851637840271,-0.07470613097210492
2025-12-04,fold_7,"Inflation bear, AI rally and 2025",-0.00286666676402092,-1,0.004069102928042412,1,-0.004069102928042412,0.28725668058905285,,,,0,-40.69102928042412,0.0016048438847064972,0.004229042213410139,-0.00286666676402092,0.3288540497593342
2025-12-05,fold_7,"Inflation bear, AI rally and 2025",-0.0035251863300800323,-1,-0.0019203914562240243,-1,0.0019203914562240243,0.2891770720452769,,,,1,19.203914562240243,0.005384770687669516,-0.01914352923631668,-0.0035251863300800323,-0.16451758365576602
2025-12-08,fold_7,"Inflation bear, AI rally and 2025",-0.0037713758647441864,-1,0.0012326041469350457,1,-0.0012326041469350457,0.2879444678983418,,,,0,-12.326041469350457,0.0041028475388884544,-0.02225513942539692,-0.0037713758647441864,0.10571795040473164
2025-12-09,fold_7,"Inflation bear, AI rally and 2025",-0.003292171284556389,-1,0.00408737501129508,1,-0.00408737501129508,0.28385709288704675,,,,0,-40.8737501129508,0.0024682101793587208,-0.02150787226855755,-0.003292171284556389,0.3860940742634263
2025-12-10,fold_7,"Inflation bear, AI rally and 2025",-0.005191421136260033,-1,-0.0032396477181464434,-1,0.0032396477181464434,0.2870967406051932,,,,1,32.396477181464434,0.0010150643065571785,-0.04430621117353439,-0.005191421136260033,-0.305364873438464
2025-12-11,fold_7,"Inflation bear, AI rally and 2025",0.001576075330376625,1,-0.019303468987345695,-1,-0.019303468987345695,0.2677932716178475,,,,0,-193.03468987345695,0.005766581743955612,-0.02668045461177826,0.001576075330376625,-1.8155420144186112
2025-12-12,fold_7,"Inflation bear, AI rally and 2025",-0.00522519089281559,-1,-0.005032000597566366,-1,0.005032000597566366,0.27282527221541386,,,,1,50.32000597566366,-0.0020181117579340935,0.005574300419539213,-0.00522519089281559,-0.47890443142588723
2025-12-15,fold_7,"Inflation bear, AI rally and 2025",-0.0016017742455005646,-1,0.0019798711873590946,1,-0.0019798711873590946,0.27084540102805477,,,,0,-19.798711873590946,0.005931999068707228,0.01538827270269394,-0.0016017742455005646,0.18738061852739712
2025-12-16,fold_7,"Inflation bear, AI rally and 2025",-0.0028009265661239624,-1,-0.018710967153310776,-1,0.018710967153310776,0.28955636818136554,,,,1,187.10967153310776,0.005512600298970938,0.018080780282616615,-0.0028009265661239624,-1.7991417330474324
2025-12-17,fold_7,"Inflation bear, AI rally and 2025",-0.0035270918160676956,-1,0.014386109076440334,1,-0.014386109076440334,0.2751702591049252,,,,0,-143.86109076440334,0.0037387730553746223,0.039713069796562195,-0.0035270918160676956,1.3234520309883862
2025-12-18,fold_7,"Inflation bear, AI rally and 2025",-0.003264065831899643,-1,0.012951286509633064,1,-0.012951286509633064,0.26221897259529214,,,,0,-129.51286509633064,0.007460174150764942,0.025262802839279175,-0.003264065831899643,1.1504351940592996
2025-12-19,fold_7,"Inflation bear, AI rally and 2025",0.001090865582227707,1,0.00478197168558836,1,0.00478197168558836,0.2670009442808805,,,,1,47.8197168558836,0.004814456682652235,0.007459201384335756,0.001090865582227707,0.4635322635963407
