date,fold,regime,prediction,pred_direction,actual_return,actual_direction,strategy_return,cumulative_return,confidence,aleatoric,epistemic,correct,pnl_bps,B_pred,B_actual,D_pred,D_actual
2008-11-18,fold_1,GFC peak crash (Lehman + Mar-2009 bottom),0.007873544469475746,1,-0.05363579839468002,-1,-0.05363579839468002,-0.05363579839468002,,,,0,-536.3579839468002,0.0382564477622509,-0.0060164593160152435,0.007873544469475746,-1.3795502580863528
2008-11-19,fold_1,GFC peak crash (Lehman + Mar-2009 bottom),0.0073613994754850864,1,-0.049609940499067307,-1,-0.049609940499067307,-0.10324573889374733,,,,0,-496.09940499067307,0.03758951276540756,0.08865413069725037,0.0073613994754850864,-1.234032731259152
2008-11-20,fold_1,GFC peak crash (Lehman + Mar-2009 bottom),0.008317486383020878,1,0.042510632425546646,1,0.042510632425546646,-0.060735106468200684,,,,1,425.10632425546646,0.03197208046913147,0.13039687275886536,0.008317486383020878,1.0195702067929981
2008-11-21,fold_1,GFC peak crash (Lehman + Mar-2009 bottom),0.004072893410921097,1,0.059322528541088104,1,0.059322528541088104,-0.0014125779271125793,,,,1,593.225285410881,0.02985069528222084,0.009702088311314583,0.004072893410921097,1.4078845529535253
2008-11-24,fold_1,GFC peak crash (Lehman + Mar-2009 bottom),-0.0002765404060482979,-1,-0.0046038818545639515,-1,0.0046038818545639515,0.003191303927451372,,,,1,46.038818545639515,0.004294481128454208,-0.016746971756219864,-0.0002765404060482979,-0.10529690246968396
2008-11-25,fold_1,GFC peak crash (Lehman + Mar-2009 bottom),0.001058422029018402,1,0.04103479161858559,1,0.04103479161858559,0.04422609554603696,,,,1,410.34791618585587,0.016033224761486053,0.015847941860556602,0.001058422029018402,1.111254334073887
2008-11-26,fold_1,GFC peak crash (Lehman + Mar-2009 bottom),-0.0031859930604696274,-1,-0.007867200300097466,-1,0.007867200300097466,0.052093295846134424,,,,1,78.67200300097466,-0.00010627508163452148,-0.053896866738796234,-0.0031859930604696274,-0.2067849103956423
2008-11-28,fold_1,GFC peak crash (Lehman + Mar-2009 bottom),-0.0045358361676335335,-1,-0.07818415015935898,-1,0.07818415015935898,0.1302774460054934,,,,1,781.8415015935898,-0.003021150827407837,-0.0062005408108234406,-0.0045358361676335335,-2.0920149030097552
2008-12-01,fold_1,GFC peak crash (Lehman + Mar-2009 bottom),-0.002295318990945816,-1,0.03287346661090851,1,-0.03287346661090851,0.0974039793945849,,,,0,-328.7346661090851,0.01833147555589676,0.11061938107013702,-0.002295318990945816,0.7967744531761531
2008-12-02,fold_1,GFC peak crash (Lehman + Mar-2009 bottom),-0.0013723596930503845,-1,0.027991032227873802,1,-0.027991032227873802,0.06941294716671109,,,,0,-279.910322278738,0.016922838985919952,0.07541601359844208,-0.0013723596930503845,0.6679611691128471
2008-12-03,fold_1,GFC peak crash (Lehman + Mar-2009 bottom),-0.004789547063410282,-1,-0.0287100151181221,-1,0.0287100151181221,0.09812296228483319,,,,1,287.100151181221,0.00165548175573349,0.04408736154437065,-0.004789547063410282,-0.6850921338906252
2008-12-04,fold_1,GFC peak crash (Lehman + Mar-2009 bottom),0.00031225569546222687,1,0.03982912749052048,1,0.03982912749052048,0.13795208977535367,,,,1,398.2912749052048,0.02305513620376587,0.04499876871705055,0.00031225569546222687,0.9793462647053741
2008-12-05,fold_1,GFC peak crash (Lehman + Mar-2009 bottom),-0.0029239682480692863,-1,0.03863576799631119,1,-0.03863576799631119,0.09931632177904248,,,,0,-386.3576799631119,0.005399327725172043,0.025248471647500992,-0.0029239682480692863,0.9573386069605946
2008-12-08,fold_1,GFC peak crash (Lehman + Mar-2009 bottom),0.003802546299993992,1,-0.0023298992309719324,-1,-0.0023298992309719324,0.09698642254807055,,,,0,-23.298992309719324,0.025000425055623055,-0.031062552705407143,0.003802546299993992,-0.05680074135595529
2008-12-09,fold_1,GFC peak crash (Lehman + Mar-2009 bottom),-0.00443770457059145,-1,-0.0033376188948750496,-1,0.0033376188948750496,0.1003240414429456,,,,1,33.376188948750496,0.006737954914569855,0.018161559477448463,-0.00443770457059145,-0.08158449891293568
2008-12-10,fold_1,GFC peak crash (Lehman + Mar-2009 bottom),-0.004724414087831974,-1,-0.0277986079454422,-1,0.0277986079454422,0.1281226493883878,,,,1,277.986079454422,0.0037988312542438507,0.009317740797996521,-0.004724414087831974,-0.6843648104632636
2008-12-11,fold_1,GFC peak crash (Lehman + Mar-2009 bottom),-0.008889681659638882,-1,0.020078828558325768,1,-0.020078828558325768,0.10804382083006203,,,,0,-200.78828558325768,-0.009892977774143219,0.019404899328947067,-0.008889681659638882,0.505647258021963
2008-12-12,fold_1,GFC peak crash (Lehman + Mar-2009 bottom),-0.017547383904457092,-1,-0.017675256356596947,-1,0.017675256356596947,0.12571907718665898,,,,1,176.75256356596947,-0.03079860657453537,0.007497432641685009,-0.017547383904457092,-0.4687346241071723
2008-12-15,fold_1,GFC peak crash (Lehman + Mar-2009 bottom),-0.018412653356790543,-1,0.04689421504735947,1,-0.04689421504735947,0.07882486213929951,,,,0,-468.94215047359467,-0.04091617465019226,0.003164258087053895,-0.018412653356790543,1.2939084794448272
2008-12-16,fold_1,GFC peak crash (Lehman + Mar-2009 bottom),-0.015290805138647556,-1,-0.012181437574326992,-1,0.012181437574326992,0.0910062997136265,,,,1,121.81437574326992,-0.031098544597625732,-0.04887895658612251,-0.015290805138647556,-0.32546634396738044
2008-12-17,fold_1,GFC peak crash (Lehman + Mar-2009 bottom),-0.011270773597061634,-1,-0.017711449414491653,-1,0.017711449414491653,0.10871774912811816,,,,1,177.11449414491653,-0.011562258005142212,-0.033948201686143875,-0.011270773597061634,-0.4719795642427665
2008-12-18,fold_1,GFC peak crash (Lehman + Mar-2009 bottom),-0.009621958248317242,-1,0.008171360939741135,1,-0.008171360939741135,0.10054638818837702,,,,0,-81.71360939741135,-0.0011766105890274048,-0.01657971180975437,-0.009621958248317242,0.22839322156023914
2008-12-19,fold_1,GFC peak crash (Lehman + Mar-2009 bottom),-0.010355030186474323,-1,-0.02200843021273613,-1,0.02200843021273613,0.12255481840111315,,,,1,220.0843021273613,-0.009631656110286713,-0.03302434831857681,-0.010355030186474323,-0.6461012592114418
2008-12-22,fold_1,GFC peak crash (Lehman + Mar-2009 bottom),-0.010508514009416103,-1,-0.005149002652615309,-1,0.005149002652615309,0.12770382105372846,,,,1,51.49002652615309,-0.00964808464050293,0.009539843536913395,-0.010508514009416103,-0.1556607008643919
2008-12-23,fold_1,GFC peak crash (Lehman + Mar-2009 bottom),-0.010547156445682049,-1,0.0027493173256516457,1,-0.0027493173256516457,0.12495450372807682,,,,0,-27.493173256516457,-0.0044533610343933105,0.0231305118650198,-0.010547156445682049,0.09066467300399882
2008-12-24,fold_1,GFC peak crash (Lehman + Mar-2009 bottom),-0.010296945460140705,-1,-0.0003429576463531703,-1,0.0003429576463531703,0.12529746137442999,,,,1,3.4295764635317028,-0.008616268634796143,0.06284288316965103,-0.010296945460140705,-0.01131396397522408
2008-12-26,fold_1,GFC peak crash (Lehman + Mar-2009 bottom),-0.012445050291717052,-1,-0.008273275569081306,-1,0.008273275569081306,0.1335707369435113,,,,1,82.73275569081306,-0.012566551566123962,0.06286349147558212,-0.012445050291717052,-0.28636381278925166
2008-12-29,fold_1,GFC peak crash (Lehman + Mar-2009 bottom),-0.011820989660918713,-1,0.020555762574076653,1,-0.020555762574076653,0.11301497436943464,,,,0,-205.55762574076653,-0.01174069195985794,0.08108048141002655,-0.011820989660918713,0.7113592667332982
2008-12-30,fold_1,GFC peak crash (Lehman + Mar-2009 bottom),-0.01160204503685236,-1,0.008441665209829807,1,-0.008441665209829807,0.10457330915960483,,,,0,-84.41665209829807,-0.01904008537530899,0.0317063182592392,-0.01160204503685236,0.359792261687734
2008-12-31,fold_1,GFC peak crash (Lehman + Mar-2009 bottom),-0.012573248706758022,-1,0.042461689561605453,1,-0.042461689561605453,0.06211161959799938,,,,0,-424.61689561605453,-0.025431573390960693,0.033722203224897385,-0.012573248706758022,1.8988990613166399
2009-01-02,fold_1,GFC peak crash (Lehman + Mar-2009 bottom),-0.009395427070558071,-1,-0.00032235000981017947,-1,0.00032235000981017947,0.06243396960780956,,,,1,3.2235000981017947,-0.02010997384786606,-0.03142658993601799,-0.009395427070558071,-0.013732587060522822
2009-01-05,fold_1,GFC peak crash (Lehman + Mar-2009 bottom),-0.007245793007314205,-1,0.00994371809065342,1,-0.00994371809065342,0.05249025151715614,,,,0,-99.4371809065342,-0.01402948796749115,-0.04956405982375145,-0.007245793007314205,0.440405604963444
2009-01-06,fold_1,GFC peak crash (Lehman + Mar-2009 bottom),-0.0019759181886911392,-1,-0.028818404302001,-1,0.028818404302001,0.08130865581915714,,,,1,288.18404302001,0.008008256554603577,-0.0591689758002758,-0.0019759181886911392,-1.38107552841447
2009-01-07,fold_1,GFC peak crash (Lehman + Mar-2009 bottom),-0.0019702594727277756,-1,0.010457552038133144,1,-0.010457552038133144,0.070851103781024,,,,0,-104.57552038133144,0.008549578487873077,-0.06130253151059151,-0.0019702594727277756,0.5213772021956417
2009-01-08,fold_1,GFC peak crash (Lehman + Mar-2009 bottom),-0.003934008069336414,-1,-0.02268710546195507,-1,0.02268710546195507,0.09353820924297906,,,,1,226.8710546195507,-0.002108737826347351,-0.05547646805644035,-0.003934008069336414,-1.123864984696404
2009-01-09,fold_1,GFC peak crash (Lehman + Mar-2009 bottom),-0.008375388570129871,-1,-0.018459821119904518,-1,0.018459821119904518,0.11199803036288358,,,,1,184.59821119904518,-0.010408937931060791,-0.021853338927030563,-0.008375388570129871,-0.8874499725674849
2009-01-12,fold_1,GFC peak crash (Lehman + Mar-2009 bottom),-0.007357371039688587,-1,0.00033880159026011825,1,-0.00033880159026011825,0.11165922877262346,,,,0,-3.3880159026011825,-0.004935763776302338,-0.05429340526461601,-0.007357371039688587,0.016710213945114464
2009-01-13,fold_1,GFC peak crash (Lehman + Mar-2009 bottom),-0.002186995930969715,-1,-0.030951958149671555,-1,0.030951958149671555,0.14261118692229502,,,,1,309.51958149671555,0.00802561268210411,-0.012951979413628578,-0.002186995930969715,-1.5654513740687834
2009-01-14,fold_1,GFC peak crash (Lehman + Mar-2009 bottom),-0.0005113463848829269,-1,0.016283614560961723,1,-0.016283614560961723,0.1263275723613333,,,,0,-162.83614560961723,0.014242812991142273,0.0045303646475076675,-0.0005113463848829269,0.7915411764355298
2009-01-15,fold_1,GFC peak crash (Lehman + Mar-2009 bottom),-0.0011532222852110863,-1,0.01093602366745472,1,-0.01093602366745472,0.11539154869387858,,,,0,-109.3602366745472,0.010902039706707,-0.006897205486893654,-0.0011532222852110863,0.6052141544043578
2009-01-16,fold_1,GFC peak crash (Lehman + Mar-2009 bottom),-0.001808973029255867,-1,-0.05089988932013512,-1,0.05089988932013512,0.1662914380140137,,,,1,508.99889320135117,0.007769949734210968,-0.010592788457870483,-0.001808973029255867,-2.823098035338528
2009-01-20,fold_1,GFC peak crash (Lehman + Mar-2009 bottom),-0.00039315689355134964,-1,0.0416802279651165,1,-0.0416802279651165,0.12461121004889719,,,,0,-416.802279651165,0.008489489555358887,0.04749481379985809,-0.00039315689355134964,1.9894501200614343
2009-01-21,fold_1,GFC peak crash (Lehman + Mar-2009 bottom),-0.006490654312074184,-1,-0.013469614088535309,-1,0.013469614088535309,0.1380808241374325,,,,1,134.6961408853531,-0.002548910677433014,0.04034192115068436,-0.006490654312074184,-0.5892937199583155
2009-01-22,fold_1,GFC peak crash (Lehman + Mar-2009 bottom),-0.006147441454231739,-1,0.004856044892221689,1,-0.004856044892221689,0.1332247792452108,,,,0,-48.56044892221689,-0.0014610998332500458,0.02811305969953537,-0.006147441454231739,0.21559962684167613
2009-01-23,fold_1,GFC peak crash (Lehman + Mar-2009 bottom),-0.004870441742241383,-1,0.00724044069647789,1,-0.00724044069647789,0.12598433854873292,,,,0,-72.4044069647789,-0.00022897124290466309,0.005520956590771675,-0.004870441742241383,0.32150893117112656
2009-01-26,fold_1,GFC peak crash (Lehman + Mar-2009 bottom),-0.003237771801650524,-1,0.007187714800238609,1,-0.007187714800238609,0.11879662374849431,,,,0,-71.8771480023861,0.0015934333205223083,0.01025271974503994,-0.003237771801650524,0.318464132859641
2009-01-27,fold_1,GFC peak crash (Lehman + Mar-2009 bottom),-0.00025059934705495834,-1,0.034527335315942764,1,-0.034527335315942764,0.08426928843255155,,,,0,-345.27335315942764,0.014706306159496307,0.018584955483675003,-0.00025059934705495834,1.5259379429002036
2009-01-28,fold_1,GFC peak crash (Lehman + Mar-2009 bottom),-0.0019680196419358253,-1,-0.025698475539684296,-1,0.025698475539684296,0.10996776397223584,,,,1,256.98475539684296,0.0004616156220436096,-0.01460401713848114,-0.0019680196419358253,-1.0781286776485335
2009-01-29,fold_1,GFC peak crash (Lehman + Mar-2009 bottom),0.00013878010213375092,1,-0.017736058682203293,-1,-0.017736058682203293,0.09223170529003255,,,,0,-177.36058682203293,0.010282225906848907,0.032920949161052704,0.00013878010213375092,-0.7364133233704658
2009-01-30,fold_1,GFC peak crash (Lehman + Mar-2009 bottom),-0.0008929483592510223,-1,0.011972203850746155,1,-0.011972203850746155,0.0802595014392864,,,,0,-119.72203850746155,0.009936846792697906,0.07648946344852448,-0.0008929483592510223,0.4919620198706491
2009-02-02,fold_1,GFC peak crash (Lehman + Mar-2009 bottom),-0.004781120456755161,-1,0.015519951470196247,1,-0.015519951470196247,0.06473954996909015,,,,0,-155.19951470196247,-0.003281254321336746,0.06865273416042328,-0.004781120456755161,0.6877479031448788
2009-02-03,fold_1,GFC peak crash (Lehman + Mar-2009 bottom),-0.0030302731320261955,-1,0.0013383622281253338,1,-0.0013383622281253338,0.06340118774096482,,,,0,-13.383622281253338,-0.0016275309026241302,0.015612514689564705,-0.0030302731320261955,0.05861908332521261
2009-02-04,fold_1,GFC peak crash (Lehman + Mar-2009 bottom),-0.007216746918857098,-1,0.021826492622494698,1,-0.021826492622494698,0.04157469511847012,,,,0,-218.26492622494698,-0.006839491426944733,0.009649120271205902,-0.007216746918857098,0.9604636281767396
2009-02-05,fold_1,GFC peak crash (Lehman + Mar-2009 bottom),-0.006899143569171429,-1,0.02583245187997818,1,-0.02583245187997818,0.015742243238491938,,,,0,-258.3245187997818,-0.006497886031866074,0.0,-0.006899143569171429,1.1567459466344763
2009-02-06,fold_1,GFC peak crash (Lehman + Mar-2009 bottom),-0.0012336121872067451,-1,0.004135478753596544,1,-0.004135478753596544,0.011606764484895393,,,,0,-41.35478753596544,0.006490003317594528,-0.030422896146774292,-0.0012336121872067451,0.18020994654689176
2009-02-09,fold_1,GFC peak crash (Lehman + Mar-2009 bottom),0.0006318390369415283,1,-0.03752027079463005,-1,-0.03752027079463005,-0.025913506309734657,,,,0,-375.2027079463005,0.010993227362632751,-0.07513406872749329,0.0006318390369415283,-1.6750522774946477
2009-02-10,fold_1,GFC peak crash (Lehman + Mar-2009 bottom),-0.0008753025904297829,-1,-0.004625031724572182,-1,0.004625031724572182,-0.021288474585162476,,,,1,46.25031724572182,0.006674300879240036,-0.03692920506000519,-0.0008753025904297829,-0.1963064211528487
2009-02-11,fold_1,GFC peak crash (Lehman + Mar-2009 bottom),-8.929986506700516e-05,-1,0.01217737141996622,1,-0.01217737141996622,-0.0334658460051287,,,,0,-121.77371419966221,0.008352577686309814,-0.04781389608979225,-8.929986506700516e-05,0.5163659305223878
2009-02-12,fold_1,GFC peak crash (Lehman + Mar-2009 bottom),-0.0014575840905308723,-1,-0.004590444266796112,-1,0.004590444266796112,-0.028875401738332585,,,,1,45.90444266796112,0.00022917240858078003,-0.057216279208660126,-0.0014575840905308723,-0.20214900412444273
2009-02-13,fold_1,GFC peak crash (Lehman + Mar-2009 bottom),-0.005861946381628513,-1,-0.04057569429278374,-1,0.04057569429278374,0.011700292554451153,,,,1,405.7569429278374,-0.010324932634830475,-0.08823682367801666,-0.005861946381628513,-1.8083558163302977
2009-02-17,fold_1,GFC peak crash (Lehman + Mar-2009 bottom),-0.001883581280708313,-1,0.000684593163896352,1,-0.000684593163896352,0.0110156993905548,,,,0,-6.8459316389635205,0.008795291185379028,-0.015172178857028484,-0.001883581280708313,0.02843112078509613
2009-02-18,fold_1,GFC peak crash (Lehman + Mar-2009 bottom),5.2211806178092957e-05,1,-0.015509720891714096,-1,-0.015509720891714096,-0.0044940215011592954,,,,0,-155.09720891714096,0.01146482303738594,-0.022480914369225502,5.2211806178092957e-05,-0.7309061935277794
2009-02-19,fold_1,GFC peak crash (Lehman + Mar-2009 bottom),-0.001220807433128357,-1,0.002774988068267703,1,-0.002774988068267703,-0.0072690095694269985,,,,0,-27.74988068267703,0.005943138152360916,-0.03535139560699463,-0.001220807433128357,0.14321432013255497
2009-02-20,fold_1,GFC peak crash (Lehman + Mar-2009 bottom),-0.0009790332987904549,-1,-0.03561098873615265,-1,0.03561098873615265,0.02834197916672565,,,,1,356.1098873615265,0.010118044912815094,-0.04752684384584427,-0.0009790332987904549,-1.8594837500008825
2009-02-23,fold_1,GFC peak crash (Lehman + Mar-2009 bottom),0.0026406869292259216,1,0.032488949596881866,1,0.032488949596881866,0.06083092876360752,,,,1,324.88949596881866,0.01836201548576355,-0.04477813467383385,0.0026406869292259216,1.5686010459481285
2009-02-24,fold_1,GFC peak crash (Lehman + Mar-2009 bottom),-0.0020758239552378654,-1,-0.00662414263933897,-1,0.00662414263933897,0.06745507140294649,,,,1,66.2414263933897,0.004315420985221863,-0.0780186802148819,-0.0020758239552378654,-0.3026191429693795
2009-02-25,fold_1,GFC peak crash (Lehman + Mar-2009 bottom),-0.004419337026774883,-1,-0.028380202129483223,-1,0.028380202129483223,0.09583527353242971,,,,1,283.80202129483223,-0.0014528557658195496,-0.04507232457399368,-0.004419337026774883,-1.2970558461101405
2009-02-26,fold_1,GFC peak crash (Lehman + Mar-2009 bottom),-0.0051496392115950584,-1,-0.009400458075106144,-1,0.009400458075106144,0.10523573160753585,,,,1,94.00458075106144,-0.00300418958067894,-0.04715467616915703,-0.0051496392115950584,-0.4385750530238969
2009-02-27,fold_1,GFC peak crash (Lehman + Mar-2009 bottom),-0.004843228496611118,-1,-0.03286227956414223,-1,0.03286227956414223,0.13809801117167808,,,,1,328.6227956414223,-0.0019693709909915924,-0.045707352459430695,-0.004843228496611118,-1.5832543341428431
2009-03-02,fold_1,GFC peak crash (Lehman + Mar-2009 bottom),-0.0010358085855841637,-1,-0.000751598970964551,-1,0.000751598970964551,0.13884961014264263,,,,1,7.51598970964551,0.008611023426055908,-0.03436747193336487,-0.0010358085855841637,-0.034702426339665096
2009-03-03,fold_1,GFC peak crash (Lehman + Mar-2009 bottom),0.00013415701687335968,1,0.026322215795516968,1,0.026322215795516968,0.1651718259381596,,,,1,263.2221579551697,0.01590608060359955,0.026322215795516968,0.00013415701687335968,1.2246895328254972
2009-03-04,fold_1,GFC peak crash (Lehman + Mar-2009 bottom),-0.0038528461009263992,-1,-0.030462555587291718,-1,0.030462555587291718,0.19563438152545132,,,,1,304.6255558729172,0.0035069063305854797,0.015251108445227146,-0.0038528461009263992,-1.3838793595797154
2009-03-05,fold_1,GFC peak crash (Lehman + Mar-2009 bottom),-0.0026004258543252945,-1,-0.007953135296702385,-1,0.007953135296702385,0.2035875168221537,,,,1,79.53135296702385,0.008824042975902557,0.0783289447426796,-0.0026004258543252945,-0.34518343722180445
2009-03-06,fold_1,GFC peak crash (Lehman + Mar-2009 bottom),-0.0015803482383489609,-1,-0.0215223990380764,-1,0.0215223990380764,0.2251099158602301,,,,1,215.223990380764,0.01594402641057968,0.08872090280056,-0.0015803482383489609,-0.9528420129139734
2009-03-09,fold_1,GFC peak crash (Lehman + Mar-2009 bottom),-0.0017599882557988167,-1,0.059938088059425354,1,-0.059938088059425354,0.16517182780080475,,,,0,-599.3808805942535,0.012146268039941788,0.093400739133358,-0.0017599882557988167,2.6805293227550755
2009-03-10,fold_1,GFC peak crash (Lehman + Mar-2009 bottom),-0.007837585173547268,-1,0.015251108445227146,1,-0.015251108445227146,0.1499207193555776,,,,0,-152.51108445227146,-0.01091063767671585,0.07062570750713348,-0.007837585173547268,0.5853840661056128
2009-03-11,fold_1,GFC peak crash (Lehman + Mar-2009 bottom),-0.004440982826054096,-1,0.03261528164148331,1,-0.03261528164148331,0.1173054377140943,,,,0,-326.15281641483307,-0.004717666655778885,0.0679113119840622,-0.004440982826054096,1.3098519365463446
2009-03-12,fold_1,GFC peak crash (Lehman + Mar-2009 bottom),-0.001265358179807663,-1,0.0024388229940086603,1,-0.0024388229940086603,0.11486661472008564,,,,0,-24.388229940086603,0.006585821509361267,0.03462249040603638,-0.001265358179807663,0.09407075065924828
2009-03-13,fold_1,GFC peak crash (Lehman + Mar-2009 bottom),0.002710350789129734,1,-0.016842564567923546,-1,-0.016842564567923546,0.09802405015216209,,,,0,-168.42564567923546,0.017467744648456573,0.0168460663408041,0.002710350789129734,-0.6531217118920715
2009-03-16,fold_1,GFC peak crash (Lehman + Mar-2009 bottom),0.0025219153612852097,1,0.037163060158491135,1,0.037163060158491135,0.13518711031065322,,,,1,371.63060158491135,0.020951449871063232,0.09096124023199081,0.0025219153612852097,1.4270914904074783
2009-03-17,fold_1,GFC peak crash (Lehman + Mar-2009 bottom),-0.0002473406493663788,-1,0.012536708265542984,1,-0.012536708265542984,0.12265040204511024,,,,0,-125.36708265542984,0.007246721535921097,0.03517917916178703,-0.0002473406493663788,0.48619827721992376
2009-03-18,fold_1,GFC peak crash (Lehman + Mar-2009 bottom),-0.00228732917457819,-1,-0.000673539936542511,-1,0.000673539936542511,0.12332394198165275,,,,1,6.73539936542511,-0.002853740006685257,0.02724788524210453,-0.00228732917457819,-0.025968645943417606
2009-03-19,fold_1,GFC peak crash (Lehman + Mar-2009 bottom),-0.0013690004125237465,-1,-0.015337600372731686,-1,0.015337600372731686,0.13866154235438444,,,,1,153.37600372731686,0.0016872882843017578,0.05830502137541771,-0.0013690004125237465,-0.5966964858352954
2009-03-20,fold_1,GFC peak crash (Lehman + Mar-2009 bottom),-0.003463737666606903,-1,0.05727260932326317,1,-0.05727260932326317,0.08138893303112127,,,,0,-572.7260932326317,-0.0025802776217460632,0.05468008294701576,-0.003463737666606903,2.2092033033287364
2009-03-23,fold_1,GFC peak crash (Lehman + Mar-2009 bottom),-0.00473980326205492,-1,-0.018618999049067497,-1,0.018618999049067497,0.10000793208018877,,,,1,186.18999049067497,-0.010358475148677826,-0.027560722082853317,-0.00473980326205492,-0.6698162405411248
2009-03-24,fold_1,GFC peak crash (Lehman + Mar-2009 bottom),-0.004651150666177273,-1,0.0046054162085056305,1,-0.0046054162085056305,0.09540251587168314,,,,0,-46.054162085056305,-0.008015424013137817,-0.00033004675060510635,-0.004651150666177273,0.16961509548873643
2009-03-25,fold_1,GFC peak crash (Lehman + Mar-2009 bottom),-0.0037933895364403725,-1,0.03038359433412552,1,-0.03038359433412552,0.06501892153755762,,,,0,-303.8359433412552,-0.009307697415351868,0.00979765597730875,-0.0037933895364403725,1.1198733440510578
2009-03-26,fold_1,GFC peak crash (Lehman + Mar-2009 bottom),-0.003850760869681835,-1,-0.018962539732456207,-1,0.018962539732456207,0.08398146127001382,,,,1,189.62539732456207,-0.012261345982551575,0.011081703938543797,-0.003850760869681835,-0.6961401824098795
2009-03-27,fold_1,GFC peak crash (Lehman + Mar-2009 bottom),-0.0013622809201478958,-1,-0.024968193843960762,-1,0.024968193843960762,0.10894965511397459,,,,1,249.68193843960762,-0.0008293837308883667,0.048450127243995667,-0.0013622809201478958,-0.9083529903405672
2009-03-30,fold_1,GFC peak crash (Lehman + Mar-2009 bottom),-0.003316648304462433,-1,0.008611675351858139,1,-0.008611675351858139,0.10033797976211645,,,,0,-86.11675351858139,-0.007135964930057526,0.0709424838423729,-0.003316648304462433,0.31813871412694694
2011-10-20,fold_2,2011 US-downgrade + EU debt,0.0001096939668059349,1,0.012468178756535053,1,0.012468178756535053,0.012468178756535053,,,,1,124.68178756535053,0.008625231683254242,0.03915964812040329,0.0001096939668059349,0.7254950301428739
2011-10-21,fold_2,2011 US-downgrade + EU debt,-0.00019756052643060684,-1,0.02055499702692032,1,-0.02055499702692032,-0.008086818270385265,,,,0,-205.5499702692032,0.005794677883386612,0.028219684958457947,-0.00019756052643060684,1.1916707960141402
2011-10-24,fold_2,2011 US-downgrade + EU debt,-0.004137525334954262,-1,-0.019857194274663925,-1,0.019857194274663925,0.01177037600427866,,,,1,198.57194274663925,-0.008033551275730133,-0.009274552576243877,-0.004137525334954262,-1.1242654227451692
2011-10-25,fold_2,2011 US-downgrade + EU debt,0.0017827842384576797,1,-0.0012212475994601846,-1,-0.0012212475994601846,0.010549128404818475,,,,0,-12.212475994601846,0.005950532853603363,-0.01582009345293045,0.0017827842384576797,-0.06760576848215083
2011-10-26,fold_2,2011 US-downgrade + EU debt,-0.00036125723272562027,-1,0.027214914560317993,1,-0.027214914560317993,-0.016665786155499518,,,,0,-272.14914560317993,0.0030863992869853973,-0.006130612455308437,-0.00036125723272562027,1.5327721267443946
2011-10-27,fold_2,2011 US-downgrade + EU debt,-0.0020888736471533775,-1,0.0015282155945897102,1,-0.0015282155945897102,-0.018194001750089228,,,,0,-15.282155945897102,0.00271596759557724,-0.012826281599700451,-0.0020888736471533775,0.08226495855020724
2011-10-28,fold_2,2011 US-downgrade + EU debt,-0.0010515917092561722,-1,-0.01693923957645893,-1,0.01693923957645893,-0.0012547621736302972,,,,1,169.3923957645893,0.00485963374376297,-0.019531505182385445,-0.0010515917092561722,-0.9604499301628657
2011-10-31,fold_2,2011 US-downgrade + EU debt,0.0016951700672507286,1,-0.026402734220027924,-1,-0.026402734220027924,-0.02765749639365822,,,,0,-264.02734220027924,0.004680722951889038,0.004476445727050304,0.0016951700672507286,-1.5465390044523744
2011-11-01,fold_2,2011 US-downgrade + EU debt,0.003353322856128216,1,0.008468233048915863,1,0.008468233048915863,-0.019189263344742358,,,,1,84.68233048915863,0.006318818777799606,0.04232337325811386,0.003353322856128216,0.48436570043620525
2011-11-02,fold_2,2011 US-downgrade + EU debt,-0.0006539057940244675,-1,0.02051924541592598,1,-0.02051924541592598,-0.03970850876066834,,,,0,-205.1924541592598,-0.0007672347128391266,-0.0019340838771313429,-0.0006539057940244675,1.2326345198031936
2011-11-03,fold_2,2011 US-downgrade + EU debt,-0.003863982856273651,-1,-0.005177008453756571,-1,0.005177008453756571,-0.034531500306911767,,,,1,51.77008453756571,-0.0150151327252388,-0.022981518879532814,-0.003863982856273651,-0.3070564506044192
2011-11-04,fold_2,2011 US-downgrade + EU debt,-0.005255327560007572,-1,0.007068710867315531,1,-0.007068710867315531,-0.0416002111742273,,,,0,-70.68710867315531,-0.01705510914325714,0.0008646357455290854,-0.005255327560007572,0.4198931974338946
2011-11-07,fold_2,2011 US-downgrade + EU debt,-0.005698305554687977,-1,0.011444195173680782,1,-0.011444195173680782,-0.05304440634790808,,,,0,-114.44195173680782,-0.015995077788829803,-0.012446429580450058,-0.005698305554687977,0.7577434176658022
2011-11-08,fold_2,2011 US-downgrade + EU debt,-0.004296637140214443,-1,-0.03578922525048256,-1,0.03578922525048256,-0.01725518109742552,,,,1,357.8922525048256,-0.012062311172485352,-0.012819630093872547,-0.004296637140214443,-2.3478716767528267
2011-11-09,fold_2,2011 US-downgrade + EU debt,-0.00138079933822155,-1,-0.0005281896446831524,-1,0.0005281896446831524,-0.016726991452742368,,,,1,5.281896446831524,-0.003525134176015854,0.006316989194601774,-0.00138079933822155,-0.030743494779457137
2011-11-10,fold_2,2011 US-downgrade + EU debt,-0.0021251365542411804,-1,0.018669145181775093,1,-0.018669145181775093,-0.03539613663451746,,,,0,-186.69145181775093,-0.004389308393001556,-0.016872424632310867,-0.0021251365542411804,1.0943993430677403
2011-11-11,fold_2,2011 US-downgrade + EU debt,-0.0010156556963920593,-1,-0.006242354400455952,-1,0.006242354400455952,-0.02915378223406151,,,,1,62.42354400455952,0.007095135748386383,-0.04327357932925224,-0.0010156556963920593,-0.3656038217529387
2011-11-14,fold_2,2011 US-downgrade + EU debt,4.816986620426178e-05,1,0.011070994660258293,1,0.011070994660258293,-0.018082787573803216,,,,1,110.70994660258293,0.006201107054948807,-0.056350450962781906,4.816986620426178e-05,0.660064405187602
2011-11-15,fold_2,2011 US-downgrade + EU debt,-0.0016286792233586311,-1,-0.016652606427669525,-1,0.016652606427669525,-0.001430181146133691,,,,1,166.52606427669525,0.003526102751493454,-0.06411396712064743,-0.0016286792233586311,-0.9954319296180413
2011-11-16,fold_2,2011 US-downgrade + EU debt,-0.0012843748554587364,-1,-0.023717602714896202,-1,0.023717602714896202,0.02228742156876251,,,,1,237.17602714896202,0.007230624556541443,-0.07028059661388397,-0.0012843748554587364,-1.4309837360810318
2011-11-17,fold_2,2011 US-downgrade + EU debt,0.0002074865624308586,1,-0.007732008118182421,-1,-0.007732008118182421,0.01455541345058009,,,,0,-77.32008118182421,0.009923838078975677,-0.05428644269704819,0.0002074865624308586,-0.44520972628588534
2011-11-18,fold_2,2011 US-downgrade + EU debt,0.003754190169274807,1,-0.01931922696530819,-1,-0.01931922696530819,-0.004763813514728099,,,,0,-193.1922696530819,0.02016298472881317,-0.012350264005362988,0.003754190169274807,-1.1213304566334896
2011-11-21,fold_2,2011 US-downgrade + EU debt,0.004004398826509714,1,0.003307477105408907,1,0.003307477105408907,-0.0014563364093191922,,,,1,33.07477105408907,0.020700063556432724,0.0007365956553258002,0.004004398826509714,0.1927749391665025
2011-11-22,fold_2,2011 US-downgrade + EU debt,0.0062149083241820335,1,-0.022819234058260918,-1,-0.022819234058260918,-0.02427557046758011,,,,0,-228.19234058260918,0.028191903606057167,0.03372405469417572,0.0062149083241820335,-1.3755493653767066
2011-11-23,fold_2,2011 US-downgrade + EU debt,0.006479428615421057,1,-0.00772344833239913,-1,-0.00772344833239913,-0.03199901879997924,,,,0,-77.2344833239913,0.029540657997131348,0.06343542039394379,0.006479428615421057,-0.4450522951381622
2011-11-25,fold_2,2011 US-downgrade + EU debt,0.006077124271541834,1,0.03420417010784149,1,0.03420417010784149,0.002205151307862252,,,,1,342.0417010784149,0.030934933573007584,0.06833713501691818,0.006077124271541834,2.0928216108284197
2011-11-28,fold_2,2011 US-downgrade + EU debt,0.002952159382402897,1,-0.006232367362827063,-1,-0.006232367362827063,-0.004027216054964811,,,,0,-62.323673628270626,0.024620242416858673,0.045023635029792786,0.002952159382402897,-0.3454483536275587
2011-11-29,fold_2,2011 US-downgrade + EU debt,0.004128209315240383,1,0.03629493713378906,1,0.03629493713378906,0.03226772107882425,,,,1,362.9493713378906,0.030205365270376205,0.048457056283950806,0.004128209315240383,2.051226385858985
2011-11-30,fold_2,2011 US-downgrade + EU debt,0.001970968209207058,1,0.006892128381878138,1,0.006892128381878138,0.03915984946070239,,,,1,68.92128381878138,0.025189414620399475,0.012162119150161743,0.001970968209207058,0.37154584442518823
2011-12-01,fold_2,2011 US-downgrade + EU debt,0.0041475011967122555,1,-0.002821733010932803,-1,-0.002821733010932803,0.036338116449769586,,,,0,-28.21733010932803,0.022691994905471802,-0.011691782623529434,0.0041475011967122555,-0.15238429575365461
2011-12-02,fold_2,2011 US-downgrade + EU debt,0.0029195649549365044,1,0.010890672914683819,1,0.010890672914683819,0.047228789364453405,,,,1,108.90672914683819,0.022180840373039246,0.007039838936179876,0.0029195649549365044,0.6066935826487395
2011-12-05,fold_2,2011 US-downgrade + EU debt,0.0014917217195034027,1,-0.0027989486698061228,-1,-0.0027989486698061228,0.04442984069464728,,,,0,-27.989486698061228,0.016159024089574814,-0.015138103626668453,0.0014917217195034027,-0.15482394903360208
2011-12-06,fold_2,2011 US-downgrade + EU debt,0.002025279216468334,1,0.0,0,0.0,0.04442984069464728,,,,0,0.0,0.01890251785516739,-0.02339749038219452,0.002025279216468334,0.0
2011-12-07,fold_2,2011 US-downgrade + EU debt,0.0028709648177027702,1,-0.016961773857474327,-1,-0.016961773857474327,0.027468066837172955,,,,0,-169.61773857474327,0.020206492394208908,-0.039122771471738815,0.0028709648177027702,-0.9509170080754884
2011-12-08,fold_2,2011 US-downgrade + EU debt,0.004189163446426392,1,0.015909889712929726,1,0.015909889712929726,0.04337795655010268,,,,1,159.09889712929726,0.023533638566732407,-0.024897422641515732,0.004189163446426392,0.9709272968258564
2011-12-09,fold_2,2011 US-downgrade + EU debt,0.0013518771156668663,1,-0.011287270113825798,-1,-0.011287270113825798,0.03209068643627688,,,,0,-112.87270113825798,0.019266746938228607,-0.035672057420015335,0.0013518771156668663,-0.6731594202347267
2011-12-12,fold_2,2011 US-downgrade + EU debt,0.001905224286019802,1,-0.01105833426117897,-1,-0.01105833426117897,0.021032352175097913,,,,0,-110.5833426117897,0.018198072910308838,-0.03427647426724434,0.001905224286019802,-0.6728694141096118
2011-12-13,fold_2,2011 US-downgrade + EU debt,0.0024050576612353325,1,-0.015725282952189445,-1,-0.015725282952189445,0.005307069222908467,,,,0,-157.25282952189445,0.02444363385438919,0.0059900484047830105,0.0024050576612353325,-0.9495455651902264
2011-12-14,fold_2,2011 US-downgrade + EU debt,0.0034650787711143494,1,-0.002736423397436738,-1,-0.002736423397436738,0.002570645825471729,,,,0,-27.36423397436738,0.02379680797457695,0.007308221887797117,0.0034650787711143494,-0.16338743523011157
2011-12-15,fold_2,2011 US-downgrade + EU debt,0.0058828070759773254,1,0.005135253071784973,1,0.005135253071784973,0.007705898897256702,,,,1,51.35253071784973,0.03411867842078209,0.018533855676651,0.0058828070759773254,0.3142684862593917
2011-12-16,fold_2,2011 US-downgrade + EU debt,0.005850574932992458,1,-0.009891687892377377,-1,-0.009891687892377377,-0.0021857889951206744,,,,0,-98.91687892377377,0.03183671087026596,0.021994922310113907,0.005850574932992458,-0.6382412654649806
2011-12-19,fold_2,2011 US-downgrade + EU debt,0.005784724839031696,1,0.029208188876509666,1,0.029208188876509666,0.027022399881388992,,,,1,292.08188876509666,0.034440480172634125,0.03560950607061386,0.005784724839031696,1.8771779916831859
2011-12-20,fold_2,2011 US-downgrade + EU debt,0.0025621894747018814,1,-0.014407109469175339,-1,-0.014407109469175339,0.012615290412213653,,,,0,-144.0710946917534,0.022927407175302505,-0.005223233252763748,0.0025621894747018814,-0.8831967265206787
2011-12-21,fold_2,2011 US-downgrade + EU debt,0.002910465933382511,1,0.008489210158586502,1,0.008489210158586502,0.021104500570800155,,,,1,84.89210158586502,0.02005751058459282,0.016353648155927658,0.002910465933382511,0.5110574939016249
2011-12-22,fold_2,2011 US-downgrade + EU debt,0.00032156333327293396,1,0.008596319705247879,1,0.008596319705247879,0.029700820276048034,,,,1,85.96319705247879,0.006162889301776886,0.005002554971724749,0.00032156333327293396,0.5399180228938677
2011-12-23,fold_2,2011 US-downgrade + EU debt,0.0006390949711203575,1,0.0037228951696306467,1,0.0037228951696306467,0.03342371544567868,,,,1,37.22895169630647,0.0030427351593971252,0.015389706939458847,0.0006390949711203575,0.23349997107919782
2011-12-27,fold_2,2011 US-downgrade + EU debt,-0.0015109553933143616,-1,-0.011624548584222794,-1,0.011624548584222794,0.045048264029901475,,,,1,116.24548584222794,-0.0016949065029621124,0.015876110643148422,-0.0015109553933143616,-0.8294704762865347
2011-12-28,fold_2,2011 US-downgrade + EU debt,-0.0005812942981719971,-1,0.007169771008193493,1,-0.007169771008193493,0.03787849302170798,,,,0,-71.69771008193493,0.0041220523416996,0.03569252789020538,-0.0005812942981719971,0.5054421435318919
2011-12-29,fold_2,2011 US-downgrade + EU debt,-0.0022623296827077866,-1,-0.002861881861463189,-1,0.002861881861463189,0.04074037488317117,,,,1,28.61881861463189,0.00499681755900383,0.03198814019560814,-0.0022623296827077866,-0.24368794404464716
2011-12-30,fold_2,2011 US-downgrade + EU debt,0.000424741767346859,1,0.018983472138643265,1,0.018983472138643265,0.059723847021814436,,,,1,189.83472138643265,0.015416178852319717,0.03155828267335892,0.000424741767346859,1.6280766304793013
2012-01-03,fold_2,2011 US-downgrade + EU debt,-0.0001257592812180519,-1,0.004209298174828291,1,-0.004209298174828291,0.055514548846986145,,,,0,-42.09298174828291,0.013143528252840042,0.019837142899632454,-0.0001257592812180519,0.3396611501012018
2012-01-04,fold_2,2011 US-downgrade + EU debt,0.0004608258605003357,1,0.008191867731511593,1,0.008191867731511593,0.06370641657849774,,,,1,81.91867731511593,0.011667940765619278,0.01769336871802807,0.0004608258605003357,0.672157943262196
2012-01-05,fold_2,2011 US-downgrade + EU debt,0.0010724058374762535,1,0.0034653828479349613,1,0.0034653828479349613,0.0671717994264327,,,,1,34.65382847934961,0.018135130405426025,0.01344839483499527,0.0010724058374762535,0.28154617876989074
2012-01-06,fold_2,2011 US-downgrade + EU debt,0.0014761928468942642,1,-0.0032917384523898363,-1,-0.0032917384523898363,0.06388006097404286,,,,0,-32.91738452389836,0.02028660848736763,0.00638009374961257,0.0014761928468942642,-0.26690995994171485
2012-01-09,fold_2,2011 US-downgrade + EU debt,0.0038282107561826706,1,0.0072623323649168015,1,0.0072623323649168015,0.07114239333895966,,,,1,72.62332364916801,0.027910470962524414,0.018740149214863777,0.0038282107561826706,0.6176430054681394
2012-01-10,fold_2,2011 US-downgrade + EU debt,0.005038390401750803,1,0.0020655242260545492,1,0.0020655242260545492,0.07320791756501421,,,,1,20.655242260545492,0.027460511773824692,0.024675680324435234,0.005038390401750803,0.18240113183113085
2012-01-11,fold_2,2011 US-downgrade + EU debt,0.00465886015444994,1,0.003946894314140081,1,0.003946894314140081,0.0771548118791543,,,,1,39.468943141400814,0.02498111128807068,0.028810633346438408,0.00465886015444994,0.3572210027434997
2012-01-12,fold_2,2011 US-downgrade + EU debt,0.00416021840646863,1,-0.0036029184702783823,-1,-0.0036029184702783823,0.07355189340887591,,,,0,-36.02918470278382,0.022555984556674957,0.023359356448054314,0.00416021840646863,-0.33345716869875647
2012-01-13,fold_2,2011 US-downgrade + EU debt,0.00415595481172204,1,0.009068316780030727,1,0.009068316780030727,0.08262021018890664,,,,1,90.68316780030727,0.024363089352846146,0.027296697720885277,0.00415595481172204,0.8848621991021048
2012-01-17,fold_2,2011 US-downgrade + EU debt,0.004222833551466465,1,0.013197863474488258,1,0.013197863474488258,0.0958180736633949,,,,1,131.97863474488258,0.02397448569536209,0.01638673059642315,0.004222833551466465,1.2654933739685277
2012-01-18,fold_2,2011 US-downgrade + EU debt,0.0040528615936636925,1,0.006200478412210941,1,0.006200478412210941,0.10201855207560584,,,,1,62.00478412210941,0.02092563733458519,0.015677636489272118,0.0040528615936636925,0.5753151595477494
2012-01-19,fold_2,2011 US-downgrade + EU debt,0.004470249637961388,1,-0.0015043833991512656,-1,-0.0015043833991512656,0.10051416867645457,,,,0,-15.043833991512656,0.02143985778093338,0.005996078252792358,0.004470249637961388,-0.14140463209322943
2012-01-20,fold_2,2011 US-downgrade + EU debt,0.005545515567064285,1,0.0003344228898640722,1,0.0003344228898640722,0.10084859156631865,,,,1,3.344228898640722,0.02754310891032219,0.010485036298632622,0.005545515567064285,0.039788999324111236
2012-01-23,fold_2,2011 US-downgrade + EU debt,0.004877458792179823,1,-0.001841651159338653,-1,-0.001841651159338653,0.09900694040697999,,,,0,-18.41651159338653,0.02884482592344284,0.010978174395859241,0.004877458792179823,-0.23722331805890484
2012-01-24,fold_2,2011 US-downgrade + EU debt,0.0051548415794968605,1,0.012488769367337227,1,0.012488769367337227,0.11149570977431722,,,,1,124.88769367337227,0.02952064946293831,0.014142458327114582,0.0051548415794968605,1.6565615210635705
2012-01-25,fold_2,2011 US-downgrade + EU debt,0.004246063530445099,1,-0.0034810793586075306,-1,-0.0034810793586075306,0.10801463041570969,,,,0,-34.810793586075306,0.02885994128882885,0.009716147556900978,0.004246063530445099,-0.44592694704213065
2012-01-26,fold_2,2011 US-downgrade + EU debt,0.00286007858812809,1,0.0029845747631043196,1,0.0029845747631043196,0.11099920517881401,,,,1,29.845747631043196,0.021740544587373734,0.01630597747862339,0.00286007858812809,0.38259811683906547
2012-01-27,fold_2,2011 US-downgrade + EU debt,0.0011764783412218094,1,0.000827561307232827,1,0.000827561307232827,0.11182676648604684,,,,1,8.27561307232827,0.01657036319375038,0.026951424777507782,0.0011764783412218094,0.11205640185162051
2012-01-30,fold_2,2011 US-downgrade + EU debt,0.00014107022434473038,1,0.0013226325390860438,1,0.0013226325390860438,0.11314939902513288,,,,1,13.226325390860438,0.009238366037607193,0.025317996740341187,0.00014107022434473038,0.18340650606887668
2012-01-31,fold_2,2011 US-downgrade + EU debt,-0.00028256047517061234,-1,0.008062458597123623,1,-0.008062458597123623,0.10508694042800926,,,,0,-80.62458597123623,0.009108960628509521,0.026089711114764214,-0.00028256047517061234,1.1214809968773007
2012-02-01,fold_2,2011 US-downgrade + EU debt,0.0002754600718617439,1,0.003108750795945525,1,0.003108750795945525,0.10819569122395478,,,,1,31.08750795945525,0.010802417993545532,0.023324616253376007,0.0002754600718617439,0.5116638443727852
2012-02-02,fold_2,2011 US-downgrade + EU debt,0.0008851373568177223,1,0.01363002136349678,1,0.01363002136349678,0.12182571258745156,,,,1,136.3002136349678,0.01117527112364769,0.027394801378250122,0.0008851373568177223,2.2556782061599634
2012-02-03,fold_2,2011 US-downgrade + EU debt,-7.206574082374573e-06,-1,-0.0008058656821958721,-1,0.0008058656821958721,0.12263157826964743,,,,1,8.05865682195872,0.01010112464427948,0.006745867431163788,-7.206574082374573e-06,-0.12369304079839814
2012-02-06,fold_2,2011 US-downgrade + EU debt,0.001394849270582199,1,0.0020943458657711744,1,0.0020943458657711744,0.12472592413541861,,,,1,20.943458657711744,0.012066319584846497,0.01679355278611183,0.001394849270582199,0.3236356149482816
2012-02-07,fold_2,2011 US-downgrade + EU debt,0.002731475979089737,1,0.005297363270074129,1,0.005297363270074129,0.13002328740549274,,,,1,52.97363270074129,0.017815325409173965,0.01723337359726429,0.002731475979089737,0.8217622714312218
2012-02-08,fold_2,2011 US-downgrade + EU debt,0.001927938312292099,1,0.0071789356879889965,1,0.0071789356879889965,0.13720222309348173,,,,1,71.78935687988997,0.013313323259353638,0.004950869362801313,0.001927938312292099,1.130556543370586
2012-02-09,fold_2,2011 US-downgrade + EU debt,0.002171807922422886,1,-0.007018911652266979,-1,-0.007018911652266979,0.13018331144121476,,,,0,-70.18911652266979,0.015180762857198715,0.01137989480048418,0.002171807922422886,-1.074317083326856
2012-02-10,fold_2,2011 US-downgrade + EU debt,0.00044252723455429077,1,0.009241819381713867,1,0.009241819381713867,0.13942513082292862,,,,1,92.41819381713867,0.009374566376209259,0.015250276774168015,0.00044252723455429077,1.3874465085316885
2012-02-13,fold_2,2011 US-downgrade + EU debt,-0.00018677767366170883,-1,0.00253416714258492,1,-0.00253416714258492,0.1368909636803437,,,,0,-25.3416714258492,0.00789283961057663,0.00884240958839655,-0.00018677767366170883,0.3658105560002509
2012-02-14,fold_2,2011 US-downgrade + EU debt,-0.0011241910979151726,-1,-0.006985141430050135,-1,0.006985141430050135,0.14387610511039384,,,,1,69.85141430050135,0.0036444514989852905,0.001738892518915236,-0.0011241910979151726,-1.0506623351197235
2012-02-15,fold_2,2011 US-downgrade + EU debt,-0.0011052070185542107,-1,0.013607961125671864,1,-0.013607961125671864,0.13026814398472197,,,,0,-136.07961125671864,0.004224903881549835,0.015335114672780037,-0.0011052070185542107,2.209520931384703
2012-02-16,fold_2,2011 US-downgrade + EU debt,-0.003058602102100849,-1,-0.003148529212921858,-1,0.003148529212921858,0.13341667319764383,,,,1,31.48529212921858,0.001887485384941101,0.005172334145754576,-0.003058602102100849,-0.4679680087542468
2012-02-17,fold_2,2011 US-downgrade + EU debt,-0.0021934332326054573,-1,0.0028339524287730455,1,-0.0028339524287730455,0.13058272076887079,,,,0,-28.339524287730455,0.0027342699468135834,0.009727438911795616,-0.0021934332326054573,0.41944385103734144
2012-02-21,fold_2,2011 US-downgrade + EU debt,-0.0017688777297735214,-1,-0.004569350276142359,-1,0.004569350276142359,0.13515207104501314,,,,1,45.69350276142359,0.008127063512802124,0.016990341246128082,-0.0017688777297735214,-0.6733801069912754
2012-02-22,fold_2,2011 US-downgrade + EU debt,-0.0008288063108921051,-1,0.006611080374568701,1,-0.006611080374568701,0.12854099067044444,,,,0,-66.11080374568701,0.009464357048273087,0.01706789620220661,-0.0008288063108921051,0.9651470783620054
2012-02-23,fold_2,2011 US-downgrade + EU debt,-0.00210453849285841,-1,0.003445180831477046,1,-0.003445180831477046,0.1250958098389674,,,,0,-34.45180831477046,0.00748492032289505,0.018343226984143257,-0.00210453849285841,0.5360447494646549
2012-02-24,fold_2,2011 US-downgrade + EU debt,-0.002917774021625519,-1,0.001406575320288539,1,-0.001406575320288539,0.12368923451867886,,,,0,-14.06575320288539,0.002044498920440674,0.014127819798886776,-0.002917774021625519,0.21888569425971233
2012-02-27,fold_2,2011 US-downgrade + EU debt,-0.003279181197285652,-1,0.010096855461597443,1,-0.010096855461597443,0.11359237905708142,,,,0,-100.96855461597443,-0.0011975131928920746,0.002339030848816037,-0.003279181197285652,1.5778658998156045
2012-02-28,fold_2,2011 US-downgrade + EU debt,-0.0021503474563360214,-1,-0.004491796251386404,-1,0.004491796251386404,0.11808417530846782,,,,1,44.91796251386404,0.0015718042850494385,-0.01761925034224987,-0.0021503474563360214,-0.662199871345816
2012-02-29,fold_2,2011 US-downgrade + EU debt,-0.002557075582444668,-1,0.007886411622166634,1,-0.007886411622166634,0.11019776368630119,,,,0,-78.86411622166634,-0.0006964392960071564,-0.005449074786156416,-0.002557075582444668,1.151179852539622
2012-03-01,fold_2,2011 US-downgrade + EU debt,-0.0020794235169887543,-1,-0.0007702261791564524,-1,0.0007702261791564524,0.11096798986545764,,,,1,7.702261791564524,0.0040423013269901276,-0.0026220991276204586,-0.0020794235169887543,-0.1125984819999919
2012-03-02,fold_2,2011 US-downgrade + EU debt,-0.0014203805476427078,-1,-0.0103822136297822,-1,0.0103822136297822,0.12135020349523984,,,,1,103.822136297822,0.005490809679031372,0.0023094317875802517,-0.0014203805476427078,-1.5251736877537474
2012-03-05,fold_2,2011 US-downgrade + EU debt,-0.0014612572267651558,-1,-0.009861424565315247,-1,0.009861424565315247,0.13121162806055509,,,,1,98.61424565315247,0.007933106273412704,0.013153144158422947,-0.0014612572267651558,-1.5137589597575667
2012-03-06,fold_2,2011 US-downgrade + EU debt,-0.0010052239522337914,-1,0.007678378373384476,1,-0.007678378373384476,0.12353324968717061,,,,0,-76.78378373384476,0.006713502109050751,0.04144495725631714,-0.0010052239522337914,1.1168153240786654
2012-03-07,fold_2,2011 US-downgrade + EU debt,-0.0002657603472471237,-1,0.010713387280702591,1,-0.010713387280702591,0.11281986240646802,,,,0,-107.13387280702591,0.011936739087104797,0.037231557071208954,-0.0002657603472471237,1.5151388808677082
2012-03-08,fold_2,2011 US-downgrade + EU debt,-0.0006267158314585686,-1,0.004161304794251919,1,-0.004161304794251919,0.1086585576122161,,,,0,-41.61304794251919,0.011195000261068344,0.029371794313192368,-0.0006267158314585686,0.5645424096506517
2012-03-09,fold_2,2011 US-downgrade + EU debt,-0.0012679677456617355,-1,0.0004614990612026304,1,-0.0004614990612026304,0.10819705855101347,,,,0,-4.614990612026304,0.0097767673432827,0.024503981694579124,-0.0012679677456617355,0.06361889606810102
2012-03-12,fold_2,2011 US-downgrade + EU debt,-0.002192452549934387,-1,0.01843038946390152,1,-0.01843038946390152,0.08976666908711195,,,,0,-184.3038946390152,0.005755968391895294,0.03108314424753189,-0.002192452549934387,2.602040314567907
2012-03-13,fold_2,2011 US-downgrade + EU debt,-0.003331960178911686,-1,0.0034649777226150036,1,-0.0034649777226150036,0.08630169136449695,,,,0,-34.649777226150036,0.00321892648935318,0.01444236095994711,-0.003331960178911686,0.43695195041424706
2012-03-14,fold_2,2011 US-downgrade + EU debt,-0.0003951694816350937,-1,0.0028536233585327864,1,-0.0028536233585327864,0.08344806800596416,,,,0,-28.536233585327864,0.010358583182096481,0.011126581579446793,-0.0003951694816350937,0.35906071161865233
2012-03-15,fold_2,2011 US-downgrade + EU debt,0.00032377149909734726,1,-0.0007065081736072898,-1,-0.0007065081736072898,0.08274155983235687,,,,0,-7.065081736072898,0.012661613523960114,0.006184988189488649,0.00032377149909734726,-0.09036301955303956
2012-03-16,fold_2,2011 US-downgrade + EU debt,-5.132891237735748e-05,-1,0.007040662225335836,1,-0.007040662225335836,0.07570089760702103,,,,0,-70.40662225335836,0.01164758950471878,0.006294159684330225,-5.132891237735748e-05,0.9773428193550118
2012-03-19,fold_2,2011 US-downgrade + EU debt,0.0014798715710639954,1,0.0017896058270707726,1,0.0017896058270707726,0.0774905034340918,,,,1,17.896058270707726,0.01996125653386116,0.016580747440457344,0.0014798715710639954,0.24380827020648896
2012-03-20,fold_2,2011 US-downgrade + EU debt,0.0007008770480751991,1,0.0001491978910053149,1,0.0001491978910053149,0.07763970132509712,,,,1,1.4919789100531489,0.016662195324897766,0.01625809818506241,0.0007008770480751991,0.020371779229221194
2012-03-21,fold_2,2011 US-downgrade + EU debt,0.0010524475947022438,1,-0.002087969798594713,-1,-0.002087969798594713,0.07555173152650241,,,,0,-20.879697985947132,0.01423138752579689,0.01214273739606142,0.0010524475947022438,-0.2879080999137984
2012-03-22,fold_2,2011 US-downgrade + EU debt,0.00022320449352264404,1,-0.0005973368533886969,-1,-0.0005973368533886969,0.07495439467311371,,,,0,-5.973368533886969,0.01353345438838005,0.010396905243396759,0.00022320449352264404,-0.0839512847838132
2012-03-23,fold_2,2011 US-downgrade + EU debt,0.00026755500584840775,1,0.01732725091278553,1,0.01732725091278553,0.09228164558589924,,,,1,173.2725091278553,0.01380869373679161,0.009071050211787224,0.00026755500584840775,2.4491804812367133
2012-03-26,fold_2,2011 US-downgrade + EU debt,-0.0016934769228100777,-1,0.001466956571675837,1,-0.001466956571675837,0.0908146890142234,,,,0,-14.66956571675837,0.003757122904062271,0.0020533644128590822,-0.0016934769228100777,0.18200350488989153
2012-03-27,fold_2,2011 US-downgrade + EU debt,-0.001717875711619854,-1,-0.003966162912547588,-1,0.003966162912547588,0.09478085192677099,,,,1,39.66162912547588,0.0004004538059234619,0.0002936256059911102,-0.001717875711619854,-0.5121378390983127
2012-03-28,fold_2,2011 US-downgrade + EU debt,-0.0019008144736289978,-1,-0.0038338019512593746,-1,0.0038338019512593746,0.09861465387803037,,,,1,38.338019512593746,0.0003418438136577606,-0.0094646867364645,-0.0019008144736289978,-0.49596645392931077
2012-03-29,fold_2,2011 US-downgrade + EU debt,-0.0023650899529457092,-1,-0.001923191943205893,-1,0.001923191943205893,0.10053784582123626,,,,1,19.23191943205893,0.0003746151924133301,0.000590998271945864,-0.0023650899529457092,-0.2538937655513964
2014-02-21,fold_3,Taper tantrum and 2014 H1,0.0008944626897573471,1,0.005323662888258696,1,0.005323662888258696,0.005323662888258696,,,,1,53.236628882586956,0.01034875214099884,0.008691264316439629,0.0008944626897573471,0.49226051732137377
2014-02-24,fold_3,Taper tantrum and 2014 H1,5.618482828140259e-05,1,-0.001106994808651507,-1,-0.001106994808651507,0.004216668079607189,,,,0,-11.069948086515069,0.008503362536430359,-0.00407614978030324,5.618482828140259e-05,-0.11145365394766149
2014-02-25,fold_3,Taper tantrum and 2014 H1,0.001288403756916523,1,-0.000885732239112258,-1,-0.000885732239112258,0.0033309358404949307,,,,0,-8.85732239112258,0.011875040829181671,0.009663728065788746,0.001288403756916523,-0.09136686309462048
2014-02-26,fold_3,Taper tantrum and 2014 H1,0.001057005487382412,1,0.006466743536293507,1,0.006466743536293507,0.009797679376788437,,,,1,64.66743536293507,0.011487774550914764,0.013298643752932549,0.001057005487382412,0.6669918548421834
2014-02-27,fold_3,Taper tantrum and 2014 H1,0.0016447007656097412,1,-0.0011064147111028433,-1,-0.0011064147111028433,0.008691264665685594,,,,0,-11.064147111028433,0.013057731091976166,0.005953503772616386,0.0016447007656097412,-0.1164405687605777
2014-02-28,fold_3,Taper tantrum and 2014 H1,0.0014810087159276009,1,-0.007443751208484173,-1,-0.007443751208484173,0.0012475134572014213,,,,0,-74.43751208484173,0.01429380476474762,0.002101438818499446,0.0014810087159276009,-0.8678280809274966
2014-03-03,fold_3,Taper tantrum and 2014 H1,0.0030732005834579468,1,0.0126328831538558,1,0.0126328831538558,0.013880396611057222,,,,1,126.328831538558,0.01573401689529419,0.010427766479551792,0.0030732005834579468,1.449198935767308
2014-03-04,fold_3,Taper tantrum and 2014 H1,0.0014423131942749023,1,0.002749183913692832,1,0.002749183913692832,0.016629580524750054,,,,1,27.49183913692832,0.01393437385559082,-0.006517944857478142,0.0014423131942749023,0.36409727286672033
2014-03-05,fold_3,Taper tantrum and 2014 H1,0.003963718190789223,1,-0.000878396793268621,-1,-0.000878396793268621,0.015751183731481433,,,,0,-8.78396793268621,0.01864905282855034,-0.00550622446462512,0.003963718190789223,-0.11876164717620236
2014-03-06,fold_3,Taper tantrum and 2014 H1,0.004646772518754005,1,-0.004958479665219784,-1,-0.004958479665219784,0.010792704066261649,,,,0,-49.58479665219784,0.022234629839658737,-0.018862556666135788,0.004646772518754005,-0.6722333900953021
2014-03-07,fold_3,Taper tantrum and 2014 H1,0.0033605461940169334,1,0.0008825759869068861,1,0.0008825759869068861,0.011675280053168535,,,,1,8.825759869068861,0.017794407904148102,-0.020760266110301018,0.0033605461940169334,0.1279116911000885
2014-03-10,fold_3,Taper tantrum and 2014 H1,0.0029216548427939415,1,-0.004312828183174133,-1,-0.004312828183174133,0.007362451869994402,,,,0,-43.12828183174133,0.014999564737081528,-0.012884118594229221,0.0029216548427939415,-0.7622219523205848
2014-03-11,fold_3,Taper tantrum and 2014 H1,0.0023476211354136467,1,0.0037609043065458536,1,0.0037609043065458536,0.011123356176540256,,,,1,37.609043065458536,0.013200376182794571,0.003430252429097891,0.0023476211354136467,0.6720760088848108
2014-03-12,fold_3,Taper tantrum and 2014 H1,0.002028149552643299,1,-0.01423472911119461,-1,-0.01423472911119461,-0.003111372934654355,,,,0,-142.3472911119461,0.014506850391626358,-0.00575813977047801,0.002028149552643299,-2.812872408524843
2014-03-13,fold_3,Taper tantrum and 2014 H1,-0.00015836767852306366,-1,-0.006856187712401152,-1,0.006856187712401152,0.0037448147777467966,,,,1,68.56187712401152,0.010356854647397995,0.01124925073236227,-0.00015836767852306366,-1.1497802921245706
2014-03-14,fold_3,Taper tantrum and 2014 H1,0.0004541594535112381,1,0.008758722804486752,1,0.008758722804486752,0.012503537582233548,,,,1,87.58722804486752,0.010952383279800415,0.005999579560011625,0.0004541594535112381,1.4767679021712654
2014-03-17,fold_3,Taper tantrum and 2014 H1,-0.0014878110960125923,-1,0.012001542374491692,1,-0.012001542374491692,0.0005019952077418566,,,,0,-120.01542374491692,0.004917070269584656,-0.011562190018594265,-0.0014878110960125923,1.926450667269544
2014-03-18,fold_3,Taper tantrum and 2014 H1,-0.0029882173985242844,-1,-0.005427488125860691,-1,0.005427488125860691,0.005929483333602548,,,,1,54.27488125860691,0.0004949383437633514,-0.020281963050365448,-0.0029882173985242844,-0.8107154202653549
2014-03-19,fold_3,Taper tantrum and 2014 H1,-0.0034021567553281784,-1,0.0027726609259843826,1,-0.0027726609259843826,0.003156822407618165,,,,0,-27.726609259843826,-0.002596203237771988,-0.02781808003783226,-0.0034021567553281784,0.41839638687375774
2014-03-20,fold_3,Taper tantrum and 2014 H1,-0.0035240603610873222,-1,-0.012105858884751797,-1,0.012105858884751797,0.015262681292369962,,,,1,121.05858884751797,0.0013884678483009338,-0.03621464595198631,-0.0035240603610873222,-1.8416946564998837
2014-03-21,fold_3,Taper tantrum and 2014 H1,-0.0020939065143465996,-1,-0.008803046308457851,-1,0.008803046308457851,0.024065727600827813,,,,1,88.03046308457851,0.005043540149927139,-0.02215406857430935,-0.0020939065143465996,-1.239424755320805
2014-03-24,fold_3,Taper tantrum and 2014 H1,-0.002338654361665249,-1,0.003281768411397934,1,-0.003281768411397934,0.02078395918942988,,,,0,-32.81768411397934,0.0031386911869049072,-0.0062537225894629955,-0.002338654361665249,0.4511965566791618
2014-03-25,fold_3,Taper tantrum and 2014 H1,-0.0014944067224860191,-1,-0.012963604182004929,-1,0.012963604182004929,0.03374756337143481,,,,1,129.6360418200493,0.008628562092781067,0.00787755660712719,-0.0014944067224860191,-1.7743265739366645
2014-03-26,fold_3,Taper tantrum and 2014 H1,0.00017375405877828598,1,-0.005623903591185808,-1,-0.005623903591185808,0.028123659780249,,,,0,-56.23903591185808,0.014096271246671677,0.02341604046523571,0.00017375405877828598,-0.7157141756594412
2014-03-27,fold_3,Taper tantrum and 2014 H1,0.0012974580749869347,1,0.0019547175616025925,1,0.0019547175616025925,0.030078377341851592,,,,1,19.547175616025925,0.016329266130924225,0.02107001282274723,0.0012974580749869347,0.24979581633408446
2014-03-28,fold_3,Taper tantrum and 2014 H1,0.000811450183391571,1,0.0070972987450659275,1,0.0070972987450659275,0.03717567608691752,,,,1,70.97298745065928,0.01728762686252594,-0.007842288352549076,0.000811450183391571,0.9060127079641355
2014-03-31,fold_3,Taper tantrum and 2014 H1,-0.0008567776530981064,-1,0.017413048073649406,1,-0.017413048073649406,0.019762628013268113,,,,0,-174.13048073649406,0.012772273272275925,-0.0244788508862257,-0.0008567776530981064,2.2274561662872308
2014-04-01,fold_3,Taper tantrum and 2014 H1,-0.0013838456943631172,-1,0.0025748794432729483,1,-0.0025748794432729483,0.017187748569995165,,,,0,-25.748794432729483,0.008694112300872803,-0.03270028531551361,-0.0013838456943631172,0.31157741244076076
2014-04-02,fold_3,Taper tantrum and 2014 H1,0.0009116353467106819,1,-0.007969930768013,-1,-0.007969930768013,0.009217817801982164,,,,0,-79.69930768013,0.01592084765434265,-0.018278267234563828,0.0009116353467106819,-0.9647420670863133
2014-04-03,fold_3,Taper tantrum and 2014 H1,0.0016575455665588379,1,-0.02695758268237114,-1,-0.02695758268237114,-0.017739764880388975,,,,0,-269.5758268237114,0.01929834485054016,-0.04177101328969002,0.0016575455665588379,-3.1906397371676727
2014-04-04,fold_3,Taper tantrum and 2014 H1,0.0026172399520874023,1,-0.009539262391626835,-1,-0.009539262391626835,-0.02727902727201581,,,,0,-95.39262391626835,0.02487388253211975,-0.026514969766139984,0.0026172399520874023,-0.9243960077394551
2014-04-07,fold_3,Taper tantrum and 2014 H1,0.004456046037375927,1,0.009191613644361496,1,0.009191613644361496,-0.018087413627654314,,,,1,91.91613644361496,0.023974783718585968,-0.00915968231856823,0.004456046037375927,0.8724212064864433
2014-04-08,fold_3,Taper tantrum and 2014 H1,0.0043609654530882835,1,0.016996895894408226,1,0.016996895894408226,-0.001090517733246088,,,,1,169.96895894408226,0.024875730276107788,-0.015053289011120796,0.0043609654530882835,1.5898401667635498
2014-04-09,fold_3,Taper tantrum and 2014 H1,0.0033880239352583885,1,-0.03146267682313919,-1,-0.03146267682313919,-0.03255319455638528,,,,0,-314.6267682313919,0.023283701390028,-0.018851255998015404,0.0033880239352583885,-2.7805663507372933
2014-04-10,fold_3,Taper tantrum and 2014 H1,0.005269377492368221,1,-0.01170154195278883,-1,-0.01170154195278883,-0.04425473650917411,,,,0,-117.0154195278883,0.03087790310382843,0.012843403033912182,0.005269377492368221,-0.9044168442628483
2014-04-11,fold_3,Taper tantrum and 2014 H1,0.005795915145426989,1,0.007816024124622345,1,0.007816024124622345,-0.036438712384551764,,,,1,78.16024124622345,0.03264692798256874,0.031941864639520645,0.005795915145426989,0.5961510368720718
2014-04-14,fold_3,Taper tantrum and 2014 H1,0.00466320151463151,1,0.0032980076503008604,1,0.0032980076503008604,-0.0331407047342509,,,,1,32.980076503008604,0.028254732489585876,0.0320403128862381,0.00466320151463151,0.25212227676228055
2014-04-15,fold_3,Taper tantrum and 2014 H1,0.004252768121659756,1,0.013198929838836193,1,0.013198929838836193,-0.01994177489541471,,,,1,131.98929838836193,0.028105536475777626,0.01990613155066967,0.004252768121659756,1.029239149505944
2014-04-16,fold_3,Taper tantrum and 2014 H1,0.004808260127902031,1,0.0002319830673513934,1,0.0002319830673513934,-0.019709791828063317,,,,1,2.319830673513934,0.028353456407785416,0.016228817403316498,0.004808260127902031,0.017704409515367756
2014-04-17,fold_3,Taper tantrum and 2014 H1,0.0026604514569044113,1,0.007396920118480921,1,0.007396920118480921,-0.012312871709582396,,,,1,73.96920118480921,0.026166263967752457,-0.00011613046081038192,0.0026604514569044113,0.5651443196261554
2014-04-21,fold_3,Taper tantrum and 2014 H1,0.0024854345247149467,1,0.007914471440017223,1,0.007914471440017223,-0.0043984002695651725,,,,1,79.14471440017223,0.024812720715999603,-0.004269872326403856,0.0024854345247149467,0.6129573868021266
2014-04-22,fold_3,Taper tantrum and 2014 H1,0.0025481972843408585,1,-0.008836171589791775,-1,-0.008836171589791775,-0.013234571859356947,,,,0,-88.36171589791775,0.025006916373968124,-0.004236620385199785,0.0025481972843408585,-0.685870461320646
2014-04-23,fold_3,Taper tantrum and 2014 H1,0.003523746505379677,1,0.009521614760160446,1,0.009521614760160446,-0.003712957099196501,,,,1,95.21614760160446,0.029068466275930405,0.007235391531139612,0.003523746505379677,0.7316941727822702
2014-04-24,fold_3,Taper tantrum and 2014 H1,0.003217823803424835,1,-0.01611296460032463,-1,-0.01611296460032463,-0.019825921699521132,,,,0,-161.1296460032463,0.02539971098303795,0.0006843045121058822,0.003217823803424835,-1.252605071352228
2014-04-25,fold_3,Taper tantrum and 2014 H1,0.003826277330517769,1,0.0032431783620268106,1,0.0032431783620268106,-0.01658274333749432,,,,1,32.43178362026811,0.030083157122135162,0.01497045811265707,0.003826277330517769,0.2438609425001167
2014-04-28,fold_3,Taper tantrum and 2014 H1,0.00330556184053421,1,0.00794772244989872,1,0.00794772244989872,-0.008635020887595601,,,,1,79.4772244989872,0.025653714314103127,0.016970984637737274,0.00330556184053421,0.5970399685811895
2014-04-29,fold_3,Taper tantrum and 2014 H1,0.002945560961961746,1,0.0026358403265476227,1,0.0026358403265476227,-0.005999180561047979,,,,1,26.358403265476227,0.02374560385942459,-0.004023039247840643,0.002945560961961746,0.19765020906525657
2014-04-30,fold_3,Taper tantrum and 2014 H1,0.002360984683036804,1,0.002970527159050107,1,0.002970527159050107,-0.0030286534019978717,,,,1,29.70527159050107,0.025022443383932114,-0.00954312551766634,0.002360984683036804,0.2326464559028697
2014-05-01,fold_3,Taper tantrum and 2014 H1,0.0026004137471318245,1,-0.0018268103012815118,-1,-0.0018268103012815118,-0.0048554637032793835,,,,0,-18.268103012815118,0.022995159029960632,-0.013438626192510128,0.0026004137471318245,-0.14302445624634064
2014-05-02,fold_3,Taper tantrum and 2014 H1,0.0027979975566267967,1,0.005243705119937658,1,0.005243705119937658,0.00038824141665827483,,,,1,52.43705119937658,0.024876268580555916,-0.007918200455605984,0.0027979975566267967,0.41437903964715017
2014-05-05,fold_3,Taper tantrum and 2014 H1,0.0013578888028860092,1,-0.013046301901340485,-1,-0.013046301901340485,-0.01265806048468221,,,,0,-130.46301901340485,0.01873105764389038,0.003178476123139262,0.0013578888028860092,-1.1660932572157228
2014-05-06,fold_3,Taper tantrum and 2014 H1,0.0019304640591144562,1,-0.002884245477616787,-1,-0.002884245477616787,-0.015542305962298997,,,,0,-28.84245477616787,0.022341184318065643,0.016904594376683235,0.0019304640591144562,-0.25381310969980364
2014-05-07,fold_3,Taper tantrum and 2014 H1,0.0011480292305350304,1,-0.0009249738068319857,-1,-0.0009249738068319857,-0.016467279769130982,,,,0,-9.249738068319857,0.022390853613615036,0.01456519030034542,0.0011480292305350304,-0.08262502824968634
2014-05-08,fold_3,Taper tantrum and 2014 H1,0.001225033774971962,1,0.003693615784868598,1,0.003693615784868598,-0.012773663984262384,,,,1,36.93615784868598,0.020906396210193634,0.00760283088311553,0.001225033774971962,0.3507050202758788
2014-05-09,fold_3,Taper tantrum and 2014 H1,0.001690470613539219,1,0.016340382397174835,1,0.016340382397174835,0.0035667184129124507,,,,1,163.40382397174835,0.021281644701957703,0.010429514572024345,0.001690470613539219,2.073398925339283
2014-05-12,fold_3,Taper tantrum and 2014 H1,0.0003800923004746437,1,0.0006798167596571147,1,0.0006798167596571147,0.0042465351725695655,,,,1,6.798167596571147,0.015099510550498962,0.0010198835516348481,0.0003800923004746437,0.08207038410880037
2014-05-13,fold_3,Taper tantrum and 2014 H1,0.0014114966616034508,1,-0.005223650485277176,-1,-0.005223650485277176,-0.0009771153127076104,,,,0,-52.23650485277176,0.015990301966667175,-0.00328986463136971,0.0014114966616034508,-0.6450313470035096
2014-05-14,fold_3,Taper tantrum and 2014 H1,0.0018712803721427917,1,-0.007887332700192928,-1,-0.007887332700192928,-0.008864448012900539,,,,0,-78.87332700192928,0.017408452928066254,0.011433972977101803,0.0018712803721427917,-0.9679146831549944
2014-05-15,fold_3,Taper tantrum and 2014 H1,0.00010767858475446701,1,0.006520299706608057,1,0.006520299706608057,-0.0023441483062924817,,,,1,65.20299706608057,0.014142811298370361,0.023701516911387444,0.00010767858475446701,0.8361923425833073
2014-05-16,fold_3,Taper tantrum and 2014 H1,0.00026059988886117935,1,0.0069307503290474415,1,0.0069307503290474415,0.00458660202275496,,,,1,69.30750329047441,0.013994414359331131,0.02443923056125641,0.00026059988886117935,0.8737077739859721
2014-05-19,fold_3,Taper tantrum and 2014 H1,-0.0012440495193004608,-1,-0.0036299314815551043,-1,0.0036299314815551043,0.008216533504310064,,,,1,36.29931481555104,0.008171577006578445,0.029892729595303535,-0.0012440495193004608,-0.45881738372934977
2014-05-20,fold_3,Taper tantrum and 2014 H1,-0.00035958271473646164,-1,0.009500186890363693,1,-0.009500186890363693,-0.0012836533860536292,,,,0,-95.00186890363693,0.012293707579374313,0.03044099360704422,-0.00035958271473646164,1.225258190591561
2014-05-21,fold_3,Taper tantrum and 2014 H1,-0.00012945663183927536,-1,0.004380210768431425,1,-0.004380210768431425,-0.005663864154485054,,,,0,-43.80210768431425,0.014567568898200989,0.027313604950904846,-0.00012945663183927536,0.5620858252523185
2014-05-22,fold_3,Taper tantrum and 2014 H1,0.00027353595942258835,1,0.007258014287799597,1,0.007258014287799597,0.0015941501333145425,,,,1,72.58014287799597,0.015928201377391815,0.023042934015393257,0.00027353595942258835,0.9600542360580507
2014-05-23,fold_3,Taper tantrum and 2014 H1,-0.00027192942798137665,-1,0.012384248897433281,1,-0.012384248897433281,-0.010790098764118738,,,,0,-123.84248897433281,0.013986103236675262,0.014798999764025211,-0.00027192942798137665,1.8101637895137987
2014-05-27,fold_3,Taper tantrum and 2014 H1,-0.0009396616369485855,-1,-0.0030816674698144197,-1,0.0030816674698144197,-0.007708431294304319,,,,1,30.816674698144197,0.010303318500518799,0.0019759966526180506,-0.0009396616369485855,-0.4195607894926704
2014-05-28,fold_3,Taper tantrum and 2014 H1,0.0007540518417954445,1,0.006372798699885607,1,0.006372798699885607,-0.001335632594418712,,,,1,63.72798699885607,0.014325045049190521,0.008779807947576046,0.0007540518417954445,0.8900581927586882
2014-05-29,fold_3,Taper tantrum and 2014 H1,0.0001425454393029213,1,0.00010953944001812488,1,0.00010953944001812488,-0.001226093154400587,,,,1,1.0953944001812488,0.011319607496261597,0.010785252787172794,0.0001425454393029213,0.015053706886225565
2014-05-30,fold_3,Taper tantrum and 2014 H1,-6.122514605522156e-06,-1,-0.0009859201963990927,-1,0.0009859201963990927,-0.0002401729580014944,,,,1,9.859201963990927,0.01188606396317482,0.01640191674232483,-6.122514605522156e-06,-0.13605960599780215
2014-06-02,fold_3,Taper tantrum and 2014 H1,0.00012784358114004135,1,-0.00043875392293557525,-1,-0.00043875392293557525,-0.0006789268809370697,,,,0,-4.3875392293557525,0.012123003602027893,0.016633290797472,0.00012784358114004135,-0.060617508986671356
2014-06-03,fold_3,Taper tantrum and 2014 H1,0.0017361361533403397,1,0.003722143592312932,1,0.003722143592312932,0.0030432167113758624,,,,1,37.22143592312932,0.01842159777879715,0.018795523792505264,0.0017361361533403397,0.52107920808085
2014-06-04,fold_3,Taper tantrum and 2014 H1,0.002386646345257759,1,0.008378244005143642,1,0.008378244005143642,0.011421460716519505,,,,1,83.78244005143642,0.020046904683113098,0.014858423732221127,0.002386646345257759,1.2746072309545615
2014-06-05,fold_3,Taper tantrum and 2014 H1,0.001103741116821766,1,0.005726202856749296,1,0.005726202856749296,0.0171476635732688,,,,1,57.26202856749296,0.017877008765935898,-0.002603821223601699,0.001103741116821766,0.841536314923747
2014-06-06,fold_3,Taper tantrum and 2014 H1,-2.5503337383270264e-05,-1,-0.0007545453845523298,-1,0.0007545453845523298,0.01790220895782113,,,,1,7.545453845523298,0.013284634798765182,-0.005401598289608955,-2.5503337383270264e-05,-0.1090258095653863
2014-06-09,fold_3,Taper tantrum and 2014 H1,-0.0003231605514883995,-1,0.0017234788974747062,1,-0.0017234788974747062,0.016178730060346425,,,,0,-17.23478897474706,0.012468334287405014,-0.0037802942097187042,-0.0003231605514883995,0.2507459024618815
2014-06-10,fold_3,Taper tantrum and 2014 H1,-1.9498169422149658e-05,-1,-0.00021495713735930622,-1,0.00021495713735930622,0.01639368719770573,,,,1,2.149571373593062,0.013758629560470581,-0.004963437560945749,-1.9498169422149658e-05,-0.036842175568203905
2014-06-11,fold_3,Taper tantrum and 2014 H1,0.0005614962428808212,1,-0.009084000252187252,-1,-0.009084000252187252,0.007309686945518479,,,,0,-90.84000252187252,0.014329791069030762,0.0008610818767920136,0.0005614962428808212,-1.557411019774264
2014-06-12,fold_3,Taper tantrum and 2014 H1,0.0011263219639658928,1,0.0029284260235726833,1,0.0029284260235726833,0.010238112969091162,,,,1,29.284260235726833,0.01599852368235588,0.009298957884311676,0.0011263219639658928,0.48285032094804403
2014-06-13,fold_3,Taper tantrum and 2014 H1,-0.0005553970113396645,-1,0.0008667586953379214,1,-0.0008667586953379214,0.00937135427375324,,,,0,-8.667586953379214,0.013448640704154968,0.007546482607722282,-0.0005553970113396645,0.1484276600289527
2014-06-16,fold_3,Taper tantrum and 2014 H1,-0.0021370137110352516,-1,0.0005403357790783048,1,-0.0005403357790783048,0.008831018494674936,,,,0,-5.403357790783048,0.007444202899932861,0.006895371712744236,-0.0021370137110352516,0.09549964981027752
2014-06-17,fold_3,Taper tantrum and 2014 H1,-0.0031215790659189224,-1,0.005609562154859304,1,-0.005609562154859304,0.0032214563398156315,,,,0,-56.095621548593044,0.005955841392278671,0.005384569056332111,-0.0031215790659189224,1.0306115744567852
2014-06-18,fold_3,Taper tantrum and 2014 H1,-0.004477499984204769,-1,-0.000646124710328877,-1,0.000646124710328877,0.0038675810501445085,,,,1,6.46124710328877,0.004119589924812317,0.006119376048445702,-0.004477499984204769,-0.11691776295906459
2014-06-19,fold_3,Taper tantrum and 2014 H1,-0.0028063058853149414,-1,0.001175950514152646,1,-0.001175950514152646,0.0026916305359918624,,,,0,-11.75950514152646,0.004775486886501312,0.007301395758986473,-0.0028063058853149414,0.2304085862318534
2014-06-20,fold_3,Taper tantrum and 2014 H1,-0.0030562058091163635,-1,0.0002156479167751968,1,-0.0002156479167751968,0.0024759826192166656,,,,0,-2.156479167751968,0.0038396231830120087,0.010508253239095211,-0.0030562058091163635,0.04299375123078296
2014-06-23,fold_3,Taper tantrum and 2014 H1,-0.002857600338757038,-1,-0.0009704668773338199,-1,0.0009704668773338199,0.0034464494965504855,,,,1,9.704668773338199,0.00310434028506279,0.011997771449387074,-0.002857600338757038,-0.20447154155560207
2014-06-24,fold_3,Taper tantrum and 2014 H1,-0.0013576364144682884,-1,0.006344369146972895,1,-0.006344369146972895,-0.002897919650422409,,,,0,-63.44369146972895,0.004914119839668274,0.023876363411545753,-0.0013576364144682884,1.643309511582408
2014-06-25,fold_3,Taper tantrum and 2014 H1,-0.0016604028642177582,-1,0.0005358947673812509,1,-0.0005358947673812509,-0.00343381441780366,,,,0,-5.358947673812509,0.004180118441581726,0.019215893000364304,-0.0016604028642177582,0.13215691458243795
2014-06-26,fold_3,Taper tantrum and 2014 H1,-0.0017467094585299492,-1,0.00438280776143074,1,-0.00438280776143074,-0.0078166221792344,,,,0,-43.828077614307404,0.0019261278212070465,0.024969423189759254,-0.0017467094585299492,1.1539035577103673
2014-06-27,fold_3,Taper tantrum and 2014 H1,-0.002216693013906479,-1,0.0017051667673513293,1,-0.0017051667673513293,-0.00952178894658573,,,,0,-17.051667673513293,0.0025616921484470367,0.01755196787416935,-0.002216693013906479,0.4347071467681163
2014-06-30,fold_3,Taper tantrum and 2014 H1,-0.0018680095672607422,-1,0.010908124968409538,1,-0.010908124968409538,-0.020429913914995268,,,,0,-109.08124968409538,0.0009316913783550262,0.0037202120292931795,-0.0018680095672607422,2.7721612507452202
2014-07-01,fold_3,Taper tantrum and 2014 H1,-0.0015819035470485687,-1,0.0016838997835293412,1,-0.0016838997835293412,-0.02211381369852461,,,,0,-16.838997835293412,0.0044028013944625854,0.0002107195177813992,-0.0015819035470485687,0.36381104072122655
2014-07-02,fold_3,Taper tantrum and 2014 H1,0.0008684974163770676,1,0.00628942484036088,1,0.00628942484036088,-0.01582438885816373,,,,1,62.8942484036088,0.01030077412724495,-0.0046371459029614925,0.0008684974163770676,1.3766643287193563
2014-07-03,fold_3,Taper tantrum and 2014 H1,0.0007804660126566887,1,-0.0030346480198204517,-1,-0.0030346480198204517,-0.01885903687798418,,,,0,-30.346480198204517,0.012260042130947113,-0.004503125324845314,0.0007804660126566887,-0.6900461447877146
2014-07-07,fold_3,Taper tantrum and 2014 H1,0.001516498625278473,1,-0.012126589193940163,-1,-0.012126589193940163,-0.030985626071924344,,,,0,-121.26589193940163,0.013961531221866608,0.004496706649661064,0.001516498625278473,-2.8455543192125514
2014-07-08,fold_3,Taper tantrum and 2014 H1,0.002259845845401287,1,0.007398632355034351,1,0.007398632355034351,-0.023586993716889992,,,,1,73.98632355034351,0.016837898641824722,0.013173858635127544,0.002259845845401287,1.4655670883826315
2014-07-09,fold_3,Taper tantrum and 2014 H1,0.0017354553565382957,1,-0.0031639656517654657,-1,-0.0031639656517654657,-0.026750959368655458,,,,0,-31.639656517654657,0.014954730868339539,0.00974604208022356,0.0017354553565382957,-0.5971461092102441
2014-07-10,fold_3,Taper tantrum and 2014 H1,0.0007795374840497971,1,0.006423445418477058,1,0.006423445418477058,-0.0203275139501784,,,,1,64.23445418477058,0.011922772973775864,-0.0004228194011375308,0.0007795374840497971,1.2017025952140485
2014-07-11,fold_3,Taper tantrum and 2014 H1,0.00015223771333694458,1,0.0059651839546859264,1,0.0059651839546859264,-0.014362329995492473,,,,1,59.651839546859264,0.010650187730789185,0.008882122114300728,0.00015223771333694458,1.1585792441699563
2014-07-14,fold_3,Taper tantrum and 2014 H1,-0.001066095195710659,-1,-0.003449437441304326,-1,0.003449437441304326,-0.010912892554188147,,,,1,34.49437441304326,0.006722006946802139,0.0016677516978234053,-0.001066095195710659,-0.6535234140812817
2014-07-15,fold_3,Taper tantrum and 2014 H1,-0.0010488908737897873,-1,0.003970816265791655,1,-0.003970816265791655,-0.014883708819979802,,,,0,-39.708162657916546,0.007417634129524231,0.01145125925540924,-0.0010488908737897873,0.7448884330714018
2014-07-16,fold_3,Taper tantrum and 2014 H1,-0.0006425129249691963,-1,-0.013332827016711235,-1,0.013332827016711235,-0.0015508818032685667,,,,1,133.32827016711235,0.006751980632543564,0.013877581804990768,-0.0006425129249691963,-2.467743478875805
2014-07-17,fold_3,Taper tantrum and 2014 H1,-7.907673716545105e-05,-1,0.015728386119008064,1,-0.015728386119008064,-0.01727926792227663,,,,0,-157.28386119008064,0.008357390761375427,0.026078633964061737,-7.907673716545105e-05,2.603183061654549
2014-07-18,fold_3,Taper tantrum and 2014 H1,-0.0005469806492328644,-1,-0.0012491863453760743,-1,0.0012491863453760743,-0.016030081576900557,,,,1,12.491863453760743,0.008339609950780869,0.006429646164178848,-0.0005469806492328644,-0.17872204598867492
2014-07-21,fold_3,Taper tantrum and 2014 H1,-0.0007129209116101265,-1,0.006334070116281509,1,-0.006334070116281509,-0.022364151693182066,,,,0,-63.340701162815094,0.006123818457126617,0.007989144884049892,-0.0007129209116101265,0.9061378421587718
2014-07-22,fold_3,Taper tantrum and 2014 H1,-0.001323075033724308,-1,0.00639713928103447,1,-0.00639713928103447,-0.028761290974216536,,,,0,-63.971392810344696,0.005984097719192505,-0.00010333875979995355,-0.001323075033724308,0.8969545824667564
2014-07-23,fold_3,Taper tantrum and 2014 H1,-0.0009873630478978157,-1,-0.0011317766038700938,-1,0.0011317766038700938,-0.027629514370346442,,,,1,11.317766038700938,0.006846807897090912,-0.002574207494035363,-0.0009873630478978157,-0.15565918702123097
2014-07-24,fold_3,Taper tantrum and 2014 H1,-0.0016990862786769867,-1,-0.003920600283890963,-1,0.003920600283890963,-0.02370891408645548,,,,1,39.206002838909626,0.005852900445461273,-0.021860044449567795,-0.0016990862786769867,-0.5494414230069968
2014-07-25,fold_3,Taper tantrum and 2014 H1,-5.607865750789642e-05,-1,0.0003103120543528348,1,-0.0003103120543528348,-0.024019226140808314,,,,0,-3.103120543528348,0.008721724152565002,-0.021629933267831802,-5.607865750789642e-05,0.04316926421390465
2014-07-28,fold_3,Taper tantrum and 2014 H1,-0.0004363544285297394,-1,-0.001758413389325142,-1,0.001758413389325142,-0.022260812751483172,,,,1,17.58413389325142,0.008308514952659607,-0.015097670257091522,-0.0004363544285297394,-0.24691679954321788
2014-07-29,fold_3,Taper tantrum and 2014 H1,0.0002733645960688591,1,0.003926270641386509,1,0.003926270641386509,-0.018334542110096663,,,,1,39.26270641386509,0.008156660944223404,-0.02102711983025074,0.0002733645960688591,0.5512776424635283
2014-07-30,fold_3,Taper tantrum and 2014 H1,-0.001233711838722229,-1,-0.02041761204600334,-1,0.02041761204600334,0.0020830699359066784,,,,1,204.17612046003342,0.004118345677852631,-0.025693856179714203,-0.001233711838722229,-3.0253746553661913
2014-07-31,fold_3,Taper tantrum and 2014 H1,-0.0011796783655881882,-1,-0.003690489800646901,-1,0.003690489800646901,0.00577355973655358,,,,1,36.90489800646901,0.0012654215097427368,-0.008454873226583004,-0.0011796783655881882,-0.4534157647166218
2014-08-01,fold_3,Taper tantrum and 2014 H1,-0.001688254065811634,-1,0.0068425750359892845,1,-0.0068425750359892845,-0.001069015299435705,,,,0,-68.42575035989285,0.0029959380626678467,0.0024269213899970055,-0.001688254065811634,0.8490340969905606
2014-08-04,fold_3,Taper tantrum and 2014 H1,-0.0027231192216277122,-1,-0.007687862496823072,-1,0.007687862496823072,0.0066188471973873675,,,,1,76.87862496823072,-0.0011901520192623138,0.001467795460484922,-0.0027231192216277122,-0.9404013445423478
2014-08-05,fold_3,Taper tantrum and 2014 H1,-0.0017973361536860466,-1,-0.0007404669304378331,-1,0.0007404669304378331,0.0073593141278252006,,,,1,7.404669304378331,0.0029753968119621277,0.008736382238566875,-0.0017973361536860466,-0.0937116027863874
2014-08-06,fold_3,Taper tantrum and 2014 H1,-0.0009381836280226707,-1,-0.00317862955853343,-1,0.00317862955853343,0.01053794368635863,,,,1,31.7862955853343,0.00633041188120842,0.02000616118311882,-0.0009381836280226707,-0.41130322963078586
2014-08-07,fold_3,Taper tantrum and 2014 H1,-0.000863335095345974,-1,0.007191305048763752,1,-0.007191305048763752,0.0033466386375948787,,,,0,-71.91305048763752,0.005710814148187637,0.028356796130537987,-0.000863335095345974,0.9304928116568347
2014-08-08,fold_3,Taper tantrum and 2014 H1,-0.0020379452034831047,-1,0.005883449222892523,1,-0.005883449222892523,-0.002536810585297644,,,,0,-58.83449222892523,0.003484342247247696,0.02600216120481491,-0.0020379452034831047,0.757958197237931
2014-08-11,fold_3,Taper tantrum and 2014 H1,-0.002064978703856468,-1,-0.0004192753112874925,-1,0.0004192753112874925,-0.0021175352740101516,,,,1,4.192753112874925,0.0012532733380794525,0.02778947539627552,-0.002064978703856468,-0.05403648788866629
2014-08-12,fold_3,Taper tantrum and 2014 H1,-0.0021262457594275475,-1,0.010529312305152416,1,-0.010529312305152416,-0.012646847579162568,,,,0,-105.29312305152416,0.002339225262403488,0.03379705175757408,-0.0021262457594275475,1.363679603234186
2014-08-13,fold_3,Taper tantrum and 2014 H1,-0.001604047603905201,-1,0.0051720053888857365,1,-0.0051720053888857365,-0.017818852968048304,,,,0,-51.720053888857365,0.006263375282287598,0.02326774038374424,-0.001604047603905201,0.6446265908960627
2014-08-14,fold_3,Taper tantrum and 2014 H1,-0.0003466689959168434,-1,0.004836669657379389,1,-0.004836669657379389,-0.022655522625427693,,,,0,-48.36669657379389,0.010276436805725098,0.020119888707995415,-0.0003466689959168434,0.6416355422554882
2014-08-15,fold_3,Taper tantrum and 2014 H1,0.00033503398299217224,1,0.007670763414353132,1,0.007670763414353132,-0.014984759211074561,,,,1,76.70763414353132,0.013399921357631683,0.016798965632915497,0.00033503398299217224,1.135661916793589
2014-08-18,fold_3,Taper tantrum and 2014 H1,-0.0010380055755376816,-1,0.005588300991803408,1,-0.005588300991803408,-0.02057306020287797,,,,0,-55.88300991803408,0.009265661239624023,0.012655028142035007,-0.0010380055755376816,0.8025449421832442
2014-08-19,fold_3,Taper tantrum and 2014 H1,-0.0004371264949440956,-1,0.0,0,-0.0,-0.02057306020287797,,,,0,-0.0,0.010429635643959045,0.008072314783930779,-0.0004371264949440956,0.0
2014-08-20,fold_3,Taper tantrum and 2014 H1,7.905997335910797e-05,1,0.0020241537131369114,1,0.0020241537131369114,-0.018548906489741057,,,,1,20.241537131369114,0.0127149298787117,0.008273630402982235,7.905997335910797e-05,0.2984589132808147
2014-08-21,fold_3,Taper tantrum and 2014 H1,-0.0012536244466900826,-1,0.0015157470479607582,1,-0.0015157470479607582,-0.020064653537701815,,,,0,-15.157470479607582,0.008806377649307251,0.005143505055457354,-0.0012536244466900826,0.22315366394154962
2014-08-22,fold_3,Taper tantrum and 2014 H1,-0.0004291823133826256,-1,0.00352682638913393,1,-0.00352682638913393,-0.023591479926835746,,,,0,-35.2682638913393,0.011352002620697021,0.007342625875025988,-0.0004291823133826256,0.5229497782812355
2014-08-25,fold_3,Taper tantrum and 2014 H1,-0.0010403171181678772,-1,0.0010055879829451442,1,-0.0010055879829451442,-0.02459706790978089,,,,0,-10.055879829451442,0.00904572382569313,0.00671806838363409,-0.0010403171181678772,0.14810494098229504
2014-08-26,fold_3,Taper tantrum and 2014 H1,0.0001917816698551178,1,0.0002013150224229321,1,0.0002013150224229321,-0.024395752887357958,,,,1,2.013150224229321,0.012048028409481049,-0.00020076821965631098,0.0001917816698551178,0.029683580416780462
2014-08-27,fold_3,Taper tantrum and 2014 H1,0.0009187972173094749,1,-0.0011059711687266827,-1,-0.0011059711687266827,-0.02550172405608464,,,,0,-11.059711687266827,0.014114569872617722,-0.0013072571018710732,0.0009187972173094749,-0.16445378893942256
2014-08-28,fold_3,Taper tantrum and 2014 H1,0.0025414498522877693,1,0.0037148678675293922,1,0.0037148678675293922,-0.021786856188555248,,,,1,37.14867867529392,0.018291395157575607,0.004816656932234764,0.0025414498522877693,0.7513692050723919
2014-08-29,fold_3,Taper tantrum and 2014 H1,0.001581607386469841,1,0.002902268897742033,1,0.002902268897742033,-0.018884587290813215,,,,1,29.02268897742033,0.016848910599946976,0.0030023581348359585,0.001581607386469841,0.5869045800932715
2014-09-02,fold_3,Taper tantrum and 2014 H1,0.0021677566692233086,1,-0.005913248751312494,-1,-0.005913248751312494,-0.02479783604212571,,,,0,-59.13248751312494,0.01827019453048706,-0.008227802813053131,0.0021677566692233086,-1.2456932093143112
2014-09-03,fold_3,Taper tantrum and 2014 H1,0.004379859659820795,1,-0.0009051738306879997,-1,-0.0009051738306879997,-0.02570300987281371,,,,0,-9.051738306879997,0.022770721465349197,0.005913248751312494,0.004379859659820795,-0.19600618181372603
2014-09-04,fold_3,Taper tantrum and 2014 H1,0.003715928178280592,1,0.005017942748963833,1,0.005017942748963833,-0.020685067123849876,,,,1,50.17942748963833,0.022082049399614334,0.0060186004266142845,0.003715928178280592,1.0862393282937621
2014-09-05,fold_3,Taper tantrum and 2014 H1,0.002553529106080532,1,0.0019005690701305866,1,0.0019005690701305866,-0.01878449805371929,,,,1,19.005690701305866,0.020947761833667755,-0.004112768918275833,0.002553529106080532,0.40433892746950595
2014-09-08,fold_3,Taper tantrum and 2014 H1,0.0019460869953036308,1,-0.008327892050147057,-1,-0.008327892050147057,-0.027112390103866346,,,,0,-83.27892050147057,0.017168760299682617,-0.01571054756641388,0.0019460869953036308,-1.8768245623151516
2014-09-09,fold_3,Taper tantrum and 2014 H1,0.002430388703942299,1,0.008227802813053131,1,0.008227802813053131,-0.018884587290813215,,,,1,82.27802813053131,0.019468344748020172,0.001308427657932043,0.002430388703942299,1.777519263451231
2014-09-10,fold_3,Taper tantrum and 2014 H1,0.0015840241685509682,1,-0.0007998223882168531,-1,-0.0007998223882168531,-0.019684409679030068,,,,0,-7.998223882168531,0.01608084887266159,-0.00541094271466136,0.0015840241685509682,-0.16060189297344188
2014-09-11,fold_3,Taper tantrum and 2014 H1,0.0005371915176510811,1,-0.005113426595926285,-1,-0.005113426595926285,-0.024797836274956353,,,,0,-51.13426595926285,0.014185402542352676,0.0028961822390556335,0.0005371915176510811,-1.1642305984975365
2014-09-12,fold_3,Taper tantrum and 2014 H1,0.0004442194476723671,1,-0.009697210043668747,-1,-0.009697210043668747,-0.0344950463186251,,,,0,-96.97210043668747,0.013288699090480804,0.007389549165964127,0.0004442194476723671,-2.2095975746885537
2014-09-15,fold_3,Taper tantrum and 2014 H1,5.631055682897568e-05,1,0.008691084571182728,1,0.008691084571182728,-0.025803961747442372,,,,1,86.91084571182728,0.010264117270708084,0.00774153508245945,5.631055682897568e-05,1.8204422697855847
2014-09-16,fold_3,Taper tantrum and 2014 H1,-0.001791863702237606,-1,0.0015084322076290846,1,-0.0015084322076290846,-0.027312393955071457,,,,0,-15.084322076290846,0.00738028809428215,-0.003679014276713133,-0.001791863702237606,0.3103262284268353
2014-09-17,fold_3,Taper tantrum and 2014 H1,-0.0021878164261579514,-1,0.0075073023326694965,1,-0.0075073023326694965,-0.03481969628774095,,,,0,-75.07302332669497,0.004027888178825378,0.005486177280545235,-0.0021878164261579514,1.594067302481406
2014-09-18,fold_3,Taper tantrum and 2014 H1,-0.0025532739236950874,-1,-0.0006200594361871481,-1,0.0006200594361871481,-0.034199636851553805,,,,1,6.200594361871481,0.004519820213317871,-0.0232794601470232,-0.0025532739236950874,-0.12401778789185415
2014-09-19,fold_3,Taper tantrum and 2014 H1,-0.0013777855783700943,-1,-0.009345224127173424,-1,0.009345224127173424,-0.02485441272438038,,,,1,93.45224127173424,0.005811043083667755,-0.012074689380824566,-0.0013777855783700943,-1.876112941336521
2014-09-22,fold_3,Taper tantrum and 2014 H1,-0.0006568925455212593,-1,-0.002729465253651142,-1,0.002729465253651142,-0.02212494747072924,,,,1,27.29465253651142,0.009130828082561493,-0.0040466017089784145,-0.0006568925455212593,-0.5062925958727779
2014-09-23,fold_3,Taper tantrum and 2014 H1,0.0006076227873563766,1,0.010673623532056808,1,0.010673623532056808,-0.01145132393867243,,,,1,106.73623532056808,0.012862809002399445,0.00010115558688994497,0.0006076227873563766,1.9884172085794183
2014-09-24,fold_3,Taper tantrum and 2014 H1,0.0015518516302108765,1,-0.021258333697915077,-1,-0.021258333697915077,-0.03270965763658751,,,,0,-212.58333697915077,0.014270007610321045,-0.026695234701037407,0.0015518516302108765,-3.6213541307532724
2014-09-25,fold_3,Taper tantrum and 2014 H1,0.002268941141664982,1,0.010584711097180843,1,0.010584711097180843,-0.022124946539406665,,,,1,105.84711097180843,0.016645409166812897,-0.005436900071799755,0.002268941141664982,1.4013167095476196
2014-09-26,fold_3,Taper tantrum and 2014 H1,0.001613270491361618,1,-0.0013171363389119506,-1,-0.0013171363389119506,-0.023442082878318615,,,,0,-13.171363389119506,0.0162121020257473,-0.0061947559006512165,0.001613270491361618,-0.1664801500173341
2014-09-29,fold_3,Taper tantrum and 2014 H1,0.0023304466158151627,1,0.0014182919403538108,1,0.0014182919403538108,-0.022023790937964804,,,,1,14.182919403538108,0.01680595800280571,-0.007019097916781902,0.0023304466158151627,0.1801359166050565
2015-10-20,fold_4,China devaluation and oil crash,-0.002600039355456829,-1,-0.006119910627603531,-1,0.006119910627603531,0.006119910627603531,,,,1,61.19910627603531,0.0004174262285232544,0.04429900646209717,-0.002600039355456829,-0.549909513091617
2015-10-21,fold_4,China devaluation and oil crash,-0.0013961540535092354,-1,0.02016388066112995,1,-0.02016388066112995,-0.01404397003352642,,,,0,-201.63880661129951,0.005648195743560791,0.05869702249765396,-0.0013961540535092354,1.7985088349856173
2015-10-22,fold_4,China devaluation and oil crash,-0.003521207720041275,-1,0.02759856916964054,1,-0.02759856916964054,-0.04164253920316696,,,,0,-275.9856916964054,0.00035421550273895264,0.03695332258939743,-0.003521207720041275,2.2891135509366194
2015-10-23,fold_4,China devaluation and oil crash,-0.003805462270975113,-1,0.0006200486677698791,1,-0.0006200486677698791,-0.04226258787093684,,,,0,-6.200486677698791,-8.943676948547363e-05,0.004864683840423822,-0.003805462270975113,0.046239165445014885
2015-10-26,fold_4,China devaluation and oil crash,-0.0017550839111208916,-1,0.0020364215597510338,1,-0.0020364215597510338,-0.044299009430687875,,,,0,-20.364215597510338,0.003931671380996704,0.015475906431674957,-0.0017550839111208916,0.17327052468370258
2015-10-27,fold_4,China devaluation and oil crash,-0.0011471416801214218,-1,0.008278105407953262,1,-0.008278105407953262,-0.05257711483864114,,,,0,-82.78105407953262,0.005203600972890854,0.0169235672801733,-0.0011471416801214218,0.7073047718117413
2015-10-28,fold_4,China devaluation and oil crash,-0.0010043317452073097,-1,-0.001579819479957223,-1,0.001579819479957223,-0.050997295358683914,,,,1,15.79819479957223,0.012262992560863495,0.008732274174690247,-0.0010043317452073097,-0.1476400958413283
2015-10-29,fold_4,China devaluation and oil crash,0.0019600428640842438,1,-0.0044900719076395035,-1,-0.0044900719076395035,-0.05548736726632342,,,,0,-44.900719076395035,0.0195222869515419,0.0076130894012749195,0.0019600428640842438,-0.42125876748744795
2015-10-30,fold_4,China devaluation and oil crash,0.0027705570682883263,1,0.011231271550059319,1,0.011231271550059319,-0.0442560957162641,,,,1,112.31271550059319,0.02244168519973755,0.012800556607544422,0.0027705570682883263,1.125673331570117
2015-11-02,fold_4,China devaluation and oil crash,0.0006317216902971268,1,0.0034840821754187346,1,0.0034840821754187346,-0.040772013540845364,,,,1,34.840821754187346,0.015155818313360214,-0.009115763008594513,0.0006317216902971268,0.35607678947438853
2015-11-03,fold_4,China devaluation and oil crash,0.0003690160810947418,1,8.681241888552904e-05,1,8.681241888552904e-05,-0.040685201121959835,,,,1,0.8681241888552904,0.014306843280792236,-0.015156766399741173,0.0003690160810947418,0.008896579534874601
2015-11-04,fold_4,China devaluation and oil crash,0.0008641593158245087,1,-0.0026990047190338373,-1,-0.0026990047190338373,-0.04338420584099367,,,,0,-26.990047190338373,0.01407940685749054,-0.0164802223443985,0.0008641593158245087,-0.27923049992307447
2015-11-05,fold_4,China devaluation and oil crash,-0.0006169192492961884,-1,0.0006973955896683037,1,-0.0006973955896683037,-0.044081601430661976,,,,0,-6.973955896683037,0.010627303272485733,-0.02355119399726391,-0.0006169192492961884,0.07231429521597253
2015-11-06,fold_4,China devaluation and oil crash,-0.0025305617600679398,-1,-0.010685048997402191,-1,0.010685048997402191,-0.033396552433259785,,,,1,106.85048997402191,0.00610119104385376,-0.044079799205064774,-0.0025305617600679398,-1.113930360360376
2015-11-09,fold_4,China devaluation and oil crash,-0.0028588809072971344,-1,-0.002556920750066638,-1,0.002556920750066638,-0.030839631683193147,,,,1,25.56920750066638,0.009687352925539017,-0.01911265403032303,-0.0028588809072971344,-0.2590533167347578
2015-11-10,fold_4,China devaluation and oil crash,-0.003073052503168583,-1,-0.0012366441078484058,-1,0.0012366441078484058,-0.02960298757534474,,,,1,12.366441078484058,0.009965643286705017,-0.0159277506172657,-0.003073052503168583,-0.12644673556114616
2015-11-11,fold_4,China devaluation and oil crash,-0.0016813669353723526,-1,-0.009769977070391178,-1,0.009769977070391178,-0.019833010504953563,,,,1,97.69977070391178,0.012000009417533875,0.004321797750890255,-0.0016813669353723526,-0.9992510511783043
2015-11-12,fold_4,China devaluation and oil crash,-0.003229435533285141,-1,-0.019831210374832153,-1,0.019831210374832153,-1.800130121409893e-06,,,,1,198.31210374832153,0.00906122475862503,0.014795579016208649,-0.003229435533285141,-2.124953703021285
2015-11-13,fold_4,China devaluation and oil crash,0.0004414403811097145,1,0.014282097108662128,1,0.014282097108662128,0.014280296978540719,,,,1,142.82097108662128,0.02267792820930481,0.041375380009412766,0.0004414403811097145,1.3879178394405955
2015-11-16,fold_4,China devaluation and oil crash,-0.0010294541716575623,-1,0.0006279842928051949,1,-0.0006279842928051949,0.013652312685735524,,,,0,-6.2798429280519485,0.01673426479101181,0.024206893518567085,-0.0010294541716575623,0.058699210833415644
2015-11-17,fold_4,China devaluation and oil crash,-0.0015793312340974808,-1,0.019012903794646263,1,-0.019012903794646263,-0.005360591108910739,,,,0,-190.12903794646263,0.01293417438864708,0.022702451795339584,-0.0015793312340974808,1.7874648466146612
2015-11-18,fold_4,China devaluation and oil crash,-0.0024505741894245148,-1,0.0007038041949272156,1,-0.0007038041949272156,-0.006064395303837955,,,,0,-7.038041949272156,0.006535820662975311,0.004566005896776915,-0.0024505741894245148,0.06188420412372024
2015-11-19,fold_4,China devaluation and oil crash,-0.001306021586060524,-1,0.006748592015355825,1,-0.006748592015355825,-0.01281298731919378,,,,0,-67.48592015355825,0.004576187580823898,0.005262549035251141,-0.001306021586060524,0.6462822591666338
2015-11-20,fold_4,China devaluation and oil crash,-0.0008626813068985939,-1,-0.0028863900806754827,-1,0.0028863900806754827,-0.009926597238518298,,,,1,28.863900806754827,0.004877772182226181,-0.004026245791465044,-0.0008626813068985939,-0.33729056284664266
2015-11-23,fold_4,China devaluation and oil crash,-0.0005737124010920525,-1,-0.0008764576632529497,-1,0.0008764576632529497,-0.009050139575265348,,,,1,8.764576632529497,0.004823803901672363,0.008809004910290241,-0.0005737124010920525,-0.10214217951414425
2015-11-24,fold_4,China devaluation and oil crash,-0.0011109327897429466,-1,0.0008764576632529497,1,-0.0008764576632529497,-0.009926597238518298,,,,0,-8.764576632529497,0.004726916551589966,0.0035007991828024387,-0.0011109327897429466,0.10225956340385596
2015-11-25,fold_4,China devaluation and oil crash,-0.001035536639392376,-1,0.0014003473334014416,1,-0.0014003473334014416,-0.01132694457191974,,,,0,-14.003473334014416,0.0032571032643318176,-0.014471632428467274,-0.001035536639392376,0.16728680282196637
2015-11-27,fold_4,China devaluation and oil crash,-0.002382434904575348,-1,-0.002540202811360359,-1,0.002540202811360359,-0.00878674176055938,,,,1,25.402028113603592,0.00199924036860466,0.0072346641682088375,-0.002382434904575348,-0.3035129411512779
2015-11-30,fold_4,China devaluation and oil crash,-0.0027196062728762627,-1,0.009948860853910446,1,-0.009948860853910446,-0.018735602614469826,,,,0,-99.48860853910446,0.004036668688058853,0.005248351488262415,-0.0027196062728762627,1.194586063857271
2015-12-01,fold_4,China devaluation and oil crash,-0.004298838786780834,-1,-0.006184663623571396,-1,0.006184663623571396,-0.01255093899089843,,,,1,61.84663623571396,-0.0007037781178951263,-0.0046132574789226055,-0.004298838786780834,-0.7499876485171226
2015-12-02,fold_4,China devaluation and oil crash,-0.002715134061872959,-1,-0.01709597371518612,-1,0.01709597371518612,0.004545034724287689,,,,1,170.9597371518612,-0.0002646520733833313,-0.013724218122661114,-0.002715134061872959,-2.0535364294682603
2015-12-03,fold_4,China devaluation and oil crash,-0.0004858206957578659,-1,0.023106643930077553,1,-0.023106643930077553,-0.018561609205789864,,,,0,-231.06643930077553,0.009998880326747894,0.007879506796598434,-0.0004858206957578659,2.5223255326409033
2015-12-04,fold_4,China devaluation and oil crash,-0.00012471992522478104,-1,-0.004526515491306782,-1,0.004526515491306782,-0.014035093714483082,,,,1,45.26515491306782,0.007511161267757416,-0.038512103259563446,-0.00012471992522478104,-0.43109129945658503
2015-12-07,fold_4,China devaluation and oil crash,-0.0018260087817907333,-1,8.725155930733308e-05,1,-8.725155930733308e-05,-0.014122345273790415,,,,0,-0.8725155930733308,0.002402655780315399,-0.026432102546095848,-0.0018260087817907333,0.008272132186391416
2015-12-08,fold_4,China devaluation and oil crash,-0.0010549025610089302,-1,-0.015295623801648617,-1,0.015295623801648617,0.0011732785278582014,,,,1,152.95623801648617,0.008924566209316254,-0.020446723327040672,-0.0010549025610089302,-1.4888426203459677
2015-12-09,fold_4,China devaluation and oil crash,0.0002855602651834488,1,0.004507751204073429,1,0.004507751204073429,0.0056810297319316305,,,,1,45.07751204073429,0.018278025090694427,0.00960917305201292,0.0002855602651834488,0.4168919601981546
2015-12-10,fold_4,China devaluation and oil crash,0.001036185771226883,1,-0.02328496426343918,-1,-0.02328496426343918,-0.017603934531507548,,,,0,-232.84964263439178,0.019089139997959137,-0.009569364599883556,0.001036185771226883,-2.144870930139299
2015-12-11,fold_4,China devaluation and oil crash,0.004473704379051924,1,0.007553484290838242,1,0.007553484290838242,-0.010050450240669306,,,,1,75.53484290838242,0.02529998868703842,-0.005653249565511942,0.004473704379051924,0.6379484307264066
2015-12-14,fold_4,China devaluation and oil crash,0.004004044458270073,1,0.006072630640119314,1,0.006072630640119314,-0.003977819600549992,,,,1,60.72630640119314,0.019374653697013855,-0.00215992983430624,0.004004044458270073,0.5467045773028342
2015-12-15,fold_4,China devaluation and oil crash,0.0022809868678450584,1,0.014760272577404976,1,0.014760272577404976,0.010782452976854984,,,,1,147.60272577404976,0.015503354370594025,-0.00168037845287472,0.0022809868678450584,1.376247394325145
2015-12-16,fold_4,China devaluation and oil crash,0.0007784329354763031,1,-0.014670786447823048,-1,-0.014670786447823048,-0.003888333470968064,,,,0,-146.70786447823048,0.011339385062456131,-0.009042750112712383,0.0007784329354763031,-1.3074991347175047
2015-12-17,fold_4,China devaluation and oil crash,3.9167702198028564e-05,1,-0.01936884969472885,-1,-0.01936884969472885,-0.023257183165696915,,,,0,-193.6884969472885,0.009967587888240814,0.005450133234262466,3.9167702198028564e-05,-1.7786319863299034
2015-12-18,fold_4,China devaluation and oil crash,0.0021559568122029305,1,0.011046803556382656,1,0.011046803556382656,-0.01221037960931426,,,,1,110.46803556382656,0.02133360132575035,0.02428596094250679,0.0021559568122029305,0.9426938408301507
2015-12-21,fold_4,China devaluation and oil crash,0.0015360508114099503,1,0.006552181672304869,1,0.006552181672304869,-0.0056581979370093904,,,,1,65.52181672304869,0.017586316913366318,0.028845859691500664,0.0015360508114099503,0.5515120227529856
2015-12-22,fold_4,China devaluation and oil crash,0.0009500766173005104,1,0.007397900801151991,1,0.007397900801151991,0.0017397028641426004,,,,1,73.97900801151991,0.016806751489639282,0.013241508975625038,0.0009500766173005104,0.6189166429136861
2015-12-23,fold_4,China devaluation and oil crash,0.000813744030892849,1,-0.00017790279525797814,-1,-0.00017790279525797814,0.0015618000688846223,,,,0,-1.7790279525797814,0.017574042081832886,-0.006682647857815027,0.000813744030892849,-0.014744975855360434
2015-12-24,fold_4,China devaluation and oil crash,-0.0005800416693091393,-1,-0.0005330225685611367,-1,0.0005330225685611367,0.002094822637445759,,,,1,5.330225685611367,0.012492217123508453,-0.027828186750411987,-0.0005800416693091393,-0.04418367105827519
2015-12-28,fold_4,China devaluation and oil crash,-0.0017686476930975914,-1,0.01560670230537653,1,-0.01560670230537653,-0.01351187966793077,,,,0,-156.0670230537653,0.007461298257112503,-0.02903185784816742,-0.0017686476930975914,1.2940542927429068
2015-12-29,fold_4,China devaluation and oil crash,-0.0025870641693472862,-1,-0.00905216857790947,-1,0.00905216857790947,-0.004459711090021301,,,,1,90.5216857790947,0.0019383504986763,-0.05429093912243843,-0.0025870641693472862,-0.7217363218677224
2015-12-30,fold_4,China devaluation and oil crash,-0.0003202483057975769,-1,-0.012526256032288074,-1,0.012526256032288074,0.008066544942266773,,,,1,125.26256032288074,0.008688930422067642,-0.07705271244049072,-0.0003202483057975769,-1.0014434086057409
2015-12-31,fold_4,China devaluation and oil crash,0.0020981449633836746,1,-0.021323442459106445,-1,-0.021323442459106445,-0.013256897516839672,,,,0,-213.23442459106445,0.019897639751434326,-0.07276111096143723,0.0020981449633836746,-1.6733253467462836
2016-01-04,fold_4,China devaluation and oil crash,0.0024448996409773827,1,-0.0017366929678246379,-1,-0.0017366929678246379,-0.01499359048466431,,,,0,-17.36692967824638,0.015162914991378784,-0.048365604132413864,0.0024448996409773827,-0.13299938311556678
2016-01-05,fold_4,China devaluation and oil crash,0.002328891307115555,1,-0.009652378037571907,-1,-0.009652378037571907,-0.024645968522236217,,,,0,-96.52378037571907,0.0166286900639534,-0.03509790077805519,0.002328891307115555,-0.804466051931289
2016-01-06,fold_4,China devaluation and oil crash,0.0035818051546812057,1,-0.03181394189596176,-1,-0.03181394189596176,-0.05645991041819798,,,,0,-318.1394189596176,0.018887683749198914,-0.06054344400763512,0.0035818051546812057,-2.618651198542985
2016-01-07,fold_4,China devaluation and oil crash,0.0051335482858121395,1,-0.008234658278524876,-1,-0.008234658278524876,-0.06469456869672285,,,,0,-82.34658278524876,0.024822570383548737,-0.007657906971871853,0.0051335482858121395,-0.5849109099819225
2016-01-08,fold_4,China devaluation and oil crash,0.0056822532787919044,1,0.0030720664653927088,1,0.0030720664653927088,-0.061622502231330145,,,,1,30.720664653927088,0.027542710304260254,-0.030952053144574165,0.0056822532787919044,0.22293194032832703
2016-01-11,fold_4,China devaluation and oil crash,0.0049315765500068665,1,0.011531009338796139,1,0.011531009338796139,-0.050091492892534006,,,,1,115.31009338796139,0.024114809930324554,-0.031844522804021835,0.0049315765500068665,0.8379769965657005
2016-01-12,fold_4,China devaluation and oil crash,0.00325156282633543,1,-0.03509791940450668,-1,-0.03509791940450668,-0.08518941229704069,,,,0,-350.97919404506683,0.023471765220165253,-0.04644802585244179,0.00325156282633543,-2.7007112948895324
2016-01-13,fold_4,China devaluation and oil crash,0.004582078196108341,1,0.021071596071124077,1,0.021071596071124077,-0.06411781622591661,,,,1,210.71596071124077,0.02999630942940712,-0.010357847437262535,0.004582078196108341,1.396629864588817
2016-01-14,fold_4,China devaluation and oil crash,0.0017180657014250755,1,-0.03152880445122719,-1,-0.03152880445122719,-0.0956466206771438,,,,0,-315.2880445122719,0.0249386727809906,-0.0028869316447526217,0.0017180657014250755,-2.0021287642035857
2016-01-15,fold_4,China devaluation and oil crash,0.004112520255148411,1,0.002179595874622464,1,0.002179595874622464,-0.09346702480252134,,,,1,21.795958746224642,0.03054102137684822,0.013690323568880558,0.004112520255148411,0.12870273806938973
2016-01-19,fold_4,China devaluation and oil crash,0.005559636279940605,1,-0.0030724939424544573,-1,-0.0030724939424544573,-0.0965395187449758,,,,0,-30.724939424544573,0.03295539319515228,0.020469823852181435,0.005559636279940605,-0.1848506249669811
2016-01-20,fold_4,China devaluation and oil crash,0.005354562774300575,1,0.0009922586614266038,1,0.0009922586614266038,-0.09554726008354919,,,,1,9.922586614266038,0.029154658317565918,-0.0016886454541236162,0.005354562774300575,0.061776704168400025
2016-01-21,fold_4,China devaluation and oil crash,0.0025894921272993088,1,0.02854251302778721,1,0.02854251302778721,-0.06700474705576198,,,,1,285.4251302778721,0.01937638595700264,0.011338510550558567,0.0025894921272993088,1.7982371089670433
2016-01-22,fold_4,China devaluation and oil crash,-0.0015339134261012077,-1,-0.014951549470424652,-1,0.014951549470424652,-0.05205319758533733,,,,1,149.51549470424652,0.004452787339687347,0.0034633507020771503,-0.0015339134261012077,-0.8771940457603843
2016-01-25,fold_4,China devaluation and oil crash,-0.0021990323439240456,-1,0.008959095925092697,1,-0.008959095925092697,-0.06101229351043003,,,,0,-89.59095925092697,0.0018695108592510223,0.021100182086229324,-0.0021990323439240456,0.5181487944941808
2016-01-26,fold_4,China devaluation and oil crash,-0.00266244076192379,-1,-0.02523096278309822,-1,0.02523096278309822,-0.035781330727331806,,,,1,252.3096278309822,0.0030046887695789337,-0.00974215380847454,-0.00266244076192379,-1.4495383138895608
2016-01-27,fold_4,China devaluation and oil crash,-0.0015710657462477684,-1,0.014019414782524109,1,-0.014019414782524109,-0.049800745509855915,,,,0,-140.1941478252411,0.008303813636302948,0.01068068016320467,-0.0015710657462477684,0.7662004856589724
2016-01-28,fold_4,China devaluation and oil crash,-0.0008647534996271133,-1,0.02066735178232193,1,-0.02066735178232193,-0.07046809729217784,,,,0,-206.6735178232193,0.012359552085399628,-0.003437303937971592,-0.0008647534996271133,1.1335163489035494
2016-01-29,fold_4,China devaluation and oil crash,-0.0007418207824230194,-1,0.0026852828450500965,1,-0.0026852828450500965,-0.07315338013722794,,,,0,-26.852828450500965,0.010780617594718933,-0.059448905289173126,-0.0007418207824230194,0.14359585346548528
2016-02-01,fold_4,China devaluation and oil crash,0.000918954610824585,1,-0.021883239969611168,-1,-0.021883239969611168,-0.09503662010683911,,,,0,-218.83239969611168,0.02142922580242157,-0.07753972709178925,0.000918954610824585,-1.182937129687806
2016-02-02,fold_4,China devaluation and oil crash,0.004332154057919979,1,-0.004808129742741585,-1,-0.004808129742741585,-0.0998447498495807,,,,0,-48.08129742741585,0.0323292575776577,-0.05876627564430237,0.004332154057919979,-0.25945388234654193
2016-02-03,fold_4,China devaluation and oil crash,0.004271883983165026,1,-9.856902761384845e-05,-1,-9.856902761384845e-05,-0.09994331887719454,,,,0,-0.9856902761384845,0.032665789127349854,-0.05012403801083565,0.004271883983165026,-0.005311166214399696
2016-02-04,fold_4,China devaluation and oil crash,0.005103845149278641,1,-0.03534424677491188,-1,-0.03534424677491188,-0.13528756565210642,,,,0,-353.4424677491188,0.03570973128080368,-0.05147428438067436,0.005103845149278641,-1.9174533501424986
2016-02-05,fold_4,China devaluation and oil crash,0.007846996188163757,1,-0.015405537560582161,-1,-0.015405537560582161,-0.15069310321268858,,,,0,-154.0553756058216,0.04031432792544365,-0.0010195453651249409,0.007846996188163757,-0.8215536769418437
2016-02-08,fold_4,China devaluation and oil crash,0.007748657837510109,1,-0.0031097931787371635,-1,-0.0031097931787371635,-0.15380289639142575,,,,0,-31.097931787371635,0.031034916639328003,0.03668167442083359,0.007748657837510109,-0.16387711720760295
2016-02-09,fold_4,China devaluation and oil crash,0.007276746444404125,1,0.0038341099862009287,1,0.0038341099862009287,-0.14996878640522482,,,,1,38.34109986200929,0.03237173706293106,0.06218694522976875,0.007276746444404125,0.2020432474718451
2016-02-10,fold_4,China devaluation and oil crash,0.006294712889939547,1,-0.0014488183660432696,-1,-0.0014488183660432696,-0.1514176047712681,,,,0,-14.488183660432696,0.030158163979649544,0.04687260091304779,0.006294712889939547,-0.07698195258095755
2016-02-11,fold_4,China devaluation and oil crash,0.005591276101768017,1,0.015110493637621403,1,0.015110493637621403,-0.13630711113364669,,,,1,151.10493637621403,0.024281218647956848,0.05127744376659393,0.005591276101768017,0.8831972019828036
2016-02-12,fold_4,China devaluation and oil crash,0.002036408521234989,1,0.02229568362236023,1,0.02229568362236023,-0.11401142751128646,,,,1,222.9568362236023,0.015317566692829132,0.052272047847509384,0.002036408521234989,1.3278565186649587
2016-02-16,fold_4,China devaluation and oil crash,-0.001104963943362236,-1,0.022395476698875427,1,-0.022395476698875427,-0.13640690421016188,,,,0,-223.95476698875427,0.0014194324612617493,0.013379471376538277,-0.001104963943362236,1.3967733286032078
2016-02-17,fold_4,China devaluation and oil crash,-0.0008322037756443024,-1,-0.011480232700705528,-1,0.011480232700705528,-0.12492667150945636,,,,1,114.80232700705528,0.0009052753448486328,0.0004877016763202846,-0.0008322037756443024,-0.6837341414653121
2016-02-18,fold_4,China devaluation and oil crash,0.0007345685735344887,1,0.0029560215771198273,1,0.0029560215771198273,-0.12197064993233653,,,,1,29.560215771198273,0.009257562458515167,0.02176855504512787,0.0007345685735344887,0.17417363544250247
2016-02-19,fold_4,China devaluation and oil crash,0.002079359255731106,1,0.016105100512504578,1,0.016105100512504578,-0.10586554941983195,,,,1,161.05100512504578,0.014698576182126999,0.017556218430399895,0.002079359255731106,0.9483009542696542
2016-02-22,fold_4,China devaluation and oil crash,-0.0022954577580094337,-1,-0.016596894711256027,-1,0.016596894711256027,-0.08926865470857592,,,,1,165.96894711256027,-0.0018533691763877869,-0.007580889854580164,-0.0022954577580094337,-1.027989766492414
2016-02-23,fold_4,China devaluation and oil crash,0.0008092178031802177,1,0.00950370728969574,1,0.00950370728969574,-0.07976494741888018,,,,1,95.0370728969574,0.009317029267549515,0.040609244257211685,0.0008092178031802177,0.5857381864444753
2016-02-24,fold_4,China devaluation and oil crash,-0.0008099693804979324,-1,0.009800620377063751,1,-0.009800620377063751,-0.08956556779594393,,,,0,-98.00620377063751,0.0029204338788986206,0.031483400613069534,-0.0008099693804979324,0.603461779103473
2016-02-25,fold_4,China devaluation and oil crash,-0.0021551214158535004,-1,-0.001256314804777503,-1,0.001256314804777503,-0.08830925299116643,,,,1,12.56314804777503,-0.0005874447524547577,0.019791029393672943,-0.0021551214158535004,-0.08165264511119744
2016-02-26,fold_4,China devaluation and oil crash,-0.0018429718911647797,-1,-0.009032007306814194,-1,0.009032007306814194,-0.07927724568435224,,,,1,90.32007306814194,0.0027398914098739624,0.021426400169730186,-0.0018429718911647797,-0.599497246806656
2016-02-29,fold_4,China devaluation and oil crash,-0.0006970800459384918,-1,0.031593240797519684,1,-0.031593240797519684,-0.11087048648187192,,,,0,-315.93240797519684,0.009568411856889725,0.02428814396262169,-0.0006970800459384918,2.1816719207427404
2016-03-01,fold_4,China devaluation and oil crash,-0.0013456866145133972,-1,0.00037786204484291375,1,-0.00037786204484291375,-0.11124834852671484,,,,0,-3.7786204484291375,0.00243324413895607,-0.015623753890395164,-0.0013456866145133972,0.023467816817346564
2016-03-02,fold_4,China devaluation and oil crash,0.0020299647003412247,1,-0.0018917503766715527,-1,-0.0018917503766715527,-0.11314009890338639,,,,0,-18.917503766715527,0.014738708734512329,-0.009589391760528088,0.0020299647003412247,-0.12332163128581751
2016-03-03,fold_4,China devaluation and oil crash,0.0028839632868766785,1,0.000379056204110384,1,0.000379056204110384,-0.112761042699276,,,,1,3.79056204110384,0.017631568014621735,-0.009225158020853996,0.0028839632868766785,0.024761813468867088
2016-03-04,fold_4,China devaluation and oil crash,0.0020224787294864655,1,-0.006170264445245266,-1,-0.006170264445245266,-0.11893130714452127,,,,0,-61.70264445245266,0.014514904469251633,0.0077295913361012936,0.0020224787294864655,-0.40306623955910803
2016-03-07,fold_4,China devaluation and oil crash,0.0007940139621496201,1,-0.00831865705549717,-1,-0.00831865705549717,-0.12724996420001844,,,,0,-83.1865705549717,0.009395729750394821,0.01558910682797432,0.0007940139621496201,-0.6310215495998357
2016-03-08,fold_4,China devaluation and oil crash,0.0024437159299850464,1,0.0064122239127755165,1,0.0064122239127755165,-0.12083774028724292,,,,1,64.12223912775517,0.011473987251520157,0.023532414808869362,0.0024437159299850464,0.49861595348445165
2016-03-09,fold_4,China devaluation and oil crash,-0.00012220442295074463,-1,-0.0015275164041668177,-1,0.0015275164041668177,-0.1193102238830761,,,,1,15.275164041668177,0.004553448408842087,0.025990260764956474,-0.00012220442295074463,-0.11821938015982
2016-03-10,fold_4,China devaluation and oil crash,-0.0009643575176596642,-1,0.017333805561065674,1,-0.017333805561065674,-0.13664402944414178,,,,0,-173.33805561065674,0.004172485321760178,0.026959849521517754,-0.0009643575176596642,1.3440099143160127
2016-03-11,fold_4,China devaluation and oil crash,-0.0034563345834612846,-1,0.001689250930212438,1,-0.001689250930212438,-0.13833328037435422,,,,0,-16.89250930212438,-0.005745984613895416,0.011191518045961857,-0.0034563345834612846,0.12547344482987752
2016-03-14,fold_4,China devaluation and oil crash,-0.0031965887174010277,-1,-0.0003753479686565697,-1,0.0003753479686565697,-0.13795793240569765,,,,1,3.753479686565697,-0.006413817405700684,0.01340685784816742,-0.0031965887174010277,-0.028789643508014145
2016-03-15,fold_4,China devaluation and oil crash,-0.0035564322024583817,-1,0.008870068937540054,1,-0.008870068937540054,-0.1468280013432377,,,,0,-88.70068937540054,-0.0012604370713233948,0.016838986426591873,-0.0035564322024583817,0.7362859028048112
2016-03-16,fold_4,China devaluation and oil crash,-0.0034858006983995438,-1,-0.0005579286371357739,-1,0.0005579286371357739,-0.14627007270610193,,,,1,5.579286371357739,-0.0012865178287029266,-0.00029687152709811926,-0.0034858006983995438,-0.050106030756215725
2016-03-17,fold_4,China devaluation and oil crash,-0.002613043412566185,-1,0.0015654738526791334,1,-0.0015654738526791334,-0.14783554655878106,,,,0,-15.654738526791334,0.0016461312770843506,0.000540980021469295,-0.002613043412566185,0.14447327970051663
2016-03-18,fold_4,China devaluation and oil crash,-0.0034017134457826614,-1,0.0039045915473252535,1,-0.0039045915473252535,-0.15174013810610631,,,,0,-39.045915473252535,-0.0019574351608753204,-0.0024239751510322094,-0.0034017134457826614,0.36082740226055715
2016-03-21,fold_4,China devaluation and oil crash,-0.004248912446200848,-1,0.003056779270991683,1,-0.003056779270991683,-0.154796917377098,,,,0,-30.56779270991683,-0.004060328006744385,0.009602147154510021,-0.004248912446200848,0.2984641932522144
2016-03-22,fold_4,China devaluation and oil crash,-0.003356562927365303,-1,-0.008265787735581398,-1,0.008265787735581398,-0.1465311296415166,,,,1,82.65787735581398,-0.0016649439930915833,0.011403592303395271,-0.003356562927365303,-0.8637103386924586
2016-03-23,fold_4,China devaluation and oil crash,-0.0009678294882178307,-1,0.0002799229114316404,1,-0.0002799229114316404,-0.14681105255294824,,,,0,-2.799229114316404,0.005331739783287048,0.01820463314652443,-0.0009678294882178307,0.029426987994186592
2016-03-24,fold_4,China devaluation and oil crash,-0.0015272628515958786,-1,-0.001399481319822371,-1,0.001399481319822371,-0.14541157123312587,,,,1,13.99481319822371,0.00559375062584877,0.028491921722888947,-0.0015272628515958786,-0.1511843418165445
2016-03-28,fold_4,China devaluation and oil crash,-0.0008894521743059158,-1,0.015930714085698128,1,-0.015930714085698128,-0.161342285318824,,,,0,-159.30714085698128,0.006894141435623169,0.02607828378677368,-0.0008894521743059158,1.720785580467
2016-03-29,fold_4,China devaluation and oil crash,-0.0014399662613868713,-1,0.004858225118368864,1,-0.004858225118368864,-0.16620051043719286,,,,0,-48.58225118368864,0.005682229995727539,0.0004590361495502293,-0.0014399662613868713,0.5002431355891801
2016-03-30,fold_4,China devaluation and oil crash,-0.0011453134939074516,-1,-0.0014647470088675618,-1,0.0014647470088675618,-0.1647357634283253,,,,1,14.647470088675618,0.005024220794439316,0.011907192878425121,-0.0011453134939074516,-0.2169314072734547
2016-03-31,fold_4,China devaluation and oil crash,-0.0011646011844277382,-1,0.010567210614681244,1,-0.010567210614681244,-0.17530297404300654,,,,0,-105.67210614681244,0.00579032301902771,-0.0010990502778440714,-0.0011646011844277382,1.5633052445202813
2016-04-01,fold_4,China devaluation and oil crash,-0.002154582180082798,-1,-0.003813117742538452,-1,0.003813117742538452,-0.1714898563004681,,,,1,38.13117742538452,0.001932673156261444,-0.012399908155202866,-0.002154582180082798,-0.5334434279302764
2016-04-04,fold_4,China devaluation and oil crash,-0.0020497404038906097,-1,-0.009688534773886204,-1,0.009688534773886204,-0.1618013215265819,,,,1,96.88534773886204,0.002545788884162903,-0.012263499200344086,-0.0020497404038906097,-1.3459487874714837
2016-04-05,fold_4,China devaluation and oil crash,-0.0007354347035288811,-1,0.016306381672620773,1,-0.016306381672620773,-0.17810770319920266,,,,0,-163.06381672620773,0.010801348835229874,0.005769746843725443,-0.0007354347035288811,2.206686146330935
2016-04-06,fold_4,China devaluation and oil crash,-0.0014875559136271477,-1,-0.014470990747213364,-1,0.014470990747213364,-0.1636367124519893,,,,1,144.70990747213364,0.005820158869028091,0.0021664733067154884,-0.0014875559136271477,-1.8026860920018872
2016-04-07,fold_4,China devaluation and oil crash,-0.001231384463608265,-1,-0.0007336472626775503,-1,0.0007336472626775503,-0.16290306518931175,,,,1,7.336472626775503,0.009695831686258316,0.016727684065699577,-0.001231384463608265,-0.0859524674195636
2016-04-08,fold_4,China devaluation and oil crash,-0.002281429246068001,-1,-0.0036767087876796722,-1,0.0036767087876796722,-0.15922635640163207,,,,1,36.76708787679672,0.005972579121589661,0.014934007078409195,-0.002281429246068001,-0.4310205214851261
2016-04-11,fold_4,China devaluation and oil crash,-0.0027969861403107643,-1,0.008344711735844612,1,-0.008344711735844612,-0.1675710681374767,,,,0,-83.44711735844612,0.002744346857070923,0.023929070681333542,-0.0027969861403107643,1.0917883100498842
2016-04-12,fold_4,China devaluation and oil crash,-0.004960370250046253,-1,0.012703108601272106,1,-0.012703108601272106,-0.1802741767387488,,,,0,-127.03108601272106,-0.0015155337750911713,0.009451969526708126,-0.004960370250046253,1.6164684369758442
2016-04-13,fold_4,China devaluation and oil crash,-0.00579840037971735,-1,9.022023732541129e-05,1,-9.022023732541129e-05,-0.1803643969760742,,,,0,-0.9022023732541129,-0.0032502077519893646,-0.002437104005366564,-0.00579840037971735,0.010797402454357615
2016-04-14,fold_4,China devaluation and oil crash,-0.005835357122123241,-1,-0.0025273242499679327,-1,0.0025273242499679327,-0.17783707272610627,,,,1,25.273242499679327,-0.0019090957939624786,-0.002437179908156395,-0.005835357122123241,-0.3113639257109552
2016-04-15,fold_4,China devaluation and oil crash,-0.0027798283845186234,-1,0.005318354815244675,1,-0.005318354815244675,-0.18315542754135095,,,,0,-53.18354815244675,0.0043467991054058075,-0.01511763408780098,-0.0027798283845186234,0.6537108107086823
2016-04-18,fold_4,China devaluation and oil crash,-0.00425445381551981,-1,-0.006132390350103378,-1,0.006132390350103378,-0.17702303719124757,,,,1,61.32390350103378,0.0015527978539466858,-0.020435988903045654,-0.00425445381551981,-0.746519575063396
2016-04-19,fold_4,China devaluation and oil crash,-0.002823234535753727,-1,0.0008140353602357209,1,-0.0008140353602357209,-0.1778370725514833,,,,0,-8.140353602357209,0.010712116956710815,-0.019178731366991997,-0.002823234535753727,0.09828481736239875
2016-04-20,fold_4,China devaluation and oil crash,-0.0022210469469428062,-1,9.014434181153774e-05,1,-9.014434181153774e-05,-0.17792721689329483,,,,0,-0.9014434181153774,0.008761763572692871,-0.028047095984220505,-0.0022210469469428062,0.01091842629886139
2016-04-21,fold_4,China devaluation and oil crash,-0.002259909175336361,-1,-0.015207778662443161,-1,0.015207778662443161,-0.16271943823085167,,,,1,152.0777866244316,0.007816262543201447,-0.04029499739408493,-0.002259909175336361,-1.889952292367294
2016-04-22,fold_4,China devaluation and oil crash,-0.003079456277191639,-1,0.0,0,-0.0,-0.16271943823085167,,,,0,-0.0,0.010636497288942337,-0.0303702000528574,-0.003079456277191639,0.0
2016-04-25,fold_4,China devaluation and oil crash,-0.0027518412098288536,-1,-0.0048751323483884335,-1,0.0048751323483884335,-0.15784430588246323,,,,1,48.751323483884335,0.008182212710380554,-0.020955650135874748,-0.0027518412098288536,-0.5584431452323555
2016-04-26,fold_4,China devaluation and oil crash,-0.003221273422241211,-1,-0.008054329082369804,-1,0.008054329082369804,-0.14978997680009343,,,,1,80.54329082369804,0.005929924547672272,-0.025400573387742043,-0.003221273422241211,-1.0012567341013854
2016-04-27,fold_4,China devaluation and oil crash,-0.004757453687489033,-1,-0.012157757766544819,-1,0.012157757766544819,-0.1376322190335486,,,,1,121.57757766544819,0.002383105456829071,-0.023798203095793724,-0.004757453687489033,-1.4878294773292926
2016-04-28,fold_4,China devaluation and oil crash,-0.0015129456296563148,-1,-0.005282980855554342,-1,0.005282980855554342,-0.13234923817799427,,,,1,52.82980855554342,0.007926199585199356,-0.011926179751753807,-0.0015129456296563148,-0.6139008000621646
2018-09-19,fold_5,2018 Vol-mageddon + Q4 sell-off,-0.0005633095279335976,-1,0.010995673015713692,1,-0.010995673015713692,-0.010995673015713692,,,,0,-109.95673015713692,0.010797001421451569,0.010354790836572647,-0.0005633095279335976,1.4784977216211306
2018-09-20,fold_5,2018 Vol-mageddon + Q4 sell-off,-0.0007443847134709358,-1,-0.00548259261995554,-1,0.00548259261995554,-0.005513080395758152,,,,1,54.8259261995554,0.010370645672082901,0.007789247203618288,-0.0007443847134709358,-0.7042587737554218
2018-09-21,fold_5,2018 Vol-mageddon + Q4 sell-off,0.00012156087905168533,1,0.002777309622615576,1,0.002777309622615576,-0.0027357707731425762,,,,1,27.773096226155758,0.009879689663648605,0.013056525960564613,0.00012156087905168533,0.35270575058628745
2018-09-24,fold_5,2018 Vol-mageddon + Q4 sell-off,-0.0015400592237710953,-1,0.0013584248954430223,1,-0.0013584248954430223,-0.0040941956685855985,,,,0,-13.584248954430223,0.005121205002069473,0.01232261210680008,-0.0015400592237710953,0.17819671546611277
2018-09-25,fold_5,2018 Vol-mageddon + Q4 sell-off,-0.0004792679101228714,-1,0.0007059755735099316,1,-0.0007059755735099316,-0.00480017124209553,,,,0,-7.059755735099316,0.006302818655967712,0.008705517277121544,-0.0004792679101228714,0.09691556136553459
2018-09-26,fold_5,2018 Vol-mageddon + Q4 sell-off,-0.00012108311057090759,-1,0.00843012984842062,1,-0.00843012984842062,-0.01323030109051615,,,,0,-84.3012984842062,0.0033956095576286316,0.009075534529983997,-0.00012108311057090759,1.1581767856288074
2018-09-27,fold_5,2018 Vol-mageddon + Q4 sell-off,-0.001562977209687233,-1,-0.0002153137611458078,-1,0.0002153137611458078,-0.013014987329370342,,,,1,2.153137611458078,-0.0010762624442577362,-0.018739888444542885,-0.001562977209687233,-0.030463890037563997
2018-09-28,fold_5,2018 Vol-mageddon + Q4 sell-off,-0.001795557327568531,-1,0.002043396234512329,1,-0.002043396234512329,-0.015058383563882671,,,,0,-20.43396234512329,0.0019354969263076782,-0.030826954171061516,-0.001795557327568531,0.28955915449981495
2018-10-01,fold_5,2018 Vol-mageddon + Q4 sell-off,-0.0023301485925912857,-1,-0.0022586702834814787,-1,0.0022586702834814787,-0.012799713280401193,,,,1,22.586702834814787,0.0016134269535541534,-0.03899511694908142,-0.0023301485925912857,-0.3196605862331189
2018-10-02,fold_5,2018 Vol-mageddon + Q4 sell-off,-0.0015826495364308357,-1,0.0010759925935417414,1,-0.0010759925935417414,-0.013875705873942934,,,,0,-10.759925935417414,0.00399886816740036,-0.0335022509098053,-0.0015826495364308357,0.1533092755250861
2018-10-03,fold_5,2018 Vol-mageddon + Q4 sell-off,-0.0012976936995983124,-1,-0.019385293126106262,-1,0.019385293126106262,0.005509587252163328,,,,1,193.85293126106262,0.007408954203128815,-0.07955434173345566,-0.0012976936995983124,-3.032313178191907
2018-10-04,fold_5,2018 Vol-mageddon + Q4 sell-off,-0.0008677393198013306,-1,-0.012302380055189133,-1,0.012302380055189133,0.01781196730735246,,,,1,123.02380055189133,0.011514294892549515,-0.07264971733093262,-0.0008677393198013306,-1.649475386727381
2018-10-05,fold_5,2018 Vol-mageddon + Q4 sell-off,0.001561034470796585,1,-0.006124766077846289,-1,-0.006124766077846289,0.011687201229506172,,,,0,-61.24766077846289,0.015723001211881638,-0.032896917313337326,0.001561034470796585,-0.7750360940234491
2018-10-08,fold_5,2018 Vol-mageddon + Q4 sell-off,0.003538147546350956,1,0.003234193893149495,1,0.003234193893149495,0.014921395122655667,,,,1,32.34193893149495,0.01850927248597145,-0.03895066678524017,0.003538147546350956,0.4050319915801271
2018-10-09,fold_5,2018 Vol-mageddon + Q4 sell-off,0.0038346336223185062,1,-0.04497610032558441,-1,-0.04497610032558441,-0.030054705202928744,,,,0,-449.7610032558441,0.01627121865749359,-0.013507483527064323,0.0038346336223185062,-5.74268986795803
2018-10-10,fold_5,2018 Vol-mageddon + Q4 sell-off,0.00778437964618206,1,-0.012480662204325199,-1,-0.012480662204325199,-0.04253536740725394,,,,0,-124.80662204325199,0.025253964588046074,0.03186367079615593,0.00778437964618206,-0.9804380361378571
2018-10-11,fold_5,2018 Vol-mageddon + Q4 sell-off,0.009125619195401669,1,0.02745041809976101,1,0.02745041809976101,-0.015084949307492934,,,,1,274.5041809976101,0.02941928245127201,0.020888805389404297,0.009125619195401669,2.142276908545707
2018-10-12,fold_5,2018 Vol-mageddon + Q4 sell-off,0.004560584668070078,1,-0.012178515084087849,-1,-0.012178515084087849,-0.027263464391580783,,,,0,-121.78515084087849,0.01724879816174507,-0.007485735230147839,0.004560584668070078,-0.8580742505676323
2018-10-15,fold_5,2018 Vol-mageddon + Q4 sell-off,0.005226458422839642,1,0.028677375987172127,1,0.028677375987172127,0.001413911595591344,,,,1,286.77375987172127,0.021442614495754242,0.009823471307754517,0.005226458422839642,2.0363214130848357
2018-10-16,fold_5,2018 Vol-mageddon + Q4 sell-off,0.002126600593328476,1,0.0003950525133404881,1,0.0003950525133404881,0.001808964108931832,,,,1,3.9505251334048808,0.016950350254774094,-0.022540796548128128,0.002126600593328476,0.025712687103086888
2018-10-17,fold_5,2018 Vol-mageddon + Q4 sell-off,0.0010144980624318123,1,-0.023455524817109108,-1,-0.023455524817109108,-0.021646560708177276,,,,0,-234.55524817109108,0.014504484832286835,-0.0697828084230423,0.0010144980624318123,-1.526713668475972
2018-10-18,fold_5,2018 Vol-mageddon + Q4 sell-off,0.0026791971176862717,1,-0.00092412339290604,-1,-0.00092412339290604,-0.022570684101083316,,,,0,-9.2412339290604,0.021413475275039673,-0.012317018583416939,0.0026791971176862717,-0.05758955729145474
2018-10-19,fold_5,2018 Vol-mageddon + Q4 sell-off,0.006116223055869341,1,0.005130691919475794,1,0.005130691919475794,-0.017439992181607522,,,,1,51.30691919475794,0.027432456612586975,-0.037451568990945816,0.006116223055869341,0.3206451188195099
2018-10-22,fold_5,2018 Vol-mageddon + Q4 sell-off,0.005808892659842968,1,-0.003686893032863736,-1,-0.003686893032863736,-0.021126885214471258,,,,0,-36.86893032863736,0.02492237277328968,-0.06337808072566986,0.005808892659842968,-0.22999663911757656
2018-10-23,fold_5,2018 Vol-mageddon + Q4 sell-off,0.006834589410573244,1,-0.04684695973992348,-1,-0.04684695973992348,-0.06797384495439474,,,,0,-468.4695973992348,0.027838215231895447,-0.04334544390439987,0.006834589410573244,-2.9190838441089455
2018-10-24,fold_5,2018 Vol-mageddon + Q4 sell-off,0.008861029520630836,1,0.03401026502251625,1,0.03401026502251625,-0.033963579931878485,,,,1,340.1026502251625,0.03283759579062462,0.026734814047813416,0.008861029520630836,1.77468860016443
2018-10-25,fold_5,2018 Vol-mageddon + Q4 sell-off,0.0061684949323534966,1,-0.026058673858642578,-1,-0.026058673858642578,-0.06002225379052106,,,,0,-260.5867385864258,0.024180226027965546,0.00582903204485774,0.0061684949323534966,-1.2692032756157483
2018-10-26,fold_5,2018 Vol-mageddon + Q4 sell-off,0.00746047031134367,1,-0.02079581841826439,-1,-0.02079581841826439,-0.08081807220878545,,,,0,-207.9581841826439,0.028735725209116936,0.016188867390155792,0.00746047031134367,-0.9743944970941217
2018-10-29,fold_5,2018 Vol-mageddon + Q4 sell-off,0.009538300335407257,1,0.01634574495255947,1,0.01634574495255947,-0.06447232725622598,,,,1,163.4574495255947,0.03466831147670746,0.03450203314423561,0.009538300335407257,0.7484921883353494
2018-10-30,fold_5,2018 Vol-mageddon + Q4 sell-off,0.007278859615325928,1,0.02323329448699951,1,0.02323329448699951,-0.04123903276922647,,,,1,232.33294486999512,0.026700276881456375,0.025703391060233116,0.007278859615325928,1.0495600485665344
2018-10-31,fold_5,2018 Vol-mageddon + Q4 sell-off,-0.0005361894145607948,-1,0.013104485347867012,1,-0.013104485347867012,-0.05434351811709348,,,,0,-131.04485347867012,0.0039190612733364105,0.03335581719875336,-0.0005361894145607948,0.5763659324773915
2018-11-01,fold_5,2018 Vol-mageddon + Q4 sell-off,-0.001125013455748558,-1,-0.015698837116360664,-1,0.015698837116360664,-0.03864468100073282,,,,1,156.98837116360664,0.0016845278441905975,0.013852041214704514,-0.001125013455748558,-0.6973882163455799
2018-11-02,fold_5,2018 Vol-mageddon + Q4 sell-off,0.0009663337841629982,1,-0.002482652897015214,-1,-0.002482652897015214,-0.04112733389774803,,,,0,-24.82652897015214,0.010331522673368454,0.012555296532809734,0.0009663337841629982,-0.10977283931015479
2018-11-05,fold_5,2018 Vol-mageddon + Q4 sell-off,-0.0011515337973833084,-1,0.007547101005911827,1,-0.007547101005911827,-0.04867443490365986,,,,0,-75.47101005911827,0.003771744668483734,-0.01568807289004326,-0.0011515337973833084,0.33421468347266076
2018-11-06,fold_5,2018 Vol-mageddon + Q4 sell-off,-0.0005290694534778595,-1,0.0308857224881649,1,-0.0308857224881649,-0.07956015739182476,,,,0,-308.857224881649,0.00495007261633873,-0.022393720224499702,-0.0005290694534778595,1.3646313407784774
2018-11-07,fold_5,2018 Vol-mageddon + Q4 sell-off,-0.00223385076969862,-1,-0.006399292498826981,-1,0.006399292498826981,-0.07316086489299778,,,,1,63.992924988269806,-0.0019057057797908783,-0.0609380342066288,-0.00223385076969862,-0.2987561094118364
2018-11-08,fold_5,2018 Vol-mageddon + Q4 sell-off,-0.002664211206138134,-1,-0.01699558086693287,-1,0.01699558086693287,-0.05616528402606491,,,,1,169.9558086693287,-0.005476139485836029,-0.03719615936279297,-0.002664211206138134,-0.7984634592381895
2018-11-09,fold_5,2018 Vol-mageddon + Q4 sell-off,-0.002025652676820755,-1,-0.030726023018360138,-1,0.030726023018360138,-0.025439261007704772,,,,1,307.2602301836014,-0.0013394206762313843,-0.023716740310192108,-0.002025652676820755,-1.4820286766987243
2018-11-12,fold_5,2018 Vol-mageddon + Q4 sell-off,0.003839231561869383,1,0.000841454544570297,1,0.000841454544570297,-0.024597806463134475,,,,1,8.41454544570297,0.022706374526023865,-0.026007166132330894,0.003839231561869383,0.03882904903812807
2018-11-13,fold_5,2018 Vol-mageddon + Q4 sell-off,0.006024124566465616,1,-0.007658591028302908,-1,-0.007658591028302908,-0.03225639749143738,,,,0,-76.58591028302908,0.03761269897222519,-0.044905394315719604,0.006024124566465616,-0.3699598816985418
2018-11-14,fold_5,2018 Vol-mageddon + Q4 sell-off,0.007547254208475351,1,0.01734258234500885,1,0.01734258234500885,-0.014913815146428533,,,,1,173.4258234500885,0.03796444833278656,-0.029672911390662193,0.007547254208475351,0.8349153533134935
2018-11-15,fold_5,2018 Vol-mageddon + Q4 sell-off,0.004563578870147467,1,-0.0035161625128239393,-1,-0.0035161625128239393,-0.018429977659252472,,,,0,-35.16162512823939,0.029113441705703735,-0.05427509918808937,0.004563578870147467,-0.17177737056518852
2018-11-16,fold_5,2018 Vol-mageddon + Q4 sell-off,0.006101327948272228,1,-0.033016450703144073,-1,-0.033016450703144073,-0.051446428362396546,,,,0,-330.16450703144073,0.03349544107913971,-0.027908116579055786,0.006101327948272228,-1.611867493491997
2018-11-19,fold_5,2018 Vol-mageddon + Q4 sell-off,0.007830504328012466,1,-0.018056772649288177,-1,-0.018056772649288177,-0.06950320101168472,,,,0,-180.56772649288177,0.0430603101849556,0.008479170501232147,0.007830504328012466,-0.8304656952937203
2018-11-20,fold_5,2018 Vol-mageddon + Q4 sell-off,0.008638100698590279,1,0.007573891896754503,1,0.007573891896754503,-0.06192930911493022,,,,1,75.73891896754503,0.04306657612323761,0.058211855590343475,0.008638100698590279,0.342721089958986
2018-11-21,fold_5,2018 Vol-mageddon + Q4 sell-off,0.006926083005964756,1,-0.007259607780724764,-1,-0.007259607780724764,-0.06918891689565498,,,,0,-72.59607780724764,0.037834614515304565,0.047372590750455856,0.006926083005964756,-0.37166995530783903
2018-11-23,fold_5,2018 Vol-mageddon + Q4 sell-off,0.00826914794743061,1,0.022850820794701576,1,0.022850820794701576,-0.04633809610095341,,,,1,228.50820794701576,0.03925137221813202,0.06186139956116676,0.00826914794743061,1.2649789142725905
2018-11-26,fold_5,2018 Vol-mageddon + Q4 sell-off,0.00302067119628191,1,0.0033708387054502964,1,0.0033708387054502964,-0.04296725739550311,,,,1,33.708387054502964,0.024224895983934402,0.05633609741926193,0.00302067119628191,0.1888876302400691
2018-11-27,fold_5,2018 Vol-mageddon + Q4 sell-off,0.002034073695540428,1,0.03167591243982315,1,0.03167591243982315,-0.01129134495567996,,,,1,316.7591243982315,0.021360471844673157,0.013853813521564007,0.002034073695540428,1.8367398910174983
2018-11-28,fold_5,2018 Vol-mageddon + Q4 sell-off,0.0014919554814696312,1,-0.0032653752714395523,-1,-0.0032653752714395523,-0.014556720227119513,,,,0,-32.65375271439552,0.013437323272228241,-0.01078720297664404,0.0014919554814696312,-0.17861348239722183
2018-11-29,fold_5,2018 Vol-mageddon + Q4 sell-off,0.002677840180695057,1,0.007229202892631292,1,0.007229202892631292,-0.0073275173344882205,,,,1,72.29202892631292,0.015934165567159653,-0.04109470173716545,0.002677840180695057,0.4120773526837548
2018-11-30,fold_5,2018 Vol-mageddon + Q4 sell-off,0.00015041697770357132,1,0.017325518652796745,1,0.017325518652796745,0.009998001318308525,,,,1,173.25518652796745,0.009738840162754059,-0.037905894219875336,0.00015041697770357132,0.997310767714053
2018-12-03,fold_5,2018 Vol-mageddon + Q4 sell-off,-0.0008298223838210106,-1,-0.03911144658923149,-1,0.03911144658923149,0.049109447907540016,,,,1,391.1144658923149,0.004714973270893097,-0.05192564055323601,-0.0008298223838210106,-2.241424192443102
2018-12-04,fold_5,2018 Vol-mageddon + Q4 sell-off,0.0037337718531489372,1,0.007034897338598967,1,0.007034897338598967,0.05614434524613898,,,,1,70.34897338598967,0.022311635315418243,-0.004051308147609234,0.0037337718531489372,0.3605707093956329
2018-12-06,fold_5,2018 Vol-mageddon + Q4 sell-off,0.0011556511744856834,1,-0.03357287496328354,-1,-0.03357287496328354,0.022571470282855444,,,,0,-335.7287496328354,0.01300065591931343,-0.010783231817185879,0.0011556511744856834,-1.7216083160429345
2018-12-07,fold_5,2018 Vol-mageddon + Q4 sell-off,0.002935519441962242,1,0.01041800994426012,1,0.01041800994426012,0.032989480227115564,,,,1,104.1800994426012,0.013637527823448181,-0.0018603972857818007,0.002935519441962242,0.5282515780582366
2018-12-10,fold_5,2018 Vol-mageddon + Q4 sell-off,0.0006100637838244438,1,0.003305772552266717,1,0.003305772552266717,0.03629525277938228,,,,1,33.05772552266717,0.005392942577600479,-0.03519889712333679,0.0006100637838244438,0.16689777918986154
2018-12-11,fold_5,2018 Vol-mageddon + Q4 sell-off,0.00023017171770334244,1,0.008762886747717857,1,0.008762886747717857,0.04505813952710014,,,,1,87.62886747717857,0.007745865732431412,-0.032235823571681976,0.00023017171770334244,0.45045938463094426
2018-12-12,fold_5,2018 Vol-mageddon + Q4 sell-off,-0.002079000696539879,-1,0.0003029732615686953,1,-0.0003029732615686953,0.04475516626553144,,,,0,-3.029732615686953,0.004619084298610687,-0.06586034595966339,-0.002079000696539879,0.016551644777471525
2018-12-13,fold_5,2018 Vol-mageddon + Q4 sell-off,-0.002636645920574665,-1,-0.02465003915131092,-1,0.02465003915131092,0.06940520541684236,,,,1,246.5003915131092,0.005172897130250931,-0.08076487481594086,-0.002636645920574665,-1.3467111284400528
2018-12-14,fold_5,2018 Vol-mageddon + Q4 sell-off,-0.00040126871317625046,-1,-0.02292048931121826,-1,0.02292048931121826,0.09232569472806063,,,,1,229.20489311218262,0.019670069217681885,-0.08759868144989014,-0.00040126871317625046,-1.2038753790062104
2018-12-17,fold_5,2018 Vol-mageddon + Q4 sell-off,0.001875561662018299,1,0.006268845871090889,1,0.006268845871090889,0.09859454059915151,,,,1,62.68845871090889,0.02196776121854782,-0.08978883922100067,0.001875561662018299,0.3242801571004377
2018-12-18,fold_5,2018 Vol-mageddon + Q4 sell-off,0.0017796354368329048,1,-0.024861635640263557,-1,-0.024861635640263557,0.07373290495888796,,,,0,-248.61635640263557,0.02319341152906418,-0.035490769892930984,0.0017796354368329048,-1.283752666124262
2018-12-19,fold_5,2018 Vol-mageddon + Q4 sell-off,0.004931068513542414,1,-0.014601556584239006,-1,-0.014601556584239006,0.05913134837464895,,,,0,-146.01556584239006,0.029309071600437164,-0.006766404490917921,0.004931068513542414,-0.7788662930931695
2018-12-20,fold_5,2018 Vol-mageddon + Q4 sell-off,0.0062150671146810055,1,-0.03148384019732475,-1,-0.03148384019732475,0.027647508177324198,,,,0,-314.8384019732475,0.03129062056541443,0.007312349509447813,0.0062150671146810055,-1.6930339809025827
2018-12-21,fold_5,2018 Vol-mageddon + Q4 sell-off,0.0072501120157539845,1,-0.025110647082328796,-1,-0.025110647082328796,0.002536861094995402,,,,0,-251.10647082328796,0.035707149654626846,0.047193724662065506,0.0072501120157539845,-1.2674572673187545
2018-12-24,fold_5,2018 Vol-mageddon + Q4 sell-off,0.009436936117708683,1,0.06056690961122513,1,0.06056690961122513,0.06310377070622053,,,,1,605.6690961122513,0.03683867305517197,0.07631570100784302,0.009436936117708683,2.950446690963408
2018-12-26,fold_5,2018 Vol-mageddon + Q4 sell-off,0.0019380049780011177,1,0.0038627306930720806,1,0.0038627306930720806,0.06696650139929261,,,,1,38.627306930720806,0.014533575624227524,-0.017467688769102097,0.0019380049780011177,0.1605697928539248
2018-12-27,fold_5,2018 Vol-mageddon + Q4 sell-off,-0.000970897264778614,-1,-0.0005228033987805247,-1,0.0005228033987805247,0.06748930479807314,,,,1,5.228033987805247,0.0032646209001541138,0.020564427599310875,-0.000970897264778614,-0.021729065604608522
2018-12-28,fold_5,2018 Vol-mageddon + Q4 sell-off,-0.0010493341833353043,-1,0.008397532626986504,1,-0.008397532626986504,0.05909177217108663,,,,0,-83.97532626986504,0.002715017646551132,0.03292231634259224,-0.0010493341833353043,0.36520208009465255
2018-12-31,fold_5,2018 Vol-mageddon + Q4 sell-off,-0.003865382634103298,-1,0.00401133019477129,1,-0.00401133019477129,0.05508044197631534,,,,0,-40.1133019477129,-0.006062805652618408,0.03352988138794899,-0.003865382634103298,0.17395794166586181
2019-01-02,fold_5,2018 Vol-mageddon + Q4 sell-off,-0.004292086698114872,-1,-0.033216480165719986,-1,0.033216480165719986,0.08829692214203533,,,,1,332.16480165719986,-0.00198185071349144,0.03763500228524208,-0.004292086698114872,-1.4429433525971453
2019-01-03,fold_5,2018 Vol-mageddon + Q4 sell-off,0.0005758944898843765,1,0.04189484566450119,1,0.04189484566450119,0.13019176780653652,,,,1,418.9484566450119,0.01171843707561493,0.07370780408382416,0.0005758944898843765,1.7546651131761455
2019-01-04,fold_5,2018 Vol-mageddon + Q4 sell-off,-0.0019516181200742722,-1,0.011835084296762943,1,-0.011835084296762943,0.11835668350977357,,,,0,-118.35084296762943,0.0014500506222248077,0.028147896751761436,-0.0019516181200742722,0.4908543546392967
2019-01-07,fold_5,2018 Vol-mageddon + Q4 sell-off,-0.0018525505438446999,-1,0.009005100466310978,1,-0.009005100466310978,0.1093515830434626,,,,0,-90.05100466310978,0.0038402043282985687,0.0074369218200445175,-0.0018525505438446999,0.37203579793221414
2019-01-08,fold_5,2018 Vol-mageddon + Q4 sell-off,-0.0011036945506930351,-1,0.008116450160741806,1,-0.008116450160741806,0.10123513288272079,,,,0,-81.16450160741806,0.00366312637925148,0.01776972971856594,-0.0011036945506930351,0.3513725713332447
2019-01-09,fold_5,2018 Vol-mageddon + Q4 sell-off,0.00018152408301830292,1,0.0028563211672008038,1,0.0028563211672008038,0.1040914540499216,,,,1,28.563211672008038,0.005772404372692108,0.009468733333051205,0.00018152408301830292,0.12390206631015782
2019-01-10,fold_5,2018 Vol-mageddon + Q4 sell-off,0.0010020481422543526,1,-0.0036650579422712326,-1,-0.0036650579422712326,0.10042639610765036,,,,0,-36.650579422712326,0.007937699556350708,0.014465805143117905,0.0010020481422543526,-0.15900432044947757
2019-01-11,fold_5,2018 Vol-mageddon + Q4 sell-off,0.0007835822179913521,1,-0.00887589156627655,-1,-0.00887589156627655,0.09155050454137381,,,,0,-88.7589156627655,0.006529953330755234,0.027982445433735847,0.0007835822179913521,-0.3862234557550303
2019-01-14,fold_5,2018 Vol-mageddon + Q4 sell-off,0.000384598970413208,1,0.019337907433509827,1,0.019337907433509827,0.11088841197488364,,,,1,193.37907433509827,0.00348750501871109,0.016624685376882553,0.000384598970413208,0.8383482210297947
2019-01-15,fold_5,2018 Vol-mageddon + Q4 sell-off,-0.0004868358373641968,-1,-0.0001845464576035738,-1,0.0001845464576035738,0.11107295843248721,,,,1,1.845464576035738,-0.0038757920265197754,-0.0014171712100505829,-0.0004868358373641968,-0.00808987921917732
2019-01-16,fold_5,2018 Vol-mageddon + Q4 sell-off,0.00011865422129631042,1,0.007853393442928791,1,0.007853393442928791,0.118926351875416,,,,1,78.53393442928791,-8.325278759002686e-05,0.0052218688651919365,0.00011865422129631042,0.35329712750900966
2019-01-17,fold_5,2018 Vol-mageddon + Q4 sell-off,-0.0014051571488380432,-1,0.009851583279669285,1,-0.009851583279669285,0.10907476859574672,,,,0,-98.51583279669285,-0.0037475600838661194,0.009246372617781162,-0.0014051571488380432,0.4426878625243031
2019-01-18,fold_5,2018 Vol-mageddon + Q4 sell-off,-0.0021591559052467346,-1,-0.020233651623129845,-1,0.020233651623129845,0.12930842021887656,,,,1,202.33651623129845,-0.002407662570476532,-0.013034457340836525,-0.0021591559052467346,-0.9341151823620253
2019-01-22,fold_5,2018 Vol-mageddon + Q4 sell-off,0.0006709415465593338,1,0.0012960510794073343,1,0.0012960510794073343,0.1306044712982839,,,,1,12.960510794073343,0.006052203476428986,-0.002287453506141901,0.0006709415465593338,0.05921816890991798
2019-01-23,fold_5,2018 Vol-mageddon + Q4 sell-off,0.0018272139132022858,1,0.006454493384808302,1,0.006454493384808302,0.1370589646830922,,,,1,64.54493384808302,0.00970463827252388,0.0215363297611475,0.0018272139132022858,0.31143682154349095
2019-01-24,fold_5,2018 Vol-mageddon + Q4 sell-off,0.0011716941371560097,1,0.011877898126840591,1,0.011877898126840591,0.1489368628099328,,,,1,118.77898126840591,0.005131121724843979,0.02993958815932274,0.0011716941371560097,0.5938378744339285
2019-01-25,fold_5,2018 Vol-mageddon + Q4 sell-off,0.000109868124127388,1,-0.012429247610270977,-1,-0.012429247610270977,0.1365076151996618,,,,0,-124.29247610270977,0.00806378573179245,0.013830570504069328,0.000109868124127388,-0.8309956368039547
2019-01-28,fold_5,2018 Vol-mageddon + Q4 sell-off,0.0011019585654139519,1,-0.009486648254096508,-1,-0.009486648254096508,0.1270209669455653,,,,0,-94.86648254096508,0.010596122592687607,0.038604870438575745,0.0011019585654139519,-0.62459246102514
2019-01-29,fold_5,2018 Vol-mageddon + Q4 sell-off,0.0014989087358117104,1,0.025119835510849953,1,0.025119835510849953,0.15214080245641526,,,,1,251.19835510849953,0.01528622955083847,0.05690077319741249,0.0014989087358117104,1.6380173508875673
2019-01-30,fold_5,2018 Vol-mageddon + Q4 sell-off,-0.0010653762146830559,-1,0.01485775038599968,1,-0.01485775038599968,0.13728305207041558,,,,0,-148.5775038599968,0.0024331361055374146,0.028794310986995697,-0.0010653762146830559,0.9158159736361503
2019-01-31,fold_5,2018 Vol-mageddon + Q4 sell-off,-0.001497075892984867,-1,-0.004231119528412819,-1,0.004231119528412819,0.1415141715988284,,,,1,42.31119528412819,-0.002325762063264847,0.00041609382606111467,-0.001497075892984867,-0.25587502014519004
2019-02-01,fold_5,2018 Vol-mageddon + Q4 sell-off,-0.00310386810451746,-1,0.01234505232423544,1,-0.01234505232423544,0.12916911927459296,,,,0,-123.4505232423544,-0.006042420864105225,0.006606902461498976,-0.00310386810451746,0.8338895394396779
2019-02-04,fold_5,2018 Vol-mageddon + Q4 sell-off,-0.004620273597538471,-1,0.008809252642095089,1,-0.008809252642095089,0.12035986663249787,,,,0,-88.09252642095089,-0.012363776564598083,-0.006687937770038843,-0.004620273597538471,0.7471241039746336
2019-02-05,fold_5,2018 Vol-mageddon + Q4 sell-off,-0.0038349442183971405,-1,-0.0029866250697523355,-1,0.0029866250697523355,0.1233464917022502,,,,1,29.866250697523355,-0.008168473839759827,-0.0008191018714569509,-0.0038349442183971405,-0.25619367299360474
2019-02-06,fold_5,2018 Vol-mageddon + Q4 sell-off,-0.0022429730743169785,-1,-0.013520467095077038,-1,0.013520467095077038,0.13686695879732724,,,,1,135.20467095077038,-0.002864353358745575,0.002869384828954935,-0.0022429730743169785,-1.175501688232634
2019-02-07,fold_5,2018 Vol-mageddon + Q4 sell-off,0.00022006314247846603,1,0.001959689659997821,1,0.001959689659997821,0.13882664845732506,,,,1,19.59689659997821,0.009830676019191742,0.017617112025618553,0.00022006314247846603,0.1667357073202623
2019-02-08,fold_5,2018 Vol-mageddon + Q4 sell-off,-0.0006392961367964745,-1,-0.0009497877908870578,-1,0.0009497877908870578,0.13977643624821212,,,,1,9.497877908870578,0.007686082273721695,0.019853880628943443,-0.0006392961367964745,-0.08087375287144566
2019-02-11,fold_5,2018 Vol-mageddon + Q4 sell-off,-0.0013985522091388702,-1,0.014678088948130608,1,-0.014678088948130608,0.1250983473000815,,,,0,-146.78088948130608,0.0045280978083610535,0.022779028862714767,-0.0013985522091388702,1.2526771766344347
2019-02-12,fold_5,2018 Vol-mageddon + Q4 sell-off,-0.0030667567625641823,-1,0.0007018616888672113,1,-0.0007018616888672113,0.1243964856112143,,,,0,-7.018616888672113,0.0008909329771995544,0.00792672112584114,-0.0030667567625641823,0.05846206533534345
2019-02-13,fold_5,2018 Vol-mageddon + Q4 sell-off,-0.0018931888043880463,-1,0.001227260334417224,1,-0.001227260334417224,0.12316922527679708,,,,0,-12.27260334417224,0.0017896667122840881,0.0035608201287686825,-0.0018931888043880463,0.10956938104039882
2019-02-14,fold_5,2018 Vol-mageddon + Q4 sell-off,-0.003636465407907963,-1,0.004196458030492067,1,-0.004196458030492067,0.11897276724630501,,,,0,-41.96458030492067,-0.0019442066550254822,0.00970625039190054,-0.003636465407907963,0.3745484592003061
2019-02-15,fold_5,2018 Vol-mageddon + Q4 sell-off,-0.00417743157595396,-1,0.001975360093638301,1,-0.001975360093638301,0.11699740715266671,,,,0,-19.75360093638301,-0.0032288283109664917,0.009147333912551403,-0.00417743157595396,0.1778756870323239
2019-02-19,fold_5,2018 Vol-mageddon + Q4 sell-off,-0.003333662636578083,-1,-0.00017421865777578205,-1,0.00017421865777578205,0.11717162581044249,,,,1,1.7421865777578205,0.00014960020780563354,0.008208819665014744,-0.003333662636578083,-0.015992804153815002
2019-02-20,fold_5,2018 Vol-mageddon + Q4 sell-off,-0.00319792702794075,-1,-0.0036640395410358906,-1,0.0036640395410358906,0.12083566535147838,,,,1,36.640395410358906,0.0019477978348731995,0.007749252486974001,-0.00319792702794075,-0.3697444191702923
2019-02-21,fold_5,2018 Vol-mageddon + Q4 sell-off,-0.0025235600769519806,-1,0.007372690364718437,1,-0.007372690364718437,0.11346297498675995,,,,0,-73.72690364718437,0.003138512372970581,0.009106521494686604,-0.0025235600769519806,0.7417759552143991
2019-02-22,fold_5,2018 Vol-mageddon + Q4 sell-off,-0.004171521402895451,-1,0.0036375417839735746,1,-0.0036375417839735746,0.10982543320278637,,,,0,-36.375417839735746,-0.0002005957067012787,0.00863878894597292,-0.004171521402895451,0.36480757635248523
2019-02-25,fold_5,2018 Vol-mageddon + Q4 sell-off,-0.004006021656095982,-1,0.0010368457296863198,1,-0.0010368457296863198,0.10878858747310005,,,,0,-10.368457296863198,-0.0006768479943275452,0.005173328332602978,-0.004006021656095982,0.10749815623397956
2019-02-26,fold_5,2018 Vol-mageddon + Q4 sell-off,-0.002507813274860382,-1,-0.0006337863160297275,-1,0.0006337863160297275,0.10942237378912978,,,,1,6.337863160297275,0.003877408802509308,0.004881580825895071,-0.002507813274860382,-0.06859860697891929
2019-02-27,fold_5,2018 Vol-mageddon + Q4 sell-off,-0.0026849862188100815,-1,-0.002306770533323288,-1,0.002306770533323288,0.11172914432245307,,,,1,23.06770533323288,0.0019557178020477295,-0.00017281183681916445,-0.0026849862188100815,-0.2564972928000794
2019-02-28,fold_5,2018 Vol-mageddon + Q4 sell-off,-0.002654249779880047,-1,0.006904958747327328,1,-0.006904958747327328,0.10482418557512574,,,,0,-69.04958747327328,0.0028083547949790955,-0.010214511305093765,-0.002654249779880047,0.9804763321443797
2019-03-01,fold_5,2018 Vol-mageddon + Q4 sell-off,-0.004644584842026234,-1,0.00017208090866915882,1,-0.00017208090866915882,0.10465210466645658,,,,0,-1.7208090866915882,0.0007329285144805908,-0.018637001514434814,-0.004644584842026234,0.026893411076215196
2019-03-04,fold_5,2018 Vol-mageddon + Q4 sell-off,-0.004448019899427891,-1,0.0007450981065630913,1,-0.0007450981065630913,0.10390700655989349,,,,0,-7.450981065630913,-8.377432823181152e-05,0.0017753717256709933,-0.004448019899427891,0.11773856278902868
2019-03-05,fold_5,2018 Vol-mageddon + Q4 sell-off,-0.004233586601912975,-1,-0.005688178818672895,-1,0.005688178818672895,0.10959518537856638,,,,1,56.881788186728954,0.0004967376589775085,0.0065093920566141605,-0.004233586601912975,-0.9984404366472546
2019-03-06,fold_5,2018 Vol-mageddon + Q4 sell-off,-0.0030778665095567703,-1,-0.012348470278084278,-1,0.012348470278084278,0.12194365565665066,,,,1,123.48470278084278,0.004088163375854492,0.01968303509056568,-0.0030778665095567703,-2.2472515457824884
2019-03-07,fold_5,2018 Vol-mageddon + Q4 sell-off,-0.0033930130302906036,-1,-0.0015175314620137215,-1,0.0015175314620137215,0.12346118711866438,,,,1,15.175314620137215,0.0029145069420337677,0.030335213989019394,-0.0033930130302906036,-0.2482345434549959
2019-03-08,fold_5,2018 Vol-mageddon + Q4 sell-off,-0.0026827212423086166,-1,0.020584454759955406,1,-0.020584454759955406,0.10287673235870898,,,,0,-205.84454759955406,0.003069177269935608,0.041090596467256546,-0.0026827212423086166,3.8661865610744894
2019-03-11,fold_5,2018 Vol-mageddon + Q4 sell-off,-0.004659370519220829,-1,0.005479118321090937,1,-0.005479118321090937,0.09739761403761804,,,,0,-54.79118321090937,-0.005152508616447449,0.022885199636220932,-0.004659370519220829,0.7800188928272659
2019-03-12,fold_5,2018 Vol-mageddon + Q4 sell-off,-0.004451087675988674,-1,0.007485463283956051,1,-0.007485463283956051,0.08991215075366199,,,,0,-74.85463283956051,-0.004102565348148346,0.020762847736477852,-0.004451087675988674,1.0502638374398423
2019-03-13,fold_5,2018 Vol-mageddon + Q4 sell-off,-0.004418711178004742,-1,-0.0016962912632152438,-1,0.0016962912632152438,0.09160844201687723,,,,1,16.962912632152438,-0.002604234963655472,0.01723448745906353,-0.004418711178004742,-0.259205191477666
2019-03-14,fold_5,2018 Vol-mageddon + Q4 sell-off,-0.0041468506678938866,-1,0.009237850084900856,1,-0.009237850084900856,0.08237059193197638,,,,0,-92.37850084900856,-0.0035861320793628693,0.03444202244281769,-0.0041468506678938866,1.409647264496538
2019-03-15,fold_5,2018 Vol-mageddon + Q4 sell-off,-0.0020983433350920677,-1,0.0023790590930730104,1,-0.0023790590930730104,0.07999153283890337,,,,0,-23.790590930730104,0.002842787653207779,0.0029952730983495712,-0.0020983433350920677,0.34651527241994967
2019-03-18,fold_5,2018 Vol-mageddon + Q4 sell-off,-0.0031351782381534576,-1,0.003356766188517213,1,-0.003356766188517213,0.07663476665038615,,,,0,-33.56766188517213,-0.0005794242024421692,-0.0012897165725007653,-0.0031351782381534576,0.49204903498740066
2019-03-19,fold_5,2018 Vol-mageddon + Q4 sell-off,-0.002291484735906124,-1,0.003957103006541729,1,-0.003957103006541729,0.07267766364384443,,,,0,-39.57103006541729,0.003087051212787628,0.0,-0.002291484735906124,0.5777674207829703
2019-03-20,fold_5,2018 Vol-mageddon + Q4 sell-off,-0.0026828041300177574,-1,0.015511245466768742,1,-0.015511245466768742,0.057166418177075684,,,,0,-155.11245466768742,0.00109756737947464,-0.010400827042758465,-0.0026828041300177574,2.2461296638731625
2019-03-21,fold_5,2018 Vol-mageddon + Q4 sell-off,-0.0033580083400011063,-1,-0.02220890112221241,-1,0.02220890112221241,0.0793753192992881,,,,1,222.0890112221241,-0.0026916787028312683,-0.023610059171915054,-0.0033580083400011063,-2.890170330312154
2019-03-22,fold_5,2018 Vol-mageddon + Q4 sell-off,-0.0011038053780794144,-1,-0.001905930577777326,-1,0.001905930577777326,0.08128124987706542,,,,1,19.05930577777326,0.004436202347278595,0.006141345482319593,-0.0011038053780794144,-0.21178024690818373
2019-03-25,fold_5,2018 Vol-mageddon + Q4 sell-off,-0.0008875476196408272,-1,0.004646482411772013,1,-0.004646482411772013,0.07663476746529341,,,,0,-46.46482411772013,0.003778226673603058,0.021207502111792564,-0.0008875476196408272,0.5178372879620403
2019-03-26,fold_5,2018 Vol-mageddon + Q4 sell-off,-0.0016136588528752327,-1,-0.006443724036216736,-1,0.006443724036216736,0.08307849150151014,,,,1,64.43724036216736,0.0035788901150226593,0.02034425549209118,-0.0016136588528752327,-0.7136034369894386
2019-03-27,fold_5,2018 Vol-mageddon + Q4 sell-off,-0.0006228825077414513,-1,0.0023020142689347267,1,-0.0023020142689347267,0.08077647723257542,,,,0,-23.020142689347267,0.007175050675868988,0.03251755237579346,-0.0006228825077414513,0.25177956690205505
2019-03-28,fold_5,2018 Vol-mageddon + Q4 sell-off,-0.0005359016358852386,-1,0.007542503532022238,1,-0.007542503532022238,0.07323397370055318,,,,0,-75.42503532022238,0.005196928977966309,0.029834916815161705,-0.0005359016358852386,0.8249561163490199
2019-03-29,fold_5,2018 Vol-mageddon + Q4 sell-off,-0.0027450351044535637,-1,0.013160225003957748,1,-0.013160225003957748,0.06007374869659543,,,,0,-131.60225003957748,0.0025261305272579193,0.027450084686279297,-0.0027450351044535637,1.4354417979438217
2019-04-01,fold_5,2018 Vol-mageddon + Q4 sell-off,-0.004826772026717663,-1,0.0037832369562238455,1,-0.0037832369562238455,0.056290511740371585,,,,0,-37.832369562238455,-0.0027663223445415497,0.01683189906179905,-0.004826772026717663,0.3929132302604623
2019-04-02,fold_5,2018 Vol-mageddon + Q4 sell-off,-0.003046213649213314,-1,0.005729572847485542,1,-0.005729572847485542,0.05056093889288604,,,,0,-57.29572847485542,0.0007491782307624817,0.009531304240226746,-0.003046213649213314,0.5928572924656258
2019-04-03,fold_5,2018 Vol-mageddon + Q4 sell-off,-0.0011655809357762337,-1,-0.0003806223103310913,-1,0.0003806223103310913,0.050941561203217134,,,,1,3.806223103310913,0.006654113531112671,0.009153859689831734,-0.0011655809357762337,-0.03937922860941791
2019-04-04,fold_5,2018 Vol-mageddon + Q4 sell-off,-0.000247039832174778,-1,0.00515767140313983,1,-0.00515767140313983,0.045783889800077304,,,,0,-51.576714031398296,0.008428972214460373,0.007159198634326458,-0.000247039832174778,0.5567941972777216
2019-04-05,fold_5,2018 Vol-mageddon + Q4 sell-off,-1.218169927597046e-06,-1,0.0025420398451387882,1,-0.0025420398451387882,0.043241849954938516,,,,0,-25.420398451387882,0.008986666798591614,0.006315842270851135,-1.218169927597046e-06,0.2725024093881886
2019-04-08,fold_5,2018 Vol-mageddon + Q4 sell-off,0.0007592169567942619,1,-0.0035173578653484583,-1,-0.0035173578653484583,0.03972449208959006,,,,0,-35.17357865348458,0.009360004216432571,0.003935340326279402,0.0007592169567942619,-0.43243918616901417
2019-04-09,fold_5,2018 Vol-mageddon + Q4 sell-off,0.0020288806408643723,1,0.005352128762751818,1,0.005352128762751818,0.045076620852341875,,,,1,53.52128762751818,0.013309653848409653,0.010890415869653225,0.0020288806408643723,0.6624467096671369
2019-04-10,fold_5,2018 Vol-mageddon + Q4 sell-off,0.001177152618765831,1,-0.0023752839770168066,-1,-0.0023752839770168066,0.04270133687532507,,,,0,-23.752839770168066,0.01059020683169365,0.009017187170684338,0.001177152618765831,-0.29712804898278294
2019-04-11,fold_5,2018 Vol-mageddon + Q4 sell-off,-0.0003591347485780716,-1,0.004314315505325794,1,-0.004314315505325794,0.038387021369999275,,,,0,-43.14315505325794,0.006852790713310242,0.012674174271523952,-0.0003591347485780716,0.5391018631979752
2019-04-12,fold_5,2018 Vol-mageddon + Q4 sell-off,-0.001942588947713375,-1,0.0001615378278074786,1,-0.0001615378278074786,0.038225483542191796,,,,0,-1.615378278074786,0.005329251289367676,0.011184216476976871,-0.001942588947713375,0.020732427437063147
2019-04-15,fold_5,2018 Vol-mageddon + Q4 sell-off,-0.0020366348326206207,-1,0.0034377172123640776,1,-0.0034377172123640776,0.03478776632982772,,,,0,-34.377172123640776,0.004159409552812576,0.02366057224571705,-0.0020366348326206207,0.4422379245469731
2019-04-16,fold_5,2018 Vol-mageddon + Q4 sell-off,-0.003861352801322937,-1,0.0034789007622748613,1,-0.0034789007622748613,0.03130886556755286,,,,0,-34.78900762274861,0.0030321329832077026,0.0170652624219656,-0.003861352801322937,0.44743409613884627
2019-04-17,fold_5,2018 Vol-mageddon + Q4 sell-off,-0.0029636193066835403,-1,0.001281703356653452,1,-0.001281703356653452,0.030027162210899405,,,,0,-12.81703356653452,0.0051356106996536255,0.017636874690651894,-0.0029636193066835403,0.16508748451011285
2019-04-18,fold_5,2018 Vol-mageddon + Q4 sell-off,-0.003866547718644142,-1,0.002824357245117426,1,-0.002824357245117426,0.02720280496578198,,,,0,-28.24357245117426,0.0039624422788619995,0.01724712736904621,-0.003866547718644142,0.4062728922046816
2019-04-22,fold_5,2018 Vol-mageddon + Q4 sell-off,-0.0029928237199783325,-1,0.012637894600629807,1,-0.012637894600629807,0.014564910365152173,,,,0,-126.37894600629807,0.0036272332072257996,0.016361890360713005,-0.0029928237199783325,2.5761801972299163
2019-04-23,fold_5,2018 Vol-mageddon + Q4 sell-off,-0.004683340899646282,-1,-0.0031575928442180157,-1,0.0031575928442180157,0.01772250320937019,,,,1,31.575928442180157,0.0011098645627498627,-0.004054222255945206,-0.004683340899646282,-0.5593278337476337
2019-04-24,fold_5,2018 Vol-mageddon + Q4 sell-off,-0.0021491916850209236,-1,0.004050512798130512,1,-0.004050512798130512,0.013671990411239676,,,,0,-40.50512798130512,0.003987818956375122,-0.004119951277971268,-0.0021491916850209236,0.7241279199257808
2019-04-25,fold_5,2018 Vol-mageddon + Q4 sell-off,-0.003053942695260048,-1,0.0008919559768401086,1,-0.0008919559768401086,0.012780034434399568,,,,0,-8.919559768401086,0.0008402951061725616,-0.012520142830908298,-0.003053942695260048,0.16275839997497182
2019-04-26,fold_5,2018 Vol-mageddon + Q4 sell-off,-0.002514471299946308,-1,0.0019391197711229324,1,-0.0019391197711229324,0.010840914663276635,,,,0,-19.391197711229324,0.0031249262392520905,0.002410326385870576,-0.002514471299946308,0.3551721476100761
2019-04-29,fold_5,2018 Vol-mageddon + Q4 sell-off,-0.0032394658774137497,-1,-0.007778218016028404,-1,0.007778218016028404,0.01861913267930504,,,,1,77.78218016028404,8.116662502288818e-05,-0.005670021288096905,-0.0032394658774137497,-1.4927381154327648
2020-03-23,fold_6,COVID crash and V-recovery,0.004026155918836594,1,0.07458554953336716,1,0.07458554953336716,0.07458554953336716,,,,1,745.8554953336716,0.021435484290122986,0.11920323222875595,0.004026155918836594,1.3619532583716727
2020-03-24,fold_6,COVID crash and V-recovery,-0.005479228682816029,-1,-0.007432425860315561,-1,0.007432425860315561,0.08201797539368272,,,,1,74.32425860315561,-0.0018631480634212494,0.03604106232523918,-0.005479228682816029,-0.13059038406955709
2020-03-25,fold_6,COVID crash and V-recovery,-0.0025525419041514397,-1,0.05132082477211952,1,-0.05132082477211952,0.030697150621563196,,,,0,-513.2082477211952,-0.0017960183322429657,5.4859290685271844e-05,-0.0025525419041514397,0.9015247831095355
2020-03-26,fold_6,COVID crash and V-recovery,-0.005217301659286022,-1,-0.034998346120119095,-1,0.034998346120119095,0.06569549674168229,,,,1,349.98346120119095,-0.013025961816310883,-0.031174037605524063,-0.005217301659286022,-0.6148211832518793
2020-03-27,fold_6,COVID crash and V-recovery,0.001456170342862606,1,0.03572762385010719,1,0.03572762385010719,0.10142312059178948,,,,1,357.27623850107193,0.016227640211582184,-0.010470139794051647,0.001456170342862606,0.6217869710557287
2020-03-30,fold_6,COVID crash and V-recovery,-0.0011608768254518509,-1,-0.008576614782214165,-1,0.008576614782214165,0.10999973537400365,,,,1,85.76614782214165,-0.012280106544494629,0.02285684272646904,-0.0011608768254518509,-0.15070272679850347
2020-03-31,fold_6,COVID crash and V-recovery,-0.0015349071472883224,-1,-0.043418630957603455,-1,0.043418630957603455,0.1534183663316071,,,,1,434.18630957603455,0.006020482629537582,0.031026244163513184,-0.0015349071472883224,-0.7688141008966403
2020-04-01,fold_6,COVID crash and V-recovery,-0.0021796124055981636,-1,0.02009192667901516,1,-0.02009192667901516,0.13332643965259194,,,,0,-200.9192667901516,0.022892355918884277,0.09545475989580154,-0.0021796124055981636,0.355171613440864
2020-04-02,fold_6,COVID crash and V-recovery,-0.0024384725838899612,-1,-0.014294445514678955,-1,0.014294445514678955,0.1476208851672709,,,,1,142.94445514678955,0.020791877061128616,0.07680775225162506,-0.0024384725838899612,-0.25377689003712767
2020-04-03,fold_6,COVID crash and V-recovery,-0.0042075468227267265,-1,0.06905461102724075,1,-0.06905461102724075,0.07856627414003015,,,,0,-690.5461102724075,0.016215991228818893,0.10184760391712189,-0.0042075468227267265,1.2267871397796892
2020-04-06,fold_6,COVID crash and V-recovery,-0.00737923476845026,-1,-0.00040721436380408704,-1,0.00040721436380408704,0.07897348850383423,,,,1,4.07214363804087,-0.004763435572385788,0.07536505907773972,-0.00737923476845026,-0.007258143756962585
2020-04-07,fold_6,COVID crash and V-recovery,-0.005149745382368565,-1,0.021009888499975204,1,-0.021009888499975204,0.05796360000385903,,,,0,-210.09888499975204,0.0014783255755901337,0.0642361268401146,-0.005149745382368565,0.38312905774086525
2020-04-08,fold_6,COVID crash and V-recovery,-0.0023278379812836647,-1,0.0014449184527620673,1,-0.0014449184527620673,0.05651868155109696,,,,0,-14.449184527620673,-0.00712691992521286,0.06130203232169151,-0.0023278379812836647,0.026693376605347516
2020-04-09,fold_6,COVID crash and V-recovery,0.0023834165185689926,1,0.010745402425527573,1,0.010745402425527573,0.06726408397662453,,,,1,107.45402425527573,0.006059616804122925,0.0693778470158577,0.0023834165185689926,0.2163080765123416
2020-04-13,fold_6,COVID crash and V-recovery,0.001146436668932438,1,0.04257206618785858,1,0.04257206618785858,0.10983615016448312,,,,1,425.7206618785858,0.007825300097465515,0.046717315912246704,0.001146436668932438,0.9196391109077393
2020-04-14,fold_6,COVID crash and V-recovery,0.0008396385237574577,1,-0.011536145582795143,-1,-0.011536145582795143,0.09830000458168797,,,,0,-115.36145582795143,-0.0009517744183540344,-0.03345223888754845,0.0008396385237574577,-0.3061814340177442
2020-04-15,fold_6,COVID crash and V-recovery,-0.001634521409869194,-1,0.018075792118906975,1,-0.018075792118906975,0.080224212462781,,,,0,-180.75792118906975,-0.009751692414283752,0.007326609455049038,-0.001634521409869194,0.5309427510377467
2020-04-16,fold_6,COVID crash and V-recovery,-0.002748170867562294,-1,0.00952073186635971,1,-0.00952073186635971,0.07070348059642129,,,,0,-95.2073186635971,-0.01497919112443924,-0.012884554453194141,-0.002748170867562294,0.28351655070026416
2020-04-17,fold_6,COVID crash and V-recovery,-0.0036131301894783974,-1,-0.011915127746760845,-1,0.011915127746760845,0.08261860834318213,,,,1,119.15127746760845,-0.009928055107593536,-0.006757906638085842,-0.0036131301894783974,-0.35438838311293325
2020-04-20,fold_6,COVID crash and V-recovery,-1.1741183698177338e-05,-1,-0.03759749233722687,-1,0.03759749233722687,0.120216100680409,,,,1,375.9749233722687,-0.002508312463760376,0.013168531470000744,-1.1741183698177338e-05,-1.156075156829076
2020-04-21,fold_6,COVID crash and V-recovery,0.0007828762754797935,1,0.029242703691124916,1,0.029242703691124916,0.14945880437153392,,,,1,292.42703691124916,0.009333238005638123,0.031751591712236404,0.0007828762754797935,0.8705687119503405
2020-04-22,fold_6,COVID crash and V-recovery,0.00016527250409126282,1,-0.002135372254997492,-1,-0.002135372254997492,0.14732343211653642,,,,0,-21.35372254997492,-0.0023308396339416504,0.03735563904047012,0.00016527250409126282,-0.07146079430570496
2020-04-23,fold_6,COVID crash and V-recovery,-0.0008630799129605293,-1,0.01564737968146801,1,-0.01564737968146801,0.1316760524350684,,,,0,-156.4737968146801,-0.004994094371795654,0.03907999396324158,-0.0008630799129605293,0.524388295378778
2020-04-24,fold_6,COVID crash and V-recovery,-0.0062535712495446205,-1,0.00801131036132574,1,-0.00801131036132574,0.12366474207374267,,,,0,-80.11310361325741,-0.019843630492687225,-0.005157221108675003,-0.0062535712495446205,0.28853254756205166
2020-04-27,fold_6,COVID crash and V-recovery,-0.0064334990456700325,-1,-0.019014431163668633,-1,0.019014431163668633,0.1426791732374113,,,,1,190.14431163668633,-0.020115770399570465,-0.0015784892020747066,-0.0064334990456700325,-0.7121462546267044
2020-04-28,fold_6,COVID crash and V-recovery,-0.0033921552821993828,-1,0.034846752882003784,1,-0.034846752882003784,0.10783242035540752,,,,0,-348.46752882003784,-0.008476205170154572,0.02870927006006241,-0.0033921552821993828,1.349116258860208
2020-04-29,fold_6,COVID crash and V-recovery,-0.006531530059874058,-1,-0.00041101736132986844,-1,0.00041101736132986844,0.10824343771673739,,,,1,4.110173613298684,-0.02291511744260788,0.0,-0.006531530059874058,-0.015273329603258962
2020-04-30,fold_6,COVID crash and V-recovery,-0.0033469507470726967,-1,-0.02858983725309372,-1,0.02858983725309372,0.1368332749698311,,,,1,285.8983725309372,-0.018947623670101166,0.013205603696405888,-0.0033469507470726967,-1.139100475499464
2020-05-01,fold_6,COVID crash and V-recovery,-0.003280220553278923,-1,0.011590042151510715,1,-0.011590042151510715,0.1252432328183204,,,,0,-115.90042151510715,-0.015914060175418854,0.05540729686617851,-0.003280220553278923,0.454380527434365
2020-05-04,fold_6,COVID crash and V-recovery,-0.008869337849318981,-1,0.011273329146206379,1,-0.011273329146206379,0.11396990367211401,,,,0,-112.73329146206379,-0.035349562764167786,0.05271638184785843,-0.008869337849318981,0.4431575926811178
2020-05-05,fold_6,COVID crash and V-recovery,-0.012387732975184917,-1,0.006137482821941376,1,-0.006137482821941376,0.10783242085017264,,,,0,-61.37482821941376,-0.04387793689966202,0.020283684134483337,-0.012387732975184917,0.3012582525123526
2020-05-06,fold_6,COVID crash and V-recovery,-0.013572092168033123,-1,0.012794585898518562,1,-0.012794585898518562,0.09503783495165408,,,,0,-127.94585898518562,-0.04588378965854645,0.0015512654790654778,-0.013572092168033123,0.6266082108417178
2020-05-07,fold_6,COVID crash and V-recovery,-0.013229590840637684,-1,0.013611855916678905,1,-0.013611855916678905,0.08142597903497517,,,,0,-136.11855916678905,-0.0378703698515892,4.5156863052397966e-05,-0.013229590840637684,0.6780198336118983
2020-05-08,fold_6,COVID crash and V-recovery,-0.009572294540703297,-1,0.008899128064513206,1,-0.008899128064513206,0.07252685097046196,,,,0,-88.99128064513206,-0.01892273873090744,-0.007096275221556425,-0.009572294540703297,0.4383214928755762
2020-05-11,fold_6,COVID crash and V-recovery,-0.00681776087731123,-1,-0.021159369498491287,-1,0.021159369498491287,0.09368622046895325,,,,1,211.59369498491287,-0.014811165630817413,0.002465191762894392,-0.00681776087731123,-1.0444928112474263
2020-05-12,fold_6,COVID crash and V-recovery,-0.004179936833679676,-1,-0.012594935484230518,-1,0.012594935484230518,0.10628115595318377,,,,1,125.94935484230518,-0.006236758083105087,0.021115215495228767,-0.004179936833679676,-0.6809020398622824
2020-05-13,fold_6,COVID crash and V-recovery,-0.0032473308965563774,-1,0.011288478039205074,1,-0.011288478039205074,0.0949926779139787,,,,0,-112.88478039205074,-0.009602613747119904,0.053481537848711014,-0.0032473308965563774,0.6091367844048735
2020-05-14,fold_6,COVID crash and V-recovery,-0.007459082640707493,-1,0.006470423191785812,1,-0.006470423191785812,0.08852225472219288,,,,0,-64.70423191785812,-0.02537279576063156,0.031242623925209045,-0.007459082640707493,0.3543286206546096
2020-05-15,fold_6,COVID crash and V-recovery,-0.007512246258556843,-1,0.018460595980286598,1,-0.018460595980286598,0.07006165874190629,,,,0,-184.60595980286598,-0.02490226924419403,0.028218109160661697,-0.007512246258556843,1.0146429521600169
2020-05-18,fold_6,COVID crash and V-recovery,-0.010358982719480991,-1,-0.002509345533326268,-1,0.002509345533326268,0.07257100427523255,,,,1,25.093455333262682,-0.02690119296312332,0.0070541235618293285,-0.010358982719480991,-0.1358947902996018
2020-05-19,fold_6,COVID crash and V-recovery,-0.005651275627315044,-1,0.019771385937929153,1,-0.019771385937929153,0.0527996183373034,,,,0,-197.71385937929153,-0.01567155122756958,0.015006253495812416,-0.005651275627315044,1.2019011447599568
2020-05-20,fold_6,COVID crash and V-recovery,-0.005270673893392086,-1,-0.010950435884296894,-1,0.010950435884296894,0.0637500542216003,,,,1,109.50435884296894,-0.011369310319423676,-0.006068696733564138,-0.005270673893392086,-0.6962042515893885
2020-05-21,fold_6,COVID crash and V-recovery,-0.0039418647065758705,-1,0.003445908660069108,1,-0.003445908660069108,0.060304145561531186,,,,0,-34.45908660069108,-0.009211897850036621,0.01942809484899044,-0.0039418647065758705,0.21657318928388547
2020-05-22,fold_6,COVID crash and V-recovery,-0.0032167062163352966,-1,-0.0027033903170377016,-1,0.0027033903170377016,0.06300753587856889,,,,1,27.033903170377016,-0.010188616812229156,0.018977487459778786,-0.0032167062163352966,-0.17395546199459244
2020-05-26,fold_6,COVID crash and V-recovery,-0.005319378338754177,-1,0.005442784167826176,1,-0.005442784167826176,0.05756475171074271,,,,0,-54.42784167826176,-0.014187298715114594,0.028366241604089737,-0.005319378338754177,0.3523078665915714
2020-05-27,fold_6,COVID crash and V-recovery,-0.004723907448351383,-1,-0.00130356359295547,-1,0.00130356359295547,0.05886831530369818,,,,1,13.0356359295547,-0.01048857718706131,0.02741178125143051,-0.004723907448351383,-0.08747495646310993
2020-05-28,fold_6,COVID crash and V-recovery,-0.004093393683433533,-1,0.014546356163918972,1,-0.014546356163918972,0.04432195913977921,,,,0,-145.46356163918972,-0.011903233826160431,0.02167745679616928,-0.004093393683433533,1.144836825768415
2020-05-29,fold_6,COVID crash and V-recovery,-0.004716170020401478,-1,0.002995300805196166,1,-0.002995300805196166,0.041326658334583044,,,,0,-29.95300805196166,-0.017346002161502838,0.026764295995235443,-0.004716170020401478,0.22837949258839393
2020-06-01,fold_6,COVID crash and V-recovery,-0.003916014917194843,-1,0.006685362663120031,1,-0.006685362663120031,0.03464129567146301,,,,0,-66.85362663120031,-0.012264758348464966,0.03149901330471039,-0.003916014917194843,0.5827813231771511
2020-06-02,fold_6,COVID crash and V-recovery,-0.005308146588504314,-1,0.004488324746489525,1,-0.004488324746489525,0.030152970924973488,,,,0,-44.88324746489525,-0.017890311777591705,0.032032568007707596,-0.005308146588504314,0.3980972830499163
2020-06-03,fold_6,COVID crash and V-recovery,-0.005308887921273708,-1,-0.007037887815386057,-1,0.007037887815386057,0.037190858740359545,,,,1,70.37887815386057,-0.014224596321582794,0.03947428986430168,-0.005308887921273708,-0.6377926107384717
2020-06-04,fold_6,COVID crash and V-recovery,-0.003176220692694187,-1,0.01963319443166256,1,-0.01963319443166256,0.017557664308696985,,,,0,-196.3319443166256,-0.004776887595653534,-0.0043064602650702,-0.003176220692694187,1.7748960173917738
2020-06-05,fold_6,COVID crash and V-recovery,-0.00630114134401083,-1,0.00773001741617918,1,-0.00773001741617918,0.009827646892517805,,,,0,-77.3001741617918,-0.009594723582267761,-0.016023224219679832,-0.00630114134401083,0.6691537153486794
2020-06-08,fold_6,COVID crash and V-recovery,-0.005290119908750057,-1,0.007218916900455952,1,-0.007218916900455952,0.0026087299920618534,,,,0,-72.18916900455952,-0.00905735045671463,-0.011659504845738411,-0.005290119908750057,0.6401453804806366
2020-06-09,fold_6,COVID crash and V-recovery,-0.0037572411820292473,-1,0.01193004846572876,1,-0.01193004846572876,-0.009321318473666906,,,,0,-119.3004846572876,-0.00648876279592514,-0.0018512934911996126,-0.0037572411820292473,1.0635877806641232
2020-06-10,fold_6,COVID crash and V-recovery,-0.004762087948620319,-1,-0.050818637013435364,-1,0.050818637013435364,0.04149731853976846,,,,1,508.18637013435364,-0.01538453996181488,-0.01061584148555994,-0.004762087948620319,-4.833366497560921
2020-06-11,fold_6,COVID crash and V-recovery,-0.00030761677771806717,-1,0.007916430942714214,1,-0.007916430942714214,0.03358088759705424,,,,0,-79.16430942714214,-0.011232517659664154,0.04290812090039253,-0.00030761677771806717,0.5200283997094477
2020-06-12,fold_6,COVID crash and V-recovery,-0.006153124384582043,-1,0.012093736790120602,1,-0.012093736790120602,0.02148715080693364,,,,0,-120.93736790120602,-0.02641294151544571,0.0348283015191555,-0.006153124384582043,0.8000435567549711
2020-06-15,fold_6,COVID crash and V-recovery,-0.008475377224385738,-1,0.017027128487825394,1,-0.017027128487825394,0.004460022319108248,,,,0,-170.27128487825394,-0.028411000967025757,0.03465566039085388,-0.008475377224385738,1.1137561430626872
2020-06-16,fold_6,COVID crash and V-recovery,-0.008944685570895672,-1,0.0031655009370297194,1,-0.0031655009370297194,0.0012945213820785284,,,,0,-31.655009370297194,-0.02548682689666748,0.026103550568223,-0.008944685570895672,0.20819354101787516
2020-06-17,fold_6,COVID crash and V-recovery,-0.0056047597900033,-1,0.002705324674025178,1,-0.002705324674025178,-0.0014108032919466496,,,,0,-27.05324674025178,-0.018718011677265167,0.002107067499309778,-0.0056047597900033,0.1778563538394904
2020-06-18,fold_6,COVID crash and V-recovery,-0.00524712260812521,-1,-0.00016339019930455834,-1,0.00016339019930455834,-0.0012474130926420912,,,,1,1.6339019930455834,-0.012768164277076721,0.008876042440533638,-0.00524712260812521,-0.011216744710318296
2020-06-19,fold_6,COVID crash and V-recovery,-0.0016689915210008621,-1,0.01192109752446413,1,-0.01192109752446413,-0.013168510617106222,,,,0,-119.2109752446413,-0.006902448832988739,-0.01485886238515377,-0.0016689915210008621,0.8301943175953945
2020-06-22,fold_6,COVID crash and V-recovery,-0.002731695771217346,-1,0.008475018665194511,1,-0.008475018665194511,-0.021643529282300733,,,,0,-84.75018665194511,-0.011197231709957123,-0.01593226008117199,-0.002731695771217346,0.5811019860795387
2020-06-23,fold_6,COVID crash and V-recovery,-0.002016293816268444,-1,-0.02083098329603672,-1,0.02083098329603672,-0.0008125459862640128,,,,1,208.3098329603672,-0.011479787528514862,-0.004995599389076233,-0.002016293816268444,-1.4175974704980616
2020-06-24,fold_6,COVID crash and V-recovery,-0.0016341954469680786,-1,0.009474299848079681,1,-0.009474299848079681,-0.010286845834343694,,,,0,-94.74299848079681,-0.011335954070091248,0.02743980661034584,-0.0016341954469680786,0.6165341995312399
2020-06-25,fold_6,COVID crash and V-recovery,-0.004208155907690525,-1,-0.023898296058177948,-1,0.023898296058177948,0.013611450223834254,,,,1,238.98296058177948,-0.015131860971450806,0.02472933940589428,-0.004208155907690525,-1.5408676806680528
2020-06-26,fold_6,COVID crash and V-recovery,-0.0034069931134581566,-1,0.010847700759768486,1,-0.010847700759768486,0.002763749464065768,,,,0,-108.47700759768486,-0.012237243354320526,0.07291491329669952,-0.0034069931134581566,0.6746617427209867
2020-06-29,fold_6,COVID crash and V-recovery,-0.005139327608048916,-1,0.01941167749464512,1,-0.01941167749464512,-0.01664792803057935,,,,0,-194.1167749464512,-0.016141436994075775,0.05515451729297638,-0.005139327608048916,1.1947957833765366
2020-06-30,fold_6,COVID crash and V-recovery,-0.005895284004509449,-1,0.011604422703385353,1,-0.011604422703385353,-0.028252350733964704,,,,0,-116.04422703385353,-0.01763807237148285,0.048828642815351486,-0.005895284004509449,0.692796584541074
2020-07-01,fold_6,COVID crash and V-recovery,-0.005777842365205288,-1,0.00676383264362812,1,-0.00676383264362812,-0.035016183377592824,,,,0,-67.6383264362812,-0.01672247052192688,0.04561207443475723,-0.005777842365205288,0.39974959804786203
2020-07-02,fold_6,COVID crash and V-recovery,-0.006080583669245243,-1,0.024287275969982147,1,-0.024287275969982147,-0.05930345934757497,,,,0,-242.87275969982147,-0.020375780761241913,0.04565257206559181,-0.006080583669245243,1.4358778581058032
2020-07-06,fold_6,COVID crash and V-recovery,-0.005707702599465847,-1,-0.006912693381309509,-1,0.006912693381309509,-0.05239076596626546,,,,1,69.12693381309509,-0.013100042939186096,0.0005803222302347422,-0.005707702599465847,-0.40157268428087856
2020-07-07,fold_6,COVID crash and V-recovery,-0.0032981103286147118,-1,0.01308580581098795,1,-0.01308580581098795,-0.06547657177725341,,,,0,-130.8580581098795,-0.009032845497131348,0.014546205289661884,-0.0032981103286147118,0.760950319818398
2020-07-08,fold_6,COVID crash and V-recovery,-0.002431127242743969,-1,0.008387851528823376,1,-0.008387851528823376,-0.07386442330607679,,,,0,-83.87851528823376,-0.008046530187129974,0.0034939206670969725,-0.002431127242743969,0.4829213491086964
2020-07-09,fold_6,COVID crash and V-recovery,-0.0031991759315133095,-1,0.006804332137107849,1,-0.006804332137107849,-0.08066875544318464,,,,0,-68.04332137107849,-0.012141607701778412,-0.01173989288508892,-0.0031991759315133095,0.39410950525264227
2020-07-10,fold_6,COVID crash and V-recovery,-0.001394803635776043,-1,-0.020784974098205566,-1,0.020784974098205566,-0.05988378134497907,,,,1,207.84974098205566,-0.004293676465749741,-0.017386941239237785,-0.001394803635776043,-1.5882076019087286
2020-07-13,fold_6,COVID crash and V-recovery,-0.0002468610182404518,-1,0.007053189445286989,1,-0.007053189445286989,-0.06693697079026606,,,,0,-70.53189445286989,-0.005044825375080109,0.031374141573905945,-0.0002468610182404518,0.5120446139780346
2020-07-14,fold_6,COVID crash and V-recovery,-0.0018798327073454857,-1,0.0020335218869149685,1,-0.0020335218869149685,-0.06897049267718103,,,,0,-20.335218869149685,-0.004090961068868637,0.013845482841134071,-0.0018798327073454857,0.14954269287114882
2020-07-15,fold_6,COVID crash and V-recovery,-0.002682426944375038,-1,-0.006845961790531874,-1,0.006845961790531874,-0.062124530886649154,,,,1,68.45961790531874,-0.004729859530925751,0.01532869040966034,-0.002682426944375038,-0.5241009812391734
2020-07-16,fold_6,COVID crash and V-recovery,-0.000960138626396656,-1,0.0011572843650355935,1,-0.0011572843650355935,-0.06328181525168475,,,,0,-11.572843650355935,0.002200193703174591,-0.004292608238756657,-0.000960138626396656,0.08812283189001813
2020-07-17,fold_6,COVID crash and V-recovery,0.0005500232800841331,1,0.027976106852293015,1,0.027976106852293015,-0.03530570839939173,,,,1,279.76106852293015,0.004459958523511887,-0.01499137282371521,0.0005500232800841331,2.132123708338193
2020-07-20,fold_6,COVID crash and V-recovery,-0.004084068350493908,-1,-0.010475467890501022,-1,0.010475467890501022,-0.02483024050889071,,,,1,104.75467890501022,-0.012662000954151154,-0.025281477719545364,-0.004084068350493908,-0.7206510227050099
2020-07-21,fold_6,COVID crash and V-recovery,-0.0021297140046954155,-1,0.0035167301539331675,1,-0.0035167301539331675,-0.028346970662823878,,,,0,-35.167301539331675,-0.003475632518529892,-0.027612756937742233,-0.0021297140046954155,0.24286262614215368
2020-07-22,fold_6,COVID crash and V-recovery,-0.0014446834102272987,-1,-0.026467259973287582,-1,0.026467259973287582,-0.0018797106895362958,,,,1,264.6725997328758,-0.0028147362172603607,-0.019669238477945328,-0.0014446834102272987,-1.8409053843650716
2020-07-23,fold_6,COVID crash and V-recovery,0.0015863161534070969,1,-0.009541480801999569,-1,-0.009541480801999569,-0.011421191491535865,,,,0,-95.41480801999569,0.00922616571187973,0.012019885703921318,0.0015863161534070969,-0.6432334964953011
2020-07-24,fold_6,COVID crash and V-recovery,0.001968937925994396,1,0.01768600009381771,1,0.01768600009381771,0.006264808602281846,,,,1,176.8600009381771,0.010471351444721222,0.03924935311079025,0.001968937925994396,1.1921186983156284
2020-07-27,fold_6,COVID crash and V-recovery,0.00025042053312063217,1,-0.012806747108697891,-1,-0.012806747108697891,-0.006541938506416045,,,,0,-128.0674710869789,0.0064117200672626495,0.034980401396751404,0.00025042053312063217,-0.8897363445671662
2020-07-28,fold_6,COVID crash and V-recovery,0.0017470428720116615,1,0.011460249312222004,1,0.011460249312222004,0.004918310805805959,,,,1,114.60249312222004,0.005829136818647385,0.05149209499359131,0.0017470428720116615,0.7917747031445751
2020-07-29,fold_6,COVID crash and V-recovery,-7.608998566865921e-05,-1,0.0052218628115952015,1,-0.0052218628115952015,-0.0003035520057892427,,,,0,-52.218628115952015,-0.00039530545473098755,0.042506542056798935,-7.608998566865921e-05,0.3718284970110825
2020-07-30,fold_6,COVID crash and V-recovery,-0.0025108112022280693,-1,0.01768798753619194,1,-0.01768798753619194,-0.017991539541981183,,,,0,-176.8798753619194,-0.014362521469593048,0.05044260248541832,-0.0025108112022280693,1.2769965562045513
2020-07-31,fold_6,COVID crash and V-recovery,-0.002817354165017605,-1,0.013417048379778862,1,-0.013417048379778862,-0.031408587921760045,,,,0,-134.17048379778862,-0.016367442905902863,0.021145181730389595,-0.002817354165017605,0.9366016124301634
2020-08-03,fold_6,COVID crash and V-recovery,-0.003772865980863571,-1,0.003704946953803301,1,-0.003704946953803301,-0.035113534875563346,,,,0,-37.04946953803301,-0.017823152244091034,0.0034460306633263826,-0.003772865980863571,0.27259952974596996
2020-08-04,fold_6,COVID crash and V-recovery,-0.0009291348978877068,-1,0.0024746968410909176,1,-0.0024746968410909176,-0.03758823171665426,,,,0,-24.746968410909176,-0.004443977028131485,-0.01938198134303093,-0.0009291348978877068,0.18292635050540385
2020-08-05,fold_6,COVID crash and V-recovery,-0.0011129006743431091,-1,0.013157923705875874,1,-0.013157923705875874,-0.05074615542253014,,,,0,-131.57923705875874,-0.0021289438009262085,0.0029841316863894463,-0.0011129006743431091,0.9953246352301299
2020-08-06,fold_6,COVID crash and V-recovery,-0.0008508609607815742,-1,-0.011609433218836784,-1,0.011609433218836784,-0.03913672220369335,,,,1,116.09433218836784,0.0007768496870994568,-0.00789579376578331,-0.0008508609607815742,-0.8655564505121134
2020-08-07,fold_6,COVID crash and V-recovery,-0.002080865204334259,-1,-0.004282103851437569,-1,0.004282103851437569,-0.034854618352255784,,,,1,42.82103851437569,-0.002142675220966339,0.002538258209824562,-0.002080865204334259,-0.315403274167436
2020-08-10,fold_6,COVID crash and V-recovery,-0.0022010812535881996,-1,-0.01912306621670723,-1,0.01912306621670723,-0.015731552135548554,,,,1,191.2306621670723,0.0030910633504390717,0.018364673480391502,-0.0022010812535881996,-1.4949017218268141
2020-08-11,fold_6,COVID crash and V-recovery,-0.0006024083122611046,-1,0.024840809404850006,1,-0.024840809404850006,-0.04057236154039856,,,,0,-248.40809404850006,0.0027718432247638702,0.04706699773669243,-0.0006024083122611046,1.854425462059186
2020-08-12,fold_6,COVID crash and V-recovery,-0.0014197137206792831,-1,0.002277998486533761,1,-0.002277998486533761,-0.04285036002693232,,,,0,-22.77998486533761,-0.002451818436384201,0.015475744381546974,-0.0014197137206792831,0.1571654526123982
2020-08-13,fold_6,COVID crash and V-recovery,-0.0004687858745455742,-1,-0.0011753810103982687,-1,0.0011753810103982687,-0.04167497901653405,,,,1,11.753810103982687,0.000431988388299942,0.026974011212587357,-0.0004687858745455742,-0.08149801908205123
2020-08-14,fold_6,COVID crash and V-recovery,-0.0024301353842020035,-1,0.011544312350451946,1,-0.011544312350451946,-0.053219291366986,,,,0,-115.44312350451946,-0.0064545199275016785,0.03505614399909973,-0.0024301353842020035,0.8004500661944717
2020-08-17,fold_6,COVID crash and V-recovery,-0.0013337722048163414,-1,0.009579257108271122,1,-0.009579257108271122,-0.06279854847525712,,,,0,-95.79257108271122,-0.006259694695472717,0.029736364260315895,-0.0013337722048163414,0.7230246261558297
2020-08-18,fold_6,COVID crash and V-recovery,-0.0018892902880907059,-1,-0.006750442553311586,-1,0.006750442553311586,-0.056048105921945535,,,,1,67.50442553311586,-0.00660870224237442,0.027988793328404427,-0.0018892902880907059,-0.510820204822413
2020-08-19,fold_6,COVID crash and V-recovery,-0.002541004680097103,-1,0.013776266016066074,1,-0.013776266016066074,-0.06982437193801161,,,,0,-137.76266016066074,-0.011028550565242767,0.05585353076457977,-0.002541004680097103,1.037559246659717
2020-08-20,fold_6,COVID crash and V-recovery,-0.003864295780658722,-1,0.0069067515432834625,1,-0.0069067515432834625,-0.07673112348129507,,,,0,-69.06751543283463,-0.014102593064308167,0.038955897092819214,-0.003864295780658722,0.5625156236933915
2020-08-21,fold_6,COVID crash and V-recovery,-0.0027570603415369987,-1,0.006224532146006823,1,-0.006224532146006823,-0.0829556556273019,,,,0,-62.245321460068226,-0.011771582067012787,0.0371214896440506,-0.0027570603415369987,0.5106356876868382
2020-08-24,fold_6,COVID crash and V-recovery,-0.003989878110587597,-1,0.007831685245037079,1,-0.007831685245037079,-0.09078734087233897,,,,0,-78.31685245037079,-0.008683383464813232,0.038897957652807236,-0.003989878110587597,0.6743238686894301
2020-08-25,fold_6,COVID crash and V-recovery,-0.0036920616403222084,-1,0.021114297211170197,1,-0.021114297211170197,-0.11190163808350917,,,,0,-211.14297211170197,-0.007492788136005402,0.04801339656114578,-0.0036920616403222084,1.8535998038712649
2020-08-26,fold_6,COVID crash and V-recovery,-0.0030558621510863304,-1,-0.003121370915323496,-1,0.003121370915323496,-0.10878026716818567,,,,1,31.21370915323496,-0.0036159679293632507,0.036324240267276764,-0.0030558621510863304,-0.2587895593319744
2020-08-27,fold_6,COVID crash and V-recovery,-0.0026958659291267395,-1,0.005072346422821283,1,-0.005072346422821283,-0.11385261359100696,,,,0,-50.72346422821283,-0.00025907158851623535,-0.012585151940584183,-0.0026958659291267395,0.42181512853870085
2020-08-28,fold_6,COVID crash and V-recovery,-0.0012923786416649818,-1,0.008001000620424747,1,-0.008001000620424747,-0.1218536142114317,,,,0,-80.01000620424747,0.005521796643733978,-0.03107313998043537,-0.0012923786416649818,0.7010740917333799
2020-08-31,fold_6,COVID crash and V-recovery,-0.0015338044613599777,-1,0.016947124153375626,1,-0.016947124153375626,-0.13880073836480733,,,,0,-169.47124153375626,-0.0021758005023002625,-0.08833174407482147,-0.0015338044613599777,1.519174036231336
2020-09-01,fold_6,COVID crash and V-recovery,-0.002859164960682392,-1,0.009425140917301178,1,-0.009425140917301178,-0.1482258792821085,,,,0,-94.25140917301178,-0.003061912953853607,-0.07632622867822647,-0.002859164960682392,0.8019761973282619
2020-09-02,fold_6,COVID crash and V-recovery,-0.003075764514505863,-1,-0.052030764520168304,-1,0.052030764520168304,-0.0961951147619402,,,,1,520.307645201683,-0.0071689411997795105,-0.10588965564966202,-0.003075764514505863,-4.362421233254415
2020-09-03,fold_6,COVID crash and V-recovery,0.0006088791415095329,1,-0.013415642082691193,-1,-0.013415642082691193,-0.1096107568446314,,,,0,-134.15642082691193,0.005497254431247711,-0.0608224980533123,0.0006088791415095329,-0.8180304219831065
2020-09-04,fold_6,COVID crash and V-recovery,0.0012139715254306793,1,-0.04925760254263878,-1,-0.04925760254263878,-0.15886835938727017,,,,0,-492.5760254263878,0.006062641739845276,-0.03014158084988594,0.0012139715254306793,-2.99098501352186
2020-09-08,fold_6,COVID crash and V-recovery,0.005830427631735802,1,0.028952637687325478,1,0.028952637687325478,-0.1299157216999447,,,,1,289.5263768732548,0.02067580446600914,0.033189885318279266,0.005830427631735802,1.4630448928429223
2020-09-09,fold_6,COVID crash and V-recovery,0.0023279711604118347,1,-0.020138287916779518,-1,-0.020138287916779518,-0.15005400961672422,,,,0,-201.38287916779518,0.014766834676265717,-0.011837474070489407,0.0023279711604118347,-0.9882583616877233
2020-09-10,fold_6,COVID crash and V-recovery,0.004761307034641504,1,-0.006963605526834726,-1,-0.006963605526834726,-0.15701761514355894,,,,0,-69.63605526834726,0.02102058380842209,-0.007444728631526232,0.004761307034641504,-0.3461658618806676
2020-09-11,fold_6,COVID crash and V-recovery,0.0022883526980876923,1,0.017265276983380318,1,0.017265276983380318,-0.13975233816017862,,,,1,172.65276983380318,0.020229589194059372,-0.01332566887140274,0.0022883526980876923,0.8559825585801524
2020-09-14,fold_6,COVID crash and V-recovery,-0.00047819502651691437,-1,0.014073864556849003,1,-0.014073864556849003,-0.15382620271702763,,,,0,-140.73864556849003,0.009935230016708374,-0.028195757418870926,-0.00047819502651691437,0.6853734804594767
2020-09-15,fold_6,COVID crash and V-recovery,-0.0020260177552700043,-1,-0.01607472263276577,-1,0.01607472263276577,-0.13775148008426186,,,,1,160.7472263276577,-0.0006597116589546204,-0.023861397057771683,-0.0020260177552700043,-0.7798215646588044
2020-09-16,fold_6,COVID crash and V-recovery,-0.0026936689391732216,-1,-0.01574554108083248,-1,0.01574554108083248,-0.12200593900342938,,,,1,157.4554108083248,-0.0003886893391609192,-0.03879699110984802,-0.0026936689391732216,-0.7564717033725888
2020-09-17,fold_6,COVID crash and V-recovery,-0.003788813017308712,-1,-0.01284454483538866,-1,0.01284454483538866,-0.10916139416804072,,,,1,128.4454483538866,0.003410041332244873,-0.018405728042125702,-0.003788813017308712,-0.6100156525437823
2020-09-18,fold_6,COVID crash and V-recovery,-0.000502011738717556,-1,0.0023951882030814886,1,-0.0023951882030814886,-0.1115565823711222,,,,0,-23.951882030814886,0.015844125300645828,0.017421115189790726,-0.000502011738717556,0.11391217076698176
2020-09-21,fold_6,COVID crash and V-recovery,-0.001274310052394867,-1,0.01840822398662567,1,-0.01840822398662567,-0.12996480635774788,,,,0,-184.0822398662567,0.011198613792657852,0.035582274198532104,-0.001274310052394867,0.8775572328014063
2020-09-22,fold_6,COVID crash and V-recovery,-0.00036809220910072327,-1,-0.03101031668484211,-1,0.03101031668484211,-0.09895448967290577,,,,1,310.1031668484211,0.012580998241901398,0.012654685415327549,-0.00036809220910072327,-1.4537438731940597
2020-09-23,fold_6,COVID crash and V-recovery,0.0008718166500329971,1,0.0046457210555672646,1,0.0046457210555672646,-0.0943087686173385,,,,1,46.457210555672646,0.020283237099647522,0.050490401685237885,0.0008718166500329971,0.20775431739486164
2020-09-24,fold_6,COVID crash and V-recovery,0.0021727988496422768,1,0.022982297465205193,1,0.022982297465205193,-0.07132647115213331,,,,1,229.82297465205193,0.02652803808450699,0.061592526733875275,0.0021727988496422768,1.0502742819316198
2020-09-25,fold_6,COVID crash and V-recovery,0.0004758639261126518,1,0.02055634744465351,1,0.02055634744465351,-0.0507701237074798,,,,1,205.5634744465351,0.019734028726816177,0.010075737722218037,0.0004758639261126518,0.9149699726863618
2020-09-28,fold_6,COVID crash and V-recovery,0.0018863808363676071,1,-0.004519365727901459,-1,-0.004519365727901459,-0.055289489435381256,,,,0,-45.19365727901459,0.02318686991930008,0.010621445253491402,0.0018863808363676071,-0.1973176015235255
2020-09-29,fold_6,COVID crash and V-recovery,0.005099831148982048,1,0.0068253991194069386,1,0.0068253991194069386,-0.04846409031597432,,,,1,68.25399119406939,0.036116428673267365,-0.002867152215912938,0.005099831148982048,0.298621087736763
2020-09-30,fold_6,COVID crash and V-recovery,0.005854516290128231,1,0.01574784703552723,1,0.01574784703552723,-0.03271624328044709,,,,1,157.4784703552723,0.031763672828674316,0.007458656560629606,0.005854516290128231,0.697064423708603
2020-10-01,fold_6,COVID crash and V-recovery,0.00879090279340744,1,-0.02853449247777462,-1,-0.02853449247777462,-0.06125073575822171,,,,0,-285.3449247777462,0.03305307403206825,-0.0029803828801959753,0.00879090279340744,-1.2533205081188008
2020-10-02,fold_6,COVID crash and V-recovery,0.010200593620538712,1,0.02110205590724945,1,0.02110205590724945,-0.04014867985097226,,,,1,211.0205590724945,0.03992168977856636,0.04071858525276184,0.010200593620538712,1.0251783952435474
2020-10-05,fold_6,COVID crash and V-recovery,0.0075860396027565,1,-0.01800796203315258,-1,-0.01800796203315258,-0.05815664188412484,,,,0,-180.0796203315258,0.027141448110342026,0.0500197559595108,0.0075860396027565,-0.8614788499208522
2020-10-06,fold_6,COVID crash and V-recovery,0.009464886039495468,1,0.017151206731796265,1,0.017151206731796265,-0.04100543515232857,,,,1,171.51206731796265,0.031508252024650574,0.06799398362636566,0.009464886039495468,0.9414975943994984
2020-10-07,fold_6,COVID crash and V-recovery,0.004968303255736828,1,0.005308808758854866,1,0.005308808758854866,-0.03569662639347371,,,,1,53.08808758854866,0.018364302814006805,0.0424555167555809,0.004968303255736828,0.30415484714686564
2020-10-08,fold_6,COVID crash and V-recovery,0.0022817710414528847,1,0.015164476819336414,1,0.015164476819336414,-0.020532149574137293,,,,1,151.64476819336414,0.009796377271413803,0.03041280247271061,0.0022817710414528847,0.8970329885777675
2020-10-09,fold_6,COVID crash and V-recovery,0.0013189548626542091,1,0.030403228476643562,1,0.030403228476643562,0.00987107890250627,,,,1,304.0322847664356,0.0032251067459583282,0.009752639569342136,0.0013189548626542091,1.770571887040376
2020-10-12,fold_6,COVID crash and V-recovery,-0.0015078186988830566,-1,-3.373719300725497e-05,-1,3.373719300725497e-05,0.009904816095513524,,,,1,0.33737193007254973,-0.009832970798015594,-0.037110790610313416,-0.0015078186988830566,-0.0018680407759308338
2020-10-13,fold_6,COVID crash and V-recovery,-0.0016851210966706276,-1,-0.00838725920766592,-1,0.00838725920766592,0.018292075303179445,,,,1,83.8725920766592,-0.010374553501605988,-0.03492961823940277,-0.0016851210966706276,-0.4716208204510821
2020-10-14,fold_6,COVID crash and V-recovery,-0.001781633123755455,-1,-0.006733904592692852,-1,0.006733904592692852,0.025025979895872297,,,,1,67.33904592692852,-0.01223175972700119,-0.0273162629455328,-0.001781633123755455,-0.38440893439136203
2020-10-15,fold_6,COVID crash and V-recovery,-0.002405978739261627,-1,-0.005495686549693346,-1,0.005495686549693346,0.030521666445565643,,,,1,54.95686549693346,-0.015558376908302307,-0.020617766305804253,-0.002405978739261627,-0.31903396928304123
2020-10-16,fold_6,COVID crash and V-recovery,-0.0008820164948701859,-1,-0.016460204496979713,-1,0.016460204496979713,0.046981870942545356,,,,1,164.60204496979713,-0.0089811310172081,-0.013153640553355217,-0.0008820164948701859,-0.9665816644113905
2020-10-19,fold_6,COVID crash and V-recovery,0.001863611862063408,1,0.002147437771782279,1,0.002147437771782279,0.049129308714327635,,,,1,21.47437771782279,-0.004447922110557556,-0.011803005822002888,0.001863611862063408,0.12331480174769346
2020-10-20,fold_6,COVID crash and V-recovery,0.00025071948766708374,1,-0.0007739050779491663,-1,-0.0007739050779491663,0.04835540363637847,,,,0,-7.739050779491663,-0.004195269197225571,-0.006172140594571829,0.00025071948766708374,-0.04571847515718098
2020-10-21,fold_6,COVID crash and V-recovery,0.0007331715896725655,1,-3.5408695111982524e-05,-1,-3.5408695111982524e-05,0.048319994941266486,,,,0,-0.35408695111982524,-0.0027068182826042175,-0.045165520161390305,0.0007331715896725655,-0.0022928343745738243
2020-10-22,fold_6,COVID crash and V-recovery,-0.003265899606049061,-1,0.001968440366908908,1,-0.001968440366908908,0.04635155457435758,,,,0,-19.68440366908908,-0.010746799409389496,-0.02779475226998329,-0.003265899606049061,0.12775259426091953
2020-10-23,fold_6,COVID crash and V-recovery,-0.003131766803562641,-1,-0.015109569765627384,-1,0.015109569765627384,0.06146112433998496,,,,1,151.09569765627384,-0.015024565160274506,-0.055452797561883926,-0.003131766803562641,-1.039698635608039
2020-10-26,fold_6,COVID crash and V-recovery,-0.0027620578184723854,-1,0.007778302300721407,1,-0.007778302300721407,0.053682822039263556,,,,0,-77.78302300721407,-0.017373323440551758,-0.03811882436275482,-0.0027620578184723854,0.5479790991713467
2020-10-27,fold_6,COVID crash and V-recovery,-0.004773550666868687,-1,-0.03976728767156601,-1,0.03976728767156601,0.09345010971082957,,,,1,397.6728767156601,-0.02346312254667282,-0.028747210279107094,-0.004773550666868687,-2.787764890068613
2020-10-28,fold_6,COVID crash and V-recovery,-0.0017381226643919945,-1,0.01733536086976528,1,-0.01733536086976528,0.07611474884106428,,,,0,-173.35360869765282,-0.0023412853479385376,0.054690517485141754,-0.0017381226643919945,1.0355589815970991
2020-10-29,fold_6,COVID crash and V-recovery,-0.0027187196537852287,-1,-0.025689605623483658,-1,0.025689605623483658,0.10180435446454794,,,,1,256.8960562348366,0.0021008215844631195,0.06309220939874649,-0.0027187196537852287,-1.5274747106782163
2020-10-30,fold_6,COVID crash and V-recovery,0.0006362544372677803,1,0.0022244045976549387,1,0.0022244045976549387,0.10402875906220288,,,,1,22.244045976549387,0.011995680630207062,0.08952881395816803,0.0006362544372677803,0.13410157396693856
2020-11-02,fold_6,COVID crash and V-recovery,-0.001275535672903061,-1,0.017149915918707848,1,-0.017149915918707848,0.08687884314349503,,,,0,-171.49915918707848,0.007738575339317322,0.06665904819965363,-0.001275535672903061,1.0779367386887289
2020-11-03,fold_6,COVID crash and V-recovery,-0.0033957557752728462,-1,0.04367043823003769,1,-0.04367043823003769,0.04320840491345734,,,,0,-436.7043823003769,0.0029085278511047363,0.031432218849658966,-0.0033957557752728462,2.75306621443569
2020-11-04,fold_6,COVID crash and V-recovery,-0.0055287061259150505,-1,0.025737054646015167,1,-0.025737054646015167,0.017471350267442176,,,,0,-257.3705464601517,-0.015620268881320953,0.009885048493742943,-0.0055287061259150505,1.4119405213839278
2020-11-05,fold_6,COVID crash and V-recovery,-0.005030161701142788,-1,0.0007469941047020257,1,-0.0007469941047020257,0.01672435616274015,,,,0,-7.4699410470202565,-0.013398468494415283,-0.020557139068841934,-0.005030161701142788,0.03915442701452015
2020-11-06,fold_6,COVID crash and V-recovery,-0.0030923625454306602,-1,-0.02064535580575466,-1,0.02064535580575466,0.03736971196849481,,,,1,206.45355805754662,-0.010712042450904846,-0.012569820508360863,-0.0030923625454306602,-1.099611526163606
2020-11-09,fold_6,COVID crash and V-recovery,-0.007692261599004269,-1,-0.01807691529393196,-1,0.01807691529393196,0.05544662726242677,,,,1,180.7691529393196,-0.01738523691892624,0.015848102048039436,-0.007692261599004269,-0.9987407535989247
2020-11-10,fold_6,COVID crash and V-recovery,-0.005448418669402599,-1,0.022123269736766815,1,-0.022123269736766815,0.03332335752565996,,,,0,-221.23269736766815,-0.009240694344043732,0.030747581273317337,-0.005448418669402599,1.1929141000624843
2020-11-11,fold_6,COVID crash and V-recovery,-0.005342039279639721,-1,-0.0047051324509084225,-1,0.0047051324509084225,0.03802848997656838,,,,1,47.051324509084225,-0.012840650975704193,0.0012066756607964635,-0.005342039279639721,-0.24631408484931272
2020-11-12,fold_6,COVID crash and V-recovery,-0.003521154634654522,-1,0.00873431283980608,1,-0.00873431283980608,0.0292941771367623,,,,0,-87.3431283980608,-0.00983496755361557,0.013706258498132229,-0.003521154634654522,0.45797074181542646
2020-11-13,fold_6,COVID crash and V-recovery,-0.005496161989867687,-1,0.007772567216306925,1,-0.007772567216306925,0.021521609920455376,,,,0,-77.72567216306925,-0.011868812143802643,-0.0018917557317763567,-0.005496161989867687,0.4062582307615261
2020-11-16,fold_6,COVID crash and V-recovery,-0.007421509362757206,-1,-0.0031774360686540604,-1,0.0031774360686540604,0.024699045989109436,,,,1,31.774360686540604,-0.018524684011936188,-0.009630321525037289,-0.007421509362757206,-0.16851969730067273
2020-11-17,fold_6,COVID crash and V-recovery,-0.0061628809198737144,-1,-0.007417635060846806,-1,0.007417635060846806,0.03211668104995624,,,,1,74.17635060846806,-0.016114868223667145,0.007499608676880598,-0.0061628809198737144,-0.3932528488787517
2020-11-18,fold_6,COVID crash and V-recovery,-0.004038612358272076,-1,0.007794450502842665,1,-0.007794450502842665,0.024322230547113577,,,,0,-77.94450502842665,-0.009138599038124084,0.021044887602329254,-0.004038612358272076,0.41165884580625633
2020-11-19,fold_6,COVID crash and V-recovery,-0.005359365604817867,-1,-0.006863702088594437,-1,0.006863702088594437,0.031185932635708014,,,,1,68.63702088594437,-0.009675323963165283,0.02242281287908554,-0.005359365604817867,-0.36097592278577006
2020-11-20,fold_6,COVID crash and V-recovery,-0.0022451700642704964,-1,3.400091009098105e-05,1,-3.400091009098105e-05,0.031151931725617032,,,,0,-0.3400091009098105,-0.0005342289805412292,0.03132430091500282,-0.0022451700642704964,0.0017828542565550293
2020-11-23,fold_6,COVID crash and V-recovery,-0.004434605129063129,-1,0.013952494598925114,1,-0.013952494598925114,0.01719943712669192,,,,0,-139.52494598925114,-0.0074248239398002625,0.04402534291148186,-0.004434605129063129,0.7433640469029835
2020-11-24,fold_6,COVID crash and V-recovery,-0.005160379223525524,-1,0.006127643398940563,1,-0.006127643398940563,0.011071793727751356,,,,0,-61.27643398940563,-0.009517662227153778,0.03135693445801735,-0.005160379223525524,0.3234052070137997
2020-11-25,fold_6,COVID crash and V-recovery,-0.002730373293161392,-1,0.009172377176582813,1,-0.009172377176582813,0.0018994165511685424,,,,0,-91.72377176582813,-0.0051363930106163025,0.02664339542388916,-0.002730373293161392,0.5463967394333243
2020-11-27,fold_6,COVID crash and V-recovery,-0.004543318413197994,-1,0.0020377866458147764,1,-0.0020377866458147764,-0.00013837009464623407,,,,0,-20.377866458147764,-0.010861776769161224,0.02153753489255905,-0.004543318413197994,0.12379010218913579
2020-11-30,fold_6,COVID crash and V-recovery,-0.00344792939722538,-1,0.012735040858387947,1,-0.012735040858387947,-0.012873410953034181,,,,0,-127.35040858387947,-0.011917807161808014,0.025146711617708206,-0.00344792939722538,0.825152095544987
2020-12-01,fold_6,COVID crash and V-recovery,-0.0012831343337893486,-1,0.0012840845156461,1,-0.0012840845156461,-0.014157495468680281,,,,0,-12.840845156461,-0.0033604055643081665,0.0157906636595726,-0.0012831343337893486,0.08186080873771634
2020-12-02,fold_6,COVID crash and V-recovery,7.370486855506897e-05,1,0.0014141055289655924,1,0.0014141055289655924,-0.012743389939714689,,,,1,14.141055289655924,-0.0025258436799049377,-0.008394548669457436,7.370486855506897e-05,0.09295420381384639
2020-12-03,fold_6,COVID crash and V-recovery,0.000475405715405941,1,0.004066517110913992,1,0.004066517110913992,-0.008676872828800697,,,,1,40.66517110913992,0.0008543729782104492,-0.005801084917038679,0.000475405715405941,0.34847327562232994
2020-12-04,fold_6,COVID crash and V-recovery,-0.0009395303204655647,-1,0.005646963603794575,1,-0.005646963603794575,-0.014323836432595272,,,,0,-56.46963603794575,0.002693071961402893,-0.012084580026566982,-0.0009395303204655647,0.5540372958545712
2020-12-07,fold_6,COVID crash and V-recovery,0.0004631560295820236,1,0.003378992434591055,1,0.003378992434591055,-0.010944843998004217,,,,1,33.78992434591055,0.005509909242391586,-0.010502398945391178,0.0004631560295820236,0.329049495914118
2020-12-08,fold_6,COVID crash and V-recovery,0.00010203663259744644,1,-0.022901127114892006,-1,-0.022901127114892006,-0.03384597111289622,,,,0,-229.01127114892006,0.003406476229429245,-0.0032489225268363953,0.00010203663259744644,-2.4882146420684146
2020-12-09,fold_6,COVID crash and V-recovery,0.0003653028979897499,1,0.004007569048553705,1,0.004007569048553705,-0.029838402064342517,,,,1,40.07569048553705,0.006425119936466217,0.025136673822999,0.0003653028979897499,0.4120471886712415
2020-12-10,fold_6,COVID crash and V-recovery,-0.00035653915256261826,-1,-0.0022169779986143112,-1,0.0022169779986143112,-0.027621424065728206,,,,1,22.169779986143112,0.007230076938867569,0.0276457741856575,-0.00035653915256261826,-0.2632439802492302
2020-12-11,fold_6,COVID crash and V-recovery,0.0008216435089707375,1,0.007229145150631666,1,0.007229145150631666,-0.02039227891509654,,,,1,72.29145150631666,0.0028982460498809814,0.0268356055021286,0.0008216435089707375,0.8636478044932318
2020-12-14,fold_6,COVID crash and V-recovery,-0.000279868021607399,-1,0.01063246838748455,1,-0.01063246838748455,-0.03102474730258109,,,,0,-106.3246838748455,-0.005915045738220215,0.017734089866280556,-0.000279868021607399,1.2812665826263265
2020-12-15,fold_6,COVID crash and V-recovery,-0.0016697868704795837,-1,0.0054844701662659645,1,-0.0054844701662659645,-0.036509217468847055,,,,0,-54.844701662659645,-0.005653321743011475,0.00981712993234396,-0.0016697868704795837,0.6486281134756449
2020-12-16,fold_6,COVID crash and V-recovery,-0.0016953004524111748,-1,0.006516668945550919,1,-0.006516668945550919,-0.043025886414397974,,,,0,-65.16668945550919,-0.007426038384437561,-0.0007163272821344435,-0.0016953004524111748,0.7653729375236511
2020-12-17,fold_6,COVID crash and V-recovery,-0.0017718411982059479,-1,-0.0030271466821432114,-1,0.0030271466821432114,-0.03999873973225476,,,,1,30.271466821432114,-0.006408624351024628,-0.002830306999385357,-0.0017718411982059479,-0.3570831286606675
2020-12-18,fold_6,COVID crash and V-recovery,-0.0017243009060621262,-1,-0.001872371882200241,-1,0.001872371882200241,-0.03812636785005452,,,,1,18.72371882200241,-0.007034234702587128,0.010225623846054077,-0.0017243009060621262,-0.22493926581037224
2020-12-21,fold_6,COVID crash and V-recovery,-0.0013236170634627342,-1,0.002715509617701173,1,-0.002715509617701173,-0.040841877467755694,,,,0,-27.15509617701173,-0.001597389578819275,0.01299302838742733,-0.0013236170634627342,0.3314875297474319
2020-12-22,fold_6,COVID crash and V-recovery,-0.001511688344180584,-1,-0.005048987455666065,-1,0.005048987455666065,-0.03579289001208963,,,,1,50.48987455666065,-0.003522440791130066,0.010309210978448391,-0.001511688344180584,-0.6146537584216499
2020-12-23,fold_6,COVID crash and V-recovery,-0.0007779402658343315,-1,0.004402689635753632,1,-0.004402689635753632,-0.04019557964784326,,,,0,-44.026896357536316,0.0016725733876228333,0.017815537750720978,-0.0007779402658343315,0.5731001337807812
2020-12-24,fold_6,COVID crash and V-recovery,-0.00257799681276083,-1,0.010028784163296223,1,-0.010028784163296223,-0.05022436381113948,,,,0,-100.28784163296223,0.001813150942325592,-0.0008076458470895886,-0.00257799681276083,1.3156138038421608
2020-12-28,fold_6,COVID crash and V-recovery,-0.0036731762811541557,-1,0.0008950326009653509,1,-0.0008950326009653509,-0.051119396412104834,,,,0,-8.950326009653509,-0.0017874017357826233,-0.0026263040490448475,-0.0036731762811541557,0.11659180941941093
2020-12-29,fold_6,COVID crash and V-recovery,-0.00205239187926054,-1,3.169193587382324e-05,1,-3.169193587382324e-05,-0.05115108834797866,,,,0,-0.3169193587382324,-0.002260923385620117,-0.017470380291342735,-0.00205239187926054,0.004134245642294804
2020-12-30,fold_6,COVID crash and V-recovery,-0.0012171454727649689,-1,0.0024573400150984526,1,-0.0024573400150984526,-0.05360842836307711,,,,0,-24.573400150984526,0.0005519986152648926,0.00640215864405036,-0.0012171454727649689,0.34526923346710536
2024-05-17,fold_7,"Inflation bear, AI rally and 2025",-0.0011423053219914436,-1,0.006948469206690788,1,-0.006948469206690788,-0.006948469206690788,,,,0,-69.48469206690788,0.0033686235547065735,0.013608839362859726,-0.0011423053219914436,0.6952125898010301
2024-05-20,fold_7,"Inflation bear, AI rally and 2025",-0.0027198195457458496,-1,0.0019544712267816067,1,-0.0019544712267816067,-0.008902940433472395,,,,0,-19.544712267816067,-0.0008560642600059509,0.010431037284433842,-0.0027198195457458496,0.19813782720354398
2024-05-21,fold_7,"Inflation bear, AI rally and 2025",-0.0029647834599018097,-1,-0.00019753658853005618,-1,0.00019753658853005618,-0.008705403844942339,,,,1,1.9753658853005618,-0.0006754249334335327,0.00140322744846344,-0.0029647834599018097,-0.02123648203471224
2024-05-22,fold_7,"Inflation bear, AI rally and 2025",-0.0014810720458626747,-1,-0.0045085777528584,-1,0.0045085777528584,-0.004196826092083938,,,,1,45.085777528584,0.00468023493885994,-0.00917046144604683,-0.0014810720458626747,-0.4863059884639499
2024-05-23,fold_7,"Inflation bear, AI rally and 2025",-0.002911170944571495,-1,0.009412013925611973,1,-0.009412013925611973,-0.013608840017695911,,,,0,-94.12013925611973,0.0015045814216136932,-0.006523867137730122,-0.002911170944571495,1.0161228281011665
2024-05-24,fold_7,"Inflation bear, AI rally and 2025",-0.004227760247886181,-1,0.003770666429772973,1,-0.003770666429772973,-0.017379506447468884,,,,0,-37.70666429772973,-0.0028784237802028656,-0.0105808787047863,-0.004227760247886181,0.42558054147400476
2024-05-28,fold_7,"Inflation bear, AI rally and 2025",-0.0030723419040441513,-1,-0.007073338143527508,-1,0.007073338143527508,-0.010306168303941377,,,,1,70.73338143527508,-0.0017132535576820374,-0.011618755757808685,-0.0030723419040441513,-0.7989006844998127
2024-05-29,fold_7,"Inflation bear, AI rally and 2025",-0.002937762066721916,-1,-0.010771225206553936,-1,0.010771225206553936,0.0004650569026125595,,,,1,107.71225206553936,-0.0019765272736549377,0.015413827262818813,-0.002937762066721916,-1.3594968419813447
2024-05-30,fold_7,"Inflation bear, AI rally and 2025",-0.0033634724095463753,-1,-0.0018619840266183019,-1,0.0018619840266183019,0.0023270409292308614,,,,1,18.61984026618302,0.00015090405941009521,0.02583981119096279,-0.0033634724095463753,-0.2292967954822727
2024-05-31,fold_7,"Inflation bear, AI rally and 2025",-0.004786639474332333,-1,0.005355002358555794,1,-0.005355002358555794,-0.0030279614293249324,,,,0,-53.55002358555794,-0.001892928034067154,0.026816576719284058,-0.004786639474332333,0.7027090494998068
2024-06-03,fold_7,"Inflation bear, AI rally and 2025",-0.0037038959562778473,-1,0.002732788911089301,1,-0.002732788911089301,-0.0057607503404142335,,,,0,-27.32788911089301,-0.0029928237199783325,0.025492563843727112,-0.0037038959562778473,0.43368193802744326
2024-06-04,fold_7,"Inflation bear, AI rally and 2025",-0.0021338462829589844,-1,0.01995924487709999,1,-0.01995924487709999,-0.025719995217514224,,,,0,-199.5924487709999,-0.0006868727505207062,0.02959909848868847,-0.0021338462829589844,3.4156224962840676
2024-06-05,fold_7,"Inflation bear, AI rally and 2025",-0.0037563350051641464,-1,-0.0003452417440712452,-1,0.0003452417440712452,-0.02537475347344298,,,,1,3.452417440712452,-0.004980690777301788,0.022652629762887955,-0.0037563350051641464,-0.04695363633241321
2024-06-06,fold_7,"Inflation bear, AI rally and 2025",-0.004510560072958469,-1,-0.0008852180326357484,-1,0.0008852180326357484,-0.02448953544080723,,,,1,8.852180326357484,-0.004834286868572235,0.028403399512171745,-0.004510560072958469,-0.12040439171168577
2024-06-07,fold_7,"Inflation bear, AI rally and 2025",-0.004895866848528385,-1,0.004030989948660135,1,-0.004030989948660135,-0.028520525389467366,,,,0,-40.30989948660135,-0.005653083324432373,0.03445643186569214,-0.004895866848528385,0.5492899450229848
2024-06-10,fold_7,"Inflation bear, AI rally and 2025",-0.0051152268424630165,-1,0.006839322857558727,1,-0.006839322857558727,-0.03535984824702609,,,,0,-68.39322857558727,-0.0068398937582969666,0.04260094463825226,-0.0051152268424630165,0.9273771940684392
2024-06-11,fold_7,"Inflation bear, AI rally and 2025",-0.004807400517165661,-1,0.013012777082622051,1,-0.013012777082622051,-0.048372625329648145,,,,0,-130.1277708262205,-0.006644822657108307,0.03607082739472389,-0.004807400517165661,1.731768227856263
2024-06-12,fold_7,"Inflation bear, AI rally and 2025",-0.005186199210584164,-1,0.005405528470873833,1,-0.005405528470873833,-0.05377815380052198,,,,0,-54.05528470873833,-0.00889018177986145,0.015320060774683952,-0.005186199210584164,0.6817164243853996
2024-06-13,fold_7,"Inflation bear, AI rally and 2025",-0.0057445792481303215,-1,0.005167814902961254,1,-0.005167814902961254,-0.05894596870348323,,,,0,-51.67814902961254,-0.009105078876018524,0.0072316755540668964,-0.0057445792481303215,0.71453510413117
2024-06-14,fold_7,"Inflation bear, AI rally and 2025",-0.006353837437927723,-1,0.012175502255558968,1,-0.012175502255558968,-0.0711214709590422,,,,0,-121.75502255558968,-0.011794604361057281,-0.009386073797941208,-0.006353837437927723,1.6655900350437747
2024-06-17,fold_7,"Inflation bear, AI rally and 2025",-0.006567447446286678,-1,0.0003092046536039561,1,-0.0003092046536039561,-0.07143067561264616,,,,0,-3.092046536039561,-0.01075047254562378,-0.010190867818892002,-0.006567447446286678,0.03964268442676233
2024-06-18,fold_7,"Inflation bear, AI rally and 2025",-0.004161369055509567,-1,-0.007737989537417889,-1,0.007737989537417889,-0.06369268607522827,,,,1,77.37989537417889,-0.007271014153957367,-0.008436965756118298,-0.004161369055509567,-1.0123242809306967
2024-06-20,fold_7,"Inflation bear, AI rally and 2025",-0.0027996795251965523,-1,-0.002682856749743223,-1,0.002682856749743223,-0.06100982932548504,,,,1,26.828567497432232,-0.0005082152783870697,0.0018790541216731071,-0.0027996795251965523,-0.34285804932426206
2024-06-21,fold_7,"Inflation bear, AI rally and 2025",-0.0018103662878274918,-1,-0.011449933983385563,-1,0.011449933983385563,-0.04955989534209948,,,,1,114.49933983385563,0.0031406208872795105,-0.00064253801247105,-0.0018103662878274918,-1.4589962236954837
2024-06-24,fold_7,"Inflation bear, AI rally and 2025",-0.0010089939460158348,-1,0.011370707303285599,1,-0.011370707303285599,-0.06093060264538508,,,,0,-113.70707303285599,0.009568333625793457,0.01665533147752285,-0.0010089939460158348,1.387839319558593
2024-06-25,fold_7,"Inflation bear, AI rally and 2025",-0.0016868161037564278,-1,0.002063107443973422,1,-0.002063107443973422,-0.0629937100893585,,,,0,-20.63107443973422,0.003884419798851013,0.015729578211903572,-0.0016868161037564278,0.2480774401688555
2024-06-26,fold_7,"Inflation bear, AI rally and 2025",-0.002623547799885273,-1,0.0025780298747122288,1,-0.0025780298747122288,-0.06557173996407073,,,,0,-25.780298747122288,0.004843622446060181,0.021968942135572433,-0.002623547799885273,0.3111163482075264
2024-06-27,fold_7,"Inflation bear, AI rally and 2025",-0.0038043977692723274,-1,-0.005204448942095041,-1,0.005204448942095041,-0.06036729102197569,,,,1,52.04448942095041,0.0023300647735595703,0.029763752594590187,-0.0038043977692723274,-0.6382350260450105
2024-06-28,fold_7,"Inflation bear, AI rally and 2025",-0.004494163207709789,-1,0.005847935099154711,1,-0.005847935099154711,-0.0662152261211304,,,,0,-58.47935099154711,0.0016750693321228027,0.037343580275774,-0.004494163207709789,0.7423997926176615
2024-07-01,fold_7,"Inflation bear, AI rally and 2025",-0.0051339296624064445,-1,0.010444954968988895,1,-0.010444954968988895,-0.0766601810901193,,,,0,-104.44954968988895,0.00010914728045463562,0.032359976321458817,-0.0051339296624064445,1.3098751779381625
2024-07-02,fold_7,"Inflation bear, AI rally and 2025",-0.0038826074451208115,-1,0.008302470669150352,1,-0.008302470669150352,-0.08496265175926965,,,,0,-83.02470669150352,0.0052348896861076355,0.032287489622831345,-0.0038826074451208115,1.0097531611324242
2024-07-03,fold_7,"Inflation bear, AI rally and 2025",-0.0025542452931404114,-1,0.010372839868068695,1,-0.010372839868068695,-0.09533549162733834,,,,0,-103.72839868068695,0.005490798503160477,0.0018107411451637745,-0.0025542452931404114,1.2338218881148515
2024-07-05,fold_7,"Inflation bear, AI rally and 2025",-0.002591010183095932,-1,0.002375379903241992,1,-0.002375379903241992,-0.09771087153058033,,,,0,-23.75379903241992,0.003752797842025757,-0.0027043852023780346,-0.002591010183095932,0.3170268540244118
2024-07-08,fold_7,"Inflation bear, AI rally and 2025",-0.003113923594355583,-1,0.0008643296314403415,1,-0.0008643296314403415,-0.09857520116202068,,,,0,-8.643296314403415,-0.0007050447165966034,-0.0023955574724823236,-0.003113923594355583,0.11507389364579725
2024-07-09,fold_7,"Inflation bear, AI rally and 2025",-0.002768999896943569,-1,0.010372469201683998,1,-0.010372469201683998,-0.10894767036370467,,,,0,-103.72469201683998,-0.0032738223671913147,-0.002877016318961978,-0.002768999896943569,1.3809774385746778
2024-07-10,fold_7,"Inflation bear, AI rally and 2025",-0.003565944731235504,-1,-0.022174276411533356,-1,0.022174276411533356,-0.08677339395217132,,,,1,221.74276411533356,-0.0053976550698280334,-0.0430438406765461,-0.003565944731235504,-2.8395556157698416
2024-07-11,fold_7,"Inflation bear, AI rally and 2025",-0.0019624922424554825,-1,0.005857713054865599,1,-0.005857713054865599,-0.09263110700703692,,,,0,-58.57713054865599,0.0019717253744602203,-0.025613289326429367,-0.0019624922424554825,0.6420877278904823
2024-07-12,fold_7,"Inflation bear, AI rally and 2025",-0.0013453299179673195,-1,0.002684207633137703,1,-0.002684207633137703,-0.09531531464017462,,,,0,-26.84207633137703,0.004341192543506622,-0.040374159812927246,-0.0013453299179673195,0.30693872466430683
2024-07-15,fold_7,"Inflation bear, AI rally and 2025",-0.0005662767216563225,-1,0.00038287072675302625,1,-0.00038287072675302625,-0.09569818536692765,,,,0,-3.8287072675302625,0.007776252925395966,-0.028270574286580086,-0.0005662767216563225,0.044099727267770325
2024-07-16,fold_7,"Inflation bear, AI rally and 2025",0.00031570903956890106,1,-0.02979435585439205,-1,-0.02979435585439205,-0.1254925412213197,,,,0,-297.9435585439205,0.012097485363483429,-0.03218429908156395,0.00031570903956890106,-3.462402666184191
2024-07-17,fold_7,"Inflation bear, AI rally and 2025",0.0042173126712441444,1,-0.004743724595755339,-1,-0.004743724595755339,-0.13023626581707504,,,,0,-47.43724595755339,0.02251633256673813,-0.038919322192668915,0.0042173126712441444,-0.45021193175523166
2024-07-18,fold_7,"Inflation bear, AI rally and 2025",0.0024546533823013306,1,-0.008903156965970993,-1,-0.008903156965970993,-0.13913942278304603,,,,0,-89.03156965970993,0.014243781566619873,-0.045264601707458496,0.0024546533823013306,-0.8407390180070969
2024-07-19,fold_7,"Inflation bear, AI rally and 2025",0.0029652733355760574,1,0.014787793159484863,1,0.014787793159484863,-0.12435162962356117,,,,1,147.87793159484863,0.011632531881332397,-0.026157695800065994,0.0029652733355760574,1.3904370170925573
2024-07-22,fold_7,"Inflation bear, AI rally and 2025",-0.0016245357692241669,-1,-0.0035308548249304295,-1,0.0035308548249304295,-0.12082077479863074,,,,1,35.308548249304295,-0.0003472566604614258,-0.038938675075769424,-0.0016245357692241669,-0.31748379855643816
2024-07-23,fold_7,"Inflation bear, AI rally and 2025",-0.00021893810480833054,-1,-0.03652937710285187,-1,0.03652937710285187,-0.08429139769577887,,,,1,365.2937710285187,0.004196394234895706,-0.049234386533498764,-0.00021893810480833054,-3.366324504216688
2024-07-24,fold_7,"Inflation bear, AI rally and 2025",0.0005974117666482925,1,-0.011089004576206207,-1,-0.011089004576206207,-0.09538040227198508,,,,0,-110.89004576206207,0.007909093052148819,0.016459202393889427,0.0005974117666482925,-0.8311367073785129
2024-07-25,fold_7,"Inflation bear, AI rally and 2025",0.0013941619545221329,1,0.01020374707877636,1,0.01020374707877636,-0.08517665519320872,,,,1,102.0374707877636,0.008145902305841446,0.003028667066246271,0.0013941619545221329,0.7523452168158241
2024-07-26,fold_7,"Inflation bear, AI rally and 2025",-0.0009507946670055389,-1,0.0020068141166120768,1,-0.0020068141166120768,-0.0871834693098208,,,,0,-20.068141166120768,0.003444656729698181,-0.031196199357509613,-0.0009507946670055389,0.14604485969080083
2024-07-29,fold_7,"Inflation bear, AI rally and 2025",-0.0012249499559402466,-1,-0.013826565816998482,-1,0.013826565816998482,-0.07335690349282231,,,,1,138.26565816998482,6.230920553207397e-05,-0.063472680747509,-0.0012249499559402466,-1.0093074248608767
2024-07-30,fold_7,"Inflation bear, AI rally and 2025",3.9380043745040894e-05,1,0.029164211824536324,1,0.029164211824536324,-0.04419269166828599,,,,1,291.64211824536324,0.003764018416404724,-0.04013648256659508,3.9380043745040894e-05,2.085750291487153
2024-07-31,fold_7,"Inflation bear, AI rally and 2025",-0.007989057339727879,-1,-0.02451954036951065,-1,0.02451954036951065,-0.019673151298775338,,,,1,245.1954036951065,-0.018954448401927948,-0.080189548432827,-0.007989057339727879,-1.6077581412371202
2024-08-01,fold_7,"Inflation bear, AI rally and 2025",-0.0032434510067105293,-1,-0.024021118879318237,-1,0.024021118879318237,0.0043479675805429,,,,1,240.21118879318237,-0.005448959767818451,-0.025537710636854172,-0.0032434510067105293,-1.4920247357675547
2024-08-02,fold_7,"Inflation bear, AI rally and 2025",0.0009107152000069618,1,-0.030269667506217957,-1,-0.030269667506217957,-0.025921699925675057,,,,0,-302.69667506217957,0.0026745758950710297,0.0036923731677234173,0.0009107152000069618,-1.8003931776647635
2024-08-05,fold_7,"Inflation bear, AI rally and 2025",0.004224287811666727,1,0.009509631432592869,1,0.009509631432592869,-0.016412068493082188,,,,1,95.09631432592869,0.012523502111434937,0.03611313924193382,0.004224287811666727,0.524920691891243
2024-08-06,fold_7,"Inflation bear, AI rally and 2025",0.00023691635578870773,1,-0.01088885311037302,-1,-0.01088885311037302,-0.027300921603455208,,,,0,-108.8885311037302,0.006435159593820572,0.05111347883939743,0.00023691635578870773,-0.5969875219152809
2024-08-07,fold_7,"Inflation bear, AI rally and 2025",0.0031100139021873474,1,0.030132297426462173,1,0.030132297426462173,0.0028313758230069652,,,,1,301.32297426462173,0.012222632765769958,0.062326643615961075,0.0031100139021873474,1.6506589822195037
2024-08-08,fold_7,"Inflation bear, AI rally and 2025",-0.002340906299650669,-1,0.005208965390920639,1,-0.005208965390920639,-0.002377589567913674,,,,0,-52.08965390920639,0.0017560012638568878,0.05714362487196922,-0.002340906299650669,0.2768349311927352
2024-08-09,fold_7,"Inflation bear, AI rally and 2025",-0.0040900977328419685,-1,0.0021510969381779432,1,-0.0021510969381779432,-0.004528686506091617,,,,0,-21.510969381779432,-0.004149138927459717,0.05321963131427765,-0.0040900977328419685,0.1143798882170997
2024-08-12,fold_7,"Inflation bear, AI rally and 2025",-0.004698670469224453,-1,0.02450997196137905,1,-0.02450997196137905,-0.029038658467470668,,,,0,-245.0997196137905,-0.010015606880187988,0.06411891430616379,-0.004698670469224453,1.303501943679819
2024-08-13,fold_7,"Inflation bear, AI rally and 2025",-0.006525103934109211,-1,0.00032431332510896027,1,-0.00032431332510896027,-0.02936297179257963,,,,0,-3.2431332510896027,-0.015466772019863129,0.03750813379883766,-0.006525103934109211,0.01655891126018704
2024-08-14,fold_7,"Inflation bear, AI rally and 2025",-0.007264380343258381,-1,0.024949276819825172,1,-0.024949276819825172,-0.0543122486124048,,,,0,-249.49276819825172,-0.01562703400850296,0.041837096214294434,-0.007264380343258381,1.3546411923098562
2024-08-15,fold_7,"Inflation bear, AI rally and 2025",-0.007501480169594288,-1,0.0012849696213379502,1,-0.0012849696213379502,-0.05559721823374275,,,,0,-12.849696213379502,-0.01970430463552475,0.0009060029406100512,-0.007501480169594288,0.0668740747706282
2024-08-16,fold_7,"Inflation bear, AI rally and 2025",-0.004218016751110554,-1,0.0130503810942173,1,-0.0130503810942173,-0.06864759932796005,,,,0,-130.503810942173,-0.008206464350223541,0.010408023372292519,-0.004218016751110554,0.6827829402239022
2024-08-19,fold_7,"Inflation bear, AI rally and 2025",-0.004809609614312649,-1,-0.002100807148963213,-1,0.002100807148963213,-0.06654679217899684,,,,1,21.00807148963213,-0.011078432202339172,-0.012398049235343933,-0.004809609614312649,-0.11027773996348064
2024-08-20,fold_7,"Inflation bear, AI rally and 2025",-0.0033956561237573624,-1,0.004653274081647396,1,-0.004653274081647396,-0.07120006626064423,,,,0,-46.53274081647396,-0.004406750202178955,-0.007314376067370176,-0.0033956561237573624,0.2444000893406978
2024-08-21,fold_7,"Inflation bear, AI rally and 2025",-0.003013152629137039,-1,-0.01598181575536728,-1,0.01598181575536728,-0.055218250505276956,,,,1,159.8181575536728,-0.0009490326046943665,-0.023379897698760033,-0.003013152629137039,-0.9275646245457356
2024-08-22,fold_7,"Inflation bear, AI rally and 2025",-0.0007805358618497849,-1,0.010786990635097027,1,-0.010786990635097027,-0.06600524114037398,,,,0,-107.86990635097027,0.006071966141462326,-0.008863111026585102,-0.0007805358618497849,0.6191949924164502
2024-08-23,fold_7,"Inflation bear, AI rally and 2025",-0.002803884446620941,-1,-0.009755691513419151,-1,0.009755691513419151,-0.05624954962695483,,,,1,97.55691513419151,0.0035174712538719177,-0.007801180239766836,-0.002803884446620941,-0.559432470656507
2024-08-26,fold_7,"Inflation bear, AI rally and 2025",-0.0009048981592059135,-1,0.0029828662518411875,1,-0.0029828662518411875,-0.05923241587879602,,,,0,-29.828662518411875,0.008052602410316467,-0.028876792639493942,-0.0009048981592059135,0.16978265810020524
2024-08-27,fold_7,"Inflation bear, AI rally and 2025",-0.0006540771573781967,-1,-0.011412248015403748,-1,0.011412248015403748,-0.04782016786339227,,,,1,114.12248015403748,0.009443119168281555,-0.03446156159043312,-0.0006540771573781967,-0.659384942491126
2024-08-28,fold_7,"Inflation bear, AI rally and 2025",0.0020343223586678505,1,-0.0014650279190391302,-1,-0.0014650279190391302,-0.0492851957824314,,,,0,-14.650279190391302,0.016276299953460693,-0.02211609296500683,0.0020343223586678505,-0.0902464387601881
2024-08-29,fold_7,"Inflation bear, AI rally and 2025",0.0014686984941363335,1,0.011848920956254005,1,0.011848920956254005,-0.037436274826177396,,,,1,118.48920956254005,0.013264000415802002,-0.04780372232198715,0.0014686984941363335,0.7752877777932282
2024-08-30,fold_7,"Inflation bear, AI rally and 2025",0.00011689122766256332,1,-0.03083130531013012,-1,-0.03083130531013012,-0.06826758013630752,,,,0,-308.3130531013012,0.005720864981412888,-0.046875014901161194,0.00011689122766256332,-2.118767250124786
2024-09-03,fold_7,"Inflation bear, AI rally and 2025",0.004854544065892696,1,-0.0026019022334367037,-1,-0.0026019022334367037,-0.07086948236974422,,,,0,-26.019022334367037,0.01696637272834778,-0.006844343151897192,0.004854544065892696,-0.17808602031578946
2024-09-04,fold_7,"Inflation bear, AI rally and 2025",0.004133977461606264,1,0.0009332209010608494,1,0.0009332209010608494,-0.06993626146868337,,,,1,9.332209010608494,0.014673754572868347,0.017240503802895546,0.004133977461606264,0.06450909024050137
2024-09-05,fold_7,"Inflation bear, AI rally and 2025",0.0016308007761836052,1,-0.02715265564620495,-1,-0.02715265564620495,-0.09708891711488832,,,,0,-271.5265564620495,0.008442606776952744,0.026075517758727074,0.0016308007761836052,-1.9038919504433214
2024-09-06,fold_7,"Inflation bear, AI rally and 2025",0.0022499635815620422,1,0.012777626514434814,1,0.012777626514434814,-0.0843112906004535,,,,1,127.77626514434814,0.009801313281059265,0.05769813060760498,0.0022499635815620422,0.9153524726053623
2024-09-09,fold_7,"Inflation bear, AI rally and 2025",-0.0007030628621578217,-1,0.009199365973472595,1,-0.009199365973472595,-0.0935106565739261,,,,0,-91.99365973472595,0.001927398145198822,0.040492791682481766,-0.0007030628621578217,0.6477990684838638
2024-09-10,fold_7,"Inflation bear, AI rally and 2025",-0.0033568665385246277,-1,0.02148294448852539,1,-0.02148294448852539,-0.11499360106245149,,,,0,-214.8294448852539,-0.0027294307947158813,0.03182163089513779,-0.0033568665385246277,1.4979981112463576
2024-09-11,fold_7,"Inflation bear, AI rally and 2025",-0.007358296774327755,-1,0.009768233634531498,1,-0.009768233634531498,-0.12476183469698299,,,,0,-97.68233634531498,-0.013926081359386444,0.005999751389026642,-0.007358296774327755,0.6929635978910342
2024-09-12,fold_7,"Inflation bear, AI rally and 2025",-0.007327512837946415,-1,0.004469958133995533,1,-0.004469958133995533,-0.12923179283097852,,,,0,-44.69958133995533,-0.013321302831172943,0.02120135724544525,-0.007327512837946415,0.31336561528243373
2024-09-13,fold_7,"Inflation bear, AI rally and 2025",-0.005622816272079945,-1,-0.004427712876349688,-1,0.004427712876349688,-0.12480407995462883,,,,1,44.277128763496876,-0.01144716888666153,0.014826271682977676,-0.005622816272079945,-0.3362951999478053
2024-09-16,fold_7,"Inflation bear, AI rally and 2025",-0.005780783481895924,-1,0.0005282060010358691,1,-0.0005282060010358691,-0.1253322859556647,,,,0,-5.282060010358691,-0.012521952390670776,0.021901145577430725,-0.005780783481895924,0.04001501336320814
2024-09-17,fold_7,"Inflation bear, AI rally and 2025",-0.004873971454799175,-1,-0.0043389336206018925,-1,0.0043389336206018925,-0.12099335233506281,,,,1,43.389336206018925,-0.010734640061855316,0.026184871792793274,-0.004873971454799175,-0.33702704962507524
2024-09-18,fold_7,"Inflation bear, AI rally and 2025",-0.0028442153707146645,-1,0.024969838559627533,1,-0.024969838559627533,-0.14596319089469034,,,,0,-249.69838559627533,-0.0027486905455589294,0.031450558453798294,-0.0028442153707146645,1.9353316350330982
2024-09-19,fold_7,"Inflation bear, AI rally and 2025",-0.005189203657209873,-1,-0.001905126846395433,-1,0.001905126846395433,-0.1440580640482949,,,,1,19.05126846395433,-0.008403852581977844,0.013965615071356297,-0.005189203657209873,-0.13588783905280025
2024-09-20,fold_7,"Inflation bear, AI rally and 2025",-0.0022346265614032745,-1,0.00264716031961143,1,-0.00264716031961143,-0.14670522436790634,,,,0,-26.4716031961143,-0.004136413335800171,0.010298335924744606,-0.0022346265614032745,0.19516890485055438
2024-09-23,fold_7,"Inflation bear, AI rally and 2025",-0.0031064674258232117,-1,0.004811933264136314,1,-0.004811933264136314,-0.15151715763204265,,,,0,-48.119332641363144,-0.0035456418991088867,0.010359362699091434,-0.0031064674258232117,0.3601650575373757
2024-09-24,fold_7,"Inflation bear, AI rally and 2025",-0.0020803529769182205,-1,0.000926753506064415,1,-0.000926753506064415,-0.15244391113810707,,,,0,-9.26753506064415,0.001256704330444336,-0.00848300475627184,-0.0020803529769182205,0.07007636915393543
2024-09-25,fold_7,"Inflation bear, AI rally and 2025",-0.0015348028391599655,-1,0.007484894711524248,1,-0.007484894711524248,-0.15992880584963132,,,,0,-74.84894711524248,-0.0004571974277496338,-0.0079979058355093,-0.0015348028391599655,0.5666209948426726
2024-09-26,fold_7,"Inflation bear, AI rally and 2025",-0.001584080047905445,-1,-0.005572405643761158,-1,0.005572405643761158,-0.15435640020587016,,,,1,55.72405643761158,0.0012393444776535034,-0.01623002626001835,-0.001584080047905445,-0.42640010528638966
2024-09-27,fold_7,"Inflation bear, AI rally and 2025",-0.0008817985653877258,-1,0.002708186861127615,1,-0.002708186861127615,-0.15706458706699777,,,,0,-27.08186861127615,0.005735877901315689,0.0011703327763825655,-0.0008817985653877258,0.20635895787142886
2024-09-30,fold_7,"Inflation bear, AI rally and 2025",-0.0009374190121889114,-1,-0.01403043419122696,-1,0.01403043419122696,-0.14303415287577081,,,,1,140.3043419122696,0.004271291196346283,-0.01230729091912508,-0.0009374190121889114,-1.0903610458416224
2024-10-01,fold_7,"Inflation bear, AI rally and 2025",0.0018419651314616203,1,0.0014118520775809884,1,0.0014118520775809884,-0.14162230079818983,,,,1,14.118520775809884,0.00881810113787651,0.01654731296002865,0.0018419651314616203,0.12484405696456018
2024-10-02,fold_7,"Inflation bear, AI rally and 2025",0.0016954736784100533,1,-0.0007472253055311739,-1,-0.0007472253055311739,-0.142369526103721,,,,0,-7.4722530553117394,0.008126482367515564,0.022973094135522842,0.0016954736784100533,-0.06613572954546378
2024-10-03,fold_7,"Inflation bear, AI rally and 2025",-0.0006866026669740677,-1,0.011827953159809113,1,-0.011827953159809113,-0.1541974792635301,,,,0,-118.27953159809113,-0.005404237657785416,0.022584062069654465,-0.0006866026669740677,1.0469375004229724
2024-10-04,fold_7,"Inflation bear, AI rally and 2025",-0.0036609116941690445,-1,-0.010769437067210674,-1,0.010769437067210674,-0.14342804219631944,,,,1,107.69437067210674,-0.006846927106380463,0.012317989021539688,-0.0036609116941690445,-1.0891617760661183
2024-10-07,fold_7,"Inflation bear, AI rally and 2025",-0.0035406453534960747,-1,0.014824170619249344,1,-0.014824170619249344,-0.15825221281556878,,,,0,-148.24170619249344,-0.012165762484073639,0.03144397586584091,-0.0035406453534960747,1.5176988523165102
2024-10-08,fold_7,"Inflation bear, AI rally and 2025",-0.0032957792282104492,-1,0.007837631739675999,1,-0.007837631739675999,-0.16608984455524478,,,,0,-78.37631739675999,-0.0028450116515159607,0.0031628955621272326,-0.0032957792282104492,0.7754292898477891
2024-10-09,fold_7,"Inflation bear, AI rally and 2025",-0.0029734717682003975,-1,-0.0011362562654539943,-1,0.0011362562654539943,-0.1649535882897908,,,,1,11.362562654539943,0.0038957148790359497,-0.004552541300654411,-0.0029734717682003975,-0.1253588476074635
2024-10-10,fold_7,"Inflation bear, AI rally and 2025",-0.0022522257640957832,-1,0.001561879413202405,1,-0.001561879413202405,-0.1665154677029932,,,,0,-15.61879413202405,0.00890735536813736,-0.0027240037452429533,-0.0022522257640957832,0.17747454318489056
2024-10-11,fold_7,"Inflation bear, AI rally and 2025",-0.0009442232549190521,-1,0.008356551639735699,1,-0.008356551639735699,-0.1748720193427289,,,,0,-83.56551639735699,0.013425491750240326,0.002247402211651206,-0.0009442232549190521,0.9549677424647902
2024-10-14,fold_7,"Inflation bear, AI rally and 2025",-0.001903001219034195,-1,-0.013456911779940128,-1,0.013456911779940128,-0.16141510756278876,,,,1,134.56911779940128,0.008655928075313568,-0.004189664032310247,-0.001903001219034195,-1.5132110812818254
2024-10-15,fold_7,"Inflation bear, AI rally and 2025",0.0003034435212612152,1,0.0001221949642058462,1,0.0001221949642058462,-0.16129291259858292,,,,1,1.221949642058462,0.015315406024456024,0.010356641374528408,0.0003034435212612152,0.013016782504661328
2024-10-16,fold_7,"Inflation bear, AI rally and 2025",0.0008714180439710617,1,0.0006922814645804465,1,0.0006922814645804465,-0.16060063113400247,,,,1,6.922814645804465,0.016804806888103485,-0.005208073649555445,0.0008714180439710617,0.07414180294465159
2024-10-17,fold_7,"Inflation bear, AI rally and 2025",0.001269729807972908,1,0.006533285602927208,1,0.006533285602927208,-0.15406734553107526,,,,1,65.33285602927208,0.015585537999868393,0.002175822388380766,0.001269729807972908,0.8727836942491176
2024-10-18,fold_7,"Inflation bear, AI rally and 2025",0.0012719100341200829,1,0.0019194857450202107,1,0.0019194857450202107,-0.15214785978605505,,,,1,19.194857450202107,0.016782216727733612,0.0017176733817905188,0.0012719100341200829,0.2520701414263569
2024-10-21,fold_7,"Inflation bear, AI rally and 2025",-0.0004741465672850609,-1,0.0010893935104832053,1,-0.0010893935104832053,-0.15323725329653826,,,,0,-10.893935104832053,0.011676326394081116,-4.0421302401227877e-05,-0.0004741465672850609,0.1432664185763382
2024-10-22,fold_7,"Inflation bear, AI rally and 2025",-0.001370360143482685,-1,-0.015442520380020142,-1,0.015442520380020142,-0.13779473291651811,,,,1,154.42520380020142,0.008877389132976532,0.008432736620306969,-0.001370360143482685,-2.05041872134211
2024-10-23,fold_7,"Inflation bear, AI rally and 2025",-0.002106133848428726,-1,0.008076177909970284,1,-0.008076177909970284,-0.1458709108264884,,,,0,-80.76177909970284,0.004835508763790131,0.016289012506604195,-0.002106133848428726,0.975069619641989
2024-10-24,fold_7,"Inflation bear, AI rally and 2025",-0.002625986933708191,-1,0.006075136363506317,1,-0.006075136363506317,-0.15194604718999472,,,,0,-60.75136363506317,0.0025724172592163086,-0.01735398918390274,-0.002625986933708191,0.7310287339358255
2024-10-25,fold_7,"Inflation bear, AI rally and 2025",-0.004019654355943203,-1,0.00016139104263857007,1,-0.00016139104263857007,-0.15210743823263329,,,,0,-1.6139104263857007,-0.003852151334285736,-0.016057491302490234,-0.004019654355943203,0.019379350634746075
2024-10-28,fold_7,"Inflation bear, AI rally and 2025",-0.002916170284152031,-1,0.00956255104392767,1,-0.00956255104392767,-0.16166998927656095,,,,0,-95.6255104392767,0.0018142648041248322,-0.019136182963848114,-0.002916170284152031,1.1512792631994628
2024-10-29,fold_7,"Inflation bear, AI rally and 2025",-0.002545500174164772,-1,-0.007586243096739054,-1,0.007586243096739054,-0.1540837461798219,,,,1,75.86243096739054,0.0025735236704349518,-0.016022659838199615,-0.002545500174164772,-0.9503655323814653
2024-10-30,fold_7,"Inflation bear, AI rally and 2025",-0.0008197305724024773,-1,-0.02556682378053665,-1,0.02556682378053665,-0.12851692239928525,,,,1,255.66823780536652,0.004732508212327957,0.018364498391747475,-0.0008197305724024773,-3.135267415563969
2024-10-31,fold_7,"Inflation bear, AI rally and 2025",0.00023037847131490707,1,0.007371632847934961,1,0.007371632847934961,-0.12114528955135029,,,,1,73.71632847934961,2.9198825359344482e-05,0.05955290049314499,0.00023037847131490707,0.7403067553257175
2024-11-01,fold_7,"Inflation bear, AI rally and 2025",-0.0007543247193098068,-1,-0.0029172992799431086,-1,0.0029172992799431086,-0.11822799027140718,,,,1,29.172992799431086,-0.0019249431788921356,0.05334897339344025,-0.0007543247193098068,-0.29950634869518994
2024-11-04,fold_7,"Inflation bear, AI rally and 2025",-0.0015948107466101646,-1,0.012676074169576168,1,-0.012676074169576168,-0.13090406444098335,,,,0,-126.76074169576168,-0.00934184342622757,0.055682770907878876,-0.0015948107466101646,1.3398945483494553
2024-11-05,fold_7,"Inflation bear, AI rally and 2025",-0.002651263028383255,-1,0.026800915598869324,1,-0.026800915598869324,-0.15770498003985267,,,,0,-268.00915598869324,-0.011929571628570557,0.04119488596916199,-0.002651263028383255,2.8808626073089583
2024-11-06,fold_7,"Inflation bear, AI rally and 2025",-0.008491351269185543,-1,0.015621576458215714,1,-0.015621576458215714,-0.17332655649806838,,,,0,-156.21576458215714,-0.01949147880077362,0.01310655102133751,-0.008491351269185543,1.4296840550942842
2024-11-07,fold_7,"Inflation bear, AI rally and 2025",-0.006999432109296322,-1,0.0011677085421979427,1,-0.0011677085421979427,-0.17449426504026633,,,,0,-11.677085421979427,-0.01166650652885437,-0.00948903989046812,-0.006999432109296322,0.10181834569816123
2024-11-08,fold_7,"Inflation bear, AI rally and 2025",-0.004522760398685932,-1,-0.0005835042102262378,-1,0.0005835042102262378,-0.1739107608300401,,,,1,5.835042102262378,-0.008486144244670868,-0.034771133214235306,-0.004522760398685932,-0.05088905969453027
2024-11-11,fold_7,"Inflation bear, AI rally and 2025",-0.0041881464421749115,-1,-0.0018118094885721803,-1,0.0018118094885721803,-0.1720989513414679,,,,1,18.118094885721803,-0.003211870789527893,-0.02726396732032299,-0.0041881464421749115,-0.16014334393689053
2024-11-12,fold_7,"Inflation bear, AI rally and 2025",-0.0032994309440255165,-1,-0.0012874208623543382,-1,0.0012874208623543382,-0.17081153047911357,,,,1,12.874208623543382,0.0018051154911518097,-0.018596025183796883,-0.0032994309440255165,-0.11796369941144873
2024-11-13,fold_7,"Inflation bear, AI rally and 2025",-0.0024688541889190674,-1,-0.006974013987928629,-1,0.006974013987928629,-0.16383751649118494,,,,1,69.74013987928629,0.0028655417263507843,-0.01788480579853058,-0.0024688541889190674,-0.6387942340020782
2024-11-14,fold_7,"Inflation bear, AI rally and 2025",-0.0031869811937212944,-1,-0.02411438338458538,-1,0.02411438338458538,-0.13972313310659956,,,,1,241.1438338458538,0.004987645894289017,-0.00732002779841423,-0.0031869811937212944,-2.1868111876517204
2024-11-15,fold_7,"Inflation bear, AI rally and 2025",-0.001194581389427185,-1,0.006923658773303032,1,-0.006923658773303032,-0.1466467918799026,,,,0,-69.23658773303032,0.007186997681856155,0.018397189676761627,-0.001194581389427185,0.5680860031384004
2024-11-18,fold_7,"Inflation bear, AI rally and 2025",-0.0020791692659258842,-1,0.006856133230030537,1,-0.006856133230030537,-0.15350292510993313,,,,0,-68.56133230030537,0.0017185881733894348,0.01305388379842043,-0.0020791692659258842,0.558401971919163
2024-11-19,fold_7,"Inflation bear, AI rally and 2025",-0.002390308305621147,-1,-0.0005762007203884423,-1,0.0005762007203884423,-0.1529267243895447,,,,1,5.762007203884423,-0.0025315620005130768,0.01155262440443039,-0.002390308305621147,-0.046576442710721276
2024-11-20,fold_7,"Inflation bear, AI rally and 2025",-0.002914826385676861,-1,0.0035907637793570757,1,-0.0035907637793570757,-0.15651748816890176,,,,0,-35.90763779357076,-0.0009575225412845612,0.0042242552153766155,-0.002914826385676861,0.30225052300490235
2024-11-21,fold_7,"Inflation bear, AI rally and 2025",-0.0038870815187692642,-1,0.0016028343234211206,1,-0.0016028343234211206,-0.15812032249232288,,,,0,-16.028343234211206,-0.0022208131849765778,0.00938198808580637,-0.0038870815187692642,0.1361859766994263
2024-11-22,fold_7,"Inflation bear, AI rally and 2025",-0.003920447081327438,-1,0.0015803531277924776,1,-0.0015803531277924776,-0.15970067562011536,,,,0,-15.803531277924776,-0.0014946237206459045,0.01860809698700905,-0.003920447081327438,0.13511581519797833
2024-11-25,fold_7,"Inflation bear, AI rally and 2025",-0.00427726935595274,-1,0.0053548733703792095,1,-0.0053548733703792095,-0.16505554899049457,,,,0,-53.548733703792095,-0.003712337464094162,0.020089376717805862,-0.00427726935595274,0.457620211764222
2024-11-26,fold_7,"Inflation bear, AI rally and 2025",-0.0030854949727654457,-1,-0.007904569618403912,-1,0.007904569618403912,-0.15715097937209066,,,,1,79.04569618403912,-0.00047393888235092163,0.027021605521440506,-0.0030854949727654457,-0.6833908702918953
2024-11-27,fold_7,"Inflation bear, AI rally and 2025",-0.0011723777279257774,-1,0.008748495951294899,1,-0.008748495951294899,-0.16589947532338556,,,,0,-87.48495951294899,0.0058100298047065735,0.03215114027261734,-0.0011723777279257774,0.7556567176370566
2024-11-29,fold_7,"Inflation bear, AI rally and 2025",-0.0026211123913526535,-1,0.010828942991793156,1,-0.010828942991793156,-0.17672841831517871,,,,0,-108.28942991793156,0.003392457962036133,0.03231269493699074,-0.0026211123913526535,1.055899376910174
2024-12-02,fold_7,"Inflation bear, AI rally and 2025",-0.003909468650817871,-1,0.003061633324250579,1,-0.003061633324250579,-0.1797900516394293,,,,0,-30.61633324250579,-0.006180513650178909,0.013665560632944107,-0.003909468650817871,0.29416382393420215
2024-12-03,fold_7,"Inflation bear, AI rally and 2025",-0.0029032202437520027,-1,0.01228710263967514,1,-0.01228710263967514,-0.19207715427910443,,,,0,-122.8710263967514,-0.003382474184036255,0.007190646603703499,-0.0029032202437520027,1.180318253081192
2024-12-04,fold_7,"Inflation bear, AI rally and 2025",-0.003030112013220787,-1,-0.0027750355657190084,-1,0.0027750355657190084,-0.18930211871338543,,,,1,27.750355657190084,-0.006159834563732147,0.012647631578147411,-0.003030112013220787,-0.2671733985316268
2024-12-05,fold_7,"Inflation bear, AI rally and 2025",-0.0033220574259757996,-1,0.008910051546990871,1,-0.008910051546990871,-0.1982121702603763,,,,0,-89.10051546990871,-0.0065153539180755615,0.008947910740971565,-0.0033220574259757996,1.0474948066388639
2024-12-06,fold_7,"Inflation bear, AI rally and 2025",-0.0034966478124260902,-1,-0.007818191312253475,-1,0.007818191312253475,-0.19039397894812282,,,,1,78.18191312253475,-0.009050711989402771,0.007663036696612835,-0.0034966478124260902,-0.9763530416449152
2024-12-09,fold_7,"Inflation bear, AI rally and 2025",-0.0017981790006160736,-1,-0.0034132804721593857,-1,0.0034132804721593857,-0.18698069847596344,,,,1,34.13280472159386,-0.003932878375053406,0.029779212549328804,-0.0017981790006160736,-0.41666036610704454
2024-12-10,fold_7,"Inflation bear, AI rally and 2025",-0.0006636446341872215,-1,0.017744088545441628,1,-0.017744088545441628,-0.20472478702140506,,,,0,-177.44088545441628,0.0001265592873096466,0.028778880834579468,-0.0006636446341872215,2.1569583437642637
2024-12-11,fold_7,"Inflation bear, AI rally and 2025",-0.0021725818514823914,-1,-0.006474756635725498,-1,0.006474756635725498,-0.19825003038567957,,,,1,64.74756635725498,-0.0053152889013290405,-0.025708824396133423,-0.0021725818514823914,-0.7096169509710132
2024-12-12,fold_7,"Inflation bear, AI rally and 2025",-0.002451506443321705,-1,0.007625177036970854,1,-0.007625177036970854,-0.20587520742265042,,,,0,-76.25177036970854,-0.005561418831348419,-0.023697493597865105,-0.002451506443321705,0.8257751735954242
2024-12-13,fold_7,"Inflation bear, AI rally and 2025",-0.0039302511140704155,-1,0.01429798360913992,1,-0.01429798360913992,-0.22017319103179034,,,,0,-142.9798360913992,-0.009196870028972626,-0.022628068923950195,-0.0039302511140704155,1.5441146298969766
2024-12-16,fold_7,"Inflation bear, AI rally and 2025",-0.004879108630120754,-1,-0.004413610324263573,-1,0.004413610324263573,-0.21575958070752677,,,,1,44.13610324263573,-0.014343596994876862,-0.02723037078976631,-0.004879108630120754,-0.5396602766272658
2024-12-17,fold_7,"Inflation bear, AI rally and 2025",-0.004076116718351841,-1,-0.03674361854791641,-1,0.03674361854791641,-0.17901596215961035,,,,1,367.4361854791641,-0.011133410036563873,-0.00934807863086462,-0.004076116718351841,-4.541270883179465
2024-12-18,fold_7,"Inflation bear, AI rally and 2025",-0.0011436408385634422,-1,-0.004463426768779755,-1,0.004463426768779755,-0.1745525353908306,,,,1,44.634267687797546,-0.007045425474643707,0.026716021820902824,-0.0011436408385634422,-0.39053926853043847
2024-12-19,fold_7,"Inflation bear, AI rally and 2025",-0.0029423655942082405,-1,0.00869460217654705,1,-0.00869460217654705,-0.18324713756737765,,,,0,-86.9460217654705,-0.009911790490150452,0.017797116190195084,-0.0029423655942082405,0.7579205871356646
2024-12-20,fold_7,"Inflation bear, AI rally and 2025",-0.0017860857769846916,-1,0.009695682674646378,1,-0.009695682674646378,-0.19294282024202403,,,,0,-96.95682674646378,-0.006689243018627167,-0.004286685958504677,-0.0017860857769846916,0.8352949709807537
2024-12-23,fold_7,"Inflation bear, AI rally and 2025",-0.0024572117254137993,-1,0.013468680903315544,1,-0.013468680903315544,-0.20641150114533957,,,,0,-134.68680903315544,-0.0068518370389938354,-0.02251328155398369,-0.0024572117254137993,1.1411439948871818
2024-12-24,fold_7,"Inflation bear, AI rally and 2025",-0.0027501732110977173,-1,-0.000679517223034054,-1,0.000679517223034054,-0.20573198392230552,,,,1,6.79517223034054,-0.0009228959679603577,-0.03793996945023537,-0.0027501732110977173,-0.05580862951838488
2024-12-26,fold_7,"Inflation bear, AI rally and 2025",-0.0039023030549287796,-1,-0.01338233333081007,-1,0.01338233333081007,-0.19234965059149545,,,,1,133.8233333081007,2.2269785404205322e-05,-0.02102765068411827,-0.0039023030549287796,-1.104355311002339
2024-12-27,fold_7,"Inflation bear, AI rally and 2025",-0.0036330195143818855,-1,-0.013389199040830135,-1,0.013389199040830135,-0.1789604515506653,,,,1,133.89199040830135,-0.0003037378191947937,0.0037819980643689632,-0.0036330195143818855,-1.0836190505276386
2024-12-30,fold_7,"Inflation bear, AI rally and 2025",-0.0018314355984330177,-1,-0.008530912920832634,-1,0.008530912920832634,-0.17042953862983268,,,,1,85.30912920832634,0.001122020184993744,-0.0008342231158167124,-0.0018314355984330177,-0.6790967534261981
2024-12-31,fold_7,"Inflation bear, AI rally and 2025",0.001235896721482277,1,-0.001958006527274847,-1,-0.001958006527274847,-0.17238754515710752,,,,0,-19.58006527274847,0.009716860949993134,0.007871338166296482,0.001235896721482277,-0.15697591873959477
2025-01-02,fold_7,"Inflation bear, AI rally and 2025",0.0006110761314630508,1,0.016232801601290703,1,0.016232801601290703,-0.15615474355581682,,,,1,162.32801601290703,0.0039043277502059937,-0.005975963082164526,0.0006110761314630508,1.302564693849145
2025-01-03,fold_7,"Inflation bear, AI rally and 2025",-0.002661840058863163,-1,0.011427314952015877,1,-0.011427314952015877,-0.1675820585078327,,,,0,-114.27314952015877,-0.0008797459304332733,-0.025427700951695442,-0.002661840058863163,0.9007871628095191
2025-01-06,fold_7,"Inflation bear, AI rally and 2025",-0.0034475969150662422,-1,-0.01800542138516903,-1,0.01800542138516903,-0.14957663712266367,,,,1,180.0542138516903,0.0005693398416042328,-0.037804875522851944,-0.0034475969150662422,-1.3929812999224083
2025-01-07,fold_7,"Inflation bear, AI rally and 2025",-0.001021459698677063,-1,0.00017464857955928892,1,-0.00017464857955928892,-0.14975128570222296,,,,0,-1.7464857955928892,0.007451165467500687,0.0029459847137331963,-0.001021459698677063,0.013042302412667819
2025-01-08,fold_7,"Inflation bear, AI rally and 2025",-2.860836684703827e-05,-1,-0.015805307775735855,-1,0.015805307775735855,-0.1339459779264871,,,,1,158.05307775735855,0.014401134103536606,-0.004259203560650349,-2.860836684703827e-05,-1.1904829162064468
2025-01-10,fold_7,"Inflation bear, AI rally and 2025",0.0017878571525216103,1,-0.0032189367339015007,-1,-0.0032189367339015007,-0.1371649146603886,,,,0,-32.18936733901501,0.01100195199251175,0.028283799067139626,0.0017878571525216103,-0.23465888856546038
2025-01-13,fold_7,"Inflation bear, AI rally and 2025",0.0005618920549750328,1,-0.0009498588042333722,-1,-0.0009498588042333722,-0.13811477346462198,,,,0,-9.498588042333722,0.004673965275287628,0.03735056519508362,0.0005618920549750328,-0.07222777190658458
2025-01-14,fold_7,"Inflation bear, AI rally and 2025",0.0011422215029597282,1,0.022745439782738686,1,0.022745439782738686,-0.11536933368188329,,,,1,227.45439782738686,0.0023044347763061523,0.05100506544113159,0.0011422215029597282,1.7399232613692317
2025-01-15,fold_7,"Inflation bear, AI rally and 2025",-0.0026344554498791695,-1,-0.007030539680272341,-1,0.007030539680272341,-0.10833879400161095,,,,1,70.30539680272341,-0.0013405606150627136,0.030383583158254623,-0.0026344554498791695,-0.5049517597581288
2025-01-16,fold_7,"Inflation bear, AI rally and 2025",-0.0008660461753606796,-1,0.016737693920731544,1,-0.016737693920731544,-0.1250764879223425,,,,0,-167.37693920731544,0.0025734826922416687,0.03174690529704094,-0.0008660461753606796,1.2269209099107852
2025-01-17,fold_7,"Inflation bear, AI rally and 2025",-0.0024528559297323227,-1,0.005847829394042492,1,-0.005847829394042492,-0.13092431731638499,,,,0,-58.47829394042492,0.004489108920097351,-0.014537647366523743,-0.0024528559297323227,0.4143973905147078
2025-01-21,fold_7,"Inflation bear, AI rally and 2025",-0.0011631594970822334,-1,0.012704640626907349,1,-0.012704640626907349,-0.14362895794329233,,,,0,-127.04640626907349,0.004303444176912308,-0.005713867023587227,-0.0011631594970822334,1.100211193259038
2025-01-22,fold_7,"Inflation bear, AI rally and 2025",-0.0019638938829302788,-1,0.0021239574998617172,1,-0.0021239574998617172,-0.14575291544315405,,,,0,-21.239574998617172,0.0009176284074783325,-0.02029821276664734,-0.0019638938829302788,0.1792397771662967
2025-01-23,fold_7,"Inflation bear, AI rally and 2025",-0.0012111775577068329,-1,-0.005667216144502163,-1,0.005667216144502163,-0.1400856992986519,,,,1,56.67216144502163,0.004330787807703018,-0.018168844282627106,-0.0012111775577068329,-0.4844238379339672
2025-01-24,fold_7,"Inflation bear, AI rally and 2025",0.00045024510473012924,1,-0.029546858742833138,-1,-0.029546858742833138,-0.16963255804148503,,,,0,-295.4685874283314,0.011046819388866425,-0.013955770991742611,0.00045024510473012924,-2.554659461653467
2025-01-27,fold_7,"Inflation bear, AI rally and 2025",0.002789185382425785,1,0.014671609736979008,1,0.014671609736979008,-0.15496094830450602,,,,1,146.71609736979008,0.016309358179569244,0.007555878255516291,0.002789185382425785,1.1307622690069064
2025-01-28,fold_7,"Inflation bear, AI rally and 2025",0.001664135605096817,1,-0.0018797048833221197,-1,-0.0018797048833221197,-0.15684065318782814,,,,0,-18.797048833221197,0.007896099239587784,0.00508470181375742,0.001664135605096817,-0.14046057405372117
2025-01-29,fold_7,"Inflation bear, AI rally and 2025",0.001119423657655716,1,0.004253325052559376,1,0.004253325052559376,-0.15258732813526876,,,,1,42.53325052559376,0.005976825952529907,0.011492137797176838,0.001119423657655716,0.3259162506482828
2025-01-30,fold_7,"Inflation bear, AI rally and 2025",-0.0001506451517343521,-1,-0.0014541425043717027,-1,0.0014541425043717027,-0.15113318563089706,,,,1,14.541425043717027,0.0022800974547863007,0.01244503352791071,-0.0001506451517343521,-0.11415912596668515
2025-01-31,fold_7,"Inflation bear, AI rally and 2025",-0.0012946343049407005,-1,-0.008035209029912949,-1,0.008035209029912949,-0.1430979766009841,,,,1,80.35209029912949,-0.0020094923675060272,0.0012055110419169068,-0.0012946343049407005,-0.6377956415929221
2025-02-03,fold_7,"Inflation bear, AI rally and 2025",-0.0032208142802119255,-1,0.01220043282955885,1,-0.01220043282955885,-0.15529840943054296,,,,0,-122.0043282955885,-0.001117408275604248,0.021273206919431686,-0.0032208142802119255,0.9592780334475167
2025-02-04,fold_7,"Inflation bear, AI rally and 2025",-0.0033457372337579727,-1,0.004527731332927942,1,-0.004527731332927942,-0.1598261407634709,,,,0,-45.27731332927942,-0.0054439157247543335,0.006689184810966253,-0.0033457372337579727,0.36248105051066565
2025-02-05,fold_7,"Inflation bear, AI rally and 2025",-0.002273394726216793,-1,0.00520622031763196,1,-0.00520622031763196,-0.16503236108110286,,,,0,-52.0622031763196,0.0017487779259681702,0.0027484078891575336,-0.002273394726216793,0.424351776164534
2025-02-06,fold_7,"Inflation bear, AI rally and 2025",-0.002536788582801819,-1,-0.01269366405904293,-1,0.01269366405904293,-0.15233869702205993,,,,1,126.9366405904293,-0.0016584023833274841,0.011825453490018845,-0.002536788582801819,-1.0898155390432156
2025-02-07,fold_7,"Inflation bear, AI rally and 2025",-0.0016774870455265045,-1,0.012032486498355865,1,-0.012032486498355865,-0.1643711835204158,,,,0,-120.32486498355865,0.0033955127000808716,0.028708897531032562,-0.0016774870455265045,1.0036834697670374
2025-02-10,fold_7,"Inflation bear, AI rally and 2025",-0.0037271492183208466,-1,-0.002383588580414653,-1,0.002383588580414653,-0.16198759494000115,,,,1,23.83588580414653,-0.002530515193939209,0.018940920010209084,-0.0037271492183208466,-0.20256088020514224
2025-02-11,fold_7,"Inflation bear, AI rally and 2025",-0.0026185857132077217,-1,0.0005869545857422054,1,-0.0005869545857422054,-0.16257454952574335,,,,0,-5.869545857422054,2.0973384380340576e-06,0.021602557972073555,-0.0026185857132077217,0.04992246657520241
2025-02-12,fold_7,"Inflation bear, AI rally and 2025",-0.002505485899746418,-1,0.014283265918493271,1,-0.014283265918493271,-0.17685781544423662,,,,0,-142.8326591849327,0.0003604888916015625,0.016762059181928635,-0.002505485899746418,1.2149625157575195
2025-02-13,fold_7,"Inflation bear, AI rally and 2025",-0.0035240324214100838,-1,0.004189779050648212,1,-0.004189779050648212,-0.18104759449488483,,,,0,-41.897790506482124,-0.00037577375769615173,-0.01849435083568096,-0.0035240324214100838,0.3784886720745663
2025-02-14,fold_7,"Inflation bear, AI rally and 2025",-0.00407701451331377,-1,0.002264508744701743,1,-0.002264508744701743,-0.18331210323958658,,,,0,-22.64508744701743,-0.0032675936818122864,-0.034558553248643875,-0.00407701451331377,0.20591048791693217
2025-02-18,fold_7,"Inflation bear, AI rally and 2025",-0.0007508425042033195,-1,0.0002780499344225973,1,-0.0002780499344225973,-0.18359015317400917,,,,0,-2.780499344225973,0.007156543433666229,-0.049502383917570114,-0.0007508425042033195,0.02685567236901609
2025-02-19,fold_7,"Inflation bear, AI rally and 2025",-0.00019698496907949448,-1,-0.00425354391336441,-1,0.00425354391336441,-0.17933660926064476,,,,1,42.535439133644104,0.005920581519603729,-0.04736772179603577,-0.00019698496907949448,-0.4141406173823227
2025-02-20,fold_7,"Inflation bear, AI rally and 2025",-0.00046764686703681946,-1,-0.020973144099116325,-1,0.020973144099116325,-0.15836346516152844,,,,1,209.73144099116325,0.005055774003267288,-0.07127831876277924,-0.00046764686703681946,-2.115124717352403
2025-02-21,fold_7,"Inflation bear, AI rally and 2025",0.00177096389234066,1,-0.011874424293637276,-1,-0.011874424293637276,-0.17023788945516571,,,,0,-118.74424293637276,0.007367197424173355,-0.03463706746697426,0.00177096389234066,-1.083570530091159
2025-02-24,fold_7,"Inflation bear, AI rally and 2025",0.0009543774649500847,1,-0.012679321691393852,-1,-0.012679321691393852,-0.18291721114655957,,,,0,-126.79321691393852,0.006019230931997299,-0.04488817974925041,0.0009543774649500847,-1.1316524071712148
2025-02-25,fold_7,"Inflation bear, AI rally and 2025",0.0020917467772960663,1,0.002412711502984166,1,0.002412711502984166,-0.1805044996435754,,,,1,24.12711502984166,0.011726483702659607,-0.035231202840805054,0.0020917467772960663,0.2544313760054517
2025-02-26,fold_7,"Inflation bear, AI rally and 2025",0.001620810478925705,1,-0.02816414088010788,-1,-0.02816414088010788,-0.20866864052368328,,,,0,-281.6414088010788,0.01064307987689972,-0.02469206415116787,0.001620810478925705,-3.1597074203238327
2025-02-27,fold_7,"Inflation bear, AI rally and 2025",0.003930288832634687,1,0.015668107196688652,1,0.015668107196688652,-0.19300053332699463,,,,1,156.68107196688652,0.014749683439731598,-0.02442282810807228,0.003930288832634687,1.436683933453293
2025-02-28,fold_7,"Inflation bear, AI rally and 2025",0.0009033335372805595,1,-0.02212553843855858,-1,-0.02212553843855858,-0.2151260717655532,,,,0,-221.25538438558578,0.007438812404870987,-0.0327642448246479,0.0009033335372805595,-1.9382641638574425
2025-03-03,fold_7,"Inflation bear, AI rally and 2025",0.003743324428796768,1,-0.0030223436187952757,-1,-0.0030223436187952757,-0.21814841538434848,,,,0,-30.223436187952757,0.013013854622840881,-0.05016609653830528,0.003743324428796768,-0.2430142505803539
2025-03-04,fold_7,"Inflation bear, AI rally and 2025",0.001654333434998989,1,0.012951849959790707,1,0.012951849959790707,-0.20519656542455778,,,,1,129.51849959790707,0.0100364089012146,-0.04953701049089432,0.001654333434998989,1.0508624067943906
2025-03-05,fold_7,"Inflation bear, AI rally and 2025",0.0006568366661667824,1,-0.02789490483701229,-1,-0.02789490483701229,-0.23309147026157007,,,,0,-278.9490483701229,0.009444005787372589,-0.05127124860882759,0.0006568366661667824,-2.2562760531011747
2025-03-06,fold_7,"Inflation bear, AI rally and 2025",0.0021369876340031624,1,0.007326692808419466,1,0.007326692808419466,-0.2257647774531506,,,,1,73.26692808419466,0.014042355120182037,-0.04153061285614967,0.0021369876340031624,0.530514293447537
2025-03-07,fold_7,"Inflation bear, AI rally and 2025",2.3121945559978485e-05,1,-0.039527393877506256,-1,-0.039527393877506256,-0.26529217133065686,,,,0,-395.27393877506256,0.008317466825246811,-0.024974392727017403,2.3121945559978485e-05,-2.8521982387636458
2025-03-10,fold_7,"Inflation bear, AI rally and 2025",0.0031726891174912453,1,-0.002393258037045598,-1,-0.002393258037045598,-0.26768542936770245,,,,0,-23.93258037045598,0.015276819467544556,0.021015793085098267,0.0031726891174912453,-0.14782092154955517
2025-03-11,fold_7,"Inflation bear, AI rally and 2025",0.004135823808610439,1,0.011217612773180008,1,0.011217612773180008,-0.25646781659452245,,,,1,112.17612773180008,0.01614850014448166,0.0062147388234734535,0.004135823808610439,0.7022379003606621
2025-03-12,fold_7,"Inflation bear, AI rally and 2025",0.002478109672665596,1,-0.018154267221689224,-1,-0.018154267221689224,-0.27462208381621167,,,,0,-181.54267221689224,0.012334242463111877,0.008289692923426628,0.002478109672665596,-1.1233351275181127
2025-03-13,fold_7,"Inflation bear, AI rally and 2025",0.002011653035879135,1,0.0238829106092453,1,0.0238829106092453,-0.25073917320696637,,,,1,238.829106092453,0.014397144317626953,0.023048678413033485,0.002011653035879135,1.433327728065527
2025-03-14,fold_7,"Inflation bear, AI rally and 2025",-0.0025460626929998398,-1,0.006462794728577137,1,-0.006462794728577137,-0.2572019679355435,,,,0,-64.62794728577137,0.005176123231649399,0.002457075286656618,-0.0025460626929998398,0.3756676896084284
2025-03-17,fold_7,"Inflation bear, AI rally and 2025",-0.006227490492165089,-1,-0.017194312065839767,-1,0.017194312065839767,-0.24000765586970374,,,,1,171.94312065839767,-0.008215278387069702,0.017701327800750732,-0.006227490492165089,-0.997428633637089
2025-03-18,fold_7,"Inflation bear, AI rally and 2025",-0.0035293223336338997,-1,0.013292566873133183,1,-0.013292566873133183,-0.2533002227428369,,,,0,-132.92566873133183,0.004486687481403351,0.040585990995168686,-0.0035293223336338997,0.7529097085664618
2025-03-19,fold_7,"Inflation bear, AI rally and 2025",-0.005905476398766041,-1,-0.0033952805679291487,-1,0.0033952805679291487,-0.24990494217490777,,,,1,33.95280567929149,-0.005342245101928711,0.00872135628014803,-0.005905476398766041,-0.189645777621097
2025-03-20,fold_7,"Inflation bear, AI rally and 2025",-0.004973980598151684,-1,0.0032913063187152147,1,-0.0032913063187152147,-0.253196248493623,,,,0,-32.91306318715215,-0.0008509308099746704,0.006402337457984686,-0.004973980598151684,0.18393242786491146
2025-03-21,fold_7,"Inflation bear, AI rally and 2025",-0.0011784164234995842,-1,0.021707046777009964,1,-0.021707046777009964,-0.27490329527063295,,,,0,-217.07046777009964,0.006623558700084686,-0.023569578304886818,-0.0011784164234995842,1.2558823168990274
2025-03-24,fold_7,"Inflation bear, AI rally and 2025",-0.0032760417088866234,-1,0.005690351594239473,1,-0.005690351594239473,-0.2805936468648724,,,,0,-56.90351594239473,-0.0037522390484809875,-0.04531926289200783,-0.0032760417088866234,0.32048442258407656
2025-03-25,fold_7,"Inflation bear, AI rally and 2025",-0.0013131415471434593,-1,-0.018572067841887474,-1,0.018572067841887474,-0.26202157902298495,,,,1,185.72067841887474,0.003284633159637451,-0.04298087954521179,-0.0013131415471434593,-1.0568059807657881
2025-03-26,fold_7,"Inflation bear, AI rally and 2025",0.0007951268926262856,1,-0.005714299622923136,-1,-0.005714299622923136,-0.2677358786459081,,,,0,-57.14299622923136,0.010981325060129166,-0.017136819660663605,0.0007951268926262856,-0.3165865709902819
2025-03-27,fold_7,"Inflation bear, AI rally and 2025",0.0018442338332533836,1,-0.026680609211325645,-1,-0.026680609211325645,-0.29441648785723373,,,,0,-266.80609211325645,0.015682857483625412,-0.06644228845834732,0.0018442338332533836,-1.5728139846911706
2025-03-28,fold_7,"Inflation bear, AI rally and 2025",0.004854538012295961,1,-4.263700975570828e-05,-1,-4.263700975570828e-05,-0.29445912486698944,,,,0,-0.4263700975570828,0.021496925503015518,-0.10388310998678207,0.004854538012295961,-0.002417402521640605
2025-03-31,fold_7,"Inflation bear, AI rally and 2025",0.004127323627471924,1,0.008028735406696796,1,0.008028735406696796,-0.28643038946029264,,,,1,80.28735406696796,0.0179084874689579,-0.10143010318279266,0.004127323627471924,0.4742472209972108
2025-04-01,fold_7,"Inflation bear, AI rally and 2025",0.003574495203793049,1,0.007271991111338139,1,0.007271991111338139,-0.2791583983489545,,,,1,72.71991111338139,0.017256326973438263,-0.12763145565986633,0.003574495203793049,0.42748922377433163
2025-04-02,fold_7,"Inflation bear, AI rally and 2025",0.002883719280362129,1,-0.055019769817590714,-1,-0.055019769817590714,-0.3341781681665452,,,,0,-550.1976981759071,0.016527168452739716,-0.021547358483076096,0.002883719280362129,-3.2669603826950797
2025-04-03,fold_7,"Inflation bear, AI rally and 2025",0.007743861526250839,1,-0.06412143260240555,-1,-0.06412143260240555,-0.39829960076895077,,,,0,-641.2143260240555,0.02793668396770954,-0.009990752674639225,0.007743861526250839,-3.2218939204937738
2025-04-04,fold_7,"Inflation bear, AI rally and 2025",0.008835569955408573,1,0.0024103696923702955,1,0.0024103696923702955,-0.3958892310765805,,,,1,24.103696923702955,0.029613785445690155,0.07238619029521942,0.008835569955408573,0.09848710582561052
2025-04-07,fold_7,"Inflation bear, AI rally and 2025",0.007355865091085434,1,-0.01817261427640915,-1,-0.01817261427640915,-0.4140618453529896,,,,0,-181.7261427640915,0.027917616069316864,0.0767311081290245,0.007355865091085434,-0.796046233471477
2025-04-08,fold_7,"Inflation bear, AI rally and 2025",0.008546587079763412,1,0.1133560836315155,1,0.1133560836315155,-0.3007057617214741,,,,1,1133.560836315155,0.032703906297683716,0.09601788967847824,0.008546587079763412,4.889990120928103
2025-04-09,fold_7,"Inflation bear, AI rally and 2025",-0.00190774817019701,-1,-0.04346316307783127,-1,0.04346316307783127,-0.25724259864364285,,,,1,434.6316307783127,0.0026032626628875732,-0.0479557141661644,-0.00190774817019701,-1.2687291452129743
2025-04-10,fold_7,"Inflation bear, AI rally and 2025",0.0012526027858257294,1,0.01825551502406597,1,0.01825551502406597,-0.23898708361957688,,,,1,182.5551502406597,0.0025125443935394287,-0.004672687966376543,0.0012526027858257294,0.5160277596305618
2025-04-11,fold_7,"Inflation bear, AI rally and 2025",0.00141200702637434,1,0.006755282171070576,1,0.006755282171070576,-0.2322318014485063,,,,1,67.55282171070576,0.004396829754114151,-0.04798625782132149,0.00141200702637434,0.19186220783259403
2025-04-14,fold_7,"Inflation bear, AI rally and 2025",0.002577385865151882,1,0.0011141699505969882,1,0.0011141699505969882,-0.23111763149790931,,,,1,11.141699505969882,0.0027058422565460205,-0.028828177601099014,0.002577385865151882,0.0316419716434806
2025-04-15,fold_7,"Inflation bear, AI rally and 2025",0.0012657586485147476,1,-0.030617518350481987,-1,-0.030617518350481987,-0.2617351498483913,,,,0,-306.17518350481987,0.0024694502353668213,-0.007517511025071144,0.0012657586485147476,-0.8747330783313502
2025-04-16,fold_7,"Inflation bear, AI rally and 2025",0.004085499327629805,1,-0.00018013635417446494,-1,-0.00018013635417446494,-0.26191528620256577,,,,0,-1.8013635417446494,0.011382520198822021,0.05084860697388649,0.004085499327629805,-0.005068363389150477
2025-04-17,fold_7,"Inflation bear, AI rally and 2025",0.0043385145254433155,1,-0.02505805715918541,-1,-0.02505805715918541,-0.2869733433617512,,,,0,-250.5805715918541,0.021984267979860306,0.06211496889591217,0.0043385145254433155,-0.7052004373844853
2025-04-21,fold_7,"Inflation bear, AI rally and 2025",0.005500172730535269,1,0.025913363322615623,1,0.025913363322615623,-0.26105998003913555,,,,1,259.13363322615623,0.027172258123755455,0.08685559034347534,0.005500172730535269,0.720520723984611
2025-04-22,fold_7,"Inflation bear, AI rally and 2025",0.0021243784576654434,1,0.022424837574362755,1,0.022424837574362755,-0.2386351424647728,,,,1,224.24837574362755,0.021955639123916626,0.06752496212720871,0.0021243784576654434,0.6211222406699431
2025-04-23,fold_7,"Inflation bear, AI rally and 2025",-0.003125167451798916,-1,0.027748601511120796,1,-0.027748601511120796,-0.2663837439758936,,,,0,-277.48601511120796,0.0010500140488147736,0.04497391730546951,-0.003125167451798916,0.7617366307611424
2025-04-24,fold_7,"Inflation bear, AI rally and 2025",-0.007187343202531338,-1,0.01108622271567583,1,-0.01108622271567583,-0.2774699666915694,,,,0,-110.86222715675831,-0.009427197277545929,0.03020145744085312,-0.007187343202531338,0.30192364164997343
2025-04-25,fold_7,"Inflation bear, AI rally and 2025",-0.007392388768494129,-1,-0.00031743646832183003,-1,0.00031743646832183003,-0.2771525302232476,,,,1,3.1743646832183003,-0.014265894889831543,0.03385004773736,-0.007392388768494129,-0.008630674926025761
2025-04-28,fold_7,"Inflation bear, AI rally and 2025",-0.003965592943131924,-1,0.0065827397629618645,1,-0.0065827397629618645,-0.28373526998620946,,,,0,-65.82739762961864,-0.006902933120727539,0.028217311948537827,-0.003965592943131924,0.18137760637662514
2025-04-29,fold_7,"Inflation bear, AI rally and 2025",-0.005317813716828823,-1,-0.00012620817869901657,-1,0.00012620817869901657,-0.28360906180751044,,,,1,1.2620817869901657,-0.012101531028747559,0.012289345264434814,-0.005317813716828823,-0.0034746220771629953
2025-04-30,fold_7,"Inflation bear, AI rally and 2025",-0.005893717519938946,-1,0.012976137921214104,1,-0.012976137921214104,-0.29658519972872455,,,,0,-129.76137921214104,-0.01060948520898819,0.01633375883102417,-0.005893717519938946,0.35768155522795286
2025-05-01,fold_7,"Inflation bear, AI rally and 2025",-0.008479361422359943,-1,0.014734814874827862,1,-0.014734814874827862,-0.3113200146035524,,,,0,-147.34814874827862,-0.021992094814777374,0.013629618100821972,-0.008479361422359943,0.40527054453153283
2025-05-02,fold_7,"Inflation bear, AI rally and 2025",-0.007250879891216755,-1,-0.005950172431766987,-1,0.005950172431766987,-0.3053698421717854,,,,1,59.50172431766987,-0.01629817485809326,-0.0017607435584068298,-0.007250879891216755,-0.17311363003944677
2025-05-05,fold_7,"Inflation bear, AI rally and 2025",-0.005540552549064159,-1,-0.009345225989818573,-1,0.009345225989818573,-0.29602461618196685,,,,1,93.45225989818573,-0.014440834522247314,0.0441216379404068,-0.005540552549064159,-0.29888984103191907
2025-05-06,fold_7,"Inflation bear, AI rally and 2025",-0.001955444924533367,-1,0.003918205387890339,1,-0.003918205387890339,-0.2999428215698572,,,,0,-39.18205387890339,-0.0001600794494152069,0.06859263777732849,-0.001955444924533367,0.1250561344734105
2025-05-07,fold_7,"Inflation bear, AI rally and 2025",-0.004508559592068195,-1,0.010271997191011906,1,-0.010271997191011906,-0.3102148187608691,,,,0,-102.71997191011906,-0.010050252079963684,0.07064971327781677,-0.004508559592068195,0.3305092844591725
2025-05-08,fold_7,"Inflation bear, AI rally and 2025",-0.005261660553514957,-1,-0.00065554742468521,-1,0.00065554742468521,-0.3095592713361839,,,,1,6.5554742468521,-0.015427574515342712,0.06147606670856476,-0.005261660553514957,-0.036156972066067466
2025-05-09,fold_7,"Inflation bear, AI rally and 2025",-0.0036261901259422302,-1,0.03993220627307892,1,-0.03993220627307892,-0.3494914776092628,,,,0,-399.3220627307892,-0.007013775408267975,0.06647443026304245,-0.0036261901259422302,2.6088471223946046
2025-05-12,fold_7,"Inflation bear, AI rally and 2025",-0.007762550376355648,-1,0.01512577198445797,1,-0.01512577198445797,-0.36461724959372077,,,,0,-151.2577198445797,-0.02149101346731186,0.027500687167048454,-0.007762550376355648,0.8771644078400747
2025-05-13,fold_7,"Inflation bear, AI rally and 2025",-0.0034305276349186897,-1,0.005975283216685057,1,-0.005975283216685057,-0.37059253281040583,,,,0,-59.75283216685057,-0.0017682723701000214,0.009036059491336346,-0.0034305276349186897,0.34129920720393586
2025-05-14,fold_7,"Inflation bear, AI rally and 2025",-0.0010713497176766396,-1,0.0010983524844050407,1,-0.0010983524844050407,-0.37169088529481087,,,,0,-10.983524844050407,0.006747860461473465,-0.010933410376310349,-0.0010713497176766396,0.06256064208819194
2025-05-15,fold_7,"Inflation bear, AI rally and 2025",0.0007078973576426506,1,0.004342813044786453,1,0.004342813044786453,-0.3673480722500244,,,,1,43.42813044786453,0.010706178843975067,-0.010162297636270523,0.0007078973576426506,0.26859577139762664
2025-05-16,fold_7,"Inflation bear, AI rally and 2025",-0.00012545660138130188,-1,0.0009584668441675603,1,-0.0009584668441675603,-0.368306539094192,,,,0,-9.584668441675603,0.006754983216524124,-0.023808997124433517,-0.00012545660138130188,0.059173135968984825
2025-05-19,fold_7,"Inflation bear, AI rally and 2025",0.00027360115200281143,1,-0.00333885638974607,-1,-0.00333885638974607,-0.37164539548393805,,,,0,-33.3885638974607,0.005877599120140076,-0.0015147612430155277,0.00027360115200281143,-0.21967344676553358
2025-05-20,fold_7,"Inflation bear, AI rally and 2025",0.0005627581849694252,1,-0.01399418618530035,-1,-0.01399418618530035,-0.3856395816692384,,,,0,-139.9418618530035,0.00834314152598381,-0.002617579186335206,0.0005627581849694252,-0.9945301163410145
2025-05-21,fold_7,"Inflation bear, AI rally and 2025",0.0025017457082867622,1,0.0018694656901061535,1,0.0018694656901061535,-0.38377011597913224,,,,1,18.694656901061535,0.01660837233066559,0.013340315781533718,0.0025017457082867622,0.13832889935319634
2025-05-22,fold_7,"Inflation bear, AI rally and 2025",0.0007237829267978668,1,-0.009303887374699116,-1,-0.009303887374699116,-0.39307400335383136,,,,0,-93.03887374699116,0.009196773171424866,0.009892607107758522,0.0007237829267978668,-0.774461020632546
2025-05-23,fold_7,"Inflation bear, AI rally and 2025",0.0019955653697252274,1,0.0232527032494545,1,0.0232527032494545,-0.36982130010437686,,,,1,232.52703249454498,0.011171553283929825,0.027063505724072456,0.0019955653697252274,1.9478699600537477
2025-05-27,fold_7,"Inflation bear, AI rally and 2025",-0.002751464955508709,-1,-0.004441674333065748,-1,0.004441674333065748,-0.3653796257713111,,,,1,44.41674333065748,-0.0039662644267082214,0.011597446165978909,-0.002751464955508709,-0.34112939391963787
2025-05-28,fold_7,"Inflation bear, AI rally and 2025",-0.002440720796585083,-1,0.0019637085497379303,1,-0.0019637085497379303,-0.36734333432104904,,,,0,-19.637085497379303,-0.0047463662922382355,0.018823090940713882,-0.002440720796585083,0.15134440968446183
2025-05-29,fold_7,"Inflation bear, AI rally and 2025",-0.003929736092686653,-1,-0.0015782431000843644,-1,0.0015782431000843644,-0.3657650912209647,,,,1,15.782431000843644,-0.003986164927482605,0.009304034523665905,-0.003929736092686653,-0.12156701262634625
2025-05-30,fold_7,"Inflation bear, AI rally and 2025",-0.0028674043715000153,-1,0.007867010310292244,1,-0.007867010310292244,-0.3736321015312569,,,,0,-78.67010310292244,-0.002902790904045105,0.02061014249920845,-0.0028674043715000153,0.62145509353276
2025-06-02,fold_7,"Inflation bear, AI rally and 2025",-0.0035869749262928963,-1,0.007786644622683525,1,-0.007786644622683525,-0.38141874615394045,,,,0,-77.86644622683525,-0.00519225001335144,0.014214090071618557,-0.0035869749262928963,0.630565866011398
2025-06-03,fold_7,"Inflation bear, AI rally and 2025",-0.003086633048951626,-1,0.0027839706744998693,1,-0.0027839706744998693,-0.3842027168284403,,,,0,-27.839706744998693,-0.0037388987839221954,0.013019595295190811,-0.003086633048951626,0.22452047709836354
2025-06-04,fold_7,"Inflation bear, AI rally and 2025",-0.003038458526134491,-1,-0.0075553483329713345,-1,0.0075553483329713345,-0.376647368495469,,,,1,75.55348332971334,-0.0021059662103652954,0.006860374938696623,-0.003038458526134491,-0.617361654631516
2025-06-05,fold_7,"Inflation bear, AI rally and 2025",-0.0027408916503190994,-1,0.009727864526212215,1,-0.009727864526212215,-0.3863752330216812,,,,0,-97.27864526212215,0.0013579614460468292,0.01676086150109768,-0.0027408916503190994,0.7894022209341992
2025-06-06,fold_7,"Inflation bear, AI rally and 2025",-0.0040816087275743484,-1,0.001470958348363638,1,-0.001470958348363638,-0.38784619137004483,,,,0,-14.70958348363638,-0.0016137510538101196,-0.00560140423476696,-0.0040816087275743484,0.11958058444466334
2025-06-09,fold_7,"Inflation bear, AI rally and 2025",-0.0032884301617741585,-1,0.006592150311917067,1,-0.006592150311917067,-0.3944383416819619,,,,0,-65.92150311917067,-0.0008563585579395294,0.0067417314276099205,-0.0032884301617741585,0.5357510440066177
2025-06-10,fold_7,"Inflation bear, AI rally and 2025",-0.00316567812114954,-1,-0.003375249681994319,-1,0.003375249681994319,-0.3910630919999676,,,,1,33.75249681994319,-0.00036349520087242126,-0.009649480693042278,-0.00316567812114954,-0.3927775601112056
2025-06-11,fold_7,"Inflation bear, AI rally and 2025",-0.003619774244725704,-1,0.002345137996599078,1,-0.002345137996599078,-0.39340822999656666,,,,0,-23.451379965990782,-0.0020369142293930054,-0.0064444150775671005,-0.003619774244725704,0.2955188983284086
2025-06-12,fold_7,"Inflation bear, AI rally and 2025",-0.002941102720797062,-1,-0.012634401209652424,-1,0.012634401209652424,-0.38077382878691424,,,,1,126.34401209652424,-0.00202169269323349,-0.012881052680313587,-0.002941102720797062,-1.6115450914958678
2025-06-13,fold_7,"Inflation bear, AI rally and 2025",-0.0022502150386571884,-1,0.013814094476401806,1,-0.013814094476401806,-0.39458792326331604,,,,0,-138.14094476401806,-0.003170061856508255,0.009983260184526443,-0.0022502150386571884,1.658394163013713
2025-06-16,fold_7,"Inflation bear, AI rally and 2025",-0.005444561131298542,-1,-0.00979906227439642,-1,0.00979906227439642,-0.3847888609889196,,,,1,97.9906227439642,-0.010958954691886902,0.011345419101417065,-0.005444561131298542,-1.109638710114522
2025-06-17,fold_7,"Inflation bear, AI rally and 2025",-0.004706268198788166,-1,-0.00017018403741531074,-1,0.00017018403741531074,-0.3846186769515043,,,,1,1.7018403741531074,-0.011354587972164154,0.02369767054915428,-0.004706268198788166,-0.018709541966715384
2025-06-18,fold_7,"Inflation bear, AI rally and 2025",-0.006501725874841213,-1,-0.004091499838978052,-1,0.004091499838978052,-0.38052717711252626,,,,1,40.91499838978052,-0.014218129217624664,0.03317466005682945,-0.006501725874841213,-0.45132657086905426
2025-06-20,fold_7,"Inflation bear, AI rally and 2025",-0.007056840695440769,-1,0.010229912586510181,1,-0.010229912586510181,-0.39075708969903644,,,,0,-102.29912586510181,-0.01922113448381424,0.04068398103117943,-0.007056840695440769,1.1954519155541303
2025-06-23,fold_7,"Inflation bear, AI rally and 2025",-0.006293163634836674,-1,0.015176253393292427,1,-0.015176253393292427,-0.40593334309232887,,,,0,-151.76253393292427,-0.012226730585098267,0.03691010922193527,-0.006293163634836674,1.7152282168837871
2025-06-24,fold_7,"Inflation bear, AI rally and 2025",-0.005676533095538616,-1,0.002553190104663372,1,-0.002553190104663372,-0.40848653319699224,,,,0,-25.53190104663372,-0.009087510406970978,0.01326880045235157,-0.005676533095538616,0.2761633476020483
2025-06-25,fold_7,"Inflation bear, AI rally and 2025",-0.00442619901150465,-1,0.009306803345680237,1,-0.009306803345680237,-0.4177933365426725,,,,0,-93.06803345680237,-0.006434135138988495,0.0176568441092968,-0.00442619901150465,1.2140570495435146
2025-06-26,fold_7,"Inflation bear, AI rally and 2025",-0.004495984874665737,-1,0.0034178236965090036,1,-0.0034178236965090036,-0.4212111602391815,,,,0,-34.178236965090036,-0.007525250315666199,0.018142199143767357,-0.004495984874665737,0.4336796183005765
2025-06-27,fold_7,"Inflation bear, AI rally and 2025",-0.004544426687061787,-1,0.006456038448959589,1,-0.006456038448959589,-0.42766719868814107,,,,0,-64.56038448959589,-0.007266156375408173,0.007162868976593018,-0.004544426687061787,0.8166233479195625
2025-06-30,fold_7,"Inflation bear, AI rally and 2025",-0.0034801634028553963,-1,-0.008465055376291275,-1,0.008465055376291275,-0.4192021433118498,,,,1,84.65055376291275,-0.005378410220146179,0.0012683197855949402,-0.0034801634028553963,-1.0543437575637744
2025-07-01,fold_7,"Inflation bear, AI rally and 2025",-0.0009125256910920143,-1,0.006941234227269888,1,-0.006941234227269888,-0.4261433775391197,,,,0,-69.41234227269888,0.006165854632854462,0.016787249594926834,-0.0009125256910920143,0.8612915520447721
2025-07-02,fold_7,"Inflation bear, AI rally and 2025",-0.0009757122024893761,-1,0.009792158380150795,1,-0.009792158380150795,-0.4359355359192705,,,,0,-97.92158380150795,0.007615197449922562,0.00840685609728098,-0.0009757122024893761,1.2209093004921368
2025-07-03,fold_7,"Inflation bear, AI rally and 2025",-0.0012947684153914452,-1,-0.007561507169157267,-1,0.007561507169157267,-0.4283740287501132,,,,1,75.61507169157267,0.006399758160114288,-0.003638129448518157,-0.0012947684153914452,-0.912062731944434
2025-07-07,fold_7,"Inflation bear, AI rally and 2025",-0.0013428004458546638,-1,0.0005614891997538507,1,-0.0005614891997538507,-0.42893551794986706,,,,0,-5.614891997538507,0.005614530295133591,0.007543554063886404,-0.0013428004458546638,0.06772407021490523
2025-07-08,fold_7,"Inflation bear, AI rally and 2025",-0.003985893912613392,-1,0.007053874898701906,1,-0.007053874898701906,-0.43598939284856897,,,,0,-70.53874898701906,0.00295305997133255,0.007898572832345963,-0.003985893912613392,0.8815816587750563
2025-07-09,fold_7,"Inflation bear, AI rally and 2025",-0.003862239420413971,-1,-0.0014391591539606452,-1,0.0014391591539606452,-0.4345502336946083,,,,1,14.391591539606452,-0.0009867697954177856,0.0018679917557165027,-0.003862239420413971,-0.17661141588879875
2025-07-10,fold_7,"Inflation bear, AI rally and 2025",-0.00361598189920187,-1,-0.0022528269328176975,-1,0.0022528269328176975,-0.4322974067617906,,,,1,22.528269328176975,0.0005184337496757507,0.011367371305823326,-0.00361598189920187,-0.2808745383451295
2025-07-11,fold_7,"Inflation bear, AI rally and 2025",-0.00309573020786047,-1,0.003620176576077938,1,-0.003620176576077938,-0.43591758333786856,,,,0,-36.20176576077938,0.0019964538514614105,0.012658500112593174,-0.00309573020786047,0.4524629565912329
2025-07-14,fold_7,"Inflation bear, AI rally and 2025",-0.003159245476126671,-1,0.0009165076771751046,1,-0.0009165076771751046,-0.43683409101504367,,,,0,-9.165076771751046,0.00045178458094596863,0.014209684915840626,-0.003159245476126671,0.11420975350014795
2025-07-15,fold_7,"Inflation bear, AI rally and 2025",-0.002302073873579502,-1,0.0010232938220724463,1,-0.0010232938220724463,-0.4378573848371161,,,,0,-10.232938220724463,0.001272648572921753,0.008103914558887482,-0.002302073873579502,0.13618806482870882
2025-07-16,fold_7,"Inflation bear, AI rally and 2025",-0.001482166349887848,-1,0.008060220628976822,1,-0.008060220628976822,-0.44591760546609294,,,,0,-80.60220628976822,0.006559029221534729,0.011631511151790619,-0.001482166349887848,1.1760979880152769
2025-07-17,fold_7,"Inflation bear, AI rally and 2025",-0.0028443364426493645,-1,-0.0009616987663321197,-1,0.0009616987663321197,-0.4449559066997608,,,,1,9.616987663321197,0.003040492534637451,0.005697506945580244,-0.0028443364426493645,-0.14270382450815308
2025-07-18,fold_7,"Inflation bear, AI rally and 2025",-0.0023010773584246635,-1,0.005171361844986677,1,-0.005171361844986677,-0.4501272685447475,,,,0,-51.71361844986677,0.002662617713212967,0.00906337145715952,-0.0023010773584246635,0.7669859185624802
2025-07-21,fold_7,"Inflation bear, AI rally and 2025",-0.0019914358854293823,-1,-0.005189262330532074,-1,0.005189262330532074,-0.4449380062142154,,,,1,51.89262330532074,0.0030556432902812958,0.007012150716036558,-0.0019914358854293823,-0.7654419130645659
2025-07-22,fold_7,"Inflation bear, AI rally and 2025",-0.0007431758567690849,-1,0.004550890065729618,1,-0.004550890065729618,-0.44948889627994504,,,,0,-45.50890065729618,0.010599486529827118,0.0106513611972332,-0.0007431758567690849,0.7015949302939439
2025-07-23,fold_7,"Inflation bear, AI rally and 2025",-0.0018479088321328163,-1,0.0021262161899358034,1,-0.0021262161899358034,-0.45161511246988084,,,,0,-21.262161899358034,0.009013373404741287,0.007439480163156986,-0.0018479088321328163,0.37827171020139594
2025-07-24,fold_7,"Inflation bear, AI rally and 2025",-0.0016402890905737877,-1,0.002404165454208851,1,-0.002404165454208851,-0.4540192779240897,,,,0,-24.04165454208851,0.005077708512544632,0.0,-0.0016402890905737877,0.4283990359534204
2025-07-25,fold_7,"Inflation bear, AI rally and 2025",-0.002645028755068779,-1,0.0031201415695250034,1,-0.0031201415695250034,-0.4571394194936147,,,,0,-31.201415695250034,0.004113081842660904,-0.022299613803625107,-0.002645028755068779,0.595502653685041
2025-07-28,fold_7,"Inflation bear, AI rally and 2025",-0.002829013392329216,-1,-0.0015500520821660757,-1,0.0015500520821660757,-0.4555893674114486,,,,1,15.500520821660757,0.0015290863811969757,-0.007136274129152298,-0.002829013392329216,-0.2963649319322456
2025-07-29,fold_7,"Inflation bear, AI rally and 2025",-0.003188125789165497,-1,0.001339009148068726,1,-0.001339009148068726,-0.45692837655951735,,,,0,-13.39009148068726,0.002407968044281006,-0.012398889288306236,-0.003188125789165497,0.26573052952608295
2025-07-30,fold_7,"Inflation bear, AI rally and 2025",-0.004214026965200901,-1,-0.005313263740390539,-1,0.005313263740390539,-0.4516151128191268,,,,1,53.13263740390539,-0.0036106929183006287,-0.0012331786565482616,-0.004214026965200901,-1.1354257306530724
2025-07-31,fold_7,"Inflation bear, AI rally and 2025",-0.0060895876958966255,-1,-0.01989544928073883,-1,0.01989544928073883,-0.431719663538388,,,,1,198.9544928073883,-0.005645476281642914,0.00745871476829052,-0.0060895876958966255,-4.351860117887104
2025-08-01,fold_7,"Inflation bear, AI rally and 2025",-0.0036340998485684395,-1,0.018283480778336525,1,-0.018283480778336525,-0.4500031443167245,,,,0,-182.83480778336525,0.0005864799022674561,0.03663913160562515,-0.0036340998485684395,3.051587052731937
2025-08-04,fold_7,"Inflation bear, AI rally and 2025",-0.004048706963658333,-1,-0.006812667474150658,-1,0.006812667474150658,-0.44319047684257384,,,,1,68.12667474150658,0.001853201538324356,0.015392293222248554,-0.004048706963658333,-0.9658439511808814
2025-08-05,fold_7,"Inflation bear, AI rally and 2025",-0.0030437950044870377,-1,0.012504720129072666,1,-0.012504720129072666,-0.4556951969716465,,,,0,-125.04720129072666,0.0020333416759967804,0.03469543159008026,-0.0030437950044870377,1.7331264565623796
2025-08-06,fold_7,"Inflation bear, AI rally and 2025",-0.0024464819580316544,-1,0.0033786294516175985,1,-0.0033786294516175985,-0.4590738264232641,,,,0,-33.786294516175985,0.002813819795846939,0.0226906705647707,-0.0024464819580316544,0.44599293756289404
2025-08-07,fold_7,"Inflation bear, AI rally and 2025",-0.001559082418680191,-1,0.009284966625273228,1,-0.009284966625273228,-0.46835879304853734,,,,0,-92.84966625273228,0.0011069625616073608,0.01853628270328045,-0.001559082418680191,1.2206949690026645
2025-08-08,fold_7,"Inflation bear, AI rally and 2025",-0.002928773872554302,-1,-0.002963355975225568,-1,0.002963355975225568,-0.46539543707331177,,,,1,29.633559752255678,0.0014604777097702026,0.004844300914555788,-0.002928773872554302,-0.3766124078785977
2025-08-11,fold_7,"Inflation bear, AI rally and 2025",-0.0029894988983869553,-1,0.012490469962358475,1,-0.012490469962358475,-0.47788590703567024,,,,0,-124.90469962358475,-0.00041179358959198,0.007409026846289635,-0.0029894988983869553,1.5901907501999453
2025-08-12,fold_7,"Inflation bear, AI rally and 2025",-0.0036237305030226707,-1,0.0004999605007469654,1,-0.0004999605007469654,-0.4783858675364172,,,,0,-4.999605007469654,0.0004664398729801178,-0.018741806969046593,-0.0036237305030226707,0.059990749109096714
2025-08-13,fold_7,"Inflation bear, AI rally and 2025",-0.0027705663815140724,-1,-0.000775758468080312,-1,0.000775758468080312,-0.4776101090683369,,,,1,7.75758468080312,0.002208162099123001,-0.02519688941538334,-0.0027705663815140724,-0.09311073597075677
2025-08-14,fold_7,"Inflation bear, AI rally and 2025",-0.003359486348927021,-1,-0.004407014697790146,-1,0.004407014697790146,-0.47320309437054675,,,,1,44.07014697790146,0.00019496679306030273,-0.029061537235975266,-0.003359486348927021,-0.5416591906536531
2025-08-15,fold_7,"Inflation bear, AI rally and 2025",-0.001544291153550148,-1,-0.0003986301308032125,-1,0.0003986301308032125,-0.47280446423974354,,,,1,3.9863013080321252,0.005625136196613312,-0.00934495497494936,-0.001544291153550148,-0.04865628722997111
2025-08-18,fold_7,"Inflation bear, AI rally and 2025",-0.0020679086446762085,-1,-0.013660364784300327,-1,0.013660364784300327,-0.4591440994554432,,,,1,136.60364784300327,0.005450241267681122,-0.011835196986794472,-0.0020679086446762085,-1.68412534415897
2025-08-19,fold_7,"Inflation bear, AI rally and 2025",-0.0002489229664206505,-1,-0.005955122411251068,-1,0.005955122411251068,-0.45318897704419214,,,,1,59.55122411251068,0.011453278362751007,0.005832357332110405,-0.0002489229664206505,-0.6933178700891818
2025-08-20,fold_7,"Inflation bear, AI rally and 2025",0.0004295865073800087,1,-0.004640405066311359,-1,-0.004640405066311359,-0.4578293821105035,,,,0,-46.404050663113594,0.012043263763189316,0.013323167338967323,0.0004295865073800087,-0.5375727616004295
2025-08-21,fold_7,"Inflation bear, AI rally and 2025",0.0005899379029870033,1,0.01530956756323576,1,0.01530956756323576,-0.44251981454726774,,,,1,153.0956756323576,0.010786354541778564,0.024203982204198837,0.0005899379029870033,1.7635160886517867
2025-08-22,fold_7,"Inflation bear, AI rally and 2025",-0.0032469602301716805,-1,-0.0028888722881674767,-1,0.0028888722881674767,-0.43963094225910027,,,,1,28.888722881674767,0.0030132122337818146,-0.0027484886813908815,-0.0032469602301716805,-0.31008575290815854
2025-08-25,fold_7,"Inflation bear, AI rally and 2025",-0.0027044452726840973,-1,0.004007190000265837,1,-0.004007190000265837,-0.4436381322593661,,,,0,-40.07190000265837,-0.0013462156057357788,-0.008275248110294342,-0.0027044452726840973,0.43029600122841694
2025-08-26,fold_7,"Inflation bear, AI rally and 2025",-0.003510461188852787,-1,0.001535687712021172,1,-0.001535687712021172,-0.4451738199713873,,,,0,-15.35687712021172,-0.0005859844386577606,-0.0044456529431045055,-0.003510461188852787,0.16425835506509845
2025-08-27,fold_7,"Inflation bear, AI rally and 2025",-0.0030762599781155586,-1,0.006240409333258867,1,-0.006240409333258867,-0.45141422930464614,,,,0,-62.40409333258867,-0.00042877718806266785,0.003029386978596449,-0.0030762599781155586,0.667371148535967
2025-08-28,fold_7,"Inflation bear, AI rally and 2025",-0.003394600935280323,-1,-0.011642903089523315,-1,0.011642903089523315,-0.4397713262151228,,,,1,116.42903089523315,-0.0016522854566574097,-0.0017690984532237053,-0.003394600935280323,-1.241336584782596
2025-08-29,fold_7,"Inflation bear, AI rally and 2025",-0.001767677254974842,-1,-0.00841563194990158,-1,0.00841563194990158,-0.43135569426522125,,,,1,84.15631949901581,0.004146452993154526,0.01473993994295597,-0.001767677254974842,-0.9720242852407744
2025-09-02,fold_7,"Inflation bear, AI rally and 2025",-0.00033076200634241104,-1,0.007836785167455673,1,-0.007836785167455673,-0.4391924794326769,,,,0,-78.36785167455673,0.0058318451046943665,0.025984633713960648,-0.00033076200634241104,0.9970023351283237
2025-09-03,fold_7,"Inflation bear, AI rally and 2025",-0.001164502464234829,-1,0.009010727517306805,1,-0.009010727517306805,-0.4482032069499837,,,,0,-90.10727517306805,0.0026735812425613403,0.018475046381354332,-0.001164502464234829,1.1394559757618208
2025-09-04,fold_7,"Inflation bear, AI rally and 2025",-0.0030093668028712273,-1,0.0014419236686080694,1,-0.0014419236686080694,-0.4496451306185918,,,,0,-14.419236686080694,-0.0001983828842639923,0.015268106013536453,-0.0030093668028712273,0.18807909607239273
2025-09-05,fold_7,"Inflation bear, AI rally and 2025",-0.0028060730546712875,-1,0.004866134840995073,1,-0.004866134840995073,-0.45451126545958687,,,,0,-48.66134840995073,0.0013072006404399872,0.01823362335562706,-0.0028060730546712875,0.6372558726449794
2025-09-08,fold_7,"Inflation bear, AI rally and 2025",-0.004040872678160667,-1,0.002829062519595027,1,-0.002829062519595027,-0.4573403279791819,,,,0,-28.29062519595027,-0.0035028308629989624,0.02188795804977417,-0.004040872678160667,0.38083729456508125
2025-09-09,fold_7,"Inflation bear, AI rally and 2025",-0.002807922661304474,-1,0.0003271980385761708,1,-0.0003271980385761708,-0.45766752601775806,,,,0,-3.271980385761708,-0.003084614872932434,0.018213454633951187,-0.002807922661304474,0.04406164831320266
2025-09-10,fold_7,"Inflation bear, AI rally and 2025",-0.003225952386856079,-1,0.005803787149488926,1,-0.005803787149488926,-0.463471313167247,,,,0,-58.03787149488926,-0.0026707723736763,0.01588842086493969,-0.003225952386856079,0.8434438852361171
2025-09-11,fold_7,"Inflation bear, AI rally and 2025",-0.00276006106287241,-1,0.004407439846545458,1,-0.004407439846545458,-0.46787875301379245,,,,0,-44.07439846545458,-0.001992069184780121,0.019061127677559853,-0.00276006106287241,0.6295015227957373
2025-09-12,fold_7,"Inflation bear, AI rally and 2025",-0.003174884244799614,-1,0.00852047000080347,1,-0.00852047000080347,-0.4763992230145959,,,,0,-85.2047000080347,-0.003645181655883789,0.021400216966867447,-0.003174884244799614,1.2054363075401078
2025-09-15,fold_7,"Inflation bear, AI rally and 2025",-0.003879101946949959,-1,-0.0008454403723590076,-1,0.0008454403723590076,-0.4755537826422369,,,,1,8.454403723590076,-0.007140718400478363,0.01878230646252632,-0.003879101946949959,-0.11654796916406615
2025-09-16,fold_7,"Inflation bear, AI rally and 2025",-0.002999560907483101,-1,-0.0019978368654847145,-1,0.0019978368654847145,-0.4735559457767522,,,,1,19.978368654847145,-0.0045964643359184265,0.012963303364813328,-0.002999560907483101,-0.2753385942654289
2025-09-17,fold_7,"Inflation bear, AI rally and 2025",-0.003953414037823677,-1,0.008976494893431664,1,-0.008976494893431664,-0.48253244067018386,,,,0,-89.76494893431664,-0.010704196989536285,0.01144441682845354,-0.003953414037823677,1.3607346414331145
2025-09-18,fold_7,"Inflation bear, AI rally and 2025",-0.005498168058693409,-1,0.006746530067175627,1,-0.006746530067175627,-0.4892789707373595,,,,0,-67.46530067175627,-0.01342436671257019,-0.001852678949944675,-0.005498168058693409,0.9971799293033602
2025-09-19,fold_7,"Inflation bear, AI rally and 2025",-0.0034472504630684853,-1,0.005902559962123632,1,-0.005902559962123632,-0.4951815306994831,,,,0,-59.025599621236324,-0.007802091538906097,-0.004496766719967127,-0.0034472504630684853,0.8612280707817476
2025-09-22,fold_7,"Inflation bear, AI rally and 2025",-0.0031379107385873795,-1,-0.00666444469243288,-1,0.00666444469243288,-0.48851708600705024,,,,1,66.6444469243288,-0.0012615323066711426,-0.005778889171779156,-0.0031379107385873795,-1.095695263592265
2025-09-23,fold_7,"Inflation bear, AI rally and 2025",-0.002260805107653141,-1,-0.003516722936183214,-1,0.003516722936183214,-0.485000363070867,,,,1,35.16722936183214,0.0004658736288547516,0.0036210042890161276,-0.002260805107653141,-0.5645837122021672
2025-09-24,fold_7,"Inflation bear, AI rally and 2025",-0.0028614429756999016,-1,-0.004320601467043161,-1,0.004320601467043161,-0.48067976160382386,,,,1,43.206014670431614,-0.003326915204524994,0.011923212558031082,-0.0028614429756999016,-0.6952956867216374
2025-09-25,fold_7,"Inflation bear, AI rally and 2025",-0.00383167527616024,-1,0.004102441947907209,1,-0.004102441947907209,-0.4847822035517311,,,,0,-41.024419479072094,-0.009465724229812622,0.02034645900130272,-0.00383167527616024,0.6533257981723073
2025-09-26,fold_7,"Inflation bear, AI rally and 2025",-0.0047561125829815865,-1,0.0046204375103116035,1,-0.0046204375103116035,-0.4894026410620427,,,,0,-46.204375103116035,-0.007967039942741394,0.012025424279272556,-0.0047561125829815865,0.746356600807675
2025-09-29,fold_7,"Inflation bear, AI rally and 2025",-0.004259406588971615,-1,0.002735448768362403,1,-0.002735448768362403,-0.4921380898304051,,,,0,-27.35448768362403,-0.006966933608055115,0.014887053519487381,-0.004259406588971615,0.4789916015347059
2025-09-30,fold_7,"Inflation bear, AI rally and 2025",-0.0026310477405786514,-1,0.004785485565662384,1,-0.004785485565662384,-0.49692357539606746,,,,0,-47.85485565662384,-0.001188136637210846,0.006872063037008047,-0.0026310477405786514,0.881875034282518
2025-10-01,fold_7,"Inflation bear, AI rally and 2025",-0.001573997549712658,-1,0.004102644510567188,1,-0.004102644510567188,-0.5010262199066347,,,,0,-41.02644510567188,0.0014704912900924683,0.01348517369478941,-0.001573997549712658,0.7820441076156708
2025-10-02,fold_7,"Inflation bear, AI rally and 2025",-0.002837131731212139,-1,-0.004218591842800379,-1,0.004218591842800379,-0.4968076280638343,,,,1,42.18591842800379,-0.00413459911942482,0.008171569555997849,-0.002837131731212139,-0.8557317218921436
2025-10-03,fold_7,"Inflation bear, AI rally and 2025",-0.0021823616698384285,-1,0.007482066750526428,1,-0.007482066750526428,-0.5042896948143607,,,,0,-74.82066750526428,-0.0009790696203708649,-0.02294095605611801,-0.0021823616698384285,1.4937609204365878
2025-10-06,fold_7,"Inflation bear, AI rally and 2025",-0.0023766402155160904,-1,-0.005279541946947575,-1,0.005279541946947575,-0.4990101528674131,,,,1,52.795419469475746,-0.004330657422542572,-0.00942372065037489,-0.0023766402155160904,-1.0216646254540132
2025-10-07,fold_7,"Inflation bear, AI rally and 2025",-0.0019210809841752052,-1,0.01139859575778246,1,-0.01139859575778246,-0.5104087486251956,,,,0,-113.98595757782459,-0.0040949247777462006,-0.010827412828803062,-0.0019210809841752052,2.165864902452659
2025-10-08,fold_7,"Inflation bear, AI rally and 2025",-0.00241278950124979,-1,-0.0012109596282243729,-1,0.0012109596282243729,-0.5091977889969712,,,,1,12.109596282243729,-0.003290429711341858,-0.015193992294371128,-0.00241278950124979,-0.20710450937279112
2025-10-09,fold_7,"Inflation bear, AI rally and 2025",-0.0030024657025933266,-1,-0.0353311188519001,-1,0.0353311188519001,-0.4738666701450711,,,,1,353.311188519001,-0.006935112178325653,-0.01769283600151539,-0.0030024657025933266,-6.190099209469844
2025-10-10,fold_7,"Inflation bear, AI rally and 2025",-0.0015839645639061928,-1,0.020999303087592125,1,-0.020999303087592125,-0.49486597323266324,,,,0,-209.99303087592125,-0.0019848980009555817,0.024183519184589386,-0.0015839645639061928,2.1656736954973526
2025-10-13,fold_7,"Inflation bear, AI rally and 2025",-0.0025396114215254784,-1,-0.006683234125375748,-1,0.006683234125375748,-0.4881827391072875,,,,1,66.83234125375748,-0.0036782436072826385,0.01570628583431244,-0.0025396114215254784,-0.6302711987652501
2025-10-14,fold_7,"Inflation bear, AI rally and 2025",-0.001904824748635292,-1,0.007032016292214394,1,-0.007032016292214394,-0.4952147553995019,,,,0,-70.32016292214394,0.002755831927061081,0.022127928212285042,-0.001904824748635292,0.656776523455626
2025-10-15,fold_7,"Inflation bear, AI rally and 2025",-0.0017890920862555504,-1,-0.0037098024040460587,-1,0.0037098024040460587,-0.4915049529954558,,,,1,37.09802404046059,0.00396820530295372,0.005415184423327446,-0.0017890920862555504,-0.3431036216291272
2025-10-16,fold_7,"Inflation bear, AI rally and 2025",-0.0004974845796823502,-1,0.006545236799865961,1,-0.006545236799865961,-0.4980501897953218,,,,0,-65.45236799865961,0.009279746562242508,0.017496326938271523,-0.0004974845796823502,0.6141795166647341
2025-10-17,fold_7,"Inflation bear, AI rally and 2025",-0.0018173502758145332,-1,0.012522069737315178,1,-0.012522069737315178,-0.510572259532637,,,,0,-125.22069737315178,0.004641957581043243,0.021572764962911606,-0.0018173502758145332,1.1757149166181942
2025-10-20,fold_7,"Inflation bear, AI rally and 2025",-0.0022271880879998207,-1,-0.00026159174740314484,-1,0.00026159174740314484,-0.5103106677852338,,,,1,2.6159174740314484,0.001225896179676056,0.02670317515730858,-0.0022271880879998207,-0.023926513409431638
2025-10-21,fold_7,"Inflation bear, AI rally and 2025",-0.0035710101947188377,-1,-0.009680728428065777,-1,0.009680728428065777,-0.500629939357168,,,,1,96.80728428065777,-0.006138809025287628,0.03462529554963112,-0.0035710101947188377,-0.8937772036216127
2025-10-22,fold_7,"Inflation bear, AI rally and 2025",-0.001294691115617752,-1,0.008371341042220592,1,-0.008371341042220592,-0.5090012803993886,,,,0,-83.71341042220592,-0.0010870695114135742,0.04879889264702797,-0.001294691115617752,0.7598277720253334
2025-10-23,fold_7,"Inflation bear, AI rally and 2025",-0.0033006109297275543,-1,0.010621673427522182,1,-0.010621673427522182,-0.5196229538269108,,,,0,-106.21673427522182,-0.004011861979961395,0.025020860135555267,-0.0033006109297275543,0.9540309455168327
2025-10-24,fold_7,"Inflation bear, AI rally and 2025",-0.004025283269584179,-1,0.01765247993171215,1,-0.01765247993171215,-0.537275433758623,,,,0,-176.5247993171215,-0.00849825143814087,0.019211603328585625,-0.004025283269584179,1.5557006495301577
2025-10-27,fold_7,"Inflation bear, AI rally and 2025",-0.005704841576516628,-1,0.007660527713596821,1,-0.007660527713596821,-0.5449359614722198,,,,0,-76.60527713596821,-0.01668541133403778,0.006332420278340578,-0.005704841576516628,0.6400089901114824
2025-10-28,fold_7,"Inflation bear, AI rally and 2025",-0.004603388719260693,-1,0.004492870531976223,1,-0.004492870531976223,-0.549428832004196,,,,0,-44.92870531976223,-0.01232708990573883,-0.021835021674633026,-0.004603388719260693,0.37205342136019226
2025-10-29,fold_7,"Inflation bear, AI rally and 2025",-0.004154040478169918,-1,-0.015406693331897259,-1,0.015406693331897259,-0.5340221386722988,,,,1,154.0669333189726,-0.012853935360908508,-0.019840959459543228,-0.004154040478169918,-1.2764184630714328
2025-10-30,fold_7,"Inflation bear, AI rally and 2025",-0.0034983763471245766,-1,0.00481241662055254,1,-0.00481241662055254,-0.5388345552928513,,,,0,-48.1241662055254,-0.011194862425327301,-0.02323727495968342,-0.0034983763471245766,0.3844184108543597
2025-10-31,fold_7,"Inflation bear, AI rally and 2025",-0.00405330304056406,-1,0.004773298278450966,1,-0.004773298278450966,-0.5436078535713023,,,,0,-47.73298278450966,-0.008270137012004852,-0.03121001087129116,-0.00405330304056406,0.3809678203254386
2025-11-03,fold_7,"Inflation bear, AI rally and 2025",-0.0031699901446700096,-1,-0.02050691470503807,-1,0.02050691470503807,-0.5231009388662642,,,,1,205.0691470503807,-0.008030787110328674,-0.014100291766226292,-0.0031699901446700096,-1.645425497330582
2025-11-04,fold_7,"Inflation bear, AI rally and 2025",-0.0027330080047249794,-1,0.006486933678388596,1,-0.006486933678388596,-0.5295878725446528,,,,0,-64.86933678388596,-0.0065414756536483765,0.003739549545571208,-0.0027330080047249794,0.4904235227950415
2025-11-05,fold_7,"Inflation bear, AI rally and 2025",-0.002645176835358143,-1,-0.018803009763360023,-1,0.018803009763360023,-0.5107848627812928,,,,1,188.03009763360023,-0.0015030577778816223,-0.0035360476467758417,-0.002645176835358143,-1.4397275540722754
2025-11-06,fold_7,"Inflation bear, AI rally and 2025",-0.0024258606135845184,-1,-0.0031603185925632715,-1,0.0031603185925632715,-0.5076245441887295,,,,1,31.603185925632715,-0.005211453884840012,-0.005360324867069721,-0.0024258606135845184,-0.23038518248782683
2025-11-07,fold_7,"Inflation bear, AI rally and 2025",-0.0023065777495503426,-1,0.02188301645219326,1,-0.02188301645219326,-0.5295075606409227,,,,0,-218.8301645219326,-0.0024502985179424286,-0.0014442570973187685,-0.0023065777495503426,1.9475170148969252
2025-11-10,fold_7,"Inflation bear, AI rally and 2025",-0.003911280073225498,-1,-0.002667073393240571,-1,0.002667073393240571,-0.5268404872476822,,,,1,26.67073393240571,-0.004551060497760773,-0.03190450370311737,-0.003911280073225498,-0.23559951962183132
2025-11-11,fold_7,"Inflation bear, AI rally and 2025",-0.003779880702495575,-1,-0.0007886635139584541,-1,0.0007886635139584541,-0.5260518237337237,,,,1,7.886635139584541,-0.002087686210870743,-0.04148799180984497,-0.003779880702495575,-0.07018370771346462
2025-11-12,fold_7,"Inflation bear, AI rally and 2025",-0.0022794725373387337,-1,-0.020627286285161972,-1,0.020627286285161972,-0.5054245374485618,,,,1,206.27286285161972,0.00418558344244957,-0.034746989607810974,-0.0022794725373387337,-1.853642922140871
2025-11-13,fold_7,"Inflation bear, AI rally and 2025",-0.0016451487317681313,-1,0.0007557492353953421,1,-0.0007557492353953421,-0.5061802866839571,,,,0,-7.557492353953421,0.004262413829565048,-0.03807619959115982,-0.0016451487317681313,0.06288792179286838
2025-11-14,fold_7,"Inflation bear, AI rally and 2025",-0.004246345721185207,-1,-0.008577228523790836,-1,0.008577228523790836,-0.49760305816016626,,,,1,85.77228523790836,-0.005574457347393036,-0.03134717792272568,-0.004246345721185207,-0.7190147203950206
2025-11-17,fold_7,"Inflation bear, AI rally and 2025",-0.00039975903928279877,-1,-0.012250563129782677,-1,0.012250563129782677,-0.4853524950303836,,,,1,122.50563129782677,-0.001303788274526596,0.0024817129597067833,-0.00039975903928279877,-1.042298205062926
2025-11-18,fold_7,"Inflation bear, AI rally and 2025",0.00028678029775619507,1,0.0059523372910916805,1,0.0059523372910916805,-0.4794001577392919,,,,1,59.523372910916805,0.005332376807928085,0.020877135917544365,0.00028678029775619507,0.49322207919352573
2025-11-19,fold_7,"Inflation bear, AI rally and 2025",-0.0001504635438323021,-1,-0.02395649440586567,-1,0.02395649440586567,-0.45544366333342623,,,,1,239.5649440586567,0.005717281252145767,0.02372167818248272,-0.0001504635438323021,-2.0052447494274688
2025-11-20,fold_7,"Inflation bear, AI rally and 2025",0.001970062032341957,1,0.007484769448637962,1,0.007484769448637962,-0.44795889388478827,,,,1,74.84769448637962,0.011021047830581665,0.055752597749233246,0.001970062032341957,0.5775990910985691
2025-11-21,fold_7,"Inflation bear, AI rally and 2025",0.004004092887043953,1,0.025251662358641624,1,0.025251662358641624,-0.42270723152614664,,,,1,252.51662358641624,0.016914326697587967,0.04490327462553978,0.004004092887043953,1.9653590753917458
2025-11-24,fold_7,"Inflation bear, AI rally and 2025",-0.0009363675490021706,-1,0.006144860293716192,1,-0.006144860293716192,-0.42885209181986284,,,,0,-61.44860293716192,-0.0003618597984313965,0.027447156608104706,-0.0009363675490021706,0.45626205881541687
2025-11-25,fold_7,"Inflation bear, AI rally and 2025",-0.0005243625491857529,-1,0.008796879090368748,1,-0.008796879090368748,-0.4376489709102316,,,,0,-87.96879090368748,0.0029199346899986267,0.02374311164021492,-0.0005243625491857529,0.6550691216377408
2025-11-26,fold_7,"Inflation bear, AI rally and 2025",-0.0022010644897818565,-1,0.008074427023530006,1,-0.008074427023530006,-0.4457233979337616,,,,0,-80.74427023530006,-0.00040745362639427185,0.014015650376677513,-0.0022010644897818565,0.5965591048813538
2025-11-28,fold_7,"Inflation bear, AI rally and 2025",-0.002570018172264099,-1,-0.0033645550720393658,-1,0.0033645550720393658,-0.4423588428617222,,,,1,33.64555072039366,-0.0019451156258583069,0.010010326281189919,-0.002570018172264099,-0.25463658553309576
2025-12-01,fold_7,"Inflation bear, AI rally and 2025",-0.0020120134577155113,-1,0.007795544341206551,1,-0.007795544341206551,-0.4501543872029288,,,,0,-77.9554434120655,-0.003168255090713501,0.011454490013420582,-0.0020120134577155113,0.5909859154765658
2025-12-02,fold_7,"Inflation bear, AI rally and 2025",-0.002240770496428013,-1,0.0024408164899796247,1,-0.0024408164899796247,-0.4525952036929084,,,,0,-24.408164899796247,-0.004826229065656662,0.004891549237072468,-0.002240770496428013,0.18403833411928913
2025-12-03,fold_7,"Inflation bear, AI rally and 2025",-0.0022375984117388725,-1,-0.0009305825224146247,-1,0.0009305825224146247,-0.4516646211704938,,,,1,9.305825224146247,-0.0028950609266757965,0.00653810752555728,-0.0022375984117388725,-0.07470613097210492
2025-12-04,fold_7,"Inflation bear, AI rally and 2025",-0.0027258507907390594,-1,0.004069102928042412,1,-0.004069102928042412,-0.4557337240985362,,,,0,-40.69102928042412,-0.004301890730857849,0.004229042213410139,-0.0027258507907390594,0.3288540497593342
2025-12-05,fold_7,"Inflation bear, AI rally and 2025",-0.002293728291988373,-1,-0.0019203914562240243,-1,0.0019203914562240243,-0.45381333264231216,,,,1,19.203914562240243,-0.0019448138773441315,-0.01914352923631668,-0.002293728291988373,-0.16451758365576602
2025-12-08,fold_7,"Inflation bear, AI rally and 2025",-0.0026241429150104523,-1,0.0012326041469350457,1,-0.0012326041469350457,-0.4550459367892472,,,,0,-12.326041469350457,-0.007934346795082092,-0.02225513942539692,-0.0026241429150104523,0.10571795040473164
2025-12-09,fold_7,"Inflation bear, AI rally and 2025",-0.001827426254749298,-1,0.00408737501129508,1,-0.00408737501129508,-0.4591333118005423,,,,0,-40.8737501129508,-0.003091040998697281,-0.02150787226855755,-0.001827426254749298,0.3860940742634263
2025-12-10,fold_7,"Inflation bear, AI rally and 2025",-0.0037383288145065308,-1,-0.0032396477181464434,-1,0.0032396477181464434,-0.45589366408239584,,,,1,32.396477181464434,-0.0033405981957912445,-0.04430621117353439,-0.0037383288145065308,-0.305364873438464
2025-12-11,fold_7,"Inflation bear, AI rally and 2025",-0.001994870603084564,-1,-0.019303468987345695,-1,0.019303468987345695,-0.43659019509505015,,,,1,193.03468987345695,0.00432717427611351,-0.02668045461177826,-0.001994870603084564,-1.8155420144186112
2025-12-12,fold_7,"Inflation bear, AI rally and 2025",-0.0003192797303199768,-1,-0.005032000597566366,-1,0.005032000597566366,-0.4315581944974838,,,,1,50.32000597566366,0.010952040553092957,0.005574300419539213,-0.0003192797303199768,-0.47890443142588723
2025-12-15,fold_7,"Inflation bear, AI rally and 2025",3.382191061973572e-05,1,0.0019798711873590946,1,0.0019798711873590946,-0.4295783233101247,,,,1,19.798711873590946,0.01589294895529747,0.01538827270269394,3.382191061973572e-05,0.18738061852739712
2025-12-16,fold_7,"Inflation bear, AI rally and 2025",0.00148053839802742,1,-0.018710967153310776,-1,-0.018710967153310776,-0.44828929046343546,,,,0,-187.10967153310776,0.014484692364931107,0.018080780282616615,0.00148053839802742,-1.7991417330474324
2025-12-17,fold_7,"Inflation bear, AI rally and 2025",0.002628738060593605,1,0.014386109076440334,1,0.014386109076440334,-0.43390318138699513,,,,1,143.86109076440334,0.01624121144413948,0.039713069796562195,0.002628738060593605,1.3234520309883862
2025-12-18,fold_7,"Inflation bear, AI rally and 2025",0.0006707096472382545,1,0.012951286509633064,1,0.012951286509633064,-0.42095189487736207,,,,1,129.51286509633064,0.010311268270015717,0.025262802839279175,0.0006707096472382545,1.1504351940592996
2025-12-19,fold_7,"Inflation bear, AI rally and 2025",-0.0014188596978783607,-1,0.00478197168558836,1,-0.00478197168558836,-0.4257338665629504,,,,0,-47.8197168558836,0.003155924379825592,0.007459201384335756,-0.0014188596978783607,0.4635322635963407
