date,fold,regime,prediction,pred_direction,actual_return,actual_direction,strategy_return,cumulative_return,confidence,aleatoric,epistemic,correct,pnl_bps,B_pred,B_actual,D_pred,D_actual
2008-11-18,fold_1,GFC peak crash (Lehman + Mar-2009 bottom),0.007861834950745106,1,-0.05363579839468002,-1,-0.05363579839468002,-0.05363579839468002,,,,0,-536.3579839468002,-0.011417815461754799,-0.0060164593160152435,0.007861834950745106,-1.3795502580863528
2008-11-19,fold_1,GFC peak crash (Lehman + Mar-2009 bottom),0.009591414593160152,1,-0.049609940499067307,-1,-0.049609940499067307,-0.10324573889374733,,,,0,-496.09940499067307,-0.0007562786340713501,0.08865413069725037,0.009591414593160152,-1.234032731259152
2008-11-20,fold_1,GFC peak crash (Lehman + Mar-2009 bottom),0.008818642236292362,1,0.042510632425546646,1,0.042510632425546646,-0.060735106468200684,,,,1,425.10632425546646,0.0007908418774604797,0.13039687275886536,0.008818642236292362,1.0195702067929981
2008-11-21,fold_1,GFC peak crash (Lehman + Mar-2009 bottom),0.007746965624392033,1,0.059322528541088104,1,0.059322528541088104,-0.0014125779271125793,,,,1,593.225285410881,-0.003432832658290863,0.009702088311314583,0.007746965624392033,1.4078845529535253
2008-11-24,fold_1,GFC peak crash (Lehman + Mar-2009 bottom),0.006031203083693981,1,-0.0046038818545639515,-1,-0.0046038818545639515,-0.006016459781676531,,,,0,-46.038818545639515,-0.01485345046967268,-0.016746971756219864,0.006031203083693981,-0.10529690246968396
2008-11-25,fold_1,GFC peak crash (Lehman + Mar-2009 bottom),0.004421318881213665,1,0.04103479161858559,1,0.04103479161858559,0.035018331836909056,,,,1,410.34791618585587,-0.02468237653374672,0.015847941860556602,0.004421318881213665,1.111254334073887
2008-11-26,fold_1,GFC peak crash (Lehman + Mar-2009 bottom),0.0016338815912604332,1,-0.007867200300097466,-1,-0.007867200300097466,0.02715113153681159,,,,0,-78.67200300097466,-0.031925126910209656,-0.053896866738796234,0.0016338815912604332,-0.2067849103956423
2008-11-28,fold_1,GFC peak crash (Lehman + Mar-2009 bottom),0.0027718450874090195,1,-0.07818415015935898,-1,-0.07818415015935898,-0.05103301862254739,,,,0,-781.8415015935898,-0.023031961172819138,-0.0062005408108234406,0.0027718450874090195,-2.0920149030097552
2008-12-01,fold_1,GFC peak crash (Lehman + Mar-2009 bottom),0.0031762057915329933,1,0.03287346661090851,1,0.03287346661090851,-0.01815955201163888,,,,1,328.7346661090851,-0.0225036833435297,0.11061938107013702,0.0031762057915329933,0.7967744531761531
2008-12-02,fold_1,GFC peak crash (Lehman + Mar-2009 bottom),0.003845413215458393,1,0.027991032227873802,1,0.027991032227873802,0.009831480216234922,,,,1,279.910322278738,-0.015411176718771458,0.07541601359844208,0.003845413215458393,0.6679611691128471
2008-12-03,fold_1,GFC peak crash (Lehman + Mar-2009 bottom),0.0064714765176177025,1,-0.0287100151181221,-1,-0.0287100151181221,-0.01887853490188718,,,,0,-287.100151181221,-0.0015820153057575226,0.04408736154437065,0.0064714765176177025,-0.6850921338906252
2008-12-04,fold_1,GFC peak crash (Lehman + Mar-2009 bottom),0.008115309290587902,1,0.03982912749052048,1,0.03982912749052048,0.0209505925886333,,,,1,398.2912749052048,0.008397607132792473,0.04499876871705055,0.008115309290587902,0.9793462647053741
2008-12-05,fold_1,GFC peak crash (Lehman + Mar-2009 bottom),0.008376630954444408,1,0.03863576799631119,1,0.03863576799631119,0.05958636058494449,,,,1,386.3576799631119,0.010472670197486877,0.025248471647500992,0.008376630954444408,0.9573386069605946
2008-12-08,fold_1,GFC peak crash (Lehman + Mar-2009 bottom),0.010777951218187809,1,-0.0023298992309719324,-1,-0.0023298992309719324,0.057256461353972554,,,,0,-23.298992309719324,0.009975483641028404,-0.031062552705407143,0.010777951218187809,-0.05680074135595529
2008-12-09,fold_1,GFC peak crash (Lehman + Mar-2009 bottom),0.0076176440343260765,1,-0.0033376188948750496,-1,-0.0033376188948750496,0.053918842459097505,,,,0,-33.376188948750496,0.0013971049338579178,0.018161559477448463,0.0076176440343260765,-0.08158449891293568
2008-12-10,fold_1,GFC peak crash (Lehman + Mar-2009 bottom),0.006429246626794338,1,-0.0277986079454422,-1,-0.0277986079454422,0.026120234513655305,,,,0,-277.986079454422,0.00991956889629364,0.009317740797996521,0.006429246626794338,-0.6843648104632636
2008-12-11,fold_1,GFC peak crash (Lehman + Mar-2009 bottom),0.007951724343001842,1,0.020078828558325768,1,0.020078828558325768,0.04619906307198107,,,,1,200.78828558325768,0.007628273218870163,0.019404899328947067,0.007951724343001842,0.505647258021963
2008-12-12,fold_1,GFC peak crash (Lehman + Mar-2009 bottom),0.005022511817514896,1,-0.017675256356596947,-1,-0.017675256356596947,0.028523806715384126,,,,0,-176.75256356596947,0.0037274714559316635,0.007497432641685009,0.005022511817514896,-0.4687346241071723
2008-12-15,fold_1,GFC peak crash (Lehman + Mar-2009 bottom),0.0036136191338300705,1,0.04689421504735947,1,0.04689421504735947,0.07541802176274359,,,,1,468.94215047359467,0.008958281949162483,0.003164258087053895,0.0036136191338300705,1.2939084794448272
2008-12-16,fold_1,GFC peak crash (Lehman + Mar-2009 bottom),0.0051803747192025185,1,-0.012181437574326992,-1,-0.012181437574326992,0.0632365841884166,,,,0,-121.81437574326992,0.004522975534200668,-0.04887895658612251,0.0051803747192025185,-0.32546634396738044
2008-12-17,fold_1,GFC peak crash (Lehman + Mar-2009 bottom),0.001569276675581932,1,-0.017711449414491653,-1,-0.017711449414491653,0.04552513477392495,,,,0,-177.11449414491653,-0.013130630366504192,-0.033948201686143875,0.001569276675581932,-0.4719795642427665
2008-12-18,fold_1,GFC peak crash (Lehman + Mar-2009 bottom),0.0018319636583328247,1,0.008171360939741135,1,0.008171360939741135,0.05369649571366608,,,,1,81.71360939741135,-0.016492720693349838,-0.01657971180975437,0.0018319636583328247,0.22839322156023914
2008-12-19,fold_1,GFC peak crash (Lehman + Mar-2009 bottom),0.005248608998954296,1,-0.02200843021273613,-1,-0.02200843021273613,0.03168806550092995,,,,0,-220.0843021273613,-0.017467932775616646,-0.03302434831857681,0.005248608998954296,-0.6461012592114418
2008-12-22,fold_1,GFC peak crash (Lehman + Mar-2009 bottom),0.00666933786123991,1,-0.005149002652615309,-1,-0.005149002652615309,0.026539062848314643,,,,0,-51.49002652615309,-0.018107842653989792,0.009539843536913395,0.00666933786123991,-0.1556607008643919
2008-12-23,fold_1,GFC peak crash (Lehman + Mar-2009 bottom),0.00344889797270298,1,0.0027493173256516457,1,0.0027493173256516457,0.02928838017396629,,,,1,27.493173256516457,-0.021293185651302338,0.0231305118650198,0.00344889797270298,0.09066467300399882
2008-12-24,fold_1,GFC peak crash (Lehman + Mar-2009 bottom),0.007167252711951733,1,-0.0003429576463531703,-1,-0.0003429576463531703,0.02894542252761312,,,,0,-3.4295764635317028,0.008766699582338333,0.06284288316965103,0.007167252711951733,-0.01131396397522408
2008-12-26,fold_1,GFC peak crash (Lehman + Mar-2009 bottom),0.008723638020455837,1,-0.008273275569081306,-1,-0.008273275569081306,0.020672146958531812,,,,0,-82.73275569081306,0.015746915712952614,0.06286349147558212,0.008723638020455837,-0.28636381278925166
2008-12-29,fold_1,GFC peak crash (Lehman + Mar-2009 bottom),0.008827791549265385,1,0.020555762574076653,1,0.020555762574076653,0.041227909532608464,,,,1,205.55762574076653,0.021488135680556297,0.08108048141002655,0.008827791549265385,0.7113592667332982
2008-12-30,fold_1,GFC peak crash (Lehman + Mar-2009 bottom),0.010253730230033398,1,0.008441665209829807,1,0.008441665209829807,0.04966957474243827,,,,1,84.41665209829807,0.02470974065363407,0.0317063182592392,0.010253730230033398,0.359792261687734
2008-12-31,fold_1,GFC peak crash (Lehman + Mar-2009 bottom),0.014232470653951168,1,0.042461689561605453,1,0.042461689561605453,0.09213126430404373,,,,1,424.61689561605453,0.021979955956339836,0.033722203224897385,0.014232470653951168,1.8988990613166399
2009-01-02,fold_1,GFC peak crash (Lehman + Mar-2009 bottom),0.006656286306679249,1,-0.00032235000981017947,-1,-0.00032235000981017947,0.09180891429423355,,,,0,-3.2235000981017947,-0.017365988343954086,-0.03142658993601799,0.006656286306679249,-0.013732587060522822
2009-01-05,fold_1,GFC peak crash (Lehman + Mar-2009 bottom),0.007655528374016285,1,0.00994371809065342,1,0.00994371809065342,0.10175263238488697,,,,1,99.4371809065342,-0.013423189520835876,-0.04956405982375145,0.007655528374016285,0.440405604963444
2009-01-06,fold_1,GFC peak crash (Lehman + Mar-2009 bottom),0.007675140164792538,1,-0.028818404302001,-1,-0.028818404302001,0.07293422808288597,,,,0,-288.18404302001,-0.013556932099163532,-0.0591689758002758,0.007675140164792538,-1.38107552841447
2009-01-07,fold_1,GFC peak crash (Lehman + Mar-2009 bottom),0.0038816509768366814,1,0.010457552038133144,1,0.010457552038133144,0.08339178012101911,,,,1,104.57552038133144,-0.014418955892324448,-0.06130253151059151,0.0038816509768366814,0.5213772021956417
2009-01-08,fold_1,GFC peak crash (Lehman + Mar-2009 bottom),0.0018967362120747566,1,-0.02268710546195507,-1,-0.02268710546195507,0.06070467465906404,,,,0,-226.8710546195507,-0.00893660169094801,-0.05547646805644035,0.0018967362120747566,-1.123864984696404
2009-01-09,fold_1,GFC peak crash (Lehman + Mar-2009 bottom),0.005203804932534695,1,-0.018459821119904518,-1,-0.018459821119904518,0.04224485353915952,,,,0,-184.59821119904518,0.0069669075310230255,-0.021853338927030563,0.005203804932534695,-0.8874499725674849
2009-01-12,fold_1,GFC peak crash (Lehman + Mar-2009 bottom),0.00784266646951437,1,0.00033880159026011825,1,0.00033880159026011825,0.04258365512941964,,,,1,3.3880159026011825,0.01308608241379261,-0.05429340526461601,0.00784266646951437,0.016710213945114464
2009-01-13,fold_1,GFC peak crash (Lehman + Mar-2009 bottom),0.0071509359404444695,1,-0.030951958149671555,-1,-0.030951958149671555,0.011631696979748085,,,,0,-309.51958149671555,0.018399858847260475,-0.012951979413628578,0.0071509359404444695,-1.5654513740687834
2009-01-14,fold_1,GFC peak crash (Lehman + Mar-2009 bottom),0.012449844740331173,1,0.016283614560961723,1,0.016283614560961723,0.02791531154070981,,,,1,162.83614560961723,0.01785050518810749,0.0045303646475076675,0.012449844740331173,0.7915411764355298
2009-01-15,fold_1,GFC peak crash (Lehman + Mar-2009 bottom),0.012741361744701862,1,0.01093602366745472,1,0.01093602366745472,0.03885133520816453,,,,1,109.3602366745472,0.012461459264159203,-0.006897205486893654,0.012741361744701862,0.6052141544043578
2009-01-16,fold_1,GFC peak crash (Lehman + Mar-2009 bottom),0.010465872474014759,1,-0.05089988932013512,-1,-0.05089988932013512,-0.012048554111970589,,,,0,-508.99889320135117,0.004963146522641182,-0.010592788457870483,0.010465872474014759,-2.823098035338528
2009-01-20,fold_1,GFC peak crash (Lehman + Mar-2009 bottom),0.01607343554496765,1,0.0416802279651165,1,0.0416802279651165,0.029631673853145912,,,,1,416.802279651165,0.02639300934970379,0.04749481379985809,0.01607343554496765,1.9894501200614343
2009-01-21,fold_1,GFC peak crash (Lehman + Mar-2009 bottom),0.009071159176528454,1,-0.013469614088535309,-1,-0.013469614088535309,0.016162059764610603,,,,0,-134.6961408853531,0.012880844995379448,0.04034192115068436,0.009071159176528454,-0.5892937199583155
2009-01-22,fold_1,GFC peak crash (Lehman + Mar-2009 bottom),0.013073797337710857,1,0.004856044892221689,1,0.004856044892221689,0.021018104656832293,,,,1,48.56044892221689,0.03108767606317997,0.02811305969953537,0.013073797337710857,0.21559962684167613
2009-01-23,fold_1,GFC peak crash (Lehman + Mar-2009 bottom),0.012820444069802761,1,0.00724044069647789,1,0.00724044069647789,0.028258545353310183,,,,1,72.4044069647789,0.028631648048758507,0.005520956590771675,0.012820444069802761,0.32150893117112656
2009-01-26,fold_1,GFC peak crash (Lehman + Mar-2009 bottom),0.015452840365469456,1,0.007187714800238609,1,0.007187714800238609,0.03544626015354879,,,,1,71.8771480023861,0.03555474430322647,0.01025271974503994,0.015452840365469456,0.318464132859641
2009-01-27,fold_1,GFC peak crash (Lehman + Mar-2009 bottom),0.017731405794620514,1,0.034527335315942764,1,0.034527335315942764,0.06997359546949156,,,,1,345.27335315942764,0.029521575197577477,0.018584955483675003,0.017731405794620514,1.5259379429002036
2009-01-28,fold_1,GFC peak crash (Lehman + Mar-2009 bottom),0.015023450367152691,1,-0.025698475539684296,-1,-0.025698475539684296,0.04427511992980726,,,,0,-256.98475539684296,0.009070705622434616,-0.01460401713848114,0.015023450367152691,-1.0781286776485335
2009-01-29,fold_1,GFC peak crash (Lehman + Mar-2009 bottom),0.010860580019652843,1,-0.017736058682203293,-1,-0.017736058682203293,0.026539061247603968,,,,0,-177.36058682203293,0.00817960686981678,0.032920949161052704,0.010860580019652843,-0.7364133233704658
2009-01-30,fold_1,GFC peak crash (Lehman + Mar-2009 bottom),0.01375087071210146,1,0.011972203850746155,1,0.011972203850746155,0.03851126509835012,,,,1,119.72203850746155,0.01670006476342678,0.07648946344852448,0.01375087071210146,0.4919620198706491
2009-02-02,fold_1,GFC peak crash (Lehman + Mar-2009 bottom),0.008888143114745617,1,0.015519951470196247,1,0.015519951470196247,0.05403121656854637,,,,1,155.19951470196247,0.013652464374899864,0.06865273416042328,0.008888143114745617,0.6877479031448788
2009-02-03,fold_1,GFC peak crash (Lehman + Mar-2009 bottom),0.008390865288674831,1,0.0013383622281253338,1,0.0013383622281253338,0.0553695787966717,,,,1,13.383622281253338,0.012632643803954124,0.015612514689564705,0.008390865288674831,0.05861908332521261
2009-02-04,fold_1,GFC peak crash (Lehman + Mar-2009 bottom),0.009982210583984852,1,0.021826492622494698,1,0.021826492622494698,0.0771960714191664,,,,1,218.26492622494698,0.015270082280039787,0.009649120271205902,0.009982210583984852,0.9604636281767396
2009-02-05,fold_1,GFC peak crash (Lehman + Mar-2009 bottom),0.006194739602506161,1,0.02583245187997818,1,0.02583245187997818,0.10302852329914458,,,,1,258.3245187997818,0.005456862971186638,0.0,0.006194739602506161,1.1567459466344763
2009-02-06,fold_1,GFC peak crash (Lehman + Mar-2009 bottom),0.008063658140599728,1,0.004135478753596544,1,0.004135478753596544,0.10716400205274113,,,,1,41.35478753596544,0.004469051957130432,-0.030422896146774292,0.008063658140599728,0.18020994654689176
2009-02-09,fold_1,GFC peak crash (Lehman + Mar-2009 bottom),0.012268642894923687,1,-0.03752027079463005,-1,-0.03752027079463005,0.06964373125811107,,,,0,-375.2027079463005,0.0013665053993463516,-0.07513406872749329,0.012268642894923687,-1.6750522774946477
2009-02-10,fold_1,GFC peak crash (Lehman + Mar-2009 bottom),0.014504111371934414,1,-0.004625031724572182,-1,-0.004625031724572182,0.06501869953353889,,,,0,-46.25031724572182,0.016139285638928413,-0.03692920506000519,0.014504111371934414,-0.1963064211528487
2009-02-11,fold_1,GFC peak crash (Lehman + Mar-2009 bottom),0.010973610915243626,1,0.01217737141996622,1,0.01217737141996622,0.07719607095350511,,,,1,121.77371419966221,0.011348912492394447,-0.04781389608979225,0.010973610915243626,0.5163659305223878
2009-02-12,fold_1,GFC peak crash (Lehman + Mar-2009 bottom),0.008347162045538425,1,-0.004590444266796112,-1,-0.004590444266796112,0.072605626686709,,,,0,-45.90444266796112,0.007786989212036133,-0.057216279208660126,0.008347162045538425,-0.20214900412444273
2009-02-13,fold_1,GFC peak crash (Lehman + Mar-2009 bottom),0.006370139308273792,1,-0.04057569429278374,-1,-0.04057569429278374,0.032029932393925264,,,,0,-405.7569429278374,0.01667873002588749,-0.08823682367801666,0.006370139308273792,-1.8083558163302977
2009-02-17,fold_1,GFC peak crash (Lehman + Mar-2009 bottom),0.00875681359320879,1,0.000684593163896352,1,0.000684593163896352,0.032714525557821617,,,,1,6.8459316389635205,0.03283306211233139,-0.015172178857028484,0.00875681359320879,0.02843112078509613
2009-02-18,fold_1,GFC peak crash (Lehman + Mar-2009 bottom),0.006524496711790562,1,-0.015509720891714096,-1,-0.015509720891714096,0.01720480466610752,,,,0,-155.09720891714096,0.030024075880646706,-0.022480914369225502,0.006524496711790562,-0.7309061935277794
2009-02-19,fold_1,GFC peak crash (Lehman + Mar-2009 bottom),0.006561734713613987,1,0.002774988068267703,1,0.002774988068267703,0.019979792734375224,,,,1,27.74988068267703,0.020614473149180412,-0.03535139560699463,0.006561734713613987,0.14321432013255497
2009-02-20,fold_1,GFC peak crash (Lehman + Mar-2009 bottom),0.00453855749219656,1,-0.03561098873615265,-1,-0.03561098873615265,-0.015631196001777425,,,,0,-356.1098873615265,-0.0006775408983230591,-0.04752684384584427,0.00453855749219656,-1.8594837500008825
2009-02-23,fold_1,GFC peak crash (Lehman + Mar-2009 bottom),0.009800408966839314,1,0.032488949596881866,1,0.032488949596881866,0.01685775359510444,,,,1,324.88949596881866,0.020829932764172554,-0.04477813467383385,0.009800408966839314,1.5686010459481285
2009-02-24,fold_1,GFC peak crash (Lehman + Mar-2009 bottom),0.006113165058195591,1,-0.00662414263933897,-1,-0.00662414263933897,0.01023361095576547,,,,0,-66.2414263933897,-0.003949210047721863,-0.0780186802148819,0.006113165058195591,-0.3026191429693795
2009-02-25,fold_1,GFC peak crash (Lehman + Mar-2009 bottom),0.006451723165810108,1,-0.028380202129483223,-1,-0.028380202129483223,-0.018146591173717752,,,,0,-283.80202129483223,-0.0018401090055704117,-0.04507232457399368,0.006451723165810108,-1.2970558461101405
2009-02-26,fold_1,GFC peak crash (Lehman + Mar-2009 bottom),0.01116808783262968,1,-0.009400458075106144,-1,-0.009400458075106144,-0.027547049248823896,,,,0,-94.00458075106144,0.017831331118941307,-0.04715467616915703,0.01116808783262968,-0.4385750530238969
2009-02-27,fold_1,GFC peak crash (Lehman + Mar-2009 bottom),0.015151637606322765,1,-0.03286227956414223,-1,-0.03286227956414223,-0.06040932881296612,,,,0,-328.6227956414223,0.023582661524415016,-0.045707352459430695,0.015151637606322765,-1.5832543341428431
2009-03-02,fold_1,GFC peak crash (Lehman + Mar-2009 bottom),0.02008362114429474,1,-0.000751598970964551,-1,-0.000751598970964551,-0.061160927783930674,,,,0,-7.51598970964551,0.04138077795505524,-0.03436747193336487,0.02008362114429474,-0.034702426339665096
2009-03-03,fold_1,GFC peak crash (Lehman + Mar-2009 bottom),0.020671818405389786,1,0.026322215795516968,1,0.026322215795516968,-0.034838711988413706,,,,1,263.2221579551697,0.03431854397058487,0.026322215795516968,0.020671818405389786,1.2246895328254972
2009-03-04,fold_1,GFC peak crash (Lehman + Mar-2009 bottom),0.014718706719577312,1,-0.030462555587291718,-1,-0.030462555587291718,-0.06530126757570542,,,,0,-304.6255558729172,0.006776740774512291,0.015251108445227146,0.014718706719577312,-1.3838793595797154
2009-03-05,fold_1,GFC peak crash (Lehman + Mar-2009 bottom),0.015596798621118069,1,-0.007953135296702385,-1,-0.007953135296702385,-0.07325440287240781,,,,0,-79.53135296702385,0.021529262885451317,0.0783289447426796,0.015596798621118069,-0.34518343722180445
2009-03-06,fold_1,GFC peak crash (Lehman + Mar-2009 bottom),0.016127727925777435,1,-0.0215223990380764,-1,-0.0215223990380764,-0.09477680191048421,,,,0,-215.223990380764,0.014351638033986092,0.08872090280056,0.016127727925777435,-0.9528420129139734
2009-03-09,fold_1,GFC peak crash (Lehman + Mar-2009 bottom),0.014725957997143269,1,0.059938088059425354,1,0.059938088059425354,-0.034838713851058856,,,,1,599.3808805942535,0.009224262088537216,0.093400739133358,0.014725957997143269,2.6805293227550755
2009-03-10,fold_1,GFC peak crash (Lehman + Mar-2009 bottom),0.006465652026236057,1,0.015251108445227146,1,0.015251108445227146,-0.01958760540583171,,,,1,152.51108445227146,0.0008877944201231003,0.07062570750713348,0.006465652026236057,0.5853840661056128
2009-03-11,fold_1,GFC peak crash (Lehman + Mar-2009 bottom),0.00813994649797678,1,0.03261528164148331,1,0.03261528164148331,0.013027676235651597,,,,1,326.15281641483307,0.008544150739908218,0.0679113119840622,0.00813994649797678,1.3098519365463446
2009-03-12,fold_1,GFC peak crash (Lehman + Mar-2009 bottom),0.00827504601329565,1,0.0024388229940086603,1,0.0024388229940086603,0.015466499229660258,,,,1,24.388229940086603,-0.0013554636389017105,0.03462249040603638,0.00827504601329565,0.09407075065924828
2009-03-13,fold_1,GFC peak crash (Lehman + Mar-2009 bottom),0.006072319112718105,1,-0.016842564567923546,-1,-0.016842564567923546,-0.0013760653382632881,,,,0,-168.42564567923546,-0.002092011272907257,0.0168460663408041,0.006072319112718105,-0.6531217118920715
2009-03-16,fold_1,GFC peak crash (Lehman + Mar-2009 bottom),0.008326326496899128,1,0.037163060158491135,1,0.037163060158491135,0.035786994820227847,,,,1,371.63060158491135,0.010090028867125511,0.09096124023199081,0.008326326496899128,1.4270914904074783
2009-03-17,fold_1,GFC peak crash (Lehman + Mar-2009 bottom),0.00953123439103365,1,0.012536708265542984,1,0.012536708265542984,0.04832370308577083,,,,1,125.36708265542984,0.0019928552210330963,0.03517917916178703,0.00953123439103365,0.48619827721992376
2009-03-18,fold_1,GFC peak crash (Lehman + Mar-2009 bottom),0.0077661676332354546,1,-0.000673539936542511,-1,-0.000673539936542511,0.04765016314922832,,,,0,-6.73539936542511,-0.0066107697784900665,0.02724788524210453,0.0077661676332354546,-0.025968645943417606
2009-03-19,fold_1,GFC peak crash (Lehman + Mar-2009 bottom),0.004050080664455891,1,-0.015337600372731686,-1,-0.015337600372731686,0.032312562776496634,,,,0,-153.37600372731686,-0.010433669202029705,0.05830502137541771,0.004050080664455891,-0.5966964858352954
2009-03-20,fold_1,GFC peak crash (Lehman + Mar-2009 bottom),0.007157309912145138,1,0.05727260932326317,1,0.05727260932326317,0.0895851720997598,,,,1,572.7260932326317,-0.0008406545966863632,0.05468008294701576,0.007157309912145138,2.2092033033287364
2009-03-23,fold_1,GFC peak crash (Lehman + Mar-2009 bottom),0.0034941816702485085,1,-0.018618999049067497,-1,-0.018618999049067497,0.0709661730506923,,,,0,-186.18999049067497,-0.0201501976698637,-0.027560722082853317,0.0034941816702485085,-0.6698162405411248
2009-03-24,fold_1,GFC peak crash (Lehman + Mar-2009 bottom),0.002614879049360752,1,0.0046054162085056305,1,0.0046054162085056305,0.07557158925919794,,,,1,46.054162085056305,-0.018746931105852127,-0.00033004675060510635,0.002614879049360752,0.16961509548873643
2009-03-25,fold_1,GFC peak crash (Lehman + Mar-2009 bottom),-0.002849205397069454,-1,0.03038359433412552,1,-0.03038359433412552,0.04518799492507242,,,,0,-303.8359433412552,-0.037990085780620575,0.00979765597730875,-0.002849205397069454,1.1198733440510578
2009-03-26,fold_1,GFC peak crash (Lehman + Mar-2009 bottom),-0.0024117594584822655,-1,-0.018962539732456207,-1,0.018962539732456207,0.06415053465752862,,,,1,189.62539732456207,-0.03983263671398163,0.011081703938543797,-0.0024117594584822655,-0.6961401824098795
2009-03-27,fold_1,GFC peak crash (Lehman + Mar-2009 bottom),-0.0007427642121911049,-1,-0.024968193843960762,-1,0.024968193843960762,0.08911872850148939,,,,1,249.68193843960762,-0.03269944339990616,0.048450127243995667,-0.0007427642121911049,-0.9083529903405672
2009-03-30,fold_1,GFC peak crash (Lehman + Mar-2009 bottom),0.0024504903703927994,1,0.008611675351858139,1,0.008611675351858139,0.09773040385334753,,,,1,86.11675351858139,-0.016160372644662857,0.0709424838423729,0.0024504903703927994,0.31813871412694694
2011-10-20,fold_2,2011 US-downgrade + EU debt,0.006479878909885883,1,0.012468178756535053,1,0.012468178756535053,0.012468178756535053,,,,1,124.68178756535053,-0.018347565084695816,0.03915964812040329,0.006479878909885883,0.7254950301428739
2011-10-21,fold_2,2011 US-downgrade + EU debt,0.007623734883964062,1,0.02055499702692032,1,0.02055499702692032,0.03302317578345537,,,,1,205.5499702692032,-0.03247569873929024,0.028219684958457947,0.007623734883964062,1.1916707960141402
2011-10-24,fold_2,2011 US-downgrade + EU debt,0.002275281585752964,1,-0.019857194274663925,-1,-0.019857194274663925,0.013165981508791447,,,,0,-198.57194274663925,-0.04202795773744583,-0.009274552576243877,0.002275281585752964,-1.1242654227451692
2011-10-25,fold_2,2011 US-downgrade + EU debt,-0.0029532983899116516,-1,-0.0012212475994601846,-1,0.0012212475994601846,0.014387229108251631,,,,1,12.212475994601846,-0.031387798488140106,-0.01582009345293045,-0.0029532983899116516,-0.06760576848215083
2011-10-26,fold_2,2011 US-downgrade + EU debt,-0.0022860970348119736,-1,0.027214914560317993,1,-0.027214914560317993,-0.012827685452066362,,,,0,-272.14914560317993,-0.035183221101760864,-0.006130612455308437,-0.0022860970348119736,1.5327721267443946
2011-10-27,fold_2,2011 US-downgrade + EU debt,-0.0031502284109592438,-1,0.0015282155945897102,1,-0.0015282155945897102,-0.014355901046656072,,,,0,-15.282155945897102,-0.0557863712310791,-0.012826281599700451,-0.0031502284109592438,0.08226495855020724
2011-10-28,fold_2,2011 US-downgrade + EU debt,-0.0017591705545783043,-1,-0.01693923957645893,-1,0.01693923957645893,0.002583338529802859,,,,1,169.3923957645893,-0.05301128327846527,-0.019531505182385445,-0.0017591705545783043,-0.9604499301628657
2011-10-31,fold_2,2011 US-downgrade + EU debt,0.008830252103507519,1,-0.026402734220027924,-1,-0.026402734220027924,-0.023819395690225065,,,,0,-264.02734220027924,-0.035857196897268295,0.004476445727050304,0.008830252103507519,-1.5465390044523744
2011-11-01,fold_2,2011 US-downgrade + EU debt,0.013929194770753384,1,0.008468233048915863,1,0.008468233048915863,-0.015351162641309202,,,,1,84.68233048915863,-0.011817026883363724,0.04232337325811386,0.013929194770753384,0.48436570043620525
2011-11-02,fold_2,2011 US-downgrade + EU debt,-0.0009551150724291801,-1,0.02051924541592598,1,-0.02051924541592598,-0.03587040805723518,,,,0,-205.1924541592598,-0.04122231900691986,-0.0019340838771313429,-0.0009551150724291801,1.2326345198031936
2011-11-03,fold_2,2011 US-downgrade + EU debt,-0.002352604642510414,-1,-0.005177008453756571,-1,0.005177008453756571,-0.03069339960347861,,,,1,51.77008453756571,-0.04856107756495476,-0.022981518879532814,-0.002352604642510414,-0.3070564506044192
2011-11-04,fold_2,2011 US-downgrade + EU debt,-0.0067303357645869255,-1,0.007068710867315531,1,-0.007068710867315531,-0.03776211047079414,,,,0,-70.68710867315531,-0.047133445739746094,0.0008646357455290854,-0.0067303357645869255,0.4198931974338946
2011-11-07,fold_2,2011 US-downgrade + EU debt,-0.015101243741810322,-1,0.011444195173680782,1,-0.011444195173680782,-0.049206305644474924,,,,0,-114.44195173680782,-0.050187334418296814,-0.012446429580450058,-0.015101243741810322,0.7577434176658022
2011-11-08,fold_2,2011 US-downgrade + EU debt,-0.008811279200017452,-1,-0.03578922525048256,-1,0.03578922525048256,-0.013417080393992364,,,,1,357.8922525048256,-0.04845757782459259,-0.012819630093872547,-0.008811279200017452,-2.3478716767528267
2011-11-09,fold_2,2011 US-downgrade + EU debt,-0.007719073444604874,-1,-0.0005281896446831524,-1,0.0005281896446831524,-0.012888890749309212,,,,1,5.281896446831524,-0.03018031269311905,0.006316989194601774,-0.007719073444604874,-0.030743494779457137
2011-11-10,fold_2,2011 US-downgrade + EU debt,-0.005777379032224417,-1,0.018669145181775093,1,-0.018669145181775093,-0.031558035931084305,,,,0,-186.69145181775093,-0.024889685213565826,-0.016872424632310867,-0.005777379032224417,1.0943993430677403
2011-11-11,fold_2,2011 US-downgrade + EU debt,0.0030423710122704506,1,-0.006242354400455952,-1,-0.006242354400455952,-0.03780039033154026,,,,0,-62.42354400455952,-0.023797042667865753,-0.04327357932925224,0.0030423710122704506,-0.3656038217529387
2011-11-14,fold_2,2011 US-downgrade + EU debt,0.0028655771166086197,1,0.011070994660258293,1,0.011070994660258293,-0.026729395671281964,,,,1,110.70994660258293,-0.01839258521795273,-0.056350450962781906,0.0028655771166086197,0.660064405187602
2011-11-15,fold_2,2011 US-downgrade + EU debt,0.017473924905061722,1,-0.016652606427669525,-1,-0.016652606427669525,-0.04338200209895149,,,,0,-166.52606427669525,-0.011925856582820415,-0.06411396712064743,0.017473924905061722,-0.9954319296180413
2011-11-16,fold_2,2011 US-downgrade + EU debt,0.012090169824659824,1,-0.023717602714896202,-1,-0.023717602714896202,-0.06709960481384769,,,,0,-237.17602714896202,-0.016229232773184776,-0.07028059661388397,0.012090169824659824,-1.4309837360810318
2011-11-17,fold_2,2011 US-downgrade + EU debt,0.015410657040774822,1,-0.007732008118182421,-1,-0.007732008118182421,-0.07483161293203011,,,,0,-77.32008118182421,-0.01178863737732172,-0.05428644269704819,0.015410657040774822,-0.44520972628588534
2011-11-18,fold_2,2011 US-downgrade + EU debt,0.012913026846945286,1,-0.01931922696530819,-1,-0.01931922696530819,-0.0941508398973383,,,,0,-193.1922696530819,-0.008877495303750038,-0.012350264005362988,0.012913026846945286,-1.1213304566334896
2011-11-21,fold_2,2011 US-downgrade + EU debt,0.020103156566619873,1,0.003307477105408907,1,0.003307477105408907,-0.0908433627919294,,,,1,33.07477105408907,-0.0006065182387828827,0.0007365956553258002,0.020103156566619873,0.1927749391665025
2011-11-22,fold_2,2011 US-downgrade + EU debt,0.024418137967586517,1,-0.022819234058260918,-1,-0.022819234058260918,-0.11366259685019031,,,,0,-228.19234058260918,0.009985620155930519,0.03372405469417572,0.024418137967586517,-1.3755493653767066
2011-11-23,fold_2,2011 US-downgrade + EU debt,0.031014855951070786,1,-0.00772344833239913,-1,-0.00772344833239913,-0.12138604518258944,,,,0,-77.2344833239913,0.028616303578019142,0.06343542039394379,0.031014855951070786,-0.4450522951381622
2011-11-25,fold_2,2011 US-downgrade + EU debt,0.01905113458633423,1,0.03420417010784149,1,0.03420417010784149,-0.08718187507474795,,,,1,342.0417010784149,0.008310766890645027,0.06833713501691818,0.01905113458633423,2.0928216108284197
2011-11-28,fold_2,2011 US-downgrade + EU debt,0.017962127923965454,1,-0.006232367362827063,-1,-0.006232367362827063,-0.09341424243757501,,,,0,-62.323673628270626,-0.001927664503455162,0.045023635029792786,0.017962127923965454,-0.3454483536275587
2011-11-29,fold_2,2011 US-downgrade + EU debt,0.008480587042868137,1,0.03629493713378906,1,0.03629493713378906,-0.05711930530378595,,,,1,362.9493713378906,0.004248389974236488,0.048457056283950806,0.008480587042868137,2.051226385858985
2011-11-30,fold_2,2011 US-downgrade + EU debt,0.007421680726110935,1,0.006892128381878138,1,0.006892128381878138,-0.05022717692190781,,,,1,68.92128381878138,-0.013144444674253464,0.012162119150161743,0.007421680726110935,0.37154584442518823
2011-12-01,fold_2,2011 US-downgrade + EU debt,0.00270985160022974,1,-0.002821733010932803,-1,-0.002821733010932803,-0.053048909932840616,,,,0,-28.21733010932803,-0.0267795342952013,-0.011691782623529434,0.00270985160022974,-0.15238429575365461
2011-12-02,fold_2,2011 US-downgrade + EU debt,0.004356573335826397,1,0.010890672914683819,1,0.010890672914683819,-0.0421582370181568,,,,1,108.90672914683819,-0.01137230359017849,0.007039838936179876,0.004356573335826397,0.6066935826487395
2011-12-05,fold_2,2011 US-downgrade + EU debt,0.002886681817471981,1,-0.0027989486698061228,-1,-0.0027989486698061228,-0.04495718568796292,,,,0,-27.989486698061228,-0.0030928775668144226,-0.015138103626668453,0.002886681817471981,-0.15482394903360208
2011-12-06,fold_2,2011 US-downgrade + EU debt,0.0025649527087807655,1,0.0,0,0.0,-0.04495718568796292,,,,0,0.0,-0.012729885056614876,-0.02339749038219452,0.0025649527087807655,0.0
2011-12-07,fold_2,2011 US-downgrade + EU debt,-0.00674982275813818,-1,-0.016961773857474327,-1,0.016961773857474327,-0.027995411830488592,,,,1,169.61773857474327,-0.01520020142197609,-0.039122771471738815,-0.00674982275813818,-0.9509170080754884
2011-12-08,fold_2,2011 US-downgrade + EU debt,-0.0004861149936914444,-1,0.015909889712929726,1,-0.015909889712929726,-0.04390530154341832,,,,0,-159.09889712929726,-0.0005719680339097977,-0.024897422641515732,-0.0004861149936914444,0.9709272968258564
2011-12-09,fold_2,2011 US-downgrade + EU debt,0.00015225913375616074,1,-0.011287270113825798,-1,-0.011287270113825798,-0.055192571657244116,,,,0,-112.87270113825798,0.0020407475531101227,-0.035672057420015335,0.00015225913375616074,-0.6731594202347267
2011-12-12,fold_2,2011 US-downgrade + EU debt,-0.005496713798493147,-1,-0.01105833426117897,-1,0.01105833426117897,-0.044134237396065146,,,,1,110.5833426117897,-0.02154899574816227,-0.03427647426724434,-0.005496713798493147,-0.6728694141096118
2011-12-13,fold_2,2011 US-downgrade + EU debt,-0.0032425886020064354,-1,-0.015725282952189445,-1,0.015725282952189445,-0.0284089544438757,,,,1,157.25282952189445,-0.019025562331080437,0.0059900484047830105,-0.0032425886020064354,-0.9495455651902264
2011-12-14,fold_2,2011 US-downgrade + EU debt,-0.002526231110095978,-1,-0.002736423397436738,-1,0.002736423397436738,-0.025672531046438962,,,,1,27.36423397436738,-0.01736348308622837,0.007308221887797117,-0.002526231110095978,-0.16338743523011157
2011-12-15,fold_2,2011 US-downgrade + EU debt,-0.004638544749468565,-1,0.005135253071784973,1,-0.005135253071784973,-0.030807784118223935,,,,0,-51.35253071784973,-0.020044803619384766,0.018533855676651,-0.004638544749468565,0.3142684862593917
2011-12-16,fold_2,2011 US-downgrade + EU debt,-0.0025966251268982887,-1,-0.009891687892377377,-1,0.009891687892377377,-0.02091609622584656,,,,1,98.91687892377377,-0.003718281164765358,0.021994922310113907,-0.0025966251268982887,-0.6382412654649806
2011-12-19,fold_2,2011 US-downgrade + EU debt,0.009252428077161312,1,0.029208188876509666,1,0.029208188876509666,0.008292092650663108,,,,1,292.08188876509666,0.02596471644937992,0.03560950607061386,0.009252428077161312,1.8771779916831859
2011-12-20,fold_2,2011 US-downgrade + EU debt,0.002420804463326931,1,-0.014407109469175339,-1,-0.014407109469175339,-0.006115016818512231,,,,0,-144.0710946917534,0.00715826079249382,-0.005223233252763748,0.002420804463326931,-0.8831967265206787
2011-12-21,fold_2,2011 US-downgrade + EU debt,0.008778194896876812,1,0.008489210158586502,1,0.008489210158586502,0.002374193340074271,,,,1,84.89210158586502,0.021602606400847435,0.016353648155927658,0.008778194896876812,0.5110574939016249
2011-12-22,fold_2,2011 US-downgrade + EU debt,0.006862076930701733,1,0.008596319705247879,1,0.008596319705247879,0.01097051304532215,,,,1,85.96319705247879,-0.007520169951021671,0.005002554971724749,0.006862076930701733,0.5399180228938677
2011-12-23,fold_2,2011 US-downgrade + EU debt,0.002946726977825165,1,0.0037228951696306467,1,0.0037228951696306467,0.014693408214952797,,,,1,37.22895169630647,-0.02398868277668953,0.015389706939458847,0.002946726977825165,0.23349997107919782
2011-12-27,fold_2,2011 US-downgrade + EU debt,0.0029192203655838966,1,-0.011624548584222794,-1,-0.011624548584222794,0.003068859630730003,,,,0,-116.24548584222794,-0.0292353518307209,0.015876110643148422,0.0029192203655838966,-0.8294704762865347
2011-12-28,fold_2,2011 US-downgrade + EU debt,0.0016161873936653137,1,0.007169771008193493,1,0.007169771008193493,0.010238630638923496,,,,1,71.69771008193493,-0.03424561023712158,0.03569252789020538,0.0016161873936653137,0.5054421435318919
2011-12-29,fold_2,2011 US-downgrade + EU debt,-0.0047657787799835205,-1,-0.002861881861463189,-1,0.002861881861463189,0.013100512500386685,,,,1,28.61881861463189,-0.04509864002466202,0.03198814019560814,-0.0047657787799835205,-0.24368794404464716
2011-12-30,fold_2,2011 US-downgrade + EU debt,-0.0020236698910593987,-1,0.018983472138643265,1,-0.018983472138643265,-0.00588295963825658,,,,0,-189.83472138643265,-0.02928333170711994,0.03155828267335892,-0.0020236698910593987,1.6280766304793013
2012-01-03,fold_2,2011 US-downgrade + EU debt,0.0011847000569105148,1,0.004209298174828291,1,0.004209298174828291,-0.0016736614634282887,,,,1,42.09298174828291,-0.033414214849472046,0.019837142899632454,0.0011847000569105148,0.3396611501012018
2012-01-04,fold_2,2011 US-downgrade + EU debt,-0.0059119658544659615,-1,0.008191867731511593,1,-0.008191867731511593,-0.009865529194939882,,,,0,-81.91867731511593,-0.03368270397186279,0.01769336871802807,-0.0059119658544659615,0.672157943262196
2012-01-05,fold_2,2011 US-downgrade + EU debt,-0.006500251591205597,-1,0.0034653828479349613,1,-0.0034653828479349613,-0.013330912042874843,,,,0,-34.65382847934961,-0.03839142993092537,0.01344839483499527,-0.006500251591205597,0.28154617876989074
2012-01-06,fold_2,2011 US-downgrade + EU debt,-0.0074219307862222195,-1,-0.0032917384523898363,-1,0.0032917384523898363,-0.010039173590485007,,,,1,32.91738452389836,-0.04286317527294159,0.00638009374961257,-0.0074219307862222195,-0.26690995994171485
2012-01-09,fold_2,2011 US-downgrade + EU debt,0.000921027734875679,1,0.0072623323649168015,1,0.0072623323649168015,-0.002776841225568205,,,,1,72.62332364916801,-0.04255596548318863,0.018740149214863777,0.000921027734875679,0.6176430054681394
2012-01-10,fold_2,2011 US-downgrade + EU debt,0.0004902975633740425,1,0.0020655242260545492,1,0.0020655242260545492,-0.0007113169995136559,,,,1,20.655242260545492,-0.03992180898785591,0.024675680324435234,0.0004902975633740425,0.18240113183113085
2012-01-11,fold_2,2011 US-downgrade + EU debt,0.0020083384588360786,1,0.003946894314140081,1,0.003946894314140081,0.0032355773146264255,,,,1,39.468943141400814,-0.043730005621910095,0.028810633346438408,0.0020083384588360786,0.3572210027434997
2012-01-12,fold_2,2011 US-downgrade + EU debt,-0.0013972241431474686,-1,-0.0036029184702783823,-1,0.0036029184702783823,0.006838495784904808,,,,1,36.02918470278382,-0.046551644802093506,0.023359356448054314,-0.0013972241431474686,-0.33345716869875647
2012-01-13,fold_2,2011 US-downgrade + EU debt,0.004369712434709072,1,0.009068316780030727,1,0.009068316780030727,0.015906812564935535,,,,1,90.68316780030727,-0.02876698225736618,0.027296697720885277,0.004369712434709072,0.8848621991021048
2012-01-17,fold_2,2011 US-downgrade + EU debt,0.011045451276004314,1,0.013197863474488258,1,0.013197863474488258,0.029104676039423794,,,,1,131.97863474488258,-0.02205902896821499,0.01638673059642315,0.011045451276004314,1.2654933739685277
2012-01-18,fold_2,2011 US-downgrade + EU debt,0.007725854404270649,1,0.006200478412210941,1,0.006200478412210941,0.035305154451634735,,,,1,62.00478412210941,-0.013887496665120125,0.015677636489272118,0.007725854404270649,0.5753151595477494
2012-01-19,fold_2,2011 US-downgrade + EU debt,0.00469303410500288,1,-0.0015043833991512656,-1,-0.0015043833991512656,0.03380077105248347,,,,0,-15.043833991512656,-0.01041540876030922,0.005996078252792358,0.00469303410500288,-0.14140463209322943
2012-01-20,fold_2,2011 US-downgrade + EU debt,0.01112446840852499,1,0.0003344228898640722,1,0.0003344228898640722,0.03413519394234754,,,,1,3.344228898640722,0.005247153341770172,0.010485036298632622,0.01112446840852499,0.039788999324111236
2012-01-23,fold_2,2011 US-downgrade + EU debt,0.0021396223455667496,1,-0.001841651159338653,-1,-0.001841651159338653,0.03229354278300889,,,,0,-18.41651159338653,0.00024110451340675354,0.010978174395859241,0.0021396223455667496,-0.23722331805890484
2012-01-24,fold_2,2011 US-downgrade + EU debt,0.013450532220304012,1,0.012488769367337227,1,0.012488769367337227,0.044782312150346115,,,,1,124.88769367337227,0.024363504722714424,0.014142458327114582,0.013450532220304012,1.6565615210635705
2012-01-25,fold_2,2011 US-downgrade + EU debt,0.007188574410974979,1,-0.0034810793586075306,-1,-0.0034810793586075306,0.041301232791738585,,,,0,-34.810793586075306,0.013789696618914604,0.009716147556900978,0.007188574410974979,-0.44592694704213065
2012-01-26,fold_2,2011 US-downgrade + EU debt,0.006873193196952343,1,0.0029845747631043196,1,0.0029845747631043196,0.044285807554842904,,,,1,29.845747631043196,0.009566860273480415,0.01630597747862339,0.006873193196952343,0.38259811683906547
2012-01-27,fold_2,2011 US-downgrade + EU debt,0.006120770238339901,1,0.000827561307232827,1,0.000827561307232827,0.04511336886207573,,,,1,8.27561307232827,-0.006324607878923416,0.026951424777507782,0.006120770238339901,0.11205640185162051
2012-01-30,fold_2,2011 US-downgrade + EU debt,0.005244364030659199,1,0.0013226325390860438,1,0.0013226325390860438,0.046436001401161775,,,,1,13.226325390860438,-0.010065579786896706,0.025317996740341187,0.005244364030659199,0.18340650606887668
2012-01-31,fold_2,2011 US-downgrade + EU debt,0.006410532630980015,1,0.008062458597123623,1,0.008062458597123623,0.0544984599982854,,,,1,80.62458597123623,-0.018486544489860535,0.026089711114764214,0.006410532630980015,1.1214809968773007
2012-02-01,fold_2,2011 US-downgrade + EU debt,0.00152618158608675,1,0.003108750795945525,1,0.003108750795945525,0.05760721079423092,,,,1,31.08750795945525,-0.02858847752213478,0.023324616253376007,0.00152618158608675,0.5116638443727852
2012-02-02,fold_2,2011 US-downgrade + EU debt,-0.0016353381797671318,-1,0.01363002136349678,1,-0.01363002136349678,0.04397718943073414,,,,0,-136.3002136349678,-0.024830665439367294,0.027394801378250122,-0.0016353381797671318,2.2556782061599634
2012-02-03,fold_2,2011 US-downgrade + EU debt,0.0033041825518012047,1,-0.0008058656821958721,-1,-0.0008058656821958721,0.04317132374853827,,,,0,-8.05865682195872,-0.019082415848970413,0.006745867431163788,0.0033041825518012047,-0.12369304079839814
2012-02-06,fold_2,2011 US-downgrade + EU debt,-0.0012603839859366417,-1,0.0020943458657711744,1,-0.0020943458657711744,0.041076977882767096,,,,0,-20.943458657711744,-0.013101942837238312,0.01679355278611183,-0.0012603839859366417,0.3236356149482816
2012-02-07,fold_2,2011 US-downgrade + EU debt,0.002550036646425724,1,0.005297363270074129,1,0.005297363270074129,0.046374341152841225,,,,1,52.97363270074129,-0.008861019276082516,0.01723337359726429,0.002550036646425724,0.8217622714312218
2012-02-08,fold_2,2011 US-downgrade + EU debt,0.004069053567945957,1,0.0071789356879889965,1,0.0071789356879889965,0.05355327684083022,,,,1,71.78935687988997,0.0011760834604501724,0.004950869362801313,0.004069053567945957,1.130556543370586
2012-02-09,fold_2,2011 US-downgrade + EU debt,0.006043401546776295,1,-0.007018911652266979,-1,-0.007018911652266979,0.04653436518856324,,,,0,-70.18911652266979,0.005305109545588493,0.01137989480048418,0.006043401546776295,-1.074317083326856
2012-02-10,fold_2,2011 US-downgrade + EU debt,0.005959003232419491,1,0.009241819381713867,1,0.009241819381713867,0.05577618457027711,,,,1,92.41819381713867,0.009014341980218887,0.015250276774168015,0.005959003232419491,1.3874465085316885
2012-02-13,fold_2,2011 US-downgrade + EU debt,0.006025942973792553,1,0.00253416714258492,1,0.00253416714258492,0.05831035171286203,,,,1,25.3416714258492,0.006121950224041939,0.00884240958839655,0.006025942973792553,0.3658105560002509
2012-02-14,fold_2,2011 US-downgrade + EU debt,0.0049619125202298164,1,-0.006985141430050135,-1,-0.006985141430050135,0.051325210282811895,,,,0,-69.85141430050135,0.002552136778831482,0.001738892518915236,0.0049619125202298164,-1.0506623351197235
2012-02-15,fold_2,2011 US-downgrade + EU debt,0.0028285477310419083,1,0.013607961125671864,1,0.013607961125671864,0.06493317140848376,,,,1,136.07961125671864,-0.003253696486353874,0.015335114672780037,0.0028285477310419083,2.209520931384703
2012-02-16,fold_2,2011 US-downgrade + EU debt,0.001262967474758625,1,-0.003148529212921858,-1,-0.003148529212921858,0.0617846421955619,,,,0,-31.48529212921858,-0.010571612976491451,0.005172334145754576,0.001262967474758625,-0.4679680087542468
2012-02-17,fold_2,2011 US-downgrade + EU debt,0.0036969464272260666,1,0.0028339524287730455,1,0.0028339524287730455,0.06461859462433495,,,,1,28.339524287730455,-0.0052184732630848885,0.009727438911795616,0.0036969464272260666,0.41944385103734144
2012-02-21,fold_2,2011 US-downgrade + EU debt,0.0012361975386738777,1,-0.004569350276142359,-1,-0.004569350276142359,0.06004924434819259,,,,0,-45.69350276142359,-0.0055827489122748375,0.016990341246128082,0.0012361975386738777,-0.6733801069912754
2012-02-22,fold_2,2011 US-downgrade + EU debt,0.0010513970628380775,1,0.006611080374568701,1,0.006611080374568701,0.06666032472276129,,,,1,66.11080374568701,-0.009079609997570515,0.01706789620220661,0.0010513970628380775,0.9651470783620054
2012-02-23,fold_2,2011 US-downgrade + EU debt,0.0007625482976436615,1,0.003445180831477046,1,0.003445180831477046,0.07010550555423833,,,,1,34.45180831477046,-0.007319202646613121,0.018343226984143257,0.0007625482976436615,0.5360447494646549
2012-02-24,fold_2,2011 US-downgrade + EU debt,-0.000665285624563694,-1,0.001406575320288539,1,-0.001406575320288539,0.0686989302339498,,,,0,-14.06575320288539,-0.008825317956507206,0.014127819798886776,-0.000665285624563694,0.21888569425971233
2012-02-27,fold_2,2011 US-downgrade + EU debt,0.0006992137059569359,1,0.010096855461597443,1,0.010096855461597443,0.07879578569554724,,,,1,100.96855461597443,-0.0074499836191535,0.002339030848816037,0.0006992137059569359,1.5778658998156045
2012-02-28,fold_2,2011 US-downgrade + EU debt,-0.0009209439158439636,-1,-0.004491796251386404,-1,0.004491796251386404,0.08328758194693364,,,,1,44.91796251386404,-0.011004877276718616,-0.01761925034224987,-0.0009209439158439636,-0.662199871345816
2012-02-29,fold_2,2011 US-downgrade + EU debt,0.00010385550558567047,1,0.007886411622166634,1,0.007886411622166634,0.09117399356910028,,,,1,78.86411622166634,-0.008581403642892838,-0.005449074786156416,0.00010385550558567047,1.151179852539622
2012-03-01,fold_2,2011 US-downgrade + EU debt,-0.0012678401544690132,-1,-0.0007702261791564524,-1,0.0007702261791564524,0.09194421974825673,,,,1,7.702261791564524,-0.012489769607782364,-0.0026220991276204586,-0.0012678401544690132,-0.1125984819999919
2012-03-02,fold_2,2011 US-downgrade + EU debt,0.00046971719712018967,1,-0.0103822136297822,-1,-0.0103822136297822,0.08156200611847453,,,,0,-103.822136297822,-0.012854724191129208,0.0023094317875802517,0.00046971719712018967,-1.5251736877537474
2012-03-05,fold_2,2011 US-downgrade + EU debt,0.0024975715205073357,1,-0.009861424565315247,-1,-0.009861424565315247,0.07170058155315928,,,,0,-98.61424565315247,-0.0034265387803316116,0.013153144158422947,0.0024975715205073357,-1.5137589597575667
2012-03-06,fold_2,2011 US-downgrade + EU debt,0.0035509243607521057,1,0.007678378373384476,1,0.007678378373384476,0.07937895992654376,,,,1,76.78378373384476,-4.0650367736816406e-05,0.04144495725631714,0.0035509243607521057,1.1168153240786654
2012-03-07,fold_2,2011 US-downgrade + EU debt,0.003361607901751995,1,0.010713387280702591,1,0.010713387280702591,0.09009234720724635,,,,1,107.13387280702591,-0.0003271065652370453,0.037231557071208954,0.003361607901751995,1.5151388808677082
2012-03-08,fold_2,2011 US-downgrade + EU debt,0.0014710696414113045,1,0.004161304794251919,1,0.004161304794251919,0.09425365200149827,,,,1,41.61304794251919,-0.006832407787442207,0.029371794313192368,0.0014710696414113045,0.5645424096506517
2012-03-09,fold_2,2011 US-downgrade + EU debt,0.0022548437118530273,1,0.0004614990612026304,1,0.0004614990612026304,0.0947151510627009,,,,1,4.614990612026304,-0.005771171301603317,0.024503981694579124,0.0022548437118530273,0.06361889606810102
2012-03-12,fold_2,2011 US-downgrade + EU debt,0.00023522879928350449,1,0.01843038946390152,1,0.01843038946390152,0.11314554052660242,,,,1,184.3038946390152,-0.007291549816727638,0.03108314424753189,0.00023522879928350449,2.602040314567907
2012-03-13,fold_2,2011 US-downgrade + EU debt,-0.00046469923108816147,-1,0.0034649777226150036,1,-0.0034649777226150036,0.10968056280398741,,,,0,-34.649777226150036,-0.014990520663559437,0.01444236095994711,-0.00046469923108816147,0.43695195041424706
2012-03-14,fold_2,2011 US-downgrade + EU debt,0.001202004961669445,1,0.0028536233585327864,1,0.0028536233585327864,0.1125341861625202,,,,1,28.536233585327864,-0.013567041605710983,0.011126581579446793,0.001202004961669445,0.35906071161865233
2012-03-15,fold_2,2011 US-downgrade + EU debt,0.0010120300576090813,1,-0.0007065081736072898,-1,-0.0007065081736072898,0.11182767798891291,,,,0,-7.065081736072898,-0.014247487299144268,0.006184988189488649,0.0010120300576090813,-0.09036301955303956
2012-03-16,fold_2,2011 US-downgrade + EU debt,0.003414822742342949,1,0.007040662225335836,1,0.007040662225335836,0.11886834021424875,,,,1,70.40662225335836,-0.013270779512822628,0.006294159684330225,0.003414822742342949,0.9773428193550118
2012-03-19,fold_2,2011 US-downgrade + EU debt,0.0032800892367959023,1,0.0017896058270707726,1,0.0017896058270707726,0.12065794604131952,,,,1,17.896058270707726,-0.01113058626651764,0.016580747440457344,0.0032800892367959023,0.24380827020648896
2012-03-20,fold_2,2011 US-downgrade + EU debt,0.004267939366400242,1,0.0001491978910053149,1,0.0001491978910053149,0.12080714393232483,,,,1,1.4919789100531489,-0.00712696835398674,0.01625809818506241,0.004267939366400242,0.020371779229221194
2012-03-21,fold_2,2011 US-downgrade + EU debt,0.0042420485988259315,1,-0.002087969798594713,-1,-0.002087969798594713,0.11871917413373012,,,,0,-20.879697985947132,-0.007901964709162712,0.01214273739606142,0.0042420485988259315,-0.2879080999137984
2012-03-22,fold_2,2011 US-downgrade + EU debt,0.0034697437658905983,1,-0.0005973368533886969,-1,-0.0005973368533886969,0.11812183728034142,,,,0,-5.973368533886969,-0.005167383700609207,0.010396905243396759,0.0034697437658905983,-0.0839512847838132
2012-03-23,fold_2,2011 US-downgrade + EU debt,0.0030711302533745766,1,0.01732725091278553,1,0.01732725091278553,0.13544908819312695,,,,1,173.2725091278553,-0.006035076454281807,0.009071050211787224,0.0030711302533745766,2.4491804812367133
2012-03-26,fold_2,2011 US-downgrade + EU debt,0.00023805256932973862,1,0.001466956571675837,1,0.001466956571675837,0.1369160447648028,,,,1,14.66956571675837,-0.013257641345262527,0.0020533644128590822,0.00023805256932973862,0.18200350488989153
2012-03-27,fold_2,2011 US-downgrade + EU debt,-0.001279996708035469,-1,-0.003966162912547588,-1,0.003966162912547588,0.14088220767735038,,,,1,39.66162912547588,-0.013175936415791512,0.0002936256059911102,-0.001279996708035469,-0.5121378390983127
2012-03-28,fold_2,2011 US-downgrade + EU debt,-0.002232995815575123,-1,-0.0038338019512593746,-1,0.0038338019512593746,0.14471600962860975,,,,1,38.338019512593746,-0.013829302042722702,-0.0094646867364645,-0.002232995815575123,-0.49596645392931077
2012-03-29,fold_2,2011 US-downgrade + EU debt,-0.0025216517969965935,-1,-0.001923191943205893,-1,0.001923191943205893,0.14663920157181565,,,,1,19.23191943205893,-0.014555610716342926,0.000590998271945864,-0.0025216517969965935,-0.2538937655513964
2014-02-21,fold_3,Taper tantrum and 2014 H1,-0.0006023133173584938,-1,0.005323662888258696,1,-0.005323662888258696,-0.005323662888258696,,,,0,-53.236628882586956,-0.010165141895413399,0.008691264316439629,-0.0006023133173584938,0.49226051732137377
2014-02-24,fold_3,Taper tantrum and 2014 H1,-0.006870312616229057,-1,-0.001106994808651507,-1,0.001106994808651507,-0.004216668079607189,,,,1,11.069948086515069,-0.018193041905760765,-0.00407614978030324,-0.006870312616229057,-0.11145365394766149
2014-02-25,fold_3,Taper tantrum and 2014 H1,-0.00212037842720747,-1,-0.000885732239112258,-1,0.000885732239112258,-0.0033309358404949307,,,,1,8.85732239112258,-0.024481825530529022,0.009663728065788746,-0.00212037842720747,-0.09136686309462048
2014-02-26,fold_3,Taper tantrum and 2014 H1,0.0036647776141762733,1,0.006466743536293507,1,0.006466743536293507,0.003135807695798576,,,,1,64.66743536293507,-0.029816843569278717,0.013298643752932549,0.0036647776141762733,0.6669918548421834
2014-02-27,fold_3,Taper tantrum and 2014 H1,-0.005342401098459959,-1,-0.0011064147111028433,-1,0.0011064147111028433,0.004242222406901419,,,,1,11.064147111028433,-0.019966676831245422,0.005953503772616386,-0.005342401098459959,-0.1164405687605777
2014-02-28,fold_3,Taper tantrum and 2014 H1,0.0007285531610250473,1,-0.007443751208484173,-1,-0.007443751208484173,-0.0032015288015827537,,,,0,-74.43751208484173,-0.01796472817659378,0.002101438818499446,0.0007285531610250473,-0.8678280809274966
2014-03-03,fold_3,Taper tantrum and 2014 H1,-0.011700903996825218,-1,0.0126328831538558,1,-0.0126328831538558,-0.015834411955438554,,,,0,-126.328831538558,-0.022148920223116875,0.010427766479551792,-0.011700903996825218,1.449198935767308
2014-03-04,fold_3,Taper tantrum and 2014 H1,-0.0020161783322691917,-1,0.002749183913692832,1,-0.002749183913692832,-0.018583595869131386,,,,0,-27.49183913692832,-0.019913896918296814,-0.006517944857478142,-0.0020161783322691917,0.36409727286672033
2014-03-05,fold_3,Taper tantrum and 2014 H1,0.0008048843592405319,1,-0.000878396793268621,-1,-0.000878396793268621,-0.019461992662400007,,,,0,-8.78396793268621,-0.022049030289053917,-0.00550622446462512,0.0008048843592405319,-0.11876164717620236
2014-03-06,fold_3,Taper tantrum and 2014 H1,0.00017004366964101791,1,-0.004958479665219784,-1,-0.004958479665219784,-0.02442047232761979,,,,0,-49.58479665219784,-0.025118716061115265,-0.018862556666135788,0.00017004366964101791,-0.6722333900953021
2014-03-07,fold_3,Taper tantrum and 2014 H1,0.009410860948264599,1,0.0008825759869068861,1,0.0008825759869068861,-0.023537896340712905,,,,1,8.825759869068861,-0.018284177407622337,-0.020760266110301018,0.009410860948264599,0.1279116911000885
2014-03-10,fold_3,Taper tantrum and 2014 H1,0.01036806683987379,1,-0.004312828183174133,-1,-0.004312828183174133,-0.027850724523887038,,,,0,-43.12828183174133,-0.010930998250842094,-0.012884118594229221,0.01036806683987379,-0.7622219523205848
2014-03-11,fold_3,Taper tantrum and 2014 H1,0.008140054531395435,1,0.0037609043065458536,1,0.0037609043065458536,-0.024089820217341185,,,,1,37.609043065458536,-0.005914795212447643,0.003430252429097891,0.008140054531395435,0.6720760088848108
2014-03-12,fold_3,Taper tantrum and 2014 H1,0.008302186615765095,1,-0.01423472911119461,-1,-0.01423472911119461,-0.038324549328535795,,,,0,-142.3472911119461,-0.0016709696501493454,-0.00575813977047801,0.008302186615765095,-2.812872408524843
2014-03-13,fold_3,Taper tantrum and 2014 H1,0.00476358737796545,1,-0.006856187712401152,-1,-0.006856187712401152,-0.04518073704093695,,,,0,-68.56187712401152,0.0006152689456939697,0.01124925073236227,0.00476358737796545,-1.1497802921245706
2014-03-14,fold_3,Taper tantrum and 2014 H1,0.004917963407933712,1,0.008758722804486752,1,0.008758722804486752,-0.036422014236450195,,,,1,87.58722804486752,0.0023729298263788223,0.005999579560011625,0.004917963407933712,1.4767679021712654
2014-03-17,fold_3,Taper tantrum and 2014 H1,0.004762859083712101,1,0.012001542374491692,1,0.012001542374491692,-0.024420471861958504,,,,1,120.01542374491692,-0.011844595894217491,-0.011562190018594265,0.004762859083712101,1.926450667269544
2014-03-18,fold_3,Taper tantrum and 2014 H1,0.003479868173599243,1,-0.005427488125860691,-1,-0.005427488125860691,-0.029847959987819195,,,,0,-54.27488125860691,-0.016825664788484573,-0.020281963050365448,0.003479868173599243,-0.8107154202653549
2014-03-19,fold_3,Taper tantrum and 2014 H1,-0.0012368373572826385,-1,0.0027726609259843826,1,-0.0027726609259843826,-0.03262062091380358,,,,0,-27.726609259843826,-0.020484667271375656,-0.02781808003783226,-0.0012368373572826385,0.41839638687375774
2014-03-20,fold_3,Taper tantrum and 2014 H1,9.139254689216614e-05,1,-0.012105858884751797,-1,-0.012105858884751797,-0.044726479798555374,,,,0,-121.05858884751797,-0.017873330041766167,-0.03621464595198631,9.139254689216614e-05,-1.8416946564998837
2014-03-21,fold_3,Taper tantrum and 2014 H1,0.00462449062615633,1,-0.008803046308457851,-1,-0.008803046308457851,-0.053529526107013226,,,,0,-88.03046308457851,-0.01072750985622406,-0.02215406857430935,0.00462449062615633,-1.239424755320805
2014-03-24,fold_3,Taper tantrum and 2014 H1,0.006459369324147701,1,0.003281768411397934,1,0.003281768411397934,-0.05024775769561529,,,,1,32.81768411397934,-0.006543098017573357,-0.0062537225894629955,0.006459369324147701,0.4511965566791618
2014-03-25,fold_3,Taper tantrum and 2014 H1,0.008604236878454685,1,-0.012963604182004929,-1,-0.012963604182004929,-0.06321136187762022,,,,0,-129.6360418200493,-0.012689441442489624,0.00787755660712719,0.008604236878454685,-1.7743265739366645
2014-03-26,fold_3,Taper tantrum and 2014 H1,0.007952851243317127,1,-0.005623903591185808,-1,-0.005623903591185808,-0.06883526546880603,,,,0,-56.23903591185808,-0.015447402372956276,0.02341604046523571,0.007952851243317127,-0.7157141756594412
2014-03-27,fold_3,Taper tantrum and 2014 H1,0.005984838120639324,1,0.0019547175616025925,1,0.0019547175616025925,-0.06688054790720344,,,,1,19.547175616025925,-0.008410152979195118,0.02107001282274723,0.005984838120639324,0.24979581633408446
2014-03-28,fold_3,Taper tantrum and 2014 H1,0.004008705727756023,1,0.0070972987450659275,1,0.0070972987450659275,-0.05978324916213751,,,,1,70.97298745065928,-0.00983714871108532,-0.007842288352549076,0.004008705727756023,0.9060127079641355
2014-03-31,fold_3,Taper tantrum and 2014 H1,0.0012066243216395378,1,0.017413048073649406,1,0.017413048073649406,-0.0423702010884881,,,,1,174.13048073649406,-0.011088687926530838,-0.0244788508862257,0.0012066243216395378,2.2274561662872308
2014-04-01,fold_3,Taper tantrum and 2014 H1,0.00023284181952476501,1,0.0025748794432729483,1,0.0025748794432729483,-0.039795321645215154,,,,1,25.748794432729483,-0.01776503026485443,-0.03270028531551361,0.00023284181952476501,0.31157741244076076
2014-04-02,fold_3,Taper tantrum and 2014 H1,-0.0003296658396720886,-1,-0.007969930768013,-1,0.007969930768013,-0.03182539087720215,,,,1,79.69930768013,-0.018824439495801926,-0.018278267234563828,-0.0003296658396720886,-0.9647420670863133
2014-04-03,fold_3,Taper tantrum and 2014 H1,5.771499127149582e-05,1,-0.02695758268237114,-1,-0.02695758268237114,-0.05878297355957329,,,,0,-269.5758268237114,-0.016560547053813934,-0.04177101328969002,5.771499127149582e-05,-3.1906397371676727
2014-04-04,fold_3,Taper tantrum and 2014 H1,-0.00011221971362829208,-1,-0.009539262391626835,-1,0.009539262391626835,-0.04924371116794646,,,,1,95.39262391626835,-0.004202758893370628,-0.026514969766139984,-0.00011221971362829208,-0.9243960077394551
2014-04-07,fold_3,Taper tantrum and 2014 H1,-6.68652355670929e-05,-1,0.009191613644361496,1,-0.009191613644361496,-0.058435324812307954,,,,0,-91.91613644361496,-0.0008531641215085983,-0.00915968231856823,-6.68652355670929e-05,0.8724212064864433
2014-04-08,fold_3,Taper tantrum and 2014 H1,-0.0038191908970475197,-1,0.016996895894408226,1,-0.016996895894408226,-0.07543222070671618,,,,0,-169.96895894408226,-0.00868749525398016,-0.015053289011120796,-0.0038191908970475197,1.5898401667635498
2014-04-09,fold_3,Taper tantrum and 2014 H1,-0.0051215337589383125,-1,-0.03146267682313919,-1,0.03146267682313919,-0.04396954388357699,,,,1,314.6267682313919,-0.008714711293578148,-0.018851255998015404,-0.0051215337589383125,-2.7805663507372933
2014-04-10,fold_3,Taper tantrum and 2014 H1,-0.007843579165637493,-1,-0.01170154195278883,-1,0.01170154195278883,-0.03226800193078816,,,,1,117.0154195278883,0.01596253179013729,0.012843403033912182,-0.007843579165637493,-0.9044168442628483
2014-04-11,fold_3,Taper tantrum and 2014 H1,-0.005454459227621555,-1,0.007816024124622345,1,-0.007816024124622345,-0.040084026055410504,,,,0,-78.16024124622345,0.02171040140092373,0.031941864639520645,-0.005454459227621555,0.5961510368720718
2014-04-14,fold_3,Taper tantrum and 2014 H1,-0.010042587295174599,-1,0.0032980076503008604,1,-0.0032980076503008604,-0.043382033705711365,,,,0,-32.980076503008604,0.005826769396662712,0.0320403128862381,-0.010042587295174599,0.25212227676228055
2014-04-15,fold_3,Taper tantrum and 2014 H1,-0.0116931963711977,-1,0.013198929838836193,1,-0.013198929838836193,-0.05658096354454756,,,,0,-131.98929838836193,-0.0008946489542722702,0.01990613155066967,-0.0116931963711977,1.029239149505944
2014-04-16,fold_3,Taper tantrum and 2014 H1,-0.005118807312101126,-1,0.0002319830673513934,1,-0.0002319830673513934,-0.05681294661189895,,,,0,-2.319830673513934,-0.009141683578491211,0.016228817403316498,-0.005118807312101126,0.017704409515367756
2014-04-17,fold_3,Taper tantrum and 2014 H1,-0.005865732207894325,-1,0.007396920118480921,1,-0.007396920118480921,-0.06420986673037987,,,,0,-73.96920118480921,-0.018756162375211716,-0.00011613046081038192,-0.005865732207894325,0.5651443196261554
2014-04-21,fold_3,Taper tantrum and 2014 H1,0.0003437800332903862,1,0.007914471440017223,1,0.007914471440017223,-0.05629539529036265,,,,1,79.14471440017223,-0.011295365169644356,-0.004269872326403856,0.0003437800332903862,0.6129573868021266
2014-04-22,fold_3,Taper tantrum and 2014 H1,-0.0005476316437125206,-1,-0.008836171589791775,-1,0.008836171589791775,-0.047459223700570874,,,,1,88.36171589791775,-0.012169402092695236,-0.004236620385199785,-0.0005476316437125206,-0.685870461320646
2014-04-23,fold_3,Taper tantrum and 2014 H1,3.1311996281147e-05,1,0.009521614760160446,1,0.009521614760160446,-0.03793760894041043,,,,1,95.21614760160446,-0.008748805150389671,0.007235391531139612,3.1311996281147e-05,0.7316941727822702
2014-04-24,fold_3,Taper tantrum and 2014 H1,-0.001009262166917324,-1,-0.01611296460032463,-1,0.01611296460032463,-0.021824644340085797,,,,1,161.1296460032463,-0.009909276850521564,0.0006843045121058822,-0.001009262166917324,-1.252605071352228
2014-04-25,fold_3,Taper tantrum and 2014 H1,0.003298620693385601,1,0.0032431783620268106,1,0.0032431783620268106,-0.018581465978058986,,,,1,32.43178362026811,-0.0050301942974328995,0.01497045811265707,0.003298620693385601,0.2438609425001167
2014-04-28,fold_3,Taper tantrum and 2014 H1,0.006341216154396534,1,0.00794772244989872,1,0.00794772244989872,-0.010633743528160267,,,,1,79.4772244989872,-0.009733657352626324,0.016970984637737274,0.006341216154396534,0.5970399685811895
2014-04-29,fold_3,Taper tantrum and 2014 H1,0.0029304344207048416,1,0.0026358403265476227,1,0.0026358403265476227,-0.007997903201612644,,,,1,26.358403265476227,-0.024827752262353897,-0.004023039247840643,0.0029304344207048416,0.19765020906525657
2014-04-30,fold_3,Taper tantrum and 2014 H1,0.002932751551270485,1,0.002970527159050107,1,0.002970527159050107,-0.005027376042562537,,,,1,29.70527159050107,-0.022480111569166183,-0.00954312551766634,0.002932751551270485,0.2326464559028697
2014-05-01,fold_3,Taper tantrum and 2014 H1,-0.0019439933821558952,-1,-0.0018268103012815118,-1,0.0018268103012815118,-0.003200565741281025,,,,1,18.268103012815118,-0.027687687426805496,-0.013438626192510128,-0.0019439933821558952,-0.14302445624634064
2014-05-02,fold_3,Taper tantrum and 2014 H1,-0.00540611008182168,-1,0.005243705119937658,1,-0.005243705119937658,-0.008444270861218683,,,,0,-52.43705119937658,-0.02832566574215889,-0.007918200455605984,-0.00540611008182168,0.41437903964715017
2014-05-05,fold_3,Taper tantrum and 2014 H1,0.0010177912190556526,1,-0.013046301901340485,-1,-0.013046301901340485,-0.021490572762559168,,,,0,-130.46301901340485,-0.022440072149038315,0.003178476123139262,0.0010177912190556526,-1.1660932572157228
2014-05-06,fold_3,Taper tantrum and 2014 H1,0.003842863254249096,1,-0.002884245477616787,-1,-0.002884245477616787,-0.024374818240175955,,,,0,-28.84245477616787,-0.03145185858011246,0.016904594376683235,0.003842863254249096,-0.25381310969980364
2014-05-07,fold_3,Taper tantrum and 2014 H1,-0.0017490647733211517,-1,-0.0009249738068319857,-1,0.0009249738068319857,-0.02344984443334397,,,,1,9.249738068319857,-0.038562700152397156,0.01456519030034542,-0.0017490647733211517,-0.08262502824968634
2014-05-08,fold_3,Taper tantrum and 2014 H1,0.0013179108500480652,1,0.003693615784868598,1,0.003693615784868598,-0.01975622864847537,,,,1,36.93615784868598,-0.02471958100795746,0.00760283088311553,0.0013179108500480652,0.3507050202758788
2014-05-09,fold_3,Taper tantrum and 2014 H1,-0.0038155214861035347,-1,0.016340382397174835,1,-0.016340382397174835,-0.036096611045650207,,,,0,-163.40382397174835,-0.012984290719032288,0.010429514572024345,-0.0038155214861035347,2.073398925339283
2014-05-12,fold_3,Taper tantrum and 2014 H1,-0.004084944725036621,-1,0.0006798167596571147,1,-0.0006798167596571147,-0.03677642780530732,,,,0,-6.798167596571147,-0.023949338123202324,0.0010198835516348481,-0.004084944725036621,0.08207038410880037
2014-05-13,fold_3,Taper tantrum and 2014 H1,-0.0028753457590937614,-1,-0.005223650485277176,-1,0.005223650485277176,-0.031552777320030145,,,,1,52.23650485277176,-0.030270712450146675,-0.00328986463136971,-0.0028753457590937614,-0.6450313470035096
2014-05-14,fold_3,Taper tantrum and 2014 H1,-0.003504762426018715,-1,-0.007887332700192928,-1,0.007887332700192928,-0.023665444619837217,,,,1,78.87332700192928,-0.021829213947057724,0.011433972977101803,-0.003504762426018715,-0.9679146831549944
2014-05-15,fold_3,Taper tantrum and 2014 H1,-0.006494590546935797,-1,0.006520299706608057,1,-0.006520299706608057,-0.030185744326445274,,,,0,-65.20299706608057,-0.007558637298643589,0.023701516911387444,-0.006494590546935797,0.8361923425833073
2014-05-16,fold_3,Taper tantrum and 2014 H1,-0.004293918609619141,-1,0.0069307503290474415,1,-0.0069307503290474415,-0.037116494655492716,,,,0,-69.30750329047441,0.0021940115839242935,0.02443923056125641,-0.004293918609619141,0.8737077739859721
2014-05-19,fold_3,Taper tantrum and 2014 H1,-0.0014682607725262642,-1,-0.0036299314815551043,-1,0.0036299314815551043,-0.03348656317393761,,,,1,36.29931481555104,0.002536064013838768,0.029892729595303535,-0.0014682607725262642,-0.45881738372934977
2014-05-20,fold_3,Taper tantrum and 2014 H1,0.0018700510263442993,1,0.009500186890363693,1,0.009500186890363693,-0.023986376283573918,,,,1,95.00186890363693,0.01995653100311756,0.03044099360704422,0.0018700510263442993,1.225258190591561
2014-05-21,fold_3,Taper tantrum and 2014 H1,-0.004184599965810776,-1,0.004380210768431425,1,-0.004380210768431425,-0.028366587052005343,,,,0,-43.80210768431425,0.008277375251054764,0.027313604950904846,-0.004184599965810776,0.5620858252523185
2014-05-22,fold_3,Taper tantrum and 2014 H1,-0.005772449541836977,-1,0.007258014287799597,1,-0.007258014287799597,-0.03562460133980494,,,,0,-72.58014287799597,-0.0037860870361328125,0.023042934015393257,-0.005772449541836977,0.9600542360580507
2014-05-23,fold_3,Taper tantrum and 2014 H1,-0.01690569333732128,-1,0.012384248897433281,1,-0.012384248897433281,-0.04800885023723822,,,,0,-123.84248897433281,-0.011057168245315552,0.014798999764025211,-0.01690569333732128,1.8101637895137987
2014-05-27,fold_3,Taper tantrum and 2014 H1,-0.007651123683899641,-1,-0.0030816674698144197,-1,0.0030816674698144197,-0.0449271827674238,,,,1,30.816674698144197,0.001500636339187622,0.0019759966526180506,-0.007651123683899641,-0.4195607894926704
2014-05-28,fold_3,Taper tantrum and 2014 H1,0.006019857712090015,1,0.006372798699885607,1,0.006372798699885607,-0.038554384067538194,,,,1,63.72798699885607,0.00260000117123127,0.008779807947576046,0.006019857712090015,0.8900581927586882
2014-05-29,fold_3,Taper tantrum and 2014 H1,-0.0016692634671926498,-1,0.00010953944001812488,1,-0.00010953944001812488,-0.03866392350755632,,,,0,-1.0953944001812488,0.004905974492430687,0.010785252787172794,-0.0016692634671926498,0.015053706886225565
2014-05-30,fold_3,Taper tantrum and 2014 H1,-0.0012395642697811127,-1,-0.0009859201963990927,-1,0.0009859201963990927,-0.03767800331115723,,,,1,9.859201963990927,0.01254136674106121,0.01640191674232483,-0.0012395642697811127,-0.13605960599780215
2014-06-02,fold_3,Taper tantrum and 2014 H1,0.002148481085896492,1,-0.00043875392293557525,-1,-0.00043875392293557525,-0.0381167572340928,,,,0,-4.3875392293557525,0.03352028876543045,0.016633290797472,0.002148481085896492,-0.060617508986671356
2014-06-03,fold_3,Taper tantrum and 2014 H1,0.012277568690478802,1,0.003722143592312932,1,0.003722143592312932,-0.03439461364177987,,,,1,37.22143592312932,0.038300469517707825,0.018795523792505264,0.012277568690478802,0.52107920808085
2014-06-04,fold_3,Taper tantrum and 2014 H1,0.012297646142542362,1,0.008378244005143642,1,0.008378244005143642,-0.026016369636636227,,,,1,83.78244005143642,0.017569350078701973,0.014858423732221127,0.012297646142542362,1.2746072309545615
2014-06-05,fold_3,Taper tantrum and 2014 H1,0.008147026412189007,1,0.005726202856749296,1,0.005726202856749296,-0.02029016677988693,,,,1,57.26202856749296,0.009616238996386528,-0.002603821223601699,0.008147026412189007,0.841536314923747
2014-06-06,fold_3,Taper tantrum and 2014 H1,0.008393150754272938,1,-0.0007545453845523298,-1,-0.0007545453845523298,-0.02104471216443926,,,,0,-7.545453845523298,0.005117623135447502,-0.005401598289608955,0.008393150754272938,-0.1090258095653863
2014-06-09,fold_3,Taper tantrum and 2014 H1,0.007716869004070759,1,0.0017234788974747062,1,0.0017234788974747062,-0.019321233266964555,,,,1,17.23478897474706,0.007006274536252022,-0.0037802942097187042,0.007716869004070759,0.2507459024618815
2014-06-10,fold_3,Taper tantrum and 2014 H1,0.005746637471020222,1,-0.00021495713735930622,-1,-0.00021495713735930622,-0.01953619040432386,,,,0,-2.149571373593062,0.0038950014859437943,-0.004963437560945749,0.005746637471020222,-0.036842175568203905
2014-06-11,fold_3,Taper tantrum and 2014 H1,0.006692457012832165,1,-0.009084000252187252,-1,-0.009084000252187252,-0.028620190656511113,,,,0,-90.84000252187252,0.00021010078489780426,0.0008610818767920136,0.006692457012832165,-1.557411019774264
2014-06-12,fold_3,Taper tantrum and 2014 H1,0.006624544970691204,1,0.0029284260235726833,1,0.0029284260235726833,-0.02569176463293843,,,,1,29.284260235726833,0.0009624790400266647,0.009298957884311676,0.006624544970691204,0.48285032094804403
2014-06-13,fold_3,Taper tantrum and 2014 H1,0.0057615069672465324,1,0.0008667586953379214,1,0.0008667586953379214,-0.02482500593760051,,,,1,8.667586953379214,-0.0016363020986318588,0.007546482607722282,0.0057615069672465324,0.1484276600289527
2014-06-16,fold_3,Taper tantrum and 2014 H1,0.0053236400708556175,1,0.0005403357790783048,1,0.0005403357790783048,-0.024284670158522204,,,,1,5.403357790783048,-0.0066589005291461945,0.006895371712744236,0.0053236400708556175,0.09549964981027752
2014-06-17,fold_3,Taper tantrum and 2014 H1,0.004292572848498821,1,0.005609562154859304,1,0.005609562154859304,-0.0186751080036629,,,,1,56.095621548593044,-0.008914663456380367,0.005384569056332111,0.004292572848498821,1.0306115744567852
2014-06-18,fold_3,Taper tantrum and 2014 H1,0.00478059146553278,1,-0.000646124710328877,-1,-0.000646124710328877,-0.019321232713991776,,,,0,-6.46124710328877,-0.012371286749839783,0.006119376048445702,0.00478059146553278,-0.11691776295906459
2014-06-19,fold_3,Taper tantrum and 2014 H1,0.004326333291828632,1,0.001175950514152646,1,0.001175950514152646,-0.01814528219983913,,,,1,11.75950514152646,-0.016264747828245163,0.007301395758986473,0.004326333291828632,0.2304085862318534
2014-06-20,fold_3,Taper tantrum and 2014 H1,0.005331770516932011,1,0.0002156479167751968,1,0.0002156479167751968,-0.017929634283063933,,,,1,2.156479167751968,-0.013500544242560863,0.010508253239095211,0.005331770516932011,0.04299375123078296
2014-06-23,fold_3,Taper tantrum and 2014 H1,0.006214228458702564,1,-0.0009704668773338199,-1,-0.0009704668773338199,-0.018900101160397753,,,,0,-9.704668773338199,-0.006265744566917419,0.011997771449387074,0.006214228458702564,-0.20447154155560207
2014-06-24,fold_3,Taper tantrum and 2014 H1,0.006148054264485836,1,0.006344369146972895,1,0.006344369146972895,-0.012555732013424858,,,,1,63.44369146972895,-0.0037699416279792786,0.023876363411545753,0.006148054264485836,1.643309511582408
2014-06-25,fold_3,Taper tantrum and 2014 H1,0.004691082052886486,1,0.0005358947673812509,1,0.0005358947673812509,-0.012019837246043608,,,,1,5.358947673812509,-0.0072040436789393425,0.019215893000364304,0.004691082052886486,0.13215691458243795
2014-06-26,fold_3,Taper tantrum and 2014 H1,0.004728919826447964,1,0.00438280776143074,1,0.00438280776143074,-0.007637029484612867,,,,1,43.828077614307404,-0.009990612044930458,0.024969423189759254,0.004728919826447964,1.1539035577103673
2014-06-27,fold_3,Taper tantrum and 2014 H1,0.003983345814049244,1,0.0017051667673513293,1,0.0017051667673513293,-0.005931862717261538,,,,1,17.051667673513293,-0.007074958644807339,0.01755196787416935,0.003983345814049244,0.4347071467681163
2014-06-30,fold_3,Taper tantrum and 2014 H1,0.0035423170775175095,1,0.010908124968409538,1,0.010908124968409538,0.004976262251148,,,,1,109.08124968409538,-0.0059280674904584885,0.0037202120292931795,0.0035423170775175095,2.7721612507452202
2014-07-01,fold_3,Taper tantrum and 2014 H1,0.0015690932050347328,1,0.0016838997835293412,1,0.0016838997835293412,0.006660162034677342,,,,1,16.838997835293412,-0.012233485467731953,0.0002107195177813992,0.0015690932050347328,0.36381104072122655
2014-07-02,fold_3,Taper tantrum and 2014 H1,0.0010646479204297066,1,0.00628942484036088,1,0.00628942484036088,0.012949586875038221,,,,1,62.8942484036088,-0.011583544313907623,-0.0046371459029614925,0.0010646479204297066,1.3766643287193563
2014-07-03,fold_3,Taper tantrum and 2014 H1,0.0020380383357405663,1,-0.0030346480198204517,-1,-0.0030346480198204517,0.00991493885521777,,,,0,-30.346480198204517,-0.016824036836624146,-0.004503125324845314,0.0020380383357405663,-0.6900461447877146
2014-07-07,fold_3,Taper tantrum and 2014 H1,0.004156115464866161,1,-0.012126589193940163,-1,-0.012126589193940163,-0.002211650338722393,,,,0,-121.26589193940163,-0.010944380424916744,0.004496706649661064,0.004156115464866161,-2.8455543192125514
2014-07-08,fold_3,Taper tantrum and 2014 H1,0.004501760937273502,1,0.007398632355034351,1,0.007398632355034351,0.005186982016311958,,,,1,73.98632355034351,-0.006417996250092983,0.013173858635127544,0.004501760937273502,1.4655670883826315
2014-07-09,fold_3,Taper tantrum and 2014 H1,0.004452423192560673,1,-0.0031639656517654657,-1,-0.0031639656517654657,0.0020230163645464927,,,,0,-31.639656517654657,-0.010551856830716133,0.00974604208022356,0.004452423192560673,-0.5971461092102441
2014-07-10,fold_3,Taper tantrum and 2014 H1,0.0037631047889590263,1,0.006423445418477058,1,0.006423445418477058,0.008446461783023551,,,,1,64.23445418477058,-0.00860317051410675,-0.0004228194011375308,0.0037631047889590263,1.2017025952140485
2014-07-11,fold_3,Taper tantrum and 2014 H1,0.004264389164745808,1,0.0059651839546859264,1,0.0059651839546859264,0.014411645737709478,,,,1,59.651839546859264,-0.007771484553813934,0.008882122114300728,0.004264389164745808,1.1585792441699563
2014-07-14,fold_3,Taper tantrum and 2014 H1,0.004705478437244892,1,-0.003449437441304326,-1,-0.003449437441304326,0.010962208296405151,,,,0,-34.49437441304326,-0.005417192354798317,0.0016677516978234053,0.004705478437244892,-0.6535234140812817
2014-07-15,fold_3,Taper tantrum and 2014 H1,0.004016564227640629,1,0.003970816265791655,1,0.003970816265791655,0.014933024562196806,,,,1,39.708162657916546,-0.005557512864470482,0.01145125925540924,0.004016564227640629,0.7448884330714018
2014-07-16,fold_3,Taper tantrum and 2014 H1,0.00349449273198843,1,-0.013332827016711235,-1,-0.013332827016711235,0.001600197545485571,,,,0,-133.32827016711235,-0.010365962982177734,0.013877581804990768,0.00349449273198843,-2.467743478875805
2014-07-17,fold_3,Taper tantrum and 2014 H1,0.006217273883521557,1,0.015728386119008064,1,0.015728386119008064,0.017328583664493635,,,,1,157.28386119008064,-0.005116062238812447,0.026078633964061737,0.006217273883521557,2.603183061654549
2014-07-18,fold_3,Taper tantrum and 2014 H1,0.006771796382963657,1,-0.0012491863453760743,-1,-0.0012491863453760743,0.01607939731911756,,,,0,-12.491863453760743,-0.009705716744065285,0.006429646164178848,0.006771796382963657,-0.17872204598867492
2014-07-21,fold_3,Taper tantrum and 2014 H1,0.006619115360081196,1,0.006334070116281509,1,0.006334070116281509,0.02241346743539907,,,,1,63.340701162815094,-0.010434417985379696,0.007989144884049892,0.006619115360081196,0.9061378421587718
2014-07-22,fold_3,Taper tantrum and 2014 H1,0.005866830237209797,1,0.00639713928103447,1,0.00639713928103447,0.02881060671643354,,,,1,63.971392810344696,-0.009558302350342274,-0.00010333875979995355,0.005866830237209797,0.8969545824667564
2014-07-23,fold_3,Taper tantrum and 2014 H1,0.0034462176263332367,1,-0.0011317766038700938,-1,-0.0011317766038700938,0.027678830112563446,,,,0,-11.317766038700938,-0.016064703464508057,-0.002574207494035363,0.0034462176263332367,-0.15565918702123097
2014-07-24,fold_3,Taper tantrum and 2014 H1,0.003544219769537449,1,-0.003920600283890963,-1,-0.003920600283890963,0.023758229828672484,,,,0,-39.206002838909626,-0.015087039209902287,-0.021860044449567795,0.003544219769537449,-0.5494414230069968
2014-07-25,fold_3,Taper tantrum and 2014 H1,0.0029003089293837547,1,0.0003103120543528348,1,0.0003103120543528348,0.02406854188302532,,,,1,3.103120543528348,-0.011945754289627075,-0.021629933267831802,0.0029003089293837547,0.04316926421390465
2014-07-28,fold_3,Taper tantrum and 2014 H1,0.005161548964679241,1,-0.001758413389325142,-1,-0.001758413389325142,0.022310128493700176,,,,0,-17.58413389325142,-0.007916940376162529,-0.015097670257091522,0.005161548964679241,-0.24691679954321788
2014-07-29,fold_3,Taper tantrum and 2014 H1,0.004683255217969418,1,0.003926270641386509,1,0.003926270641386509,0.026236399135086685,,,,1,39.26270641386509,-0.008122654631733894,-0.02102711983025074,0.004683255217969418,0.5512776424635283
2014-07-30,fold_3,Taper tantrum and 2014 H1,0.0032309433445334435,1,-0.02041761204600334,-1,-0.02041761204600334,0.005818787089083344,,,,0,-204.17612046003342,-0.011710993945598602,-0.025693856179714203,0.0032309433445334435,-3.0253746553661913
2014-07-31,fold_3,Taper tantrum and 2014 H1,0.0060876598581671715,1,-0.003690489800646901,-1,-0.003690489800646901,0.0021282972884364426,,,,0,-36.90489800646901,-0.005537141114473343,-0.008454873226583004,0.0060876598581671715,-0.4534157647166218
2014-08-01,fold_3,Taper tantrum and 2014 H1,0.006652777083218098,1,0.0068425750359892845,1,0.0068425750359892845,0.008970872324425727,,,,1,68.42575035989285,-0.002436447888612747,0.0024269213899970055,0.006652777083218098,0.8490340969905606
2014-08-04,fold_3,Taper tantrum and 2014 H1,0.0035981880500912666,1,-0.007687862496823072,-1,-0.007687862496823072,0.0012830098276026547,,,,0,-76.87862496823072,-0.009943487122654915,0.001467795460484922,0.0035981880500912666,-0.9404013445423478
2014-08-05,fold_3,Taper tantrum and 2014 H1,0.004058492369949818,1,-0.0007404669304378331,-1,-0.0007404669304378331,0.0005425428971648216,,,,0,-7.404669304378331,-0.0056183794513344765,0.008736382238566875,0.004058492369949818,-0.0937116027863874
2014-08-06,fold_3,Taper tantrum and 2014 H1,0.0032614730298519135,1,-0.00317862955853343,-1,-0.00317862955853343,-0.0026360866613686085,,,,0,-31.7862955853343,-0.004560008645057678,0.02000616118311882,0.0032614730298519135,-0.41130322963078586
2014-08-07,fold_3,Taper tantrum and 2014 H1,0.004140966571867466,1,0.007191305048763752,1,0.007191305048763752,0.0045552183873951435,,,,1,71.91305048763752,-0.007458602078258991,0.028356796130537987,0.004140966571867466,0.9304928116568347
2014-08-08,fold_3,Taper tantrum and 2014 H1,0.0023467643186450005,1,0.005883449222892523,1,0.005883449222892523,0.010438667610287666,,,,1,58.83449222892523,-0.003564845770597458,0.02600216120481491,0.0023467643186450005,0.757958197237931
2014-08-11,fold_3,Taper tantrum and 2014 H1,0.002393328584730625,1,-0.0004192753112874925,-1,-0.0004192753112874925,0.010019392299000174,,,,0,-4.192753112874925,-0.009589503519237041,0.02778947539627552,0.002393328584730625,-0.05403648788866629
2014-08-12,fold_3,Taper tantrum and 2014 H1,0.00039276760071516037,1,0.010529312305152416,1,0.010529312305152416,0.02054870460415259,,,,1,105.29312305152416,-0.01595086231827736,0.03379705175757408,0.00039276760071516037,1.363679603234186
2014-08-13,fold_3,Taper tantrum and 2014 H1,-0.004944869317114353,-1,0.0051720053888857365,1,-0.0051720053888857365,0.015376699215266854,,,,0,-51.720053888857365,-0.0231098011136055,0.02326774038374424,-0.004944869317114353,0.6446265908960627
2014-08-14,fold_3,Taper tantrum and 2014 H1,0.001184084452688694,1,0.004836669657379389,1,0.004836669657379389,0.020213368872646242,,,,1,48.36669657379389,-0.026053667068481445,0.020119888707995415,0.001184084452688694,0.6416355422554882
2014-08-15,fold_3,Taper tantrum and 2014 H1,0.002966277301311493,1,0.007670763414353132,1,0.007670763414353132,0.027884132286999375,,,,1,76.70763414353132,-0.020048806443810463,0.016798965632915497,0.002966277301311493,1.135661916793589
2014-08-18,fold_3,Taper tantrum and 2014 H1,0.00039092544466257095,1,0.005588300991803408,1,0.005588300991803408,0.03347243327880278,,,,1,55.88300991803408,-0.027397235855460167,0.012655028142035007,0.00039092544466257095,0.8025449421832442
2014-08-19,fold_3,Taper tantrum and 2014 H1,0.0016078995540738106,1,0.0,0,0.0,0.03347243327880278,,,,0,0.0,-0.029180601239204407,0.008072314783930779,0.0016078995540738106,0.0
2014-08-20,fold_3,Taper tantrum and 2014 H1,0.0024197297170758247,1,0.0020241537131369114,1,0.0020241537131369114,0.035496586991939694,,,,1,20.241537131369114,-0.026400355622172356,0.008273630402982235,0.0024197297170758247,0.2984589132808147
2014-08-21,fold_3,Taper tantrum and 2014 H1,0.004083252511918545,1,0.0015157470479607582,1,0.0015157470479607582,0.03701233403990045,,,,1,15.157470479607582,-0.02256838232278824,0.005143505055457354,0.004083252511918545,0.22315366394154962
2014-08-22,fold_3,Taper tantrum and 2014 H1,0.004813832230865955,1,0.00352682638913393,1,0.00352682638913393,0.04053916042903438,,,,1,35.2682638913393,-0.019856806844472885,0.007342625875025988,0.004813832230865955,0.5229497782812355
2014-08-25,fold_3,Taper tantrum and 2014 H1,0.0028247758746147156,1,0.0010055879829451442,1,0.0010055879829451442,0.041544748411979526,,,,1,10.055879829451442,-0.01752501167356968,0.00671806838363409,0.0028247758746147156,0.14810494098229504
2014-08-26,fold_3,Taper tantrum and 2014 H1,0.003894701600074768,1,0.0002013150224229321,1,0.0002013150224229321,0.04174606343440246,,,,1,2.013150224229321,-0.015893112868070602,-0.00020076821965631098,0.003894701600074768,0.029683580416780462
2014-08-27,fold_3,Taper tantrum and 2014 H1,0.004094486124813557,1,-0.0011059711687266827,-1,-0.0011059711687266827,0.040640092265675776,,,,0,-11.059711687266827,-0.015421193093061447,-0.0013072571018710732,0.004094486124813557,-0.16445378893942256
2014-08-28,fold_3,Taper tantrum and 2014 H1,0.004440310411155224,1,0.0037148678675293922,1,0.0037148678675293922,0.04435496013320517,,,,1,37.14867867529392,-0.015001978725194931,0.004816656932234764,0.004440310411155224,0.7513692050723919
2014-08-29,fold_3,Taper tantrum and 2014 H1,0.0065245190635323524,1,0.002902268897742033,1,0.002902268897742033,0.0472572290309472,,,,1,29.02268897742033,-0.01417112909257412,0.0030023581348359585,0.0065245190635323524,0.5869045800932715
2014-09-02,fold_3,Taper tantrum and 2014 H1,0.0019024666398763657,1,-0.005913248751312494,-1,-0.005913248751312494,0.04134398027963471,,,,0,-59.13248751312494,-0.01394452154636383,-0.008227802813053131,0.0019024666398763657,-1.2456932093143112
2014-09-03,fold_3,Taper tantrum and 2014 H1,0.0038420716300606728,1,-0.0009051738306879997,-1,-0.0009051738306879997,0.04043880644894671,,,,0,-9.051738306879997,-0.012428143061697483,0.005913248751312494,0.0038420716300606728,-0.19600618181372603
2014-09-04,fold_3,Taper tantrum and 2014 H1,0.004757449962198734,1,0.005017942748963833,1,0.005017942748963833,0.04545674919791054,,,,1,50.17942748963833,-0.01274912804365158,0.0060186004266142845,0.004757449962198734,1.0862393282937621
2014-09-05,fold_3,Taper tantrum and 2014 H1,0.003150077536702156,1,0.0019005690701305866,1,0.0019005690701305866,0.047357318268041126,,,,1,19.005690701305866,-0.014576423913240433,-0.004112768918275833,0.003150077536702156,0.40433892746950595
2014-09-08,fold_3,Taper tantrum and 2014 H1,0.00585723202675581,1,-0.008327892050147057,-1,-0.008327892050147057,0.03902942621789407,,,,0,-83.27892050147057,-0.013343622907996178,-0.01571054756641388,0.00585723202675581,-1.8768245623151516
2014-09-09,fold_3,Taper tantrum and 2014 H1,0.006098519079387188,1,0.008227802813053131,1,0.008227802813053131,0.0472572290309472,,,,1,82.27802813053131,-0.008025064133107662,0.001308427657932043,0.006098519079387188,1.777519263451231
2014-09-10,fold_3,Taper tantrum and 2014 H1,0.004764300771057606,1,-0.0007998223882168531,-1,-0.0007998223882168531,0.04645740664273035,,,,0,-7.998223882168531,-0.005889139138162136,-0.00541094271466136,0.004764300771057606,-0.16060189297344188
2014-09-11,fold_3,Taper tantrum and 2014 H1,0.00436366256326437,1,-0.005113426595926285,-1,-0.005113426595926285,0.04134398004680406,,,,0,-51.13426595926285,-0.009660249575972557,0.0028961822390556335,0.00436366256326437,-1.1642305984975365
2014-09-12,fold_3,Taper tantrum and 2014 H1,0.003570886328816414,1,-0.009697210043668747,-1,-0.009697210043668747,0.031646770003135316,,,,0,-96.97210043668747,-0.006148708052933216,0.007389549165964127,0.003570886328816414,-2.2095975746885537
2014-09-15,fold_3,Taper tantrum and 2014 H1,0.00419978890568018,1,0.008691084571182728,1,0.008691084571182728,0.040337854574318044,,,,1,86.91084571182728,-0.003865642473101616,0.00774153508245945,0.00419978890568018,1.8204422697855847
2014-09-16,fold_3,Taper tantrum and 2014 H1,0.003140060231089592,1,0.0015084322076290846,1,0.0015084322076290846,0.04184628678194713,,,,1,15.084322076290846,-0.007580030709505081,-0.003679014276713133,0.003140060231089592,0.3103262284268353
2014-09-17,fold_3,Taper tantrum and 2014 H1,0.003832343965768814,1,0.0075073023326694965,1,0.0075073023326694965,0.049353589114616625,,,,1,75.07302332669497,-0.0071421414613723755,0.005486177280545235,0.003832343965768814,1.594067302481406
2014-09-18,fold_3,Taper tantrum and 2014 H1,0.004361559636890888,1,-0.0006200594361871481,-1,-0.0006200594361871481,0.04873352967842948,,,,0,-6.200594361871481,-0.01147272065281868,-0.0232794601470232,0.004361559636890888,-0.12401778789185415
2014-09-19,fold_3,Taper tantrum and 2014 H1,0.0040692416951060295,1,-0.009345224127173424,-1,-0.009345224127173424,0.03938830555125605,,,,0,-93.45224127173424,-0.010056178085505962,-0.012074689380824566,0.0040692416951060295,-1.876112941336521
2014-09-22,fold_3,Taper tantrum and 2014 H1,0.00545062031596899,1,-0.002729465253651142,-1,-0.002729465253651142,0.03665884029760491,,,,0,-27.29465253651142,-0.0054966965690255165,-0.0040466017089784145,0.00545062031596899,-0.5062925958727779
2014-09-23,fold_3,Taper tantrum and 2014 H1,0.006210659630596638,1,0.010673623532056808,1,0.010673623532056808,0.04733246382966172,,,,1,106.73623532056808,-0.006270444020628929,0.00010115558688994497,0.006210659630596638,1.9884172085794183
2014-09-24,fold_3,Taper tantrum and 2014 H1,0.004437592811882496,1,-0.021258333697915077,-1,-0.021258333697915077,0.026074130131746642,,,,0,-212.58333697915077,-0.013055400922894478,-0.026695234701037407,0.004437592811882496,-3.6213541307532724
2014-09-25,fold_3,Taper tantrum and 2014 H1,0.005555939860641956,1,0.010584711097180843,1,0.010584711097180843,0.036658841228927486,,,,1,105.84711097180843,-0.005825097672641277,-0.005436900071799755,0.005555939860641956,1.4013167095476196
2014-09-26,fold_3,Taper tantrum and 2014 H1,0.005160803906619549,1,-0.0013171363389119506,-1,-0.0013171363389119506,0.035341704890015535,,,,0,-13.171363389119506,-0.006660539656877518,-0.0061947559006512165,0.005160803906619549,-0.1664801500173341
2014-09-29,fold_3,Taper tantrum and 2014 H1,0.0025137662887573242,1,0.0014182919403538108,1,0.0014182919403538108,0.036759996830369346,,,,1,14.182919403538108,-0.008185557089745998,-0.007019097916781902,0.0025137662887573242,0.1801359166050565
2015-10-20,fold_4,China devaluation and oil crash,0.003393039107322693,1,-0.006119910627603531,-1,-0.006119910627603531,-0.006119910627603531,,,,0,-61.19910627603531,-0.005837195552885532,0.04429900646209717,0.003393039107322693,-0.549909513091617
2015-10-21,fold_4,China devaluation and oil crash,0.010716681368649006,1,0.02016388066112995,1,0.02016388066112995,0.01404397003352642,,,,1,201.63880661129951,0.007807478308677673,0.05869702249765396,0.010716681368649006,1.7985088349856173
2015-10-22,fold_4,China devaluation and oil crash,0.0066148145124316216,1,0.02759856916964054,1,0.02759856916964054,0.04164253920316696,,,,1,275.9856916964054,-0.003982469439506531,0.03695332258939743,0.0066148145124316216,2.2891135509366194
2015-10-23,fold_4,China devaluation and oil crash,0.004157773219048977,1,0.0006200486677698791,1,0.0006200486677698791,0.04226258787093684,,,,1,6.200486677698791,-0.009139184840023518,0.004864683840423822,0.004157773219048977,0.046239165445014885
2015-10-26,fold_4,China devaluation and oil crash,0.01145446952432394,1,0.0020364215597510338,1,0.0020364215597510338,0.044299009430687875,,,,1,20.364215597510338,-0.005805946886539459,0.015475906431674957,0.01145446952432394,0.17327052468370258
2015-10-27,fold_4,China devaluation and oil crash,0.00881995353847742,1,0.008278105407953262,1,0.008278105407953262,0.05257711483864114,,,,1,82.78105407953262,-0.005813350901007652,0.0169235672801733,0.00881995353847742,0.7073047718117413
2015-10-28,fold_4,China devaluation and oil crash,0.0004922561347484589,1,-0.001579819479957223,-1,-0.001579819479957223,0.050997295358683914,,,,0,-15.79819479957223,-0.05384540557861328,0.008732274174690247,0.0004922561347484589,-0.1476400958413283
2015-10-29,fold_4,China devaluation and oil crash,0.005511264316737652,1,-0.0044900719076395035,-1,-0.0044900719076395035,0.04650722345104441,,,,0,-44.900719076395035,-0.040646933019161224,0.0076130894012749195,0.005511264316737652,-0.42125876748744795
2015-10-30,fold_4,China devaluation and oil crash,0.0033943532034754753,1,0.011231271550059319,1,0.011231271550059319,0.05773849500110373,,,,1,112.31271550059319,-0.032894812524318695,0.012800556607544422,0.0033943532034754753,1.125673331570117
2015-11-02,fold_4,China devaluation and oil crash,0.0008683698251843452,1,0.0034840821754187346,1,0.0034840821754187346,0.061222577176522464,,,,1,34.840821754187346,-0.03710527718067169,-0.009115763008594513,0.0008683698251843452,0.35607678947438853
2015-11-03,fold_4,China devaluation and oil crash,0.0036127744242548943,1,8.681241888552904e-05,1,8.681241888552904e-05,0.06130938959540799,,,,1,0.8681241888552904,-0.017235323786735535,-0.015156766399741173,0.0036127744242548943,0.008896579534874601
2015-11-04,fold_4,China devaluation and oil crash,0.014592728577554226,1,-0.0026990047190338373,-1,-0.0026990047190338373,0.058610384876374155,,,,0,-26.990047190338373,-0.006446751765906811,-0.0164802223443985,0.014592728577554226,-0.27923049992307447
2015-11-05,fold_4,China devaluation and oil crash,0.008501728065311909,1,0.0006973955896683037,1,0.0006973955896683037,0.05930778046604246,,,,1,6.973955896683037,-0.009666915982961655,-0.02355119399726391,0.008501728065311909,0.07231429521597253
2015-11-06,fold_4,China devaluation and oil crash,0.017321769148111343,1,-0.010685048997402191,-1,-0.010685048997402191,0.04862273146864027,,,,0,-106.85048997402191,-0.00496477447450161,-0.044079799205064774,0.017321769148111343,-1.113930360360376
2015-11-09,fold_4,China devaluation and oil crash,0.015122354961931705,1,-0.002556920750066638,-1,-0.002556920750066638,0.04606581071857363,,,,0,-25.56920750066638,-0.006128615699708462,-0.01911265403032303,0.015122354961931705,-0.2590533167347578
2015-11-10,fold_4,China devaluation and oil crash,0.02160574123263359,1,-0.0012366441078484058,-1,-0.0012366441078484058,0.044829166610725224,,,,0,-12.366441078484058,-0.008878527209162712,-0.0159277506172657,0.02160574123263359,-0.12644673556114616
2015-11-11,fold_4,China devaluation and oil crash,0.019714772701263428,1,-0.009769977070391178,-1,-0.009769977070391178,0.035059189540334046,,,,0,-97.69977070391178,-0.01615177094936371,0.004321797750890255,0.019714772701263428,-0.9992510511783043
2015-11-12,fold_4,China devaluation and oil crash,0.022717561572790146,1,-0.019831210374832153,-1,-0.019831210374832153,0.015227979165501893,,,,0,-198.31210374832153,-0.014344737865030766,0.014795579016208649,0.022717561572790146,-2.124953703021285
2015-11-13,fold_4,China devaluation and oil crash,0.017538193613290787,1,0.014282097108662128,1,0.014282097108662128,0.02951007627416402,,,,1,142.82097108662128,-0.0034190379083156586,0.041375380009412766,0.017538193613290787,1.3879178394405955
2015-11-16,fold_4,China devaluation and oil crash,0.01914209872484207,1,0.0006279842928051949,1,0.0006279842928051949,0.030138060566969216,,,,1,6.2798429280519485,-0.004651572555303574,0.024206893518567085,0.01914209872484207,0.058699210833415644
2015-11-17,fold_4,China devaluation and oil crash,0.022602196782827377,1,0.019012903794646263,1,0.019012903794646263,0.04915096436161548,,,,1,190.12903794646263,-0.0026585571467876434,0.022702451795339584,0.022602196782827377,1.7874648466146612
2015-11-18,fold_4,China devaluation and oil crash,0.016118865460157394,1,0.0007038041949272156,1,0.0007038041949272156,0.049854768556542695,,,,1,7.038041949272156,-0.012014725245535374,0.004566005896776915,0.016118865460157394,0.06188420412372024
2015-11-19,fold_4,China devaluation and oil crash,0.018074162304401398,1,0.006748592015355825,1,0.006748592015355825,0.05660336057189852,,,,1,67.48592015355825,0.000538242980837822,0.005262549035251141,0.018074162304401398,0.6462822591666338
2015-11-20,fold_4,China devaluation and oil crash,0.019945427775382996,1,-0.0028863900806754827,-1,-0.0028863900806754827,0.05371697049122304,,,,0,-28.863900806754827,0.011663408949971199,-0.004026245791465044,0.019945427775382996,-0.33729056284664266
2015-11-23,fold_4,China devaluation and oil crash,0.01727430149912834,1,-0.0008764576632529497,-1,-0.0008764576632529497,0.05284051282797009,,,,0,-8.764576632529497,0.011656587943434715,0.008809004910290241,0.01727430149912834,-0.10214217951414425
2015-11-24,fold_4,China devaluation and oil crash,0.019257139414548874,1,0.0008764576632529497,1,0.0008764576632529497,0.05371697049122304,,,,1,8.764576632529497,0.016589852049946785,0.0035007991828024387,0.019257139414548874,0.10225956340385596
2015-11-25,fold_4,China devaluation and oil crash,0.015183798037469387,1,0.0014003473334014416,1,0.0014003473334014416,0.05511731782462448,,,,1,14.003473334014416,0.014225376769900322,-0.014471632428467274,0.015183798037469387,0.16728680282196637
2015-11-27,fold_4,China devaluation and oil crash,0.01548286247998476,1,-0.002540202811360359,-1,-0.002540202811360359,0.05257711501326412,,,,0,-25.402028113603592,0.016098937019705772,0.0072346641682088375,0.01548286247998476,-0.3035129411512779
2015-11-30,fold_4,China devaluation and oil crash,0.014903158880770206,1,0.009948860853910446,1,0.009948860853910446,0.06252597586717457,,,,1,99.48860853910446,0.028306661173701286,0.005248351488262415,0.014903158880770206,1.194586063857271
2015-12-01,fold_4,China devaluation and oil crash,0.009505451656877995,1,-0.006184663623571396,-1,-0.006184663623571396,0.05634131224360317,,,,0,-61.84663623571396,0.008871028199791908,-0.0046132574789226055,0.009505451656877995,-0.7499876485171226
2015-12-02,fold_4,China devaluation and oil crash,0.008058439008891582,1,-0.01709597371518612,-1,-0.01709597371518612,0.03924533852841705,,,,0,-170.9597371518612,0.0017000287771224976,-0.013724218122661114,0.008058439008891582,-2.0535364294682603
2015-12-03,fold_4,China devaluation and oil crash,0.007891776971518993,1,0.023106643930077553,1,0.023106643930077553,0.062351982458494604,,,,1,231.06643930077553,0.0014952626079320908,0.007879506796598434,0.007891776971518993,2.5223255326409033
2015-12-04,fold_4,China devaluation and oil crash,0.002914457581937313,1,-0.004526515491306782,-1,-0.004526515491306782,0.05782546696718782,,,,0,-45.26515491306782,-0.013102641329169273,-0.038512103259563446,0.002914457581937313,-0.43109129945658503
2015-12-07,fold_4,China devaluation and oil crash,0.005126894451677799,1,8.725155930733308e-05,1,8.725155930733308e-05,0.057912718526495155,,,,1,0.8725155930733308,-0.006645267829298973,-0.026432102546095848,0.005126894451677799,0.008272132186391416
2015-12-08,fold_4,China devaluation and oil crash,0.007263948209583759,1,-0.015295623801648617,-1,-0.015295623801648617,0.04261709472484654,,,,0,-152.95623801648617,-0.004484286531805992,-0.020446723327040672,0.007263948209583759,-1.4888426203459677
2015-12-09,fold_4,China devaluation and oil crash,0.0031920894980430603,1,0.004507751204073429,1,0.004507751204073429,0.04712484592891997,,,,1,45.07751204073429,0.0012497510761022568,0.00960917305201292,0.0031920894980430603,0.4168919601981546
2015-12-10,fold_4,China devaluation and oil crash,0.00236384104937315,1,-0.02328496426343918,-1,-0.02328496426343918,0.02383988166548079,,,,0,-232.84964263439178,0.010666804388165474,-0.009569364599883556,0.00236384104937315,-2.144870930139299
2015-12-11,fold_4,China devaluation and oil crash,0.008582637645304203,1,0.007553484290838242,1,0.007553484290838242,0.03139336595631903,,,,1,75.53484290838242,0.0339529886841774,-0.005653249565511942,0.008582637645304203,0.6379484307264066
2015-12-14,fold_4,China devaluation and oil crash,0.013946651481091976,1,0.006072630640119314,1,0.006072630640119314,0.037465996596438345,,,,1,60.72630640119314,0.05935870110988617,-0.00215992983430624,0.013946651481091976,0.5467045773028342
2015-12-15,fold_4,China devaluation and oil crash,0.0022496748715639114,1,0.014760272577404976,1,0.014760272577404976,0.05222626917384332,,,,1,147.60272577404976,0.03036840446293354,-0.00168037845287472,0.0022496748715639114,1.376247394325145
2015-12-16,fold_4,China devaluation and oil crash,-0.0010798228904604912,-1,-0.014670786447823048,-1,0.014670786447823048,0.06689705562166637,,,,1,146.70786447823048,0.012923633679747581,-0.009042750112712383,-0.0010798228904604912,-1.3074991347175047
2015-12-17,fold_4,China devaluation and oil crash,-0.007373574189841747,-1,-0.01936884969472885,-1,0.01936884969472885,0.08626590531639522,,,,1,193.6884969472885,0.005649710074067116,0.005450133234262466,-0.007373574189841747,-1.7786319863299034
2015-12-18,fold_4,China devaluation and oil crash,-0.003842955455183983,-1,0.011046803556382656,1,-0.011046803556382656,0.07521910176001256,,,,0,-110.46803556382656,0.030432729050517082,0.02428596094250679,-0.003842955455183983,0.9426938408301507
2015-12-21,fold_4,China devaluation and oil crash,0.0011191535741090775,1,0.006552181672304869,1,0.006552181672304869,0.08177128343231743,,,,1,65.52181672304869,0.011194596067070961,0.028845859691500664,0.0011191535741090775,0.5515120227529856
2015-12-22,fold_4,China devaluation and oil crash,0.006781362928450108,1,0.007397900801151991,1,0.007397900801151991,0.08916918423346942,,,,1,73.97900801151991,-0.003026772290468216,0.013241508975625038,0.006781362928450108,0.6189166429136861
2015-12-23,fold_4,China devaluation and oil crash,0.00046341773122549057,1,-0.00017790279525797814,-1,-0.00017790279525797814,0.08899128143821144,,,,0,-1.7790279525797814,-0.022075261920690536,-0.006682647857815027,0.00046341773122549057,-0.014744975855360434
2015-12-24,fold_4,China devaluation and oil crash,-0.005601557902991772,-1,-0.0005330225685611367,-1,0.0005330225685611367,0.08952430400677258,,,,1,5.330225685611367,-0.05197770148515701,-0.027828186750411987,-0.005601557902991772,-0.04418367105827519
2015-12-28,fold_4,China devaluation and oil crash,0.0007854895666241646,1,0.01560670230537653,1,0.01560670230537653,0.10513100631214911,,,,1,156.0670230537653,-0.06744549423456192,-0.02903185784816742,0.0007854895666241646,1.2940542927429068
2015-12-29,fold_4,China devaluation and oil crash,-0.01171823125332594,-1,-0.00905216857790947,-1,0.00905216857790947,0.11418317489005858,,,,1,90.5216857790947,-0.07774574309587479,-0.05429093912243843,-0.01171823125332594,-0.7217363218677224
2015-12-30,fold_4,China devaluation and oil crash,-0.005500035360455513,-1,-0.012526256032288074,-1,0.012526256032288074,0.12670943092234666,,,,1,125.26256032288074,-0.07321484386920929,-0.07705271244049072,-0.005500035360455513,-1.0014434086057409
2015-12-31,fold_4,China devaluation and oil crash,-0.0017419354990124702,-1,-0.021323442459106445,-1,0.021323442459106445,0.1480328733814531,,,,1,213.23442459106445,-0.05834150314331055,-0.07276111096143723,-0.0017419354990124702,-1.6733253467462836
2016-01-04,fold_4,China devaluation and oil crash,0.006266401149332523,1,-0.0017366929678246379,-1,-0.0017366929678246379,0.14629618041362846,,,,0,-17.36692967824638,0.00286259688436985,-0.048365604132413864,0.006266401149332523,-0.13299938311556678
2016-01-05,fold_4,China devaluation and oil crash,0.009890899993479252,1,-0.009652378037571907,-1,-0.009652378037571907,0.13664380237605656,,,,0,-96.52378037571907,0.016469454392790794,-0.03509790077805519,0.009890899993479252,-0.804466051931289
2016-01-06,fold_4,China devaluation and oil crash,0.014086351729929447,1,-0.03181394189596176,-1,-0.03181394189596176,0.1048298604800948,,,,0,-318.1394189596176,0.031959518790245056,-0.06054344400763512,0.014086351729929447,-2.618651198542985
2016-01-07,fold_4,China devaluation and oil crash,0.01974223181605339,1,-0.008234658278524876,-1,-0.008234658278524876,0.09659520220156992,,,,0,-82.34658278524876,0.045590661466121674,-0.007657906971871853,0.01974223181605339,-0.5849109099819225
2016-01-08,fold_4,China devaluation and oil crash,0.019218653440475464,1,0.0030720664653927088,1,0.0030720664653927088,0.09966726866696263,,,,1,30.720664653927088,0.028491085395216942,-0.030952053144574165,0.019218653440475464,0.22293194032832703
2016-01-11,fold_4,China devaluation and oil crash,0.011864938773214817,1,0.011531009338796139,1,0.011531009338796139,0.11119827800575877,,,,1,115.31009338796139,0.018791260197758675,-0.031844522804021835,0.011864938773214817,0.8379769965657005
2016-01-12,fold_4,China devaluation and oil crash,0.008359593339264393,1,-0.03509791940450668,-1,-0.03509791940450668,0.07610035860125208,,,,0,-350.97919404506683,0.016931215301156044,-0.04644802585244179,0.008359593339264393,-2.7007112948895324
2016-01-13,fold_4,China devaluation and oil crash,0.011458027176558971,1,0.021071596071124077,1,0.021071596071124077,0.09717195467237616,,,,1,210.71596071124077,0.02788313664495945,-0.010357847437262535,0.011458027176558971,1.396629864588817
2016-01-14,fold_4,China devaluation and oil crash,-0.0014271391555666924,-1,-0.03152880445122719,-1,0.03152880445122719,0.12870075912360335,,,,1,315.2880445122719,0.0017527583986520767,-0.0028869316447526217,-0.0014271391555666924,-2.0021287642035857
2016-01-15,fold_4,China devaluation and oil crash,0.002828598953783512,1,0.002179595874622464,1,0.002179595874622464,0.1308803549982258,,,,1,21.795958746224642,0.01778278313577175,0.013690323568880558,0.002828598953783512,0.12870273806938973
2016-01-19,fold_4,China devaluation and oil crash,-0.001077478751540184,-1,-0.0030724939424544573,-1,0.0030724939424544573,0.13395284894068027,,,,1,30.724939424544573,0.01017073541879654,0.020469823852181435,-0.001077478751540184,-0.1848506249669811
2016-01-20,fold_4,China devaluation and oil crash,0.002004728652536869,1,0.0009922586614266038,1,0.0009922586614266038,0.13494510760210687,,,,1,9.922586614266038,0.01358967088162899,-0.0016886454541236162,0.002004728652536869,0.061776704168400025
2016-01-21,fold_4,China devaluation and oil crash,-0.0016107065603137016,-1,0.02854251302778721,1,-0.02854251302778721,0.10640259457431966,,,,0,-285.4251302778721,-0.0010510403662919998,0.011338510550558567,-0.0016107065603137016,1.7982371089670433
2016-01-22,fold_4,China devaluation and oil crash,-0.0037253741174936295,-1,-0.014951549470424652,-1,0.014951549470424652,0.12135414404474432,,,,1,149.51549470424652,-0.01357134710997343,0.0034633507020771503,-0.0037253741174936295,-0.8771940457603843
2016-01-25,fold_4,China devaluation and oil crash,-0.000503789633512497,-1,0.008959095925092697,1,-0.008959095925092697,0.11239504811965162,,,,0,-89.59095925092697,-0.011281520128250122,0.021100182086229324,-0.000503789633512497,0.5181487944941808
2016-01-26,fold_4,China devaluation and oil crash,-0.0027558356523513794,-1,-0.02523096278309822,-1,0.02523096278309822,0.13762601090274984,,,,1,252.3096278309822,-0.01588943786919117,-0.00974215380847454,-0.0027558356523513794,-1.4495383138895608
2016-01-27,fold_4,China devaluation and oil crash,-5.253683775663376e-05,-1,0.014019414782524109,1,-0.014019414782524109,0.12360659612022573,,,,0,-140.1941478252411,-0.008318903855979443,0.01068068016320467,-5.253683775663376e-05,0.7662004856589724
2016-01-28,fold_4,China devaluation and oil crash,-6.500910967588425e-05,-1,0.02066735178232193,1,-0.02066735178232193,0.1029392443379038,,,,0,-206.6735178232193,-0.00917760469019413,-0.003437303937971592,-6.500910967588425e-05,1.1335163489035494
2016-01-29,fold_4,China devaluation and oil crash,0.0009518628939986229,1,0.0026852828450500965,1,0.0026852828450500965,0.1056245271829539,,,,1,26.852828450500965,-0.01607254333794117,-0.059448905289173126,0.0009518628939986229,0.14359585346548528
2016-02-01,fold_4,China devaluation and oil crash,0.0022010784596204758,1,-0.021883239969611168,-1,-0.021883239969611168,0.08374128721334273,,,,0,-218.83239969611168,-0.014128915965557098,-0.07753972709178925,0.0022010784596204758,-1.182937129687806
2016-02-02,fold_4,China devaluation and oil crash,0.0031902650371193886,1,-0.004808129742741585,-1,-0.004808129742741585,0.07893315747060115,,,,0,-48.08129742741585,-0.009191335178911686,-0.05876627564430237,0.0031902650371193886,-0.25945388234654193
2016-02-03,fold_4,China devaluation and oil crash,0.002981669269502163,1,-9.856902761384845e-05,-1,-9.856902761384845e-05,0.0788345884429873,,,,0,-0.9856902761384845,-0.012621579691767693,-0.05012403801083565,0.002981669269502163,-0.005311166214399696
2016-02-04,fold_4,China devaluation and oil crash,0.0018361154943704605,1,-0.03534424677491188,-1,-0.03534424677491188,0.043490341668075416,,,,0,-353.4424677491188,-0.011836746707558632,-0.05147428438067436,0.0018361154943704605,-1.9174533501424986
2016-02-05,fold_4,China devaluation and oil crash,0.0038524847477674484,1,-0.015405537560582161,-1,-0.015405537560582161,0.028084804107493255,,,,0,-154.0553756058216,-0.002407314255833626,-0.0010195453651249409,0.0038524847477674484,-0.8215536769418437
2016-02-08,fold_4,China devaluation and oil crash,0.0036322521045804024,1,-0.0031097931787371635,-1,-0.0031097931787371635,0.024975010928756092,,,,0,-31.097931787371635,0.0051793623715639114,0.03668167442083359,0.0036322521045804024,-0.16387711720760295
2016-02-09,fold_4,China devaluation and oil crash,0.005203570239245892,1,0.0038341099862009287,1,0.0038341099862009287,0.02880912091495702,,,,1,38.34109986200929,0.010118760168552399,0.06218694522976875,0.005203570239245892,0.2020432474718451
2016-02-10,fold_4,China devaluation and oil crash,0.002279377542436123,1,-0.0014488183660432696,-1,-0.0014488183660432696,0.02736030254891375,,,,0,-14.488183660432696,0.005095025524497032,0.04687260091304779,0.002279377542436123,-0.07698195258095755
2016-02-11,fold_4,China devaluation and oil crash,0.0027909409254789352,1,0.015110493637621403,1,0.015110493637621403,0.042470796186535154,,,,1,151.10493637621403,0.002244986593723297,0.05127744376659393,0.0027909409254789352,0.8831972019828036
2016-02-12,fold_4,China devaluation and oil crash,0.0009552622213959694,1,0.02229568362236023,1,0.02229568362236023,0.06476647980889538,,,,1,222.9568362236023,-0.014766301028430462,0.052272047847509384,0.0009552622213959694,1.3278565186649587
2016-02-16,fold_4,China devaluation and oil crash,-0.0014089252799749374,-1,0.022395476698875427,1,-0.022395476698875427,0.042371003110019956,,,,0,-223.95476698875427,-0.029847538098692894,0.013379471376538277,-0.0014089252799749374,1.3967733286032078
2016-02-17,fold_4,China devaluation and oil crash,3.6298297345638275e-05,1,-0.011480232700705528,-1,-0.011480232700705528,0.030890770409314428,,,,0,-114.80232700705528,-0.03299376741051674,0.0004877016763202846,3.6298297345638275e-05,-0.6837341414653121
2016-02-18,fold_4,China devaluation and oil crash,-0.000898284837603569,-1,0.0029560215771198273,1,-0.0029560215771198273,0.0279347488321946,,,,0,-29.560215771198273,-0.037107378244400024,0.02176855504512787,-0.000898284837603569,0.17417363544250247
2016-02-19,fold_4,China devaluation and oil crash,0.0006110779941082001,1,0.016105100512504578,1,0.016105100512504578,0.04403984934469918,,,,1,161.05100512504578,-0.03224160149693489,0.017556218430399895,0.0006110779941082001,0.9483009542696542
2016-02-22,fold_4,China devaluation and oil crash,-0.0007459791377186775,-1,-0.016596894711256027,-1,0.016596894711256027,0.060636744055955205,,,,1,165.96894711256027,-0.03427903354167938,-0.007580889854580164,-0.0007459791377186775,-1.027989766492414
2016-02-23,fold_4,China devaluation and oil crash,0.0017328877002000809,1,0.00950370728969574,1,0.00950370728969574,0.07014045134565094,,,,1,95.0370728969574,-0.024631373584270477,0.040609244257211685,0.0017328877002000809,0.5857381864444753
2016-02-24,fold_4,China devaluation and oil crash,0.0030424920842051506,1,0.009800620377063751,1,0.009800620377063751,0.0799410717227147,,,,1,98.00620377063751,-0.027919381856918335,0.031483400613069534,0.0030424920842051506,0.603461779103473
2016-02-25,fold_4,China devaluation and oil crash,0.001390114426612854,1,-0.001256314804777503,-1,-0.001256314804777503,0.0786847569179372,,,,0,-12.56314804777503,-0.030385009944438934,0.019791029393672943,0.001390114426612854,-0.08165264511119744
2016-02-26,fold_4,China devaluation and oil crash,0.0014516152441501617,1,-0.009032007306814194,-1,-0.009032007306814194,0.069652749611123,,,,0,-90.32007306814194,-0.031066499650478363,0.021426400169730186,0.0014516152441501617,-0.599497246806656
2016-02-29,fold_4,China devaluation and oil crash,0.004144000820815563,1,0.031593240797519684,1,0.031593240797519684,0.10124599040864268,,,,1,315.93240797519684,-0.032714903354644775,0.02428814396262169,0.004144000820815563,2.1816719207427404
2016-03-01,fold_4,China devaluation and oil crash,0.0018948642536997795,1,0.00037786204484291375,1,0.00037786204484291375,0.1016238524534856,,,,1,3.7786204484291375,-0.04018479585647583,-0.015623753890395164,0.0018948642536997795,0.023467816817346564
2016-03-02,fold_4,China devaluation and oil crash,-0.00012389104813337326,-1,-0.0018917503766715527,-1,0.0018917503766715527,0.10351560283015715,,,,1,18.917503766715527,-0.040776535868644714,-0.009589391760528088,-0.00012389104813337326,-0.12332163128581751
2016-03-03,fold_4,China devaluation and oil crash,0.0010646805167198181,1,0.000379056204110384,1,0.000379056204110384,0.10389465903426753,,,,1,3.79056204110384,-0.037856683135032654,-0.009225158020853996,0.0010646805167198181,0.024761813468867088
2016-03-04,fold_4,China devaluation and oil crash,0.0007789302617311478,1,-0.006170264445245266,-1,-0.006170264445245266,0.09772439458902227,,,,0,-61.70264445245266,-0.039256490767002106,0.0077295913361012936,0.0007789302617311478,-0.40306623955910803
2016-03-07,fold_4,China devaluation and oil crash,0.005318877287209034,1,-0.00831865705549717,-1,-0.00831865705549717,0.0894057375335251,,,,0,-83.1865705549717,-0.01836566999554634,0.01558910682797432,0.005318877287209034,-0.6310215495998357
2016-03-08,fold_4,China devaluation and oil crash,0.004871808923780918,1,0.0064122239127755165,1,0.0064122239127755165,0.09581796144630061,,,,1,64.12223912775517,-0.014184629544615746,0.023532414808869362,0.004871808923780918,0.49861595348445165
2016-03-09,fold_4,China devaluation and oil crash,0.006922219879925251,1,-0.0015275164041668177,-1,-0.0015275164041668177,0.0942904450421338,,,,0,-15.275164041668177,-0.01854540780186653,0.025990260764956474,0.006922219879925251,-0.11821938015982
2016-03-10,fold_4,China devaluation and oil crash,0.006071825511753559,1,0.017333805561065674,1,0.017333805561065674,0.11162425060319947,,,,1,173.33805561065674,-0.02938557043671608,0.026959849521517754,0.006071825511753559,1.3440099143160127
2016-03-11,fold_4,China devaluation and oil crash,0.007457028143107891,1,0.001689250930212438,1,0.001689250930212438,0.11331350153341191,,,,1,16.89250930212438,-0.03235466778278351,0.011191518045961857,0.007457028143107891,0.12547344482987752
2016-03-14,fold_4,China devaluation and oil crash,0.008191249333322048,1,-0.0003753479686565697,-1,-0.0003753479686565697,0.11293815356475534,,,,0,-3.753479686565697,-0.030443962663412094,0.01340685784816742,0.008191249333322048,-0.028789643508014145
2016-03-15,fold_4,China devaluation and oil crash,0.008591215126216412,1,0.008870068937540054,1,0.008870068937540054,0.1218082225022954,,,,1,88.70068937540054,-0.024501489475369453,0.016838986426591873,0.008591215126216412,0.7362859028048112
2016-03-16,fold_4,China devaluation and oil crash,0.00010916776955127716,1,-0.0005579286371357739,-1,-0.0005579286371357739,0.12125029386515962,,,,0,-5.579286371357739,-0.028751753270626068,-0.00029687152709811926,0.00010916776955127716,-0.050106030756215725
2016-03-17,fold_4,China devaluation and oil crash,-0.0037038596346974373,-1,0.0015654738526791334,1,-0.0015654738526791334,0.11968482001248049,,,,0,-15.654738526791334,-0.029049457982182503,0.000540980021469295,-0.0037038596346974373,0.14447327970051663
2016-03-18,fold_4,China devaluation and oil crash,-0.00024284515529870987,-1,0.0039045915473252535,1,-0.0039045915473252535,0.11578022846515523,,,,0,-39.045915473252535,-0.023603368550539017,-0.0024239751510322094,-0.00024284515529870987,0.36082740226055715
2016-03-21,fold_4,China devaluation and oil crash,-0.002238275483250618,-1,0.003056779270991683,1,-0.003056779270991683,0.11272344919416355,,,,0,-30.56779270991683,-0.03745944797992706,0.009602147154510021,-0.002238275483250618,0.2984641932522144
2016-03-22,fold_4,China devaluation and oil crash,0.0014033261686563492,1,-0.008265787735581398,-1,-0.008265787735581398,0.10445766145858215,,,,0,-82.65787735581398,-0.03154601901769638,0.011403592303395271,0.0014033261686563492,-0.8637103386924586
2016-03-23,fold_4,China devaluation and oil crash,0.0037035150453448296,1,0.0002799229114316404,1,0.0002799229114316404,0.10473758437001379,,,,1,2.799229114316404,-0.024565747007727623,0.01820463314652443,0.0037035150453448296,0.029426987994186592
2016-03-24,fold_4,China devaluation and oil crash,0.007591535337269306,1,-0.001399481319822371,-1,-0.001399481319822371,0.10333810305019142,,,,0,-13.99481319822371,-0.03289634734392166,0.028491921722888947,0.007591535337269306,-0.1511843418165445
2016-03-28,fold_4,China devaluation and oil crash,0.012300520204007626,1,0.015930714085698128,1,0.015930714085698128,0.11926881713588955,,,,1,159.30714085698128,-0.033991988748311996,0.02607828378677368,0.012300520204007626,1.720785580467
2016-03-29,fold_4,China devaluation and oil crash,0.009221981279551983,1,0.004858225118368864,1,0.004858225118368864,0.12412704225425841,,,,1,48.58225118368864,-0.03342070057988167,0.0004590361495502293,0.009221981279551983,0.5002431355891801
2016-03-30,fold_4,China devaluation and oil crash,0.01124399621039629,1,-0.0014647470088675618,-1,-0.0014647470088675618,0.12266229524539085,,,,0,-14.647470088675618,-0.03029177151620388,0.011907192878425121,0.01124399621039629,-0.2169314072734547
2016-03-31,fold_4,China devaluation and oil crash,0.009971064515411854,1,0.010567210614681244,1,0.010567210614681244,0.1332295058600721,,,,1,105.67210614681244,-0.019612902775406837,-0.0010990502778440714,0.009971064515411854,1.5633052445202813
2016-04-01,fold_4,China devaluation and oil crash,0.012200922705233097,1,-0.003813117742538452,-1,-0.003813117742538452,0.12941638811753364,,,,0,-38.13117742538452,-0.013034029863774776,-0.012399908155202866,0.012200922705233097,-0.5334434279302764
2016-04-04,fold_4,China devaluation and oil crash,0.013165189884603024,1,-0.009688534773886204,-1,-0.009688534773886204,0.11972785334364744,,,,0,-96.88534773886204,0.015074485912919044,-0.012263499200344086,0.013165189884603024,-1.3459487874714837
2016-04-05,fold_4,China devaluation and oil crash,0.01578124612569809,1,0.016306381672620773,1,0.016306381672620773,0.1360342350162682,,,,1,163.06381672620773,0.022624792531132698,0.005769746843725443,0.01578124612569809,2.206686146330935
2016-04-06,fold_4,China devaluation and oil crash,0.01575325056910515,1,-0.014470990747213364,-1,-0.014470990747213364,0.12156324426905485,,,,0,-144.70990747213364,0.011898776516318321,0.0021664733067154884,0.01575325056910515,-1.8026860920018872
2016-04-07,fold_4,China devaluation and oil crash,0.015157359652221203,1,-0.0007336472626775503,-1,-0.0007336472626775503,0.1208295970063773,,,,0,-7.336472626775503,0.027728168293833733,0.016727684065699577,0.015157359652221203,-0.0859524674195636
2016-04-08,fold_4,China devaluation and oil crash,0.018555056303739548,1,-0.0036767087876796722,-1,-0.0036767087876796722,0.11715288821869763,,,,0,-36.76708787679672,0.031879156827926636,0.014934007078409195,0.018555056303739548,-0.4310205214851261
2016-04-11,fold_4,China devaluation and oil crash,0.022331781685352325,1,0.008344711735844612,1,0.008344711735844612,0.12549759995454224,,,,1,83.44711735844612,0.030292091891169548,0.023929070681333542,0.022331781685352325,1.0917883100498842
2016-04-12,fold_4,China devaluation and oil crash,0.022498231381177902,1,0.012703108601272106,1,0.012703108601272106,0.13820070855581434,,,,1,127.03108601272106,0.02953259088099003,0.009451969526708126,0.022498231381177902,1.6164684369758442
2016-04-13,fold_4,China devaluation and oil crash,0.022981464862823486,1,9.022023732541129e-05,1,9.022023732541129e-05,0.13829092879313976,,,,1,0.9022023732541129,0.018840288743376732,-0.002437104005366564,0.022981464862823486,0.010797402454357615
2016-04-14,fold_4,China devaluation and oil crash,0.020153414458036423,1,-0.0025273242499679327,-1,-0.0025273242499679327,0.13576360454317182,,,,0,-25.273242499679327,0.02493947558104992,-0.002437179908156395,0.020153414458036423,-0.3113639257109552
2016-04-15,fold_4,China devaluation and oil crash,0.02116529271006584,1,0.005318354815244675,1,0.005318354815244675,0.1410819593584165,,,,1,53.18354815244675,0.023915937170386314,-0.01511763408780098,0.02116529271006584,0.6537108107086823
2016-04-18,fold_4,China devaluation and oil crash,0.023248057812452316,1,-0.006132390350103378,-1,-0.006132390350103378,0.13494956900831312,,,,0,-61.32390350103378,0.03414358198642731,-0.020435988903045654,0.023248057812452316,-0.746519575063396
2016-04-19,fold_4,China devaluation and oil crash,0.020663857460021973,1,0.0008140353602357209,1,0.0008140353602357209,0.13576360436854884,,,,1,8.140353602357209,0.024018602445721626,-0.019178731366991997,0.020663857460021973,0.09828481736239875
2016-04-20,fold_4,China devaluation and oil crash,0.017010517418384552,1,9.014434181153774e-05,1,9.014434181153774e-05,0.13585374871036038,,,,1,0.9014434181153774,0.029494913294911385,-0.028047095984220505,0.017010517418384552,0.01091842629886139
2016-04-21,fold_4,China devaluation and oil crash,0.016337711364030838,1,-0.015207778662443161,-1,-0.015207778662443161,0.12064597004791722,,,,0,-152.0777866244316,0.030790047720074654,-0.04029499739408493,0.016337711364030838,-1.889952292367294
2016-04-22,fold_4,China devaluation and oil crash,0.019856013357639313,1,0.0,0,0.0,0.12064597004791722,,,,0,0.0,0.05278144031763077,-0.0303702000528574,0.019856013357639313,0.0
2016-04-25,fold_4,China devaluation and oil crash,0.023473236709833145,1,-0.0048751323483884335,-1,-0.0048751323483884335,0.11577083769952878,,,,0,-48.751323483884335,0.038854844868183136,-0.020955650135874748,0.023473236709833145,-0.5584431452323555
2016-04-26,fold_4,China devaluation and oil crash,0.0210651196539402,1,-0.008054329082369804,-1,-0.008054329082369804,0.10771650861715898,,,,0,-80.54329082369804,0.016602041199803352,-0.025400573387742043,0.0210651196539402,-1.0012567341013854
2016-04-27,fold_4,China devaluation and oil crash,0.01753835752606392,1,-0.012157757766544819,-1,-0.012157757766544819,0.09555875085061416,,,,0,-121.57757766544819,0.008700009435415268,-0.023798203095793724,0.01753835752606392,-1.4878294773292926
2016-04-28,fold_4,China devaluation and oil crash,0.018128585070371628,1,-0.005282980855554342,-1,-0.005282980855554342,0.09027576999505982,,,,0,-52.82980855554342,0.0055244117975234985,-0.011926179751753807,0.018128585070371628,-0.6139008000621646
2018-09-19,fold_5,2018 Vol-mageddon + Q4 sell-off,0.005599954165518284,1,0.010995673015713692,1,0.010995673015713692,0.010995673015713692,,,,1,109.95673015713692,-0.01600988768041134,0.010354790836572647,0.005599954165518284,1.4784977216211306
2018-09-20,fold_5,2018 Vol-mageddon + Q4 sell-off,0.005275391973555088,1,-0.00548259261995554,-1,-0.00548259261995554,0.005513080395758152,,,,0,-54.8259261995554,-0.02052069455385208,0.007789247203618288,0.005275391973555088,-0.7042587737554218
2018-09-21,fold_5,2018 Vol-mageddon + Q4 sell-off,0.005569306202232838,1,0.002777309622615576,1,0.002777309622615576,0.008290390018373728,,,,1,27.773096226155758,-0.01796562783420086,0.013056525960564613,0.005569306202232838,0.35270575058628745
2018-09-24,fold_5,2018 Vol-mageddon + Q4 sell-off,0.0043121399357914925,1,0.0013584248954430223,1,0.0013584248954430223,0.00964881491381675,,,,1,13.584248954430223,-0.012136781588196754,0.01232261210680008,0.0043121399357914925,0.17819671546611277
2018-09-25,fold_5,2018 Vol-mageddon + Q4 sell-off,0.0028087934479117393,1,0.0007059755735099316,1,0.0007059755735099316,0.010354790487326682,,,,1,7.059755735099316,-0.008901127614080906,0.008705517277121544,0.0028087934479117393,0.09691556136553459
2018-09-26,fold_5,2018 Vol-mageddon + Q4 sell-off,0.0004159053787589073,1,0.00843012984842062,1,0.00843012984842062,0.0187849203357473,,,,1,84.3012984842062,-0.014575764536857605,0.009075534529983997,0.0004159053787589073,1.1581767856288074
2018-09-27,fold_5,2018 Vol-mageddon + Q4 sell-off,-0.001423821784555912,-1,-0.0002153137611458078,-1,0.0002153137611458078,0.01900023409689311,,,,1,2.153137611458078,-0.014253230765461922,-0.018739888444542885,-0.001423821784555912,-0.030463890037563997
2018-09-28,fold_5,2018 Vol-mageddon + Q4 sell-off,0.0004384135827422142,1,0.002043396234512329,1,0.002043396234512329,0.02104363033140544,,,,1,20.43396234512329,-0.011485954746603966,-0.030826954171061516,0.0004384135827422142,0.28955915449981495
2018-10-01,fold_5,2018 Vol-mageddon + Q4 sell-off,-0.0006187912076711655,-1,-0.0022586702834814787,-1,0.0022586702834814787,0.023302300614886917,,,,1,22.586702834814787,-0.017170041799545288,-0.03899511694908142,-0.0006187912076711655,-0.3196605862331189
2018-10-02,fold_5,2018 Vol-mageddon + Q4 sell-off,2.284720540046692e-05,1,0.0010759925935417414,1,0.0010759925935417414,0.02437829320842866,,,,1,10.759925935417414,-0.015969494357705116,-0.0335022509098053,2.284720540046692e-05,0.1533092755250861
2018-10-03,fold_5,2018 Vol-mageddon + Q4 sell-off,-0.0016018310561776161,-1,-0.019385293126106262,-1,0.019385293126106262,0.04376358633453492,,,,1,193.85293126106262,-0.01946502923965454,-0.07955434173345566,-0.0016018310561776161,-3.032313178191907
2018-10-04,fold_5,2018 Vol-mageddon + Q4 sell-off,0.002420179545879364,1,-0.012302380055189133,-1,-0.012302380055189133,0.03146120627934579,,,,0,-123.02380055189133,-0.012772035785019398,-0.07264971733093262,0.002420179545879364,-1.649475386727381
2018-10-05,fold_5,2018 Vol-mageddon + Q4 sell-off,0.005299809388816357,1,-0.006124766077846289,-1,-0.006124766077846289,0.0253364402014995,,,,0,-61.24766077846289,0.004437724128365517,-0.032896917313337326,0.005299809388816357,-0.7750360940234491
2018-10-08,fold_5,2018 Vol-mageddon + Q4 sell-off,0.006766117177903652,1,0.003234193893149495,1,0.003234193893149495,0.028570634094648995,,,,1,32.34193893149495,0.007094426080584526,-0.03895066678524017,0.006766117177903652,0.4050319915801271
2018-10-09,fold_5,2018 Vol-mageddon + Q4 sell-off,0.005408846773207188,1,-0.04497610032558441,-1,-0.04497610032558441,-0.016405466230935417,,,,0,-449.7610032558441,0.016636298969388008,-0.013507483527064323,0.005408846773207188,-5.74268986795803
2018-10-10,fold_5,2018 Vol-mageddon + Q4 sell-off,0.009276759810745716,1,-0.012480662204325199,-1,-0.012480662204325199,-0.028886128435260616,,,,0,-124.80662204325199,0.04563085734844208,0.03186367079615593,0.009276759810745716,-0.9804380361378571
2018-10-11,fold_5,2018 Vol-mageddon + Q4 sell-off,0.009219878353178501,1,0.02745041809976101,1,0.02745041809976101,-0.001435710335499607,,,,1,274.5041809976101,0.053647130727767944,0.020888805389404297,0.009219878353178501,2.142276908545707
2018-10-12,fold_5,2018 Vol-mageddon + Q4 sell-off,-0.0021825945004820824,-1,-0.012178515084087849,-1,0.012178515084087849,0.010742804748588242,,,,1,121.78515084087849,0.03738979250192642,-0.007485735230147839,-0.0021825945004820824,-0.8580742505676323
2018-10-15,fold_5,2018 Vol-mageddon + Q4 sell-off,0.0026493212208151817,1,0.028677375987172127,1,0.028677375987172127,0.03942018073576037,,,,1,286.77375987172127,0.03521353751420975,0.009823471307754517,0.0026493212208151817,2.0363214130848357
2018-10-16,fold_5,2018 Vol-mageddon + Q4 sell-off,-0.00616168137639761,-1,0.0003950525133404881,1,-0.0003950525133404881,0.03902512822241988,,,,0,-3.9505251334048808,0.0008727237582206726,-0.022540796548128128,-0.00616168137639761,0.025712687103086888
2018-10-17,fold_5,2018 Vol-mageddon + Q4 sell-off,0.0018386878073215485,1,-0.023455524817109108,-1,-0.023455524817109108,0.015569603405310772,,,,0,-234.55524817109108,-0.0017264317721128464,-0.0697828084230423,0.0018386878073215485,-1.526713668475972
2018-10-18,fold_5,2018 Vol-mageddon + Q4 sell-off,0.00183152686804533,1,-0.00092412339290604,-1,-0.00092412339290604,0.014645480012404732,,,,0,-9.2412339290604,-0.0041937027126550674,-0.012317018583416939,0.00183152686804533,-0.05758955729145474
2018-10-19,fold_5,2018 Vol-mageddon + Q4 sell-off,0.006113805808126926,1,0.005130691919475794,1,0.005130691919475794,0.019776171931880526,,,,1,51.30691919475794,-0.000835120677947998,-0.037451568990945816,0.006113805808126926,0.3206451188195099
2018-10-22,fold_5,2018 Vol-mageddon + Q4 sell-off,0.0020719151943922043,1,-0.003686893032863736,-1,-0.003686893032863736,0.01608927889901679,,,,0,-36.86893032863736,-0.010343270376324654,-0.06337808072566986,0.0020719151943922043,-0.22999663911757656
2018-10-23,fold_5,2018 Vol-mageddon + Q4 sell-off,0.0005248868837952614,1,-0.04684695973992348,-1,-0.04684695973992348,-0.030757680840906687,,,,0,-468.4695973992348,-0.005178437568247318,-0.04334544390439987,0.0005248868837952614,-2.9190838441089455
2018-10-24,fold_5,2018 Vol-mageddon + Q4 sell-off,0.0060033248737454414,1,0.03401026502251625,1,0.03401026502251625,0.0032525841816095635,,,,1,340.1026502251625,0.009612681344151497,0.026734814047813416,0.0060033248737454414,1.77468860016443
2018-10-25,fold_5,2018 Vol-mageddon + Q4 sell-off,0.0016187429428100586,1,-0.026058673858642578,-1,-0.026058673858642578,-0.022806089677033015,,,,0,-260.5867385864258,0.0007670745253562927,0.00582903204485774,0.0016187429428100586,-1.2692032756157483
2018-10-26,fold_5,2018 Vol-mageddon + Q4 sell-off,0.008631131611764431,1,-0.02079581841826439,-1,-0.02079581841826439,-0.043601908095297404,,,,0,-207.9581841826439,0.014556271955370903,0.016188867390155792,0.008631131611764431,-0.9743944970941217
2018-10-29,fold_5,2018 Vol-mageddon + Q4 sell-off,0.00711964163929224,1,0.01634574495255947,1,0.01634574495255947,-0.027256163142737933,,,,1,163.4574495255947,0.01060776598751545,0.03450203314423561,0.00711964163929224,0.7484921883353494
2018-10-30,fold_5,2018 Vol-mageddon + Q4 sell-off,0.005797120742499828,1,0.02323329448699951,1,0.02323329448699951,-0.004022868655738421,,,,1,232.33294486999512,-0.004818446934223175,0.025703391060233116,0.005797120742499828,1.0495600485665344
2018-10-31,fold_5,2018 Vol-mageddon + Q4 sell-off,7.895566523075104e-05,1,0.013104485347867012,1,0.013104485347867012,0.009081616692128591,,,,1,131.04485347867012,-0.0328146331012249,0.03335581719875336,7.895566523075104e-05,0.5763659324773915
2018-11-01,fold_5,2018 Vol-mageddon + Q4 sell-off,-0.0036014141514897346,-1,-0.015698837116360664,-1,0.015698837116360664,0.024780453808489256,,,,1,156.98837116360664,-0.04343096911907196,0.013852041214704514,-0.0036014141514897346,-0.6973882163455799
2018-11-02,fold_5,2018 Vol-mageddon + Q4 sell-off,0.0024873036891222,1,-0.002482652897015214,-1,-0.002482652897015214,0.02229780091147404,,,,0,-24.82652897015214,-0.026932956650853157,0.012555296532809734,0.0024873036891222,-0.10977283931015479
2018-11-05,fold_5,2018 Vol-mageddon + Q4 sell-off,-0.0018844986334443092,-1,0.007547101005911827,1,-0.007547101005911827,0.014750699905562215,,,,0,-75.47101005911827,-0.035962723195552826,-0.01568807289004326,-0.0018844986334443092,0.33421468347266076
2018-11-06,fold_5,2018 Vol-mageddon + Q4 sell-off,-0.002077283337712288,-1,0.0308857224881649,1,-0.0308857224881649,-0.016135022582602687,,,,0,-308.857224881649,-0.027800170704722404,-0.022393720224499702,-0.002077283337712288,1.3646313407784774
2018-11-07,fold_5,2018 Vol-mageddon + Q4 sell-off,-0.004174165427684784,-1,-0.006399292498826981,-1,0.006399292498826981,-0.009735730083775707,,,,1,63.992924988269806,-0.02767694741487503,-0.0609380342066288,-0.004174165427684784,-0.2987561094118364
2018-11-08,fold_5,2018 Vol-mageddon + Q4 sell-off,-0.0020369580015540123,-1,-0.01699558086693287,-1,0.01699558086693287,0.007259850783157162,,,,1,169.9558086693287,-0.022733815014362335,-0.03719615936279297,-0.0020369580015540123,-0.7984634592381895
2018-11-09,fold_5,2018 Vol-mageddon + Q4 sell-off,-9.06083732843399e-06,-1,-0.030726023018360138,-1,0.030726023018360138,0.0379858738015173,,,,1,307.2602301836014,-0.01715467870235443,-0.023716740310192108,-9.06083732843399e-06,-1.4820286766987243
2018-11-12,fold_5,2018 Vol-mageddon + Q4 sell-off,0.002686210907995701,1,0.000841454544570297,1,0.000841454544570297,0.0388273283460876,,,,1,8.41454544570297,-0.008185701444745064,-0.026007166132330894,0.002686210907995701,0.03882904903812807
2018-11-13,fold_5,2018 Vol-mageddon + Q4 sell-off,0.0032654907554388046,1,-0.007658591028302908,-1,-0.007658591028302908,0.03116873731778469,,,,0,-76.58591028302908,-0.0019672084599733353,-0.044905394315719604,0.0032654907554388046,-0.3699598816985418
2018-11-14,fold_5,2018 Vol-mageddon + Q4 sell-off,0.003059830516576767,1,0.01734258234500885,1,0.01734258234500885,0.04851131966279354,,,,1,173.4258234500885,-0.006551932543516159,-0.029672911390662193,0.003059830516576767,0.8349153533134935
2018-11-15,fold_5,2018 Vol-mageddon + Q4 sell-off,0.0028725983574986458,1,-0.0035161625128239393,-1,-0.0035161625128239393,0.0449951571499696,,,,0,-35.16162512823939,-0.009145091287791729,-0.05427509918808937,0.0028725983574986458,-0.17177737056518852
2018-11-16,fold_5,2018 Vol-mageddon + Q4 sell-off,0.00312032550573349,1,-0.033016450703144073,-1,-0.033016450703144073,0.011978706446825527,,,,0,-330.16450703144073,-0.016443509608507156,-0.027908116579055786,0.00312032550573349,-1.611867493491997
2018-11-19,fold_5,2018 Vol-mageddon + Q4 sell-off,0.006400196813046932,1,-0.018056772649288177,-1,-0.018056772649288177,-0.006078066202462651,,,,0,-180.56772649288177,-0.01852467656135559,0.008479170501232147,0.006400196813046932,-0.8304656952937203
2018-11-20,fold_5,2018 Vol-mageddon + Q4 sell-off,0.007763774134218693,1,0.007573891896754503,1,0.007573891896754503,0.0014958256942918524,,,,1,75.73891896754503,-0.012398499995470047,0.058211855590343475,0.007763774134218693,0.342721089958986
2018-11-21,fold_5,2018 Vol-mageddon + Q4 sell-off,0.007033203728497028,1,-0.007259607780724764,-1,-0.007259607780724764,-0.0057637820864329115,,,,0,-72.59607780724764,-0.019974350929260254,0.047372590750455856,0.007033203728497028,-0.37166995530783903
2018-11-23,fold_5,2018 Vol-mageddon + Q4 sell-off,0.0051184603944420815,1,0.022850820794701576,1,0.022850820794701576,0.017087038708268665,,,,1,228.50820794701576,-0.028068050742149353,0.06186139956116676,0.0051184603944420815,1.2649789142725905
2018-11-26,fold_5,2018 Vol-mageddon + Q4 sell-off,0.002471035346388817,1,0.0033708387054502964,1,0.0033708387054502964,0.02045787741371896,,,,1,33.708387054502964,-0.03518351912498474,0.05633609741926193,0.002471035346388817,0.1888876302400691
2018-11-27,fold_5,2018 Vol-mageddon + Q4 sell-off,0.001799141988158226,1,0.03167591243982315,1,0.03167591243982315,0.05213378985354211,,,,1,316.7591243982315,-0.026945389807224274,0.013853813521564007,0.001799141988158226,1.8367398910174983
2018-11-28,fold_5,2018 Vol-mageddon + Q4 sell-off,0.0009999163448810577,1,-0.0032653752714395523,-1,-0.0032653752714395523,0.04886841458210256,,,,0,-32.65375271439552,-0.023655548691749573,-0.01078720297664404,0.0009999163448810577,-0.17861348239722183
2018-11-29,fold_5,2018 Vol-mageddon + Q4 sell-off,-0.0007724575698375702,-1,0.007229202892631292,1,-0.007229202892631292,0.04163921168947127,,,,0,-72.29202892631292,-0.024552471935749054,-0.04109470173716545,-0.0007724575698375702,0.4120773526837548
2018-11-30,fold_5,2018 Vol-mageddon + Q4 sell-off,-0.0004978878423571587,-1,0.017325518652796745,1,-0.017325518652796745,0.024313693036674522,,,,0,-173.25518652796745,-0.026988014578819275,-0.037905894219875336,-0.0004978878423571587,0.997310767714053
2018-12-03,fold_5,2018 Vol-mageddon + Q4 sell-off,-0.0008231550455093384,-1,-0.03911144658923149,-1,0.03911144658923149,0.06342513962590601,,,,1,391.1144658923149,-0.03166773542761803,-0.05192564055323601,-0.0008231550455093384,-2.241424192443102
2018-12-04,fold_5,2018 Vol-mageddon + Q4 sell-off,0.0018643271178007126,1,0.007034897338598967,1,0.007034897338598967,0.07046003696450498,,,,1,70.34897338598967,-0.030760716646909714,-0.004051308147609234,0.0018643271178007126,0.3605707093956329
2018-12-06,fold_5,2018 Vol-mageddon + Q4 sell-off,0.0033206334337592125,1,-0.03357287496328354,-1,-0.03357287496328354,0.03688716200122144,,,,0,-335.7287496328354,-0.024108154699206352,-0.010783231817185879,0.0033206334337592125,-1.7216083160429345
2018-12-07,fold_5,2018 Vol-mageddon + Q4 sell-off,0.006112710572779179,1,0.01041800994426012,1,0.01041800994426012,0.04730517194548156,,,,1,104.1800994426012,-0.013755947351455688,-0.0018603972857818007,0.006112710572779179,0.5282515780582366
2018-12-10,fold_5,2018 Vol-mageddon + Q4 sell-off,0.007162653841078281,1,0.003305772552266717,1,0.003305772552266717,0.05061094449774828,,,,1,33.05772552266717,-0.010200605727732182,-0.03519889712333679,0.007162653841078281,0.16689777918986154
2018-12-11,fold_5,2018 Vol-mageddon + Q4 sell-off,0.006205043755471706,1,0.008762886747717857,1,0.008762886747717857,0.059373831245466135,,,,1,87.62886747717857,-0.0117507204413414,-0.032235823571681976,0.006205043755471706,0.45045938463094426
2018-12-12,fold_5,2018 Vol-mageddon + Q4 sell-off,0.0051457760855555534,1,0.0003029732615686953,1,0.0003029732615686953,0.05967680450703483,,,,1,3.029732615686953,-0.014834851957857609,-0.06586034595966339,0.0051457760855555534,0.016551644777471525
2018-12-13,fold_5,2018 Vol-mageddon + Q4 sell-off,0.0023905932903289795,1,-0.02465003915131092,-1,-0.02465003915131092,0.03502676535572391,,,,0,-246.5003915131092,-0.015054352581501007,-0.08076487481594086,0.0023905932903289795,-1.3467111284400528
2018-12-14,fold_5,2018 Vol-mageddon + Q4 sell-off,0.00794288981705904,1,-0.02292048931121826,-1,-0.02292048931121826,0.012106276044505648,,,,0,-229.20489311218262,-0.007883107289671898,-0.08759868144989014,0.00794288981705904,-1.2038753790062104
2018-12-17,fold_5,2018 Vol-mageddon + Q4 sell-off,0.010612674988806248,1,0.006268845871090889,1,0.006268845871090889,0.018375121915596537,,,,1,62.68845871090889,0.015570903196930885,-0.08978883922100067,0.010612674988806248,0.3242801571004377
2018-12-18,fold_5,2018 Vol-mageddon + Q4 sell-off,0.010454201139509678,1,-0.024861635640263557,-1,-0.024861635640263557,-0.00648651372466702,,,,0,-248.61635640263557,0.022403428331017494,-0.035490769892930984,0.010454201139509678,-1.283752666124262
2018-12-19,fold_5,2018 Vol-mageddon + Q4 sell-off,0.0051407767459750175,1,-0.014601556584239006,-1,-0.014601556584239006,-0.021088070308906026,,,,0,-146.01556584239006,0.025842944160103798,-0.006766404490917921,0.0051407767459750175,-0.7788662930931695
2018-12-20,fold_5,2018 Vol-mageddon + Q4 sell-off,0.008658298291265965,1,-0.03148384019732475,-1,-0.03148384019732475,-0.05257191050623078,,,,0,-314.8384019732475,0.044881053268909454,0.007312349509447813,0.008658298291265965,-1.6930339809025827
2018-12-21,fold_5,2018 Vol-mageddon + Q4 sell-off,0.009305986575782299,1,-0.025110647082328796,-1,-0.025110647082328796,-0.07768255758855958,,,,0,-251.10647082328796,0.042935892939567566,0.047193724662065506,0.009305986575782299,-1.2674572673187545
2018-12-24,fold_5,2018 Vol-mageddon + Q4 sell-off,0.01016946416348219,1,0.06056690961122513,1,0.06056690961122513,-0.017115647977334447,,,,1,605.6690961122513,0.04639626294374466,0.07631570100784302,0.01016946416348219,2.950446690963408
2018-12-26,fold_5,2018 Vol-mageddon + Q4 sell-off,0.008799326606094837,1,0.0038627306930720806,1,0.0038627306930720806,-0.013252917284262367,,,,1,38.627306930720806,0.01784675009548664,-0.017467688769102097,0.008799326606094837,0.1605697928539248
2018-12-27,fold_5,2018 Vol-mageddon + Q4 sell-off,0.0028736116364598274,1,-0.0005228033987805247,-1,-0.0005228033987805247,-0.013775720683042891,,,,0,-5.228033987805247,-0.004954388365149498,0.020564427599310875,0.0028736116364598274,-0.021729065604608522
2018-12-28,fold_5,2018 Vol-mageddon + Q4 sell-off,0.005845007486641407,1,0.008397532626986504,1,0.008397532626986504,-0.005378188056056388,,,,1,83.97532626986504,-0.006931472569704056,0.03292231634259224,0.005845007486641407,0.36520208009465255
2018-12-31,fold_5,2018 Vol-mageddon + Q4 sell-off,0.0021641114726662636,1,0.00401133019477129,1,0.00401133019477129,-0.001366857861285098,,,,1,40.1133019477129,-0.017522500827908516,0.03352988138794899,0.0021641114726662636,0.17395794166586181
2019-01-02,fold_5,2018 Vol-mageddon + Q4 sell-off,0.005625729449093342,1,-0.033216480165719986,-1,-0.033216480165719986,-0.034583338027005084,,,,0,-332.16480165719986,-0.011983784846961498,0.03763500228524208,0.005625729449093342,-1.4429433525971453
2019-01-03,fold_5,2018 Vol-mageddon + Q4 sell-off,0.00572428572922945,1,0.04189484566450119,1,0.04189484566450119,0.007311507637496106,,,,1,418.9484566450119,-0.005224969238042831,0.07370780408382416,0.00572428572922945,1.7546651131761455
2019-01-04,fold_5,2018 Vol-mageddon + Q4 sell-off,0.001690656878054142,1,0.011835084296762943,1,0.011835084296762943,0.01914659193425905,,,,1,118.35084296762943,-0.017989302054047585,0.028147896751761436,0.001690656878054142,0.4908543546392967
2019-01-07,fold_5,2018 Vol-mageddon + Q4 sell-off,0.0012041423469781876,1,0.009005100466310978,1,0.009005100466310978,0.028151692400570028,,,,1,90.05100466310978,-0.02095807157456875,0.0074369218200445175,0.0012041423469781876,0.37203579793221414
2019-01-08,fold_5,2018 Vol-mageddon + Q4 sell-off,0.0024408316239714622,1,0.008116450160741806,1,0.008116450160741806,0.036268142561311834,,,,1,81.16450160741806,-0.02890228107571602,0.01776972971856594,0.0024408316239714622,0.3513725713332447
2019-01-09,fold_5,2018 Vol-mageddon + Q4 sell-off,0.00013911351561546326,1,0.0028563211672008038,1,0.0028563211672008038,0.03912446372851264,,,,1,28.563211672008038,-0.034928545355796814,0.009468733333051205,0.00013911351561546326,0.12390206631015782
2019-01-10,fold_5,2018 Vol-mageddon + Q4 sell-off,0.0012497901916503906,1,-0.0036650579422712326,-1,-0.0036650579422712326,0.035459405786241405,,,,0,-36.650579422712326,-0.02576054260134697,0.014465805143117905,0.0012497901916503906,-0.15900432044947757
2019-01-11,fold_5,2018 Vol-mageddon + Q4 sell-off,-0.0010203095152974129,-1,-0.00887589156627655,-1,0.00887589156627655,0.044335297352517955,,,,1,88.7589156627655,-0.02919616922736168,0.027982445433735847,-0.0010203095152974129,-0.3862234557550303
2019-01-14,fold_5,2018 Vol-mageddon + Q4 sell-off,-0.0002636099234223366,-1,0.019337907433509827,1,-0.019337907433509827,0.02499738991900813,,,,0,-193.37907433509827,-0.016489781439304352,0.016624685376882553,-0.0002636099234223366,0.8383482210297947
2019-01-15,fold_5,2018 Vol-mageddon + Q4 sell-off,0.00016646739095449448,1,-0.0001845464576035738,-1,-0.0001845464576035738,0.024812843461404555,,,,0,-1.845464576035738,-0.004763688892126083,-0.0014171712100505829,0.00016646739095449448,-0.00808987921917732
2019-01-16,fold_5,2018 Vol-mageddon + Q4 sell-off,0.0015424154698848724,1,0.007853393442928791,1,0.007853393442928791,0.032666236904333346,,,,1,78.53393442928791,-0.008756532333791256,0.0052218688651919365,0.0015424154698848724,0.35329712750900966
2019-01-17,fold_5,2018 Vol-mageddon + Q4 sell-off,0.0025860443711280823,1,0.009851583279669285,1,0.009851583279669285,0.04251782018400263,,,,1,98.51583279669285,-0.011889055371284485,0.009246372617781162,0.0025860443711280823,0.4426878625243031
2019-01-18,fold_5,2018 Vol-mageddon + Q4 sell-off,0.002013852819800377,1,-0.020233651623129845,-1,-0.020233651623129845,0.022284168560872786,,,,0,-202.33651623129845,-0.02944249100983143,-0.013034457340836525,0.002013852819800377,-0.9341151823620253
2019-01-22,fold_5,2018 Vol-mageddon + Q4 sell-off,0.005530170165002346,1,0.0012960510794073343,1,0.0012960510794073343,0.02358021964028012,,,,1,12.960510794073343,-0.029463738203048706,-0.002287453506141901,0.005530170165002346,0.05921816890991798
2019-01-23,fold_5,2018 Vol-mageddon + Q4 sell-off,0.0068488894030451775,1,0.006454493384808302,1,0.006454493384808302,0.030034713025088422,,,,1,64.54493384808302,-0.03962220624089241,0.0215363297611475,0.0068488894030451775,0.31143682154349095
2019-01-24,fold_5,2018 Vol-mageddon + Q4 sell-off,0.0057854922488331795,1,0.011877898126840591,1,0.011877898126840591,0.04191261115192901,,,,1,118.77898126840591,-0.04007565975189209,0.02993958815932274,0.0057854922488331795,0.5938378744339285
2019-01-25,fold_5,2018 Vol-mageddon + Q4 sell-off,0.004308941774070263,1,-0.012429247610270977,-1,-0.012429247610270977,0.029483363541658036,,,,0,-124.29247610270977,-0.034767311066389084,0.013830570504069328,0.004308941774070263,-0.8309956368039547
2019-01-28,fold_5,2018 Vol-mageddon + Q4 sell-off,0.0058793677017092705,1,-0.009486648254096508,-1,-0.009486648254096508,0.01999671528756153,,,,0,-94.86648254096508,-0.02356989122927189,0.038604870438575745,0.0058793677017092705,-0.62459246102514
2019-01-29,fold_5,2018 Vol-mageddon + Q4 sell-off,0.007769576273858547,1,0.025119835510849953,1,0.025119835510849953,0.04511655079841148,,,,1,251.19835510849953,-0.008644926361739635,0.05690077319741249,0.007769576273858547,1.6380173508875673
2019-01-30,fold_5,2018 Vol-mageddon + Q4 sell-off,0.005641757510602474,1,0.01485775038599968,1,0.01485775038599968,0.05997430118441116,,,,1,148.5775038599968,-0.02140006050467491,0.028794310986995697,0.005641757510602474,0.9158159736361503
2019-01-31,fold_5,2018 Vol-mageddon + Q4 sell-off,0.0021184785291552544,1,-0.004231119528412819,-1,-0.004231119528412819,0.05574318165599834,,,,0,-42.31119528412819,-0.04011931270360947,0.00041609382606111467,0.0021184785291552544,-0.25587502014519004
2019-02-01,fold_5,2018 Vol-mageddon + Q4 sell-off,-0.001295226626098156,-1,0.01234505232423544,1,-0.01234505232423544,0.0433981293317629,,,,0,-123.4505232423544,-0.05756688863039017,0.006606902461498976,-0.001295226626098156,0.8338895394396779
2019-02-04,fold_5,2018 Vol-mageddon + Q4 sell-off,-0.0012999847531318665,-1,0.008809252642095089,1,-0.008809252642095089,0.034588876689667813,,,,0,-88.09252642095089,-0.06168113648891449,-0.006687937770038843,-0.0012999847531318665,0.7471241039746336
2019-02-05,fold_5,2018 Vol-mageddon + Q4 sell-off,-0.006532472558319569,-1,-0.0029866250697523355,-1,0.0029866250697523355,0.03757550175942015,,,,1,29.866250697523355,-0.06939850002527237,-0.0008191018714569509,-0.006532472558319569,-0.25619367299360474
2019-02-06,fold_5,2018 Vol-mageddon + Q4 sell-off,-0.007342419121414423,-1,-0.013520467095077038,-1,0.013520467095077038,0.05109596885449719,,,,1,135.20467095077038,-0.04871997609734535,0.002869384828954935,-0.007342419121414423,-1.175501688232634
2019-02-07,fold_5,2018 Vol-mageddon + Q4 sell-off,-0.008671022020280361,-1,0.001959689659997821,1,-0.001959689659997821,0.049136279194499366,,,,0,-19.59689659997821,-0.04174895957112312,0.017617112025618553,-0.008671022020280361,0.1667357073202623
2019-02-08,fold_5,2018 Vol-mageddon + Q4 sell-off,-0.006854595150798559,-1,-0.0009497877908870578,-1,0.0009497877908870578,0.050086066985386424,,,,1,9.497877908870578,-0.031129809096455574,0.019853880628943443,-0.006854595150798559,-0.08087375287144566
2019-02-11,fold_5,2018 Vol-mageddon + Q4 sell-off,-0.005117017310112715,-1,0.014678088948130608,1,-0.014678088948130608,0.035407978037255816,,,,0,-146.78088948130608,-0.03253243491053581,0.022779028862714767,-0.005117017310112715,1.2526771766344347
2019-02-12,fold_5,2018 Vol-mageddon + Q4 sell-off,0.0018170718103647232,1,0.0007018616888672113,1,0.0007018616888672113,0.03610983972612303,,,,1,7.018616888672113,-0.02138543874025345,0.00792672112584114,0.0018170718103647232,0.05846206533534345
2019-02-13,fold_5,2018 Vol-mageddon + Q4 sell-off,-0.001114807091653347,-1,0.001227260334417224,1,-0.001227260334417224,0.034882579391705804,,,,0,-12.27260334417224,-0.03398696333169937,0.0035608201287686825,-0.001114807091653347,0.10956938104039882
2019-02-14,fold_5,2018 Vol-mageddon + Q4 sell-off,0.007485614158213139,1,0.004196458030492067,1,0.004196458030492067,0.03907903742219787,,,,1,41.96458030492067,-0.04173889011144638,0.00970625039190054,0.007485614158213139,0.3745484592003061
2019-02-15,fold_5,2018 Vol-mageddon + Q4 sell-off,0.007914896123111248,1,0.001975360093638301,1,0.001975360093638301,0.04105439751583617,,,,1,19.75360093638301,-0.041323382407426834,0.009147333912551403,0.007914896123111248,0.1778756870323239
2019-02-19,fold_5,2018 Vol-mageddon + Q4 sell-off,0.0031893830746412277,1,-0.00017421865777578205,-1,-0.00017421865777578205,0.04088017885806039,,,,0,-1.7421865777578205,-0.024616746231913567,0.008208819665014744,0.0031893830746412277,-0.015992804153815002
2019-02-20,fold_5,2018 Vol-mageddon + Q4 sell-off,0.00746218953281641,1,-0.0036640395410358906,-1,-0.0036640395410358906,0.0372161393170245,,,,0,-36.640395410358906,-0.02373586595058441,0.007749252486974001,0.00746218953281641,-0.3697444191702923
2019-02-21,fold_5,2018 Vol-mageddon + Q4 sell-off,0.005818997509777546,1,0.007372690364718437,1,0.007372690364718437,0.044588829681742936,,,,1,73.72690364718437,-0.015648692846298218,0.009106521494686604,0.005818997509777546,0.7417759552143991
2019-02-22,fold_5,2018 Vol-mageddon + Q4 sell-off,0.0037220362573862076,1,0.0036375417839735746,1,0.0036375417839735746,0.04822637146571651,,,,1,36.375417839735746,-0.001339377835392952,0.00863878894597292,0.0037220362573862076,0.36480757635248523
2019-02-25,fold_5,2018 Vol-mageddon + Q4 sell-off,0.0036364421248435974,1,0.0010368457296863198,1,0.0010368457296863198,0.04926321719540283,,,,1,10.368457296863198,0.014440828934311867,0.005173328332602978,0.0036364421248435974,0.10749815623397956
2019-02-26,fold_5,2018 Vol-mageddon + Q4 sell-off,0.0085669020190835,1,-0.0006337863160297275,-1,-0.0006337863160297275,0.0486294308793731,,,,0,-6.337863160297275,0.011103803291916847,0.004881580825895071,0.0085669020190835,-0.06859860697891929
2019-02-27,fold_5,2018 Vol-mageddon + Q4 sell-off,0.003120293840765953,1,-0.002306770533323288,-1,-0.002306770533323288,0.046322660346049815,,,,0,-23.06770533323288,0.00916861742734909,-0.00017281183681916445,0.003120293840765953,-0.2564972928000794
2019-02-28,fold_5,2018 Vol-mageddon + Q4 sell-off,0.007731758989393711,1,0.006904958747327328,1,0.006904958747327328,0.05322761909337714,,,,1,69.04958747327328,0.025321440771222115,-0.010214511305093765,0.007731758989393711,0.9804763321443797
2019-03-01,fold_5,2018 Vol-mageddon + Q4 sell-off,0.01012911181896925,1,0.00017208090866915882,1,0.00017208090866915882,0.0533997000020463,,,,1,1.7208090866915882,0.012384703382849693,-0.018637001514434814,0.01012911181896925,0.026893411076215196
2019-03-04,fold_5,2018 Vol-mageddon + Q4 sell-off,0.011439981870353222,1,0.0007450981065630913,1,0.0007450981065630913,0.05414479810860939,,,,1,7.450981065630913,0.017103208228945732,0.0017753717256709933,0.011439981870353222,0.11773856278902868
2019-03-05,fold_5,2018 Vol-mageddon + Q4 sell-off,0.01513062696903944,1,-0.005688178818672895,-1,-0.005688178818672895,0.0484566192899365,,,,0,-56.881788186728954,0.012530853971838951,0.0065093920566141605,0.01513062696903944,-0.9984404366472546
2019-03-06,fold_5,2018 Vol-mageddon + Q4 sell-off,0.013578617013990879,1,-0.012348470278084278,-1,-0.012348470278084278,0.03610814901185222,,,,0,-123.48470278084278,0.008391385897994041,0.01968303509056568,0.013578617013990879,-2.2472515457824884
2019-03-07,fold_5,2018 Vol-mageddon + Q4 sell-off,0.014376857317984104,1,-0.0015175314620137215,-1,-0.0015175314620137215,0.0345906175498385,,,,0,-15.175314620137215,0.01691150851547718,0.030335213989019394,0.014376857317984104,-0.2482345434549959
2019-03-08,fold_5,2018 Vol-mageddon + Q4 sell-off,0.020572442561388016,1,0.020584454759955406,1,0.020584454759955406,0.055175072309793904,,,,1,205.84454759955406,0.021321969106793404,0.041090596467256546,0.020572442561388016,3.8661865610744894
2019-03-11,fold_5,2018 Vol-mageddon + Q4 sell-off,0.016161132603883743,1,0.005479118321090937,1,0.005479118321090937,0.06065419063088484,,,,1,54.79118321090937,0.016558246687054634,0.022885199636220932,0.016161132603883743,0.7800188928272659
2019-03-12,fold_5,2018 Vol-mageddon + Q4 sell-off,0.007188296876847744,1,0.007485463283956051,1,0.007485463283956051,0.06813965391484089,,,,1,74.85463283956051,-0.0028839316219091415,0.020762847736477852,0.007188296876847744,1.0502638374398423
2019-03-13,fold_5,2018 Vol-mageddon + Q4 sell-off,0.010804937221109867,1,-0.0016962912632152438,-1,-0.0016962912632152438,0.06644336265162565,,,,0,-16.962912632152438,-0.0006088614463806152,0.01723448745906353,0.010804937221109867,-0.259205191477666
2019-03-14,fold_5,2018 Vol-mageddon + Q4 sell-off,0.009615619666874409,1,0.009237850084900856,1,0.009237850084900856,0.0756812127365265,,,,1,92.37850084900856,0.0038460511714220047,0.03444202244281769,0.009615619666874409,1.409647264496538
2019-03-15,fold_5,2018 Vol-mageddon + Q4 sell-off,0.014630517922341824,1,0.0023790590930730104,1,0.0023790590930730104,0.07806027182959951,,,,1,23.790590930730104,0.005582315847277641,0.0029952730983495712,0.014630517922341824,0.34651527241994967
2019-03-18,fold_5,2018 Vol-mageddon + Q4 sell-off,0.011961095966398716,1,0.003356766188517213,1,0.003356766188517213,0.08141703801811673,,,,1,33.56766188517213,-0.00314469076693058,-0.0012897165725007653,0.011961095966398716,0.49204903498740066
2019-03-19,fold_5,2018 Vol-mageddon + Q4 sell-off,0.016310367733240128,1,0.003957103006541729,1,0.003957103006541729,0.08537414102465846,,,,1,39.57103006541729,0.00268670916557312,0.0,0.016310367733240128,0.5777674207829703
2019-03-20,fold_5,2018 Vol-mageddon + Q4 sell-off,0.01474172342568636,1,0.015511245466768742,1,0.015511245466768742,0.1008853864914272,,,,1,155.11245466768742,0.006941409781575203,-0.010400827042758465,0.01474172342568636,2.2461296638731625
2019-03-21,fold_5,2018 Vol-mageddon + Q4 sell-off,0.0068277632817626,1,-0.02220890112221241,-1,-0.02220890112221241,0.07867648536921479,,,,0,-222.0890112221241,-0.01040477305650711,-0.023610059171915054,0.0068277632817626,-2.890170330312154
2019-03-22,fold_5,2018 Vol-mageddon + Q4 sell-off,0.008748377673327923,1,-0.001905930577777326,-1,-0.001905930577777326,0.07677055479143746,,,,0,-19.05930577777326,0.004871362820267677,0.006141345482319593,0.008748377673327923,-0.21178024690818373
2019-03-25,fold_5,2018 Vol-mageddon + Q4 sell-off,0.008005614392459393,1,0.004646482411772013,1,0.004646482411772013,0.08141703720320947,,,,1,46.46482411772013,0.009037284180521965,0.021207502111792564,0.008005614392459393,0.5178372879620403
2019-03-26,fold_5,2018 Vol-mageddon + Q4 sell-off,0.004706124775111675,1,-0.006443724036216736,-1,-0.006443724036216736,0.07497331316699274,,,,0,-64.43724036216736,-0.005092443898320198,0.02034425549209118,0.004706124775111675,-0.7136034369894386
2019-03-27,fold_5,2018 Vol-mageddon + Q4 sell-off,0.00494591798633337,1,0.0023020142689347267,1,0.0023020142689347267,0.07727532743592747,,,,1,23.020142689347267,-0.000138748437166214,0.03251755237579346,0.00494591798633337,0.25177956690205505
2019-03-28,fold_5,2018 Vol-mageddon + Q4 sell-off,0.005563170649111271,1,0.007542503532022238,1,0.007542503532022238,0.0848178309679497,,,,1,75.42503532022238,-0.003275075927376747,0.029834916815161705,0.005563170649111271,0.8249561163490199
2019-03-29,fold_5,2018 Vol-mageddon + Q4 sell-off,0.009109205566346645,1,0.013160225003957748,1,0.013160225003957748,0.09797805597190745,,,,1,131.60225003957748,-0.005579187534749508,0.027450084686279297,0.009109205566346645,1.4354417979438217
2019-04-01,fold_5,2018 Vol-mageddon + Q4 sell-off,0.0035429587587714195,1,0.0037832369562238455,1,0.0037832369562238455,0.1017612929281313,,,,1,37.832369562238455,-0.011887378990650177,0.01683189906179905,0.0035429587587714195,0.3929132302604623
2019-04-02,fold_5,2018 Vol-mageddon + Q4 sell-off,0.005933866836130619,1,0.005729572847485542,1,0.005729572847485542,0.10749086577561684,,,,1,57.29572847485542,-0.013326289132237434,0.009531304240226746,0.005933866836130619,0.5928572924656258
2019-04-03,fold_5,2018 Vol-mageddon + Q4 sell-off,2.8182752430438995e-05,1,-0.0003806223103310913,-1,-0.0003806223103310913,0.10711024346528575,,,,0,-3.806223103310913,-0.014632360078394413,0.009153859689831734,2.8182752430438995e-05,-0.03937922860941791
2019-04-04,fold_5,2018 Vol-mageddon + Q4 sell-off,0.0008938843384385109,1,0.00515767140313983,1,0.00515767140313983,0.11226791486842558,,,,1,51.576714031398296,-0.017146417871117592,0.007159198634326458,0.0008938843384385109,0.5567941972777216
2019-04-05,fold_5,2018 Vol-mageddon + Q4 sell-off,0.0071359118446707726,1,0.0025420398451387882,1,0.0025420398451387882,0.11480995471356437,,,,1,25.420398451387882,-0.010389413684606552,0.006315842270851135,0.0071359118446707726,0.2725024093881886
2019-04-08,fold_5,2018 Vol-mageddon + Q4 sell-off,0.008079261519014835,1,-0.0035173578653484583,-1,-0.0035173578653484583,0.11129259684821591,,,,0,-35.17357865348458,-0.0199241004884243,0.003935340326279402,0.008079261519014835,-0.43243918616901417
2019-04-09,fold_5,2018 Vol-mageddon + Q4 sell-off,0.010000045411288738,1,0.005352128762751818,1,0.005352128762751818,0.11664472561096773,,,,1,53.52128762751818,-0.009891385212540627,0.010890415869653225,0.010000045411288738,0.6624467096671369
2019-04-10,fold_5,2018 Vol-mageddon + Q4 sell-off,0.006459674797952175,1,-0.0023752839770168066,-1,-0.0023752839770168066,0.11426944163395092,,,,0,-23.752839770168066,-0.013970758765935898,0.009017187170684338,0.006459674797952175,-0.29712804898278294
2019-04-11,fold_5,2018 Vol-mageddon + Q4 sell-off,0.006368559785187244,1,0.004314315505325794,1,0.004314315505325794,0.11858375713927671,,,,1,43.14315505325794,-0.009389180690050125,0.012674174271523952,0.006368559785187244,0.5391018631979752
2019-04-12,fold_5,2018 Vol-mageddon + Q4 sell-off,0.0069123441353440285,1,0.0001615378278074786,1,0.0001615378278074786,0.11874529496708419,,,,1,1.615378278074786,-0.0044432133436203,0.011184216476976871,0.0069123441353440285,0.020732427437063147
2019-04-15,fold_5,2018 Vol-mageddon + Q4 sell-off,0.004817328415811062,1,0.0034377172123640776,1,0.0034377172123640776,0.12218301217944827,,,,1,34.377172123640776,-0.0007529128342866898,0.02366057224571705,0.004817328415811062,0.4422379245469731
2019-04-16,fold_5,2018 Vol-mageddon + Q4 sell-off,0.0034079374745488167,1,0.0034789007622748613,1,0.0034789007622748613,0.12566191294172313,,,,1,34.78900762274861,-0.0032670199871063232,0.0170652624219656,0.0034079374745488167,0.44743409613884627
2019-04-17,fold_5,2018 Vol-mageddon + Q4 sell-off,0.0015512565150856972,1,0.001281703356653452,1,0.001281703356653452,0.12694361629837658,,,,1,12.81703356653452,-0.007290516048669815,0.017636874690651894,0.0015512565150856972,0.16508748451011285
2019-04-18,fold_5,2018 Vol-mageddon + Q4 sell-off,0.0031974269077181816,1,0.002824357245117426,1,0.002824357245117426,0.129767973543494,,,,1,28.24357245117426,-0.014674309641122818,0.01724712736904621,0.0031974269077181816,0.4062728922046816
2019-04-22,fold_5,2018 Vol-mageddon + Q4 sell-off,0.0014077303931117058,1,0.012637894600629807,1,0.012637894600629807,0.14240586814412382,,,,1,126.37894600629807,-0.013177186250686646,0.016361890360713005,0.0014077303931117058,2.5761801972299163
2019-04-23,fold_5,2018 Vol-mageddon + Q4 sell-off,0.002701929770410061,1,-0.0031575928442180157,-1,-0.0031575928442180157,0.1392482752999058,,,,0,-31.575928442180157,-0.016312938183546066,-0.004054222255945206,0.002701929770410061,-0.5593278337476337
2019-04-24,fold_5,2018 Vol-mageddon + Q4 sell-off,0.0014688251540064812,1,0.004050512798130512,1,0.004050512798130512,0.1432987880980363,,,,1,40.50512798130512,-0.018392153084278107,-0.004119951277971268,0.0014688251540064812,0.7241279199257808
2019-04-25,fold_5,2018 Vol-mageddon + Q4 sell-off,0.0010402975603938103,1,0.0008919559768401086,1,0.0008919559768401086,0.14419074407487642,,,,1,8.919559768401086,-0.017068281769752502,-0.012520142830908298,0.0010402975603938103,0.16275839997497182
2019-04-26,fold_5,2018 Vol-mageddon + Q4 sell-off,0.003121301531791687,1,0.0019391197711229324,1,0.0019391197711229324,0.14612986384599935,,,,1,19.391197711229324,-0.01351634319871664,0.002410326385870576,0.003121301531791687,0.3551721476100761
2019-04-29,fold_5,2018 Vol-mageddon + Q4 sell-off,0.0015722522512078285,1,-0.007778218016028404,-1,-0.007778218016028404,0.13835164582997095,,,,0,-77.78218016028404,-0.011388796381652355,-0.005670021288096905,0.0015722522512078285,-1.4927381154327648
2020-03-23,fold_6,COVID crash and V-recovery,0.0038122618570923805,1,0.07458554953336716,1,0.07458554953336716,0.07458554953336716,,,,1,745.8554953336716,-8.989870548248291e-05,0.11920323222875595,0.0038122618570923805,1.3619532583716727
2020-03-24,fold_6,COVID crash and V-recovery,-0.002168029546737671,-1,-0.007432425860315561,-1,0.007432425860315561,0.08201797539368272,,,,1,74.32425860315561,-0.017055537551641464,0.03604106232523918,-0.002168029546737671,-0.13059038406955709
2020-03-25,fold_6,COVID crash and V-recovery,-0.003502686507999897,-1,0.05132082477211952,1,-0.05132082477211952,0.030697150621563196,,,,0,-513.2082477211952,-0.02485683560371399,5.4859290685271844e-05,-0.003502686507999897,0.9015247831095355
2020-03-26,fold_6,COVID crash and V-recovery,-0.004419919103384018,-1,-0.034998346120119095,-1,0.034998346120119095,0.06569549674168229,,,,1,349.98346120119095,-0.029703505337238312,-0.031174037605524063,-0.004419919103384018,-0.6148211832518793
2020-03-27,fold_6,COVID crash and V-recovery,-0.0006576729938387871,-1,0.03572762385010719,1,-0.03572762385010719,0.029967872891575098,,,,0,-357.27623850107193,-0.02277996949851513,-0.010470139794051647,-0.0006576729938387871,0.6217869710557287
2020-03-30,fold_6,COVID crash and V-recovery,-0.0021742917597293854,-1,-0.008576614782214165,-1,0.008576614782214165,0.03854448767378926,,,,1,85.76614782214165,-0.03175952285528183,0.02285684272646904,-0.0021742917597293854,-0.15070272679850347
2020-03-31,fold_6,COVID crash and V-recovery,-0.0003595752641558647,-1,-0.043418630957603455,-1,0.043418630957603455,0.08196311863139272,,,,1,434.18630957603455,-0.025386134162545204,0.031026244163513184,-0.0003595752641558647,-0.7688141008966403
2020-04-01,fold_6,COVID crash and V-recovery,0.0013483921065926552,1,0.02009192667901516,1,0.02009192667901516,0.10205504531040788,,,,1,200.9192667901516,-0.018094073981046677,0.09545475989580154,0.0013483921065926552,0.355171613440864
2020-04-02,fold_6,COVID crash and V-recovery,-2.9080547392368317e-05,-1,-0.014294445514678955,-1,0.014294445514678955,0.11634949082508683,,,,1,142.94445514678955,-0.02197318524122238,0.07680775225162506,-2.9080547392368317e-05,-0.25377689003712767
2020-04-03,fold_6,COVID crash and V-recovery,0.0013500666245818138,1,0.06905461102724075,1,0.06905461102724075,0.18540410185232759,,,,1,690.5461102724075,-0.01691514626145363,0.10184760391712189,0.0013500666245818138,1.2267871397796892
2020-04-06,fold_6,COVID crash and V-recovery,-0.0013168184086680412,-1,-0.00040721436380408704,-1,0.00040721436380408704,0.18581131621613167,,,,1,4.07214363804087,-0.030754387378692627,0.07536505907773972,-0.0013168184086680412,-0.007258143756962585
2020-04-07,fold_6,COVID crash and V-recovery,0.0009216954931616783,1,0.021009888499975204,1,0.021009888499975204,0.20682120471610688,,,,1,210.09888499975204,-0.04190828651189804,0.0642361268401146,0.0009216954931616783,0.38312905774086525
2020-04-08,fold_6,COVID crash and V-recovery,-0.003254394046962261,-1,0.0014449184527620673,1,-0.0014449184527620673,0.2053762862633448,,,,0,-14.449184527620673,-0.0572475865483284,0.06130203232169151,-0.003254394046962261,0.026693376605347516
2020-04-09,fold_6,COVID crash and V-recovery,-0.0007889587432146072,-1,0.010745402425527573,1,-0.010745402425527573,0.19463088383781724,,,,0,-107.45402425527573,-0.05612056702375412,0.0693778470158577,-0.0007889587432146072,0.2163080765123416
2020-04-13,fold_6,COVID crash and V-recovery,-0.0007074419409036636,-1,0.04257206618785858,1,-0.04257206618785858,0.15205881764995866,,,,0,-425.7206618785858,-0.06137353926897049,0.046717315912246704,-0.0007074419409036636,0.9196391109077393
2020-04-14,fold_6,COVID crash and V-recovery,-0.0019009904935956001,-1,-0.011536145582795143,-1,0.011536145582795143,0.1635949632327538,,,,1,115.36145582795143,-0.05496890842914581,-0.03345223888754845,-0.0019009904935956001,-0.3061814340177442
2020-04-15,fold_6,COVID crash and V-recovery,0.000704118050634861,1,0.018075792118906975,1,0.018075792118906975,0.18167075535166077,,,,1,180.75792118906975,-0.03965948522090912,0.007326609455049038,0.000704118050634861,0.5309427510377467
2020-04-16,fold_6,COVID crash and V-recovery,0.0009392248466610909,1,0.00952073186635971,1,0.00952073186635971,0.19119148721802048,,,,1,95.2073186635971,-0.04092363268136978,-0.012884554453194141,0.0009392248466610909,0.28351655070026416
2020-04-17,fold_6,COVID crash and V-recovery,0.0016758423298597336,1,-0.011915127746760845,-1,-0.011915127746760845,0.17927635947125964,,,,0,-119.15127746760845,-0.04506833106279373,-0.006757906638085842,0.0016758423298597336,-0.35438838311293325
2020-04-20,fold_6,COVID crash and V-recovery,0.0030809054151177406,1,-0.03759749233722687,-1,-0.03759749233722687,0.14167886713403277,,,,0,-375.9749233722687,-0.044872067868709564,0.013168531470000744,0.0030809054151177406,-1.156075156829076
2020-04-21,fold_6,COVID crash and V-recovery,0.006752108223736286,1,0.029242703691124916,1,0.029242703691124916,0.1709215708251577,,,,1,292.42703691124916,-0.03981451690196991,0.031751591712236404,0.006752108223736286,0.8705687119503405
2020-04-22,fold_6,COVID crash and V-recovery,0.00141830462962389,1,-0.002135372254997492,-1,-0.002135372254997492,0.1687861985701602,,,,0,-21.35372254997492,-0.05926340073347092,0.03735563904047012,0.00141830462962389,-0.07146079430570496
2020-04-23,fold_6,COVID crash and V-recovery,0.00294682290405035,1,0.01564737968146801,1,0.01564737968146801,0.1844335782516282,,,,1,156.4737968146801,-0.045612841844558716,0.03907999396324158,0.00294682290405035,0.524388295378778
2020-04-24,fold_6,COVID crash and V-recovery,0.0011374019086360931,1,0.00801131036132574,1,0.00801131036132574,0.19244488861295395,,,,1,80.11310361325741,-0.0454929955303669,-0.005157221108675003,0.0011374019086360931,0.28853254756205166
2020-04-27,fold_6,COVID crash and V-recovery,0.0009096423164010048,1,-0.019014431163668633,-1,-0.019014431163668633,0.1734304574492853,,,,0,-190.14431163668633,-0.02239825576543808,-0.0015784892020747066,0.0009096423164010048,-0.7121462546267044
2020-04-28,fold_6,COVID crash and V-recovery,0.002581346780061722,1,0.034846752882003784,1,0.034846752882003784,0.2082772103312891,,,,1,348.46752882003784,-0.017463529482483864,0.02870927006006241,0.002581346780061722,1.349116258860208
2020-04-29,fold_6,COVID crash and V-recovery,0.0004055015742778778,1,-0.00041101736132986844,-1,-0.00041101736132986844,0.20786619296995923,,,,0,-4.110173613298684,-0.015132486820220947,0.0,0.0004055015742778778,-0.015273329603258962
2020-04-30,fold_6,COVID crash and V-recovery,-0.003263127990067005,-1,-0.02858983725309372,-1,0.02858983725309372,0.23645603022305295,,,,1,285.8983725309372,-0.022340968251228333,0.013205603696405888,-0.003263127990067005,-1.139100475499464
2020-05-01,fold_6,COVID crash and V-recovery,0.0020827660337090492,1,0.011590042151510715,1,0.011590042151510715,0.24804607237456366,,,,1,115.90042151510715,-0.01967599056661129,0.05540729686617851,0.0020827660337090492,0.454380527434365
2020-05-04,fold_6,COVID crash and V-recovery,-0.008915945887565613,-1,0.011273329146206379,1,-0.011273329146206379,0.23677274322835729,,,,0,-112.73329146206379,-0.02860068529844284,0.05271638184785843,-0.008915945887565613,0.4431575926811178
2020-05-05,fold_6,COVID crash and V-recovery,-0.00793604925274849,-1,0.006137482821941376,1,-0.006137482821941376,0.2306352604064159,,,,0,-61.37482821941376,-0.036272481083869934,0.020283684134483337,-0.00793604925274849,0.3012582525123526
2020-05-06,fold_6,COVID crash and V-recovery,-0.011763902381062508,-1,0.012794585898518562,1,-0.012794585898518562,0.21784067450789735,,,,0,-127.94585898518562,-0.03179135173559189,0.0015512654790654778,-0.011763902381062508,0.6266082108417178
2020-05-07,fold_6,COVID crash and V-recovery,-0.01225721463561058,-1,0.013611855916678905,1,-0.013611855916678905,0.20422881859121844,,,,0,-136.11855916678905,-0.039063960313797,4.5156863052397966e-05,-0.01225721463561058,0.6780198336118983
2020-05-08,fold_6,COVID crash and V-recovery,-0.013084350153803825,-1,0.008899128064513206,1,-0.008899128064513206,0.19532969052670524,,,,0,-88.99128064513206,-0.029678545892238617,-0.007096275221556425,-0.013084350153803825,0.4383214928755762
2020-05-11,fold_6,COVID crash and V-recovery,-0.01498402375727892,-1,-0.021159369498491287,-1,0.021159369498491287,0.21648906002519652,,,,1,211.59369498491287,-0.018248219043016434,0.002465191762894392,-0.01498402375727892,-1.0444928112474263
2020-05-12,fold_6,COVID crash and V-recovery,-0.016126688569784164,-1,-0.012594935484230518,-1,0.012594935484230518,0.22908399550942704,,,,1,125.94935484230518,-0.014234187081456184,0.021115215495228767,-0.016126688569784164,-0.6809020398622824
2020-05-13,fold_6,COVID crash and V-recovery,-0.01658298261463642,-1,0.011288478039205074,1,-0.011288478039205074,0.21779551747022197,,,,0,-112.88478039205074,-0.018482733517885208,0.053481537848711014,-0.01658298261463642,0.6091367844048735
2020-05-14,fold_6,COVID crash and V-recovery,-0.012022698298096657,-1,0.006470423191785812,1,-0.006470423191785812,0.21132509427843615,,,,0,-64.70423191785812,-0.02158157154917717,0.031242623925209045,-0.012022698298096657,0.3543286206546096
2020-05-15,fold_6,COVID crash and V-recovery,-0.015836916863918304,-1,0.018460595980286598,1,-0.018460595980286598,0.19286449829814956,,,,0,-184.60595980286598,-0.023767713457345963,0.028218109160661697,-0.015836916863918304,1.0146429521600169
2020-05-18,fold_6,COVID crash and V-recovery,-0.010827802121639252,-1,-0.002509345533326268,-1,0.002509345533326268,0.19537384383147582,,,,1,25.093455333262682,-0.046439871191978455,0.0070541235618293285,-0.010827802121639252,-0.1358947902996018
2020-05-19,fold_6,COVID crash and V-recovery,-0.008195866830646992,-1,0.019771385937929153,1,-0.019771385937929153,0.17560245789354667,,,,0,-197.71385937929153,-0.03241521120071411,0.015006253495812416,-0.008195866830646992,1.2019011447599568
2020-05-20,fold_6,COVID crash and V-recovery,-0.017471129074692726,-1,-0.010950435884296894,-1,0.010950435884296894,0.18655289377784356,,,,1,109.50435884296894,-0.044621944427490234,-0.006068696733564138,-0.017471129074692726,-0.6962042515893885
2020-05-21,fold_6,COVID crash and V-recovery,-0.02046941965818405,-1,0.003445908660069108,1,-0.003445908660069108,0.18310698511777446,,,,0,-34.45908660069108,-0.03294249624013901,0.01942809484899044,-0.02046941965818405,0.21657318928388547
2020-05-22,fold_6,COVID crash and V-recovery,-0.017046412453055382,-1,-0.0027033903170377016,-1,0.0027033903170377016,0.18581037543481216,,,,1,27.033903170377016,-0.020366065204143524,0.018977487459778786,-0.017046412453055382,-0.17395546199459244
2020-05-26,fold_6,COVID crash and V-recovery,-0.011686400510370731,-1,0.005442784167826176,1,-0.005442784167826176,0.18036759126698598,,,,0,-54.42784167826176,-0.022949816659092903,0.028366241604089737,-0.011686400510370731,0.3523078665915714
2020-05-27,fold_6,COVID crash and V-recovery,-0.016560697928071022,-1,-0.00130356359295547,-1,0.00130356359295547,0.18167115485994145,,,,1,13.0356359295547,-0.00927064660936594,0.02741178125143051,-0.016560697928071022,-0.08747495646310993
2020-05-28,fold_6,COVID crash and V-recovery,-0.0020387358963489532,-1,0.014546356163918972,1,-0.014546356163918972,0.16712479869602248,,,,0,-145.46356163918972,-0.013268692418932915,0.02167745679616928,-0.0020387358963489532,1.144836825768415
2020-05-29,fold_6,COVID crash and V-recovery,-0.003908961545675993,-1,0.002995300805196166,1,-0.002995300805196166,0.16412949789082631,,,,0,-29.95300805196166,-0.018889373168349266,0.026764295995235443,-0.003908961545675993,0.22837949258839393
2020-06-01,fold_6,COVID crash and V-recovery,-0.03815239667892456,-1,0.006685362663120031,1,-0.006685362663120031,0.15744413522770628,,,,0,-66.85362663120031,-0.04047644883394241,0.03149901330471039,-0.03815239667892456,0.5827813231771511
2020-06-02,fold_6,COVID crash and V-recovery,-0.03415754437446594,-1,0.004488324746489525,1,-0.004488324746489525,0.15295581048121676,,,,0,-44.88324746489525,-0.04046951234340668,0.032032568007707596,-0.03415754437446594,0.3980972830499163
2020-06-03,fold_6,COVID crash and V-recovery,-0.0243506021797657,-1,-0.007037887815386057,-1,0.007037887815386057,0.15999369829660282,,,,1,70.37887815386057,-0.04253249987959862,0.03947428986430168,-0.0243506021797657,-0.6377926107384717
2020-06-04,fold_6,COVID crash and V-recovery,-0.011398389004170895,-1,0.01963319443166256,1,-0.01963319443166256,0.14036050386494026,,,,0,-196.3319443166256,-0.037375159561634064,-0.0043064602650702,-0.011398389004170895,1.7748960173917738
2020-06-05,fold_6,COVID crash and V-recovery,-0.014776882715523243,-1,0.00773001741617918,1,-0.00773001741617918,0.13263048644876108,,,,0,-77.3001741617918,-0.050577979534864426,-0.016023224219679832,-0.014776882715523243,0.6691537153486794
2020-06-08,fold_6,COVID crash and V-recovery,-0.004798299167305231,-1,0.007218916900455952,1,-0.007218916900455952,0.12541156954830512,,,,0,-72.18916900455952,-0.04330521821975708,-0.011659504845738411,-0.004798299167305231,0.6401453804806366
2020-06-09,fold_6,COVID crash and V-recovery,-0.004105881787836552,-1,0.01193004846572876,1,-0.01193004846572876,0.11348152108257636,,,,0,-119.3004846572876,-0.04681062698364258,-0.0018512934911996126,-0.004105881787836552,1.0635877806641232
2020-06-10,fold_6,COVID crash and V-recovery,0.0012312140315771103,1,-0.050818637013435364,-1,-0.050818637013435364,0.062662884069141,,,,0,-508.18637013435364,-0.03311914950609207,-0.01061584148555994,0.0012312140315771103,-4.833366497560921
2020-06-11,fold_6,COVID crash and V-recovery,0.0018582111224532127,1,0.007916430942714214,1,0.007916430942714214,0.07057931501185521,,,,1,79.16430942714214,-0.012666570022702217,0.04290812090039253,0.0018582111224532127,0.5200283997094477
2020-06-12,fold_6,COVID crash and V-recovery,-0.0002915104851126671,-1,0.012093736790120602,1,-0.012093736790120602,0.05848557822173461,,,,0,-120.93736790120602,-0.017629433423280716,0.0348283015191555,-0.0002915104851126671,0.8000435567549711
2020-06-15,fold_6,COVID crash and V-recovery,-0.004160802811384201,-1,0.017027128487825394,1,-0.017027128487825394,0.04145844973390922,,,,0,-170.27128487825394,-0.0170251727104187,0.03465566039085388,-0.004160802811384201,1.1137561430626872
2020-06-16,fold_6,COVID crash and V-recovery,-0.007110998034477234,-1,0.0031655009370297194,1,-0.0031655009370297194,0.0382929487968795,,,,0,-31.655009370297194,-0.01774628832936287,0.026103550568223,-0.007110998034477234,0.20819354101787516
2020-06-17,fold_6,COVID crash and V-recovery,-0.008520998992025852,-1,0.002705324674025178,1,-0.002705324674025178,0.03558762412285432,,,,0,-27.05324674025178,-0.021722542122006416,0.002107067499309778,-0.008520998992025852,0.1778563538394904
2020-06-18,fold_6,COVID crash and V-recovery,-0.0031244205310940742,-1,-0.00016339019930455834,-1,0.00016339019930455834,0.03575101432215888,,,,1,1.6339019930455834,-0.02097345143556595,0.008876042440533638,-0.0031244205310940742,-0.011216744710318296
2020-06-19,fold_6,COVID crash and V-recovery,-0.0032850895076990128,-1,0.01192109752446413,1,-0.01192109752446413,0.02382991679769475,,,,0,-119.2109752446413,-0.023462826386094093,-0.01485886238515377,-0.0032850895076990128,0.8301943175953945
2020-06-22,fold_6,COVID crash and V-recovery,-0.0003108195960521698,-1,0.008475018665194511,1,-0.008475018665194511,0.015354898132500239,,,,0,-84.75018665194511,-0.008961377665400505,-0.01593226008117199,-0.0003108195960521698,0.5811019860795387
2020-06-23,fold_6,COVID crash and V-recovery,-0.00023995153605937958,-1,-0.02083098329603672,-1,0.02083098329603672,0.03618588142853696,,,,1,208.3098329603672,-0.013502177782356739,-0.004995599389076233,-0.00023995153605937958,-1.4175974704980616
2020-06-24,fold_6,COVID crash and V-recovery,0.004060202278196812,1,0.009474299848079681,1,0.009474299848079681,0.04566018127661664,,,,1,94.74299848079681,-0.001659231260418892,0.02743980661034584,0.004060202278196812,0.6165341995312399
2020-06-25,fold_6,COVID crash and V-recovery,0.002617903985083103,1,-0.023898296058177948,-1,-0.023898296058177948,0.021761885218438692,,,,0,-238.98296058177948,-0.0016215760260820389,0.02472933940589428,0.002617903985083103,-1.5408676806680528
2020-06-26,fold_6,COVID crash and V-recovery,0.006836353801190853,1,0.010847700759768486,1,0.010847700759768486,0.03260958597820718,,,,1,108.47700759768486,0.010768553242087364,0.07291491329669952,0.006836353801190853,0.6746617427209867
2020-06-29,fold_6,COVID crash and V-recovery,0.0036222217604517937,1,0.01941167749464512,1,0.01941167749464512,0.0520212634728523,,,,1,194.1167749464512,0.0020117610692977905,0.05515451729297638,0.0036222217604517937,1.1947957833765366
2020-06-30,fold_6,COVID crash and V-recovery,0.0010608751326799393,1,0.011604422703385353,1,0.011604422703385353,0.06362568617623765,,,,1,116.04422703385353,-0.013525044545531273,0.048828642815351486,0.0010608751326799393,0.692796584541074
2020-07-01,fold_6,COVID crash and V-recovery,0.00011817924678325653,1,0.00676383264362812,1,0.00676383264362812,0.07038951881986577,,,,1,67.6383264362812,-0.011163079179823399,0.04561207443475723,0.00011817924678325653,0.39974959804786203
2020-07-02,fold_6,COVID crash and V-recovery,0.0015324857085943222,1,0.024287275969982147,1,0.024287275969982147,0.09467679478984792,,,,1,242.87275969982147,-0.0191124826669693,0.04565257206559181,0.0015324857085943222,1.4358778581058032
2020-07-06,fold_6,COVID crash and V-recovery,0.0032363273203372955,1,-0.006912693381309509,-1,-0.006912693381309509,0.08776410140853841,,,,0,-69.12693381309509,-0.02549893595278263,0.0005803222302347422,0.0032363273203372955,-0.40157268428087856
2020-07-07,fold_6,COVID crash and V-recovery,0.00128193199634552,1,0.01308580581098795,1,0.01308580581098795,0.10084990721952636,,,,1,130.8580581098795,-0.023598015308380127,0.014546205289661884,0.00128193199634552,0.760950319818398
2020-07-08,fold_6,COVID crash and V-recovery,0.004338451661169529,1,0.008387851528823376,1,0.008387851528823376,0.10923775874834973,,,,1,83.87851528823376,-0.02081448584794998,0.0034939206670969725,0.004338451661169529,0.4829213491086964
2020-07-09,fold_6,COVID crash and V-recovery,0.00029860343784093857,1,0.006804332137107849,1,0.006804332137107849,0.11604209088545758,,,,1,68.04332137107849,-0.016354665160179138,-0.01173989288508892,0.00029860343784093857,0.39410950525264227
2020-07-10,fold_6,COVID crash and V-recovery,-0.004349947907030582,-1,-0.020784974098205566,-1,0.020784974098205566,0.13682706498366315,,,,1,207.84974098205566,-0.013648146763443947,-0.017386941239237785,-0.004349947907030582,-1.5882076019087286
2020-07-13,fold_6,COVID crash and V-recovery,-0.006218604743480682,-1,0.007053189445286989,1,-0.007053189445286989,0.12977387553837616,,,,0,-70.53189445286989,-0.008216524496674538,0.031374141573905945,-0.006218604743480682,0.5120446139780346
2020-07-14,fold_6,COVID crash and V-recovery,-0.007365854922682047,-1,0.0020335218869149685,1,-0.0020335218869149685,0.1277403536514612,,,,0,-20.335218869149685,-0.006916480138897896,0.013845482841134071,-0.007365854922682047,0.14954269287114882
2020-07-15,fold_6,COVID crash and V-recovery,-0.007249705959111452,-1,-0.006845961790531874,-1,0.006845961790531874,0.13458631544199307,,,,1,68.45961790531874,-0.020952071994543076,0.01532869040966034,-0.007249705959111452,-0.5241009812391734
2020-07-16,fold_6,COVID crash and V-recovery,-0.0028662029653787613,-1,0.0011572843650355935,1,-0.0011572843650355935,0.13342903107695747,,,,0,-11.572843650355935,-0.015331115573644638,-0.004292608238756657,-0.0028662029653787613,0.08812283189001813
2020-07-17,fold_6,COVID crash and V-recovery,0.003655102103948593,1,0.027976106852293015,1,0.027976106852293015,0.1614051379292505,,,,1,279.76106852293015,-0.0241303201764822,-0.01499137282371521,0.003655102103948593,2.132123708338193
2020-07-20,fold_6,COVID crash and V-recovery,0.007456795312464237,1,-0.010475467890501022,-1,-0.010475467890501022,0.15092967003874946,,,,0,-104.75467890501022,-0.023638689890503883,-0.025281477719545364,0.007456795312464237,-0.7206510227050099
2020-07-21,fold_6,COVID crash and V-recovery,0.010217868722975254,1,0.0035167301539331675,1,0.0035167301539331675,0.15444640019268263,,,,1,35.167301539331675,-0.02294059284031391,-0.027612756937742233,0.010217868722975254,0.24286262614215368
2020-07-22,fold_6,COVID crash and V-recovery,0.006474464200437069,1,-0.026467259973287582,-1,-0.026467259973287582,0.12797914021939505,,,,0,-264.6725997328758,-0.02189832553267479,-0.019669238477945328,0.006474464200437069,-1.8409053843650716
2020-07-23,fold_6,COVID crash and V-recovery,0.0006687156856060028,1,-0.009541480801999569,-1,-0.009541480801999569,0.11843765941739548,,,,0,-95.41480801999569,-0.015436137095093727,0.012019885703921318,0.0006687156856060028,-0.6432334964953011
2020-07-24,fold_6,COVID crash and V-recovery,-0.00581189664080739,-1,0.01768600009381771,1,-0.01768600009381771,0.10075165932357777,,,,0,-176.8600009381771,-0.019200600683689117,0.03924935311079025,-0.00581189664080739,1.1921186983156284
2020-07-27,fold_6,COVID crash and V-recovery,-0.015906142070889473,-1,-0.012806747108697891,-1,0.012806747108697891,0.11355840643227566,,,,1,128.0674710869789,-0.025079447776079178,0.034980401396751404,-0.015906142070889473,-0.8897363445671662
2020-07-28,fold_6,COVID crash and V-recovery,-0.012042654678225517,-1,0.011460249312222004,1,-0.011460249312222004,0.10209815712005366,,,,0,-114.60249312222004,-0.02701684832572937,0.05149209499359131,-0.012042654678225517,0.7917747031445751
2020-07-29,fold_6,COVID crash and V-recovery,-0.01799307018518448,-1,0.0052218628115952015,1,-0.0052218628115952015,0.09687629430845845,,,,0,-52.218628115952015,-0.04777752608060837,0.042506542056798935,-0.01799307018518448,0.3718284970110825
2020-07-30,fold_6,COVID crash and V-recovery,-0.01613491214811802,-1,0.01768798753619194,1,-0.01768798753619194,0.07918830677226651,,,,0,-176.8798753619194,-0.042321205139160156,0.05044260248541832,-0.01613491214811802,1.2769965562045513
2020-07-31,fold_6,COVID crash and V-recovery,-0.01078374870121479,-1,0.013417048379778862,1,-0.013417048379778862,0.06577125839248765,,,,0,-134.17048379778862,-0.04843093454837799,0.021145181730389595,-0.01078374870121479,0.9366016124301634
2020-08-03,fold_6,COVID crash and V-recovery,-0.004918048623949289,-1,0.003704946953803301,1,-0.003704946953803301,0.06206631143868435,,,,0,-37.04946953803301,-0.042084917426109314,0.0034460306633263826,-0.004918048623949289,0.27259952974596996
2020-08-04,fold_6,COVID crash and V-recovery,-0.005276463460177183,-1,0.0024746968410909176,1,-0.0024746968410909176,0.059591614597593434,,,,0,-24.746968410909176,-0.043938279151916504,-0.01938198134303093,-0.005276463460177183,0.18292635050540385
2020-08-05,fold_6,COVID crash and V-recovery,-0.002296104095876217,-1,0.013157923705875874,1,-0.013157923705875874,0.04643369089171756,,,,0,-131.57923705875874,-0.03643792122602463,0.0029841316863894463,-0.002296104095876217,0.9953246352301299
2020-08-06,fold_6,COVID crash and V-recovery,-0.00450977822765708,-1,-0.011609433218836784,-1,0.011609433218836784,0.058043124110554345,,,,1,116.09433218836784,-0.029356883838772774,-0.00789579376578331,-0.00450977822765708,-0.8655564505121134
2020-08-07,fold_6,COVID crash and V-recovery,-0.0069625116884708405,-1,-0.004282103851437569,-1,0.004282103851437569,0.062325227961991914,,,,1,42.82103851437569,-0.026723116636276245,0.002538258209824562,-0.0069625116884708405,-0.315403274167436
2020-08-10,fold_6,COVID crash and V-recovery,-0.00810697115957737,-1,-0.01912306621670723,-1,0.01912306621670723,0.08144829417869914,,,,1,191.2306621670723,-0.024431051686406136,0.018364673480391502,-0.00810697115957737,-1.4949017218268141
2020-08-11,fold_6,COVID crash and V-recovery,-0.0030505163595080376,-1,0.024840809404850006,1,-0.024840809404850006,0.05660748477384914,,,,0,-248.40809404850006,-0.020502889528870583,0.04706699773669243,-0.0030505163595080376,1.854425462059186
2020-08-12,fold_6,COVID crash and V-recovery,-0.006523619405925274,-1,0.002277998486533761,1,-0.002277998486533761,0.054329486287315376,,,,0,-22.77998486533761,-0.028099680319428444,0.015475744381546974,-0.006523619405925274,0.1571654526123982
2020-08-13,fold_6,COVID crash and V-recovery,0.0008067255839705467,1,-0.0011753810103982687,-1,-0.0011753810103982687,0.05315410527691711,,,,0,-11.753810103982687,-0.026703184470534325,0.026974011212587357,0.0008067255839705467,-0.08149801908205123
2020-08-14,fold_6,COVID crash and V-recovery,0.00013510603457689285,1,0.011544312350451946,1,0.011544312350451946,0.06469841762736905,,,,1,115.44312350451946,-0.025550859048962593,0.03505614399909973,0.00013510603457689285,0.8004500661944717
2020-08-17,fold_6,COVID crash and V-recovery,-0.0006609875708818436,-1,0.009579257108271122,1,-0.009579257108271122,0.05511916051909793,,,,0,-95.79257108271122,-0.03001466765999794,0.029736364260315895,-0.0006609875708818436,0.7230246261558297
2020-08-18,fold_6,COVID crash and V-recovery,-0.002790088765323162,-1,-0.006750442553311586,-1,0.006750442553311586,0.06186960307240952,,,,1,67.50442553311586,-0.03299640119075775,0.027988793328404427,-0.002790088765323162,-0.510820204822413
2020-08-19,fold_6,COVID crash and V-recovery,-0.0044395714066922665,-1,0.013776266016066074,1,-0.013776266016066074,0.048093337056343444,,,,0,-137.76266016066074,-0.0288282111287117,0.05585353076457977,-0.0044395714066922665,1.037559246659717
2020-08-20,fold_6,COVID crash and V-recovery,-0.00656092120334506,-1,0.0069067515432834625,1,-0.0069067515432834625,0.04118658551305998,,,,0,-69.06751543283463,-0.03228599578142166,0.038955897092819214,-0.00656092120334506,0.5625156236933915
2020-08-21,fold_6,COVID crash and V-recovery,-0.007553630508482456,-1,0.006224532146006823,1,-0.006224532146006823,0.03496205336705316,,,,0,-62.245321460068226,-0.036156587302684784,0.0371214896440506,-0.007553630508482456,0.5106356876868382
2020-08-24,fold_6,COVID crash and V-recovery,-0.009391939267516136,-1,0.007831685245037079,1,-0.007831685245037079,0.02713036812201608,,,,0,-78.31685245037079,-0.0372411385178566,0.038897957652807236,-0.009391939267516136,0.6743238686894301
2020-08-25,fold_6,COVID crash and V-recovery,-0.006951738148927689,-1,0.021114297211170197,1,-0.021114297211170197,0.006016070910845883,,,,0,-211.14297211170197,-0.03671759366989136,0.04801339656114578,-0.006951738148927689,1.8535998038712649
2020-08-26,fold_6,COVID crash and V-recovery,-0.008217642083764076,-1,-0.003121370915323496,-1,0.003121370915323496,0.009137441826169379,,,,1,31.21370915323496,-0.0314532145857811,0.036324240267276764,-0.008217642083764076,-0.2587895593319744
2020-08-27,fold_6,COVID crash and V-recovery,-0.006755463778972626,-1,0.005072346422821283,1,-0.005072346422821283,0.004065095403348096,,,,0,-50.72346422821283,-0.03223823755979538,-0.012585151940584183,-0.006755463778972626,0.42181512853870085
2020-08-28,fold_6,COVID crash and V-recovery,-0.002511756494641304,-1,0.008001000620424747,1,-0.008001000620424747,-0.003935905217076652,,,,0,-80.01000620424747,-0.021553687751293182,-0.03107313998043537,-0.002511756494641304,0.7010740917333799
2020-08-31,fold_6,COVID crash and V-recovery,-0.0029381513595581055,-1,0.016947124153375626,1,-0.016947124153375626,-0.020883029370452277,,,,0,-169.47124153375626,-0.020037928596138954,-0.08833174407482147,-0.0029381513595581055,1.519174036231336
2020-09-01,fold_6,COVID crash and V-recovery,-0.0011463873088359833,-1,0.009425140917301178,1,-0.009425140917301178,-0.030308170287753455,,,,0,-94.25140917301178,-0.018456827849149704,-0.07632622867822647,-0.0011463873088359833,0.8019761973282619
2020-09-02,fold_6,COVID crash and V-recovery,-0.0033030500635504723,-1,-0.052030764520168304,-1,0.052030764520168304,0.02172259423241485,,,,1,520.307645201683,-0.022455764934420586,-0.10588965564966202,-0.0033030500635504723,-4.362421233254415
2020-09-03,fold_6,COVID crash and V-recovery,-0.0026587611064314842,-1,-0.013415642082691193,-1,0.013415642082691193,0.03513823631510604,,,,1,134.15642082691193,-0.010775625705718994,-0.0608224980533123,-0.0026587611064314842,-0.8180304219831065
2020-09-04,fold_6,COVID crash and V-recovery,-0.0004423065111041069,-1,-0.04925760254263878,-1,0.04925760254263878,0.08439583885774482,,,,1,492.5760254263878,-0.007898006588220596,-0.03014158084988594,-0.0004423065111041069,-2.99098501352186
2020-09-08,fold_6,COVID crash and V-recovery,-0.0015250593423843384,-1,0.028952637687325478,1,-0.028952637687325478,0.05544320117041934,,,,0,-289.5263768732548,-0.0046477168798446655,0.033189885318279266,-0.0015250593423843384,1.4630448928429223
2020-09-09,fold_6,COVID crash and V-recovery,-0.0016309665516018867,-1,-0.020138287916779518,-1,0.020138287916779518,0.07558148908719886,,,,1,201.38287916779518,-0.010392769239842892,-0.011837474070489407,-0.0016309665516018867,-0.9882583616877233
2020-09-10,fold_6,COVID crash and V-recovery,-0.00040990766137838364,-1,-0.006963605526834726,-1,0.006963605526834726,0.08254509461403359,,,,1,69.63605526834726,-0.010706927627325058,-0.007444728631526232,-0.00040990766137838364,-0.3461658618806676
2020-09-11,fold_6,COVID crash and V-recovery,-0.001674802042543888,-1,0.017265276983380318,1,-0.017265276983380318,0.06527981763065327,,,,0,-172.65276983380318,-0.018845107406377792,-0.01332566887140274,-0.001674802042543888,0.8559825585801524
2020-09-14,fold_6,COVID crash and V-recovery,-0.0026511652395129204,-1,0.014073864556849003,1,-0.014073864556849003,0.05120595307380427,,,,0,-140.73864556849003,-0.031167488545179367,-0.028195757418870926,-0.0026511652395129204,0.6853734804594767
2020-09-15,fold_6,COVID crash and V-recovery,-0.003296191804111004,-1,-0.01607472263276577,-1,0.01607472263276577,0.06728067570657004,,,,1,160.7472263276577,-0.034271225333213806,-0.023861397057771683,-0.003296191804111004,-0.7798215646588044
2020-09-16,fold_6,COVID crash and V-recovery,-0.0017965221777558327,-1,-0.01574554108083248,-1,0.01574554108083248,0.08302621678740252,,,,1,157.4554108083248,-0.04263941943645477,-0.03879699110984802,-0.0017965221777558327,-0.7564717033725888
2020-09-17,fold_6,COVID crash and V-recovery,0.0017911074683070183,1,-0.01284454483538866,-1,-0.01284454483538866,0.07018167195201386,,,,0,-128.4454483538866,-0.034536298364400864,-0.018405728042125702,0.0017911074683070183,-0.6100156525437823
2020-09-18,fold_6,COVID crash and V-recovery,0.00337342731654644,1,0.0023951882030814886,1,0.0023951882030814886,0.07257686015509535,,,,1,23.951882030814886,-0.023319758474826813,0.017421115189790726,0.00337342731654644,0.11391217076698176
2020-09-21,fold_6,COVID crash and V-recovery,0.005294923670589924,1,0.01840822398662567,1,0.01840822398662567,0.09098508414172102,,,,1,184.0822398662567,-0.0063099246472120285,0.035582274198532104,0.005294923670589924,0.8775572328014063
2020-09-22,fold_6,COVID crash and V-recovery,0.0002749580889940262,1,-0.03101031668484211,-1,-0.03101031668484211,0.05997476745687891,,,,0,-310.1031668484211,-0.007905924692749977,0.012654685415327549,0.0002749580889940262,-1.4537438731940597
2020-09-23,fold_6,COVID crash and V-recovery,-0.0006665727123618126,-1,0.0046457210555672646,1,-0.0046457210555672646,0.05532904640131164,,,,0,-46.457210555672646,-0.0021627936512231827,0.050490401685237885,-0.0006665727123618126,0.20775431739486164
2020-09-24,fold_6,COVID crash and V-recovery,0.0018752748146653175,1,0.022982297465205193,1,0.022982297465205193,0.07831134386651684,,,,1,229.82297465205193,0.0038476455956697464,0.061592526733875275,0.0018752748146653175,1.0502742819316198
2020-09-25,fold_6,COVID crash and V-recovery,-0.0020711198449134827,-1,0.02055634744465351,1,-0.02055634744465351,0.057754996421863325,,,,0,-205.5634744465351,-0.013661997392773628,0.010075737722218037,-0.0020711198449134827,0.9149699726863618
2020-09-28,fold_6,COVID crash and V-recovery,0.0016182707622647285,1,-0.004519365727901459,-1,-0.004519365727901459,0.053235630693961866,,,,0,-45.19365727901459,-0.011685691773891449,0.010621445253491402,0.0016182707622647285,-0.1973176015235255
2020-09-29,fold_6,COVID crash and V-recovery,0.002391641028225422,1,0.0068253991194069386,1,0.0068253991194069386,0.060061029813368805,,,,1,68.25399119406939,-0.009186975657939911,-0.002867152215912938,0.002391641028225422,0.298621087736763
2020-09-30,fold_6,COVID crash and V-recovery,0.007528402842581272,1,0.01574784703552723,1,0.01574784703552723,0.07580887684889603,,,,1,157.4784703552723,-0.020558491349220276,0.007458656560629606,0.007528402842581272,0.697064423708603
2020-10-01,fold_6,COVID crash and V-recovery,0.005176686681807041,1,-0.02853449247777462,-1,-0.02853449247777462,0.047274384371121414,,,,0,-285.3449247777462,-0.024050483480095863,-0.0029803828801959753,0.005176686681807041,-1.2533205081188008
2020-10-02,fold_6,COVID crash and V-recovery,0.013043337501585484,1,0.02110205590724945,1,0.02110205590724945,0.06837644027837086,,,,1,211.0205590724945,-0.024928364902734756,0.04071858525276184,0.013043337501585484,1.0251783952435474
2020-10-05,fold_6,COVID crash and V-recovery,0.01408176776021719,1,-0.01800796203315258,-1,-0.01800796203315258,0.050368478245218284,,,,0,-180.0796203315258,-0.027881674468517303,0.0500197559595108,0.01408176776021719,-0.8614788499208522
2020-10-06,fold_6,COVID crash and V-recovery,0.007516997866332531,1,0.017151206731796265,1,0.017151206731796265,0.06751968497701455,,,,1,171.51206731796265,-0.023288019001483917,0.06799398362636566,0.007516997866332531,0.9414975943994984
2020-10-07,fold_6,COVID crash and V-recovery,-0.004841329529881477,-1,0.005308808758854866,1,-0.005308808758854866,0.06221087621815968,,,,0,-53.08808758854866,-0.01479096245020628,0.0424555167555809,-0.004841329529881477,0.30415484714686564
2020-10-08,fold_6,COVID crash and V-recovery,-0.006628269795328379,-1,0.015164476819336414,1,-0.015164476819336414,0.04704639939882327,,,,0,-151.64476819336414,-0.01857742667198181,0.03041280247271061,-0.006628269795328379,0.8970329885777675
2020-10-09,fold_6,COVID crash and V-recovery,-0.0024356376379728317,-1,0.030403228476643562,1,-0.030403228476643562,0.016643170922179706,,,,0,-304.0322847664356,-0.01750027760863304,0.009752639569342136,-0.0024356376379728317,1.770571887040376
2020-10-12,fold_6,COVID crash and V-recovery,-0.005150118842720985,-1,-3.373719300725497e-05,-1,3.373719300725497e-05,0.01667690811518696,,,,1,0.33737193007254973,-0.02018250897526741,-0.037110790610313416,-0.005150118842720985,-0.0018680407759308338
2020-10-13,fold_6,COVID crash and V-recovery,-0.00016595609486103058,-1,-0.00838725920766592,-1,0.00838725920766592,0.02506416732285288,,,,1,83.8725920766592,-0.01696963794529438,-0.03492961823940277,-0.00016595609486103058,-0.4716208204510821
2020-10-14,fold_6,COVID crash and V-recovery,-0.004045573994517326,-1,-0.006733904592692852,-1,0.006733904592692852,0.031798071915545734,,,,1,67.33904592692852,-0.01745019294321537,-0.0273162629455328,-0.004045573994517326,-0.38440893439136203
2020-10-15,fold_6,COVID crash and V-recovery,0.0022348416969180107,1,-0.005495686549693346,-1,-0.005495686549693346,0.026302385365852388,,,,0,-54.95686549693346,-0.013653984293341637,-0.020617766305804253,0.0022348416969180107,-0.31903396928304123
2020-10-16,fold_6,COVID crash and V-recovery,0.003069383092224598,1,-0.016460204496979713,-1,-0.016460204496979713,0.009842180868872674,,,,0,-164.60204496979713,-0.009139081463217735,-0.013153640553355217,0.003069383092224598,-0.9665816644113905
2020-10-19,fold_6,COVID crash and V-recovery,0.00299198180437088,1,0.002147437771782279,1,0.002147437771782279,0.011989618640654953,,,,1,21.47437771782279,-0.02831212244927883,-0.011803005822002888,0.00299198180437088,0.12331480174769346
2020-10-20,fold_6,COVID crash and V-recovery,-0.0005720602348446846,-1,-0.0007739050779491663,-1,0.0007739050779491663,0.01276352371860412,,,,1,7.739050779491663,-0.03517040237784386,-0.006172140594571829,-0.0005720602348446846,-0.04571847515718098
2020-10-21,fold_6,COVID crash and V-recovery,-0.0009408369660377502,-1,-3.5408695111982524e-05,-1,3.5408695111982524e-05,0.012798932413716102,,,,1,0.35408695111982524,-0.03968397527933121,-0.045165520161390305,-0.0009408369660377502,-0.0022928343745738243
2020-10-22,fold_6,COVID crash and V-recovery,-0.0015532886609435081,-1,0.001968440366908908,1,-0.001968440366908908,0.010830492046807194,,,,0,-19.68440366908908,-0.04516275227069855,-0.02779475226998329,-0.0015532886609435081,0.12775259426091953
2020-10-23,fold_6,COVID crash and V-recovery,0.0011056819930672646,1,-0.015109569765627384,-1,-0.015109569765627384,-0.00427907771882019,,,,0,-151.09569765627384,-0.05500887334346771,-0.055452797561883926,0.0011056819930672646,-1.039698635608039
2020-10-26,fold_6,COVID crash and V-recovery,0.006188548170030117,1,0.007778302300721407,1,0.007778302300721407,0.003499224581901217,,,,1,77.78302300721407,-0.03714964538812637,-0.03811882436275482,0.006188548170030117,0.5479790991713467
2020-10-27,fold_6,COVID crash and V-recovery,0.00029476359486579895,1,-0.03976728767156601,-1,-0.03976728767156601,-0.03626806308966479,,,,0,-397.6728767156601,-0.033793896436691284,-0.028747210279107094,0.00029476359486579895,-2.787764890068613
2020-10-28,fold_6,COVID crash and V-recovery,-0.0034174304455518723,-1,0.01733536086976528,1,-0.01733536086976528,-0.053603423959430074,,,,0,-173.35360869765282,-0.011559917591512203,0.054690517485141754,-0.0034174304455518723,1.0355589815970991
2020-10-29,fold_6,COVID crash and V-recovery,-0.02092273160815239,-1,-0.025689605623483658,-1,0.025689605623483658,-0.027913818335946416,,,,1,256.8960562348366,-0.012451671063899994,0.06309220939874649,-0.02092273160815239,-1.5274747106782163
2020-10-30,fold_6,COVID crash and V-recovery,-0.012208429165184498,-1,0.0022244045976549387,1,-0.0022244045976549387,-0.030138222933601355,,,,0,-22.244045976549387,0.00904824398458004,0.08952881395816803,-0.012208429165184498,0.13410157396693856
2020-11-02,fold_6,COVID crash and V-recovery,-0.01898873597383499,-1,0.017149915918707848,1,-0.017149915918707848,-0.0472881388523092,,,,0,-171.49915918707848,-0.002070995047688484,0.06665904819965363,-0.01898873597383499,1.0779367386887289
2020-11-03,fold_6,COVID crash and V-recovery,-0.02238038182258606,-1,0.04367043823003769,1,-0.04367043823003769,-0.09095857708234689,,,,0,-436.7043823003769,-0.016884347423911095,0.031432218849658966,-0.02238038182258606,2.75306621443569
2020-11-04,fold_6,COVID crash and V-recovery,-0.023608658462762833,-1,0.025737054646015167,1,-0.025737054646015167,-0.11669563172836206,,,,0,-257.3705464601517,-0.039507314562797546,0.009885048493742943,-0.023608658462762833,1.4119405213839278
2020-11-05,fold_6,COVID crash and V-recovery,-0.01605924591422081,-1,0.0007469941047020257,1,-0.0007469941047020257,-0.11744262583306408,,,,0,-7.4699410470202565,-0.042234502732753754,-0.020557139068841934,-0.01605924591422081,0.03915442701452015
2020-11-06,fold_6,COVID crash and V-recovery,-0.01153978705406189,-1,-0.02064535580575466,-1,0.02064535580575466,-0.09679727002730942,,,,1,206.45355805754662,-0.022969499230384827,-0.012569820508360863,-0.01153978705406189,-1.099611526163606
2020-11-09,fold_6,COVID crash and V-recovery,-0.006575732491910458,-1,-0.01807691529393196,-1,0.01807691529393196,-0.07872035473337746,,,,1,180.7691529393196,-0.012834995053708553,0.015848102048039436,-0.006575732491910458,-0.9987407535989247
2020-11-10,fold_6,COVID crash and V-recovery,0.007506466470658779,1,0.022123269736766815,1,0.022123269736766815,-0.05659708499661065,,,,1,221.23269736766815,0.00211167149245739,0.030747581273317337,0.007506466470658779,1.1929141000624843
2020-11-11,fold_6,COVID crash and V-recovery,0.004514136351644993,1,-0.0047051324509084225,-1,-0.0047051324509084225,-0.06130221744751907,,,,0,-47.051324509084225,-0.012337502092123032,0.0012066756607964635,0.004514136351644993,-0.24631408484931272
2020-11-12,fold_6,COVID crash and V-recovery,0.009856163524091244,1,0.00873431283980608,1,0.00873431283980608,-0.05256790460771299,,,,1,87.3431283980608,-0.016912924125790596,0.013706258498132229,0.009856163524091244,0.45797074181542646
2020-11-13,fold_6,COVID crash and V-recovery,0.007990068756043911,1,0.007772567216306925,1,0.007772567216306925,-0.044795337391406065,,,,1,77.72567216306925,-0.021509559825062752,-0.0018917557317763567,0.007990068756043911,0.4062582307615261
2020-11-16,fold_6,COVID crash and V-recovery,-0.00440619233995676,-1,-0.0031774360686540604,-1,0.0031774360686540604,-0.041617901322752004,,,,1,31.774360686540604,-0.0392242968082428,-0.009630321525037289,-0.00440619233995676,-0.16851969730067273
2020-11-17,fold_6,COVID crash and V-recovery,-0.010691170580685139,-1,-0.007417635060846806,-1,0.007417635060846806,-0.0342002662619052,,,,1,74.17635060846806,-0.03667347878217697,0.007499608676880598,-0.010691170580685139,-0.3932528488787517
2020-11-18,fold_6,COVID crash and V-recovery,-0.010463215410709381,-1,0.007794450502842665,1,-0.007794450502842665,-0.041994716764747864,,,,0,-77.94450502842665,-0.032552555203437805,0.021044887602329254,-0.010463215410709381,0.41165884580625633
2020-11-19,fold_6,COVID crash and V-recovery,-0.0065336208790540695,-1,-0.006863702088594437,-1,0.006863702088594437,-0.03513101467615343,,,,1,68.63702088594437,-0.038936514407396317,0.02242281287908554,-0.0065336208790540695,-0.36097592278577006
2020-11-20,fold_6,COVID crash and V-recovery,0.005295206792652607,1,3.400091009098105e-05,1,3.400091009098105e-05,-0.035097013766062446,,,,1,0.3400091009098105,-0.025089053437113762,0.03132430091500282,0.005295206792652607,0.0017828542565550293
2020-11-23,fold_6,COVID crash and V-recovery,0.01695016399025917,1,0.013952494598925114,1,0.013952494598925114,-0.021144519167137332,,,,1,139.52494598925114,-0.03029879555106163,0.04402534291148186,0.01695016399025917,0.7433640469029835
2020-11-24,fold_6,COVID crash and V-recovery,0.012190635316073895,1,0.006127643398940563,1,0.006127643398940563,-0.015016875768196769,,,,1,61.27643398940563,-0.03377804160118103,0.03135693445801735,0.012190635316073895,0.3234052070137997
2020-11-25,fold_6,COVID crash and V-recovery,0.003108430653810501,1,0.009172377176582813,1,0.009172377176582813,-0.005844498591613956,,,,1,91.72377176582813,-0.029855752363801003,0.02664339542388916,0.003108430653810501,0.5463967394333243
2020-11-27,fold_6,COVID crash and V-recovery,-0.0006881840527057648,-1,0.0020377866458147764,1,-0.0020377866458147764,-0.007882285237428732,,,,0,-20.377866458147764,-0.035912103950977325,0.02153753489255905,-0.0006881840527057648,0.12379010218913579
2020-11-30,fold_6,COVID crash and V-recovery,-0.00045347772538661957,-1,0.012735040858387947,1,-0.012735040858387947,-0.02061732609581668,,,,0,-127.35040858387947,-0.03630383312702179,0.025146711617708206,-0.00045347772538661957,0.825152095544987
2020-12-01,fold_6,COVID crash and V-recovery,-0.008327417075634003,-1,0.0012840845156461,1,-0.0012840845156461,-0.02190141061146278,,,,0,-12.840845156461,-0.04144446551799774,0.0157906636595726,-0.008327417075634003,0.08186080873771634
2020-12-02,fold_6,COVID crash and V-recovery,-0.016619745641946793,-1,0.0014141055289655924,1,-0.0014141055289655924,-0.02331551614042837,,,,0,-14.141055289655924,-0.04449985921382904,-0.008394548669457436,-0.016619745641946793,0.09295420381384639
2020-12-03,fold_6,COVID crash and V-recovery,-0.01776461862027645,-1,0.004066517110913992,1,-0.004066517110913992,-0.027382033251342364,,,,0,-40.66517110913992,-0.024429477751255035,-0.005801084917038679,-0.01776461862027645,0.34847327562232994
2020-12-04,fold_6,COVID crash and V-recovery,-0.012349031865596771,-1,0.005646963603794575,1,-0.005646963603794575,-0.03302899685513694,,,,0,-56.46963603794575,-0.024394089356064796,-0.012084580026566982,-0.012349031865596771,0.5540372958545712
2020-12-07,fold_6,COVID crash and V-recovery,-0.014558087103068829,-1,0.003378992434591055,1,-0.003378992434591055,-0.03640798928972799,,,,0,-33.78992434591055,-0.010846984572708607,-0.010502398945391178,-0.014558087103068829,0.329049495914118
2020-12-08,fold_6,COVID crash and V-recovery,-0.010382354259490967,-1,-0.022901127114892006,-1,0.022901127114892006,-0.013506862174835987,,,,1,229.01127114892006,-0.010694913566112518,-0.0032489225268363953,-0.010382354259490967,-2.4882146420684146
2020-12-09,fold_6,COVID crash and V-recovery,-0.004617523401975632,-1,0.004007569048553705,1,-0.004007569048553705,-0.017514431223389693,,,,0,-40.07569048553705,-0.01484818197786808,0.025136673822999,-0.004617523401975632,0.4120471886712415
2020-12-10,fold_6,COVID crash and V-recovery,-0.0049979789182543755,-1,-0.0022169779986143112,-1,0.0022169779986143112,-0.015297453224775381,,,,1,22.169779986143112,-0.01732097752392292,0.0276457741856575,-0.0049979789182543755,-0.2632439802492302
2020-12-11,fold_6,COVID crash and V-recovery,-0.001802278682589531,-1,0.007229145150631666,1,-0.007229145150631666,-0.022526598375407048,,,,0,-72.29145150631666,-0.020161917433142662,0.0268356055021286,-0.001802278682589531,0.8636478044932318
2020-12-14,fold_6,COVID crash and V-recovery,-0.0013441573828458786,-1,0.01063246838748455,1,-0.01063246838748455,-0.0331590667628916,,,,0,-106.3246838748455,-0.01954713463783264,0.017734089866280556,-0.0013441573828458786,1.2812665826263265
2020-12-15,fold_6,COVID crash and V-recovery,-0.0031532635912299156,-1,0.0054844701662659645,1,-0.0054844701662659645,-0.03864353692915756,,,,0,-54.844701662659645,-0.024814123287796974,0.00981712993234396,-0.0031532635912299156,0.6486281134756449
2020-12-16,fold_6,COVID crash and V-recovery,-0.005037704482674599,-1,0.006516668945550919,1,-0.006516668945550919,-0.04516020587470848,,,,0,-65.16668945550919,-0.02778519317507744,-0.0007163272821344435,-0.005037704482674599,0.7653729375236511
2020-12-17,fold_6,COVID crash and V-recovery,-0.005643852520734072,-1,-0.0030271466821432114,-1,0.0030271466821432114,-0.04213305919256527,,,,1,30.271466821432114,-0.030787687748670578,-0.002830306999385357,-0.005643852520734072,-0.3570831286606675
2020-12-18,fold_6,COVID crash and V-recovery,0.0005225427448749542,1,-0.001872371882200241,-1,-0.001872371882200241,-0.04400543107476551,,,,0,-18.72371882200241,-0.026360992342233658,0.010225623846054077,0.0005225427448749542,-0.22493926581037224
2020-12-21,fold_6,COVID crash and V-recovery,0.0001718541607260704,1,0.002715509617701173,1,0.002715509617701173,-0.04128992145706434,,,,1,27.15509617701173,-0.020197149366140366,0.01299302838742733,0.0001718541607260704,0.3314875297474319
2020-12-22,fold_6,COVID crash and V-recovery,0.000982031226158142,1,-0.005048987455666065,-1,-0.005048987455666065,-0.0463389089127304,,,,0,-50.48987455666065,-0.021519862115383148,0.010309210978448391,0.000982031226158142,-0.6146537584216499
2020-12-23,fold_6,COVID crash and V-recovery,-0.0011465977877378464,-1,0.004402689635753632,1,-0.004402689635753632,-0.050741598548484035,,,,0,-44.026896357536316,-0.019686907529830933,0.017815537750720978,-0.0011465977877378464,0.5731001337807812
2020-12-24,fold_6,COVID crash and V-recovery,3.8244761526584625e-05,1,0.010028784163296223,1,0.010028784163296223,-0.04071281438518781,,,,1,100.28784163296223,-0.017509952187538147,-0.0008076458470895886,3.8244761526584625e-05,1.3156138038421608
2020-12-28,fold_6,COVID crash and V-recovery,0.0014615720137953758,1,0.0008950326009653509,1,0.0008950326009653509,-0.03981778178422246,,,,1,8.950326009653509,-0.012611698359251022,-0.0026263040490448475,0.0014615720137953758,0.11659180941941093
2020-12-29,fold_6,COVID crash and V-recovery,0.0016536721959710121,1,3.169193587382324e-05,1,3.169193587382324e-05,-0.03978608984834864,,,,1,0.3169193587382324,-0.008859735913574696,-0.017470380291342735,0.0016536721959710121,0.004134245642294804
2020-12-30,fold_6,COVID crash and V-recovery,0.0008389828726649284,1,0.0024573400150984526,1,0.0024573400150984526,-0.037328749833250185,,,,1,24.573400150984526,-0.006495288573205471,0.00640215864405036,0.0008389828726649284,0.34526923346710536
2024-05-17,fold_7,"Inflation bear, AI rally and 2025",0.00469802413135767,1,0.006948469206690788,1,0.006948469206690788,0.006948469206690788,,,,1,69.48469206690788,-0.058552540838718414,0.013608839362859726,0.00469802413135767,0.6952125898010301
2024-05-20,fold_7,"Inflation bear, AI rally and 2025",0.0008909134194254875,1,0.0019544712267816067,1,0.0019544712267816067,0.008902940433472395,,,,1,19.544712267816067,-0.06489544361829758,0.010431037284433842,0.0008909134194254875,0.19813782720354398
2024-05-21,fold_7,"Inflation bear, AI rally and 2025",0.010455644689500332,1,-0.00019753658853005618,-1,-0.00019753658853005618,0.008705403844942339,,,,0,-1.9753658853005618,-0.034432463347911835,0.00140322744846344,0.010455644689500332,-0.02123648203471224
2024-05-22,fold_7,"Inflation bear, AI rally and 2025",0.00984391663223505,1,-0.0045085777528584,-1,-0.0045085777528584,0.004196826092083938,,,,0,-45.085777528584,-0.03189154714345932,-0.00917046144604683,0.00984391663223505,-0.4863059884639499
2024-05-23,fold_7,"Inflation bear, AI rally and 2025",0.016001880168914795,1,0.009412013925611973,1,0.009412013925611973,0.013608840017695911,,,,1,94.12013925611973,-0.028719715774059296,-0.006523867137730122,0.016001880168914795,1.0161228281011665
2024-05-24,fold_7,"Inflation bear, AI rally and 2025",0.01043365616351366,1,0.003770666429772973,1,0.003770666429772973,0.017379506447468884,,,,1,37.70666429772973,-0.03281387686729431,-0.0105808787047863,0.01043365616351366,0.42558054147400476
2024-05-28,fold_7,"Inflation bear, AI rally and 2025",0.008880754001438618,1,-0.007073338143527508,-1,-0.007073338143527508,0.010306168303941377,,,,0,-70.73338143527508,-0.03800057992339134,-0.011618755757808685,0.008880754001438618,-0.7989006844998127
2024-05-29,fold_7,"Inflation bear, AI rally and 2025",0.006663731299340725,1,-0.010771225206553936,-1,-0.010771225206553936,-0.0004650569026125595,,,,0,-107.71225206553936,-0.040084972977638245,0.015413827262818813,0.006663731299340725,-1.3594968419813447
2024-05-30,fold_7,"Inflation bear, AI rally and 2025",0.011969276703894138,1,-0.0018619840266183019,-1,-0.0018619840266183019,-0.0023270409292308614,,,,0,-18.61984026618302,-0.035714518278837204,0.02583981119096279,0.011969276703894138,-0.2292967954822727
2024-05-31,fold_7,"Inflation bear, AI rally and 2025",0.014026735909283161,1,0.005355002358555794,1,0.005355002358555794,0.0030279614293249324,,,,1,53.55002358555794,-0.03776688128709793,0.026816576719284058,0.014026735909283161,0.7027090494998068
2024-06-03,fold_7,"Inflation bear, AI rally and 2025",0.02701103314757347,1,0.002732788911089301,1,0.002732788911089301,0.0057607503404142335,,,,1,27.32788911089301,-0.022127527743577957,0.025492563843727112,0.02701103314757347,0.43368193802744326
2024-06-04,fold_7,"Inflation bear, AI rally and 2025",0.03284889832139015,1,0.01995924487709999,1,0.01995924487709999,0.025719995217514224,,,,1,199.5924487709999,-0.008394858799874783,0.02959909848868847,0.03284889832139015,3.4156224962840676
2024-06-05,fold_7,"Inflation bear, AI rally and 2025",0.02925954759120941,1,-0.0003452417440712452,-1,-0.0003452417440712452,0.02537475347344298,,,,0,-3.452417440712452,-0.010827119462192059,0.022652629762887955,0.02925954759120941,-0.04695363633241321
2024-06-06,fold_7,"Inflation bear, AI rally and 2025",0.022041667252779007,1,-0.0008852180326357484,-1,-0.0008852180326357484,0.02448953544080723,,,,0,-8.852180326357484,-0.010435858741402626,0.028403399512171745,0.022041667252779007,-0.12040439171168577
2024-06-07,fold_7,"Inflation bear, AI rally and 2025",0.02400640770792961,1,0.004030989948660135,1,0.004030989948660135,0.028520525389467366,,,,1,40.30989948660135,-0.004037700593471527,0.03445643186569214,0.02400640770792961,0.5492899450229848
2024-06-10,fold_7,"Inflation bear, AI rally and 2025",0.022328119724988937,1,0.006839322857558727,1,0.006839322857558727,0.03535984824702609,,,,1,68.39322857558727,0.015057926997542381,0.04260094463825226,0.022328119724988937,0.9273771940684392
2024-06-11,fold_7,"Inflation bear, AI rally and 2025",0.02361004799604416,1,0.013012777082622051,1,0.013012777082622051,0.048372625329648145,,,,1,130.1277708262205,0.01307942159473896,0.03607082739472389,0.02361004799604416,1.731768227856263
2024-06-12,fold_7,"Inflation bear, AI rally and 2025",0.014779130928218365,1,0.005405528470873833,1,0.005405528470873833,0.05377815380052198,,,,1,54.05528470873833,-0.004634136334061623,0.015320060774683952,0.014779130928218365,0.6817164243853996
2024-06-13,fold_7,"Inflation bear, AI rally and 2025",0.013027693144977093,1,0.005167814902961254,1,0.005167814902961254,0.05894596870348323,,,,1,51.67814902961254,-0.006187913008034229,0.0072316755540668964,0.013027693144977093,0.71453510413117
2024-06-14,fold_7,"Inflation bear, AI rally and 2025",0.010169311426579952,1,0.012175502255558968,1,0.012175502255558968,0.0711214709590422,,,,1,121.75502255558968,0.002507762983441353,-0.009386073797941208,0.010169311426579952,1.6655900350437747
2024-06-17,fold_7,"Inflation bear, AI rally and 2025",0.01059426087886095,1,0.0003092046536039561,1,0.0003092046536039561,0.07143067561264616,,,,1,3.092046536039561,-0.002139769494533539,-0.010190867818892002,0.01059426087886095,0.03964268442676233
2024-06-18,fold_7,"Inflation bear, AI rally and 2025",0.011385311372578144,1,-0.007737989537417889,-1,-0.007737989537417889,0.06369268607522827,,,,0,-77.37989537417889,-0.009772359393537045,-0.008436965756118298,0.011385311372578144,-1.0123242809306967
2024-06-20,fold_7,"Inflation bear, AI rally and 2025",0.008781000040471554,1,-0.002682856749743223,-1,-0.002682856749743223,0.06100982932548504,,,,0,-26.828567497432232,-0.009398345835506916,0.0018790541216731071,0.008781000040471554,-0.34285804932426206
2024-06-21,fold_7,"Inflation bear, AI rally and 2025",0.008761032484471798,1,-0.011449933983385563,-1,-0.011449933983385563,0.04955989534209948,,,,0,-114.49933983385563,0.005842963233590126,-0.00064253801247105,0.008761032484471798,-1.4589962236954837
2024-06-24,fold_7,"Inflation bear, AI rally and 2025",0.010379726998507977,1,0.011370707303285599,1,0.011370707303285599,0.06093060264538508,,,,1,113.70707303285599,0.022201726213097572,0.01665533147752285,0.010379726998507977,1.387839319558593
2024-06-25,fold_7,"Inflation bear, AI rally and 2025",0.011935741640627384,1,0.002063107443973422,1,0.002063107443973422,0.0629937100893585,,,,1,20.63107443973422,0.020377034321427345,0.015729578211903572,0.011935741640627384,0.2480774401688555
2024-06-26,fold_7,"Inflation bear, AI rally and 2025",0.011979765258729458,1,0.0025780298747122288,1,0.0025780298747122288,0.06557173996407073,,,,1,25.780298747122288,0.011921389028429985,0.021968942135572433,0.011979765258729458,0.3111163482075264
2024-06-27,fold_7,"Inflation bear, AI rally and 2025",0.010805764235556126,1,-0.005204448942095041,-1,-0.005204448942095041,0.06036729102197569,,,,0,-52.04448942095041,0.008570710197091103,0.029763752594590187,0.010805764235556126,-0.6382350260450105
2024-06-28,fold_7,"Inflation bear, AI rally and 2025",0.007780245505273342,1,0.005847935099154711,1,0.005847935099154711,0.0662152261211304,,,,1,58.47935099154711,0.0033911708742380142,0.037343580275774,0.007780245505273342,0.7423997926176615
2024-07-01,fold_7,"Inflation bear, AI rally and 2025",0.001669377088546753,1,0.010444954968988895,1,0.010444954968988895,0.0766601810901193,,,,1,104.44954968988895,-0.002986989915370941,0.032359976321458817,0.001669377088546753,1.3098751779381625
2024-07-02,fold_7,"Inflation bear, AI rally and 2025",0.00017140153795480728,1,0.008302470669150352,1,0.008302470669150352,0.08496265175926965,,,,1,83.02470669150352,0.00012943893671035767,0.032287489622831345,0.00017140153795480728,1.0097531611324242
2024-07-03,fold_7,"Inflation bear, AI rally and 2025",0.003058725968003273,1,0.010372839868068695,1,0.010372839868068695,0.09533549162733834,,,,1,103.72839868068695,-0.0013779792934656143,0.0018107411451637745,0.003058725968003273,1.2338218881148515
2024-07-05,fold_7,"Inflation bear, AI rally and 2025",0.00396606232970953,1,0.002375379903241992,1,0.002375379903241992,0.09771087153058033,,,,1,23.75379903241992,-0.00739680603146553,-0.0027043852023780346,0.00396606232970953,0.3170268540244118
2024-07-08,fold_7,"Inflation bear, AI rally and 2025",0.003354961983859539,1,0.0008643296314403415,1,0.0008643296314403415,0.09857520116202068,,,,1,8.643296314403415,-0.005405619740486145,-0.0023955574724823236,0.003354961983859539,0.11507389364579725
2024-07-09,fold_7,"Inflation bear, AI rally and 2025",0.01021485310047865,1,0.010372469201683998,1,0.010372469201683998,0.10894767036370467,,,,1,103.72469201683998,0.007574411109089851,-0.002877016318961978,0.01021485310047865,1.3809774385746778
2024-07-10,fold_7,"Inflation bear, AI rally and 2025",0.007686003111302853,1,-0.022174276411533356,-1,-0.022174276411533356,0.08677339395217132,,,,0,-221.74276411533356,0.00804300606250763,-0.0430438406765461,0.007686003111302853,-2.8395556157698416
2024-07-11,fold_7,"Inflation bear, AI rally and 2025",0.006022957153618336,1,0.005857713054865599,1,0.005857713054865599,0.09263110700703692,,,,1,58.57713054865599,0.002407534047961235,-0.025613289326429367,0.006022957153618336,0.6420877278904823
2024-07-12,fold_7,"Inflation bear, AI rally and 2025",0.005920817144215107,1,0.002684207633137703,1,0.002684207633137703,0.09531531464017462,,,,1,26.84207633137703,0.004955919459462166,-0.040374159812927246,0.005920817144215107,0.30693872466430683
2024-07-15,fold_7,"Inflation bear, AI rally and 2025",0.009710255078971386,1,0.00038287072675302625,1,0.00038287072675302625,0.09569818536692765,,,,1,3.8287072675302625,0.013906901702284813,-0.028270574286580086,0.009710255078971386,0.044099727267770325
2024-07-16,fold_7,"Inflation bear, AI rally and 2025",0.0074556684121489525,1,-0.02979435585439205,-1,-0.02979435585439205,0.0659038295125356,,,,0,-297.9435585439205,0.017675666138529778,-0.03218429908156395,0.0074556684121489525,-3.462402666184191
2024-07-17,fold_7,"Inflation bear, AI rally and 2025",0.009323027916252613,1,-0.004743724595755339,-1,-0.004743724595755339,0.061160104916780256,,,,0,-47.43724595755339,0.022670259699225426,-0.038919322192668915,0.009323027916252613,-0.45021193175523166
2024-07-18,fold_7,"Inflation bear, AI rally and 2025",0.01763489842414856,1,-0.008903156965970993,-1,-0.008903156965970993,0.05225694795080926,,,,0,-89.03156965970993,0.019671639427542686,-0.045264601707458496,0.01763489842414856,-0.8407390180070969
2024-07-19,fold_7,"Inflation bear, AI rally and 2025",0.021808791905641556,1,0.014787793159484863,1,0.014787793159484863,0.06704474111029413,,,,1,147.87793159484863,0.025106312707066536,-0.026157695800065994,0.021808791905641556,1.3904370170925573
2024-07-22,fold_7,"Inflation bear, AI rally and 2025",0.01516008097678423,1,-0.0035308548249304295,-1,-0.0035308548249304295,0.0635138862853637,,,,0,-35.308548249304295,0.004135973751544952,-0.038938675075769424,0.01516008097678423,-0.31748379855643816
2024-07-23,fold_7,"Inflation bear, AI rally and 2025",0.005507581867277622,1,-0.03652937710285187,-1,-0.03652937710285187,0.02698450918251183,,,,0,-365.2937710285187,-0.008101245388388634,-0.049234386533498764,0.005507581867277622,-3.366324504216688
2024-07-24,fold_7,"Inflation bear, AI rally and 2025",0.014021811075508595,1,-0.011089004576206207,-1,-0.011089004576206207,0.01589550460630562,,,,0,-110.89004576206207,0.01211528666317463,0.016459202393889427,0.014021811075508595,-0.8311367073785129
2024-07-25,fold_7,"Inflation bear, AI rally and 2025",0.011805090121924877,1,0.01020374707877636,1,0.01020374707877636,0.02609925168508198,,,,1,102.0374707877636,0.00023965537548065186,0.003028667066246271,0.011805090121924877,0.7523452168158241
2024-07-26,fold_7,"Inflation bear, AI rally and 2025",0.014076991938054562,1,0.0020068141166120768,1,0.0020068141166120768,0.028106065801694058,,,,1,20.068141166120768,0.005614107474684715,-0.031196199357509613,0.014076991938054562,0.14604485969080083
2024-07-29,fold_7,"Inflation bear, AI rally and 2025",0.019062921404838562,1,-0.013826565816998482,-1,-0.013826565816998482,0.014279499984695576,,,,0,-138.26565816998482,0.001275302842259407,-0.063472680747509,0.019062921404838562,-1.0093074248608767
2024-07-30,fold_7,"Inflation bear, AI rally and 2025",0.023610271513462067,1,0.029164211824536324,1,0.029164211824536324,0.0434437118092319,,,,1,291.64211824536324,0.013537673279643059,-0.04013648256659508,0.023610271513462067,2.085750291487153
2024-07-31,fold_7,"Inflation bear, AI rally and 2025",0.005403841845691204,1,-0.02451954036951065,-1,-0.02451954036951065,0.01892417143972125,,,,0,-245.1954036951065,-0.02152412384748459,-0.080189548432827,0.005403841845691204,-1.6077581412371202
2024-08-01,fold_7,"Inflation bear, AI rally and 2025",-0.0034043435007333755,-1,-0.024021118879318237,-1,0.024021118879318237,0.042945290319039486,,,,1,240.21118879318237,-0.007430519908666611,-0.025537710636854172,-0.0034043435007333755,-1.4920247357675547
2024-08-02,fold_7,"Inflation bear, AI rally and 2025",-0.0007465537637472153,-1,-0.030269667506217957,-1,0.030269667506217957,0.07321495782525744,,,,1,302.69667506217957,0.0004029683768749237,0.0036923731677234173,-0.0007465537637472153,-1.8003931776647635
2024-08-05,fold_7,"Inflation bear, AI rally and 2025",0.0038658007979393005,1,0.009509631432592869,1,0.009509631432592869,0.08272458925785031,,,,1,95.09631432592869,0.00044919922947883606,0.03611313924193382,0.0038658007979393005,0.524920691891243
2024-08-06,fold_7,"Inflation bear, AI rally and 2025",0.0039000194519758224,1,-0.01088885311037302,-1,-0.01088885311037302,0.07183573614747729,,,,0,-108.8885311037302,-0.0021739527583122253,0.05111347883939743,0.0039000194519758224,-0.5969875219152809
2024-08-07,fold_7,"Inflation bear, AI rally and 2025",-0.006332743912935257,-1,0.030132297426462173,1,-0.030132297426462173,0.04170343872101512,,,,0,-301.32297426462173,-0.0027703680098056793,0.062326643615961075,-0.006332743912935257,1.6506589822195037
2024-08-08,fold_7,"Inflation bear, AI rally and 2025",0.0013914154842495918,1,0.005208965390920639,1,0.005208965390920639,0.04691240411193576,,,,1,52.08965390920639,-0.008143153041601181,0.05714362487196922,0.0013914154842495918,0.2768349311927352
2024-08-09,fold_7,"Inflation bear, AI rally and 2025",-0.0017585093155503273,-1,0.0021510969381779432,1,-0.0021510969381779432,0.044761307173757814,,,,0,-21.510969381779432,-0.009541226550936699,0.05321963131427765,-0.0017585093155503273,0.1143798882170997
2024-08-12,fold_7,"Inflation bear, AI rally and 2025",0.0016533425077795982,1,0.02450997196137905,1,0.02450997196137905,0.06927127913513687,,,,1,245.0997196137905,-0.009453222155570984,0.06411891430616379,0.0016533425077795982,1.303501943679819
2024-08-13,fold_7,"Inflation bear, AI rally and 2025",-0.0010401839390397072,-1,0.00032431332510896027,1,-0.00032431332510896027,0.0689469658100279,,,,0,-3.2431332510896027,-0.017528433352708817,0.03750813379883766,-0.0010401839390397072,0.01655891126018704
2024-08-14,fold_7,"Inflation bear, AI rally and 2025",-0.0009285574778914452,-1,0.024949276819825172,1,-0.024949276819825172,0.04399768899020273,,,,0,-249.49276819825172,-0.01818908378481865,0.041837096214294434,-0.0009285574778914452,1.3546411923098562
2024-08-15,fold_7,"Inflation bear, AI rally and 2025",-0.0027308426797389984,-1,0.0012849696213379502,1,-0.0012849696213379502,0.04271271936886478,,,,0,-12.849696213379502,-0.017228323966264725,0.0009060029406100512,-0.0027308426797389984,0.0668740747706282
2024-08-16,fold_7,"Inflation bear, AI rally and 2025",0.000131998211145401,1,0.0130503810942173,1,0.0130503810942173,0.05576310046308208,,,,1,130.503810942173,-0.016147976741194725,0.010408023372292519,0.000131998211145401,0.6827829402239022
2024-08-19,fold_7,"Inflation bear, AI rally and 2025",0.0012523112818598747,1,-0.002100807148963213,-1,-0.002100807148963213,0.05366229331411887,,,,0,-21.00807148963213,-0.008679958991706371,-0.012398049235343933,0.0012523112818598747,-0.11027773996348064
2024-08-20,fold_7,"Inflation bear, AI rally and 2025",-0.0007266607135534286,-1,0.004653274081647396,1,-0.004653274081647396,0.049009019232471474,,,,0,-46.53274081647396,-0.0037170834839344025,-0.007314376067370176,-0.0007266607135534286,0.2444000893406978
2024-08-21,fold_7,"Inflation bear, AI rally and 2025",0.0011644884943962097,1,-0.01598181575536728,-1,-0.01598181575536728,0.033027203477104194,,,,0,-159.8181575536728,-0.006528576835989952,-0.023379897698760033,0.0011644884943962097,-0.9275646245457356
2024-08-22,fold_7,"Inflation bear, AI rally and 2025",0.0012168101966381073,1,0.010786990635097027,1,0.010786990635097027,0.04381419411220122,,,,1,107.86990635097027,-0.002231510356068611,-0.008863111026585102,0.0012168101966381073,0.6191949924164502
2024-08-23,fold_7,"Inflation bear, AI rally and 2025",0.0039229970425367355,1,-0.009755691513419151,-1,-0.009755691513419151,0.03405850259878207,,,,0,-97.55691513419151,-0.007703712210059166,-0.007801180239766836,0.0039229970425367355,-0.559432470656507
2024-08-26,fold_7,"Inflation bear, AI rally and 2025",0.0024074651300907135,1,0.0029828662518411875,1,0.0029828662518411875,0.03704136885062326,,,,1,29.828662518411875,-0.012761110439896584,-0.028876792639493942,0.0024074651300907135,0.16978265810020524
2024-08-27,fold_7,"Inflation bear, AI rally and 2025",0.005667121149599552,1,-0.011412248015403748,-1,-0.011412248015403748,0.02562912083521951,,,,0,-114.12248015403748,-0.009732022881507874,-0.03446156159043312,0.005667121149599552,-0.659384942491126
2024-08-28,fold_7,"Inflation bear, AI rally and 2025",0.003374817781150341,1,-0.0014650279190391302,-1,-0.0014650279190391302,0.02416409291618038,,,,0,-14.650279190391302,-0.013367920182645321,-0.02211609296500683,0.003374817781150341,-0.0902464387601881
2024-08-29,fold_7,"Inflation bear, AI rally and 2025",0.004239500500261784,1,0.011848920956254005,1,0.011848920956254005,0.036013013872434385,,,,1,118.48920956254005,-0.017161794006824493,-0.04780372232198715,0.004239500500261784,0.7752877777932282
2024-08-30,fold_7,"Inflation bear, AI rally and 2025",0.004555453546345234,1,-0.03083130531013012,-1,-0.03083130531013012,0.005181708562304266,,,,0,-308.3130531013012,-0.02044844999909401,-0.046875014901161194,0.004555453546345234,-2.118767250124786
2024-09-03,fold_7,"Inflation bear, AI rally and 2025",0.008801261894404888,1,-0.0026019022334367037,-1,-0.0026019022334367037,0.002579806328867562,,,,0,-26.019022334367037,-0.009127780795097351,-0.006844343151897192,0.008801261894404888,-0.17808602031578946
2024-09-04,fold_7,"Inflation bear, AI rally and 2025",0.008514652960002422,1,0.0009332209010608494,1,0.0009332209010608494,0.0035130272299284115,,,,1,9.332209010608494,-0.01085310336202383,0.017240503802895546,0.008514652960002422,0.06450909024050137
2024-09-05,fold_7,"Inflation bear, AI rally and 2025",0.004420521669089794,1,-0.02715265564620495,-1,-0.02715265564620495,-0.023639628416276537,,,,0,-271.5265564620495,-0.014783307909965515,0.026075517758727074,0.004420521669089794,-1.9038919504433214
2024-09-06,fold_7,"Inflation bear, AI rally and 2025",0.007348836399614811,1,0.012777626514434814,1,0.012777626514434814,-0.010862001901841722,,,,1,127.77626514434814,-0.0056590912863612175,0.05769813060760498,0.007348836399614811,0.9153524726053623
2024-09-09,fold_7,"Inflation bear, AI rally and 2025",0.004504301585257053,1,0.009199365973472595,1,0.009199365973472595,-0.0016626359283691272,,,,1,91.99365973472595,-0.026934247463941574,0.040492791682481766,0.004504301585257053,0.6477990684838638
2024-09-10,fold_7,"Inflation bear, AI rally and 2025",0.0017822962254285812,1,0.02148294448852539,1,0.02148294448852539,0.019820308560156263,,,,1,214.8294448852539,-0.02654781937599182,0.03182163089513779,0.0017822962254285812,1.4979981112463576
2024-09-11,fold_7,"Inflation bear, AI rally and 2025",-0.004445748869329691,-1,0.009768233634531498,1,-0.009768233634531498,0.010052074925624765,,,,0,-97.68233634531498,-0.042987674474716187,0.005999751389026642,-0.004445748869329691,0.6929635978910342
2024-09-12,fold_7,"Inflation bear, AI rally and 2025",-0.01003355998545885,-1,0.004469958133995533,1,-0.004469958133995533,0.0055821167916292325,,,,0,-44.69958133995533,-0.04904504865407944,0.02120135724544525,-0.01003355998545885,0.31336561528243373
2024-09-13,fold_7,"Inflation bear, AI rally and 2025",-0.009338829666376114,-1,-0.004427712876349688,-1,0.004427712876349688,0.01000982966797892,,,,1,44.277128763496876,-0.059578411281108856,0.014826271682977676,-0.009338829666376114,-0.3362951999478053
2024-09-16,fold_7,"Inflation bear, AI rally and 2025",-0.004108425695449114,-1,0.0005282060010358691,1,-0.0005282060010358691,0.009481623666943051,,,,0,-5.282060010358691,-0.04708268493413925,0.021901145577430725,-0.004108425695449114,0.04001501336320814
2024-09-17,fold_7,"Inflation bear, AI rally and 2025",-0.008599411696195602,-1,-0.0043389336206018925,-1,0.0043389336206018925,0.013820557287544943,,,,1,43.389336206018925,-0.0617804080247879,0.026184871792793274,-0.008599411696195602,-0.33702704962507524
2024-09-18,fold_7,"Inflation bear, AI rally and 2025",-0.008314655162394047,-1,0.024969838559627533,1,-0.024969838559627533,-0.01114928127208259,,,,0,-249.69838559627533,-0.0479939728975296,0.031450558453798294,-0.008314655162394047,1.9353316350330982
2024-09-19,fold_7,"Inflation bear, AI rally and 2025",-0.009784307330846786,-1,-0.001905126846395433,-1,0.001905126846395433,-0.009244154425687157,,,,1,19.05126846395433,-0.04186445102095604,0.013965615071356297,-0.009784307330846786,-0.13588783905280025
2024-09-20,fold_7,"Inflation bear, AI rally and 2025",-0.006103383377194405,-1,0.00264716031961143,1,-0.00264716031961143,-0.011891314745298587,,,,0,-26.4716031961143,-0.040973961353302,0.010298335924744606,-0.006103383377194405,0.19516890485055438
2024-09-23,fold_7,"Inflation bear, AI rally and 2025",-0.003985575865954161,-1,0.004811933264136314,1,-0.004811933264136314,-0.0167032480094349,,,,0,-48.119332641363144,-0.023936819285154343,0.010359362699091434,-0.003985575865954161,0.3601650575373757
2024-09-24,fold_7,"Inflation bear, AI rally and 2025",-0.00363864004611969,-1,0.000926753506064415,1,-0.000926753506064415,-0.017630001515499316,,,,0,-9.26753506064415,-0.02141738124191761,-0.00848300475627184,-0.00363864004611969,0.07007636915393543
2024-09-25,fold_7,"Inflation bear, AI rally and 2025",-0.007952493615448475,-1,0.007484894711524248,1,-0.007484894711524248,-0.025114896227023564,,,,0,-74.84894711524248,-0.014573490247130394,-0.0079979058355093,-0.007952493615448475,0.5666209948426726
2024-09-26,fold_7,"Inflation bear, AI rally and 2025",-0.013365025632083416,-1,-0.005572405643761158,-1,0.005572405643761158,-0.019542490583262406,,,,1,55.72405643761158,-0.021873285993933678,-0.01623002626001835,-0.013365025632083416,-0.42640010528638966
2024-09-27,fold_7,"Inflation bear, AI rally and 2025",-0.0026236968114972115,-1,0.002708186861127615,1,-0.002708186861127615,-0.02225067744439002,,,,0,-27.08186861127615,-0.010626605711877346,0.0011703327763825655,-0.0026236968114972115,0.20635895787142886
2024-09-30,fold_7,"Inflation bear, AI rally and 2025",-0.003885740414261818,-1,-0.01403043419122696,-1,0.01403043419122696,-0.008220243253163062,,,,1,140.3043419122696,-0.017028620466589928,-0.01230729091912508,-0.003885740414261818,-1.0903610458416224
2024-10-01,fold_7,"Inflation bear, AI rally and 2025",-0.006851524114608765,-1,0.0014118520775809884,1,-0.0014118520775809884,-0.00963209533074405,,,,0,-14.118520775809884,-0.010472899302840233,0.01654731296002865,-0.006851524114608765,0.12484405696456018
2024-10-02,fold_7,"Inflation bear, AI rally and 2025",-0.006231571082025766,-1,-0.0007472253055311739,-1,0.0007472253055311739,-0.008884870025212876,,,,1,7.4722530553117394,-0.013533744029700756,0.022973094135522842,-0.006231571082025766,-0.06613572954546378
2024-10-03,fold_7,"Inflation bear, AI rally and 2025",0.0010640276595950127,1,0.011827953159809113,1,0.011827953159809113,0.002943083134596236,,,,1,118.27953159809113,-0.02318751998245716,0.022584062069654465,0.0010640276595950127,1.0469375004229724
2024-10-04,fold_7,"Inflation bear, AI rally and 2025",0.009073332883417606,1,-0.010769437067210674,-1,-0.010769437067210674,-0.007826353932614438,,,,0,-107.69437067210674,-0.023441210389137268,0.012317989021539688,0.009073332883417606,-1.0891617760661183
2024-10-07,fold_7,"Inflation bear, AI rally and 2025",0.01951083540916443,1,0.014824170619249344,1,0.014824170619249344,0.006997816686634906,,,,1,148.24170619249344,-0.011393069289624691,0.03144397586584091,0.01951083540916443,1.5176988523165102
2024-10-08,fold_7,"Inflation bear, AI rally and 2025",0.009048436768352985,1,0.007837631739675999,1,0.007837631739675999,0.014835448426310904,,,,1,78.37631739675999,-0.028872692957520485,0.0031628955621272326,0.009048436768352985,0.7754292898477891
2024-10-09,fold_7,"Inflation bear, AI rally and 2025",0.0032668989151716232,1,-0.0011362562654539943,-1,-0.0011362562654539943,0.01369919216085691,,,,0,-11.362562654539943,-0.032621338963508606,-0.004552541300654411,0.0032668989151716232,-0.1253588476074635
2024-10-10,fold_7,"Inflation bear, AI rally and 2025",-0.0008417898789048195,-1,0.001561879413202405,1,-0.001561879413202405,0.012137312747654505,,,,0,-15.61879413202405,-0.016551513224840164,-0.0027240037452429533,-0.0008417898789048195,0.17747454318489056
2024-10-11,fold_7,"Inflation bear, AI rally and 2025",-0.0008665211498737335,-1,0.008356551639735699,1,-0.008356551639735699,0.0037807611079188064,,,,0,-83.56551639735699,-0.016670024022459984,0.002247402211651206,-0.0008665211498737335,0.9549677424647902
2024-10-14,fold_7,"Inflation bear, AI rally and 2025",-0.007308882661163807,-1,-0.013456911779940128,-1,0.013456911779940128,0.017237672887858935,,,,1,134.56911779940128,-0.017063243314623833,-0.004189664032310247,-0.007308882661163807,-1.5132110812818254
2024-10-15,fold_7,"Inflation bear, AI rally and 2025",-7.656961679458618e-05,-1,0.0001221949642058462,1,-0.0001221949642058462,0.01711547792365309,,,,0,-1.221949642058462,-0.005566811189055443,0.010356641374528408,-7.656961679458618e-05,0.013016782504661328
2024-10-16,fold_7,"Inflation bear, AI rally and 2025",-0.00037139467895030975,-1,0.0006922814645804465,1,-0.0006922814645804465,0.016423196459072642,,,,0,-6.922814645804465,-0.010923818685114384,-0.005208073649555445,-0.00037139467895030975,0.07414180294465159
2024-10-17,fold_7,"Inflation bear, AI rally and 2025",0.006006726063787937,1,0.006533285602927208,1,0.006533285602927208,0.02295648206199985,,,,1,65.33285602927208,-0.0057544708251953125,0.002175822388380766,0.006006726063787937,0.8727836942491176
2024-10-18,fold_7,"Inflation bear, AI rally and 2025",0.007127487100660801,1,0.0019194857450202107,1,0.0019194857450202107,0.02487596780702006,,,,1,19.194857450202107,0.00942300446331501,0.0017176733817905188,0.007127487100660801,0.2520701414263569
2024-10-21,fold_7,"Inflation bear, AI rally and 2025",0.009532949887216091,1,0.0010893935104832053,1,0.0010893935104832053,0.025965361317503266,,,,1,10.893935104832053,-0.011432654224336147,-4.0421302401227877e-05,0.009532949887216091,0.1432664185763382
2024-10-22,fold_7,"Inflation bear, AI rally and 2025",0.01246997807174921,1,-0.015442520380020142,-1,-0.015442520380020142,0.010522840937483124,,,,0,-154.42520380020142,-0.017411809414625168,0.008432736620306969,0.01246997807174921,-2.05041872134211
2024-10-23,fold_7,"Inflation bear, AI rally and 2025",0.006416662596166134,1,0.008076177909970284,1,0.008076177909970284,0.018599018847453408,,,,1,80.76177909970284,-0.008734333328902721,0.016289012506604195,0.006416662596166134,0.975069619641989
2024-10-24,fold_7,"Inflation bear, AI rally and 2025",0.009210600517690182,1,0.006075136363506317,1,0.006075136363506317,0.024674155210959725,,,,1,60.75136363506317,-0.023469533771276474,-0.01735398918390274,0.009210600517690182,0.7310287339358255
2024-10-25,fold_7,"Inflation bear, AI rally and 2025",0.0034784525632858276,1,0.00016139104263857007,1,0.00016139104263857007,0.024835546253598295,,,,1,1.6139104263857007,-0.01636391319334507,-0.016057491302490234,0.0034784525632858276,0.019379350634746075
2024-10-28,fold_7,"Inflation bear, AI rally and 2025",-0.0004772990942001343,-1,0.00956255104392767,1,-0.00956255104392767,0.015272995209670626,,,,0,-95.6255104392767,-0.02774944342672825,-0.019136182963848114,-0.0004772990942001343,1.1512792631994628
2024-10-29,fold_7,"Inflation bear, AI rally and 2025",-0.00027354341000318527,-1,-0.007586243096739054,-1,0.007586243096739054,0.02285923830640968,,,,1,75.86243096739054,-0.035762690007686615,-0.016022659838199615,-0.00027354341000318527,-0.9503655323814653
2024-10-30,fold_7,"Inflation bear, AI rally and 2025",0.0020095882937312126,1,-0.02556682378053665,-1,-0.02556682378053665,-0.0027075854741269723,,,,0,-255.66823780536652,-0.01036322396248579,0.018364498391747475,0.0020095882937312126,-3.135267415563969
2024-10-31,fold_7,"Inflation bear, AI rally and 2025",0.004343881271779537,1,0.007371632847934961,1,0.007371632847934961,0.004664047373807989,,,,1,73.71632847934961,0.0029595308005809784,0.05955290049314499,0.004343881271779537,0.7403067553257175
2024-11-01,fold_7,"Inflation bear, AI rally and 2025",0.00822777021676302,1,-0.0029172992799431086,-1,-0.0029172992799431086,0.0017467480938648805,,,,0,-29.172992799431086,0.012500109151005745,0.05334897339344025,0.00822777021676302,-0.29950634869518994
2024-11-04,fold_7,"Inflation bear, AI rally and 2025",0.006544758565723896,1,0.012676074169576168,1,0.012676074169576168,0.014422822263441049,,,,1,126.76074169576168,0.010612988844513893,0.055682770907878876,0.006544758565723896,1.3398945483494553
2024-11-05,fold_7,"Inflation bear, AI rally and 2025",0.016153104603290558,1,0.026800915598869324,1,0.026800915598869324,0.04122373786231037,,,,1,268.00915598869324,0.010534258559346199,0.04119488596916199,0.016153104603290558,2.8808626073089583
2024-11-06,fold_7,"Inflation bear, AI rally and 2025",-0.005722177214920521,-1,0.015621576458215714,1,-0.015621576458215714,0.02560216140409466,,,,0,-156.21576458215714,-0.0071004051715135574,0.01310655102133751,-0.005722177214920521,1.4296840550942842
2024-11-07,fold_7,"Inflation bear, AI rally and 2025",-0.00808750931173563,-1,0.0011677085421979427,1,-0.0011677085421979427,0.024434452861896716,,,,0,-11.677085421979427,-0.010568725876510143,-0.00948903989046812,-0.00808750931173563,0.10181834569816123
2024-11-08,fold_7,"Inflation bear, AI rally and 2025",-0.004853228572756052,-1,-0.0005835042102262378,-1,0.0005835042102262378,0.025017957072122954,,,,1,5.835042102262378,-0.0075251031666994095,-0.034771133214235306,-0.004853228572756052,-0.05088905969453027
2024-11-11,fold_7,"Inflation bear, AI rally and 2025",0.002646801993250847,1,-0.0018118094885721803,-1,-0.0018118094885721803,0.023206147583550774,,,,0,-18.118094885721803,-0.011221193708479404,-0.02726396732032299,0.002646801993250847,-0.16014334393689053
2024-11-12,fold_7,"Inflation bear, AI rally and 2025",0.005614067427814007,1,-0.0012874208623543382,-1,-0.0012874208623543382,0.021918726721196435,,,,0,-12.874208623543382,-0.006710978224873543,-0.018596025183796883,0.005614067427814007,-0.11796369941144873
2024-11-13,fold_7,"Inflation bear, AI rally and 2025",0.0154573367908597,1,-0.006974013987928629,-1,-0.006974013987928629,0.014944712733267806,,,,0,-69.74013987928629,-0.01597614213824272,-0.01788480579853058,0.0154573367908597,-0.6387942340020782
2024-11-14,fold_7,"Inflation bear, AI rally and 2025",0.00953297596424818,1,-0.02411438338458538,-1,-0.02411438338458538,-0.009169670651317574,,,,0,-241.1438338458538,-0.013326254673302174,-0.00732002779841423,0.00953297596424818,-2.1868111876517204
2024-11-15,fold_7,"Inflation bear, AI rally and 2025",0.01719401776790619,1,0.006923658773303032,1,0.006923658773303032,-0.002246011878014542,,,,1,69.23658773303032,0.009520703926682472,0.018397189676761627,0.01719401776790619,0.5680860031384004
2024-11-18,fold_7,"Inflation bear, AI rally and 2025",0.004870318807661533,1,0.006856133230030537,1,0.006856133230030537,0.0046101213520159945,,,,1,68.56133230030537,0.009106999263167381,0.01305388379842043,0.004870318807661533,0.558401971919163
2024-11-19,fold_7,"Inflation bear, AI rally and 2025",0.003920789808034897,1,-0.0005762007203884423,-1,-0.0005762007203884423,0.004033920631627552,,,,0,-5.762007203884423,0.0035976264625787735,0.01155262440443039,0.003920789808034897,-0.046576442710721276
2024-11-20,fold_7,"Inflation bear, AI rally and 2025",-0.009578147903084755,-1,0.0035907637793570757,1,-0.0035907637793570757,0.0004431568522704765,,,,0,-35.90763779357076,0.007533196359872818,0.0042242552153766155,-0.009578147903084755,0.30225052300490235
2024-11-21,fold_7,"Inflation bear, AI rally and 2025",-0.0073674581944942474,-1,0.0016028343234211206,1,-0.0016028343234211206,-0.0011596774711506441,,,,0,-16.028343234211206,-0.0114188427105546,0.00938198808580637,-0.0073674581944942474,0.1361859766994263
2024-11-22,fold_7,"Inflation bear, AI rally and 2025",-0.0065577831119298935,-1,0.0015803531277924776,1,-0.0015803531277924776,-0.0027400305989431217,,,,0,-15.803531277924776,-0.012023186311125755,0.01860809698700905,-0.0065577831119298935,0.13511581519797833
2024-11-25,fold_7,"Inflation bear, AI rally and 2025",-0.01067143864929676,-1,0.0053548733703792095,1,-0.0053548733703792095,-0.008094903969322331,,,,0,-53.548733703792095,-0.019657254219055176,0.020089376717805862,-0.01067143864929676,0.457620211764222
2024-11-26,fold_7,"Inflation bear, AI rally and 2025",0.00022768322378396988,1,-0.007904569618403912,-1,-0.007904569618403912,-0.015999473587726243,,,,0,-79.04569618403912,-0.01170405000448227,0.027021605521440506,0.00022768322378396988,-0.6833908702918953
2024-11-27,fold_7,"Inflation bear, AI rally and 2025",0.005912880413234234,1,0.008748495951294899,1,0.008748495951294899,-0.007250977636431344,,,,1,87.48495951294899,-0.00014242343604564667,0.03215114027261734,0.005912880413234234,0.7556567176370566
2024-11-29,fold_7,"Inflation bear, AI rally and 2025",0.01328809279948473,1,0.010828942991793156,1,0.010828942991793156,0.003577965355361812,,,,1,108.28942991793156,0.017598582431674004,0.03231269493699074,0.01328809279948473,1.055899376910174
2024-12-02,fold_7,"Inflation bear, AI rally and 2025",0.017577700316905975,1,0.003061633324250579,1,0.003061633324250579,0.006639598679612391,,,,1,30.61633324250579,0.03273366391658783,0.013665560632944107,0.017577700316905975,0.29416382393420215
2024-12-03,fold_7,"Inflation bear, AI rally and 2025",0.01893560215830803,1,0.01228710263967514,1,0.01228710263967514,0.01892670131928753,,,,1,122.8710263967514,0.027602078393101692,0.007190646603703499,0.01893560215830803,1.180318253081192
2024-12-04,fold_7,"Inflation bear, AI rally and 2025",0.007058045826852322,1,-0.0027750355657190084,-1,-0.0027750355657190084,0.016151665753568523,,,,0,-27.750355657190084,0.02633041702210903,0.012647631578147411,0.007058045826852322,-0.2671733985316268
2024-12-05,fold_7,"Inflation bear, AI rally and 2025",0.005412478931248188,1,0.008910051546990871,1,0.008910051546990871,0.025061717300559394,,,,1,89.10051546990871,0.005538037046790123,0.008947910740971565,0.005412478931248188,1.0474948066388639
2024-12-06,fold_7,"Inflation bear, AI rally and 2025",0.008397127501666546,1,-0.007818191312253475,-1,-0.007818191312253475,0.01724352598830592,,,,0,-78.18191312253475,0.0011555682867765427,0.007663036696612835,0.008397127501666546,-0.9763530416449152
2024-12-09,fold_7,"Inflation bear, AI rally and 2025",0.00798738095909357,1,-0.0034132804721593857,-1,-0.0034132804721593857,0.013830245516146533,,,,0,-34.13280472159386,-0.014015376567840576,0.029779212549328804,0.00798738095909357,-0.41666036610704454
2024-12-10,fold_7,"Inflation bear, AI rally and 2025",0.01585495099425316,1,0.017744088545441628,1,0.017744088545441628,0.03157433406158816,,,,1,177.44088545441628,-0.009434710256755352,0.028778880834579468,0.01585495099425316,2.1569583437642637
2024-12-11,fold_7,"Inflation bear, AI rally and 2025",0.0180237777531147,1,-0.006474756635725498,-1,-0.006474756635725498,0.025099577425862662,,,,0,-64.74756635725498,-0.02385115996003151,-0.025708824396133423,0.0180237777531147,-0.7096169509710132
2024-12-12,fold_7,"Inflation bear, AI rally and 2025",0.024898946285247803,1,0.007625177036970854,1,0.007625177036970854,0.032724754462833516,,,,1,76.25177036970854,-0.019733376801013947,-0.023697493597865105,0.024898946285247803,0.8257751735954242
2024-12-13,fold_7,"Inflation bear, AI rally and 2025",0.019193977117538452,1,0.01429798360913992,1,0.01429798360913992,0.047022738071973436,,,,1,142.9798360913992,-0.023220740258693695,-0.022628068923950195,0.019193977117538452,1.5441146298969766
2024-12-16,fold_7,"Inflation bear, AI rally and 2025",0.018468208611011505,1,-0.004413610324263573,-1,-0.004413610324263573,0.04260912774770986,,,,0,-44.13610324263573,-0.011333363130688667,-0.02723037078976631,0.018468208611011505,-0.5396602766272658
2024-12-17,fold_7,"Inflation bear, AI rally and 2025",0.00956860650330782,1,-0.03674361854791641,-1,-0.03674361854791641,0.0058655091997934505,,,,0,-367.4361854791641,-0.006040862761437893,-0.00934807863086462,0.00956860650330782,-4.541270883179465
2024-12-18,fold_7,"Inflation bear, AI rally and 2025",0.017143920063972473,1,-0.004463426768779755,-1,-0.004463426768779755,0.001402082431013696,,,,0,-44.634267687797546,0.012949196621775627,0.026716021820902824,0.017143920063972473,-0.39053926853043847
2024-12-19,fold_7,"Inflation bear, AI rally and 2025",0.011134200729429722,1,0.00869460217654705,1,0.00869460217654705,0.010096684607560746,,,,1,86.9460217654705,0.023329509422183037,0.017797116190195084,0.011134200729429722,0.7579205871356646
2024-12-20,fold_7,"Inflation bear, AI rally and 2025",0.0073814550414681435,1,0.009695682674646378,1,0.009695682674646378,0.019792367282207124,,,,1,96.95682674646378,0.05275318771600723,-0.004286685958504677,0.0073814550414681435,0.8352949709807537
2024-12-23,fold_7,"Inflation bear, AI rally and 2025",0.014942592941224575,1,0.013468680903315544,1,0.013468680903315544,0.03326104818552267,,,,1,134.68680903315544,0.05382589250802994,-0.02251328155398369,0.014942592941224575,1.1411439948871818
2024-12-24,fold_7,"Inflation bear, AI rally and 2025",0.01145902555435896,1,-0.000679517223034054,-1,-0.000679517223034054,0.032581530962488614,,,,0,-6.79517223034054,0.03686683624982834,-0.03793996945023537,0.01145902555435896,-0.05580862951838488
2024-12-26,fold_7,"Inflation bear, AI rally and 2025",0.015464427880942822,1,-0.01338233333081007,-1,-0.01338233333081007,0.019199197631678544,,,,0,-133.8233333081007,0.04396393895149231,-0.02102765068411827,0.015464427880942822,-1.104355311002339
2024-12-27,fold_7,"Inflation bear, AI rally and 2025",0.011054559610784054,1,-0.013389199040830135,-1,-0.013389199040830135,0.005809998590848409,,,,0,-133.89199040830135,0.03026646561920643,0.0037819980643689632,0.011054559610784054,-1.0836190505276386
2024-12-30,fold_7,"Inflation bear, AI rally and 2025",0.022951122373342514,1,-0.008530912920832634,-1,-0.008530912920832634,-0.0027209143299842253,,,,0,-85.30912920832634,0.026116659864783287,-0.0008342231158167124,0.022951122373342514,-0.6790967534261981
2024-12-31,fold_7,"Inflation bear, AI rally and 2025",0.022163376212120056,1,-0.001958006527274847,-1,-0.001958006527274847,-0.004678920857259072,,,,0,-19.58006527274847,0.017155533656477928,0.007871338166296482,0.022163376212120056,-0.15697591873959477
2025-01-02,fold_7,"Inflation bear, AI rally and 2025",0.01790871098637581,1,0.016232801601290703,1,0.016232801601290703,0.01155388074403163,,,,1,162.32801601290703,0.01153118722140789,-0.005975963082164526,0.01790871098637581,1.302564693849145
2025-01-03,fold_7,"Inflation bear, AI rally and 2025",0.0013728709891438484,1,0.011427314952015877,1,0.011427314952015877,0.022981195696047507,,,,1,114.27314952015877,-0.01617971435189247,-0.025427700951695442,0.0013728709891438484,0.9007871628095191
2025-01-06,fold_7,"Inflation bear, AI rally and 2025",0.0014725541695952415,1,-0.01800542138516903,-1,-0.01800542138516903,0.004975774310878478,,,,0,-180.0542138516903,-0.015249403193593025,-0.037804875522851944,0.0014725541695952415,-1.3929812999224083
2025-01-07,fold_7,"Inflation bear, AI rally and 2025",0.014004354365170002,1,0.00017464857955928892,1,0.00017464857955928892,0.005150422890437767,,,,1,1.7464857955928892,-0.009735180996358395,0.0029459847137331963,0.014004354365170002,0.013042302412667819
2025-01-08,fold_7,"Inflation bear, AI rally and 2025",0.010032215155661106,1,-0.015805307775735855,-1,-0.015805307775735855,-0.010654884885298088,,,,0,-158.05307775735855,-0.013501537963747978,-0.004259203560650349,0.010032215155661106,-1.1904829162064468
2025-01-10,fold_7,"Inflation bear, AI rally and 2025",0.02214735373854637,1,-0.0032189367339015007,-1,-0.0032189367339015007,-0.013873821619199589,,,,0,-32.18936733901501,0.00021787360310554504,0.028283799067139626,0.02214735373854637,-0.23465888856546038
2025-01-13,fold_7,"Inflation bear, AI rally and 2025",0.018366027623414993,1,-0.0009498588042333722,-1,-0.0009498588042333722,-0.014823680423432961,,,,0,-9.498588042333722,-0.014024537056684494,0.03735056519508362,0.018366027623414993,-0.07222777190658458
2025-01-14,fold_7,"Inflation bear, AI rally and 2025",0.005652491934597492,1,0.022745439782738686,1,0.022745439782738686,0.007921759359305725,,,,1,227.45439782738686,-0.030972644686698914,0.05100506544113159,0.005652491934597492,1.7399232613692317
2025-01-15,fold_7,"Inflation bear, AI rally and 2025",-0.004939773119986057,-1,-0.007030539680272341,-1,0.007030539680272341,0.014952299039578065,,,,1,70.30539680272341,-0.025290444493293762,0.030383583158254623,-0.004939773119986057,-0.5049517597581288
2025-01-16,fold_7,"Inflation bear, AI rally and 2025",-0.0034993570297956467,-1,0.016737693920731544,1,-0.016737693920731544,-0.0017853948811534792,,,,0,-167.37693920731544,-0.02366175502538681,0.03174690529704094,-0.0034993570297956467,1.2269209099107852
2025-01-17,fold_7,"Inflation bear, AI rally and 2025",-0.00976419635117054,-1,0.005847829394042492,1,-0.005847829394042492,-0.007633224275195971,,,,0,-58.47829394042492,-0.03866071254014969,-0.014537647366523743,-0.00976419635117054,0.4143973905147078
2025-01-21,fold_7,"Inflation bear, AI rally and 2025",-0.004266665317118168,-1,0.012704640626907349,1,-0.012704640626907349,-0.02033786490210332,,,,0,-127.04640626907349,-0.03259284794330597,-0.005713867023587227,-0.004266665317118168,1.100211193259038
2025-01-22,fold_7,"Inflation bear, AI rally and 2025",0.004388307221233845,1,0.0021239574998617172,1,0.0021239574998617172,-0.018213907402241603,,,,1,21.239574998617172,-0.03222362697124481,-0.02029821276664734,0.004388307221233845,0.1792397771662967
2025-01-23,fold_7,"Inflation bear, AI rally and 2025",0.0025783535093069077,1,-0.005667216144502163,-1,-0.005667216144502163,-0.023881123546743765,,,,0,-56.67216144502163,-0.047153182327747345,-0.018168844282627106,0.0025783535093069077,-0.4844238379339672
2025-01-24,fold_7,"Inflation bear, AI rally and 2025",0.007864869199693203,1,-0.029546858742833138,-1,-0.029546858742833138,-0.0534279822895769,,,,0,-295.4685874283314,-0.03343705087900162,-0.013955770991742611,0.007864869199693203,-2.554659461653467
2025-01-27,fold_7,"Inflation bear, AI rally and 2025",0.015202383510768414,1,0.014671609736979008,1,0.014671609736979008,-0.038756372552597895,,,,1,146.71609736979008,-0.0023200754076242447,0.007555878255516291,0.015202383510768414,1.1307622690069064
2025-01-28,fold_7,"Inflation bear, AI rally and 2025",0.016596857458353043,1,-0.0018797048833221197,-1,-0.0018797048833221197,-0.040636077435920015,,,,0,-18.797048833221197,0.00022108852863311768,0.00508470181375742,0.016596857458353043,-0.14046057405372117
2025-01-29,fold_7,"Inflation bear, AI rally and 2025",0.015868954360485077,1,0.004253325052559376,1,0.004253325052559376,-0.03638275238336064,,,,1,42.53325052559376,0.00369969941675663,0.011492137797176838,0.015868954360485077,0.3259162506482828
2025-01-30,fold_7,"Inflation bear, AI rally and 2025",0.02110842987895012,1,-0.0014541425043717027,-1,-0.0014541425043717027,-0.03783689488773234,,,,0,-14.541425043717027,0.00435195118188858,0.01244503352791071,0.02110842987895012,-0.11415912596668515
2025-01-31,fold_7,"Inflation bear, AI rally and 2025",0.018501024693250656,1,-0.008035209029912949,-1,-0.008035209029912949,-0.04587210391764529,,,,0,-80.35209029912949,-0.01904137060046196,0.0012055110419169068,0.018501024693250656,-0.6377956415929221
2025-02-03,fold_7,"Inflation bear, AI rally and 2025",0.012440922670066357,1,0.01220043282955885,1,0.01220043282955885,-0.03367167108808644,,,,1,122.0043282955885,-0.0376562625169754,0.021273206919431686,0.012440922670066357,0.9592780334475167
2025-02-04,fold_7,"Inflation bear, AI rally and 2025",0.011697220616042614,1,0.004527731332927942,1,0.004527731332927942,-0.0291439397551585,,,,1,45.27731332927942,-0.04316689446568489,0.006689184810966253,0.011697220616042614,0.36248105051066565
2025-02-05,fold_7,"Inflation bear, AI rally and 2025",0.0041706757619977,1,0.00520622031763196,1,0.00520622031763196,-0.02393771943752654,,,,1,52.0622031763196,-0.06190264970064163,0.0027484078891575336,0.0041706757619977,0.424351776164534
2025-02-06,fold_7,"Inflation bear, AI rally and 2025",0.005118888802826405,1,-0.01269366405904293,-1,-0.01269366405904293,-0.03663138349656947,,,,0,-126.9366405904293,-0.059418000280857086,0.011825453490018845,0.005118888802826405,-1.0898155390432156
2025-02-07,fold_7,"Inflation bear, AI rally and 2025",0.008428801782429218,1,0.012032486498355865,1,0.012032486498355865,-0.024598896998213604,,,,1,120.32486498355865,-0.03972865641117096,0.028708897531032562,0.008428801782429218,1.0036834697670374
2025-02-10,fold_7,"Inflation bear, AI rally and 2025",0.00949294213205576,1,-0.002383588580414653,-1,-0.002383588580414653,-0.026982485578628257,,,,0,-23.83588580414653,-0.020121460780501366,0.018940920010209084,0.00949294213205576,-0.20256088020514224
2025-02-11,fold_7,"Inflation bear, AI rally and 2025",0.010489807464182377,1,0.0005869545857422054,1,0.0005869545857422054,-0.02639553099288605,,,,1,5.869545857422054,-0.021288832649588585,0.021602557972073555,0.010489807464182377,0.04992246657520241
2025-02-12,fold_7,"Inflation bear, AI rally and 2025",0.003267974592745304,1,0.014283265918493271,1,0.014283265918493271,-0.01211226507439278,,,,1,142.8326591849327,-0.04404740035533905,0.016762059181928635,0.003267974592745304,1.2149625157575195
2025-02-13,fold_7,"Inflation bear, AI rally and 2025",-0.003304840996861458,-1,0.004189779050648212,1,-0.004189779050648212,-0.016302044125040993,,,,0,-41.897790506482124,-0.08111356943845749,-0.01849435083568096,-0.003304840996861458,0.3784886720745663
2025-02-14,fold_7,"Inflation bear, AI rally and 2025",-0.008761039935052395,-1,0.002264508744701743,1,-0.002264508744701743,-0.018566552869742736,,,,0,-22.64508744701743,-0.06880053132772446,-0.034558553248643875,-0.008761039935052395,0.20591048791693217
2025-02-18,fold_7,"Inflation bear, AI rally and 2025",-0.001076534390449524,-1,0.0002780499344225973,1,-0.0002780499344225973,-0.018844602804165334,,,,0,-2.780499344225973,-0.05136020854115486,-0.049502383917570114,-0.001076534390449524,0.02685567236901609
2025-02-19,fold_7,"Inflation bear, AI rally and 2025",0.008516217581927776,1,-0.00425354391336441,-1,-0.00425354391336441,-0.023098146717529744,,,,0,-42.535439133644104,-0.022914990782737732,-0.04736772179603577,0.008516217581927776,-0.4141406173823227
2025-02-20,fold_7,"Inflation bear, AI rally and 2025",0.006623848341405392,1,-0.020973144099116325,-1,-0.020973144099116325,-0.04407129081664607,,,,0,-209.73144099116325,0.004281669855117798,-0.07127831876277924,0.006623848341405392,-2.115124717352403
2025-02-21,fold_7,"Inflation bear, AI rally and 2025",0.009466464631259441,1,-0.011874424293637276,-1,-0.011874424293637276,-0.055945715110283345,,,,0,-118.74424293637276,0.006942695006728172,-0.03463706746697426,0.009466464631259441,-1.083570530091159
2025-02-24,fold_7,"Inflation bear, AI rally and 2025",0.006700246594846249,1,-0.012679321691393852,-1,-0.012679321691393852,-0.0686250368016772,,,,0,-126.79321691393852,-0.005195561796426773,-0.04488817974925041,0.006700246594846249,-1.1316524071712148
2025-02-25,fold_7,"Inflation bear, AI rally and 2025",0.007669239304959774,1,0.002412711502984166,1,0.002412711502984166,-0.06621232529869303,,,,1,24.12711502984166,-0.00034237466752529144,-0.035231202840805054,0.007669239304959774,0.2544313760054517
2025-02-26,fold_7,"Inflation bear, AI rally and 2025",0.009537228383123875,1,-0.02816414088010788,-1,-0.02816414088010788,-0.09437646617880091,,,,0,-281.6414088010788,-0.0097379544749856,-0.02469206415116787,0.009537228383123875,-3.1597074203238327
2025-02-27,fold_7,"Inflation bear, AI rally and 2025",0.0011573871597647667,1,0.015668107196688652,1,0.015668107196688652,-0.07870835898211226,,,,1,156.68107196688652,-0.02656460553407669,-0.02442282810807228,0.0011573871597647667,1.436683933453293
2025-02-28,fold_7,"Inflation bear, AI rally and 2025",0.00812209490686655,1,-0.02212553843855858,-1,-0.02212553843855858,-0.10083389742067084,,,,0,-221.25538438558578,-0.019165359437465668,-0.0327642448246479,0.00812209490686655,-1.9382641638574425
2025-03-03,fold_7,"Inflation bear, AI rally and 2025",0.007881938479840755,1,-0.0030223436187952757,-1,-0.0030223436187952757,-0.10385624103946611,,,,0,-30.223436187952757,-0.004103990271687508,-0.05016609653830528,0.007881938479840755,-0.2430142505803539
2025-03-04,fold_7,"Inflation bear, AI rally and 2025",0.02268318459391594,1,0.012951849959790707,1,0.012951849959790707,-0.0909043910796754,,,,1,129.51849959790707,0.020816730335354805,-0.04953701049089432,0.02268318459391594,1.0508624067943906
2025-03-05,fold_7,"Inflation bear, AI rally and 2025",0.01384070236235857,1,-0.02789490483701229,-1,-0.02789490483701229,-0.1187992959166877,,,,0,-278.9490483701229,0.007694140076637268,-0.05127124860882759,0.01384070236235857,-2.2562760531011747
2025-03-06,fold_7,"Inflation bear, AI rally and 2025",0.01209831703454256,1,0.007326692808419466,1,0.007326692808419466,-0.11147260310826823,,,,1,73.26692808419466,0.020318252965807915,-0.04153061285614967,0.01209831703454256,0.530514293447537
2025-03-07,fold_7,"Inflation bear, AI rally and 2025",0.0028507933020591736,1,-0.039527393877506256,-1,-0.039527393877506256,-0.1509999969857745,,,,0,-395.27393877506256,0.01607208140194416,-0.024974392727017403,0.0028507933020591736,-2.8521982387636458
2025-03-10,fold_7,"Inflation bear, AI rally and 2025",0.007851016707718372,1,-0.002393258037045598,-1,-0.002393258037045598,-0.15339325502282009,,,,0,-23.93258037045598,0.02334550954401493,0.021015793085098267,0.007851016707718372,-0.14782092154955517
2025-03-11,fold_7,"Inflation bear, AI rally and 2025",0.0068602608516812325,1,0.011217612773180008,1,0.011217612773180008,-0.14217564224964008,,,,1,112.17612773180008,0.029475247487425804,0.0062147388234734535,0.0068602608516812325,0.7022379003606621
2025-03-12,fold_7,"Inflation bear, AI rally and 2025",0.002551823854446411,1,-0.018154267221689224,-1,-0.018154267221689224,-0.1603299094713293,,,,0,-181.54267221689224,0.013487683609127998,0.008289692923426628,0.002551823854446411,-1.1233351275181127
2025-03-13,fold_7,"Inflation bear, AI rally and 2025",0.0049510253593325615,1,0.0238829106092453,1,0.0238829106092453,-0.136446998862084,,,,1,238.829106092453,0.006138036027550697,0.023048678413033485,0.0049510253593325615,1.433327728065527
2025-03-14,fold_7,"Inflation bear, AI rally and 2025",0.006575082428753376,1,0.006462794728577137,1,0.006462794728577137,-0.12998420413350686,,,,1,64.62794728577137,-0.000970037654042244,0.002457075286656618,0.006575082428753376,0.3756676896084284
2025-03-17,fold_7,"Inflation bear, AI rally and 2025",0.005326283164322376,1,-0.017194312065839767,-1,-0.017194312065839767,-0.14717851619934663,,,,0,-171.94312065839767,-0.009655977599322796,0.017701327800750732,0.005326283164322376,-0.997428633637089
2025-03-18,fold_7,"Inflation bear, AI rally and 2025",0.004739613272249699,1,0.013292566873133183,1,0.013292566873133183,-0.13388594932621345,,,,1,132.92566873133183,-0.0055046044290065765,0.040585990995168686,0.004739613272249699,0.7529097085664618
2025-03-19,fold_7,"Inflation bear, AI rally and 2025",0.005283192731440067,1,-0.0033952805679291487,-1,-0.0033952805679291487,-0.1372812298941426,,,,0,-33.95280567929149,-0.012355591170489788,0.00872135628014803,0.005283192731440067,-0.189645777621097
2025-03-20,fold_7,"Inflation bear, AI rally and 2025",0.0017362730577588081,1,0.0032913063187152147,1,0.0032913063187152147,-0.13398992357542738,,,,1,32.91306318715215,-0.019292861223220825,0.006402337457984686,0.0017362730577588081,0.18393242786491146
2025-03-21,fold_7,"Inflation bear, AI rally and 2025",0.003945699892938137,1,0.021707046777009964,1,0.021707046777009964,-0.11228287679841742,,,,1,217.07046777009964,-0.014798866584897041,-0.023569578304886818,0.003945699892938137,1.2558823168990274
2025-03-24,fold_7,"Inflation bear, AI rally and 2025",0.0022620949894189835,1,0.005690351594239473,1,0.005690351594239473,-0.10659252520417795,,,,1,56.90351594239473,-0.01929355412721634,-0.04531926289200783,0.0022620949894189835,0.32048442258407656
2025-03-25,fold_7,"Inflation bear, AI rally and 2025",0.0016971519216895103,1,-0.018572067841887474,-1,-0.018572067841887474,-0.12516459304606542,,,,0,-185.72067841887474,-0.00897463783621788,-0.04298087954521179,0.0016971519216895103,-1.0568059807657881
2025-03-26,fold_7,"Inflation bear, AI rally and 2025",0.002049061469733715,1,-0.005714299622923136,-1,-0.005714299622923136,-0.13087889266898856,,,,0,-57.14299622923136,-0.002103496342897415,-0.017136819660663605,0.002049061469733715,-0.3165865709902819
2025-03-27,fold_7,"Inflation bear, AI rally and 2025",0.0015206839889287949,1,-0.026680609211325645,-1,-0.026680609211325645,-0.1575595018803142,,,,0,-266.80609211325645,-0.0015923697501420975,-0.06644228845834732,0.0015206839889287949,-1.5728139846911706
2025-03-28,fold_7,"Inflation bear, AI rally and 2025",0.005921347998082638,1,-4.263700975570828e-05,-1,-4.263700975570828e-05,-0.1576021388900699,,,,0,-0.4263700975570828,0.010754166170954704,-0.10388310998678207,0.005921347998082638,-0.002417402521640605
2025-03-31,fold_7,"Inflation bear, AI rally and 2025",0.004658971913158894,1,0.008028735406696796,1,0.008028735406696796,-0.1495734034833731,,,,1,80.28735406696796,0.003341803327202797,-0.10143010318279266,0.004658971913158894,0.4742472209972108
2025-04-01,fold_7,"Inflation bear, AI rally and 2025",0.004654779098927975,1,0.007271991111338139,1,0.007271991111338139,-0.14230141237203497,,,,1,72.71991111338139,0.0024570729583501816,-0.12763145565986633,0.004654779098927975,0.42748922377433163
2025-04-02,fold_7,"Inflation bear, AI rally and 2025",0.004374365322291851,1,-0.055019769817590714,-1,-0.055019769817590714,-0.1973211821896257,,,,0,-550.1976981759071,-0.008790576830506325,-0.021547358483076096,0.004374365322291851,-3.2669603826950797
2025-04-03,fold_7,"Inflation bear, AI rally and 2025",0.0065113240852952,1,-0.06412143260240555,-1,-0.06412143260240555,-0.26144261479203124,,,,0,-641.2143260240555,0.00898333452641964,-0.009990752674639225,0.0065113240852952,-3.2218939204937738
2025-04-04,fold_7,"Inflation bear, AI rally and 2025",0.013464539311826229,1,0.0024103696923702955,1,0.0024103696923702955,-0.25903224509966094,,,,1,24.103696923702955,0.028739599511027336,0.07238619029521942,0.013464539311826229,0.09848710582561052
2025-04-07,fold_7,"Inflation bear, AI rally and 2025",0.013553203083574772,1,-0.01817261427640915,-1,-0.01817261427640915,-0.2772048593760701,,,,0,-181.7261427640915,0.024188892915844917,0.0767311081290245,0.013553203083574772,-0.796046233471477
2025-04-08,fold_7,"Inflation bear, AI rally and 2025",0.012628805823624134,1,0.1133560836315155,1,0.1133560836315155,-0.1638487757445546,,,,1,1133.560836315155,0.026842067018151283,0.09601788967847824,0.012628805823624134,4.889990120928103
2025-04-09,fold_7,"Inflation bear, AI rally and 2025",0.004902024753391743,1,-0.04346316307783127,-1,-0.04346316307783127,-0.20731193882238586,,,,0,-434.6316307783127,-0.009302918799221516,-0.0479557141661644,0.004902024753391743,-1.2687291452129743
2025-04-10,fold_7,"Inflation bear, AI rally and 2025",0.004070882685482502,1,0.01825551502406597,1,0.01825551502406597,-0.18905642379831988,,,,1,182.5551502406597,0.001270543783903122,-0.004672687966376543,0.004070882685482502,0.5160277596305618
2025-04-11,fold_7,"Inflation bear, AI rally and 2025",0.0076123690232634544,1,0.006755282171070576,1,0.006755282171070576,-0.1823011416272493,,,,1,67.55282171070576,-0.002666877582669258,-0.04798625782132149,0.0076123690232634544,0.19186220783259403
2025-04-14,fold_7,"Inflation bear, AI rally and 2025",0.004228646866977215,1,0.0011141699505969882,1,0.0011141699505969882,-0.18118697167665232,,,,1,11.141699505969882,-0.017860429361462593,-0.028828177601099014,0.004228646866977215,0.0316419716434806
2025-04-15,fold_7,"Inflation bear, AI rally and 2025",0.0033014779910445213,1,-0.030617518350481987,-1,-0.030617518350481987,-0.2118044900271343,,,,0,-306.17518350481987,-0.020622162148356438,-0.007517511025071144,0.0033014779910445213,-0.8747330783313502
2025-04-16,fold_7,"Inflation bear, AI rally and 2025",0.0018714452162384987,1,-0.00018013635417446494,-1,-0.00018013635417446494,-0.21198462638130877,,,,0,-1.8013635417446494,-0.024997256696224213,0.05084860697388649,0.0018714452162384987,-0.005068363389150477
2025-04-17,fold_7,"Inflation bear, AI rally and 2025",0.0006375918164849281,1,-0.02505805715918541,-1,-0.02505805715918541,-0.23704268354049418,,,,0,-250.5805715918541,-0.029462041333317757,0.06211496889591217,0.0006375918164849281,-0.7052004373844853
2025-04-21,fold_7,"Inflation bear, AI rally and 2025",0.003147825598716736,1,0.025913363322615623,1,0.025913363322615623,-0.21112932021787856,,,,1,259.13363322615623,-0.02185918390750885,0.08685559034347534,0.003147825598716736,0.720520723984611
2025-04-22,fold_7,"Inflation bear, AI rally and 2025",0.006716827861964703,1,0.022424837574362755,1,0.022424837574362755,-0.1887044826435158,,,,1,224.24837574362755,-0.018398791551589966,0.06752496212720871,0.006716827861964703,0.6211222406699431
2025-04-23,fold_7,"Inflation bear, AI rally and 2025",0.0031796498224139214,1,0.027748601511120796,1,0.027748601511120796,-0.160955881132395,,,,1,277.48601511120796,-0.027522794902324677,0.04497391730546951,0.0031796498224139214,0.7617366307611424
2025-04-24,fold_7,"Inflation bear, AI rally and 2025",0.0012232987210154533,1,0.01108622271567583,1,0.01108622271567583,-0.14986965841671918,,,,1,110.86222715675831,-0.030878540128469467,0.03020145744085312,0.0012232987210154533,0.30192364164997343
2025-04-25,fold_7,"Inflation bear, AI rally and 2025",-0.0003157518804073334,-1,-0.00031743646832183003,-1,0.00031743646832183003,-0.14955222194839735,,,,1,3.1743646832183003,-0.03917115181684494,0.03385004773736,-0.0003157518804073334,-0.008630674926025761
2025-04-28,fold_7,"Inflation bear, AI rally and 2025",0.00299662072211504,1,0.0065827397629618645,1,0.0065827397629618645,-0.14296948218543548,,,,1,65.82739762961864,-0.029862236231565475,0.028217311948537827,0.00299662072211504,0.18137760637662514
2025-04-29,fold_7,"Inflation bear, AI rally and 2025",0.005218173377215862,1,-0.00012620817869901657,-1,-0.00012620817869901657,-0.1430956903641345,,,,0,-1.2620817869901657,-0.017388129606842995,0.012289345264434814,0.005218173377215862,-0.0034746220771629953
2025-04-30,fold_7,"Inflation bear, AI rally and 2025",0.003695352002978325,1,0.012976137921214104,1,0.012976137921214104,-0.1301195524429204,,,,1,129.76137921214104,-0.011156232096254826,0.01633375883102417,0.003695352002978325,0.35768155522795286
2025-05-01,fold_7,"Inflation bear, AI rally and 2025",0.005295432172715664,1,0.014734814874827862,1,0.014734814874827862,-0.11538473756809253,,,,1,147.34814874827862,-0.0017051156610250473,0.013629618100821972,0.005295432172715664,0.40527054453153283
2025-05-02,fold_7,"Inflation bear, AI rally and 2025",0.0025826068595051765,1,-0.005950172431766987,-1,-0.005950172431766987,-0.12133490999985952,,,,0,-59.50172431766987,-0.008915326558053493,-0.0017607435584068298,0.0025826068595051765,-0.17311363003944677
2025-05-05,fold_7,"Inflation bear, AI rally and 2025",0.006556500680744648,1,-0.009345225989818573,-1,-0.009345225989818573,-0.1306801359896781,,,,0,-93.45225989818573,-0.00709743145853281,0.0441216379404068,0.006556500680744648,-0.29888984103191907
2025-05-06,fold_7,"Inflation bear, AI rally and 2025",0.006355085410177708,1,0.003918205387890339,1,0.003918205387890339,-0.12676193060178775,,,,1,39.18205387890339,-0.01748599112033844,0.06859263777732849,0.006355085410177708,0.1250561344734105
2025-05-07,fold_7,"Inflation bear, AI rally and 2025",0.004229762591421604,1,0.010271997191011906,1,0.010271997191011906,-0.11648993341077585,,,,1,102.71997191011906,-0.03163415938615799,0.07064971327781677,0.004229762591421604,0.3305092844591725
2025-05-08,fold_7,"Inflation bear, AI rally and 2025",0.0012321490794420242,1,-0.00065554742468521,-1,-0.00065554742468521,-0.11714548083546106,,,,0,-6.5554742468521,-0.04369647055864334,0.06147606670856476,0.0012321490794420242,-0.036156972066067466
2025-05-09,fold_7,"Inflation bear, AI rally and 2025",-0.0008373595774173737,-1,0.03993220627307892,1,-0.03993220627307892,-0.15707768710853998,,,,0,-399.3220627307892,-0.05352461338043213,0.06647443026304245,-0.0008373595774173737,2.6088471223946046
2025-05-12,fold_7,"Inflation bear, AI rally and 2025",-0.0030800867825746536,-1,0.01512577198445797,1,-0.01512577198445797,-0.17220345909299795,,,,0,-151.2577198445797,-0.05735696107149124,0.027500687167048454,-0.0030800867825746536,0.8771644078400747
2025-05-13,fold_7,"Inflation bear, AI rally and 2025",-0.005414011422544718,-1,0.005975283216685057,1,-0.005975283216685057,-0.178178742309683,,,,0,-59.75283216685057,-0.05997135490179062,0.009036059491336346,-0.005414011422544718,0.34129920720393586
2025-05-14,fold_7,"Inflation bear, AI rally and 2025",-0.004244231153279543,-1,0.0010983524844050407,1,-0.0010983524844050407,-0.17927709479408804,,,,0,-10.983524844050407,-0.048406023532152176,-0.010933410376310349,-0.004244231153279543,0.06256064208819194
2025-05-15,fold_7,"Inflation bear, AI rally and 2025",-0.003931384067982435,-1,0.004342813044786453,1,-0.004342813044786453,-0.1836199078388745,,,,0,-43.42813044786453,-0.05646582692861557,-0.010162297636270523,-0.003931384067982435,0.26859577139762664
2025-05-16,fold_7,"Inflation bear, AI rally and 2025",0.004347420297563076,1,0.0009584668441675603,1,0.0009584668441675603,-0.18266144099470694,,,,1,9.584668441675603,-0.041002824902534485,-0.023808997124433517,0.004347420297563076,0.059173135968984825
2025-05-19,fold_7,"Inflation bear, AI rally and 2025",-4.0158629417419434e-05,-1,-0.00333885638974607,-1,0.00333885638974607,-0.17932258460496087,,,,1,33.3885638974607,-0.0573124885559082,-0.0015147612430155277,-4.0158629417419434e-05,-0.21967344676553358
2025-05-20,fold_7,"Inflation bear, AI rally and 2025",0.00044242013245821,1,-0.01399418618530035,-1,-0.01399418618530035,-0.19331677079026122,,,,0,-139.9418618530035,-0.04520484432578087,-0.002617579186335206,0.00044242013245821,-0.9945301163410145
2025-05-21,fold_7,"Inflation bear, AI rally and 2025",-0.001322365365922451,-1,0.0018694656901061535,1,-0.0018694656901061535,-0.19518623648036737,,,,0,-18.694656901061535,-0.04692254960536957,0.013340315781533718,-0.001322365365922451,0.13832889935319634
2025-05-22,fold_7,"Inflation bear, AI rally and 2025",-0.0013334499672055244,-1,-0.009303887374699116,-1,0.009303887374699116,-0.18588234910566825,,,,1,93.03887374699116,-0.035345353186130524,0.009892607107758522,-0.0013334499672055244,-0.774461020632546
2025-05-23,fold_7,"Inflation bear, AI rally and 2025",-0.0021462710574269295,-1,0.0232527032494545,1,-0.0232527032494545,-0.20913505235512275,,,,0,-232.52703249454498,-0.03531686216592789,0.027063505724072456,-0.0021462710574269295,1.9478699600537477
2025-05-27,fold_7,"Inflation bear, AI rally and 2025",0.004529901780188084,1,-0.004441674333065748,-1,-0.004441674333065748,-0.2135767266881885,,,,0,-44.41674333065748,-0.02379142865538597,0.011597446165978909,0.004529901780188084,-0.34112939391963787
2025-05-28,fold_7,"Inflation bear, AI rally and 2025",-0.012018063105642796,-1,0.0019637085497379303,1,-0.0019637085497379303,-0.21554043523792643,,,,0,-19.637085497379303,-0.03822312504053116,0.018823090940713882,-0.012018063105642796,0.15134440968446183
2025-05-29,fold_7,"Inflation bear, AI rally and 2025",-0.001879948191344738,-1,-0.0015782431000843644,-1,0.0015782431000843644,-0.21396219213784207,,,,1,15.782431000843644,-0.0453789085149765,0.009304034523665905,-0.001879948191344738,-0.12156701262634625
2025-05-30,fold_7,"Inflation bear, AI rally and 2025",-0.011218216270208359,-1,0.007867010310292244,1,-0.007867010310292244,-0.2218292024481343,,,,0,-78.67010310292244,-0.0458780936896801,0.02061014249920845,-0.011218216270208359,0.62145509353276
2025-06-02,fold_7,"Inflation bear, AI rally and 2025",-0.0027880538254976273,-1,0.007786644622683525,1,-0.007786644622683525,-0.22961584707081784,,,,0,-77.86644622683525,-0.040617384016513824,0.014214090071618557,-0.0027880538254976273,0.630565866011398
2025-06-03,fold_7,"Inflation bear, AI rally and 2025",-0.007371516432613134,-1,0.0027839706744998693,1,-0.0027839706744998693,-0.2323998177453177,,,,0,-27.839706744998693,-0.03539120405912399,0.013019595295190811,-0.007371516432613134,0.22452047709836354
2025-06-04,fold_7,"Inflation bear, AI rally and 2025",-0.006332398392260075,-1,-0.0075553483329713345,-1,0.0075553483329713345,-0.22484446941234637,,,,1,75.55348332971334,-0.01972273550927639,0.006860374938696623,-0.006332398392260075,-0.617361654631516
2025-06-05,fold_7,"Inflation bear, AI rally and 2025",-0.009908236563205719,-1,0.009727864526212215,1,-0.009727864526212215,-0.23457233393855859,,,,0,-97.27864526212215,-0.00930495373904705,0.01676086150109768,-0.009908236563205719,0.7894022209341992
2025-06-06,fold_7,"Inflation bear, AI rally and 2025",-0.0041677928529679775,-1,0.001470958348363638,1,-0.001470958348363638,-0.23604329228692222,,,,0,-14.70958348363638,0.004023844376206398,-0.00560140423476696,-0.0041677928529679775,0.11958058444466334
2025-06-09,fold_7,"Inflation bear, AI rally and 2025",-0.016622092574834824,-1,0.006592150311917067,1,-0.006592150311917067,-0.2426354425988393,,,,0,-65.92150311917067,0.009752241894602776,0.0067417314276099205,-0.016622092574834824,0.5357510440066177
2025-06-10,fold_7,"Inflation bear, AI rally and 2025",-0.008260220289230347,-1,-0.003375249681994319,-1,0.003375249681994319,-0.23926019291684497,,,,1,33.75249681994319,0.01797112636268139,-0.009649480693042278,-0.008260220289230347,-0.3927775601112056
2025-06-11,fold_7,"Inflation bear, AI rally and 2025",-0.010611772537231445,-1,0.002345137996599078,1,-0.002345137996599078,-0.24160533091344405,,,,0,-23.451379965990782,0.019600318744778633,-0.0064444150775671005,-0.010611772537231445,0.2955188983284086
2025-06-12,fold_7,"Inflation bear, AI rally and 2025",-0.0020463885739445686,-1,-0.012634401209652424,-1,0.012634401209652424,-0.22897092970379163,,,,1,126.34401209652424,0.032084643840789795,-0.012881052680313587,-0.0020463885739445686,-1.6115450914958678
2025-06-13,fold_7,"Inflation bear, AI rally and 2025",-0.00033242814242839813,-1,0.013814094476401806,1,-0.013814094476401806,-0.24278502418019343,,,,0,-138.14094476401806,0.04298914223909378,0.009983260184526443,-0.00033242814242839813,1.658394163013713
2025-06-16,fold_7,"Inflation bear, AI rally and 2025",0.008703959174454212,1,-0.00979906227439642,-1,-0.00979906227439642,-0.25258408645458985,,,,0,-97.9906227439642,0.03786887228488922,0.011345419101417065,0.008703959174454212,-1.109638710114522
2025-06-17,fold_7,"Inflation bear, AI rally and 2025",0.011264395900070667,1,-0.00017018403741531074,-1,-0.00017018403741531074,-0.25275427049200516,,,,0,-1.7018403741531074,0.014049181714653969,0.02369767054915428,0.011264395900070667,-0.018709541966715384
2025-06-18,fold_7,"Inflation bear, AI rally and 2025",0.01096238475292921,1,-0.004091499838978052,-1,-0.004091499838978052,-0.2568457703309832,,,,0,-40.91499838978052,0.00813516415655613,0.03317466005682945,0.01096238475292921,-0.45132657086905426
2025-06-20,fold_7,"Inflation bear, AI rally and 2025",0.004946834407746792,1,0.010229912586510181,1,0.010229912586510181,-0.24661585774447303,,,,1,102.29912586510181,0.007585024461150169,0.04068398103117943,0.004946834407746792,1.1954519155541303
2025-06-23,fold_7,"Inflation bear, AI rally and 2025",0.0057941218838095665,1,0.015176253393292427,1,0.015176253393292427,-0.2314396043511806,,,,1,151.76253393292427,0.008660176768898964,0.03691010922193527,0.0057941218838095665,1.7152282168837871
2025-06-24,fold_7,"Inflation bear, AI rally and 2025",-0.01203840970993042,-1,0.002553190104663372,1,-0.002553190104663372,-0.23399279445584398,,,,0,-25.53190104663372,-0.0014096759259700775,0.01326880045235157,-0.01203840970993042,0.2761633476020483
2025-06-25,fold_7,"Inflation bear, AI rally and 2025",0.0050673289224505424,1,0.009306803345680237,1,0.009306803345680237,-0.22468599111016374,,,,1,93.06803345680237,0.015393251553177834,0.0176568441092968,0.0050673289224505424,1.2140570495435146
2025-06-26,fold_7,"Inflation bear, AI rally and 2025",0.0028636520728468895,1,0.0034178236965090036,1,0.0034178236965090036,-0.22126816741365474,,,,1,34.178236965090036,0.009571129456162453,0.018142199143767357,0.0028636520728468895,0.4336796183005765
2025-06-27,fold_7,"Inflation bear, AI rally and 2025",0.0072866203263401985,1,0.006456038448959589,1,0.006456038448959589,-0.21481212896469515,,,,1,64.56038448959589,0.013938980177044868,0.007162868976593018,0.0072866203263401985,0.8166233479195625
2025-06-30,fold_7,"Inflation bear, AI rally and 2025",0.006331981159746647,1,-0.008465055376291275,-1,-0.008465055376291275,-0.22327718434098642,,,,0,-84.65055376291275,0.02361658774316311,0.0012683197855949402,0.006331981159746647,-1.0543437575637744
2025-07-01,fold_7,"Inflation bear, AI rally and 2025",0.0034867292270064354,1,0.006941234227269888,1,0.006941234227269888,-0.21633595011371654,,,,1,69.41234227269888,0.04239114373922348,0.016787249594926834,0.0034867292270064354,0.8612915520447721
2025-07-02,fold_7,"Inflation bear, AI rally and 2025",0.0023853564634919167,1,0.009792158380150795,1,0.009792158380150795,-0.20654379173356574,,,,1,97.92158380150795,0.04850606620311737,0.00840685609728098,0.0023853564634919167,1.2209093004921368
2025-07-03,fold_7,"Inflation bear, AI rally and 2025",-0.0011834334582090378,-1,-0.007561507169157267,-1,0.007561507169157267,-0.19898228456440847,,,,1,75.61507169157267,0.04285471886396408,-0.003638129448518157,-0.0011834334582090378,-0.912062731944434
2025-07-07,fold_7,"Inflation bear, AI rally and 2025",0.0050160521641373634,1,0.0005614891997538507,1,0.0005614891997538507,-0.19842079536465462,,,,1,5.614891997538507,0.047677747905254364,0.007543554063886404,0.0050160521641373634,0.06772407021490523
2025-07-08,fold_7,"Inflation bear, AI rally and 2025",0.0073556723073124886,1,0.007053874898701906,1,0.007053874898701906,-0.19136692046595272,,,,1,70.53874898701906,0.03718569874763489,0.007898572832345963,0.0073556723073124886,0.8815816587750563
2025-07-09,fold_7,"Inflation bear, AI rally and 2025",0.003014194779098034,1,-0.0014391591539606452,-1,-0.0014391591539606452,-0.19280607961991336,,,,0,-14.391591539606452,0.026203935965895653,0.0018679917557165027,0.003014194779098034,-0.17661141588879875
2025-07-10,fold_7,"Inflation bear, AI rally and 2025",0.006505600176751614,1,-0.0022528269328176975,-1,-0.0022528269328176975,-0.19505890655273106,,,,0,-22.528269328176975,0.0030433833599090576,0.011367371305823326,0.006505600176751614,-0.2808745383451295
2025-07-11,fold_7,"Inflation bear, AI rally and 2025",0.003110497258603573,1,0.003620176576077938,1,0.003620176576077938,-0.19143872997665312,,,,1,36.20176576077938,0.005316879600286484,0.012658500112593174,0.003110497258603573,0.4524629565912329
2025-07-14,fold_7,"Inflation bear, AI rally and 2025",0.005908760242164135,1,0.0009165076771751046,1,0.0009165076771751046,-0.19052222229947802,,,,1,9.165076771751046,0.0022344402968883514,0.014209684915840626,0.005908760242164135,0.11420975350014795
2025-07-15,fold_7,"Inflation bear, AI rally and 2025",0.006500051356852055,1,0.0010232938220724463,1,0.0010232938220724463,-0.18949892847740557,,,,1,10.232938220724463,0.0012390408664941788,0.008103914558887482,0.006500051356852055,0.13618806482870882
2025-07-16,fold_7,"Inflation bear, AI rally and 2025",0.009843668900430202,1,0.008060220628976822,1,0.008060220628976822,-0.18143870784842875,,,,1,80.60220628976822,0.005661187693476677,0.011631511151790619,0.009843668900430202,1.1760979880152769
2025-07-17,fold_7,"Inflation bear, AI rally and 2025",0.005740211345255375,1,-0.0009616987663321197,-1,-0.0009616987663321197,-0.18240040661476087,,,,0,-9.616987663321197,0.002725975587964058,0.005697506945580244,0.005740211345255375,-0.14270382450815308
2025-07-18,fold_7,"Inflation bear, AI rally and 2025",0.011402701027691364,1,0.005171361844986677,1,0.005171361844986677,-0.1772290447697742,,,,1,51.71361844986677,0.010174591094255447,0.00906337145715952,0.011402701027691364,0.7669859185624802
2025-07-21,fold_7,"Inflation bear, AI rally and 2025",0.006064063869416714,1,-0.005189262330532074,-1,-0.005189262330532074,-0.18241830710030627,,,,0,-51.89262330532074,0.012685412541031837,0.007012150716036558,0.006064063869416714,-0.7654419130645659
2025-07-22,fold_7,"Inflation bear, AI rally and 2025",0.008233985863626003,1,0.004550890065729618,1,0.004550890065729618,-0.17786741703457665,,,,1,45.50890065729618,0.014930622652173042,0.0106513611972332,0.008233985863626003,0.7015949302939439
2025-07-23,fold_7,"Inflation bear, AI rally and 2025",0.004783484153449535,1,0.0021262161899358034,1,0.0021262161899358034,-0.17574120084464084,,,,1,21.262161899358034,0.004881167784333229,0.007439480163156986,0.004783484153449535,0.37827171020139594
2025-07-24,fold_7,"Inflation bear, AI rally and 2025",0.00521556381136179,1,0.002404165454208851,1,0.002404165454208851,-0.173337035390432,,,,1,24.04165454208851,0.007402857765555382,0.0,0.00521556381136179,0.4283990359534204
2025-07-25,fold_7,"Inflation bear, AI rally and 2025",0.006738719530403614,1,0.0031201415695250034,1,0.0031201415695250034,-0.170216893820907,,,,1,31.201415695250034,0.005321754142642021,-0.022299613803625107,0.006738719530403614,0.595502653685041
2025-07-28,fold_7,"Inflation bear, AI rally and 2025",0.006752270273864269,1,-0.0015500520821660757,-1,-0.0015500520821660757,-0.17176694590307306,,,,0,-15.500520821660757,0.006677411496639252,-0.007136274129152298,0.006752270273864269,-0.2963649319322456
2025-07-29,fold_7,"Inflation bear, AI rally and 2025",0.008077344857156277,1,0.001339009148068726,1,0.001339009148068726,-0.17042793675500434,,,,1,13.39009148068726,0.012937931343913078,-0.012398889288306236,0.008077344857156277,0.26573052952608295
2025-07-30,fold_7,"Inflation bear, AI rally and 2025",0.009526410140097141,1,-0.005313263740390539,-1,-0.005313263740390539,-0.17574120049539488,,,,0,-53.13263740390539,0.002092178910970688,-0.0012331786565482616,0.009526410140097141,-1.1354257306530724
2025-07-31,fold_7,"Inflation bear, AI rally and 2025",0.00926594715565443,1,-0.01989544928073883,-1,-0.01989544928073883,-0.1956366497761337,,,,0,-198.9544928073883,0.0040051694959402084,0.00745871476829052,0.00926594715565443,-4.351860117887104
2025-08-01,fold_7,"Inflation bear, AI rally and 2025",0.011383897624909878,1,0.018283480778336525,1,0.018283480778336525,-0.17735316899779718,,,,1,182.83480778336525,0.010486232116818428,0.03663913160562515,0.011383897624909878,3.051587052731937
2025-08-04,fold_7,"Inflation bear, AI rally and 2025",0.00461431872099638,1,-0.006812667474150658,-1,-0.006812667474150658,-0.18416583647194784,,,,0,-68.12667474150658,-0.0038593001663684845,0.015392293222248554,0.00461431872099638,-0.9658439511808814
2025-08-05,fold_7,"Inflation bear, AI rally and 2025",0.006640198640525341,1,0.012504720129072666,1,0.012504720129072666,-0.17166111634287518,,,,1,125.04720129072666,-0.007095299661159515,0.03469543159008026,0.006640198640525341,1.7331264565623796
2025-08-06,fold_7,"Inflation bear, AI rally and 2025",0.0024422919377684593,1,0.0033786294516175985,1,0.0033786294516175985,-0.16828248689125758,,,,1,33.786294516175985,-0.012620646506547928,0.0226906705647707,0.0024422919377684593,0.44599293756289404
2025-08-07,fold_7,"Inflation bear, AI rally and 2025",0.0015872791409492493,1,0.009284966625273228,1,0.009284966625273228,-0.15899752026598435,,,,1,92.84966625273228,-0.020609024912118912,0.01853628270328045,0.0015872791409492493,1.2206949690026645
2025-08-08,fold_7,"Inflation bear, AI rally and 2025",0.0030314670875668526,1,-0.002963355975225568,-1,-0.002963355975225568,-0.16196087624120992,,,,0,-29.633559752255678,-0.013591693714261055,0.004844300914555788,0.0030314670875668526,-0.3766124078785977
2025-08-11,fold_7,"Inflation bear, AI rally and 2025",0.003580165095627308,1,0.012490469962358475,1,0.012490469962358475,-0.14947040627885144,,,,1,124.90469962358475,-0.01601583883166313,0.007409026846289635,0.003580165095627308,1.5901907501999453
2025-08-12,fold_7,"Inflation bear, AI rally and 2025",0.005245468579232693,1,0.0004999605007469654,1,0.0004999605007469654,-0.14897044577810448,,,,1,4.999605007469654,-0.016711004078388214,-0.018741806969046593,0.005245468579232693,0.059990749109096714
2025-08-13,fold_7,"Inflation bear, AI rally and 2025",0.0036699315533041954,1,-0.000775758468080312,-1,-0.000775758468080312,-0.1497462042461848,,,,0,-7.75758468080312,-0.014518426731228828,-0.02519688941538334,0.0036699315533041954,-0.09311073597075677
2025-08-14,fold_7,"Inflation bear, AI rally and 2025",0.0052666934207081795,1,-0.004407014697790146,-1,-0.004407014697790146,-0.15415321894397493,,,,0,-44.07014697790146,-0.0075462376698851585,-0.029061537235975266,0.0052666934207081795,-0.5416591906536531
2025-08-15,fold_7,"Inflation bear, AI rally and 2025",0.0062209004536271095,1,-0.0003986301308032125,-1,-0.0003986301308032125,-0.15455184907477815,,,,0,-3.9863013080321252,-0.0038550253957509995,-0.00934495497494936,0.0062209004536271095,-0.04865628722997111
2025-08-18,fold_7,"Inflation bear, AI rally and 2025",0.004543189890682697,1,-0.013660364784300327,-1,-0.013660364784300327,-0.16821221385907847,,,,0,-136.60364784300327,-0.008235223591327667,-0.011835196986794472,0.004543189890682697,-1.68412534415897
2025-08-19,fold_7,"Inflation bear, AI rally and 2025",0.005991595797240734,1,-0.005955122411251068,-1,-0.005955122411251068,-0.17416733627032954,,,,0,-59.55122411251068,-0.008092941716313362,0.005832357332110405,0.005991595797240734,-0.6933178700891818
2025-08-20,fold_7,"Inflation bear, AI rally and 2025",0.00400147307664156,1,-0.004640405066311359,-1,-0.004640405066311359,-0.1788077413366409,,,,0,-46.404050663113594,-0.007493234239518642,0.013323167338967323,0.00400147307664156,-0.5375727616004295
2025-08-21,fold_7,"Inflation bear, AI rally and 2025",0.007058030925691128,1,0.01530956756323576,1,0.01530956756323576,-0.16349817377340514,,,,1,153.0956756323576,-0.001071671023964882,0.024203982204198837,0.007058030925691128,1.7635160886517867
2025-08-22,fold_7,"Inflation bear, AI rally and 2025",0.0046737054362893105,1,-0.0028888722881674767,-1,-0.0028888722881674767,-0.16638704606157262,,,,0,-28.888722881674767,-0.007035187445580959,-0.0027484886813908815,0.0046737054362893105,-0.31008575290815854
2025-08-25,fold_7,"Inflation bear, AI rally and 2025",0.0027339328080415726,1,0.004007190000265837,1,0.004007190000265837,-0.16237985606130678,,,,1,40.07190000265837,-0.0037885941565036774,-0.008275248110294342,0.0027339328080415726,0.43029600122841694
2025-08-26,fold_7,"Inflation bear, AI rally and 2025",0.005671660415828228,1,0.001535687712021172,1,0.001535687712021172,-0.1608441683492856,,,,1,15.35687712021172,-0.007590139284729958,-0.0044456529431045055,0.005671660415828228,0.16425835506509845
2025-08-27,fold_7,"Inflation bear, AI rally and 2025",-0.0012516779825091362,-1,0.006240409333258867,1,-0.006240409333258867,-0.16708457768254448,,,,0,-62.40409333258867,-0.013754917308688164,0.003029386978596449,-0.0012516779825091362,0.667371148535967
2025-08-28,fold_7,"Inflation bear, AI rally and 2025",0.0005777254700660706,1,-0.011642903089523315,-1,-0.011642903089523315,-0.1787274807720678,,,,0,-116.42903089523315,-0.017936663702130318,-0.0017690984532237053,0.0005777254700660706,-1.241336584782596
2025-08-29,fold_7,"Inflation bear, AI rally and 2025",0.008664795197546482,1,-0.00841563194990158,-1,-0.00841563194990158,-0.18714311272196937,,,,0,-84.15631949901581,0.0064438264816999435,0.01473993994295597,0.008664795197546482,-0.9720242852407744
2025-09-02,fold_7,"Inflation bear, AI rally and 2025",0.012373707257211208,1,0.007836785167455673,1,0.007836785167455673,-0.1793063275545137,,,,1,78.36785167455673,0.0058833155781030655,0.025984633713960648,0.012373707257211208,0.9970023351283237
2025-09-03,fold_7,"Inflation bear, AI rally and 2025",0.0024257441982626915,1,0.009010727517306805,1,0.009010727517306805,-0.1702956000372069,,,,1,90.10727517306805,-0.003388918936252594,0.018475046381354332,0.0024257441982626915,1.1394559757618208
2025-09-04,fold_7,"Inflation bear, AI rally and 2025",0.004741904325783253,1,0.0014419236686080694,1,0.0014419236686080694,-0.16885367636859883,,,,1,14.419236686080694,-0.0062086936086416245,0.015268106013536453,0.004741904325783253,0.18807909607239273
2025-09-05,fold_7,"Inflation bear, AI rally and 2025",0.008877369575202465,1,0.004866134840995073,1,0.004866134840995073,-0.16398754152760375,,,,1,48.66134840995073,-0.005120811052620411,0.01823362335562706,0.008877369575202465,0.6372558726449794
2025-09-08,fold_7,"Inflation bear, AI rally and 2025",0.0012864116579294205,1,0.002829062519595027,1,0.002829062519595027,-0.16115847900800873,,,,1,28.29062519595027,0.002969851717352867,0.02188795804977417,0.0012864116579294205,0.38083729456508125
2025-09-09,fold_7,"Inflation bear, AI rally and 2025",0.005144733004271984,1,0.0003271980385761708,1,0.0003271980385761708,-0.16083128096943256,,,,1,3.271980385761708,0.005756061524152756,0.018213454633951187,0.005144733004271984,0.04406164831320266
2025-09-10,fold_7,"Inflation bear, AI rally and 2025",0.003056255169212818,1,0.005803787149488926,1,0.005803787149488926,-0.15502749381994363,,,,1,58.03787149488926,-0.0031787604093551636,0.01588842086493969,0.003056255169212818,0.8434438852361171
2025-09-11,fold_7,"Inflation bear, AI rally and 2025",0.0006108488887548447,1,0.004407439846545458,1,0.004407439846545458,-0.15062005397339817,,,,1,44.07439846545458,-0.016522005200386047,0.019061127677559853,0.0006108488887548447,0.6295015227957373
2025-09-12,fold_7,"Inflation bear, AI rally and 2025",0.008158496581017971,1,0.00852047000080347,1,0.00852047000080347,-0.1420995839725947,,,,1,85.2047000080347,-0.008165930397808552,0.021400216966867447,0.008158496581017971,1.2054363075401078
2025-09-15,fold_7,"Inflation bear, AI rally and 2025",0.004833660088479519,1,-0.0008454403723590076,-1,-0.0008454403723590076,-0.1429450243449537,,,,0,-8.454403723590076,-0.00026943907141685486,0.01878230646252632,0.004833660088479519,-0.11654796916406615
2025-09-16,fold_7,"Inflation bear, AI rally and 2025",0.0071340082213282585,1,-0.0019978368654847145,-1,-0.0019978368654847145,-0.14494286121043842,,,,0,-19.978368654847145,0.0025058817118406296,0.012963303364813328,0.0071340082213282585,-0.2753385942654289
2025-09-17,fold_7,"Inflation bear, AI rally and 2025",0.00220596045255661,1,0.008976494893431664,1,0.008976494893431664,-0.13596636631700676,,,,1,89.76494893431664,-0.0014389436691999435,0.01144441682845354,0.00220596045255661,1.3607346414331145
2025-09-18,fold_7,"Inflation bear, AI rally and 2025",0.007582380436360836,1,0.006746530067175627,1,0.006746530067175627,-0.12921983624983113,,,,1,67.46530067175627,-0.010867320001125336,-0.001852678949944675,0.007582380436360836,0.9971799293033602
2025-09-19,fold_7,"Inflation bear, AI rally and 2025",0.008760537020862103,1,0.005902559962123632,1,0.005902559962123632,-0.1233172762877075,,,,1,59.025599621236324,-0.005959345027804375,-0.004496766719967127,0.008760537020862103,0.8612280707817476
2025-09-22,fold_7,"Inflation bear, AI rally and 2025",0.004981697537004948,1,-0.00666444469243288,-1,-0.00666444469243288,-0.12998172098014038,,,,0,-66.6444469243288,-0.016521304845809937,-0.005778889171779156,0.004981697537004948,-1.095695263592265
2025-09-23,fold_7,"Inflation bear, AI rally and 2025",0.007522040046751499,1,-0.003516722936183214,-1,-0.003516722936183214,-0.1334984439163236,,,,0,-35.16722936183214,-0.019444508478045464,0.0036210042890161276,0.007522040046751499,-0.5645837122021672
2025-09-24,fold_7,"Inflation bear, AI rally and 2025",0.009628473781049252,1,-0.004320601467043161,-1,-0.004320601467043161,-0.13781904538336676,,,,0,-43.206014670431614,-0.03249843418598175,0.011923212558031082,0.009628473781049252,-0.6952956867216374
2025-09-25,fold_7,"Inflation bear, AI rally and 2025",0.004544907249510288,1,0.004102441947907209,1,0.004102441947907209,-0.13371660343545955,,,,1,41.024419479072094,-0.03102569468319416,0.02034645900130272,0.004544907249510288,0.6533257981723073
2025-09-26,fold_7,"Inflation bear, AI rally and 2025",0.009060383774340153,1,0.0046204375103116035,1,0.0046204375103116035,-0.12909616592514794,,,,1,46.204375103116035,-0.02858784794807434,0.012025424279272556,0.009060383774340153,0.746356600807675
2025-09-29,fold_7,"Inflation bear, AI rally and 2025",0.003259764052927494,1,0.002735448768362403,1,0.002735448768362403,-0.12636071715678554,,,,1,27.35448768362403,-0.024080535396933556,0.014887053519487381,0.003259764052927494,0.4789916015347059
2025-09-30,fold_7,"Inflation bear, AI rally and 2025",0.0024899886921048164,1,0.004785485565662384,1,0.004785485565662384,-0.12157523159112316,,,,1,47.85485565662384,-0.010458231903612614,0.006872063037008047,0.0024899886921048164,0.881875034282518
2025-10-01,fold_7,"Inflation bear, AI rally and 2025",0.0012745512649416924,1,0.004102644510567188,1,0.004102644510567188,-0.11747258708055597,,,,1,41.02644510567188,-0.012290151789784431,0.01348517369478941,0.0012745512649416924,0.7820441076156708
2025-10-02,fold_7,"Inflation bear, AI rally and 2025",0.002729504369199276,1,-0.004218591842800379,-1,-0.004218591842800379,-0.12169117892335635,,,,0,-42.18591842800379,-0.011261511594057083,0.008171569555997849,0.002729504369199276,-0.8557317218921436
2025-10-03,fold_7,"Inflation bear, AI rally and 2025",0.00329417921602726,1,0.007482066750526428,1,0.007482066750526428,-0.11420911217282992,,,,1,74.82066750526428,-0.008189994841814041,-0.02294095605611801,0.00329417921602726,1.4937609204365878
2025-10-06,fold_7,"Inflation bear, AI rally and 2025",0.0026925168931484222,1,-0.005279541946947575,-1,-0.005279541946947575,-0.1194886541197775,,,,0,-52.795419469475746,-0.01451089046895504,-0.00942372065037489,0.0026925168931484222,-1.0216646254540132
2025-10-07,fold_7,"Inflation bear, AI rally and 2025",0.001986658200621605,1,0.01139859575778246,1,0.01139859575778246,-0.10809005836199503,,,,1,113.98595757782459,-0.017318163067102432,-0.010827412828803062,0.001986658200621605,2.165864902452659
2025-10-08,fold_7,"Inflation bear, AI rally and 2025",0.005365894176065922,1,-0.0012109596282243729,-1,-0.0012109596282243729,-0.1093010179902194,,,,0,-12.109596282243729,-0.024585437029600143,-0.015193992294371128,0.005365894176065922,-0.20710450937279112
2025-10-09,fold_7,"Inflation bear, AI rally and 2025",0.006159068085253239,1,-0.0353311188519001,-1,-0.0353311188519001,-0.1446321368421195,,,,0,-353.311188519001,-0.017679668962955475,-0.01769283600151539,0.006159068085253239,-6.190099209469844
2025-10-10,fold_7,"Inflation bear, AI rally and 2025",0.009383483789861202,1,0.020999303087592125,1,0.020999303087592125,-0.12363283375452738,,,,1,209.99303087592125,0.015239087864756584,0.024183519184589386,0.009383483789861202,2.1656736954973526
2025-10-13,fold_7,"Inflation bear, AI rally and 2025",0.007599608041346073,1,-0.006683234125375748,-1,-0.006683234125375748,-0.13031606787990313,,,,0,-66.83234125375748,0.005906365811824799,0.01570628583431244,0.007599608041346073,-0.6302711987652501
2025-10-14,fold_7,"Inflation bear, AI rally and 2025",0.004528510384261608,1,0.007032016292214394,1,0.007032016292214394,-0.12328405158768874,,,,1,70.32016292214394,-0.0034932419657707214,0.022127928212285042,0.004528510384261608,0.656776523455626
2025-10-15,fold_7,"Inflation bear, AI rally and 2025",0.0017313240095973015,1,-0.0037098024040460587,-1,-0.0037098024040460587,-0.1269938539917348,,,,0,-37.09802404046059,-0.005626672878861427,0.005415184423327446,0.0017313240095973015,-0.3431036216291272
2025-10-16,fold_7,"Inflation bear, AI rally and 2025",0.0038150381296873093,1,0.006545236799865961,1,0.006545236799865961,-0.12044861719186883,,,,1,65.45236799865961,-0.008825313299894333,0.017496326938271523,0.0038150381296873093,0.6141795166647341
2025-10-17,fold_7,"Inflation bear, AI rally and 2025",0.003057231195271015,1,0.012522069737315178,1,0.012522069737315178,-0.10792654745455366,,,,1,125.22069737315178,-0.012295941822230816,0.021572764962911606,0.003057231195271015,1.1757149166181942
2025-10-20,fold_7,"Inflation bear, AI rally and 2025",-0.005772121716290712,-1,-0.00026159174740314484,-1,0.00026159174740314484,-0.10766495570715051,,,,1,2.6159174740314484,-0.03536958619952202,0.02670317515730858,-0.005772121716290712,-0.023926513409431638
2025-10-21,fold_7,"Inflation bear, AI rally and 2025",0.00341985747218132,1,-0.009680728428065777,-1,-0.009680728428065777,-0.11734568413521629,,,,0,-96.80728428065777,-0.03083270788192749,0.03462529554963112,0.00341985747218132,-0.8937772036216127
2025-10-22,fold_7,"Inflation bear, AI rally and 2025",-0.002043801359832287,-1,0.008371341042220592,1,-0.008371341042220592,-0.12571702517743688,,,,0,-83.71341042220592,-0.025696663185954094,0.04879889264702797,-0.002043801359832287,0.7598277720253334
2025-10-23,fold_7,"Inflation bear, AI rally and 2025",0.0016107428818941116,1,0.010621673427522182,1,0.010621673427522182,-0.1150953517499147,,,,1,106.21673427522182,-0.024016808718442917,0.025020860135555267,0.0016107428818941116,0.9540309455168327
2025-10-24,fold_7,"Inflation bear, AI rally and 2025",0.0008447840809822083,1,0.01765247993171215,1,0.01765247993171215,-0.09744287181820255,,,,1,176.5247993171215,-0.0250429417937994,0.019211603328585625,0.0008447840809822083,1.5557006495301577
2025-10-27,fold_7,"Inflation bear, AI rally and 2025",0.0014135465025901794,1,0.007660527713596821,1,0.007660527713596821,-0.08978234410460573,,,,1,76.60527713596821,-0.03437519446015358,0.006332420278340578,0.0014135465025901794,0.6400089901114824
2025-10-28,fold_7,"Inflation bear, AI rally and 2025",-0.00034534838050603867,-1,0.004492870531976223,1,-0.004492870531976223,-0.09427521463658195,,,,0,-44.92870531976223,-0.0394294448196888,-0.021835021674633026,-0.00034534838050603867,0.37205342136019226
2025-10-29,fold_7,"Inflation bear, AI rally and 2025",-0.003822673112154007,-1,-0.015406693331897259,-1,0.015406693331897259,-0.07886852130468469,,,,1,154.0669333189726,-0.033221885561943054,-0.019840959459543228,-0.003822673112154007,-1.2764184630714328
2025-10-30,fold_7,"Inflation bear, AI rally and 2025",-0.0007987478747963905,-1,0.00481241662055254,1,-0.00481241662055254,-0.08368093792523723,,,,0,-48.1241662055254,-0.03546300530433655,-0.02323727495968342,-0.0007987478747963905,0.3844184108543597
2025-10-31,fold_7,"Inflation bear, AI rally and 2025",-0.0018095793202519417,-1,0.004773298278450966,1,-0.004773298278450966,-0.0884542362036882,,,,0,-47.73298278450966,-0.036192189902067184,-0.03121001087129116,-0.0018095793202519417,0.3809678203254386
2025-11-03,fold_7,"Inflation bear, AI rally and 2025",-0.000547562725841999,-1,-0.02050691470503807,-1,0.02050691470503807,-0.06794732149865013,,,,1,205.0691470503807,-0.02995617687702179,-0.014100291766226292,-0.000547562725841999,-1.645425497330582
2025-11-04,fold_7,"Inflation bear, AI rally and 2025",0.0046184854581952095,1,0.006486933678388596,1,0.006486933678388596,-0.06146038782026153,,,,1,64.86933678388596,-0.020891746506094933,0.003739549545571208,0.0046184854581952095,0.4904235227950415
2025-11-05,fold_7,"Inflation bear, AI rally and 2025",0.002692705951631069,1,-0.018803009763360023,-1,-0.018803009763360023,-0.08026339758362155,,,,0,-188.03009763360023,-0.014619987457990646,-0.0035360476467758417,0.002692705951631069,-1.4397275540722754
2025-11-06,fold_7,"Inflation bear, AI rally and 2025",0.0011884160339832306,1,-0.0031603185925632715,-1,-0.0031603185925632715,-0.08342371617618483,,,,0,-31.603185925632715,-0.006217360496520996,-0.005360324867069721,0.0011884160339832306,-0.23038518248782683
2025-11-07,fold_7,"Inflation bear, AI rally and 2025",0.009384461678564548,1,0.02188301645219326,1,0.02188301645219326,-0.061540699723991565,,,,1,218.8301645219326,0.017350083217024803,-0.0014442570973187685,0.009384461678564548,1.9475170148969252
2025-11-10,fold_7,"Inflation bear, AI rally and 2025",0.004065723158419132,1,-0.002667073393240571,-1,-0.002667073393240571,-0.06420777311723214,,,,0,-26.67073393240571,-0.00600013229995966,-0.03190450370311737,0.004065723158419132,-0.23559951962183132
2025-11-11,fold_7,"Inflation bear, AI rally and 2025",0.0021559912711381912,1,-0.0007886635139584541,-1,-0.0007886635139584541,-0.06499643663119059,,,,0,-7.886635139584541,-0.004298588261008263,-0.04148799180984497,0.0021559912711381912,-0.07018370771346462
2025-11-12,fold_7,"Inflation bear, AI rally and 2025",0.0041973041370511055,1,-0.020627286285161972,-1,-0.020627286285161972,-0.08562372291635256,,,,0,-206.27286285161972,-0.0022591296583414078,-0.034746989607810974,0.0041973041370511055,-1.853642922140871
2025-11-13,fold_7,"Inflation bear, AI rally and 2025",0.014870607294142246,1,0.0007557492353953421,1,0.0007557492353953421,-0.08486797368095722,,,,1,7.557492353953421,0.03330303728580475,-0.03807619959115982,0.014870607294142246,0.06288792179286838
2025-11-14,fold_7,"Inflation bear, AI rally and 2025",0.005300593562424183,1,-0.008577228523790836,-1,-0.008577228523790836,-0.09344520220474806,,,,0,-85.77228523790836,0.036002837121486664,-0.03134717792272568,0.005300593562424183,-0.7190147203950206
2025-11-17,fold_7,"Inflation bear, AI rally and 2025",0.006861711852252483,1,-0.012250563129782677,-1,-0.012250563129782677,-0.10569576533453073,,,,0,-122.50563129782677,0.02137935720384121,0.0024817129597067833,0.006861711852252483,-1.042298205062926
2025-11-18,fold_7,"Inflation bear, AI rally and 2025",0.022761642932891846,1,0.0059523372910916805,1,0.0059523372910916805,-0.09974342804343905,,,,1,59.523372910916805,0.055153898894786835,0.020877135917544365,0.022761642932891846,0.49322207919352573
2025-11-19,fold_7,"Inflation bear, AI rally and 2025",0.014737301506102085,1,-0.02395649440586567,-1,-0.02395649440586567,-0.12369992244930472,,,,0,-239.5649440586567,0.050551362335681915,0.02372167818248272,0.014737301506102085,-2.0052447494274688
2025-11-20,fold_7,"Inflation bear, AI rally and 2025",0.033945560455322266,1,0.007484769448637962,1,0.007484769448637962,-0.11621515300066676,,,,1,74.84769448637962,0.033648133277893066,0.055752597749233246,0.033945560455322266,0.5775990910985691
2025-11-21,fold_7,"Inflation bear, AI rally and 2025",0.02553456649184227,1,0.025251662358641624,1,0.025251662358641624,-0.09096349064202514,,,,1,252.51662358641624,0.0005109421908855438,0.04490327462553978,0.02553456649184227,1.9653590753917458
2025-11-24,fold_7,"Inflation bear, AI rally and 2025",0.010388473980128765,1,0.006144860293716192,1,0.006144860293716192,-0.08481863034830894,,,,1,61.44860293716192,-0.04190097749233246,0.027447156608104706,0.010388473980128765,0.45626205881541687
2025-11-25,fold_7,"Inflation bear, AI rally and 2025",-0.016977326944470406,-1,0.008796879090368748,1,-0.008796879090368748,-0.09361550943867769,,,,0,-87.96879090368748,-0.059290796518325806,0.02374311164021492,-0.016977326944470406,0.6550691216377408
2025-11-26,fold_7,"Inflation bear, AI rally and 2025",-0.023818936198949814,-1,0.008074427023530006,1,-0.008074427023530006,-0.1016899364622077,,,,0,-80.74427023530006,-0.07146091014146805,0.014015650376677513,-0.023818936198949814,0.5965591048813538
2025-11-28,fold_7,"Inflation bear, AI rally and 2025",-0.007845988497138023,-1,-0.0033645550720393658,-1,0.0033645550720393658,-0.09832538139016833,,,,1,33.64555072039366,-0.0700400322675705,0.010010326281189919,-0.007845988497138023,-0.25463658553309576
2025-12-01,fold_7,"Inflation bear, AI rally and 2025",0.0031173164024949074,1,0.007795544341206551,1,0.007795544341206551,-0.09052983704896178,,,,1,77.9554434120655,-0.07043730467557907,0.011454490013420582,0.0031173164024949074,0.5909859154765658
2025-12-02,fold_7,"Inflation bear, AI rally and 2025",0.006348469294607639,1,0.0024408164899796247,1,0.0024408164899796247,-0.08808902055898216,,,,1,24.408164899796247,-0.07818672806024551,0.004891549237072468,0.006348469294607639,0.18403833411928913
2025-12-03,fold_7,"Inflation bear, AI rally and 2025",0.0028732558712363243,1,-0.0009305825224146247,-1,-0.0009305825224146247,-0.08901960308139678,,,,0,-9.305825224146247,-0.08002641797065735,0.00653810752555728,0.0028732558712363243,-0.07470613097210492
2025-12-04,fold_7,"Inflation bear, AI rally and 2025",-0.001424684189260006,-1,0.004069102928042412,1,-0.004069102928042412,-0.09308870600943919,,,,0,-40.69102928042412,-0.06121238321065903,0.004229042213410139,-0.001424684189260006,0.3288540497593342
2025-12-05,fold_7,"Inflation bear, AI rally and 2025",-0.000929463654756546,-1,-0.0019203914562240243,-1,0.0019203914562240243,-0.09116831455321517,,,,1,19.203914562240243,-0.04184533655643463,-0.01914352923631668,-0.000929463654756546,-0.16451758365576602
2025-12-08,fold_7,"Inflation bear, AI rally and 2025",0.006046426482498646,1,0.0012326041469350457,1,0.0012326041469350457,-0.08993571040628012,,,,1,12.326041469350457,-0.028477072715759277,-0.02225513942539692,0.006046426482498646,0.10571795040473164
2025-12-09,fold_7,"Inflation bear, AI rally and 2025",0.011724169366061687,1,0.00408737501129508,1,0.00408737501129508,-0.08584833539498504,,,,1,40.8737501129508,-0.0066035110503435135,-0.02150787226855755,0.011724169366061687,0.3860940742634263
2025-12-10,fold_7,"Inflation bear, AI rally and 2025",0.014426211826503277,1,-0.0032396477181464434,-1,-0.0032396477181464434,-0.08908798311313149,,,,0,-32.396477181464434,-0.010744341649115086,-0.04430621117353439,0.014426211826503277,-0.305364873438464
2025-12-11,fold_7,"Inflation bear, AI rally and 2025",0.00718690175563097,1,-0.019303468987345695,-1,-0.019303468987345695,-0.10839145210047718,,,,0,-193.03468987345695,-0.005035994574427605,-0.02668045461177826,0.00718690175563097,-1.8155420144186112
2025-12-12,fold_7,"Inflation bear, AI rally and 2025",0.02697797492146492,1,-0.005032000597566366,-1,-0.005032000597566366,-0.11342345269804355,,,,0,-50.32000597566366,-0.00779187586158514,0.005574300419539213,0.02697797492146492,-0.47890443142588723
2025-12-15,fold_7,"Inflation bear, AI rally and 2025",0.0280609093606472,1,0.0019798711873590946,1,0.0019798711873590946,-0.11144358151068445,,,,1,19.798711873590946,-0.017169371247291565,0.01538827270269394,0.0280609093606472,0.18738061852739712
2025-12-16,fold_7,"Inflation bear, AI rally and 2025",0.030244939029216766,1,-0.018710967153310776,-1,-0.018710967153310776,-0.13015454866399523,,,,0,-187.10967153310776,-0.004422783851623535,0.018080780282616615,0.030244939029216766,-1.7991417330474324
2025-12-17,fold_7,"Inflation bear, AI rally and 2025",0.02064095437526703,1,0.014386109076440334,1,0.014386109076440334,-0.1157684395875549,,,,1,143.86109076440334,0.00813625380396843,0.039713069796562195,0.02064095437526703,1.3234520309883862
2025-12-18,fold_7,"Inflation bear, AI rally and 2025",0.0119600435718894,1,0.012951286509633064,1,0.012951286509633064,-0.10281715307792183,,,,1,129.51286509633064,-0.01899024471640587,0.025262802839279175,0.0119600435718894,1.1504351940592996
2025-12-19,fold_7,"Inflation bear, AI rally and 2025",0.011675694026052952,1,0.00478197168558836,1,0.00478197168558836,-0.09803518139233347,,,,1,47.8197168558836,-0.028189297765493393,0.007459201384335756,0.011675694026052952,0.4635322635963407
