date,fold,regime,prediction,pred_direction,actual_return,actual_direction,strategy_return,cumulative_return,confidence,aleatoric,epistemic,correct,pnl_bps,B_pred,B_actual,D_pred,D_actual
2008-11-18,fold_1,GFC peak crash (Lehman + Mar-2009 bottom),0.010493986308574677,1,-0.05363579839468002,-1,-0.05363579839468002,-0.05363579839468002,,,,0,-536.3579839468002,0.028487678617239,-0.0060164593160152435,0.010493986308574677,-1.3795502580863528
2008-11-19,fold_1,GFC peak crash (Lehman + Mar-2009 bottom),0.006305474787950516,1,-0.049609940499067307,-1,-0.049609940499067307,-0.10324573889374733,,,,0,-496.09940499067307,0.02844204008579254,0.08865413069725037,0.006305474787950516,-1.234032731259152
2008-11-20,fold_1,GFC peak crash (Lehman + Mar-2009 bottom),0.003840882331132889,1,0.042510632425546646,1,0.042510632425546646,-0.060735106468200684,,,,1,425.10632425546646,0.027682840824127197,0.13039687275886536,0.003840882331132889,1.0195702067929981
2008-11-21,fold_1,GFC peak crash (Lehman + Mar-2009 bottom),0.008759159594774246,1,0.059322528541088104,1,0.059322528541088104,-0.0014125779271125793,,,,1,593.225285410881,0.020852651447057724,0.009702088311314583,0.008759159594774246,1.4078845529535253
2008-11-24,fold_1,GFC peak crash (Lehman + Mar-2009 bottom),0.0049914829432964325,1,-0.0046038818545639515,-1,-0.0046038818545639515,-0.006016459781676531,,,,0,-46.038818545639515,0.008796557784080505,-0.016746971756219864,0.0049914829432964325,-0.10529690246968396
2008-11-25,fold_1,GFC peak crash (Lehman + Mar-2009 bottom),0.006522819399833679,1,0.04103479161858559,1,0.04103479161858559,0.035018331836909056,,,,1,410.34791618585587,0.01910913735628128,0.015847941860556602,0.006522819399833679,1.111254334073887
2008-11-26,fold_1,GFC peak crash (Lehman + Mar-2009 bottom),0.003422468900680542,1,-0.007867200300097466,-1,-0.007867200300097466,0.02715113153681159,,,,0,-78.67200300097466,0.0037655681371688843,-0.053896866738796234,0.003422468900680542,-0.2067849103956423
2008-11-28,fold_1,GFC peak crash (Lehman + Mar-2009 bottom),0.007615409791469574,1,-0.07818415015935898,-1,-0.07818415015935898,-0.05103301862254739,,,,0,-781.8415015935898,0.0006291307508945465,-0.0062005408108234406,0.007615409791469574,-2.0920149030097552
2008-12-01,fold_1,GFC peak crash (Lehman + Mar-2009 bottom),0.00439516082406044,1,0.03287346661090851,1,0.03287346661090851,-0.01815955201163888,,,,1,328.7346661090851,0.0069266073405742645,0.11061938107013702,0.00439516082406044,0.7967744531761531
2008-12-02,fold_1,GFC peak crash (Lehman + Mar-2009 bottom),0.008928090333938599,1,0.027991032227873802,1,0.027991032227873802,0.009831480216234922,,,,1,279.910322278738,0.011898312717676163,0.07541601359844208,0.008928090333938599,0.6679611691128471
2008-12-03,fold_1,GFC peak crash (Lehman + Mar-2009 bottom),0.00915023684501648,1,-0.0287100151181221,-1,-0.0287100151181221,-0.01887853490188718,,,,0,-287.100151181221,0.0058830976486206055,0.04408736154437065,0.00915023684501648,-0.6850921338906252
2008-12-04,fold_1,GFC peak crash (Lehman + Mar-2009 bottom),0.015629976987838745,1,0.03982912749052048,1,0.03982912749052048,0.0209505925886333,,,,1,398.2912749052048,0.01671633869409561,0.04499876871705055,0.015629976987838745,0.9793462647053741
2008-12-05,fold_1,GFC peak crash (Lehman + Mar-2009 bottom),0.01725488156080246,1,0.03863576799631119,1,0.03863576799631119,0.05958636058494449,,,,1,386.3576799631119,0.018821410834789276,0.025248471647500992,0.01725488156080246,0.9573386069605946
2008-12-08,fold_1,GFC peak crash (Lehman + Mar-2009 bottom),0.013374969363212585,1,-0.0023298992309719324,-1,-0.0023298992309719324,0.057256461353972554,,,,0,-23.298992309719324,0.01017286628484726,-0.031062552705407143,0.013374969363212585,-0.05680074135595529
2008-12-09,fold_1,GFC peak crash (Lehman + Mar-2009 bottom),0.014121294021606445,1,-0.0033376188948750496,-1,-0.0033376188948750496,0.053918842459097505,,,,0,-33.376188948750496,0.013575389981269836,0.018161559477448463,0.014121294021606445,-0.08158449891293568
2008-12-10,fold_1,GFC peak crash (Lehman + Mar-2009 bottom),0.010237928479909897,1,-0.0277986079454422,-1,-0.0277986079454422,0.026120234513655305,,,,0,-277.986079454422,0.007464684545993805,0.009317740797996521,0.010237928479909897,-0.6843648104632636
2008-12-11,fold_1,GFC peak crash (Lehman + Mar-2009 bottom),0.009279314428567886,1,0.020078828558325768,1,0.020078828558325768,0.04619906307198107,,,,1,200.78828558325768,0.004182867705821991,0.019404899328947067,0.009279314428567886,0.505647258021963
2008-12-12,fold_1,GFC peak crash (Lehman + Mar-2009 bottom),0.007759731262922287,1,-0.017675256356596947,-1,-0.017675256356596947,0.028523806715384126,,,,0,-176.75256356596947,0.009459957480430603,0.007497432641685009,0.007759731262922287,-0.4687346241071723
2008-12-15,fold_1,GFC peak crash (Lehman + Mar-2009 bottom),0.005357317626476288,1,0.04689421504735947,1,0.04689421504735947,0.07541802176274359,,,,1,468.94215047359467,0.013013668358325958,0.003164258087053895,0.005357317626476288,1.2939084794448272
2008-12-16,fold_1,GFC peak crash (Lehman + Mar-2009 bottom),0.007143285125494003,1,-0.012181437574326992,-1,-0.012181437574326992,0.0632365841884166,,,,0,-121.81437574326992,0.008992291986942291,-0.04887895658612251,0.007143285125494003,-0.32546634396738044
2008-12-17,fold_1,GFC peak crash (Lehman + Mar-2009 bottom),0.012788631021976471,1,-0.017711449414491653,-1,-0.017711449414491653,0.04552513477392495,,,,0,-177.11449414491653,0.002472102642059326,-0.033948201686143875,0.012788631021976471,-0.4719795642427665
2008-12-18,fold_1,GFC peak crash (Lehman + Mar-2009 bottom),0.015279576182365417,1,0.008171360939741135,1,0.008171360939741135,0.05369649571366608,,,,1,81.71360939741135,0.007081408053636551,-0.01657971180975437,0.015279576182365417,0.22839322156023914
2008-12-19,fold_1,GFC peak crash (Lehman + Mar-2009 bottom),0.019617624580860138,1,-0.02200843021273613,-1,-0.02200843021273613,0.03168806550092995,,,,0,-220.0843021273613,0.015289362519979477,-0.03302434831857681,0.019617624580860138,-0.6461012592114418
2008-12-22,fold_1,GFC peak crash (Lehman + Mar-2009 bottom),0.012564696371555328,1,-0.005149002652615309,-1,-0.005149002652615309,0.026539062848314643,,,,0,-51.49002652615309,0.004740137606859207,0.009539843536913395,0.012564696371555328,-0.1556607008643919
2008-12-23,fold_1,GFC peak crash (Lehman + Mar-2009 bottom),0.018241465091705322,1,0.0027493173256516457,1,0.0027493173256516457,0.02928838017396629,,,,1,27.493173256516457,0.009543374180793762,0.0231305118650198,0.018241465091705322,0.09066467300399882
2008-12-24,fold_1,GFC peak crash (Lehman + Mar-2009 bottom),0.022097356617450714,1,-0.0003429576463531703,-1,-0.0003429576463531703,0.02894542252761312,,,,0,-3.4295764635317028,0.00871746614575386,0.06284288316965103,0.022097356617450714,-0.01131396397522408
2008-12-26,fold_1,GFC peak crash (Lehman + Mar-2009 bottom),0.018794164061546326,1,-0.008273275569081306,-1,-0.008273275569081306,0.020672146958531812,,,,0,-82.73275569081306,-0.0015084482729434967,0.06286349147558212,0.018794164061546326,-0.28636381278925166
2008-12-29,fold_1,GFC peak crash (Lehman + Mar-2009 bottom),0.016297660768032074,1,0.020555762574076653,1,0.020555762574076653,0.041227909532608464,,,,1,205.55762574076653,0.003310602158308029,0.08108048141002655,0.016297660768032074,0.7113592667332982
2008-12-30,fold_1,GFC peak crash (Lehman + Mar-2009 bottom),0.008302878588438034,1,0.008441665209829807,1,0.008441665209829807,0.04966957474243827,,,,1,84.41665209829807,0.0019144397228956223,0.0317063182592392,0.008302878588438034,0.359792261687734
2008-12-31,fold_1,GFC peak crash (Lehman + Mar-2009 bottom),0.004583373665809631,1,0.042461689561605453,1,0.042461689561605453,0.09213126430404373,,,,1,424.61689561605453,-0.0028825849294662476,0.033722203224897385,0.004583373665809631,1.8988990613166399
2009-01-02,fold_1,GFC peak crash (Lehman + Mar-2009 bottom),0.0032463856041431427,1,-0.00032235000981017947,-1,-0.00032235000981017947,0.09180891429423355,,,,0,-3.2235000981017947,-0.0038306526839733124,-0.03142658993601799,0.0032463856041431427,-0.013732587060522822
2009-01-05,fold_1,GFC peak crash (Lehman + Mar-2009 bottom),0.0035509243607521057,1,0.00994371809065342,1,0.00994371809065342,0.10175263238488697,,,,1,99.4371809065342,-0.004651058465242386,-0.04956405982375145,0.0035509243607521057,0.440405604963444
2009-01-06,fold_1,GFC peak crash (Lehman + Mar-2009 bottom),0.006772760301828384,1,-0.028818404302001,-1,-0.028818404302001,0.07293422808288597,,,,0,-288.18404302001,-0.0074050407856702805,-0.0591689758002758,0.006772760301828384,-1.38107552841447
2009-01-07,fold_1,GFC peak crash (Lehman + Mar-2009 bottom),0.013448700308799744,1,0.010457552038133144,1,0.010457552038133144,0.08339178012101911,,,,1,104.57552038133144,-0.010096536949276924,-0.06130253151059151,0.013448700308799744,0.5213772021956417
2009-01-08,fold_1,GFC peak crash (Lehman + Mar-2009 bottom),0.010846972465515137,1,-0.02268710546195507,-1,-0.02268710546195507,0.06070467465906404,,,,0,-226.8710546195507,-0.008422844111919403,-0.05547646805644035,0.010846972465515137,-1.123864984696404
2009-01-09,fold_1,GFC peak crash (Lehman + Mar-2009 bottom),0.011250890791416168,1,-0.018459821119904518,-1,-0.018459821119904518,0.04224485353915952,,,,0,-184.59821119904518,0.009298760443925858,-0.021853338927030563,0.011250890791416168,-0.8874499725674849
2009-01-12,fold_1,GFC peak crash (Lehman + Mar-2009 bottom),0.01079784706234932,1,0.00033880159026011825,1,0.00033880159026011825,0.04258365512941964,,,,1,3.3880159026011825,0.016484592109918594,-0.05429340526461601,0.01079784706234932,0.016710213945114464
2009-01-13,fold_1,GFC peak crash (Lehman + Mar-2009 bottom),0.014810122549533844,1,-0.030951958149671555,-1,-0.030951958149671555,0.011631696979748085,,,,0,-309.51958149671555,0.025633543729782104,-0.012951979413628578,0.014810122549533844,-1.5654513740687834
2009-01-14,fold_1,GFC peak crash (Lehman + Mar-2009 bottom),0.012870416045188904,1,0.016283614560961723,1,0.016283614560961723,0.02791531154070981,,,,1,162.83614560961723,0.023915298283100128,0.0045303646475076675,0.012870416045188904,0.7915411764355298
2009-01-15,fold_1,GFC peak crash (Lehman + Mar-2009 bottom),0.013321608304977417,1,0.01093602366745472,1,0.01093602366745472,0.03885133520816453,,,,1,109.3602366745472,0.023793455213308334,-0.006897205486893654,0.013321608304977417,0.6052141544043578
2009-01-16,fold_1,GFC peak crash (Lehman + Mar-2009 bottom),0.01241251826286316,1,-0.05089988932013512,-1,-0.05089988932013512,-0.012048554111970589,,,,0,-508.99889320135117,0.01250401884317398,-0.010592788457870483,0.01241251826286316,-2.823098035338528
2009-01-20,fold_1,GFC peak crash (Lehman + Mar-2009 bottom),0.0029184408485889435,1,0.0416802279651165,1,0.0416802279651165,0.029631673853145912,,,,1,416.802279651165,0.013150889426469803,0.04749481379985809,0.0029184408485889435,1.9894501200614343
2009-01-21,fold_1,GFC peak crash (Lehman + Mar-2009 bottom),0.003982078284025192,1,-0.013469614088535309,-1,-0.013469614088535309,0.016162059764610603,,,,0,-134.6961408853531,0.0024185720831155777,0.04034192115068436,0.003982078284025192,-0.5892937199583155
2009-01-22,fold_1,GFC peak crash (Lehman + Mar-2009 bottom),0.003733627498149872,1,0.004856044892221689,1,0.004856044892221689,0.021018104656832293,,,,1,48.56044892221689,0.002263348549604416,0.02811305969953537,0.003733627498149872,0.21559962684167613
2009-01-23,fold_1,GFC peak crash (Lehman + Mar-2009 bottom),0.0050003789365291595,1,0.00724044069647789,1,0.00724044069647789,0.028258545353310183,,,,1,72.4044069647789,0.004667889326810837,0.005520956590771675,0.0050003789365291595,0.32150893117112656
2009-01-26,fold_1,GFC peak crash (Lehman + Mar-2009 bottom),0.005293019115924835,1,0.007187714800238609,1,0.007187714800238609,0.03544626015354879,,,,1,71.8771480023861,-0.004283349961042404,0.01025271974503994,0.005293019115924835,0.318464132859641
2009-01-27,fold_1,GFC peak crash (Lehman + Mar-2009 bottom),0.003359198570251465,1,0.034527335315942764,1,0.034527335315942764,0.06997359546949156,,,,1,345.27335315942764,-0.008013870567083359,0.018584955483675003,0.003359198570251465,1.5259379429002036
2009-01-28,fold_1,GFC peak crash (Lehman + Mar-2009 bottom),0.006592307239770889,1,-0.025698475539684296,-1,-0.025698475539684296,0.04427511992980726,,,,0,-256.98475539684296,-0.0022395048290491104,-0.01460401713848114,0.006592307239770889,-1.0781286776485335
2009-01-29,fold_1,GFC peak crash (Lehman + Mar-2009 bottom),0.007280509918928146,1,-0.017736058682203293,-1,-0.017736058682203293,0.026539061247603968,,,,0,-177.36058682203293,-0.006055435165762901,0.032920949161052704,0.007280509918928146,-0.7364133233704658
2009-01-30,fold_1,GFC peak crash (Lehman + Mar-2009 bottom),0.0048592835664749146,1,0.011972203850746155,1,0.011972203850746155,0.03851126509835012,,,,1,119.72203850746155,-0.0013469532132148743,0.07648946344852448,0.0048592835664749146,0.4919620198706491
2009-02-02,fold_1,GFC peak crash (Lehman + Mar-2009 bottom),0.00711929053068161,1,0.015519951470196247,1,0.015519951470196247,0.05403121656854637,,,,1,155.19951470196247,0.011470887809991837,0.06865273416042328,0.00711929053068161,0.6877479031448788
2009-02-03,fold_1,GFC peak crash (Lehman + Mar-2009 bottom),0.009547017514705658,1,0.0013383622281253338,1,0.0013383622281253338,0.0553695787966717,,,,1,13.383622281253338,0.0033563748002052307,0.015612514689564705,0.009547017514705658,0.05861908332521261
2009-02-04,fold_1,GFC peak crash (Lehman + Mar-2009 bottom),0.004771463572978973,1,0.021826492622494698,1,0.021826492622494698,0.0771960714191664,,,,1,218.26492622494698,0.014405369758605957,0.009649120271205902,0.004771463572978973,0.9604636281767396
2009-02-05,fold_1,GFC peak crash (Lehman + Mar-2009 bottom),0.005896572023630142,1,0.02583245187997818,1,0.02583245187997818,0.10302852329914458,,,,1,258.3245187997818,0.0040299296379089355,0.0,0.005896572023630142,1.1567459466344763
2009-02-06,fold_1,GFC peak crash (Lehman + Mar-2009 bottom),0.012880116701126099,1,0.004135478753596544,1,0.004135478753596544,0.10716400205274113,,,,1,41.35478753596544,0.009910527616739273,-0.030422896146774292,0.012880116701126099,0.18020994654689176
2009-02-09,fold_1,GFC peak crash (Lehman + Mar-2009 bottom),0.01374489814043045,1,-0.03752027079463005,-1,-0.03752027079463005,0.06964373125811107,,,,0,-375.2027079463005,0.007863897830247879,-0.07513406872749329,0.01374489814043045,-1.6750522774946477
2009-02-10,fold_1,GFC peak crash (Lehman + Mar-2009 bottom),0.008326414972543716,1,-0.004625031724572182,-1,-0.004625031724572182,0.06501869953353889,,,,0,-46.25031724572182,0.00960313156247139,-0.03692920506000519,0.008326414972543716,-0.1963064211528487
2009-02-11,fold_1,GFC peak crash (Lehman + Mar-2009 bottom),0.016486674547195435,1,0.01217737141996622,1,0.01217737141996622,0.07719607095350511,,,,1,121.77371419966221,0.015789449214935303,-0.04781389608979225,0.016486674547195435,0.5163659305223878
2009-02-12,fold_1,GFC peak crash (Lehman + Mar-2009 bottom),0.018214218318462372,1,-0.004590444266796112,-1,-0.004590444266796112,0.072605626686709,,,,0,-45.90444266796112,0.0068798065185546875,-0.057216279208660126,0.018214218318462372,-0.20214900412444273
2009-02-13,fold_1,GFC peak crash (Lehman + Mar-2009 bottom),0.012471720576286316,1,-0.04057569429278374,-1,-0.04057569429278374,0.032029932393925264,,,,0,-405.7569429278374,0.005191762000322342,-0.08823682367801666,0.012471720576286316,-1.8083558163302977
2009-02-17,fold_1,GFC peak crash (Lehman + Mar-2009 bottom),0.008371029049158096,1,0.000684593163896352,1,0.000684593163896352,0.032714525557821617,,,,1,6.8459316389635205,0.022655971348285675,-0.015172178857028484,0.008371029049158096,0.02843112078509613
2009-02-18,fold_1,GFC peak crash (Lehman + Mar-2009 bottom),0.011485319584608078,1,-0.015509720891714096,-1,-0.015509720891714096,0.01720480466610752,,,,0,-155.09720891714096,0.0196230411529541,-0.022480914369225502,0.011485319584608078,-0.7309061935277794
2009-02-19,fold_1,GFC peak crash (Lehman + Mar-2009 bottom),0.01389242708683014,1,0.002774988068267703,1,0.002774988068267703,0.019979792734375224,,,,1,27.74988068267703,0.009772848337888718,-0.03535139560699463,0.01389242708683014,0.14321432013255497
2009-02-20,fold_1,GFC peak crash (Lehman + Mar-2009 bottom),0.012785717844963074,1,-0.03561098873615265,-1,-0.03561098873615265,-0.015631196001777425,,,,0,-356.1098873615265,0.013390354812145233,-0.04752684384584427,0.012785717844963074,-1.8594837500008825
2009-02-23,fold_1,GFC peak crash (Lehman + Mar-2009 bottom),0.013505414128303528,1,0.032488949596881866,1,0.032488949596881866,0.01685775359510444,,,,1,324.88949596881866,0.02048519253730774,-0.04477813467383385,0.013505414128303528,1.5686010459481285
2009-02-24,fold_1,GFC peak crash (Lehman + Mar-2009 bottom),0.011325821280479431,1,-0.00662414263933897,-1,-0.00662414263933897,0.01023361095576547,,,,0,-66.2414263933897,0.006596174091100693,-0.0780186802148819,0.011325821280479431,-0.3026191429693795
2009-02-25,fold_1,GFC peak crash (Lehman + Mar-2009 bottom),0.011030539870262146,1,-0.028380202129483223,-1,-0.028380202129483223,-0.018146591173717752,,,,0,-283.80202129483223,0.008769068866968155,-0.04507232457399368,0.011030539870262146,-1.2970558461101405
2009-02-26,fold_1,GFC peak crash (Lehman + Mar-2009 bottom),0.011487726122140884,1,-0.009400458075106144,-1,-0.009400458075106144,-0.027547049248823896,,,,0,-94.00458075106144,0.012437257915735245,-0.04715467616915703,0.011487726122140884,-0.4385750530238969
2009-02-27,fold_1,GFC peak crash (Lehman + Mar-2009 bottom),0.006480228155851364,1,-0.03286227956414223,-1,-0.03286227956414223,-0.06040932881296612,,,,0,-328.6227956414223,0.012819014489650726,-0.045707352459430695,0.006480228155851364,-1.5832543341428431
2009-03-02,fold_1,GFC peak crash (Lehman + Mar-2009 bottom),0.00440756231546402,1,-0.000751598970964551,-1,-0.000751598970964551,-0.061160927783930674,,,,0,-7.51598970964551,0.020305030047893524,-0.03436747193336487,0.00440756231546402,-0.034702426339665096
2009-03-03,fold_1,GFC peak crash (Lehman + Mar-2009 bottom),0.007394023239612579,1,0.026322215795516968,1,0.026322215795516968,-0.034838711988413706,,,,1,263.2221579551697,0.02566581591963768,0.026322215795516968,0.007394023239612579,1.2246895328254972
2009-03-04,fold_1,GFC peak crash (Lehman + Mar-2009 bottom),0.005270060151815414,1,-0.030462555587291718,-1,-0.030462555587291718,-0.06530126757570542,,,,0,-304.6255558729172,0.0114913210272789,0.015251108445227146,0.005270060151815414,-1.3838793595797154
2009-03-05,fold_1,GFC peak crash (Lehman + Mar-2009 bottom),0.002512037754058838,1,-0.007953135296702385,-1,-0.007953135296702385,-0.07325440287240781,,,,0,-79.53135296702385,0.0193004310131073,0.0783289447426796,0.002512037754058838,-0.34518343722180445
2009-03-06,fold_1,GFC peak crash (Lehman + Mar-2009 bottom),0.006809696555137634,1,-0.0215223990380764,-1,-0.0215223990380764,-0.09477680191048421,,,,0,-215.223990380764,0.013261370360851288,0.08872090280056,0.006809696555137634,-0.9528420129139734
2009-03-09,fold_1,GFC peak crash (Lehman + Mar-2009 bottom),0.006166037172079086,1,0.059938088059425354,1,0.059938088059425354,-0.034838713851058856,,,,1,599.3808805942535,0.013933409005403519,0.093400739133358,0.006166037172079086,2.6805293227550755
2009-03-10,fold_1,GFC peak crash (Lehman + Mar-2009 bottom),0.0027637779712677,1,0.015251108445227146,1,0.015251108445227146,-0.01958760540583171,,,,1,152.51108445227146,-0.005513159558176994,0.07062570750713348,0.0027637779712677,0.5853840661056128
2009-03-11,fold_1,GFC peak crash (Lehman + Mar-2009 bottom),0.004488199949264526,1,0.03261528164148331,1,0.03261528164148331,0.013027676235651597,,,,1,326.15281641483307,-0.0005188584327697754,0.0679113119840622,0.004488199949264526,1.3098519365463446
2009-03-12,fold_1,GFC peak crash (Lehman + Mar-2009 bottom),0.0007393769919872284,1,0.0024388229940086603,1,0.0024388229940086603,0.015466499229660258,,,,1,24.388229940086603,-0.007235633209347725,0.03462249040603638,0.0007393769919872284,0.09407075065924828
2009-03-13,fold_1,GFC peak crash (Lehman + Mar-2009 bottom),0.004026040434837341,1,-0.016842564567923546,-1,-0.016842564567923546,-0.0013760653382632881,,,,0,-168.42564567923546,-0.0035026073455810547,0.0168460663408041,0.004026040434837341,-0.6531217118920715
2009-03-16,fold_1,GFC peak crash (Lehman + Mar-2009 bottom),0.009341001510620117,1,0.037163060158491135,1,0.037163060158491135,0.035786994820227847,,,,1,371.63060158491135,-0.0037201717495918274,0.09096124023199081,0.009341001510620117,1.4270914904074783
2009-03-17,fold_1,GFC peak crash (Lehman + Mar-2009 bottom),0.005789127200841904,1,0.012536708265542984,1,0.012536708265542984,0.04832370308577083,,,,1,125.36708265542984,-0.0025373268872499466,0.03517917916178703,0.005789127200841904,0.48619827721992376
2009-03-18,fold_1,GFC peak crash (Lehman + Mar-2009 bottom),0.004783883690834045,1,-0.000673539936542511,-1,-0.000673539936542511,0.04765016314922832,,,,0,-6.73539936542511,-0.003457413986325264,0.02724788524210453,0.004783883690834045,-0.025968645943417606
2009-03-19,fold_1,GFC peak crash (Lehman + Mar-2009 bottom),0.010717727243900299,1,-0.015337600372731686,-1,-0.015337600372731686,0.032312562776496634,,,,0,-153.37600372731686,-0.007638107985258102,0.05830502137541771,0.010717727243900299,-0.5966964858352954
2009-03-20,fold_1,GFC peak crash (Lehman + Mar-2009 bottom),0.007771126925945282,1,0.05727260932326317,1,0.05727260932326317,0.0895851720997598,,,,1,572.7260932326317,-0.009172480553388596,0.05468008294701576,0.007771126925945282,2.2092033033287364
2009-03-23,fold_1,GFC peak crash (Lehman + Mar-2009 bottom),0.0010158754885196686,1,-0.018618999049067497,-1,-0.018618999049067497,0.0709661730506923,,,,0,-186.18999049067497,0.0020219124853610992,-0.027560722082853317,0.0010158754885196686,-0.6698162405411248
2009-03-24,fold_1,GFC peak crash (Lehman + Mar-2009 bottom),0.007059510797262192,1,0.0046054162085056305,1,0.0046054162085056305,0.07557158925919794,,,,1,46.054162085056305,-0.009565643034875393,-0.00033004675060510635,0.007059510797262192,0.16961509548873643
2009-03-25,fold_1,GFC peak crash (Lehman + Mar-2009 bottom),0.00917430967092514,1,0.03038359433412552,1,0.03038359433412552,0.10595518359332345,,,,1,303.8359433412552,-0.0001459270715713501,0.00979765597730875,0.00917430967092514,1.1198733440510578
2009-03-26,fold_1,GFC peak crash (Lehman + Mar-2009 bottom),0.007017124444246292,1,-0.018962539732456207,-1,-0.018962539732456207,0.08699264386086725,,,,0,-189.62539732456207,-0.001553218811750412,0.011081703938543797,0.007017124444246292,-0.6961401824098795
2009-03-27,fold_1,GFC peak crash (Lehman + Mar-2009 bottom),0.009131986647844315,1,-0.024968193843960762,-1,-0.024968193843960762,0.062024450016906485,,,,0,-249.68193843960762,-0.00800185278058052,0.048450127243995667,0.009131986647844315,-0.9083529903405672
2009-03-30,fold_1,GFC peak crash (Lehman + Mar-2009 bottom),0.0022382065653800964,1,0.008611675351858139,1,0.008611675351858139,0.07063612536876462,,,,1,86.11675351858139,-0.006850259378552437,0.0709424838423729,0.0022382065653800964,0.31813871412694694
2011-10-20,fold_2,2011 US-downgrade + EU debt,0.003061071038246155,1,0.012468178756535053,1,0.012468178756535053,0.012468178756535053,,,,1,124.68178756535053,0.0035546720027923584,0.03915964812040329,0.003061071038246155,0.7254950301428739
2011-10-21,fold_2,2011 US-downgrade + EU debt,0.009189803153276443,1,0.02055499702692032,1,0.02055499702692032,0.03302317578345537,,,,1,205.5499702692032,-0.003622818738222122,0.028219684958457947,0.009189803153276443,1.1916707960141402
2011-10-24,fold_2,2011 US-downgrade + EU debt,0.006630450487136841,1,-0.019857194274663925,-1,-0.019857194274663925,0.013165981508791447,,,,0,-198.57194274663925,-0.005283378064632416,-0.009274552576243877,0.006630450487136841,-1.1242654227451692
2011-10-25,fold_2,2011 US-downgrade + EU debt,0.007384493947029114,1,-0.0012212475994601846,-1,-0.0012212475994601846,0.011944733909331262,,,,0,-12.212475994601846,-0.002523750066757202,-0.01582009345293045,0.007384493947029114,-0.06760576848215083
2011-10-26,fold_2,2011 US-downgrade + EU debt,0.010950293391942978,1,0.027214914560317993,1,0.027214914560317993,0.039159648469649255,,,,1,272.14914560317993,-0.00505145825445652,-0.006130612455308437,0.010950293391942978,1.5327721267443946
2011-10-27,fold_2,2011 US-downgrade + EU debt,0.0070573315024375916,1,0.0015282155945897102,1,0.0015282155945897102,0.040687864064238966,,,,1,15.282155945897102,-0.002490021288394928,-0.012826281599700451,0.0070573315024375916,0.08226495855020724
2011-10-28,fold_2,2011 US-downgrade + EU debt,0.009571928530931473,1,-0.01693923957645893,-1,-0.01693923957645893,0.023748624487780035,,,,0,-169.3923957645893,-0.002799754962325096,-0.019531505182385445,0.009571928530931473,-0.9604499301628657
2011-10-31,fold_2,2011 US-downgrade + EU debt,0.008358746767044067,1,-0.026402734220027924,-1,-0.026402734220027924,-0.002654109732247889,,,,0,-264.02734220027924,-0.003881894052028656,0.004476445727050304,0.008358746767044067,-1.5465390044523744
2011-11-01,fold_2,2011 US-downgrade + EU debt,0.005003977566957474,1,0.008468233048915863,1,0.008468233048915863,0.005814123316667974,,,,1,84.68233048915863,-0.006712768226861954,0.04232337325811386,0.005003977566957474,0.48436570043620525
2011-11-02,fold_2,2011 US-downgrade + EU debt,0.008620113134384155,1,0.02051924541592598,1,0.02051924541592598,0.026333368732593954,,,,1,205.1924541592598,-0.008979160338640213,-0.0019340838771313429,0.008620113134384155,1.2326345198031936
2011-11-03,fold_2,2011 US-downgrade + EU debt,0.003133513033390045,1,-0.005177008453756571,-1,-0.005177008453756571,0.021156360278837383,,,,0,-51.77008453756571,-0.010463838465511799,-0.022981518879532814,0.003133513033390045,-0.3070564506044192
2011-11-04,fold_2,2011 US-downgrade + EU debt,0.0031218156218528748,1,0.007068710867315531,1,0.007068710867315531,0.028225071146152914,,,,1,70.68710867315531,-0.011955281719565392,0.0008646357455290854,0.0031218156218528748,0.4198931974338946
2011-11-07,fold_2,2011 US-downgrade + EU debt,0.001901913434267044,1,0.011444195173680782,1,0.011444195173680782,0.039669266319833696,,,,1,114.44195173680782,-0.01593998819589615,-0.012446429580450058,0.001901913434267044,0.7577434176658022
2011-11-08,fold_2,2011 US-downgrade + EU debt,0.005777720361948013,1,-0.03578922525048256,-1,-0.03578922525048256,0.0038800410693511367,,,,0,-357.8922525048256,-0.012881627306342125,-0.012819630093872547,0.005777720361948013,-2.3478716767528267
2011-11-09,fold_2,2011 US-downgrade + EU debt,0.004239093512296677,1,-0.0005281896446831524,-1,-0.0005281896446831524,0.0033518514246679842,,,,0,-5.281896446831524,-0.004036210477352142,0.006316989194601774,0.004239093512296677,-0.030743494779457137
2011-11-10,fold_2,2011 US-downgrade + EU debt,0.005275547504425049,1,0.018669145181775093,1,0.018669145181775093,0.022020996606443077,,,,1,186.69145181775093,-0.004867937415838242,-0.016872424632310867,0.005275547504425049,1.0943993430677403
2011-11-11,fold_2,2011 US-downgrade + EU debt,0.007519528269767761,1,-0.006242354400455952,-1,-0.006242354400455952,0.015778642205987126,,,,0,-62.42354400455952,-0.005697222426533699,-0.04327357932925224,0.007519528269767761,-0.3656038217529387
2011-11-14,fold_2,2011 US-downgrade + EU debt,0.006025824695825577,1,0.011070994660258293,1,0.011070994660258293,0.02684963686624542,,,,1,110.70994660258293,-0.003481142222881317,-0.056350450962781906,0.006025824695825577,0.660064405187602
2011-11-15,fold_2,2011 US-downgrade + EU debt,0.006471347063779831,1,-0.016652606427669525,-1,-0.016652606427669525,0.010197030438575894,,,,0,-166.52606427669525,-0.005820330232381821,-0.06411396712064743,0.006471347063779831,-0.9954319296180413
2011-11-16,fold_2,2011 US-downgrade + EU debt,0.005948454141616821,1,-0.023717602714896202,-1,-0.023717602714896202,-0.013520572276320308,,,,0,-237.17602714896202,-0.0068145208060741425,-0.07028059661388397,0.005948454141616821,-1.4309837360810318
2011-11-17,fold_2,2011 US-downgrade + EU debt,0.006912250071763992,1,-0.007732008118182421,-1,-0.007732008118182421,-0.02125258039450273,,,,0,-77.32008118182421,0.0012665726244449615,-0.05428644269704819,0.006912250071763992,-0.44520972628588534
2011-11-18,fold_2,2011 US-downgrade + EU debt,0.0077084265649318695,1,-0.01931922696530819,-1,-0.01931922696530819,-0.04057180735981092,,,,0,-193.1922696530819,0.0030435528606176376,-0.012350264005362988,0.0077084265649318695,-1.1213304566334896
2011-11-21,fold_2,2011 US-downgrade + EU debt,0.009513523429632187,1,0.003307477105408907,1,0.003307477105408907,-0.03726433025440201,,,,1,33.07477105408907,0.01133384183049202,0.0007365956553258002,0.009513523429632187,0.1927749391665025
2011-11-22,fold_2,2011 US-downgrade + EU debt,0.012016065418720245,1,-0.022819234058260918,-1,-0.022819234058260918,-0.06008356431266293,,,,0,-228.19234058260918,0.013958431780338287,0.03372405469417572,0.012016065418720245,-1.3755493653767066
2011-11-23,fold_2,2011 US-downgrade + EU debt,0.012224279344081879,1,-0.00772344833239913,-1,-0.00772344833239913,-0.06780701264506206,,,,0,-77.2344833239913,0.017685946077108383,0.06343542039394379,0.012224279344081879,-0.4450522951381622
2011-11-25,fold_2,2011 US-downgrade + EU debt,0.01075856015086174,1,0.03420417010784149,1,0.03420417010784149,-0.03360284253722057,,,,1,342.0417010784149,0.01589801162481308,0.06833713501691818,0.01075856015086174,2.0928216108284197
2011-11-28,fold_2,2011 US-downgrade + EU debt,0.005913831293582916,1,-0.006232367362827063,-1,-0.006232367362827063,-0.03983520990004763,,,,0,-62.323673628270626,0.0017545185983181,0.045023635029792786,0.005913831293582916,-0.3454483536275587
2011-11-29,fold_2,2011 US-downgrade + EU debt,0.005174018442630768,1,0.03629493713378906,1,0.03629493713378906,-0.0035402727662585676,,,,1,362.9493713378906,-0.0005919672548770905,0.048457056283950806,0.005174018442630768,2.051226385858985
2011-11-30,fold_2,2011 US-downgrade + EU debt,0.0020452961325645447,1,0.006892128381878138,1,0.006892128381878138,0.00335185561561957,,,,1,68.92128381878138,-0.004895154386758804,0.012162119150161743,0.0020452961325645447,0.37154584442518823
2011-12-01,fold_2,2011 US-downgrade + EU debt,0.009095609188079834,1,-0.002821733010932803,-1,-0.002821733010932803,0.0005301226046867669,,,,0,-28.21733010932803,-0.0003388933837413788,-0.011691782623529434,0.009095609188079834,-0.15238429575365461
2011-12-02,fold_2,2011 US-downgrade + EU debt,0.01215246319770813,1,0.010890672914683819,1,0.010890672914683819,0.011420795519370586,,,,1,108.90672914683819,0.0014830827713012695,0.007039838936179876,0.01215246319770813,0.6066935826487395
2011-12-05,fold_2,2011 US-downgrade + EU debt,0.008079934865236282,1,-0.0027989486698061228,-1,-0.0027989486698061228,0.008621846849564463,,,,0,-27.989486698061228,-0.0005776397883892059,-0.015138103626668453,0.008079934865236282,-0.15482394903360208
2011-12-06,fold_2,2011 US-downgrade + EU debt,0.009134724736213684,1,0.0,0,0.0,0.008621846849564463,,,,0,0.0,-0.002021782100200653,-0.02339749038219452,0.009134724736213684,0.0
2011-12-07,fold_2,2011 US-downgrade + EU debt,0.008686695247888565,1,-0.016961773857474327,-1,-0.016961773857474327,-0.008339927007909864,,,,0,-169.61773857474327,0.0006010718643665314,-0.039122771471738815,0.008686695247888565,-0.9509170080754884
2011-12-08,fold_2,2011 US-downgrade + EU debt,0.00391077995300293,1,0.015909889712929726,1,0.015909889712929726,0.0075699627050198615,,,,1,159.09889712929726,0.0023934170603752136,-0.024897422641515732,0.00391077995300293,0.9709272968258564
2011-12-09,fold_2,2011 US-downgrade + EU debt,0.005652830004692078,1,-0.011287270113825798,-1,-0.011287270113825798,-0.0037173074088059366,,,,0,-112.87270113825798,0.000873517245054245,-0.035672057420015335,0.005652830004692078,-0.6731594202347267
2011-12-12,fold_2,2011 US-downgrade + EU debt,0.002637512981891632,1,-0.01105833426117897,-1,-0.01105833426117897,-0.014775641669984907,,,,0,-110.5833426117897,0.003712989389896393,-0.03427647426724434,0.002637512981891632,-0.6728694141096118
2011-12-13,fold_2,2011 US-downgrade + EU debt,0.003999523818492889,1,-0.015725282952189445,-1,-0.015725282952189445,-0.030500924622174352,,,,0,-157.25282952189445,0.0038969572633504868,0.0059900484047830105,0.003999523818492889,-0.9495455651902264
2011-12-14,fold_2,2011 US-downgrade + EU debt,0.00827810913324356,1,-0.002736423397436738,-1,-0.002736423397436738,-0.03323734801961109,,,,0,-27.36423397436738,0.010118592530488968,0.007308221887797117,0.00827810913324356,-0.16338743523011157
2011-12-15,fold_2,2011 US-downgrade + EU debt,0.012320339679718018,1,0.005135253071784973,1,0.005135253071784973,-0.028102094947826117,,,,1,51.35253071784973,0.008056432008743286,0.018533855676651,0.012320339679718018,0.3142684862593917
2011-12-16,fold_2,2011 US-downgrade + EU debt,0.014109969139099121,1,-0.009891687892377377,-1,-0.009891687892377377,-0.037993782840203494,,,,0,-98.91687892377377,0.007406879216432571,0.021994922310113907,0.014109969139099121,-0.6382412654649806
2011-12-19,fold_2,2011 US-downgrade + EU debt,0.015280202031135559,1,0.029208188876509666,1,0.029208188876509666,-0.008785593963693827,,,,1,292.08188876509666,0.011156447231769562,0.03560950607061386,0.015280202031135559,1.8771779916831859
2011-12-20,fold_2,2011 US-downgrade + EU debt,0.009434107691049576,1,-0.014407109469175339,-1,-0.014407109469175339,-0.023192703432869166,,,,0,-144.0710946917534,-0.002941574901342392,-0.005223233252763748,0.009434107691049576,-0.8831967265206787
2011-12-21,fold_2,2011 US-downgrade + EU debt,0.012847483158111572,1,0.008489210158586502,1,0.008489210158586502,-0.014703493274282664,,,,1,84.89210158586502,-0.006865762174129486,0.016353648155927658,0.012847483158111572,0.5110574939016249
2011-12-22,fold_2,2011 US-downgrade + EU debt,0.008800022304058075,1,0.008596319705247879,1,0.008596319705247879,-0.006107173569034785,,,,1,85.96319705247879,-0.00633748434484005,0.005002554971724749,0.008800022304058075,0.5399180228938677
2011-12-23,fold_2,2011 US-downgrade + EU debt,0.009631156921386719,1,0.0037228951696306467,1,0.0037228951696306467,-0.0023842783994041383,,,,1,37.22895169630647,-0.005205944180488586,0.015389706939458847,0.009631156921386719,0.23349997107919782
2011-12-27,fold_2,2011 US-downgrade + EU debt,0.010388758033514023,1,-0.011624548584222794,-1,-0.011624548584222794,-0.014008826983626932,,,,0,-116.24548584222794,-0.008030924946069717,0.015876110643148422,0.010388758033514023,-0.8294704762865347
2011-12-28,fold_2,2011 US-downgrade + EU debt,0.009517483413219452,1,0.007169771008193493,1,0.007169771008193493,-0.006839055975433439,,,,1,71.69771008193493,-0.006988193839788437,0.03569252789020538,0.009517483413219452,0.5054421435318919
2011-12-29,fold_2,2011 US-downgrade + EU debt,0.006965436041355133,1,-0.002861881861463189,-1,-0.002861881861463189,-0.009700937836896628,,,,0,-28.61881861463189,-0.006769996136426926,0.03198814019560814,0.006965436041355133,-0.24368794404464716
2011-12-30,fold_2,2011 US-downgrade + EU debt,0.010227799415588379,1,0.018983472138643265,1,0.018983472138643265,0.009282534301746637,,,,1,189.83472138643265,-0.0042543187737464905,0.03155828267335892,0.010227799415588379,1.6280766304793013
2012-01-03,fold_2,2011 US-downgrade + EU debt,0.011877357959747314,1,0.004209298174828291,1,0.004209298174828291,0.013491832476574928,,,,1,42.09298174828291,0.0006835199892520905,0.019837142899632454,0.011877357959747314,0.3396611501012018
2012-01-04,fold_2,2011 US-downgrade + EU debt,0.011588368564844131,1,0.008191867731511593,1,0.008191867731511593,0.02168370020808652,,,,1,81.91867731511593,0.0021071769297122955,0.01769336871802807,0.011588368564844131,0.672157943262196
2012-01-05,fold_2,2011 US-downgrade + EU debt,0.012762561440467834,1,0.0034653828479349613,1,0.0034653828479349613,0.025149083056021482,,,,1,34.65382847934961,0.0015247296541929245,0.01344839483499527,0.012762561440467834,0.28154617876989074
2012-01-06,fold_2,2011 US-downgrade + EU debt,0.012470453977584839,1,-0.0032917384523898363,-1,-0.0032917384523898363,0.021857344603631645,,,,0,-32.91738452389836,0.0006608124822378159,0.00638009374961257,0.012470453977584839,-0.26690995994171485
2012-01-09,fold_2,2011 US-downgrade + EU debt,0.012352608144283295,1,0.0072623323649168015,1,0.0072623323649168015,0.029119676968548447,,,,1,72.62332364916801,0.00149630568921566,0.018740149214863777,0.012352608144283295,0.6176430054681394
2012-01-10,fold_2,2011 US-downgrade + EU debt,0.012737840414047241,1,0.0020655242260545492,1,0.0020655242260545492,0.031185201194602996,,,,1,20.655242260545492,0.003171747550368309,0.024675680324435234,0.012737840414047241,0.18240113183113085
2012-01-11,fold_2,2011 US-downgrade + EU debt,0.01449044793844223,1,0.003946894314140081,1,0.003946894314140081,0.03513209550874308,,,,1,39.468943141400814,0.0035503171384334564,0.028810633346438408,0.01449044793844223,0.3572210027434997
2012-01-12,fold_2,2011 US-downgrade + EU debt,0.013854525983333588,1,-0.0036029184702783823,-1,-0.0036029184702783823,0.031529177038464695,,,,0,-36.02918470278382,0.000874791294336319,0.023359356448054314,0.013854525983333588,-0.33345716869875647
2012-01-13,fold_2,2011 US-downgrade + EU debt,0.013358309864997864,1,0.009068316780030727,1,0.009068316780030727,0.04059749381849542,,,,1,90.68316780030727,0.0013980977237224579,0.027296697720885277,0.013358309864997864,0.8848621991021048
2012-01-17,fold_2,2011 US-downgrade + EU debt,0.0121421217918396,1,0.013197863474488258,1,0.013197863474488258,0.05379535729298368,,,,1,131.97863474488258,-0.0015889648348093033,0.01638673059642315,0.0121421217918396,1.2654933739685277
2012-01-18,fold_2,2011 US-downgrade + EU debt,0.010346978902816772,1,0.006200478412210941,1,0.006200478412210941,0.05999583570519462,,,,1,62.00478412210941,-0.0016520507633686066,0.015677636489272118,0.010346978902816772,0.5753151595477494
2012-01-19,fold_2,2011 US-downgrade + EU debt,0.010029911994934082,1,-0.0015043833991512656,-1,-0.0015043833991512656,0.05849145230604336,,,,0,-15.043833991512656,0.00029714033007621765,0.005996078252792358,0.010029911994934082,-0.14140463209322943
2012-01-20,fold_2,2011 US-downgrade + EU debt,0.010917183011770248,1,0.0003344228898640722,1,0.0003344228898640722,0.05882587519590743,,,,1,3.344228898640722,-0.0009653531014919281,0.010485036298632622,0.010917183011770248,0.039788999324111236
2012-01-23,fold_2,2011 US-downgrade + EU debt,0.010519333183765411,1,-0.001841651159338653,-1,-0.001841651159338653,0.056984224036568776,,,,0,-18.41651159338653,0.0002248808741569519,0.010978174395859241,0.010519333183765411,-0.23722331805890484
2012-01-24,fold_2,2011 US-downgrade + EU debt,0.012642323970794678,1,0.012488769367337227,1,0.012488769367337227,0.069472993403906,,,,1,124.88769367337227,0.0022201165556907654,0.014142458327114582,0.012642323970794678,1.6565615210635705
2012-01-25,fold_2,2011 US-downgrade + EU debt,0.011997096240520477,1,-0.0034810793586075306,-1,-0.0034810793586075306,0.06599191404529847,,,,0,-34.810793586075306,0.002077057957649231,0.009716147556900978,0.011997096240520477,-0.44592694704213065
2012-01-26,fold_2,2011 US-downgrade + EU debt,0.010410595685243607,1,0.0029845747631043196,1,0.0029845747631043196,0.06897648880840279,,,,1,29.845747631043196,0.0006497129797935486,0.01630597747862339,0.010410595685243607,0.38259811683906547
2012-01-27,fold_2,2011 US-downgrade + EU debt,0.009188089519739151,1,0.000827561307232827,1,0.000827561307232827,0.06980405011563562,,,,1,8.27561307232827,-0.0037043727934360504,0.026951424777507782,0.009188089519739151,0.11205640185162051
2012-01-30,fold_2,2011 US-downgrade + EU debt,0.008865956217050552,1,0.0013226325390860438,1,0.0013226325390860438,0.07112668265472166,,,,1,13.226325390860438,-0.004331380128860474,0.025317996740341187,0.008865956217050552,0.18340650606887668
2012-01-31,fold_2,2011 US-downgrade + EU debt,0.00914442166686058,1,0.008062458597123623,1,0.008062458597123623,0.07918914125184529,,,,1,80.62458597123623,-0.006054261699318886,0.026089711114764214,0.00914442166686058,1.1214809968773007
2012-02-01,fold_2,2011 US-downgrade + EU debt,0.010148510336875916,1,0.003108750795945525,1,0.003108750795945525,0.08229789204779081,,,,1,31.08750795945525,-0.0036106817424297333,0.023324616253376007,0.010148510336875916,0.5116638443727852
2012-02-02,fold_2,2011 US-downgrade + EU debt,0.009958386421203613,1,0.01363002136349678,1,0.01363002136349678,0.09592791341128759,,,,1,136.3002136349678,-0.0015480443835258484,0.027394801378250122,0.009958386421203613,2.2556782061599634
2012-02-03,fold_2,2011 US-downgrade + EU debt,0.010284572839736938,1,-0.0008058656821958721,-1,-0.0008058656821958721,0.09512204772909172,,,,0,-8.05865682195872,-0.002014242112636566,0.006745867431163788,0.010284572839736938,-0.12369304079839814
2012-02-06,fold_2,2011 US-downgrade + EU debt,0.010264825075864792,1,0.0020943458657711744,1,0.0020943458657711744,0.0972163935948629,,,,1,20.943458657711744,-0.0023232679814100266,0.01679355278611183,0.010264825075864792,0.3236356149482816
2012-02-07,fold_2,2011 US-downgrade + EU debt,0.012685433030128479,1,0.005297363270074129,1,0.005297363270074129,0.10251375686493702,,,,1,52.97363270074129,-0.0024126581847667694,0.01723337359726429,0.012685433030128479,0.8217622714312218
2012-02-08,fold_2,2011 US-downgrade + EU debt,0.011676747351884842,1,0.0071789356879889965,1,0.0071789356879889965,0.10969269255292602,,,,1,71.78935687988997,0.00061793252825737,0.004950869362801313,0.011676747351884842,1.130556543370586
2012-02-09,fold_2,2011 US-downgrade + EU debt,0.010209329426288605,1,-0.007018911652266979,-1,-0.007018911652266979,0.10267378090065904,,,,0,-70.18911652266979,0.0009086132049560547,0.01137989480048418,0.010209329426288605,-1.074317083326856
2012-02-10,fold_2,2011 US-downgrade + EU debt,0.007108788937330246,1,0.009241819381713867,1,0.009241819381713867,0.1119156002823729,,,,1,92.41819381713867,0.0011471956968307495,0.015250276774168015,0.007108788937330246,1.3874465085316885
2012-02-13,fold_2,2011 US-downgrade + EU debt,0.007476288825273514,1,0.00253416714258492,1,0.00253416714258492,0.11444976742495783,,,,1,25.3416714258492,-0.0036554671823978424,0.00884240958839655,0.007476288825273514,0.3658105560002509
2012-02-14,fold_2,2011 US-downgrade + EU debt,0.007562510669231415,1,-0.006985141430050135,-1,-0.006985141430050135,0.10746462599490769,,,,0,-69.85141430050135,-0.004072226583957672,0.001738892518915236,0.007562510669231415,-1.0506623351197235
2012-02-15,fold_2,2011 US-downgrade + EU debt,0.007913172245025635,1,0.013607961125671864,1,0.013607961125671864,0.12107258712057956,,,,1,136.07961125671864,0.0003246478736400604,0.015335114672780037,0.007913172245025635,2.209520931384703
2012-02-16,fold_2,2011 US-downgrade + EU debt,0.007841289043426514,1,-0.003148529212921858,-1,-0.003148529212921858,0.1179240579076577,,,,0,-31.48529212921858,-0.003682563081383705,0.005172334145754576,0.007841289043426514,-0.4679680087542468
2012-02-17,fold_2,2011 US-downgrade + EU debt,0.006527211517095566,1,0.0028339524287730455,1,0.0028339524287730455,0.12075801033643074,,,,1,28.339524287730455,-0.005179479718208313,0.009727438911795616,0.006527211517095566,0.41944385103734144
2012-02-21,fold_2,2011 US-downgrade + EU debt,0.008757691830396652,1,-0.004569350276142359,-1,-0.004569350276142359,0.11618866006028838,,,,0,-45.69350276142359,-0.006782520562410355,0.016990341246128082,0.008757691830396652,-0.6733801069912754
2012-02-22,fold_2,2011 US-downgrade + EU debt,0.010357741266489029,1,0.006611080374568701,1,0.006611080374568701,0.12279974043485709,,,,1,66.11080374568701,-0.005115341395139694,0.01706789620220661,0.010357741266489029,0.9651470783620054
2012-02-23,fold_2,2011 US-downgrade + EU debt,0.008684895932674408,1,0.003445180831477046,1,0.003445180831477046,0.12624492126633413,,,,1,34.45180831477046,-0.005260806530714035,0.018343226984143257,0.008684895932674408,0.5360447494646549
2012-02-24,fold_2,2011 US-downgrade + EU debt,0.008712895214557648,1,0.001406575320288539,1,0.001406575320288539,0.12765149658662267,,,,1,14.06575320288539,-0.005659516900777817,0.014127819798886776,0.008712895214557648,0.21888569425971233
2012-02-27,fold_2,2011 US-downgrade + EU debt,0.007266301661729813,1,0.010096855461597443,1,0.010096855461597443,0.1377483520482201,,,,1,100.96855461597443,-0.0057792700827121735,0.002339030848816037,0.007266301661729813,1.5778658998156045
2012-02-28,fold_2,2011 US-downgrade + EU debt,0.010296031832695007,1,-0.004491796251386404,-1,-0.004491796251386404,0.1332565557968337,,,,0,-44.91796251386404,-0.008033424615859985,-0.01761925034224987,0.010296031832695007,-0.662199871345816
2012-02-29,fold_2,2011 US-downgrade + EU debt,0.011350229382514954,1,0.007886411622166634,1,0.007886411622166634,0.14114296741900034,,,,1,78.86411622166634,-0.004507038742303848,-0.005449074786156416,0.011350229382514954,1.151179852539622
2012-03-01,fold_2,2011 US-downgrade + EU debt,0.010020624846220016,1,-0.0007702261791564524,-1,-0.0007702261791564524,0.1403727412398439,,,,0,-7.702261791564524,-0.003952357918024063,-0.0026220991276204586,0.010020624846220016,-0.1125984819999919
2012-03-02,fold_2,2011 US-downgrade + EU debt,0.008591897785663605,1,-0.0103822136297822,-1,-0.0103822136297822,0.1299905276100617,,,,0,-103.822136297822,-0.0035655908286571503,0.0023094317875802517,0.008591897785663605,-1.5251736877537474
2012-03-05,fold_2,2011 US-downgrade + EU debt,0.006946362555027008,1,-0.009861424565315247,-1,-0.009861424565315247,0.12012910304474644,,,,0,-98.61424565315247,-0.0018785372376441956,0.013153144158422947,0.006946362555027008,-1.5137589597575667
2012-03-06,fold_2,2011 US-downgrade + EU debt,0.005633585155010223,1,0.007678378373384476,1,0.007678378373384476,0.12780748141813092,,,,1,76.78378373384476,0.005007835105061531,0.04144495725631714,0.005633585155010223,1.1168153240786654
2012-03-07,fold_2,2011 US-downgrade + EU debt,0.0058424025774002075,1,0.010713387280702591,1,0.010713387280702591,0.1385208686988335,,,,1,107.13387280702591,0.002556171268224716,0.037231557071208954,0.0058424025774002075,1.5151388808677082
2012-03-08,fold_2,2011 US-downgrade + EU debt,0.008438192307949066,1,0.004161304794251919,1,0.004161304794251919,0.14268217349308543,,,,1,41.61304794251919,-0.0016423631459474564,0.029371794313192368,0.008438192307949066,0.5645424096506517
2012-03-09,fold_2,2011 US-downgrade + EU debt,0.009084660559892654,1,0.0004614990612026304,1,0.0004614990612026304,0.14314367255428806,,,,1,4.614990612026304,-0.0020592883229255676,0.024503981694579124,0.009084660559892654,0.06361889606810102
2012-03-12,fold_2,2011 US-downgrade + EU debt,0.011126134544610977,1,0.01843038946390152,1,0.01843038946390152,0.16157406201818958,,,,1,184.3038946390152,-0.007578602060675621,0.03108314424753189,0.011126134544610977,2.602040314567907
2012-03-13,fold_2,2011 US-downgrade + EU debt,0.012640006840229034,1,0.0034649777226150036,1,0.0034649777226150036,0.16503903974080458,,,,1,34.649777226150036,-0.0024942420423030853,0.01444236095994711,0.012640006840229034,0.43695195041424706
2012-03-14,fold_2,2011 US-downgrade + EU debt,0.014847822487354279,1,0.0028536233585327864,1,0.0028536233585327864,0.16789266309933737,,,,1,28.536233585327864,-0.0007829293608665466,0.011126581579446793,0.014847822487354279,0.35906071161865233
2012-03-15,fold_2,2011 US-downgrade + EU debt,0.013009510934352875,1,-0.0007065081736072898,-1,-0.0007065081736072898,0.16718615492573008,,,,0,-7.065081736072898,0.0017174165695905685,0.006184988189488649,0.013009510934352875,-0.09036301955303956
2012-03-16,fold_2,2011 US-downgrade + EU debt,0.01096346229314804,1,0.007040662225335836,1,0.007040662225335836,0.17422681715106592,,,,1,70.40662225335836,-0.001555081456899643,0.006294159684330225,0.01096346229314804,0.9773428193550118
2012-03-19,fold_2,2011 US-downgrade + EU debt,0.012133866548538208,1,0.0017896058270707726,1,0.0017896058270707726,0.1760164229781367,,,,1,17.896058270707726,0.002254646271467209,0.016580747440457344,0.012133866548538208,0.24380827020648896
2012-03-20,fold_2,2011 US-downgrade + EU debt,0.013601690530776978,1,0.0001491978910053149,1,0.0001491978910053149,0.176165620869142,,,,1,1.4919789100531489,-7.543712854385376e-05,0.01625809818506241,0.013601690530776978,0.020371779229221194
2012-03-21,fold_2,2011 US-downgrade + EU debt,0.012811608612537384,1,-0.002087969798594713,-1,-0.002087969798594713,0.1740776510705473,,,,0,-20.879697985947132,-0.00032585300505161285,0.01214273739606142,0.012811608612537384,-0.2879080999137984
2012-03-22,fold_2,2011 US-downgrade + EU debt,0.011149495840072632,1,-0.0005973368533886969,-1,-0.0005973368533886969,0.1734803142171586,,,,0,-5.973368533886969,0.0002238582819700241,0.010396905243396759,0.011149495840072632,-0.0839512847838132
2012-03-23,fold_2,2011 US-downgrade + EU debt,0.010816197842359543,1,0.01732725091278553,1,0.01732725091278553,0.19080756512994412,,,,1,173.2725091278553,0.0029308348894119263,0.009071050211787224,0.010816197842359543,2.4491804812367133
2012-03-26,fold_2,2011 US-downgrade + EU debt,0.011679437011480331,1,0.001466956571675837,1,0.001466956571675837,0.19227452170161996,,,,1,14.66956571675837,-0.0009232461452484131,0.0020533644128590822,0.011679437011480331,0.18200350488989153
2012-03-27,fold_2,2011 US-downgrade + EU debt,0.013206079602241516,1,-0.003966162912547588,-1,-0.003966162912547588,0.18830835878907237,,,,0,-39.66162912547588,-0.0034105870872735977,0.0002936256059911102,0.013206079602241516,-0.5121378390983127
2012-03-28,fold_2,2011 US-downgrade + EU debt,0.0156373530626297,1,-0.0038338019512593746,-1,-0.0038338019512593746,0.184474556837813,,,,0,-38.338019512593746,-0.002574857324361801,-0.0094646867364645,0.0156373530626297,-0.49596645392931077
2012-03-29,fold_2,2011 US-downgrade + EU debt,0.015072450041770935,1,-0.001923191943205893,-1,-0.001923191943205893,0.1825513648946071,,,,0,-19.23191943205893,-0.0033835507929325104,0.000590998271945864,0.015072450041770935,-0.2538937655513964
2014-02-21,fold_3,Taper tantrum and 2014 H1,0.006498564034700394,1,0.005323662888258696,1,0.005323662888258696,0.005323662888258696,,,,1,53.236628882586956,-0.004426769912242889,0.008691264316439629,0.006498564034700394,0.49226051732137377
2014-02-24,fold_3,Taper tantrum and 2014 H1,0.0053759366273880005,1,-0.001106994808651507,-1,-0.001106994808651507,0.004216668079607189,,,,0,-11.069948086515069,-0.0039837174117565155,-0.00407614978030324,0.0053759366273880005,-0.11145365394766149
2014-02-25,fold_3,Taper tantrum and 2014 H1,0.006765108555555344,1,-0.000885732239112258,-1,-0.000885732239112258,0.0033309358404949307,,,,0,-8.85732239112258,-0.004377180710434914,0.009663728065788746,0.006765108555555344,-0.09136686309462048
2014-02-26,fold_3,Taper tantrum and 2014 H1,0.008260075002908707,1,0.006466743536293507,1,0.006466743536293507,0.009797679376788437,,,,1,64.66743536293507,-0.0033476371318101883,0.013298643752932549,0.008260075002908707,0.6669918548421834
2014-02-27,fold_3,Taper tantrum and 2014 H1,0.005863230675458908,1,-0.0011064147111028433,-1,-0.0011064147111028433,0.008691264665685594,,,,0,-11.064147111028433,-0.0018956921994686127,0.005953503772616386,0.005863230675458908,-0.1164405687605777
2014-02-28,fold_3,Taper tantrum and 2014 H1,0.007452115416526794,1,-0.007443751208484173,-1,-0.007443751208484173,0.0012475134572014213,,,,0,-74.43751208484173,-0.0021845009177923203,0.002101438818499446,0.007452115416526794,-0.8678280809274966
2014-03-03,fold_3,Taper tantrum and 2014 H1,0.0046493858098983765,1,0.0126328831538558,1,0.0126328831538558,0.013880396611057222,,,,1,126.328831538558,0.0015320256352424622,0.010427766479551792,0.0046493858098983765,1.449198935767308
2014-03-04,fold_3,Taper tantrum and 2014 H1,0.0065045952796936035,1,0.002749183913692832,1,0.002749183913692832,0.016629580524750054,,,,1,27.49183913692832,-0.001988787204027176,-0.006517944857478142,0.0065045952796936035,0.36409727286672033
2014-03-05,fold_3,Taper tantrum and 2014 H1,0.0078055113554000854,1,-0.000878396793268621,-1,-0.000878396793268621,0.015751183731481433,,,,0,-8.78396793268621,-0.0007722713053226471,-0.00550622446462512,0.0078055113554000854,-0.11876164717620236
2014-03-06,fold_3,Taper tantrum and 2014 H1,0.008384577929973602,1,-0.004958479665219784,-1,-0.004958479665219784,0.010792704066261649,,,,0,-49.58479665219784,0.0005136784166097641,-0.018862556666135788,0.008384577929973602,-0.6722333900953021
2014-03-07,fold_3,Taper tantrum and 2014 H1,0.008406076580286026,1,0.0008825759869068861,1,0.0008825759869068861,0.011675280053168535,,,,1,8.825759869068861,0.0016020536422729492,-0.020760266110301018,0.008406076580286026,0.1279116911000885
2014-03-10,fold_3,Taper tantrum and 2014 H1,0.009933806955814362,1,-0.004312828183174133,-1,-0.004312828183174133,0.007362451869994402,,,,0,-43.12828183174133,-0.0008162148296833038,-0.012884118594229221,0.009933806955814362,-0.7622219523205848
2014-03-11,fold_3,Taper tantrum and 2014 H1,0.01052786037325859,1,0.0037609043065458536,1,0.0037609043065458536,0.011123356176540256,,,,1,37.609043065458536,0.0011256299912929535,0.003430252429097891,0.01052786037325859,0.6720760088848108
2014-03-12,fold_3,Taper tantrum and 2014 H1,0.011017460376024246,1,-0.01423472911119461,-1,-0.01423472911119461,-0.003111372934654355,,,,0,-142.3472911119461,-0.0016089193522930145,-0.00575813977047801,0.011017460376024246,-2.812872408524843
2014-03-13,fold_3,Taper tantrum and 2014 H1,0.008939731866121292,1,-0.006856187712401152,-1,-0.006856187712401152,-0.009967560647055507,,,,0,-68.56187712401152,0.006321661174297333,0.01124925073236227,0.008939731866121292,-1.1497802921245706
2014-03-14,fold_3,Taper tantrum and 2014 H1,0.007769804447889328,1,0.008758722804486752,1,0.008758722804486752,-0.0012088378425687551,,,,1,87.58722804486752,0.006965853273868561,0.005999579560011625,0.007769804447889328,1.4767679021712654
2014-03-17,fold_3,Taper tantrum and 2014 H1,0.00972701609134674,1,0.012001542374491692,1,0.012001542374491692,0.010792704531922936,,,,1,120.01542374491692,0.0022686850279569626,-0.011562190018594265,0.00972701609134674,1.926450667269544
2014-03-18,fold_3,Taper tantrum and 2014 H1,0.010027490556240082,1,-0.005427488125860691,-1,-0.005427488125860691,0.005365216406062245,,,,0,-54.27488125860691,-0.002140706405043602,-0.020281963050365448,0.010027490556240082,-0.8107154202653549
2014-03-19,fold_3,Taper tantrum and 2014 H1,0.010727263987064362,1,0.0027726609259843826,1,0.0027726609259843826,0.008137877332046628,,,,1,27.726609259843826,0.0016611181199550629,-0.02781808003783226,0.010727263987064362,0.41839638687375774
2014-03-20,fold_3,Taper tantrum and 2014 H1,0.009542953222990036,1,-0.012105858884751797,-1,-0.012105858884751797,-0.003967981552705169,,,,0,-121.05858884751797,0.00033744797110557556,-0.03621464595198631,0.009542953222990036,-1.8416946564998837
2014-03-21,fold_3,Taper tantrum and 2014 H1,0.009084749966859818,1,-0.008803046308457851,-1,-0.008803046308457851,-0.01277102786116302,,,,0,-88.03046308457851,-0.001423947513103485,-0.02215406857430935,0.009084749966859818,-1.239424755320805
2014-03-24,fold_3,Taper tantrum and 2014 H1,0.00802825391292572,1,0.003281768411397934,1,0.003281768411397934,-0.009489259449765086,,,,1,32.81768411397934,0.0019910652190446854,-0.0062537225894629955,0.00802825391292572,0.4511965566791618
2014-03-25,fold_3,Taper tantrum and 2014 H1,0.009983494877815247,1,-0.012963604182004929,-1,-0.012963604182004929,-0.022452863631770015,,,,0,-129.6360418200493,0.002350989729166031,0.00787755660712719,0.009983494877815247,-1.7743265739366645
2014-03-26,fold_3,Taper tantrum and 2014 H1,0.011153873056173325,1,-0.005623903591185808,-1,-0.005623903591185808,-0.028076767222955823,,,,0,-56.23903591185808,0.004278825595974922,0.02341604046523571,0.011153873056173325,-0.7157141756594412
2014-03-27,fold_3,Taper tantrum and 2014 H1,0.010276637971401215,1,0.0019547175616025925,1,0.0019547175616025925,-0.02612204966135323,,,,1,19.547175616025925,0.004849785938858986,0.02107001282274723,0.010276637971401215,0.24979581633408446
2014-03-28,fold_3,Taper tantrum and 2014 H1,0.00890844315290451,1,0.0070972987450659275,1,0.0070972987450659275,-0.019024750916287303,,,,1,70.97298745065928,0.0006544291973114014,-0.007842288352549076,0.00890844315290451,0.9060127079641355
2014-03-31,fold_3,Taper tantrum and 2014 H1,0.006517816334962845,1,0.017413048073649406,1,0.017413048073649406,-0.0016117028426378965,,,,1,174.13048073649406,-0.0011330321431159973,-0.0244788508862257,0.006517816334962845,2.2274561662872308
2014-04-01,fold_3,Taper tantrum and 2014 H1,0.00894143432378769,1,0.0025748794432729483,1,0.0025748794432729483,0.0009631766006350517,,,,1,25.748794432729483,-0.0002766512334346771,-0.03270028531551361,0.00894143432378769,0.31157741244076076
2014-04-02,fold_3,Taper tantrum and 2014 H1,0.009960364550352097,1,-0.007969930768013,-1,-0.007969930768013,-0.007006754167377949,,,,0,-79.69930768013,-0.0011413302272558212,-0.018278267234563828,0.009960364550352097,-0.9647420670863133
2014-04-03,fold_3,Taper tantrum and 2014 H1,0.00976083055138588,1,-0.02695758268237114,-1,-0.02695758268237114,-0.03396433684974909,,,,0,-269.5758268237114,-0.0009496137499809265,-0.04177101328969002,0.00976083055138588,-3.1906397371676727
2014-04-04,fold_3,Taper tantrum and 2014 H1,0.0084681436419487,1,-0.009539262391626835,-1,-0.009539262391626835,-0.04350359924137592,,,,0,-95.39262391626835,0.0036140121519565582,-0.026514969766139984,0.0084681436419487,-0.9243960077394551
2014-04-07,fold_3,Taper tantrum and 2014 H1,0.0056905001401901245,1,0.009191613644361496,1,0.009191613644361496,-0.03431198559701443,,,,1,91.91613644361496,0.007588282227516174,-0.00915968231856823,0.0056905001401901245,0.8724212064864433
2014-04-08,fold_3,Taper tantrum and 2014 H1,0.009424477815628052,1,0.016996895894408226,1,0.016996895894408226,-0.0173150897026062,,,,1,169.96895894408226,0.005854837596416473,-0.015053289011120796,0.009424477815628052,1.5898401667635498
2014-04-09,fold_3,Taper tantrum and 2014 H1,0.0080210380256176,1,-0.03146267682313919,-1,-0.03146267682313919,-0.04877776652574539,,,,0,-314.6267682313919,0.0024415943771600723,-0.018851255998015404,0.0080210380256176,-2.7805663507372933
2014-04-10,fold_3,Taper tantrum and 2014 H1,0.006909843534231186,1,-0.01170154195278883,-1,-0.01170154195278883,-0.06047930847853422,,,,0,-117.0154195278883,0.006984304636716843,0.012843403033912182,0.006909843534231186,-0.9044168442628483
2014-04-11,fold_3,Taper tantrum and 2014 H1,0.0066633522510528564,1,0.007816024124622345,1,0.007816024124622345,-0.05266328435391188,,,,1,78.16024124622345,0.009214431047439575,0.031941864639520645,0.0066633522510528564,0.5961510368720718
2014-04-14,fold_3,Taper tantrum and 2014 H1,0.007507462054491043,1,0.0032980076503008604,1,0.0032980076503008604,-0.049365276703611016,,,,1,32.980076503008604,0.005794994533061981,0.0320403128862381,0.007507462054491043,0.25212227676228055
2014-04-15,fold_3,Taper tantrum and 2014 H1,0.010896578431129456,1,0.013198929838836193,1,0.013198929838836193,-0.03616634686477482,,,,1,131.98929838836193,0.008773259818553925,0.01990613155066967,0.010896578431129456,1.029239149505944
2014-04-16,fold_3,Taper tantrum and 2014 H1,0.009354375302791595,1,0.0002319830673513934,1,0.0002319830673513934,-0.03593436379742343,,,,1,2.319830673513934,0.004042714834213257,0.016228817403316498,0.009354375302791595,0.017704409515367756
2014-04-17,fold_3,Taper tantrum and 2014 H1,0.004926592111587524,1,0.007396920118480921,1,0.007396920118480921,-0.02853744367894251,,,,1,73.96920118480921,0.0006226412951946259,-0.00011613046081038192,0.004926592111587524,0.5651443196261554
2014-04-21,fold_3,Taper tantrum and 2014 H1,0.0031683482229709625,1,0.007914471440017223,1,0.007914471440017223,-0.020622972238925286,,,,1,79.14471440017223,-0.0030589960515499115,-0.004269872326403856,0.0031683482229709625,0.6129573868021266
2014-04-22,fold_3,Taper tantrum and 2014 H1,0.008407611399888992,1,-0.008836171589791775,-1,-0.008836171589791775,-0.02945914382871706,,,,0,-88.36171589791775,-0.0018052160739898682,-0.004236620385199785,0.008407611399888992,-0.685870461320646
2014-04-23,fold_3,Taper tantrum and 2014 H1,0.009708385914564133,1,0.009521614760160446,1,0.009521614760160446,-0.019937529068556614,,,,1,95.21614760160446,-0.0036097951233386993,0.007235391531139612,0.009708385914564133,0.7316941727822702
2014-04-24,fold_3,Taper tantrum and 2014 H1,0.009290240705013275,1,-0.01611296460032463,-1,-0.01611296460032463,-0.036050493668881245,,,,0,-161.1296460032463,-0.001803981140255928,0.0006843045121058822,0.009290240705013275,-1.252605071352228
2014-04-25,fold_3,Taper tantrum and 2014 H1,0.009791359305381775,1,0.0032431783620268106,1,0.0032431783620268106,-0.032807315306854434,,,,1,32.43178362026811,0.0009684525430202484,0.01497045811265707,0.009791359305381775,0.2438609425001167
2014-04-28,fold_3,Taper tantrum and 2014 H1,0.009530648589134216,1,0.00794772244989872,1,0.00794772244989872,-0.024859592856955715,,,,1,79.4772244989872,3.571808338165283e-05,0.016970984637737274,0.009530648589134216,0.5970399685811895
2014-04-29,fold_3,Taper tantrum and 2014 H1,0.010359354317188263,1,0.0026358403265476227,1,0.0026358403265476227,-0.022223752530408092,,,,1,26.358403265476227,-0.0002045556902885437,-0.004023039247840643,0.010359354317188263,0.19765020906525657
2014-04-30,fold_3,Taper tantrum and 2014 H1,0.009204782545566559,1,0.002970527159050107,1,0.002970527159050107,-0.019253225371357985,,,,1,29.70527159050107,-0.004199374467134476,-0.00954312551766634,0.009204782545566559,0.2326464559028697
2014-05-01,fold_3,Taper tantrum and 2014 H1,0.009992696344852448,1,-0.0018268103012815118,-1,-0.0018268103012815118,-0.021080035672639497,,,,0,-18.268103012815118,-0.0006121154874563217,-0.013438626192510128,0.009992696344852448,-0.14302445624634064
2014-05-02,fold_3,Taper tantrum and 2014 H1,0.0077667236328125,1,0.005243705119937658,1,0.005243705119937658,-0.01583633055270184,,,,1,52.43705119937658,-0.0004139356315135956,-0.007918200455605984,0.0077667236328125,0.41437903964715017
2014-05-05,fold_3,Taper tantrum and 2014 H1,0.0061509981751441956,1,-0.013046301901340485,-1,-0.013046301901340485,-0.028882632454042323,,,,0,-130.46301901340485,-0.0031818225979804993,0.003178476123139262,0.0061509981751441956,-1.1660932572157228
2014-05-06,fold_3,Taper tantrum and 2014 H1,0.009236924350261688,1,-0.002884245477616787,-1,-0.002884245477616787,-0.03176687793165911,,,,0,-28.84245477616787,0.0010895319283008575,0.016904594376683235,0.009236924350261688,-0.25381310969980364
2014-05-07,fold_3,Taper tantrum and 2014 H1,0.008774109184741974,1,-0.0009249738068319857,-1,-0.0009249738068319857,-0.032691851738491096,,,,0,-9.249738068319857,0.0005862470716238022,0.01456519030034542,0.008774109184741974,-0.08262502824968634
2014-05-08,fold_3,Taper tantrum and 2014 H1,0.007540199905633926,1,0.003693615784868598,1,0.003693615784868598,-0.028998235953622498,,,,1,36.93615784868598,0.0032223928719758987,0.00760283088311553,0.007540199905633926,0.3507050202758788
2014-05-09,fold_3,Taper tantrum and 2014 H1,0.004822645336389542,1,0.016340382397174835,1,0.016340382397174835,-0.012657853556447662,,,,1,163.40382397174835,0.0031604748219251633,0.010429514572024345,0.004822645336389542,2.073398925339283
2014-05-12,fold_3,Taper tantrum and 2014 H1,0.0037106648087501526,1,0.0006798167596571147,1,0.0006798167596571147,-0.011978036796790548,,,,1,6.798167596571147,-0.0004391353577375412,0.0010198835516348481,0.0037106648087501526,0.08207038410880037
2014-05-13,fold_3,Taper tantrum and 2014 H1,0.0052528902888298035,1,-0.005223650485277176,-1,-0.005223650485277176,-0.017201687282067724,,,,0,-52.23650485277176,-0.0008107461035251617,-0.00328986463136971,0.0052528902888298035,-0.6450313470035096
2014-05-14,fold_3,Taper tantrum and 2014 H1,0.0068033114075660706,1,-0.007887332700192928,-1,-0.007887332700192928,-0.025089019982260652,,,,0,-78.87332700192928,-0.0008645132184028625,0.011433972977101803,0.0068033114075660706,-0.9679146831549944
2014-05-15,fold_3,Taper tantrum and 2014 H1,0.005873296409845352,1,0.006520299706608057,1,0.006520299706608057,-0.018568720275652595,,,,1,65.20299706608057,0.00023470818996429443,0.023701516911387444,0.005873296409845352,0.8361923425833073
2014-05-16,fold_3,Taper tantrum and 2014 H1,0.0026434101164340973,1,0.0069307503290474415,1,0.0069307503290474415,-0.011637969946605153,,,,1,69.30750329047441,-0.0014602132141590118,0.02443923056125641,0.0026434101164340973,0.8737077739859721
2014-05-19,fold_3,Taper tantrum and 2014 H1,0.003439567983150482,1,-0.0036299314815551043,-1,-0.0036299314815551043,-0.015267901428160258,,,,0,-36.29931481555104,-0.0010060444474220276,0.029892729595303535,0.003439567983150482,-0.45881738372934977
2014-05-20,fold_3,Taper tantrum and 2014 H1,0.005223404616117477,1,0.009500186890363693,1,0.009500186890363693,-0.005767714537796564,,,,1,95.00186890363693,0.002222953364253044,0.03044099360704422,0.005223404616117477,1.225258190591561
2014-05-21,fold_3,Taper tantrum and 2014 H1,0.004749201238155365,1,0.004380210768431425,1,0.004380210768431425,-0.0013875037693651393,,,,1,43.80210768431425,0.00033111125230789185,0.027313604950904846,0.004749201238155365,0.5620858252523185
2014-05-22,fold_3,Taper tantrum and 2014 H1,0.006868727505207062,1,0.007258014287799597,1,0.007258014287799597,0.0058705105184344575,,,,1,72.58014287799597,0.00025724247097969055,0.023042934015393257,0.006868727505207062,0.9600542360580507
2014-05-23,fold_3,Taper tantrum and 2014 H1,0.006079312413930893,1,0.012384248897433281,1,0.012384248897433281,0.01825475941586774,,,,1,123.84248897433281,1.5579164028167725e-05,0.014798999764025211,0.006079312413930893,1.8101637895137987
2014-05-27,fold_3,Taper tantrum and 2014 H1,0.006754521280527115,1,-0.0030816674698144197,-1,-0.0030816674698144197,0.015173091946053319,,,,0,-30.816674698144197,-0.001840047538280487,0.0019759966526180506,0.006754521280527115,-0.4195607894926704
2014-05-28,fold_3,Taper tantrum and 2014 H1,0.009033769369125366,1,0.006372798699885607,1,0.006372798699885607,0.021545890645938925,,,,1,63.72798699885607,-0.000718291848897934,0.008779807947576046,0.009033769369125366,0.8900581927586882
2014-05-29,fold_3,Taper tantrum and 2014 H1,0.007835578173398972,1,0.00010953944001812488,1,0.00010953944001812488,0.02165543008595705,,,,1,1.0953944001812488,-0.002059008926153183,0.010785252787172794,0.007835578173398972,0.015053706886225565
2014-05-30,fold_3,Taper tantrum and 2014 H1,0.007809992879629135,1,-0.0009859201963990927,-1,-0.0009859201963990927,0.020669509889557958,,,,0,-9.859201963990927,-0.0021979808807373047,0.01640191674232483,0.007809992879629135,-0.13605960599780215
2014-06-02,fold_3,Taper tantrum and 2014 H1,0.008413996547460556,1,-0.00043875392293557525,-1,-0.00043875392293557525,0.020230755966622382,,,,0,-4.3875392293557525,-0.0020263195037841797,0.016633290797472,0.008413996547460556,-0.060617508986671356
2014-06-03,fold_3,Taper tantrum and 2014 H1,0.011094771325588226,1,0.003722143592312932,1,0.003722143592312932,0.023952899558935314,,,,1,37.22143592312932,-0.001968253403902054,0.018795523792505264,0.011094771325588226,0.52107920808085
2014-06-04,fold_3,Taper tantrum and 2014 H1,0.011310368776321411,1,0.008378244005143642,1,0.008378244005143642,0.03233114356407896,,,,1,83.78244005143642,-0.0010222997516393661,0.014858423732221127,0.011310368776321411,1.2746072309545615
2014-06-05,fold_3,Taper tantrum and 2014 H1,0.011355936527252197,1,0.005726202856749296,1,0.005726202856749296,0.03805734642082825,,,,1,57.26202856749296,0.0005066357553005219,-0.002603821223601699,0.011355936527252197,0.841536314923747
2014-06-06,fold_3,Taper tantrum and 2014 H1,0.009383507072925568,1,-0.0007545453845523298,-1,-0.0007545453845523298,0.03730280103627592,,,,0,-7.545453845523298,0.0005389265716075897,-0.005401598289608955,0.009383507072925568,-0.1090258095653863
2014-06-09,fold_3,Taper tantrum and 2014 H1,0.008586812764406204,1,0.0017234788974747062,1,0.0017234788974747062,0.03902627993375063,,,,1,17.23478897474706,0.000580914318561554,-0.0037802942097187042,0.008586812764406204,0.2507459024618815
2014-06-10,fold_3,Taper tantrum and 2014 H1,0.010137401521205902,1,-0.00021495713735930622,-1,-0.00021495713735930622,0.03881132279639132,,,,0,-2.149571373593062,-0.0010730549693107605,-0.004963437560945749,0.010137401521205902,-0.036842175568203905
2014-06-11,fold_3,Taper tantrum and 2014 H1,0.010017983615398407,1,-0.009084000252187252,-1,-0.009084000252187252,0.02972732254420407,,,,0,-90.84000252187252,0.00089237280189991,0.0008610818767920136,0.010017983615398407,-1.557411019774264
2014-06-12,fold_3,Taper tantrum and 2014 H1,0.009456798434257507,1,0.0029284260235726833,1,0.0029284260235726833,0.032655748567776754,,,,1,29.284260235726833,0.00325915589928627,0.009298957884311676,0.009456798434257507,0.48285032094804403
2014-06-13,fold_3,Taper tantrum and 2014 H1,0.007994800806045532,1,0.0008667586953379214,1,0.0008667586953379214,0.033522507263114676,,,,1,8.667586953379214,0.002011306583881378,0.007546482607722282,0.007994800806045532,0.1484276600289527
2014-06-16,fold_3,Taper tantrum and 2014 H1,0.00783555954694748,1,0.0005403357790783048,1,0.0005403357790783048,0.03406284304219298,,,,1,5.403357790783048,-0.001157652586698532,0.006895371712744236,0.00783555954694748,0.09549964981027752
2014-06-17,fold_3,Taper tantrum and 2014 H1,0.009963035583496094,1,0.005609562154859304,1,0.005609562154859304,0.039672405197052285,,,,1,56.095621548593044,-0.0026610735803842545,0.005384569056332111,0.009963035583496094,1.0306115744567852
2014-06-18,fold_3,Taper tantrum and 2014 H1,0.010399490594863892,1,-0.000646124710328877,-1,-0.000646124710328877,0.03902628048672341,,,,0,-6.46124710328877,-0.003765249624848366,0.006119376048445702,0.010399490594863892,-0.11691776295906459
2014-06-19,fold_3,Taper tantrum and 2014 H1,0.009584575891494751,1,0.001175950514152646,1,0.001175950514152646,0.040202231000876054,,,,1,11.75950514152646,-0.0031820274889469147,0.007301395758986473,0.009584575891494751,0.2304085862318534
2014-06-20,fold_3,Taper tantrum and 2014 H1,0.0082743801176548,1,0.0002156479167751968,1,0.0002156479167751968,0.04041787891765125,,,,1,2.156479167751968,-0.006307350471615791,0.010508253239095211,0.0082743801176548,0.04299375123078296
2014-06-23,fold_3,Taper tantrum and 2014 H1,0.009008906781673431,1,-0.0009704668773338199,-1,-0.0009704668773338199,0.03944741204031743,,,,0,-9.704668773338199,-0.00613061897456646,0.011997771449387074,0.009008906781673431,-0.20447154155560207
2014-06-24,fold_3,Taper tantrum and 2014 H1,0.010263040661811829,1,0.006344369146972895,1,0.006344369146972895,0.045791781187290326,,,,1,63.44369146972895,-0.00360809825360775,0.023876363411545753,0.010263040661811829,1.643309511582408
2014-06-25,fold_3,Taper tantrum and 2014 H1,0.010072611272335052,1,0.0005358947673812509,1,0.0005358947673812509,0.04632767595467158,,,,1,5.358947673812509,-0.0044870153069496155,0.019215893000364304,0.010072611272335052,0.13215691458243795
2014-06-26,fold_3,Taper tantrum and 2014 H1,0.008299294859170914,1,0.00438280776143074,1,0.00438280776143074,0.05071048371610232,,,,1,43.828077614307404,-0.0030735433101654053,0.024969423189759254,0.008299294859170914,1.1539035577103673
2014-06-27,fold_3,Taper tantrum and 2014 H1,0.007062852382659912,1,0.0017051667673513293,1,0.0017051667673513293,0.052415650483453646,,,,1,17.051667673513293,-0.0020285509526729584,0.01755196787416935,0.007062852382659912,0.4347071467681163
2014-06-30,fold_3,Taper tantrum and 2014 H1,0.008830640465021133,1,0.010908124968409538,1,0.010908124968409538,0.06332377545186318,,,,1,109.08124968409538,-0.003627132624387741,0.0037202120292931795,0.008830640465021133,2.7721612507452202
2014-07-01,fold_3,Taper tantrum and 2014 H1,0.010834239423274994,1,0.0016838997835293412,1,0.0016838997835293412,0.06500767523539253,,,,1,16.838997835293412,-0.0029906518757343292,0.0002107195177813992,0.010834239423274994,0.36381104072122655
2014-07-02,fold_3,Taper tantrum and 2014 H1,0.014052271842956543,1,0.00628942484036088,1,0.00628942484036088,0.0712971000757534,,,,1,62.8942484036088,-4.08664345741272e-05,-0.0046371459029614925,0.014052271842956543,1.3766643287193563
2014-07-03,fold_3,Taper tantrum and 2014 H1,0.012949638068675995,1,-0.0030346480198204517,-1,-0.0030346480198204517,0.06826245205593295,,,,0,-30.346480198204517,0.00045580044388771057,-0.004503125324845314,0.012949638068675995,-0.6900461447877146
2014-07-07,fold_3,Taper tantrum and 2014 H1,0.011013519018888474,1,-0.012126589193940163,-1,-0.012126589193940163,0.05613586286199279,,,,0,-121.26589193940163,0.0021465979516506195,0.004496706649661064,0.011013519018888474,-2.8455543192125514
2014-07-08,fold_3,Taper tantrum and 2014 H1,0.011476956307888031,1,0.007398632355034351,1,0.007398632355034351,0.06353449521702714,,,,1,73.98632355034351,0.003189481794834137,0.013173858635127544,0.011476956307888031,1.4655670883826315
2014-07-09,fold_3,Taper tantrum and 2014 H1,0.010250203311443329,1,-0.0031639656517654657,-1,-0.0031639656517654657,0.06037052956526168,,,,0,-31.639656517654657,0.0027729086577892303,0.00974604208022356,0.010250203311443329,-0.5971461092102441
2014-07-10,fold_3,Taper tantrum and 2014 H1,0.008273214101791382,1,0.006423445418477058,1,0.006423445418477058,0.06679397498373874,,,,1,64.23445418477058,0.0035943351686000824,-0.0004228194011375308,0.008273214101791382,1.2017025952140485
2014-07-11,fold_3,Taper tantrum and 2014 H1,0.004815880209207535,1,0.0059651839546859264,1,0.0059651839546859264,0.07275915893842466,,,,1,59.651839546859264,0.001134432852268219,0.008882122114300728,0.004815880209207535,1.1585792441699563
2014-07-14,fold_3,Taper tantrum and 2014 H1,0.0034904219210147858,1,-0.003449437441304326,-1,-0.003449437441304326,0.06930972149712034,,,,0,-34.49437441304326,-0.000746704638004303,0.0016677516978234053,0.0034904219210147858,-0.6535234140812817
2014-07-15,fold_3,Taper tantrum and 2014 H1,0.007317733019590378,1,0.003970816265791655,1,0.003970816265791655,0.07328053776291199,,,,1,39.708162657916546,0.0014644786715507507,0.01145125925540924,0.007317733019590378,0.7448884330714018
2014-07-16,fold_3,Taper tantrum and 2014 H1,0.006472565233707428,1,-0.013332827016711235,-1,-0.013332827016711235,0.059947710746200755,,,,0,-133.32827016711235,0.000718291848897934,0.013877581804990768,0.006472565233707428,-2.467743478875805
2014-07-17,fold_3,Taper tantrum and 2014 H1,0.0054886192083358765,1,0.015728386119008064,1,0.015728386119008064,0.07567609686520882,,,,1,157.28386119008064,0.004054505378007889,0.026078633964061737,0.0054886192083358765,2.603183061654549
2014-07-18,fold_3,Taper tantrum and 2014 H1,0.001782987266778946,1,-0.0012491863453760743,-1,-0.0012491863453760743,0.07442691051983275,,,,0,-12.491863453760743,-0.0009026490151882172,0.006429646164178848,0.001782987266778946,-0.17872204598867492
2014-07-21,fold_3,Taper tantrum and 2014 H1,0.001940261572599411,1,0.006334070116281509,1,0.006334070116281509,0.08076098063611425,,,,1,63.340701162815094,-0.0011465195566415787,0.007989144884049892,0.001940261572599411,0.9061378421587718
2014-07-22,fold_3,Taper tantrum and 2014 H1,0.0023691803216934204,1,0.00639713928103447,1,0.00639713928103447,0.08715811991714872,,,,1,63.971392810344696,-0.003392167389392853,-0.00010333875979995355,0.0023691803216934204,0.8969545824667564
2014-07-23,fold_3,Taper tantrum and 2014 H1,0.003781881183385849,1,-0.0011317766038700938,-1,-0.0011317766038700938,0.08602634331327863,,,,0,-11.317766038700938,-0.0035351477563381195,-0.002574207494035363,0.003781881183385849,-0.15565918702123097
2014-07-24,fold_3,Taper tantrum and 2014 H1,0.006949927657842636,1,-0.003920600283890963,-1,-0.003920600283890963,0.08210574302938767,,,,0,-39.206002838909626,-0.002962956205010414,-0.021860044449567795,0.006949927657842636,-0.5494414230069968
2014-07-25,fold_3,Taper tantrum and 2014 H1,0.004463039338588715,1,0.0003103120543528348,1,0.0003103120543528348,0.0824160550837405,,,,1,3.103120543528348,-0.00026691704988479614,-0.021629933267831802,0.004463039338588715,0.04316926421390465
2014-07-28,fold_3,Taper tantrum and 2014 H1,0.006737399846315384,1,-0.001758413389325142,-1,-0.001758413389325142,0.08065764169441536,,,,0,-17.58413389325142,-0.0010169874876737595,-0.015097670257091522,0.006737399846315384,-0.24691679954321788
2014-07-29,fold_3,Taper tantrum and 2014 H1,0.008358985185623169,1,0.003926270641386509,1,0.003926270641386509,0.08458391233580187,,,,1,39.26270641386509,-0.00010595656931400299,-0.02102711983025074,0.008358985185623169,0.5512776424635283
2014-07-30,fold_3,Taper tantrum and 2014 H1,0.009636964648962021,1,-0.02041761204600334,-1,-0.02041761204600334,0.06416630028979853,,,,0,-204.17612046003342,0.0019440427422523499,-0.025693856179714203,0.009636964648962021,-3.0253746553661913
2014-07-31,fold_3,Taper tantrum and 2014 H1,0.004930809140205383,1,-0.003690489800646901,-1,-0.003690489800646901,0.06047581048915163,,,,0,-36.90489800646901,0.010791890323162079,-0.008454873226583004,0.004930809140205383,-0.4534157647166218
2014-08-01,fold_3,Taper tantrum and 2014 H1,0.007778242230415344,1,0.0068425750359892845,1,0.0068425750359892845,0.06731838552514091,,,,1,68.42575035989285,0.01438828557729721,0.0024269213899970055,0.007778242230415344,0.8490340969905606
2014-08-04,fold_3,Taper tantrum and 2014 H1,0.009430121630430222,1,-0.007687862496823072,-1,-0.007687862496823072,0.05963052302831784,,,,0,-76.87862496823072,0.011319190263748169,0.001467795460484922,0.009430121630430222,-0.9404013445423478
2014-08-05,fold_3,Taper tantrum and 2014 H1,0.011158332228660583,1,-0.0007404669304378331,-1,-0.0007404669304378331,0.058890056097880006,,,,0,-7.404669304378331,0.017559144645929337,0.008736382238566875,0.011158332228660583,-0.0937116027863874
2014-08-06,fold_3,Taper tantrum and 2014 H1,0.012473955750465393,1,-0.00317862955853343,-1,-0.00317862955853343,0.055711426539346576,,,,0,-31.7862955853343,0.014925625175237656,0.02000616118311882,0.012473955750465393,-0.41130322963078586
2014-08-07,fold_3,Taper tantrum and 2014 H1,0.011627539992332458,1,0.007191305048763752,1,0.007191305048763752,0.06290273158811033,,,,1,71.91305048763752,0.013338040560483932,0.028356796130537987,0.011627539992332458,0.9304928116568347
2014-08-08,fold_3,Taper tantrum and 2014 H1,0.009537916630506516,1,0.005883449222892523,1,0.005883449222892523,0.06878618081100285,,,,1,58.83449222892523,0.00504661351442337,0.02600216120481491,0.009537916630506516,0.757958197237931
2014-08-11,fold_3,Taper tantrum and 2014 H1,0.007584601640701294,1,-0.0004192753112874925,-1,-0.0004192753112874925,0.06836690549971536,,,,0,-4.192753112874925,0.005038933828473091,0.02778947539627552,0.007584601640701294,-0.05403648788866629
2014-08-12,fold_3,Taper tantrum and 2014 H1,0.008633777499198914,1,0.010529312305152416,1,0.010529312305152416,0.07889621780486777,,,,1,105.29312305152416,0.004682503640651703,0.03379705175757408,0.008633777499198914,1.363679603234186
2014-08-13,fold_3,Taper tantrum and 2014 H1,0.007636420428752899,1,0.0051720053888857365,1,0.0051720053888857365,0.08406822319375351,,,,1,51.720053888857365,0.00211406871676445,0.02326774038374424,0.007636420428752899,0.6446265908960627
2014-08-14,fold_3,Taper tantrum and 2014 H1,0.008872948586940765,1,0.004836669657379389,1,0.004836669657379389,0.0889048928511329,,,,1,48.36669657379389,0.0013641025871038437,0.020119888707995415,0.008872948586940765,0.6416355422554882
2014-08-15,fold_3,Taper tantrum and 2014 H1,0.007548615336418152,1,0.007670763414353132,1,0.007670763414353132,0.09657565626548603,,,,1,76.70763414353132,-0.001884952187538147,0.016798965632915497,0.007548615336418152,1.135661916793589
2014-08-18,fold_3,Taper tantrum and 2014 H1,0.007778652012348175,1,0.005588300991803408,1,0.005588300991803408,0.10216395725728944,,,,1,55.88300991803408,-0.001356499269604683,0.012655028142035007,0.007778652012348175,0.8025449421832442
2014-08-19,fold_3,Taper tantrum and 2014 H1,0.01020120456814766,1,0.0,0,0.0,0.10216395725728944,,,,0,0.0,-0.0032686274498701096,0.008072314783930779,0.01020120456814766,0.0
2014-08-20,fold_3,Taper tantrum and 2014 H1,0.01049339771270752,1,0.0020241537131369114,1,0.0020241537131369114,0.10418811097042635,,,,1,20.241537131369114,-0.0034363791346549988,0.008273630402982235,0.01049339771270752,0.2984589132808147
2014-08-21,fold_3,Taper tantrum and 2014 H1,0.007797222584486008,1,0.0015157470479607582,1,0.0015157470479607582,0.10570385801838711,,,,1,15.157470479607582,-0.003957008942961693,0.005143505055457354,0.007797222584486008,0.22315366394154962
2014-08-22,fold_3,Taper tantrum and 2014 H1,0.008417095988988876,1,0.00352682638913393,1,0.00352682638913393,0.10923068440752104,,,,1,35.2682638913393,-0.001010838896036148,0.007342625875025988,0.008417095988988876,0.5229497782812355
2014-08-25,fold_3,Taper tantrum and 2014 H1,0.006785742938518524,1,0.0010055879829451442,1,0.0010055879829451442,0.11023627239046618,,,,1,10.055879829451442,-0.0028849653899669647,0.00671806838363409,0.006785742938518524,0.14810494098229504
2014-08-26,fold_3,Taper tantrum and 2014 H1,0.008308876305818558,1,0.0002013150224229321,1,0.0002013150224229321,0.11043758741288912,,,,1,2.013150224229321,-0.003328004851937294,-0.00020076821965631098,0.008308876305818558,0.029683580416780462
2014-08-27,fold_3,Taper tantrum and 2014 H1,0.00870627909898758,1,-0.0011059711687266827,-1,-0.0011059711687266827,0.10933161624416243,,,,0,-11.059711687266827,-0.003478456288576126,-0.0013072571018710732,0.00870627909898758,-0.16445378893942256
2014-08-28,fold_3,Taper tantrum and 2014 H1,0.00897204875946045,1,0.0037148678675293922,1,0.0037148678675293922,0.11304648411169183,,,,1,37.14867867529392,-0.0021730922162532806,0.004816656932234764,0.00897204875946045,0.7513692050723919
2014-08-29,fold_3,Taper tantrum and 2014 H1,0.007300436496734619,1,0.002902268897742033,1,0.002902268897742033,0.11594875300943386,,,,1,29.02268897742033,-0.0034145768731832504,0.0030023581348359585,0.007300436496734619,0.5869045800932715
2014-09-02,fold_3,Taper tantrum and 2014 H1,0.008114971220493317,1,-0.005913248751312494,-1,-0.005913248751312494,0.11003550425812136,,,,0,-59.13248751312494,-0.003762153908610344,-0.008227802813053131,0.008114971220493317,-1.2456932093143112
2014-09-03,fold_3,Taper tantrum and 2014 H1,0.009269237518310547,1,-0.0009051738306879997,-1,-0.0009051738306879997,0.10913033042743336,,,,0,-9.051738306879997,-0.0005461946129798889,0.005913248751312494,0.009269237518310547,-0.19600618181372603
2014-09-04,fold_3,Taper tantrum and 2014 H1,0.007293935865163803,1,0.005017942748963833,1,0.005017942748963833,0.1141482731763972,,,,1,50.17942748963833,0.0010318979620933533,0.0060186004266142845,0.007293935865163803,1.0862393282937621
2014-09-05,fold_3,Taper tantrum and 2014 H1,0.0071655213832855225,1,0.0019005690701305866,1,0.0019005690701305866,0.11604884224652778,,,,1,19.005690701305866,0.00015964917838573456,-0.004112768918275833,0.0071655213832855225,0.40433892746950595
2014-09-08,fold_3,Taper tantrum and 2014 H1,0.006978970021009445,1,-0.008327892050147057,-1,-0.008327892050147057,0.10772095019638073,,,,0,-83.27892050147057,0.00116816908121109,-0.01571054756641388,0.006978970021009445,-1.8768245623151516
2014-09-09,fold_3,Taper tantrum and 2014 H1,0.0066921524703502655,1,0.008227802813053131,1,0.008227802813053131,0.11594875300943386,,,,1,82.27802813053131,0.0026601701974868774,0.001308427657932043,0.0066921524703502655,1.777519263451231
2014-09-10,fold_3,Taper tantrum and 2014 H1,0.007372952997684479,1,-0.0007998223882168531,-1,-0.0007998223882168531,0.115148930621217,,,,0,-7.998223882168531,0.0012455806136131287,-0.00541094271466136,0.007372952997684479,-0.16060189297344188
2014-09-11,fold_3,Taper tantrum and 2014 H1,0.006925869733095169,1,-0.005113426595926285,-1,-0.005113426595926285,0.11003550402529072,,,,0,-51.13426595926285,0.00035324692726135254,0.0028961822390556335,0.006925869733095169,-1.1642305984975365
2014-09-12,fold_3,Taper tantrum and 2014 H1,0.006596405059099197,1,-0.009697210043668747,-1,-0.009697210043668747,0.10033829398162197,,,,0,-96.97210043668747,0.0035925358533859253,0.007389549165964127,0.006596405059099197,-2.2095975746885537
2014-09-15,fold_3,Taper tantrum and 2014 H1,0.007557608187198639,1,0.008691084571182728,1,0.008691084571182728,0.1090293785528047,,,,1,86.91084571182728,0.005880080163478851,0.00774153508245945,0.007557608187198639,1.8204422697855847
2014-09-16,fold_3,Taper tantrum and 2014 H1,0.010319337248802185,1,0.0015084322076290846,1,0.0015084322076290846,0.11053781076043379,,,,1,15.084322076290846,0.001028742641210556,-0.003679014276713133,0.010319337248802185,0.3103262284268353
2014-09-17,fold_3,Taper tantrum and 2014 H1,0.009042788296937943,1,0.0075073023326694965,1,0.0075073023326694965,0.11804511309310328,,,,1,75.07302332669497,0.0024086609482765198,0.005486177280545235,0.009042788296937943,1.594067302481406
2014-09-18,fold_3,Taper tantrum and 2014 H1,0.007891327142715454,1,-0.0006200594361871481,-1,-0.0006200594361871481,0.11742505365691613,,,,0,-6.200594361871481,-0.001607680693268776,-0.0232794601470232,0.007891327142715454,-0.12401778789185415
2014-09-19,fold_3,Taper tantrum and 2014 H1,0.00398646667599678,1,-0.009345224127173424,-1,-0.009345224127173424,0.10807982952974271,,,,0,-93.45224127173424,-0.002663206309080124,-0.012074689380824566,0.00398646667599678,-1.876112941336521
2014-09-22,fold_3,Taper tantrum and 2014 H1,0.0025642700493335724,1,-0.002729465253651142,-1,-0.002729465253651142,0.10535036427609157,,,,0,-27.29465253651142,-0.00042297691106796265,-0.0040466017089784145,0.0025642700493335724,-0.5062925958727779
2014-09-23,fold_3,Taper tantrum and 2014 H1,0.004249662160873413,1,0.010673623532056808,1,0.010673623532056808,0.11602398780814838,,,,1,106.73623532056808,0.005432788282632828,0.00010115558688994497,0.004249662160873413,1.9884172085794183
2014-09-24,fold_3,Taper tantrum and 2014 H1,0.004813812673091888,1,-0.021258333697915077,-1,-0.021258333697915077,0.0947656541102333,,,,0,-212.58333697915077,0.002285093069076538,-0.026695234701037407,0.004813812673091888,-3.6213541307532724
2014-09-25,fold_3,Taper tantrum and 2014 H1,0.005757708102464676,1,0.010584711097180843,1,0.010584711097180843,0.10535036520741414,,,,1,105.84711097180843,0.012713313102722168,-0.005436900071799755,0.005757708102464676,1.4013167095476196
2014-09-26,fold_3,Taper tantrum and 2014 H1,0.0037636831402778625,1,-0.0013171363389119506,-1,-0.0013171363389119506,0.10403322886850219,,,,0,-13.171363389119506,0.011052880436182022,-0.0061947559006512165,0.0037636831402778625,-0.1664801500173341
2014-09-29,fold_3,Taper tantrum and 2014 H1,0.006319411098957062,1,0.0014182919403538108,1,0.0014182919403538108,0.105451520808856,,,,1,14.182919403538108,0.010148562490940094,-0.007019097916781902,0.006319411098957062,0.1801359166050565
2015-10-20,fold_4,China devaluation and oil crash,0.011025097221136093,1,-0.006119910627603531,-1,-0.006119910627603531,-0.006119910627603531,,,,0,-61.19910627603531,-0.003358546644449234,0.04429900646209717,0.011025097221136093,-0.549909513091617
2015-10-21,fold_4,China devaluation and oil crash,0.010632894933223724,1,0.02016388066112995,1,0.02016388066112995,0.01404397003352642,,,,1,201.63880661129951,-0.0015804767608642578,0.05869702249765396,0.010632894933223724,1.7985088349856173
2015-10-22,fold_4,China devaluation and oil crash,0.0027271248400211334,1,0.02759856916964054,1,0.02759856916964054,0.04164253920316696,,,,1,275.9856916964054,0.0022746510803699493,0.03695332258939743,0.0027271248400211334,2.2891135509366194
2015-10-23,fold_4,China devaluation and oil crash,0.004362080246210098,1,0.0006200486677698791,1,0.0006200486677698791,0.04226258787093684,,,,1,6.200486677698791,0.0005379952490329742,0.004864683840423822,0.004362080246210098,0.046239165445014885
2015-10-26,fold_4,China devaluation and oil crash,0.0034244880080223083,1,0.0020364215597510338,1,0.0020364215597510338,0.044299009430687875,,,,1,20.364215597510338,-0.0004232563078403473,0.015475906431674957,0.0034244880080223083,0.17327052468370258
2015-10-27,fold_4,China devaluation and oil crash,0.004065677523612976,1,0.008278105407953262,1,0.008278105407953262,0.05257711483864114,,,,1,82.78105407953262,-0.003614792600274086,0.0169235672801733,0.004065677523612976,0.7073047718117413
2015-10-28,fold_4,China devaluation and oil crash,0.0072815753519535065,1,-0.001579819479957223,-1,-0.001579819479957223,0.050997295358683914,,,,0,-15.79819479957223,-0.0021016281098127365,0.008732274174690247,0.0072815753519535065,-0.1476400958413283
2015-10-29,fold_4,China devaluation and oil crash,0.00839075818657875,1,-0.0044900719076395035,-1,-0.0044900719076395035,0.04650722345104441,,,,0,-44.900719076395035,-0.004048299044370651,0.0076130894012749195,0.00839075818657875,-0.42125876748744795
2015-10-30,fold_4,China devaluation and oil crash,0.010047022253274918,1,0.011231271550059319,1,0.011231271550059319,0.05773849500110373,,,,1,112.31271550059319,-0.004535548388957977,0.012800556607544422,0.010047022253274918,1.125673331570117
2015-11-02,fold_4,China devaluation and oil crash,0.008687980473041534,1,0.0034840821754187346,1,0.0034840821754187346,0.061222577176522464,,,,1,34.840821754187346,-0.006145045161247253,-0.009115763008594513,0.008687980473041534,0.35607678947438853
2015-11-03,fold_4,China devaluation and oil crash,0.008299760520458221,1,8.681241888552904e-05,1,8.681241888552904e-05,0.06130938959540799,,,,1,0.8681241888552904,-0.00513627752661705,-0.015156766399741173,0.008299760520458221,0.008896579534874601
2015-11-04,fold_4,China devaluation and oil crash,0.008345365524291992,1,-0.0026990047190338373,-1,-0.0026990047190338373,0.058610384876374155,,,,0,-26.990047190338373,-0.0034614764153957367,-0.0164802223443985,0.008345365524291992,-0.27923049992307447
2015-11-05,fold_4,China devaluation and oil crash,0.007704295217990875,1,0.0006973955896683037,1,0.0006973955896683037,0.05930778046604246,,,,1,6.973955896683037,-0.0031891632825136185,-0.02355119399726391,0.007704295217990875,0.07231429521597253
2015-11-06,fold_4,China devaluation and oil crash,0.007971465587615967,1,-0.010685048997402191,-1,-0.010685048997402191,0.04862273146864027,,,,0,-106.85048997402191,-0.00026250630617141724,-0.044079799205064774,0.007971465587615967,-1.113930360360376
2015-11-09,fold_4,China devaluation and oil crash,0.008981578052043915,1,-0.002556920750066638,-1,-0.002556920750066638,0.04606581071857363,,,,0,-25.56920750066638,0.002136675640940666,-0.01911265403032303,0.008981578052043915,-0.2590533167347578
2015-11-10,fold_4,China devaluation and oil crash,0.01010490208864212,1,-0.0012366441078484058,-1,-0.0012366441078484058,0.044829166610725224,,,,0,-12.366441078484058,0.0038220882415771484,-0.0159277506172657,0.01010490208864212,-0.12644673556114616
2015-11-11,fold_4,China devaluation and oil crash,0.013992279767990112,1,-0.009769977070391178,-1,-0.009769977070391178,0.035059189540334046,,,,0,-97.69977070391178,0.0007380172610282898,0.004321797750890255,0.013992279767990112,-0.9992510511783043
2015-11-12,fold_4,China devaluation and oil crash,0.012022353708744049,1,-0.019831210374832153,-1,-0.019831210374832153,0.015227979165501893,,,,0,-198.31210374832153,0.006164278835058212,0.014795579016208649,0.012022353708744049,-2.124953703021285
2015-11-13,fold_4,China devaluation and oil crash,0.011575687676668167,1,0.014282097108662128,1,0.014282097108662128,0.02951007627416402,,,,1,142.82097108662128,0.01261061429977417,0.041375380009412766,0.011575687676668167,1.3879178394405955
2015-11-16,fold_4,China devaluation and oil crash,0.009371884167194366,1,0.0006279842928051949,1,0.0006279842928051949,0.030138060566969216,,,,1,6.2798429280519485,0.004845183342695236,0.024206893518567085,0.009371884167194366,0.058699210833415644
2015-11-17,fold_4,China devaluation and oil crash,0.011773303151130676,1,0.019012903794646263,1,0.019012903794646263,0.04915096436161548,,,,1,190.12903794646263,0.00841733068227768,0.022702451795339584,0.011773303151130676,1.7874648466146612
2015-11-18,fold_4,China devaluation and oil crash,0.008007518947124481,1,0.0007038041949272156,1,0.0007038041949272156,0.049854768556542695,,,,1,7.038041949272156,0.002153053879737854,0.004566005896776915,0.008007518947124481,0.06188420412372024
2015-11-19,fold_4,China devaluation and oil crash,0.007025647908449173,1,0.006748592015355825,1,0.006748592015355825,0.05660336057189852,,,,1,67.48592015355825,0.0023197606205940247,0.005262549035251141,0.007025647908449173,0.6462822591666338
2015-11-20,fold_4,China devaluation and oil crash,0.0037952065467834473,1,-0.0028863900806754827,-1,-0.0028863900806754827,0.05371697049122304,,,,0,-28.863900806754827,0.0017285849899053574,-0.004026245791465044,0.0037952065467834473,-0.33729056284664266
2015-11-23,fold_4,China devaluation and oil crash,0.0032712332904338837,1,-0.0008764576632529497,-1,-0.0008764576632529497,0.05284051282797009,,,,0,-8.764576632529497,0.003599170595407486,0.008809004910290241,0.0032712332904338837,-0.10214217951414425
2015-11-24,fold_4,China devaluation and oil crash,0.005322542041540146,1,0.0008764576632529497,1,0.0008764576632529497,0.05371697049122304,,,,1,8.764576632529497,0.002043765038251877,0.0035007991828024387,0.005322542041540146,0.10225956340385596
2015-11-25,fold_4,China devaluation and oil crash,0.0066360048949718475,1,0.0014003473334014416,1,0.0014003473334014416,0.05511731782462448,,,,1,14.003473334014416,0.002319028601050377,-0.014471632428467274,0.0066360048949718475,0.16728680282196637
2015-11-27,fold_4,China devaluation and oil crash,0.006260190159082413,1,-0.002540202811360359,-1,-0.002540202811360359,0.05257711501326412,,,,0,-25.402028113603592,0.0006528124213218689,0.0072346641682088375,0.006260190159082413,-0.3035129411512779
2015-11-30,fold_4,China devaluation and oil crash,0.00589461624622345,1,0.009948860853910446,1,0.009948860853910446,0.06252597586717457,,,,1,99.48860853910446,0.003320205956697464,0.005248351488262415,0.00589461624622345,1.194586063857271
2015-12-01,fold_4,China devaluation and oil crash,0.008887477219104767,1,-0.006184663623571396,-1,-0.006184663623571396,0.05634131224360317,,,,0,-61.84663623571396,-0.0008523650467395782,-0.0046132574789226055,0.008887477219104767,-0.7499876485171226
2015-12-02,fold_4,China devaluation and oil crash,0.011878125369548798,1,-0.01709597371518612,-1,-0.01709597371518612,0.03924533852841705,,,,0,-170.9597371518612,0.0031667612493038177,-0.013724218122661114,0.011878125369548798,-2.0535364294682603
2015-12-03,fold_4,China devaluation and oil crash,0.013776533305644989,1,0.023106643930077553,1,0.023106643930077553,0.062351982458494604,,,,1,231.06643930077553,0.010943423956632614,0.007879506796598434,0.013776533305644989,2.5223255326409033
2015-12-04,fold_4,China devaluation and oil crash,0.009642381221055984,1,-0.004526515491306782,-1,-0.004526515491306782,0.05782546696718782,,,,0,-45.26515491306782,0.010027751326560974,-0.038512103259563446,0.009642381221055984,-0.43109129945658503
2015-12-07,fold_4,China devaluation and oil crash,0.012618720531463623,1,8.725155930733308e-05,1,8.725155930733308e-05,0.057912718526495155,,,,1,0.8725155930733308,0.010261289775371552,-0.026432102546095848,0.012618720531463623,0.008272132186391416
2015-12-08,fold_4,China devaluation and oil crash,0.016148246824741364,1,-0.015295623801648617,-1,-0.015295623801648617,0.04261709472484654,,,,0,-152.95623801648617,0.014351997524499893,-0.020446723327040672,0.016148246824741364,-1.4888426203459677
2015-12-09,fold_4,China devaluation and oil crash,0.020216189324855804,1,0.004507751204073429,1,0.004507751204073429,0.04712484592891997,,,,1,45.07751204073429,0.014403227716684341,0.00960917305201292,0.020216189324855804,0.4168919601981546
2015-12-10,fold_4,China devaluation and oil crash,0.014961957931518555,1,-0.02328496426343918,-1,-0.02328496426343918,0.02383988166548079,,,,0,-232.84964263439178,0.012082826346158981,-0.009569364599883556,0.014961957931518555,-2.144870930139299
2015-12-11,fold_4,China devaluation and oil crash,0.017757609486579895,1,0.007553484290838242,1,0.007553484290838242,0.03139336595631903,,,,1,75.53484290838242,0.023075539618730545,-0.005653249565511942,0.017757609486579895,0.6379484307264066
2015-12-14,fold_4,China devaluation and oil crash,0.01632639765739441,1,0.006072630640119314,1,0.006072630640119314,0.037465996596438345,,,,1,60.72630640119314,0.016761671751737595,-0.00215992983430624,0.01632639765739441,0.5467045773028342
2015-12-15,fold_4,China devaluation and oil crash,0.01889088749885559,1,0.014760272577404976,1,0.014760272577404976,0.05222626917384332,,,,1,147.60272577404976,0.01594221591949463,-0.00168037845287472,0.01889088749885559,1.376247394325145
2015-12-16,fold_4,China devaluation and oil crash,0.014125250279903412,1,-0.014670786447823048,-1,-0.014670786447823048,0.03755548272602027,,,,0,-146.70786447823048,0.004067307338118553,-0.009042750112712383,0.014125250279903412,-1.3074991347175047
2015-12-17,fold_4,China devaluation and oil crash,0.0175924152135849,1,-0.01936884969472885,-1,-0.01936884969472885,0.01818663303129142,,,,0,-193.6884969472885,0.00834561511874199,0.005450133234262466,0.0175924152135849,-1.7786319863299034
2015-12-18,fold_4,China devaluation and oil crash,0.012049466371536255,1,0.011046803556382656,1,0.011046803556382656,0.029233436587674078,,,,1,110.46803556382656,0.0029432307928800583,0.02428596094250679,0.012049466371536255,0.9426938408301507
2015-12-21,fold_4,China devaluation and oil crash,0.010920003056526184,1,0.006552181672304869,1,0.006552181672304869,0.035785618259978946,,,,1,65.52181672304869,0.0020927004516124725,0.028845859691500664,0.010920003056526184,0.5515120227529856
2015-12-22,fold_4,China devaluation and oil crash,0.01293683797121048,1,0.007397900801151991,1,0.007397900801151991,0.04318351906113094,,,,1,73.97900801151991,0.0020167119801044464,0.013241508975625038,0.01293683797121048,0.6189166429136861
2015-12-23,fold_4,China devaluation and oil crash,0.00990121066570282,1,-0.00017790279525797814,-1,-0.00017790279525797814,0.04300561626587296,,,,0,-1.7790279525797814,-0.003573451191186905,-0.006682647857815027,0.00990121066570282,-0.014744975855360434
2015-12-24,fold_4,China devaluation and oil crash,0.0071856118738651276,1,-0.0005330225685611367,-1,-0.0005330225685611367,0.04247259369731182,,,,0,-5.330225685611367,-0.009685453027486801,-0.027828186750411987,0.0071856118738651276,-0.04418367105827519
2015-12-28,fold_4,China devaluation and oil crash,0.0042625293135643005,1,0.01560670230537653,1,0.01560670230537653,0.05807929600268835,,,,1,156.0670230537653,-0.009874986484646797,-0.02903185784816742,0.0042625293135643005,1.2940542927429068
2015-12-29,fold_4,China devaluation and oil crash,0.006800934672355652,1,-0.00905216857790947,-1,-0.00905216857790947,0.04902712742477888,,,,0,-90.5216857790947,-0.00661361962556839,-0.05429093912243843,0.006800934672355652,-0.7217363218677224
2015-12-30,fold_4,China devaluation and oil crash,0.006813868880271912,1,-0.012526256032288074,-1,-0.012526256032288074,0.03650087139249081,,,,0,-125.26256032288074,-0.010261398740112782,-0.07705271244049072,0.006813868880271912,-1.0014434086057409
2015-12-31,fold_4,China devaluation and oil crash,0.005744308233261108,1,-0.021323442459106445,-1,-0.021323442459106445,0.015177428933384363,,,,0,-213.23442459106445,-0.002681996673345566,-0.07276111096143723,0.005744308233261108,-1.6733253467462836
2016-01-04,fold_4,China devaluation and oil crash,0.004748731851577759,1,-0.0017366929678246379,-1,-0.0017366929678246379,0.013440735965559725,,,,0,-17.36692967824638,0.012805584818124771,-0.048365604132413864,0.004748731851577759,-0.13299938311556678
2016-01-05,fold_4,China devaluation and oil crash,0.008923143148422241,1,-0.009652378037571907,-1,-0.009652378037571907,0.0037883579279878177,,,,0,-96.52378037571907,0.01059332862496376,-0.03509790077805519,0.008923143148422241,-0.804466051931289
2016-01-06,fold_4,China devaluation and oil crash,0.010218080133199692,1,-0.03181394189596176,-1,-0.03181394189596176,-0.028025583967973944,,,,0,-318.1394189596176,0.01630018651485443,-0.06054344400763512,0.010218080133199692,-2.618651198542985
2016-01-07,fold_4,China devaluation and oil crash,0.010126858949661255,1,-0.008234658278524876,-1,-0.008234658278524876,-0.03626024224649882,,,,0,-82.34658278524876,0.01729409024119377,-0.007657906971871853,0.010126858949661255,-0.5849109099819225
2016-01-08,fold_4,China devaluation and oil crash,0.01159081980586052,1,0.0030720664653927088,1,0.0030720664653927088,-0.03318817578110611,,,,1,30.720664653927088,0.0181533545255661,-0.030952053144574165,0.01159081980586052,0.22293194032832703
2016-01-11,fold_4,China devaluation and oil crash,0.009476698935031891,1,0.011531009338796139,1,0.011531009338796139,-0.021657166442309972,,,,1,115.31009338796139,0.018016494810581207,-0.031844522804021835,0.009476698935031891,0.8379769965657005
2016-01-12,fold_4,China devaluation and oil crash,0.013089217245578766,1,-0.03509791940450668,-1,-0.03509791940450668,-0.056755085846816655,,,,0,-350.97919404506683,0.02091231942176819,-0.04644802585244179,0.013089217245578766,-2.7007112948895324
2016-01-13,fold_4,China devaluation and oil crash,0.010164692997932434,1,0.021071596071124077,1,0.021071596071124077,-0.03568348977569258,,,,1,210.71596071124077,0.016560636460781097,-0.010357847437262535,0.010164692997932434,1.396629864588817
2016-01-14,fold_4,China devaluation and oil crash,0.010063473135232925,1,-0.03152880445122719,-1,-0.03152880445122719,-0.06721229422691977,,,,0,-315.2880445122719,0.01191645860671997,-0.0028869316447526217,0.010063473135232925,-2.0021287642035857
2016-01-15,fold_4,China devaluation and oil crash,0.007262416183948517,1,0.002179595874622464,1,0.002179595874622464,-0.0650326983522973,,,,1,21.795958746224642,0.017461270093917847,0.013690323568880558,0.007262416183948517,0.12870273806938973
2016-01-19,fold_4,China devaluation and oil crash,0.01145782321691513,1,-0.0030724939424544573,-1,-0.0030724939424544573,-0.06810519229475176,,,,0,-30.724939424544573,0.015749428421258926,0.020469823852181435,0.01145782321691513,-0.1848506249669811
2016-01-20,fold_4,China devaluation and oil crash,0.012205079197883606,1,0.0009922586614266038,1,0.0009922586614266038,-0.06711293363332516,,,,1,9.922586614266038,0.021190237253904343,-0.0016886454541236162,0.012205079197883606,0.061776704168400025
2016-01-21,fold_4,China devaluation and oil crash,0.011950656771659851,1,0.02854251302778721,1,0.02854251302778721,-0.03857042060553795,,,,1,285.4251302778721,0.011375680565834045,0.011338510550558567,0.011950656771659851,1.7982371089670433
2016-01-22,fold_4,China devaluation and oil crash,0.009541422128677368,1,-0.014951549470424652,-1,-0.014951549470424652,-0.0535219700759626,,,,0,-149.51549470424652,0.005905371159315109,0.0034633507020771503,0.009541422128677368,-0.8771940457603843
2016-01-25,fold_4,China devaluation and oil crash,0.003916911780834198,1,0.008959095925092697,1,0.008959095925092697,-0.0445628741508699,,,,1,89.59095925092697,0.009790364652872086,0.021100182086229324,0.003916911780834198,0.5181487944941808
2016-01-26,fold_4,China devaluation and oil crash,0.0032146386802196503,1,-0.02523096278309822,-1,-0.02523096278309822,-0.06979383693396812,,,,0,-252.3096278309822,0.0063667092472314835,-0.00974215380847454,0.0032146386802196503,-1.4495383138895608
2016-01-27,fold_4,China devaluation and oil crash,0.004768803715705872,1,0.014019414782524109,1,0.014019414782524109,-0.055774422151444014,,,,1,140.1941478252411,0.006485538557171822,0.01068068016320467,0.004768803715705872,0.7662004856589724
2016-01-28,fold_4,China devaluation and oil crash,0.0053471848368644714,1,0.02066735178232193,1,0.02066735178232193,-0.035107070369122084,,,,1,206.6735178232193,0.002169480547308922,-0.003437303937971592,0.0053471848368644714,1.1335163489035494
2016-01-29,fold_4,China devaluation and oil crash,0.006963800638914108,1,0.0026852828450500965,1,0.0026852828450500965,-0.03242178752407199,,,,1,26.852828450500965,0.0017757341265678406,-0.059448905289173126,0.006963800638914108,0.14359585346548528
2016-02-01,fold_4,China devaluation and oil crash,0.0030881427228450775,1,-0.021883239969611168,-1,-0.021883239969611168,-0.054305027493683156,,,,0,-218.83239969611168,-0.0029785074293613434,-0.07753972709178925,0.0030881427228450775,-1.182937129687806
2016-02-02,fold_4,China devaluation and oil crash,0.007079184055328369,1,-0.004808129742741585,-1,-0.004808129742741585,-0.05911315723642474,,,,0,-48.08129742741585,0.004344254732131958,-0.05876627564430237,0.007079184055328369,-0.25945388234654193
2016-02-03,fold_4,China devaluation and oil crash,0.005550786852836609,1,-9.856902761384845e-05,-1,-9.856902761384845e-05,-0.05921172626403859,,,,0,-0.9856902761384845,-0.004627246409654617,-0.05012403801083565,0.005550786852836609,-0.005311166214399696
2016-02-04,fold_4,China devaluation and oil crash,0.007143471390008926,1,-0.03534424677491188,-1,-0.03534424677491188,-0.09455597303895047,,,,0,-353.4424677491188,0.0018583089113235474,-0.05147428438067436,0.007143471390008926,-1.9174533501424986
2016-02-05,fold_4,China devaluation and oil crash,0.011118296533823013,1,-0.015405537560582161,-1,-0.015405537560582161,-0.10996151059953263,,,,0,-154.0553756058216,0.011155493557453156,-0.0010195453651249409,0.011118296533823013,-0.8215536769418437
2016-02-08,fold_4,China devaluation and oil crash,0.009190414100885391,1,-0.0031097931787371635,-1,-0.0031097931787371635,-0.1130713037782698,,,,0,-31.097931787371635,0.014266438782215118,0.03668167442083359,0.009190414100885391,-0.16387711720760295
2016-02-09,fold_4,China devaluation and oil crash,0.012749582529067993,1,0.0038341099862009287,1,0.0038341099862009287,-0.10923719379206887,,,,1,38.34109986200929,0.016473032534122467,0.06218694522976875,0.012749582529067993,0.2020432474718451
2016-02-10,fold_4,China devaluation and oil crash,0.012449659407138824,1,-0.0014488183660432696,-1,-0.0014488183660432696,-0.11068601215811213,,,,0,-14.488183660432696,0.016384854912757874,0.04687260091304779,0.012449659407138824,-0.07698195258095755
2016-02-11,fold_4,China devaluation and oil crash,0.010817170143127441,1,0.015110493637621403,1,0.015110493637621403,-0.09557551852049073,,,,1,151.10493637621403,0.01884402334690094,0.05127744376659393,0.010817170143127441,0.8831972019828036
2016-02-12,fold_4,China devaluation and oil crash,0.009089838713407516,1,0.02229568362236023,1,0.02229568362236023,-0.0732798348981305,,,,1,222.9568362236023,0.009371120482683182,0.052272047847509384,0.009089838713407516,1.3278565186649587
2016-02-16,fold_4,China devaluation and oil crash,0.005914174020290375,1,0.022395476698875427,1,0.022395476698875427,-0.050884358199255075,,,,1,223.95476698875427,0.0026543643325567245,0.013379471376538277,0.005914174020290375,1.3967733286032078
2016-02-17,fold_4,China devaluation and oil crash,0.005494497716426849,1,-0.011480232700705528,-1,-0.011480232700705528,-0.062364590899960604,,,,0,-114.80232700705528,-0.000699363648891449,0.0004877016763202846,0.005494497716426849,-0.6837341414653121
2016-02-18,fold_4,China devaluation and oil crash,0.008222009986639023,1,0.0029560215771198273,1,0.0029560215771198273,-0.059408569322840776,,,,1,29.560215771198273,-0.0026515088975429535,0.02176855504512787,0.008222009986639023,0.17417363544250247
2016-02-19,fold_4,China devaluation and oil crash,0.00944814458489418,1,0.016105100512504578,1,0.016105100512504578,-0.0433034688103362,,,,1,161.05100512504578,-0.007531162351369858,0.017556218430399895,0.00944814458489418,0.9483009542696542
2016-02-22,fold_4,China devaluation and oil crash,0.009222116321325302,1,-0.016596894711256027,-1,-0.016596894711256027,-0.059900363521592226,,,,0,-165.96894711256027,-0.007098976522684097,-0.007580889854580164,0.009222116321325302,-1.027989766492414
2016-02-23,fold_4,China devaluation and oil crash,0.007795471698045731,1,0.00950370728969574,1,0.00950370728969574,-0.050396656231896486,,,,1,95.0370728969574,-0.006867710500955582,0.040609244257211685,0.007795471698045731,0.5857381864444753
2016-02-24,fold_4,China devaluation and oil crash,0.007625125348567963,1,0.009800620377063751,1,0.009800620377063751,-0.040596035854832735,,,,1,98.00620377063751,-0.00950201228260994,0.031483400613069534,0.007625125348567963,0.603461779103473
2016-02-25,fold_4,China devaluation and oil crash,0.0072360895574092865,1,-0.001256314804777503,-1,-0.001256314804777503,-0.04185235065961024,,,,0,-12.56314804777503,-0.008487546816468239,0.019791029393672943,0.0072360895574092865,-0.08165264511119744
2016-02-26,fold_4,China devaluation and oil crash,0.006389819085597992,1,-0.009032007306814194,-1,-0.009032007306814194,-0.05088435796642443,,,,0,-90.32007306814194,-0.009735367260873318,0.021426400169730186,0.006389819085597992,-0.599497246806656
2016-02-29,fold_4,China devaluation and oil crash,0.006640944629907608,1,0.031593240797519684,1,0.031593240797519684,-0.019291117168904748,,,,1,315.93240797519684,-0.004668392241001129,0.02428814396262169,0.006640944629907608,2.1816719207427404
2016-03-01,fold_4,China devaluation and oil crash,0.009925231337547302,1,0.00037786204484291375,1,0.00037786204484291375,-0.018913255124061834,,,,1,3.7786204484291375,-0.006304966285824776,-0.015623753890395164,0.009925231337547302,0.023467816817346564
2016-03-02,fold_4,China devaluation and oil crash,0.013198517262935638,1,-0.0018917503766715527,-1,-0.0018917503766715527,-0.020805005500733387,,,,0,-18.917503766715527,-0.005743427202105522,-0.009589391760528088,0.013198517262935638,-0.12332163128581751
2016-03-03,fold_4,China devaluation and oil crash,0.014045782387256622,1,0.000379056204110384,1,0.000379056204110384,-0.020425949296623003,,,,1,3.79056204110384,-0.004644289612770081,-0.009225158020853996,0.014045782387256622,0.024761813468867088
2016-03-04,fold_4,China devaluation and oil crash,0.011986173689365387,1,-0.006170264445245266,-1,-0.006170264445245266,-0.02659621374186827,,,,0,-61.70264445245266,-0.0031354129314422607,0.0077295913361012936,0.011986173689365387,-0.40306623955910803
2016-03-07,fold_4,China devaluation and oil crash,0.010672599077224731,1,-0.00831865705549717,-1,-0.00831865705549717,-0.03491487079736544,,,,0,-83.1865705549717,-0.004999583587050438,0.01558910682797432,0.010672599077224731,-0.6310215495998357
2016-03-08,fold_4,China devaluation and oil crash,0.01194397360086441,1,0.0064122239127755165,1,0.0064122239127755165,-0.02850264688458992,,,,1,64.12223912775517,-0.004847260192036629,0.023532414808869362,0.01194397360086441,0.49861595348445165
2016-03-09,fold_4,China devaluation and oil crash,0.009288426488637924,1,-0.0015275164041668177,-1,-0.0015275164041668177,-0.03003016328875674,,,,0,-15.275164041668177,-0.006138572469353676,0.025990260764956474,0.009288426488637924,-0.11821938015982
2016-03-10,fold_4,China devaluation and oil crash,0.008485134690999985,1,0.017333805561065674,1,0.017333805561065674,-0.012696357727691066,,,,1,173.33805561065674,-0.007255014032125473,0.026959849521517754,0.008485134690999985,1.3440099143160127
2016-03-11,fold_4,China devaluation and oil crash,0.008773185312747955,1,0.001689250930212438,1,0.001689250930212438,-0.011007106797478627,,,,1,16.89250930212438,-0.008710384368896484,0.011191518045961857,0.008773185312747955,0.12547344482987752
2016-03-14,fold_4,China devaluation and oil crash,0.006813723593950272,1,-0.0003753479686565697,-1,-0.0003753479686565697,-0.011382454766135197,,,,0,-3.753479686565697,-0.008280305191874504,0.01340685784816742,0.006813723593950272,-0.028789643508014145
2016-03-15,fold_4,China devaluation and oil crash,0.008858192712068558,1,0.008870068937540054,1,0.008870068937540054,-0.002512385828595143,,,,1,88.70068937540054,-0.00919007882475853,0.016838986426591873,0.008858192712068558,0.7362859028048112
2016-03-16,fold_4,China devaluation and oil crash,0.009315192699432373,1,-0.0005579286371357739,-1,-0.0005579286371357739,-0.0030703144657309167,,,,0,-5.579286371357739,-0.009754680097103119,-0.00029687152709811926,0.009315192699432373,-0.050106030756215725
2016-03-17,fold_4,China devaluation and oil crash,0.006479885429143906,1,0.0015654738526791334,1,0.0015654738526791334,-0.0015048406130517833,,,,1,15.654738526791334,-0.006669690832495689,0.000540980021469295,0.006479885429143906,0.14447327970051663
2016-03-18,fold_4,China devaluation and oil crash,0.004103969782590866,1,0.0039045915473252535,1,0.0039045915473252535,0.00239975093427347,,,,1,39.045915473252535,-0.008209798485040665,-0.0024239751510322094,0.004103969782590866,0.36082740226055715
2016-03-21,fold_4,China devaluation and oil crash,0.0018292292952537537,1,0.003056779270991683,1,0.003056779270991683,0.005456530205265153,,,,1,30.56779270991683,-0.009094856679439545,0.009602147154510021,0.0018292292952537537,0.2984641932522144
2016-03-22,fold_4,China devaluation and oil crash,0.004789125174283981,1,-0.008265787735581398,-1,-0.008265787735581398,-0.002809257530316245,,,,0,-82.65787735581398,-0.008548151701688766,0.011403592303395271,0.004789125174283981,-0.8637103386924586
2016-03-23,fold_4,China devaluation and oil crash,0.009570680558681488,1,0.0002799229114316404,1,0.0002799229114316404,-0.0025293346188846044,,,,1,2.799229114316404,-0.008313719183206558,0.01820463314652443,0.009570680558681488,0.029426987994186592
2016-03-24,fold_4,China devaluation and oil crash,0.00905553624033928,1,-0.001399481319822371,-1,-0.001399481319822371,-0.003928815938706975,,,,0,-13.99481319822371,-0.008469505235552788,0.028491921722888947,0.00905553624033928,-0.1511843418165445
2016-03-28,fold_4,China devaluation and oil crash,0.009204313158988953,1,0.015930714085698128,1,0.015930714085698128,0.012001898146991152,,,,1,159.30714085698128,-0.008747722953557968,0.02607828378677368,0.009204313158988953,1.720785580467
2016-03-29,fold_4,China devaluation and oil crash,0.011320620775222778,1,0.004858225118368864,1,0.004858225118368864,0.016860123265360016,,,,1,48.58225118368864,-0.012310301885008812,0.0004590361495502293,0.011320620775222778,0.5002431355891801
2016-03-30,fold_4,China devaluation and oil crash,0.010988470166921616,1,-0.0014647470088675618,-1,-0.0014647470088675618,0.015395376256492455,,,,0,-14.647470088675618,-0.009619617834687233,0.011907192878425121,0.010988470166921616,-0.2169314072734547
2016-03-31,fold_4,China devaluation and oil crash,0.011204835027456284,1,0.010567210614681244,1,0.010567210614681244,0.0259625868711737,,,,1,105.67210614681244,-0.007244562730193138,-0.0010990502778440714,0.011204835027456284,1.5633052445202813
2016-04-01,fold_4,China devaluation and oil crash,0.010020390152931213,1,-0.003813117742538452,-1,-0.003813117742538452,0.022149469128635246,,,,0,-38.13117742538452,-0.009075308218598366,-0.012399908155202866,0.010020390152931213,-0.5334434279302764
2016-04-04,fold_4,China devaluation and oil crash,0.01103871688246727,1,-0.009688534773886204,-1,-0.009688534773886204,0.012460934354749043,,,,0,-96.88534773886204,-0.0065194182097911835,-0.012263499200344086,0.01103871688246727,-1.3459487874714837
2016-04-05,fold_4,China devaluation and oil crash,0.011424742639064789,1,0.016306381672620773,1,0.016306381672620773,0.028767316027369816,,,,1,163.06381672620773,-0.0005607157945632935,0.005769746843725443,0.011424742639064789,2.206686146330935
2016-04-06,fold_4,China devaluation and oil crash,0.010318197309970856,1,-0.014470990747213364,-1,-0.014470990747213364,0.014296325280156452,,,,0,-144.70990747213364,-0.005378855392336845,0.0021664733067154884,0.010318197309970856,-1.8026860920018872
2016-04-07,fold_4,China devaluation and oil crash,0.011149473488330841,1,-0.0007336472626775503,-1,-0.0007336472626775503,0.013562678017478902,,,,0,-7.336472626775503,0.0025817416608333588,0.016727684065699577,0.011149473488330841,-0.0859524674195636
2016-04-08,fold_4,China devaluation and oil crash,0.00818847119808197,1,-0.0036767087876796722,-1,-0.0036767087876796722,0.00988596922979923,,,,0,-36.76708787679672,-5.07403165102005e-05,0.014934007078409195,0.00818847119808197,-0.4310205214851261
2016-04-11,fold_4,China devaluation and oil crash,0.00852242112159729,1,0.008344711735844612,1,0.008344711735844612,0.018230680965643842,,,,1,83.44711735844612,0.002946089953184128,0.023929070681333542,0.00852242112159729,1.0917883100498842
2016-04-12,fold_4,China devaluation and oil crash,0.009507562965154648,1,0.012703108601272106,1,0.012703108601272106,0.030933789566915948,,,,1,127.03108601272106,-0.0044758934527635574,0.009451969526708126,0.009507562965154648,1.6164684369758442
2016-04-13,fold_4,China devaluation and oil crash,0.010538782924413681,1,9.022023732541129e-05,1,9.022023732541129e-05,0.03102400980424136,,,,1,0.9022023732541129,-0.002430122345685959,-0.002437104005366564,0.010538782924413681,0.010797402454357615
2016-04-14,fold_4,China devaluation and oil crash,0.01050565391778946,1,-0.0025273242499679327,-1,-0.0025273242499679327,0.028496685554273427,,,,0,-25.273242499679327,-0.0017776098102331161,-0.002437179908156395,0.01050565391778946,-0.3113639257109552
2016-04-15,fold_4,China devaluation and oil crash,0.0099099762737751,1,0.005318354815244675,1,0.005318354815244675,0.0338150403695181,,,,1,53.18354815244675,-0.004677044227719307,-0.01511763408780098,0.0099099762737751,0.6537108107086823
2016-04-18,fold_4,China devaluation and oil crash,0.010009892284870148,1,-0.006132390350103378,-1,-0.006132390350103378,0.027682650019414723,,,,0,-61.32390350103378,-0.005891665816307068,-0.020435988903045654,0.010009892284870148,-0.746519575063396
2016-04-19,fold_4,China devaluation and oil crash,0.012730374932289124,1,0.0008140353602357209,1,0.0008140353602357209,0.028496685379650444,,,,1,8.140353602357209,-0.002243202179670334,-0.019178731366991997,0.012730374932289124,0.09828481736239875
2016-04-20,fold_4,China devaluation and oil crash,0.0128093883395195,1,9.014434181153774e-05,1,9.014434181153774e-05,0.02858682972146198,,,,1,0.9014434181153774,-0.0020807143300771713,-0.028047095984220505,0.0128093883395195,0.01091842629886139
2016-04-21,fold_4,China devaluation and oil crash,0.014446735382080078,1,-0.015207778662443161,-1,-0.015207778662443161,0.01337905105901882,,,,0,-152.0777866244316,-0.001387905329465866,-0.04029499739408493,0.014446735382080078,-1.889952292367294
2016-04-22,fold_4,China devaluation and oil crash,0.01630883663892746,1,0.0,0,0.0,0.01337905105901882,,,,0,0.0,5.0924718379974365e-06,-0.0303702000528574,0.01630883663892746,0.0
2016-04-25,fold_4,China devaluation and oil crash,0.013652965426445007,1,-0.0048751323483884335,-1,-0.0048751323483884335,0.008503918710630387,,,,0,-48.751323483884335,-0.003252428025007248,-0.020955650135874748,0.013652965426445007,-0.5584431452323555
2016-04-26,fold_4,China devaluation and oil crash,0.01804240047931671,1,-0.008054329082369804,-1,-0.008054329082369804,0.0004495896282605827,,,,0,-80.54329082369804,-0.0017958972603082657,-0.025400573387742043,0.01804240047931671,-1.0012567341013854
2016-04-27,fold_4,China devaluation and oil crash,0.018255919218063354,1,-0.012157757766544819,-1,-0.012157757766544819,-0.011708168138284236,,,,0,-121.57757766544819,-0.0031077247112989426,-0.023798203095793724,0.018255919218063354,-1.4878294773292926
2016-04-28,fold_4,China devaluation and oil crash,0.01300773024559021,1,-0.005282980855554342,-1,-0.005282980855554342,-0.01699114899383858,,,,0,-52.82980855554342,0.0028391964733600616,-0.011926179751753807,0.01300773024559021,-0.6139008000621646
2018-09-19,fold_5,2018 Vol-mageddon + Q4 sell-off,0.012215331196784973,1,0.010995673015713692,1,0.010995673015713692,0.010995673015713692,,,,1,109.95673015713692,-0.00042242370545864105,0.010354790836572647,0.012215331196784973,1.4784977216211306
2018-09-20,fold_5,2018 Vol-mageddon + Q4 sell-off,0.009586632251739502,1,-0.00548259261995554,-1,-0.00548259261995554,0.005513080395758152,,,,0,-54.8259261995554,0.0006596185266971588,0.007789247203618288,0.009586632251739502,-0.7042587737554218
2018-09-21,fold_5,2018 Vol-mageddon + Q4 sell-off,0.009279631078243256,1,0.002777309622615576,1,0.002777309622615576,0.008290390018373728,,,,1,27.773096226155758,-0.001251455396413803,0.013056525960564613,0.009279631078243256,0.35270575058628745
2018-09-24,fold_5,2018 Vol-mageddon + Q4 sell-off,0.008632149547338486,1,0.0013584248954430223,1,0.0013584248954430223,0.00964881491381675,,,,1,13.584248954430223,-0.0008768755942583084,0.01232261210680008,0.008632149547338486,0.17819671546611277
2018-09-25,fold_5,2018 Vol-mageddon + Q4 sell-off,0.01019127294421196,1,0.0007059755735099316,1,0.0007059755735099316,0.010354790487326682,,,,1,7.059755735099316,-0.0025256164371967316,0.008705517277121544,0.01019127294421196,0.09691556136553459
2018-09-26,fold_5,2018 Vol-mageddon + Q4 sell-off,0.010719828307628632,1,0.00843012984842062,1,0.00843012984842062,0.0187849203357473,,,,1,84.3012984842062,-0.001437358558177948,0.009075534529983997,0.010719828307628632,1.1581767856288074
2018-09-27,fold_5,2018 Vol-mageddon + Q4 sell-off,0.007864687591791153,1,-0.0002153137611458078,-1,-0.0002153137611458078,0.018569606574601494,,,,0,-2.153137611458078,-0.0018354840576648712,-0.018739888444542885,0.007864687591791153,-0.030463890037563997
2018-09-28,fold_5,2018 Vol-mageddon + Q4 sell-off,0.007331177592277527,1,0.002043396234512329,1,0.002043396234512329,0.020613002809113823,,,,1,20.43396234512329,-0.004330243915319443,-0.030826954171061516,0.007331177592277527,0.28955915449981495
2018-10-01,fold_5,2018 Vol-mageddon + Q4 sell-off,0.005678925663232803,1,-0.0022586702834814787,-1,-0.0022586702834814787,0.018354332525632344,,,,0,-22.586702834814787,-0.005963357165455818,-0.03899511694908142,0.005678925663232803,-0.3196605862331189
2018-10-02,fold_5,2018 Vol-mageddon + Q4 sell-off,0.006869599223136902,1,0.0010759925935417414,1,0.0010759925935417414,0.019430325119174086,,,,1,10.759925935417414,-0.005864452570676804,-0.0335022509098053,0.006869599223136902,0.1533092755250861
2018-10-03,fold_5,2018 Vol-mageddon + Q4 sell-off,0.007155917584896088,1,-0.019385293126106262,-1,-0.019385293126106262,4.503199306782335e-05,,,,0,-193.85293126106262,-0.006715886294841766,-0.07955434173345566,0.007155917584896088,-3.032313178191907
2018-10-04,fold_5,2018 Vol-mageddon + Q4 sell-off,0.008254796266555786,1,-0.012302380055189133,-1,-0.012302380055189133,-0.01225734806212131,,,,0,-123.02380055189133,0.0031228531152009964,-0.07264971733093262,0.008254796266555786,-1.649475386727381
2018-10-05,fold_5,2018 Vol-mageddon + Q4 sell-off,0.011670738458633423,1,-0.006124766077846289,-1,-0.006124766077846289,-0.018382114139967598,,,,0,-61.24766077846289,0.006324641406536102,-0.032896917313337326,0.011670738458633423,-0.7750360940234491
2018-10-08,fold_5,2018 Vol-mageddon + Q4 sell-off,0.015023738145828247,1,0.003234193893149495,1,0.003234193893149495,-0.015147920246818103,,,,1,32.34193893149495,0.003596080467104912,-0.03895066678524017,0.015023738145828247,0.4050319915801271
2018-10-09,fold_5,2018 Vol-mageddon + Q4 sell-off,0.01743883639574051,1,-0.04497610032558441,-1,-0.04497610032558441,-0.060124020572402515,,,,0,-449.7610032558441,0.0071731917560100555,-0.013507483527064323,0.01743883639574051,-5.74268986795803
2018-10-10,fold_5,2018 Vol-mageddon + Q4 sell-off,0.01523725688457489,1,-0.012480662204325199,-1,-0.012480662204325199,-0.07260468277672771,,,,0,-124.80662204325199,0.01295258104801178,0.03186367079615593,0.01523725688457489,-0.9804380361378571
2018-10-11,fold_5,2018 Vol-mageddon + Q4 sell-off,0.010962903499603271,1,0.02745041809976101,1,0.02745041809976101,-0.045154264676966704,,,,1,274.5041809976101,0.016856372356414795,0.020888805389404297,0.010962903499603271,2.142276908545707
2018-10-12,fold_5,2018 Vol-mageddon + Q4 sell-off,0.012397125363349915,1,-0.012178515084087849,-1,-0.012178515084087849,-0.05733277976105455,,,,0,-121.78515084087849,0.0128755122423172,-0.007485735230147839,0.012397125363349915,-0.8580742505676323
2018-10-15,fold_5,2018 Vol-mageddon + Q4 sell-off,0.010752469301223755,1,0.028677375987172127,1,0.028677375987172127,-0.028655403773882426,,,,1,286.77375987172127,0.013996310532093048,0.009823471307754517,0.010752469301223755,2.0363214130848357
2018-10-16,fold_5,2018 Vol-mageddon + Q4 sell-off,0.013146795332431793,1,0.0003950525133404881,1,0.0003950525133404881,-0.028260351260541938,,,,1,3.9505251334048808,0.0062693580985069275,-0.022540796548128128,0.013146795332431793,0.025712687103086888
2018-10-17,fold_5,2018 Vol-mageddon + Q4 sell-off,0.011120103299617767,1,-0.023455524817109108,-1,-0.023455524817109108,-0.051715876077651046,,,,0,-234.55524817109108,0.0006788540631532669,-0.0697828084230423,0.011120103299617767,-1.526713668475972
2018-10-18,fold_5,2018 Vol-mageddon + Q4 sell-off,0.006450541317462921,1,-0.00092412339290604,-1,-0.00092412339290604,-0.052639999470557086,,,,0,-9.2412339290604,0.004594054073095322,-0.012317018583416939,0.006450541317462921,-0.05758955729145474
2018-10-19,fold_5,2018 Vol-mageddon + Q4 sell-off,0.0078025273978710175,1,0.005130691919475794,1,0.005130691919475794,-0.04750930755108129,,,,1,51.30691919475794,0.0021306797862052917,-0.037451568990945816,0.0078025273978710175,0.3206451188195099
2018-10-22,fold_5,2018 Vol-mageddon + Q4 sell-off,0.008516326546669006,1,-0.003686893032863736,-1,-0.003686893032863736,-0.05119620058394503,,,,0,-36.86893032863736,0.004765346646308899,-0.06337808072566986,0.008516326546669006,-0.22999663911757656
2018-10-23,fold_5,2018 Vol-mageddon + Q4 sell-off,0.012499131262302399,1,-0.04684695973992348,-1,-0.04684695973992348,-0.0980431603238685,,,,0,-468.4695973992348,0.014072101563215256,-0.04334544390439987,0.012499131262302399,-2.9190838441089455
2018-10-24,fold_5,2018 Vol-mageddon + Q4 sell-off,0.01349051296710968,1,0.03401026502251625,1,0.03401026502251625,-0.06403289530135226,,,,1,340.1026502251625,0.014159396290779114,0.026734814047813416,0.01349051296710968,1.77468860016443
2018-10-25,fold_5,2018 Vol-mageddon + Q4 sell-off,0.010982789099216461,1,-0.026058673858642578,-1,-0.026058673858642578,-0.09009156915999483,,,,0,-260.5867385864258,0.005342502146959305,0.00582903204485774,0.010982789099216461,-1.2692032756157483
2018-10-26,fold_5,2018 Vol-mageddon + Q4 sell-off,0.013105839490890503,1,-0.02079581841826439,-1,-0.02079581841826439,-0.11088738757825922,,,,0,-207.9581841826439,0.016766704618930817,0.016188867390155792,0.013105839490890503,-0.9743944970941217
2018-10-29,fold_5,2018 Vol-mageddon + Q4 sell-off,0.014092467725276947,1,0.01634574495255947,1,0.01634574495255947,-0.09454164262569975,,,,1,163.4574495255947,0.01843753084540367,0.03450203314423561,0.014092467725276947,0.7484921883353494
2018-10-30,fold_5,2018 Vol-mageddon + Q4 sell-off,0.01732630282640457,1,0.02323329448699951,1,0.02323329448699951,-0.07130834813870024,,,,1,232.33294486999512,0.017254699021577835,0.025703391060233116,0.01732630282640457,1.0495600485665344
2018-10-31,fold_5,2018 Vol-mageddon + Q4 sell-off,0.008265253156423569,1,0.013104485347867012,1,0.013104485347867012,-0.05820386279083323,,,,1,131.04485347867012,0.00652199424803257,0.03335581719875336,0.008265253156423569,0.5763659324773915
2018-11-01,fold_5,2018 Vol-mageddon + Q4 sell-off,0.0046658143401145935,1,-0.015698837116360664,-1,-0.015698837116360664,-0.07390269990719389,,,,0,-156.98837116360664,0.007473040372133255,0.013852041214704514,0.0046658143401145935,-0.6973882163455799
2018-11-02,fold_5,2018 Vol-mageddon + Q4 sell-off,0.0036050714552402496,1,-0.002482652897015214,-1,-0.002482652897015214,-0.0763853528042091,,,,0,-24.82652897015214,0.005587916821241379,0.012555296532809734,0.0036050714552402496,-0.10977283931015479
2018-11-05,fold_5,2018 Vol-mageddon + Q4 sell-off,-0.0007379166781902313,-1,0.007547101005911827,1,-0.007547101005911827,-0.08393245381012093,,,,0,-75.47101005911827,0.000833168625831604,-0.01568807289004326,-0.0007379166781902313,0.33421468347266076
2018-11-06,fold_5,2018 Vol-mageddon + Q4 sell-off,0.0031841620802879333,1,0.0308857224881649,1,0.0308857224881649,-0.05304673132195603,,,,1,308.857224881649,0.001976974308490753,-0.022393720224499702,0.0031841620802879333,1.3646313407784774
2018-11-07,fold_5,2018 Vol-mageddon + Q4 sell-off,0.006924562156200409,1,-0.006399292498826981,-1,-0.006399292498826981,-0.05944602382078301,,,,0,-63.992924988269806,-0.0007057748734951019,-0.0609380342066288,0.006924562156200409,-0.2987561094118364
2018-11-08,fold_5,2018 Vol-mageddon + Q4 sell-off,0.00731465220451355,1,-0.01699558086693287,-1,-0.01699558086693287,-0.07644160468771588,,,,0,-169.9558086693287,-0.0029216203838586807,-0.03719615936279297,0.00731465220451355,-0.7984634592381895
2018-11-09,fold_5,2018 Vol-mageddon + Q4 sell-off,0.006469368934631348,1,-0.030726023018360138,-1,-0.030726023018360138,-0.10716762770607602,,,,0,-307.2602301836014,-0.0030443910509347916,-0.023716740310192108,0.006469368934631348,-1.4820286766987243
2018-11-12,fold_5,2018 Vol-mageddon + Q4 sell-off,0.005493782460689545,1,0.000841454544570297,1,0.000841454544570297,-0.10632617316150572,,,,1,8.41454544570297,0.0076596662402153015,-0.026007166132330894,0.005493782460689545,0.03882904903812807
2018-11-13,fold_5,2018 Vol-mageddon + Q4 sell-off,0.012138649821281433,1,-0.007658591028302908,-1,-0.007658591028302908,-0.11398476418980863,,,,0,-76.58591028302908,0.011365920305252075,-0.044905394315719604,0.012138649821281433,-0.3699598816985418
2018-11-14,fold_5,2018 Vol-mageddon + Q4 sell-off,0.016267314553260803,1,0.01734258234500885,1,0.01734258234500885,-0.09664218184479978,,,,1,173.4258234500885,0.013632029294967651,-0.029672911390662193,0.016267314553260803,0.8349153533134935
2018-11-15,fold_5,2018 Vol-mageddon + Q4 sell-off,0.015926174819469452,1,-0.0035161625128239393,-1,-0.0035161625128239393,-0.10015834435762372,,,,0,-35.16162512823939,0.01274958997964859,-0.05427509918808937,0.015926174819469452,-0.17177737056518852
2018-11-16,fold_5,2018 Vol-mageddon + Q4 sell-off,0.01665414124727249,1,-0.033016450703144073,-1,-0.033016450703144073,-0.1331747950607678,,,,0,-330.16450703144073,0.007028922438621521,-0.027908116579055786,0.01665414124727249,-1.611867493491997
2018-11-19,fold_5,2018 Vol-mageddon + Q4 sell-off,0.014638014137744904,1,-0.018056772649288177,-1,-0.018056772649288177,-0.15123156771005597,,,,0,-180.56772649288177,0.010974131524562836,0.008479170501232147,0.014638014137744904,-0.8304656952937203
2018-11-20,fold_5,2018 Vol-mageddon + Q4 sell-off,0.01620814949274063,1,0.007573891896754503,1,0.007573891896754503,-0.14365767581330147,,,,1,75.73891896754503,0.019098684191703796,0.058211855590343475,0.01620814949274063,0.342721089958986
2018-11-21,fold_5,2018 Vol-mageddon + Q4 sell-off,0.018832840025424957,1,-0.007259607780724764,-1,-0.007259607780724764,-0.15091728359402623,,,,0,-72.59607780724764,0.015382058918476105,0.047372590750455856,0.018832840025424957,-0.37166995530783903
2018-11-23,fold_5,2018 Vol-mageddon + Q4 sell-off,0.020854689180850983,1,0.022850820794701576,1,0.022850820794701576,-0.12806646279932465,,,,1,228.50820794701576,0.01750459522008896,0.06186139956116676,0.020854689180850983,1.2649789142725905
2018-11-26,fold_5,2018 Vol-mageddon + Q4 sell-off,0.018222838640213013,1,0.0033708387054502964,1,0.0033708387054502964,-0.12469562409387436,,,,1,33.708387054502964,0.013691354542970657,0.05633609741926193,0.018222838640213013,0.1888876302400691
2018-11-27,fold_5,2018 Vol-mageddon + Q4 sell-off,0.017930537462234497,1,0.03167591243982315,1,0.03167591243982315,-0.09301971165405121,,,,1,316.7591243982315,0.010021276772022247,0.013853813521564007,0.017930537462234497,1.8367398910174983
2018-11-28,fold_5,2018 Vol-mageddon + Q4 sell-off,0.014290906488895416,1,-0.0032653752714395523,-1,-0.0032653752714395523,-0.09628508692549076,,,,0,-32.65375271439552,-0.005432788282632828,-0.01078720297664404,0.014290906488895416,-0.17861348239722183
2018-11-29,fold_5,2018 Vol-mageddon + Q4 sell-off,0.014097489416599274,1,0.007229202892631292,1,0.007229202892631292,-0.08905588403285947,,,,1,72.29202892631292,-0.0025829076766967773,-0.04109470173716545,0.014097489416599274,0.4120773526837548
2018-11-30,fold_5,2018 Vol-mageddon + Q4 sell-off,0.011839568614959717,1,0.017325518652796745,1,0.017325518652796745,-0.07173036538006272,,,,1,173.25518652796745,-0.00538090243935585,-0.037905894219875336,0.011839568614959717,0.997310767714053
2018-12-03,fold_5,2018 Vol-mageddon + Q4 sell-off,0.008133523166179657,1,-0.03911144658923149,-1,-0.03911144658923149,-0.11084181196929421,,,,0,-391.1144658923149,-0.006721150130033493,-0.05192564055323601,0.008133523166179657,-2.241424192443102
2018-12-04,fold_5,2018 Vol-mageddon + Q4 sell-off,0.0070974379777908325,1,0.007034897338598967,1,0.007034897338598967,-0.10380691463069525,,,,1,70.34897338598967,-0.0010082833468914032,-0.004051308147609234,0.0070974379777908325,0.3605707093956329
2018-12-06,fold_5,2018 Vol-mageddon + Q4 sell-off,0.005933746695518494,1,-0.03357287496328354,-1,-0.03357287496328354,-0.13737978959397878,,,,0,-335.7287496328354,0.003894645720720291,-0.010783231817185879,0.005933746695518494,-1.7216083160429345
2018-12-07,fold_5,2018 Vol-mageddon + Q4 sell-off,0.011129401624202728,1,0.01041800994426012,1,0.01041800994426012,-0.12696177964971866,,,,1,104.1800994426012,0.012994199991226196,-0.0018603972857818007,0.011129401624202728,0.5282515780582366
2018-12-10,fold_5,2018 Vol-mageddon + Q4 sell-off,0.009199663996696472,1,0.003305772552266717,1,0.003305772552266717,-0.12365600709745195,,,,1,33.05772552266717,0.01372799277305603,-0.03519889712333679,0.009199663996696472,0.16689777918986154
2018-12-11,fold_5,2018 Vol-mageddon + Q4 sell-off,0.016026847064495087,1,0.008762886747717857,1,0.008762886747717857,-0.11489312034973409,,,,1,87.62886747717857,0.018625818192958832,-0.032235823571681976,0.016026847064495087,0.45045938463094426
2018-12-12,fold_5,2018 Vol-mageddon + Q4 sell-off,0.013938233256340027,1,0.0003029732615686953,1,0.0003029732615686953,-0.1145901470881654,,,,1,3.029732615686953,0.007773466408252716,-0.06586034595966339,0.013938233256340027,0.016551644777471525
2018-12-13,fold_5,2018 Vol-mageddon + Q4 sell-off,0.014011234045028687,1,-0.02465003915131092,-1,-0.02465003915131092,-0.13924018623947632,,,,0,-246.5003915131092,0.007461670786142349,-0.08076487481594086,0.014011234045028687,-1.3467111284400528
2018-12-14,fold_5,2018 Vol-mageddon + Q4 sell-off,0.010904107242822647,1,-0.02292048931121826,-1,-0.02292048931121826,-0.16216067555069458,,,,0,-229.20489311218262,0.008379880338907242,-0.08759868144989014,0.010904107242822647,-1.2038753790062104
2018-12-17,fold_5,2018 Vol-mageddon + Q4 sell-off,0.0097191222012043,1,0.006268845871090889,1,0.006268845871090889,-0.1558918296796037,,,,1,62.68845871090889,0.01631014794111252,-0.08978883922100067,0.0097191222012043,0.3242801571004377
2018-12-18,fold_5,2018 Vol-mageddon + Q4 sell-off,0.012969471514225006,1,-0.024861635640263557,-1,-0.024861635640263557,-0.18075346531986725,,,,0,-248.61635640263557,0.01872876286506653,-0.035490769892930984,0.012969471514225006,-1.283752666124262
2018-12-19,fold_5,2018 Vol-mageddon + Q4 sell-off,0.017012789845466614,1,-0.014601556584239006,-1,-0.014601556584239006,-0.19535502190410625,,,,0,-146.01556584239006,0.017361123114824295,-0.006766404490917921,0.017012789845466614,-0.7788662930931695
2018-12-20,fold_5,2018 Vol-mageddon + Q4 sell-off,0.01748953014612198,1,-0.03148384019732475,-1,-0.03148384019732475,-0.226838862101431,,,,0,-314.8384019732475,0.017972715198993683,0.007312349509447813,0.01748953014612198,-1.6930339809025827
2018-12-21,fold_5,2018 Vol-mageddon + Q4 sell-off,0.01681174337863922,1,-0.025110647082328796,-1,-0.025110647082328796,-0.2519495091837598,,,,0,-251.10647082328796,0.018806196749210358,0.047193724662065506,0.01681174337863922,-1.2674572673187545
2018-12-24,fold_5,2018 Vol-mageddon + Q4 sell-off,0.011816993355751038,1,0.06056690961122513,1,0.06056690961122513,-0.19138259957253467,,,,1,605.6690961122513,0.015797369182109833,0.07631570100784302,0.011816993355751038,2.950446690963408
2018-12-26,fold_5,2018 Vol-mageddon + Q4 sell-off,0.015687860548496246,1,0.0038627306930720806,1,0.0038627306930720806,-0.1875198688794626,,,,1,38.627306930720806,0.00344967283308506,-0.017467688769102097,0.015687860548496246,0.1605697928539248
2018-12-27,fold_5,2018 Vol-mageddon + Q4 sell-off,0.012653395533561707,1,-0.0005228033987805247,-1,-0.0005228033987805247,-0.18804267227824312,,,,0,-5.228033987805247,0.0034461338073015213,0.020564427599310875,0.012653395533561707,-0.021729065604608522
2018-12-28,fold_5,2018 Vol-mageddon + Q4 sell-off,0.007131393998861313,1,0.008397532626986504,1,0.008397532626986504,-0.1796451396512566,,,,1,83.97532626986504,0.0006592627614736557,0.03292231634259224,0.007131393998861313,0.36520208009465255
2018-12-31,fold_5,2018 Vol-mageddon + Q4 sell-off,0.005831502377986908,1,0.00401133019477129,1,0.00401133019477129,-0.17563380945648532,,,,1,40.1133019477129,0.0009003430604934692,0.03352988138794899,0.005831502377986908,0.17395794166586181
2019-01-02,fold_5,2018 Vol-mageddon + Q4 sell-off,0.0044166892766952515,1,-0.033216480165719986,-1,-0.033216480165719986,-0.2088502896222053,,,,0,-332.16480165719986,0.0024595633149147034,0.03763500228524208,0.0044166892766952515,-1.4429433525971453
2019-01-03,fold_5,2018 Vol-mageddon + Q4 sell-off,0.009561881422996521,1,0.04189484566450119,1,0.04189484566450119,-0.16695544395770412,,,,1,418.9484566450119,0.014172513037919998,0.07370780408382416,0.009561881422996521,1.7546651131761455
2019-01-04,fold_5,2018 Vol-mageddon + Q4 sell-off,0.008454196155071259,1,0.011835084296762943,1,0.011835084296762943,-0.15512035966094118,,,,1,118.35084296762943,0.0004750378429889679,0.028147896751761436,0.008454196155071259,0.4908543546392967
2019-01-07,fold_5,2018 Vol-mageddon + Q4 sell-off,0.007714051753282547,1,0.009005100466310978,1,0.009005100466310978,-0.1461152591946302,,,,1,90.05100466310978,-0.003872402012348175,0.0074369218200445175,0.007714051753282547,0.37203579793221414
2019-01-08,fold_5,2018 Vol-mageddon + Q4 sell-off,0.007991284132003784,1,0.008116450160741806,1,0.008116450160741806,-0.1379988090338884,,,,1,81.16450160741806,-0.00875893421471119,0.01776972971856594,0.007991284132003784,0.3513725713332447
2019-01-09,fold_5,2018 Vol-mageddon + Q4 sell-off,0.011579673737287521,1,0.0028563211672008038,1,0.0028563211672008038,-0.1351424878666876,,,,1,28.563211672008038,-0.01028657890856266,0.009468733333051205,0.011579673737287521,0.12390206631015782
2019-01-10,fold_5,2018 Vol-mageddon + Q4 sell-off,0.012174852192401886,1,-0.0036650579422712326,-1,-0.0036650579422712326,-0.13880754580895882,,,,0,-36.650579422712326,-0.006942052394151688,0.014465805143117905,0.012174852192401886,-0.15900432044947757
2019-01-11,fold_5,2018 Vol-mageddon + Q4 sell-off,0.012532882392406464,1,-0.00887589156627655,-1,-0.00887589156627655,-0.14768343737523537,,,,0,-88.7589156627655,-0.010325660929083824,0.027982445433735847,0.012532882392406464,-0.3862234557550303
2019-01-14,fold_5,2018 Vol-mageddon + Q4 sell-off,0.009367018938064575,1,0.019337907433509827,1,0.019337907433509827,-0.12834552994172554,,,,1,193.37907433509827,-0.00605020672082901,0.016624685376882553,0.009367018938064575,0.8383482210297947
2019-01-15,fold_5,2018 Vol-mageddon + Q4 sell-off,0.010625738650560379,1,-0.0001845464576035738,-1,-0.0001845464576035738,-0.12853007639932912,,,,0,-1.845464576035738,-0.005367770791053772,-0.0014171712100505829,0.010625738650560379,-0.00808987921917732
2019-01-16,fold_5,2018 Vol-mageddon + Q4 sell-off,0.012534916400909424,1,0.007853393442928791,1,0.007853393442928791,-0.12067668295640033,,,,1,78.53393442928791,-0.00584493950009346,0.0052218688651919365,0.012534916400909424,0.35329712750900966
2019-01-17,fold_5,2018 Vol-mageddon + Q4 sell-off,0.01051650196313858,1,0.009851583279669285,1,0.009851583279669285,-0.11082509967673104,,,,1,98.51583279669285,-0.009191436693072319,0.009246372617781162,0.01051650196313858,0.4426878625243031
2019-01-18,fold_5,2018 Vol-mageddon + Q4 sell-off,0.010393742471933365,1,-0.020233651623129845,-1,-0.020233651623129845,-0.1310587512998609,,,,0,-202.33651623129845,-0.009384114295244217,-0.013034457340836525,0.010393742471933365,-0.9341151823620253
2019-01-22,fold_5,2018 Vol-mageddon + Q4 sell-off,0.00898648425936699,1,0.0012960510794073343,1,0.0012960510794073343,-0.12976270022045355,,,,1,12.960510794073343,-0.010092385113239288,-0.002287453506141901,0.00898648425936699,0.05921816890991798
2019-01-23,fold_5,2018 Vol-mageddon + Q4 sell-off,0.009945839643478394,1,0.006454493384808302,1,0.006454493384808302,-0.12330820683564525,,,,1,64.54493384808302,-0.011453930288553238,0.0215363297611475,0.009945839643478394,0.31143682154349095
2019-01-24,fold_5,2018 Vol-mageddon + Q4 sell-off,0.007307242602109909,1,0.011877898126840591,1,0.011877898126840591,-0.11143030870880466,,,,1,118.77898126840591,-0.00956097524613142,0.02993958815932274,0.007307242602109909,0.5938378744339285
2019-01-25,fold_5,2018 Vol-mageddon + Q4 sell-off,0.008061911910772324,1,-0.012429247610270977,-1,-0.012429247610270977,-0.12385955631907564,,,,0,-124.29247610270977,-0.011148786172270775,0.013830570504069328,0.008061911910772324,-0.8309956368039547
2019-01-28,fold_5,2018 Vol-mageddon + Q4 sell-off,0.007294557988643646,1,-0.009486648254096508,-1,-0.009486648254096508,-0.13334620457317214,,,,0,-94.86648254096508,-0.003473326563835144,0.038604870438575745,0.007294557988643646,-0.62459246102514
2019-01-29,fold_5,2018 Vol-mageddon + Q4 sell-off,0.009069006890058517,1,0.025119835510849953,1,0.025119835510849953,-0.10822636906232219,,,,1,251.19835510849953,-0.0027762502431869507,0.05690077319741249,0.009069006890058517,1.6380173508875673
2019-01-30,fold_5,2018 Vol-mageddon + Q4 sell-off,0.008641637861728668,1,0.01485775038599968,1,0.01485775038599968,-0.09336861867632251,,,,1,148.5775038599968,-0.00675683468580246,0.028794310986995697,0.008641637861728668,0.9158159736361503
2019-01-31,fold_5,2018 Vol-mageddon + Q4 sell-off,0.00660913810133934,1,-0.004231119528412819,-1,-0.004231119528412819,-0.09759973820473533,,,,0,-42.31119528412819,-0.0060766469687223434,0.00041609382606111467,0.00660913810133934,-0.25587502014519004
2019-02-01,fold_5,2018 Vol-mageddon + Q4 sell-off,0.0036026351153850555,1,0.01234505232423544,1,0.01234505232423544,-0.08525468588049989,,,,1,123.4505232423544,-0.009756945073604584,0.006606902461498976,0.0036026351153850555,0.8338895394396779
2019-02-04,fold_5,2018 Vol-mageddon + Q4 sell-off,0.001764439046382904,1,0.008809252642095089,1,0.008809252642095089,-0.0764454332384048,,,,1,88.09252642095089,-0.013164023868739605,-0.006687937770038843,0.001764439046382904,0.7471241039746336
2019-02-05,fold_5,2018 Vol-mageddon + Q4 sell-off,0.0025544092059135437,1,-0.0029866250697523355,-1,-0.0029866250697523355,-0.07943205830815714,,,,0,-29.866250697523355,-0.012823104858398438,-0.0008191018714569509,0.0025544092059135437,-0.25619367299360474
2019-02-06,fold_5,2018 Vol-mageddon + Q4 sell-off,0.004234112799167633,1,-0.013520467095077038,-1,-0.013520467095077038,-0.09295252540323418,,,,0,-135.20467095077038,-0.010730377398431301,0.002869384828954935,0.004234112799167633,-1.175501688232634
2019-02-07,fold_5,2018 Vol-mageddon + Q4 sell-off,0.006969437003135681,1,0.001959689659997821,1,0.001959689659997821,-0.09099283574323636,,,,1,19.59689659997821,-0.007687292993068695,0.017617112025618553,0.006969437003135681,0.1667357073202623
2019-02-08,fold_5,2018 Vol-mageddon + Q4 sell-off,0.005842946469783783,1,-0.0009497877908870578,-1,-0.0009497877908870578,-0.09194262353412341,,,,0,-9.497877908870578,-0.007920896634459496,0.019853880628943443,0.005842946469783783,-0.08087375287144566
2019-02-11,fold_5,2018 Vol-mageddon + Q4 sell-off,0.006203204393386841,1,0.014678088948130608,1,0.014678088948130608,-0.0772645345859928,,,,1,146.78088948130608,-0.006802968680858612,0.022779028862714767,0.006203204393386841,1.2526771766344347
2019-02-12,fold_5,2018 Vol-mageddon + Q4 sell-off,0.006553869694471359,1,0.0007018616888672113,1,0.0007018616888672113,-0.0765626728971256,,,,1,7.018616888672113,-0.009575637988746166,0.00792672112584114,0.006553869694471359,0.05846206533534345
2019-02-13,fold_5,2018 Vol-mageddon + Q4 sell-off,0.0071355365216732025,1,0.001227260334417224,1,0.001227260334417224,-0.07533541256270837,,,,1,12.27260334417224,-0.01004418171942234,0.0035608201287686825,0.0071355365216732025,0.10956938104039882
2019-02-14,fold_5,2018 Vol-mageddon + Q4 sell-off,0.00627516582608223,1,0.004196458030492067,1,0.004196458030492067,-0.0711389545322163,,,,1,41.96458030492067,-0.012113038450479507,0.00970625039190054,0.00627516582608223,0.3745484592003061
2019-02-15,fold_5,2018 Vol-mageddon + Q4 sell-off,0.006957255303859711,1,0.001975360093638301,1,0.001975360093638301,-0.069163594438578,,,,1,19.75360093638301,-0.010128162801265717,0.009147333912551403,0.006957255303859711,0.1778756870323239
2019-02-19,fold_5,2018 Vol-mageddon + Q4 sell-off,0.008253078907728195,1,-0.00017421865777578205,-1,-0.00017421865777578205,-0.06933781309635378,,,,0,-1.7421865777578205,-0.010332105681300163,0.008208819665014744,0.008253078907728195,-0.015992804153815002
2019-02-20,fold_5,2018 Vol-mageddon + Q4 sell-off,0.008034966886043549,1,-0.0036640395410358906,-1,-0.0036640395410358906,-0.07300185263738967,,,,0,-36.640395410358906,-0.009799022227525711,0.007749252486974001,0.008034966886043549,-0.3697444191702923
2019-02-21,fold_5,2018 Vol-mageddon + Q4 sell-off,0.008657898753881454,1,0.007372690364718437,1,0.007372690364718437,-0.06562916227267124,,,,1,73.72690364718437,-0.009446402080357075,0.009106521494686604,0.008657898753881454,0.7417759552143991
2019-02-22,fold_5,2018 Vol-mageddon + Q4 sell-off,0.007415488362312317,1,0.0036375417839735746,1,0.0036375417839735746,-0.06199162048869766,,,,1,36.375417839735746,-0.009620759636163712,0.00863878894597292,0.007415488362312317,0.36480757635248523
2019-02-25,fold_5,2018 Vol-mageddon + Q4 sell-off,0.007895082235336304,1,0.0010368457296863198,1,0.0010368457296863198,-0.06095477475901134,,,,1,10.368457296863198,-0.008040565997362137,0.005173328332602978,0.007895082235336304,0.10749815623397956
2019-02-26,fold_5,2018 Vol-mageddon + Q4 sell-off,0.00787113606929779,1,-0.0006337863160297275,-1,-0.0006337863160297275,-0.06158856107504107,,,,0,-6.337863160297275,-0.0071128420531749725,0.004881580825895071,0.00787113606929779,-0.06859860697891929
2019-02-27,fold_5,2018 Vol-mageddon + Q4 sell-off,0.008685540407896042,1,-0.002306770533323288,-1,-0.002306770533323288,-0.06389533160836436,,,,0,-23.06770533323288,-0.00845407322049141,-0.00017281183681916445,0.008685540407896042,-0.2564972928000794
2019-02-28,fold_5,2018 Vol-mageddon + Q4 sell-off,0.010543420910835266,1,0.006904958747327328,1,0.006904958747327328,-0.05699037286103703,,,,1,69.04958747327328,-0.00931374728679657,-0.010214511305093765,0.010543420910835266,0.9804763321443797
2019-03-01,fold_5,2018 Vol-mageddon + Q4 sell-off,0.009838692843914032,1,0.00017208090866915882,1,0.00017208090866915882,-0.05681829195236787,,,,1,1.7208090866915882,-0.012572362087666988,-0.018637001514434814,0.009838692843914032,0.026893411076215196
2019-03-04,fold_5,2018 Vol-mageddon + Q4 sell-off,0.008076172322034836,1,0.0007450981065630913,1,0.0007450981065630913,-0.05607319384580478,,,,1,7.450981065630913,-0.011150112375617027,0.0017753717256709933,0.008076172322034836,0.11773856278902868
2019-03-05,fold_5,2018 Vol-mageddon + Q4 sell-off,0.00964483991265297,1,-0.005688178818672895,-1,-0.005688178818672895,-0.061761372664477676,,,,0,-56.881788186728954,-0.011823331005871296,0.0065093920566141605,0.00964483991265297,-0.9984404366472546
2019-03-06,fold_5,2018 Vol-mageddon + Q4 sell-off,0.010197922587394714,1,-0.012348470278084278,-1,-0.012348470278084278,-0.07410984294256195,,,,0,-123.48470278084278,-0.007919512689113617,0.01968303509056568,0.010197922587394714,-2.2472515457824884
2019-03-07,fold_5,2018 Vol-mageddon + Q4 sell-off,0.010389618575572968,1,-0.0015175314620137215,-1,-0.0015175314620137215,-0.07562737440457568,,,,0,-15.175314620137215,0.0020787157118320465,0.030335213989019394,0.010389618575572968,-0.2482345434549959
2019-03-08,fold_5,2018 Vol-mageddon + Q4 sell-off,0.009981296956539154,1,0.020584454759955406,1,0.020584454759955406,-0.05504291964462027,,,,1,205.84454759955406,0.0062856487929821014,0.041090596467256546,0.009981296956539154,3.8661865610744894
2019-03-11,fold_5,2018 Vol-mageddon + Q4 sell-off,0.009264089167118073,1,0.005479118321090937,1,0.005479118321090937,-0.04956380132352933,,,,1,54.79118321090937,-0.00507504865527153,0.022885199636220932,0.009264089167118073,0.7800188928272659
2019-03-12,fold_5,2018 Vol-mageddon + Q4 sell-off,0.01119077205657959,1,0.007485463283956051,1,0.007485463283956051,-0.04207833803957328,,,,1,74.85463283956051,-0.007400350645184517,0.020762847736477852,0.01119077205657959,1.0502638374398423
2019-03-13,fold_5,2018 Vol-mageddon + Q4 sell-off,0.012193284928798676,1,-0.0016962912632152438,-1,-0.0016962912632152438,-0.043774629302788526,,,,0,-16.962912632152438,-0.011362968944013119,0.01723448745906353,0.012193284928798676,-0.259205191477666
2019-03-14,fold_5,2018 Vol-mageddon + Q4 sell-off,0.01178596168756485,1,0.009237850084900856,1,0.009237850084900856,-0.03453677921788767,,,,1,92.37850084900856,-0.011615033261477947,0.03444202244281769,0.01178596168756485,1.409647264496538
2019-03-15,fold_5,2018 Vol-mageddon + Q4 sell-off,0.009562890976667404,1,0.0023790590930730104,1,0.0023790590930730104,-0.03215772012481466,,,,1,23.790590930730104,-0.010428057983517647,0.0029952730983495712,0.009562890976667404,0.34651527241994967
2019-03-18,fold_5,2018 Vol-mageddon + Q4 sell-off,0.009075034409761429,1,0.003356766188517213,1,0.003356766188517213,-0.028800953936297446,,,,1,33.56766188517213,-0.010465693660080433,-0.0012897165725007653,0.009075034409761429,0.49204903498740066
2019-03-19,fold_5,2018 Vol-mageddon + Q4 sell-off,0.010337017476558685,1,0.003957103006541729,1,0.003957103006541729,-0.024843850929755718,,,,1,39.57103006541729,-0.009296405129134655,0.0,0.010337017476558685,0.5777674207829703
2019-03-20,fold_5,2018 Vol-mageddon + Q4 sell-off,0.008008792996406555,1,0.015511245466768742,1,0.015511245466768742,-0.009332605462986976,,,,1,155.11245466768742,-0.009646479040384293,-0.010400827042758465,0.008008792996406555,2.2461296638731625
2019-03-21,fold_5,2018 Vol-mageddon + Q4 sell-off,0.004971515387296677,1,-0.02220890112221241,-1,-0.02220890112221241,-0.031541506585199386,,,,0,-222.0890112221241,-0.008425960317254066,-0.023610059171915054,0.004971515387296677,-2.890170330312154
2019-03-22,fold_5,2018 Vol-mageddon + Q4 sell-off,0.0029079169034957886,1,-0.001905930577777326,-1,-0.001905930577777326,-0.03344743716297671,,,,0,-19.05930577777326,-0.00321146659553051,0.006141345482319593,0.0029079169034957886,-0.21178024690818373
2019-03-25,fold_5,2018 Vol-mageddon + Q4 sell-off,6.395578384399414e-05,1,0.004646482411772013,1,0.004646482411772013,-0.0288009547512047,,,,1,46.46482411772013,0.0010590273886919022,0.021207502111792564,6.395578384399414e-05,0.5178372879620403
2019-03-26,fold_5,2018 Vol-mageddon + Q4 sell-off,0.002638038247823715,1,-0.006443724036216736,-1,-0.006443724036216736,-0.035244678787421435,,,,0,-64.43724036216736,0.0007323101162910461,0.02034425549209118,0.002638038247823715,-0.7136034369894386
2019-03-27,fold_5,2018 Vol-mageddon + Q4 sell-off,0.005269043147563934,1,0.0023020142689347267,1,0.0023020142689347267,-0.03294266451848671,,,,1,23.020142689347267,0.0005205199122428894,0.03251755237579346,0.005269043147563934,0.25177956690205505
2019-03-28,fold_5,2018 Vol-mageddon + Q4 sell-off,0.0069894567131996155,1,0.007542503532022238,1,0.007542503532022238,-0.02540016098646447,,,,1,75.42503532022238,0.000743228942155838,0.029834916815161705,0.0069894567131996155,0.8249561163490199
2019-03-29,fold_5,2018 Vol-mageddon + Q4 sell-off,0.009256675839424133,1,0.013160225003957748,1,0.013160225003957748,-0.012239935982506722,,,,1,131.60225003957748,-0.006995312869548798,0.027450084686279297,0.009256675839424133,1.4354417979438217
2019-04-01,fold_5,2018 Vol-mageddon + Q4 sell-off,0.009556271135807037,1,0.0037832369562238455,1,0.0037832369562238455,-0.008456699026282877,,,,1,37.832369562238455,-0.007923312485218048,0.01683189906179905,0.009556271135807037,0.3929132302604623
2019-04-02,fold_5,2018 Vol-mageddon + Q4 sell-off,0.011907681822776794,1,0.005729572847485542,1,0.005729572847485542,-0.0027271261787973344,,,,1,57.29572847485542,-0.007868427783250809,0.009531304240226746,0.011907681822776794,0.5928572924656258
2019-04-03,fold_5,2018 Vol-mageddon + Q4 sell-off,0.013968311250209808,1,-0.0003806223103310913,-1,-0.0003806223103310913,-0.0031077484891284257,,,,0,-3.806223103310913,-0.003755638375878334,0.009153859689831734,0.013968311250209808,-0.03937922860941791
2019-04-04,fold_5,2018 Vol-mageddon + Q4 sell-off,0.012181900441646576,1,0.00515767140313983,1,0.00515767140313983,0.002049922914011404,,,,1,51.576714031398296,-0.0029735341668128967,0.007159198634326458,0.012181900441646576,0.5567941972777216
2019-04-05,fold_5,2018 Vol-mageddon + Q4 sell-off,0.01091497391462326,1,0.0025420398451387882,1,0.0025420398451387882,0.004591962759150192,,,,1,25.420398451387882,-0.0036742575466632843,0.006315842270851135,0.01091497391462326,0.2725024093881886
2019-04-08,fold_5,2018 Vol-mageddon + Q4 sell-off,0.010520756244659424,1,-0.0035173578653484583,-1,-0.0035173578653484583,0.0010746048938017339,,,,0,-35.17357865348458,-0.006156995892524719,0.003935340326279402,0.010520756244659424,-0.43243918616901417
2019-04-09,fold_5,2018 Vol-mageddon + Q4 sell-off,0.011340402066707611,1,0.005352128762751818,1,0.005352128762751818,0.0064267336565535516,,,,1,53.52128762751818,-0.007259901612997055,0.010890415869653225,0.011340402066707611,0.6624467096671369
2019-04-10,fold_5,2018 Vol-mageddon + Q4 sell-off,0.009996771812438965,1,-0.0023752839770168066,-1,-0.0023752839770168066,0.004051449679536745,,,,0,-23.752839770168066,-0.007924623787403107,0.009017187170684338,0.009996771812438965,-0.29712804898278294
2019-04-11,fold_5,2018 Vol-mageddon + Q4 sell-off,0.009589530527591705,1,0.004314315505325794,1,0.004314315505325794,0.00836576518486254,,,,1,43.14315505325794,-0.009328954853117466,0.012674174271523952,0.009589530527591705,0.5391018631979752
2019-04-12,fold_5,2018 Vol-mageddon + Q4 sell-off,0.010028433054685593,1,0.0001615378278074786,1,0.0001615378278074786,0.008527303012670018,,,,1,1.615378278074786,-0.008470147848129272,0.011184216476976871,0.010028433054685593,0.020732427437063147
2019-04-15,fold_5,2018 Vol-mageddon + Q4 sell-off,0.009666763246059418,1,0.0034377172123640776,1,0.0034377172123640776,0.011965020225034095,,,,1,34.377172123640776,-0.008094944059848785,0.02366057224571705,0.009666763246059418,0.4422379245469731
2019-04-16,fold_5,2018 Vol-mageddon + Q4 sell-off,0.009853262454271317,1,0.0034789007622748613,1,0.0034789007622748613,0.015443920987308957,,,,1,34.78900762274861,-0.0067258551716804504,0.0170652624219656,0.009853262454271317,0.44743409613884627
2019-04-17,fold_5,2018 Vol-mageddon + Q4 sell-off,0.008168041706085205,1,0.001281703356653452,1,0.001281703356653452,0.01672562434396241,,,,1,12.81703356653452,-0.005596881732344627,0.017636874690651894,0.008168041706085205,0.16508748451011285
2019-04-18,fold_5,2018 Vol-mageddon + Q4 sell-off,0.00825522094964981,1,0.002824357245117426,1,0.002824357245117426,0.019549981589079835,,,,1,28.24357245117426,-0.003422703593969345,0.01724712736904621,0.00825522094964981,0.4062728922046816
2019-04-22,fold_5,2018 Vol-mageddon + Q4 sell-off,0.0052588097751140594,1,0.012637894600629807,1,0.012637894600629807,0.03218787618970964,,,,1,126.37894600629807,-0.005314618349075317,0.016361890360713005,0.0052588097751140594,2.5761801972299163
2019-04-23,fold_5,2018 Vol-mageddon + Q4 sell-off,0.006395202130079269,1,-0.0031575928442180157,-1,-0.0031575928442180157,0.029030283345491625,,,,0,-31.575928442180157,-0.006014570593833923,-0.004054222255945206,0.006395202130079269,-0.5593278337476337
2019-04-24,fold_5,2018 Vol-mageddon + Q4 sell-off,0.007575806230306625,1,0.004050512798130512,1,0.004050512798130512,0.03308079614362214,,,,1,40.50512798130512,-0.005955232307314873,-0.004119951277971268,0.007575806230306625,0.7241279199257808
2019-04-25,fold_5,2018 Vol-mageddon + Q4 sell-off,0.007441181689500809,1,0.0008919559768401086,1,0.0008919559768401086,0.033972752120462246,,,,1,8.919559768401086,-0.007549431174993515,-0.012520142830908298,0.007441181689500809,0.16275839997497182
2019-04-26,fold_5,2018 Vol-mageddon + Q4 sell-off,0.009576670825481415,1,0.0019391197711229324,1,0.0019391197711229324,0.03591187189158518,,,,1,19.391197711229324,-0.008015479892492294,0.002410326385870576,0.009576670825481415,0.3551721476100761
2019-04-29,fold_5,2018 Vol-mageddon + Q4 sell-off,0.012154020369052887,1,-0.007778218016028404,-1,-0.007778218016028404,0.028133653875556774,,,,0,-77.78218016028404,-0.009670771658420563,-0.005670021288096905,0.012154020369052887,-1.4927381154327648
2020-03-23,fold_6,COVID crash and V-recovery,-0.00036506354808807373,-1,0.07458554953336716,1,-0.07458554953336716,-0.07458554953336716,,,,0,-745.8554953336716,0.008689641952514648,0.11920323222875595,-0.00036506354808807373,1.3619532583716727
2020-03-24,fold_6,COVID crash and V-recovery,0.003886774182319641,1,-0.007432425860315561,-1,-0.007432425860315561,-0.08201797539368272,,,,0,-74.32425860315561,0.00799332931637764,0.03604106232523918,0.003886774182319641,-0.13059038406955709
2020-03-25,fold_6,COVID crash and V-recovery,-0.007074777036905289,-1,0.05132082477211952,1,-0.05132082477211952,-0.13333880016580224,,,,0,-513.2082477211952,0.010042831301689148,5.4859290685271844e-05,-0.007074777036905289,0.9015247831095355
2020-03-26,fold_6,COVID crash and V-recovery,-0.0034795887768268585,-1,-0.034998346120119095,-1,0.034998346120119095,-0.09834045404568315,,,,1,349.98346120119095,-0.004962341859936714,-0.031174037605524063,-0.0034795887768268585,-0.6148211832518793
2020-03-27,fold_6,COVID crash and V-recovery,-0.005570519715547562,-1,0.03572762385010719,1,-0.03572762385010719,-0.13406807789579034,,,,0,-357.27623850107193,0.0018752813339233398,-0.010470139794051647,-0.005570519715547562,0.6217869710557287
2020-03-30,fold_6,COVID crash and V-recovery,-0.0011963024735450745,-1,-0.008576614782214165,-1,0.008576614782214165,-0.12549146311357617,,,,1,85.76614782214165,0.00046298839151859283,0.02285684272646904,-0.0011963024735450745,-0.15070272679850347
2020-03-31,fold_6,COVID crash and V-recovery,-0.0034750550985336304,-1,-0.043418630957603455,-1,0.043418630957603455,-0.08207283215597272,,,,1,434.18630957603455,-0.0032656267285346985,0.031026244163513184,-0.0034750550985336304,-0.7688141008966403
2020-04-01,fold_6,COVID crash and V-recovery,-0.002578526735305786,-1,0.02009192667901516,1,-0.02009192667901516,-0.10216475883498788,,,,0,-200.9192667901516,0.001689620316028595,0.09545475989580154,-0.002578526735305786,0.355171613440864
2020-04-02,fold_6,COVID crash and V-recovery,-0.00038792192935943604,-1,-0.014294445514678955,-1,0.014294445514678955,-0.08787031332030892,,,,1,142.94445514678955,0.00015849247574806213,0.07680775225162506,-0.00038792192935943604,-0.25377689003712767
2020-04-03,fold_6,COVID crash and V-recovery,-0.0045677609741687775,-1,0.06905461102724075,1,-0.06905461102724075,-0.15692492434754968,,,,0,-690.5461102724075,-0.010471556335687637,0.10184760391712189,-0.0045677609741687775,1.2267871397796892
2020-04-06,fold_6,COVID crash and V-recovery,-0.004490189254283905,-1,-0.00040721436380408704,-1,0.00040721436380408704,-0.1565177099837456,,,,1,4.07214363804087,-0.010781552642583847,0.07536505907773972,-0.004490189254283905,-0.007258143756962585
2020-04-07,fold_6,COVID crash and V-recovery,-0.006413683295249939,-1,0.021009888499975204,1,-0.021009888499975204,-0.1775275984837208,,,,0,-210.09888499975204,-0.008287571370601654,0.0642361268401146,-0.006413683295249939,0.38312905774086525
2020-04-08,fold_6,COVID crash and V-recovery,0.0009925439953804016,1,0.0014449184527620673,1,0.0014449184527620673,-0.17608268003095873,,,,1,14.449184527620673,-0.012817928567528725,0.06130203232169151,0.0009925439953804016,0.026693376605347516
2020-04-09,fold_6,COVID crash and V-recovery,0.0064285993576049805,1,0.010745402425527573,1,0.010745402425527573,-0.16533727760543115,,,,1,107.45402425527573,-0.0015559140592813492,0.0693778470158577,0.0064285993576049805,0.2163080765123416
2020-04-13,fold_6,COVID crash and V-recovery,0.004895072430372238,1,0.04257206618785858,1,0.04257206618785858,-0.12276521141757257,,,,1,425.7206618785858,-0.0021198373287916183,0.046717315912246704,0.004895072430372238,0.9196391109077393
2020-04-14,fold_6,COVID crash and V-recovery,0.01054399088025093,1,-0.011536145582795143,-1,-0.011536145582795143,-0.13430135700036772,,,,0,-115.36145582795143,0.0038242489099502563,-0.03345223888754845,0.01054399088025093,-0.3061814340177442
2020-04-15,fold_6,COVID crash and V-recovery,0.00891675055027008,1,0.018075792118906975,1,0.018075792118906975,-0.11622556488146074,,,,1,180.75792118906975,0.005107026547193527,0.007326609455049038,0.00891675055027008,0.5309427510377467
2020-04-16,fold_6,COVID crash and V-recovery,0.004662368446588516,1,0.00952073186635971,1,0.00952073186635971,-0.10670483301510103,,,,1,95.2073186635971,0.006904829293489456,-0.012884554453194141,0.004662368446588516,0.28351655070026416
2020-04-17,fold_6,COVID crash and V-recovery,0.006080158054828644,1,-0.011915127746760845,-1,-0.011915127746760845,-0.11861996076186188,,,,0,-119.15127746760845,0.0026458948850631714,-0.006757906638085842,0.006080158054828644,-0.35438838311293325
2020-04-20,fold_6,COVID crash and V-recovery,0.0053850337862968445,1,-0.03759749233722687,-1,-0.03759749233722687,-0.15621745309908874,,,,0,-375.9749233722687,-0.004775982350111008,0.013168531470000744,0.0053850337862968445,-1.156075156829076
2020-04-21,fold_6,COVID crash and V-recovery,0.015410274267196655,1,0.029242703691124916,1,0.029242703691124916,-0.12697474940796383,,,,1,292.42703691124916,-0.0030190981924533844,0.031751591712236404,0.015410274267196655,0.8705687119503405
2020-04-22,fold_6,COVID crash and V-recovery,0.010738149285316467,1,-0.002135372254997492,-1,-0.002135372254997492,-0.12911012166296132,,,,0,-21.35372254997492,-0.014379491098225117,0.03735563904047012,0.010738149285316467,-0.07146079430570496
2020-04-23,fold_6,COVID crash and V-recovery,0.007865361869335175,1,0.01564737968146801,1,0.01564737968146801,-0.11346274198149331,,,,1,156.4737968146801,-0.016892608255147934,0.03907999396324158,0.007865361869335175,0.524388295378778
2020-04-24,fold_6,COVID crash and V-recovery,0.010863855481147766,1,0.00801131036132574,1,0.00801131036132574,-0.10545143162016757,,,,1,80.11310361325741,-0.014741898514330387,-0.005157221108675003,0.010863855481147766,0.28853254756205166
2020-04-27,fold_6,COVID crash and V-recovery,0.012194797396659851,1,-0.019014431163668633,-1,-0.019014431163668633,-0.1244658627838362,,,,0,-190.14431163668633,-0.01294543594121933,-0.0015784892020747066,0.012194797396659851,-0.7121462546267044
2020-04-28,fold_6,COVID crash and V-recovery,0.012219563126564026,1,0.034846752882003784,1,0.034846752882003784,-0.08961910990183242,,,,1,348.46752882003784,-0.014202205464243889,0.02870927006006241,0.012219563126564026,1.349116258860208
2020-04-29,fold_6,COVID crash and V-recovery,0.006286822259426117,1,-0.00041101736132986844,-1,-0.00041101736132986844,-0.09003012726316229,,,,0,-4.110173613298684,-0.012045048177242279,0.0,0.006286822259426117,-0.015273329603258962
2020-04-30,fold_6,COVID crash and V-recovery,0.005716696381568909,1,-0.02858983725309372,-1,-0.02858983725309372,-0.118619964516256,,,,0,-285.8983725309372,-0.011729197576642036,0.013205603696405888,0.005716696381568909,-1.139100475499464
2020-05-01,fold_6,COVID crash and V-recovery,0.006418436765670776,1,0.011590042151510715,1,0.011590042151510715,-0.10702992236474529,,,,1,115.90042151510715,-0.013099128380417824,0.05540729686617851,0.006418436765670776,0.454380527434365
2020-05-04,fold_6,COVID crash and V-recovery,0.002428412437438965,1,0.011273329146206379,1,0.011273329146206379,-0.09575659321853891,,,,1,112.73329146206379,-0.011076980270445347,0.05271638184785843,0.002428412437438965,0.4431575926811178
2020-05-05,fold_6,COVID crash and V-recovery,0.00430934876203537,1,0.006137482821941376,1,0.006137482821941376,-0.08961911039659753,,,,1,61.37482821941376,-0.010220092721283436,0.020283684134483337,0.00430934876203537,0.3012582525123526
2020-05-06,fold_6,COVID crash and V-recovery,-0.0016844384372234344,-1,0.012794585898518562,1,-0.012794585898518562,-0.1024136962951161,,,,0,-127.94585898518562,-0.007878903299570084,0.0015512654790654778,-0.0016844384372234344,0.6266082108417178
2020-05-07,fold_6,COVID crash and V-recovery,0.00603567436337471,1,0.013611855916678905,1,0.013611855916678905,-0.08880184037843719,,,,1,136.11855916678905,-0.004119124263525009,4.5156863052397966e-05,0.00603567436337471,0.6780198336118983
2020-05-08,fold_6,COVID crash and V-recovery,0.005634855479001999,1,0.008899128064513206,1,0.008899128064513206,-0.07990271231392398,,,,1,88.99128064513206,-0.008005181327462196,-0.007096275221556425,0.005634855479001999,0.4383214928755762
2020-05-11,fold_6,COVID crash and V-recovery,0.005521558225154877,1,-0.021159369498491287,-1,-0.021159369498491287,-0.10106208181241527,,,,0,-211.59369498491287,-0.008282141759991646,0.002465191762894392,0.005521558225154877,-1.0444928112474263
2020-05-12,fold_6,COVID crash and V-recovery,0.0033516064286231995,1,-0.012594935484230518,-1,-0.012594935484230518,-0.11365701729664579,,,,0,-125.94935484230518,-0.0031577572226524353,0.021115215495228767,0.0033516064286231995,-0.6809020398622824
2020-05-13,fold_6,COVID crash and V-recovery,-0.0003297552466392517,-1,0.011288478039205074,1,-0.011288478039205074,-0.12494549533585086,,,,0,-112.88478039205074,0.005784226581454277,0.053481537848711014,-0.0003297552466392517,0.6091367844048735
2020-05-14,fold_6,COVID crash and V-recovery,0.005540117621421814,1,0.006470423191785812,1,0.006470423191785812,-0.11847507214406505,,,,1,64.70423191785812,0.0017838776111602783,0.031242623925209045,0.005540117621421814,0.3543286206546096
2020-05-15,fold_6,COVID crash and V-recovery,0.0003471300005912781,1,0.018460595980286598,1,0.018460595980286598,-0.10001447616377845,,,,1,184.60595980286598,-0.00020482391119003296,0.028218109160661697,0.0003471300005912781,1.0146429521600169
2020-05-18,fold_6,COVID crash and V-recovery,0.006846822798252106,1,-0.002509345533326268,-1,-0.002509345533326268,-0.10252382169710472,,,,0,-25.093455333262682,-0.007860492914915085,0.0070541235618293285,0.006846822798252106,-0.1358947902996018
2020-05-19,fold_6,COVID crash and V-recovery,0.007863417267799377,1,0.019771385937929153,1,0.019771385937929153,-0.08275243575917557,,,,1,197.71385937929153,-0.011647135950624943,0.015006253495812416,0.007863417267799377,1.2019011447599568
2020-05-20,fold_6,COVID crash and V-recovery,0.006562996655702591,1,-0.010950435884296894,-1,-0.010950435884296894,-0.09370287164347246,,,,0,-109.50435884296894,-0.008191760629415512,-0.006068696733564138,0.006562996655702591,-0.6962042515893885
2020-05-21,fold_6,COVID crash and V-recovery,0.006466630846261978,1,0.003445908660069108,1,0.003445908660069108,-0.09025696298340335,,,,1,34.45908660069108,-0.009409396909177303,0.01942809484899044,0.006466630846261978,0.21657318928388547
2020-05-22,fold_6,COVID crash and V-recovery,0.007551662623882294,1,-0.0027033903170377016,-1,-0.0027033903170377016,-0.09296035330044106,,,,0,-27.033903170377016,-0.008766643702983856,0.018977487459778786,0.007551662623882294,-0.17395546199459244
2020-05-26,fold_6,COVID crash and V-recovery,0.008496120572090149,1,0.005442784167826176,1,0.005442784167826176,-0.08751756913261488,,,,1,54.42784167826176,-0.007716186344623566,0.028366241604089737,0.008496120572090149,0.3523078665915714
2020-05-27,fold_6,COVID crash and V-recovery,0.00927663967013359,1,-0.00130356359295547,-1,-0.00130356359295547,-0.08882113272557035,,,,0,-13.0356359295547,-0.0031596310436725616,0.02741178125143051,0.00927663967013359,-0.08747495646310993
2020-05-28,fold_6,COVID crash and V-recovery,0.012757465243339539,1,0.014546356163918972,1,0.014546356163918972,-0.07427477656165138,,,,1,145.46356163918972,-0.006271786987781525,0.02167745679616928,0.012757465243339539,1.144836825768415
2020-05-29,fold_6,COVID crash and V-recovery,0.010658986866474152,1,0.002995300805196166,1,0.002995300805196166,-0.07127947575645521,,,,1,29.95300805196166,-0.007247811183333397,0.026764295995235443,0.010658986866474152,0.22837949258839393
2020-06-01,fold_6,COVID crash and V-recovery,0.008554711937904358,1,0.006685362663120031,1,0.006685362663120031,-0.06459411309333518,,,,1,66.85362663120031,-0.006401918828487396,0.03149901330471039,0.008554711937904358,0.5827813231771511
2020-06-02,fold_6,COVID crash and V-recovery,0.007874719798564911,1,0.004488324746489525,1,0.004488324746489525,-0.06010578834684566,,,,1,44.88324746489525,-0.007179386913776398,0.032032568007707596,0.007874719798564911,0.3980972830499163
2020-06-03,fold_6,COVID crash and V-recovery,0.007384955883026123,1,-0.007037887815386057,-1,-0.007037887815386057,-0.06714367616223171,,,,0,-70.37887815386057,-0.006298290565609932,0.03947428986430168,0.007384955883026123,-0.6377926107384717
2020-06-04,fold_6,COVID crash and V-recovery,0.008483104407787323,1,0.01963319443166256,1,0.01963319443166256,-0.047510481730569154,,,,1,196.3319443166256,-0.007191518321633339,-0.0043064602650702,0.008483104407787323,1.7748960173917738
2020-06-05,fold_6,COVID crash and V-recovery,0.004897952079772949,1,0.00773001741617918,1,0.00773001741617918,-0.039780464314389974,,,,1,77.3001741617918,-0.0019227862358093262,-0.016023224219679832,0.004897952079772949,0.6691537153486794
2020-06-08,fold_6,COVID crash and V-recovery,0.007030799984931946,1,0.007218916900455952,1,0.007218916900455952,-0.03256154741393402,,,,1,72.18916900455952,-0.004296932369470596,-0.011659504845738411,0.007030799984931946,0.6401453804806366
2020-06-09,fold_6,COVID crash and V-recovery,0.008390408009290695,1,0.01193004846572876,1,0.01193004846572876,-0.020631498948205262,,,,1,119.3004846572876,-0.007926084101200104,-0.0018512934911996126,0.008390408009290695,1.0635877806641232
2020-06-10,fold_6,COVID crash and V-recovery,0.004696615040302277,1,-0.050818637013435364,-1,-0.050818637013435364,-0.07145013596164063,,,,0,-508.18637013435364,-0.008678322657942772,-0.01061584148555994,0.004696615040302277,-4.833366497560921
2020-06-11,fold_6,COVID crash and V-recovery,-0.003098186105489731,-1,0.007916430942714214,1,-0.007916430942714214,-0.07936656690435484,,,,0,-79.16430942714214,-0.006962122395634651,0.04290812090039253,-0.003098186105489731,0.5200283997094477
2020-06-12,fold_6,COVID crash and V-recovery,0.0010714530944824219,1,0.012093736790120602,1,0.012093736790120602,-0.06727283011423424,,,,1,120.93736790120602,-0.0004970096051692963,0.0348283015191555,0.0010714530944824219,0.8000435567549711
2020-06-15,fold_6,COVID crash and V-recovery,0.003458447754383087,1,0.017027128487825394,1,0.017027128487825394,-0.050245701626408845,,,,1,170.27128487825394,0.004153115674853325,0.03465566039085388,0.003458447754383087,1.1137561430626872
2020-06-16,fold_6,COVID crash and V-recovery,0.00689881294965744,1,0.0031655009370297194,1,0.0031655009370297194,-0.047080200689379126,,,,1,31.655009370297194,0.001685313880443573,0.026103550568223,0.00689881294965744,0.20819354101787516
2020-06-17,fold_6,COVID crash and V-recovery,0.005359098315238953,1,0.002705324674025178,1,0.002705324674025178,-0.04437487601535395,,,,1,27.05324674025178,-0.0001667402684688568,0.002107067499309778,0.005359098315238953,0.1778563538394904
2020-06-18,fold_6,COVID crash and V-recovery,0.006465114653110504,1,-0.00016339019930455834,-1,-0.00016339019930455834,-0.044538266214658506,,,,0,-1.6339019930455834,-0.005702458322048187,0.008876042440533638,0.006465114653110504,-0.011216744710318296
2020-06-19,fold_6,COVID crash and V-recovery,0.003267355263233185,1,0.01192109752446413,1,0.01192109752446413,-0.032617168690194376,,,,1,119.2109752446413,-0.0050604864954948425,-0.01485886238515377,0.003267355263233185,0.8301943175953945
2020-06-22,fold_6,COVID crash and V-recovery,0.004996970295906067,1,0.008475018665194511,1,0.008475018665194511,-0.024142150024999864,,,,1,84.75018665194511,-0.01032162830233574,-0.01593226008117199,0.004996970295906067,0.5811019860795387
2020-06-23,fold_6,COVID crash and V-recovery,0.0060514770448207855,1,-0.02083098329603672,-1,-0.02083098329603672,-0.044973133321036585,,,,0,-208.3098329603672,-0.007820837199687958,-0.004995599389076233,0.0060514770448207855,-1.4175974704980616
2020-06-24,fold_6,COVID crash and V-recovery,-0.0006186440587043762,-1,0.009474299848079681,1,-0.009474299848079681,-0.054447433169116266,,,,0,-94.74299848079681,-0.0051781777292490005,0.02743980661034584,-0.0006186440587043762,0.6165341995312399
2020-06-25,fold_6,COVID crash and V-recovery,0.0030174702405929565,1,-0.023898296058177948,-1,-0.023898296058177948,-0.07834572922729421,,,,0,-238.98296058177948,-0.004633380100131035,0.02472933940589428,0.0030174702405929565,-1.5408676806680528
2020-06-26,fold_6,COVID crash and V-recovery,0.000745132565498352,1,0.010847700759768486,1,0.010847700759768486,-0.06749802846752573,,,,1,108.47700759768486,0.005205316469073296,0.07291491329669952,0.000745132565498352,0.6746617427209867
2020-06-29,fold_6,COVID crash and V-recovery,0.007670208811759949,1,0.01941167749464512,1,0.01941167749464512,-0.04808635097288061,,,,1,194.1167749464512,-0.001424834132194519,0.05515451729297638,0.007670208811759949,1.1947957833765366
2020-06-30,fold_6,COVID crash and V-recovery,0.00909426063299179,1,0.011604422703385353,1,0.011604422703385353,-0.036481928269495256,,,,1,116.04422703385353,-0.004289012402296066,0.048828642815351486,0.00909426063299179,0.692796584541074
2020-07-01,fold_6,COVID crash and V-recovery,0.010992586612701416,1,0.00676383264362812,1,0.00676383264362812,-0.029718095625867136,,,,1,67.6383264362812,-0.012606962583959103,0.04561207443475723,0.010992586612701416,0.39974959804786203
2020-07-02,fold_6,COVID crash and V-recovery,0.011346116662025452,1,0.024287275969982147,1,0.024287275969982147,-0.005430819655884989,,,,1,242.87275969982147,-0.011875503696501255,0.04565257206559181,0.011346116662025452,1.4358778581058032
2020-07-06,fold_6,COVID crash and V-recovery,0.010380838066339493,1,-0.006912693381309509,-1,-0.006912693381309509,-0.012343513037194498,,,,0,-69.12693381309509,-0.013143066316843033,0.0005803222302347422,0.010380838066339493,-0.40157268428087856
2020-07-07,fold_6,COVID crash and V-recovery,0.009678378701210022,1,0.01308580581098795,1,0.01308580581098795,0.0007422927737934515,,,,1,130.8580581098795,-0.00962010771036148,0.014546205289661884,0.009678378701210022,0.760950319818398
2020-07-08,fold_6,COVID crash and V-recovery,0.007581766694784164,1,0.008387851528823376,1,0.008387851528823376,0.009130144302616827,,,,1,83.87851528823376,-0.005439147353172302,0.0034939206670969725,0.007581766694784164,0.4829213491086964
2020-07-09,fold_6,COVID crash and V-recovery,0.004113435745239258,1,0.006804332137107849,1,0.006804332137107849,0.015934476439724676,,,,1,68.04332137107849,-0.004901859909296036,-0.01173989288508892,0.004113435745239258,0.39410950525264227
2020-07-10,fold_6,COVID crash and V-recovery,0.004563383758068085,1,-0.020784974098205566,-1,-0.020784974098205566,-0.00485049765848089,,,,0,-207.84974098205566,-0.0041009895503520966,-0.017386941239237785,0.004563383758068085,-1.5882076019087286
2020-07-13,fold_6,COVID crash and V-recovery,0.0021958835422992706,1,0.007053189445286989,1,0.007053189445286989,0.002202691786806099,,,,1,70.53189445286989,-0.003245128318667412,0.031374141573905945,0.0021958835422992706,0.5120446139780346
2020-07-14,fold_6,COVID crash and V-recovery,0.0037521570920944214,1,0.0020335218869149685,1,0.0020335218869149685,0.004236213673721068,,,,1,20.335218869149685,-0.0074517130851745605,0.013845482841134071,0.0037521570920944214,0.14954269287114882
2020-07-15,fold_6,COVID crash and V-recovery,0.004226937890052795,1,-0.006845961790531874,-1,-0.006845961790531874,-0.002609748116810806,,,,0,-68.45961790531874,-0.009871878661215305,0.01532869040966034,0.004226937890052795,-0.5241009812391734
2020-07-16,fold_6,COVID crash and V-recovery,0.00728587806224823,1,0.0011572843650355935,1,0.0011572843650355935,-0.0014524637517752126,,,,1,11.572843650355935,-0.014703359454870224,-0.004292608238756657,0.00728587806224823,0.08812283189001813
2020-07-17,fold_6,COVID crash and V-recovery,0.009603273123502731,1,0.027976106852293015,1,0.027976106852293015,0.026523643100517802,,,,1,279.76106852293015,-0.01978805661201477,-0.01499137282371521,0.009603273123502731,2.132123708338193
2020-07-20,fold_6,COVID crash and V-recovery,0.005892038345336914,1,-0.010475467890501022,-1,-0.010475467890501022,0.01604817521001678,,,,0,-104.75467890501022,-0.018586628139019012,-0.025281477719545364,0.005892038345336914,-0.7206510227050099
2020-07-21,fold_6,COVID crash and V-recovery,0.007751189172267914,1,0.0035167301539331675,1,0.0035167301539331675,0.019564905363949947,,,,1,35.167301539331675,-0.016681358218193054,-0.027612756937742233,0.007751189172267914,0.24286262614215368
2020-07-22,fold_6,COVID crash and V-recovery,0.004883412271738052,1,-0.026467259973287582,-1,-0.026467259973287582,-0.006902354609337635,,,,0,-264.6725997328758,-0.014690852724015713,-0.019669238477945328,0.004883412271738052,-1.8409053843650716
2020-07-23,fold_6,COVID crash and V-recovery,0.004666738212108612,1,-0.009541480801999569,-1,-0.009541480801999569,-0.016443835411337204,,,,0,-95.41480801999569,-0.012214425019919872,0.012019885703921318,0.004666738212108612,-0.6432334964953011
2020-07-24,fold_6,COVID crash and V-recovery,0.002617228776216507,1,0.01768600009381771,1,0.01768600009381771,0.0012421646824805066,,,,1,176.8600009381771,-0.010840384289622307,0.03924935311079025,0.002617228776216507,1.1921186983156284
2020-07-27,fold_6,COVID crash and V-recovery,0.0029380954802036285,1,-0.012806747108697891,-1,-0.012806747108697891,-0.011564582426217385,,,,0,-128.0674710869789,-0.011035763658583164,0.034980401396751404,0.0029380954802036285,-0.8897363445671662
2020-07-28,fold_6,COVID crash and V-recovery,0.007327139377593994,1,0.011460249312222004,1,0.011460249312222004,-0.0001043331139953807,,,,1,114.60249312222004,-0.0050158314406871796,0.05149209499359131,0.007327139377593994,0.7917747031445751
2020-07-29,fold_6,COVID crash and V-recovery,0.009858749806880951,1,0.0052218628115952015,1,0.0052218628115952015,0.005117529697599821,,,,1,52.218628115952015,-0.011582866311073303,0.042506542056798935,0.009858749806880951,0.3718284970110825
2020-07-30,fold_6,COVID crash and V-recovery,0.007650136947631836,1,0.01768798753619194,1,0.01768798753619194,0.02280551723379176,,,,1,176.8798753619194,-0.009662126190960407,0.05044260248541832,0.007650136947631836,1.2769965562045513
2020-07-31,fold_6,COVID crash and V-recovery,0.005739007145166397,1,0.013417048379778862,1,0.013417048379778862,0.03622256561357062,,,,1,134.17048379778862,-0.006402302533388138,0.021145181730389595,0.005739007145166397,0.9366016124301634
2020-08-03,fold_6,COVID crash and V-recovery,0.002084292471408844,1,0.003704946953803301,1,0.003704946953803301,0.039927512567373924,,,,1,37.04946953803301,-0.008957821875810623,0.0034460306633263826,0.002084292471408844,0.27259952974596996
2020-08-04,fold_6,COVID crash and V-recovery,0.001563630998134613,1,0.0024746968410909176,1,0.0024746968410909176,0.04240220940846484,,,,1,24.746968410909176,-0.008143065497279167,-0.01938198134303093,0.001563630998134613,0.18292635050540385
2020-08-05,fold_6,COVID crash and V-recovery,0.0013062506914138794,1,0.013157923705875874,1,0.013157923705875874,0.055560133114340715,,,,1,131.57923705875874,-0.0074083562940359116,0.0029841316863894463,0.0013062506914138794,0.9953246352301299
2020-08-06,fold_6,COVID crash and V-recovery,-0.0005935430526733398,-1,-0.011609433218836784,-1,0.011609433218836784,0.0671695663331775,,,,1,116.09433218836784,-0.007068457081913948,-0.00789579376578331,-0.0005935430526733398,-0.8655564505121134
2020-08-07,fold_6,COVID crash and V-recovery,3.602355718612671e-06,1,-0.004282103851437569,-1,-0.004282103851437569,0.06288746248173993,,,,0,-42.82103851437569,-0.0072995759546756744,0.002538258209824562,3.602355718612671e-06,-0.315403274167436
2020-08-10,fold_6,COVID crash and V-recovery,-0.00016761571168899536,-1,-0.01912306621670723,-1,0.01912306621670723,0.08201052869844716,,,,1,191.2306621670723,-0.00821252353489399,0.018364673480391502,-0.00016761571168899536,-1.4949017218268141
2020-08-11,fold_6,COVID crash and V-recovery,0.008374951779842377,1,0.024840809404850006,1,0.024840809404850006,0.10685133810329717,,,,1,248.40809404850006,-0.009392796084284782,0.04706699773669243,0.008374951779842377,1.854425462059186
2020-08-12,fold_6,COVID crash and V-recovery,0.007036171853542328,1,0.002277998486533761,1,0.002277998486533761,0.10912933658983093,,,,1,22.77998486533761,-0.005769673734903336,0.015475744381546974,0.007036171853542328,0.1571654526123982
2020-08-13,fold_6,COVID crash and V-recovery,0.006477218121290207,1,-0.0011753810103982687,-1,-0.0011753810103982687,0.10795395557943266,,,,0,-11.753810103982687,-0.003496570512652397,0.026974011212587357,0.006477218121290207,-0.08149801908205123
2020-08-14,fold_6,COVID crash and V-recovery,0.006714619696140289,1,0.011544312350451946,1,0.011544312350451946,0.1194982679298846,,,,1,115.44312350451946,-0.009169632568955421,0.03505614399909973,0.006714619696140289,0.8004500661944717
2020-08-17,fold_6,COVID crash and V-recovery,0.007918715476989746,1,0.009579257108271122,1,0.009579257108271122,0.12907752503815573,,,,1,95.79257108271122,-0.006021391600370407,0.029736364260315895,0.007918715476989746,0.7230246261558297
2020-08-18,fold_6,COVID crash and V-recovery,0.006463486701250076,1,-0.006750442553311586,-1,-0.006750442553311586,0.12232708248484414,,,,0,-67.50442553311586,-0.007904483005404472,0.027988793328404427,0.006463486701250076,-0.510820204822413
2020-08-19,fold_6,COVID crash and V-recovery,0.006386622786521912,1,0.013776266016066074,1,0.013776266016066074,0.13610334850091022,,,,1,137.76266016066074,-0.008463498204946518,0.05585353076457977,0.006386622786521912,1.037559246659717
2020-08-20,fold_6,COVID crash and V-recovery,0.00302036851644516,1,0.0069067515432834625,1,0.0069067515432834625,0.14301010004419368,,,,1,69.06751543283463,-0.009369831532239914,0.038955897092819214,0.00302036851644516,0.5625156236933915
2020-08-21,fold_6,COVID crash and V-recovery,0.001000732183456421,1,0.006224532146006823,1,0.006224532146006823,0.1492346321902005,,,,1,62.245321460068226,-0.006183190271258354,0.0371214896440506,0.001000732183456421,0.5106356876868382
2020-08-24,fold_6,COVID crash and V-recovery,-0.00021154433488845825,-1,0.007831685245037079,1,-0.007831685245037079,0.14140294694516342,,,,0,-78.31685245037079,-0.008231740444898605,0.038897957652807236,-0.00021154433488845825,0.6743238686894301
2020-08-25,fold_6,COVID crash and V-recovery,0.002301745116710663,1,0.021114297211170197,1,0.021114297211170197,0.16251724415633362,,,,1,211.14297211170197,-0.008738545700907707,0.04801339656114578,0.002301745116710663,1.8535998038712649
2020-08-26,fold_6,COVID crash and V-recovery,0.0018609575927257538,1,-0.003121370915323496,-1,-0.003121370915323496,0.15939587324101012,,,,0,-31.21370915323496,-0.0042702797800302505,0.036324240267276764,0.0018609575927257538,-0.2587895593319744
2020-08-27,fold_6,COVID crash and V-recovery,0.0008517876267433167,1,0.005072346422821283,1,0.005072346422821283,0.1644682196638314,,,,1,50.72346422821283,-0.003592217341065407,-0.012585151940584183,0.0008517876267433167,0.42181512853870085
2020-08-28,fold_6,COVID crash and V-recovery,0.0028800852596759796,1,0.008001000620424747,1,0.008001000620424747,0.17246922028425615,,,,1,80.01000620424747,-0.004816615954041481,-0.03107313998043537,0.0028800852596759796,0.7010740917333799
2020-08-31,fold_6,COVID crash and V-recovery,0.002957794815301895,1,0.016947124153375626,1,0.016947124153375626,0.18941634443763178,,,,1,169.47124153375626,-0.0050673652440309525,-0.08833174407482147,0.002957794815301895,1.519174036231336
2020-09-01,fold_6,COVID crash and V-recovery,0.0018661469221115112,1,0.009425140917301178,1,0.009425140917301178,0.19884148535493296,,,,1,94.25140917301178,-0.006024952977895737,-0.07632622867822647,0.0018661469221115112,0.8019761973282619
2020-09-02,fold_6,COVID crash and V-recovery,0.0027097687125205994,1,-0.052030764520168304,-1,-0.052030764520168304,0.14681072083476465,,,,0,-520.307645201683,-0.005921829491853714,-0.10588965564966202,0.0027097687125205994,-4.362421233254415
2020-09-03,fold_6,COVID crash and V-recovery,0.00030860304832458496,1,-0.013415642082691193,-1,-0.013415642082691193,0.13339507875207346,,,,0,-134.15642082691193,-0.0037456825375556946,-0.0608224980533123,0.00030860304832458496,-0.8180304219831065
2020-09-04,fold_6,COVID crash and V-recovery,0.00176277756690979,1,-0.04925760254263878,-1,-0.04925760254263878,0.08413747620943468,,,,0,-492.5760254263878,0.0043907854706048965,-0.03014158084988594,0.00176277756690979,-2.99098501352186
2020-09-08,fold_6,COVID crash and V-recovery,0.011868372559547424,1,0.028952637687325478,1,0.028952637687325478,0.11309011389676016,,,,1,289.5263768732548,0.013093918561935425,0.033189885318279266,0.011868372559547424,1.4630448928429223
2020-09-09,fold_6,COVID crash and V-recovery,0.019392438232898712,1,-0.020138287916779518,-1,-0.020138287916779518,0.09295182597998064,,,,0,-201.38287916779518,0.003842689096927643,-0.011837474070489407,0.019392438232898712,-0.9882583616877233
2020-09-10,fold_6,COVID crash and V-recovery,0.017217136919498444,1,-0.006963605526834726,-1,-0.006963605526834726,0.08598822045314591,,,,0,-69.63605526834726,0.011439450085163116,-0.007444728631526232,0.017217136919498444,-0.3461658618806676
2020-09-11,fold_6,COVID crash and V-recovery,0.017673872411251068,1,0.017265276983380318,1,0.017265276983380318,0.10325349743652623,,,,1,172.65276983380318,0.008061368018388748,-0.01332566887140274,0.017673872411251068,0.8559825585801524
2020-09-14,fold_6,COVID crash and V-recovery,0.016189105808734894,1,0.014073864556849003,1,0.014073864556849003,0.11732736199337523,,,,1,140.73864556849003,0.0028738006949424744,-0.028195757418870926,0.016189105808734894,0.6853734804594767
2020-09-15,fold_6,COVID crash and V-recovery,0.011349301785230637,1,-0.01607472263276577,-1,-0.01607472263276577,0.10125263936060946,,,,0,-160.7472263276577,-0.0037186481058597565,-0.023861397057771683,0.011349301785230637,-0.7798215646588044
2020-09-16,fold_6,COVID crash and V-recovery,0.009344838559627533,1,-0.01574554108083248,-1,-0.01574554108083248,0.08550709827977698,,,,0,-157.4554108083248,-0.010821073316037655,-0.03879699110984802,0.009344838559627533,-0.7564717033725888
2020-09-17,fold_6,COVID crash and V-recovery,0.006057512015104294,1,-0.01284454483538866,-1,-0.01284454483538866,0.07266255344438832,,,,0,-128.4454483538866,-0.006278514862060547,-0.018405728042125702,0.006057512015104294,-0.6100156525437823
2020-09-18,fold_6,COVID crash and V-recovery,0.002599656581878662,1,0.0023951882030814886,1,0.0023951882030814886,0.07505774164746981,,,,1,23.951882030814886,-0.003703529015183449,0.017421115189790726,0.002599656581878662,0.11391217076698176
2020-09-21,fold_6,COVID crash and V-recovery,0.004450611770153046,1,0.01840822398662567,1,0.01840822398662567,0.09346596563409548,,,,1,184.0822398662567,0.0024572983384132385,0.035582274198532104,0.004450611770153046,0.8775572328014063
2020-09-22,fold_6,COVID crash and V-recovery,0.0067348480224609375,1,-0.03101031668484211,-1,-0.03101031668484211,0.06245564894925337,,,,0,-310.1031668484211,0.00442863442003727,0.012654685415327549,0.0067348480224609375,-1.4537438731940597
2020-09-23,fold_6,COVID crash and V-recovery,0.006462275981903076,1,0.0046457210555672646,1,0.0046457210555672646,0.06710137000482064,,,,1,46.457210555672646,0.00895625725388527,0.050490401685237885,0.006462275981903076,0.20775431739486164
2020-09-24,fold_6,COVID crash and V-recovery,0.007942043244838715,1,0.022982297465205193,1,0.022982297465205193,0.09008366747002583,,,,1,229.82297465205193,0.00954347848892212,0.061592526733875275,0.007942043244838715,1.0502742819316198
2020-09-25,fold_6,COVID crash and V-recovery,0.009363852441310883,1,0.02055634744465351,1,0.02055634744465351,0.11064001491467934,,,,1,205.5634744465351,0.007853448390960693,0.010075737722218037,0.009363852441310883,0.9149699726863618
2020-09-28,fold_6,COVID crash and V-recovery,0.006671540439128876,1,-0.004519365727901459,-1,-0.004519365727901459,0.10612064918677788,,,,0,-45.19365727901459,0.0015009678900241852,0.010621445253491402,0.006671540439128876,-0.1973176015235255
2020-09-29,fold_6,COVID crash and V-recovery,0.005687013268470764,1,0.0068253991194069386,1,0.0068253991194069386,0.11294604830618482,,,,1,68.25399119406939,0.007394291460514069,-0.002867152215912938,0.005687013268470764,0.298621087736763
2020-09-30,fold_6,COVID crash and V-recovery,0.006524905562400818,1,0.01574784703552723,1,0.01574784703552723,0.12869389534171205,,,,1,157.4784703552723,0.0035743694752454758,0.007458656560629606,0.006524905562400818,0.697064423708603
2020-10-01,fold_6,COVID crash and V-recovery,0.0056727975606918335,1,-0.02853449247777462,-1,-0.02853449247777462,0.10015940286393743,,,,0,-285.3449247777462,0.0079503133893013,-0.0029803828801959753,0.0056727975606918335,-1.2533205081188008
2020-10-02,fold_6,COVID crash and V-recovery,0.007604721933603287,1,0.02110205590724945,1,0.02110205590724945,0.12126145877118688,,,,1,211.0205590724945,0.011001873761415482,0.04071858525276184,0.007604721933603287,1.0251783952435474
2020-10-05,fold_6,COVID crash and V-recovery,0.005980677902698517,1,-0.01800796203315258,-1,-0.01800796203315258,0.1032534967380343,,,,0,-180.0796203315258,0.0068098269402980804,0.0500197559595108,0.005980677902698517,-0.8614788499208522
2020-10-06,fold_6,COVID crash and V-recovery,0.01135699450969696,1,0.017151206731796265,1,0.017151206731796265,0.12040470346983057,,,,1,171.51206731796265,0.008028306066989899,0.06799398362636566,0.01135699450969696,0.9414975943994984
2020-10-07,fold_6,COVID crash and V-recovery,0.008801430463790894,1,0.005308808758854866,1,0.005308808758854866,0.12571351222868543,,,,1,53.08808758854866,0.003981992602348328,0.0424555167555809,0.008801430463790894,0.30415484714686564
2020-10-08,fold_6,COVID crash and V-recovery,0.008364476263523102,1,0.015164476819336414,1,0.015164476819336414,0.14087798904802185,,,,1,151.64476819336414,-0.003286488354206085,0.03041280247271061,0.008364476263523102,0.8970329885777675
2020-10-09,fold_6,COVID crash and V-recovery,0.0056235939264297485,1,0.030403228476643562,1,0.030403228476643562,0.1712812175246654,,,,1,304.0322847664356,-0.008749628439545631,0.009752639569342136,0.0056235939264297485,1.770571887040376
2020-10-12,fold_6,COVID crash and V-recovery,0.0035994015634059906,1,-3.373719300725497e-05,-1,-3.373719300725497e-05,0.17124748033165815,,,,0,-0.33737193007254973,-0.007507918402552605,-0.037110790610313416,0.0035994015634059906,-0.0018680407759308338
2020-10-13,fold_6,COVID crash and V-recovery,0.0037819594144821167,1,-0.00838725920766592,-1,-0.00838725920766592,0.16286022112399223,,,,0,-83.8725920766592,-0.006821490824222565,-0.03492961823940277,0.0037819594144821167,-0.4716208204510821
2020-10-14,fold_6,COVID crash and V-recovery,0.0022394657135009766,1,-0.006733904592692852,-1,-0.006733904592692852,0.15612631653129938,,,,0,-67.33904592692852,-0.0078012049198150635,-0.0273162629455328,0.0022394657135009766,-0.38440893439136203
2020-10-15,fold_6,COVID crash and V-recovery,0.00047538429498672485,1,-0.005495686549693346,-1,-0.005495686549693346,0.15063062998160603,,,,0,-54.95686549693346,-0.00856003537774086,-0.020617766305804253,0.00047538429498672485,-0.31903396928304123
2020-10-16,fold_6,COVID crash and V-recovery,0.0024365559220314026,1,-0.016460204496979713,-1,-0.016460204496979713,0.13417042548462632,,,,0,-164.60204496979713,-0.00875486433506012,-0.013153640553355217,0.0024365559220314026,-0.9665816644113905
2020-10-19,fold_6,COVID crash and V-recovery,0.0013042986392974854,1,0.002147437771782279,1,0.002147437771782279,0.1363178632564086,,,,1,21.47437771782279,-0.0063459910452365875,-0.011803005822002888,0.0013042986392974854,0.12331480174769346
2020-10-20,fold_6,COVID crash and V-recovery,0.007650468498468399,1,-0.0007739050779491663,-1,-0.0007739050779491663,0.13554395817845943,,,,0,-7.739050779491663,-0.006552746519446373,-0.006172140594571829,0.007650468498468399,-0.04571847515718098
2020-10-21,fold_6,COVID crash and V-recovery,0.008834563195705414,1,-3.5408695111982524e-05,-1,-3.5408695111982524e-05,0.13550854948334745,,,,0,-0.35408695111982524,-0.006450388580560684,-0.045165520161390305,0.008834563195705414,-0.0022928343745738243
2020-10-22,fold_6,COVID crash and V-recovery,0.011162236332893372,1,0.001968440366908908,1,0.001968440366908908,0.13747698985025636,,,,1,19.68440366908908,-0.00939856842160225,-0.02779475226998329,0.011162236332893372,0.12775259426091953
2020-10-23,fold_6,COVID crash and V-recovery,0.01286681741476059,1,-0.015109569765627384,-1,-0.015109569765627384,0.12236742008462898,,,,0,-151.09569765627384,-0.01404830627143383,-0.055452797561883926,0.01286681741476059,-1.039698635608039
2020-10-26,fold_6,COVID crash and V-recovery,0.009342119097709656,1,0.007778302300721407,1,0.007778302300721407,0.13014572238535038,,,,1,77.78302300721407,-0.006985912099480629,-0.03811882436275482,0.009342119097709656,0.5479790991713467
2020-10-27,fold_6,COVID crash and V-recovery,0.013759680092334747,1,-0.03976728767156601,-1,-0.03976728767156601,0.09037843471378437,,,,0,-397.6728767156601,-0.0048213377594947815,-0.028747210279107094,0.013759680092334747,-2.787764890068613
2020-10-28,fold_6,COVID crash and V-recovery,0.007990576326847076,1,0.01733536086976528,1,0.01733536086976528,0.10771379558354965,,,,1,173.35360869765282,0.008351266384124756,0.054690517485141754,0.007990576326847076,1.0355589815970991
2020-10-29,fold_6,COVID crash and V-recovery,0.014134973287582397,1,-0.025689605623483658,-1,-0.025689605623483658,0.082024189960066,,,,0,-256.8960562348366,0.0076564401388168335,0.06309220939874649,0.014134973287582397,-1.5274747106782163
2020-10-30,fold_6,COVID crash and V-recovery,0.011014141142368317,1,0.0022244045976549387,1,0.0022244045976549387,0.08424859455772093,,,,1,22.244045976549387,0.013555143028497696,0.08952881395816803,0.011014141142368317,0.13410157396693856
2020-11-02,fold_6,COVID crash and V-recovery,0.014099188148975372,1,0.017149915918707848,1,0.017149915918707848,0.10139851047642878,,,,1,171.49915918707848,0.0017109215259552002,0.06665904819965363,0.014099188148975372,1.0779367386887289
2020-11-03,fold_6,COVID crash and V-recovery,0.01683449000120163,1,0.04367043823003769,1,0.04367043823003769,0.14506894870646647,,,,1,436.7043823003769,-0.0017938297241926193,0.031432218849658966,0.01683449000120163,2.75306621443569
2020-11-04,fold_6,COVID crash and V-recovery,0.012862421572208405,1,0.025737054646015167,1,0.025737054646015167,0.17080600335248164,,,,1,257.3705464601517,-0.008645929396152496,0.009885048493742943,0.012862421572208405,1.4119405213839278
2020-11-05,fold_6,COVID crash and V-recovery,0.01090414822101593,1,0.0007469941047020257,1,0.0007469941047020257,0.17155299745718366,,,,1,7.4699410470202565,-0.004415176808834076,-0.020557139068841934,0.01090414822101593,0.03915442701452015
2020-11-06,fold_6,COVID crash and V-recovery,0.008875150233507156,1,-0.02064535580575466,-1,-0.02064535580575466,0.150907641651429,,,,0,-206.45355805754662,-0.004017254337668419,-0.012569820508360863,0.008875150233507156,-1.099611526163606
2020-11-09,fold_6,COVID crash and V-recovery,0.008407503366470337,1,-0.01807691529393196,-1,-0.01807691529393196,0.13283072635749704,,,,0,-180.7691529393196,-0.0021766331046819687,0.015848102048039436,0.008407503366470337,-0.9987407535989247
2020-11-10,fold_6,COVID crash and V-recovery,0.008310206234455109,1,0.022123269736766815,1,0.022123269736766815,0.15495399609426386,,,,1,221.23269736766815,-0.0034086517989635468,0.030747581273317337,0.008310206234455109,1.1929141000624843
2020-11-11,fold_6,COVID crash and V-recovery,0.009121950715780258,1,-0.0047051324509084225,-1,-0.0047051324509084225,0.15024886364335543,,,,0,-47.051324509084225,-0.004187840968370438,0.0012066756607964635,0.009121950715780258,-0.24631408484931272
2020-11-12,fold_6,COVID crash and V-recovery,0.008622340857982635,1,0.00873431283980608,1,0.00873431283980608,0.15898317648316151,,,,1,87.3431283980608,-0.006433697417378426,0.013706258498132229,0.008622340857982635,0.45797074181542646
2020-11-13,fold_6,COVID crash and V-recovery,0.006777063012123108,1,0.007772567216306925,1,0.007772567216306925,0.16675574369946844,,,,1,77.72567216306925,-0.00927008781582117,-0.0018917557317763567,0.006777063012123108,0.4062582307615261
2020-11-16,fold_6,COVID crash and V-recovery,0.004582814872264862,1,-0.0031774360686540604,-1,-0.0031774360686540604,0.16357830763081438,,,,0,-31.774360686540604,-0.005699533969163895,-0.009630321525037289,0.004582814872264862,-0.16851969730067273
2020-11-17,fold_6,COVID crash and V-recovery,0.005551360547542572,1,-0.007417635060846806,-1,-0.007417635060846806,0.15616067256996757,,,,0,-74.17635060846806,-0.009918591007590294,0.007499608676880598,0.005551360547542572,-0.3932528488787517
2020-11-18,fold_6,COVID crash and V-recovery,0.006076931953430176,1,0.007794450502842665,1,0.007794450502842665,0.16395512307281024,,,,1,77.94450502842665,-0.011630475521087646,0.021044887602329254,0.006076931953430176,0.41165884580625633
2020-11-19,fold_6,COVID crash and V-recovery,0.005190890282392502,1,-0.006863702088594437,-1,-0.006863702088594437,0.1570914209842158,,,,0,-68.63702088594437,-0.009556918404996395,0.02242281287908554,0.005190890282392502,-0.36097592278577006
2020-11-20,fold_6,COVID crash and V-recovery,0.005541689693927765,1,3.400091009098105e-05,1,3.400091009098105e-05,0.15712542189430678,,,,1,0.3400091009098105,-0.009341948665678501,0.03132430091500282,0.005541689693927765,0.0017828542565550293
2020-11-23,fold_6,COVID crash and V-recovery,0.005182109773159027,1,0.013952494598925114,1,0.013952494598925114,0.1710779164932319,,,,1,139.52494598925114,-0.009184214286506176,0.04402534291148186,0.005182109773159027,0.7433640469029835
2020-11-24,fold_6,COVID crash and V-recovery,0.006320402026176453,1,0.006127643398940563,1,0.006127643398940563,0.17720555989217246,,,,1,61.27643398940563,-0.007807772606611252,0.03135693445801735,0.006320402026176453,0.3234052070137997
2020-11-25,fold_6,COVID crash and V-recovery,0.004592232406139374,1,0.009172377176582813,1,0.009172377176582813,0.18637793706875527,,,,1,91.72377176582813,-0.009338023141026497,0.02664339542388916,0.004592232406139374,0.5463967394333243
2020-11-27,fold_6,COVID crash and V-recovery,0.0040046051144599915,1,0.0020377866458147764,1,0.0020377866458147764,0.18841572371457005,,,,1,20.377866458147764,-0.008954181335866451,0.02153753489255905,0.0040046051144599915,0.12379010218913579
2020-11-30,fold_6,COVID crash and V-recovery,0.0028725191950798035,1,0.012735040858387947,1,0.012735040858387947,0.201150764572958,,,,1,127.35040858387947,-0.009717237204313278,0.025146711617708206,0.0028725191950798035,0.825152095544987
2020-12-01,fold_6,COVID crash and V-recovery,0.004830360412597656,1,0.0012840845156461,1,0.0012840845156461,0.2024348490886041,,,,1,12.840845156461,-0.005777254700660706,0.0157906636595726,0.004830360412597656,0.08186080873771634
2020-12-02,fold_6,COVID crash and V-recovery,0.00498044490814209,1,0.0014141055289655924,1,0.0014141055289655924,0.2038489546175697,,,,1,14.141055289655924,-0.00576687790453434,-0.008394548669457436,0.00498044490814209,0.09295420381384639
2020-12-03,fold_6,COVID crash and V-recovery,0.004386506974697113,1,0.004066517110913992,1,0.004066517110913992,0.20791547172848368,,,,1,40.66517110913992,-0.0057818591594696045,-0.005801084917038679,0.004386506974697113,0.34847327562232994
2020-12-04,fold_6,COVID crash and V-recovery,0.004628099501132965,1,0.005646963603794575,1,0.005646963603794575,0.21356243533227826,,,,1,56.46963603794575,-0.002762455493211746,-0.012084580026566982,0.004628099501132965,0.5540372958545712
2020-12-07,fold_6,COVID crash and V-recovery,0.005565837025642395,1,0.003378992434591055,1,0.003378992434591055,0.2169414277668693,,,,1,33.78992434591055,-0.005321798846125603,-0.010502398945391178,0.005565837025642395,0.329049495914118
2020-12-08,fold_6,COVID crash and V-recovery,0.005191482603549957,1,-0.022901127114892006,-1,-0.022901127114892006,0.1940403006519773,,,,0,-229.01127114892006,-0.008032824844121933,-0.0032489225268363953,0.005191482603549957,-2.4882146420684146
2020-12-09,fold_6,COVID crash and V-recovery,0.007829628884792328,1,0.004007569048553705,1,0.004007569048553705,0.198047869700531,,,,1,40.07569048553705,-0.008018750697374344,0.025136673822999,0.007829628884792328,0.4120471886712415
2020-12-10,fold_6,COVID crash and V-recovery,0.0067688412964344025,1,-0.0022169779986143112,-1,-0.0022169779986143112,0.1958308917019167,,,,0,-22.169779986143112,-0.00834990106523037,0.0276457741856575,0.0067688412964344025,-0.2632439802492302
2020-12-11,fold_6,COVID crash and V-recovery,0.005933649837970734,1,0.007229145150631666,1,0.007229145150631666,0.20306003685254836,,,,1,72.29145150631666,-0.00848129391670227,0.0268356055021286,0.005933649837970734,0.8636478044932318
2020-12-14,fold_6,COVID crash and V-recovery,0.006328132003545761,1,0.01063246838748455,1,0.01063246838748455,0.21369250524003292,,,,1,106.3246838748455,-0.010663782246410847,0.017734089866280556,0.006328132003545761,1.2812665826263265
2020-12-15,fold_6,COVID crash and V-recovery,0.009264808148145676,1,0.0054844701662659645,1,0.0054844701662659645,0.21917697540629888,,,,1,54.844701662659645,-0.009635240770876408,0.00981712993234396,0.009264808148145676,0.6486281134756449
2020-12-16,fold_6,COVID crash and V-recovery,0.008056677877902985,1,0.006516668945550919,1,0.006516668945550919,0.2256936443518498,,,,1,65.16668945550919,-0.00940878689289093,-0.0007163272821344435,0.008056677877902985,0.7653729375236511
2020-12-17,fold_6,COVID crash and V-recovery,0.006007634103298187,1,-0.0030271466821432114,-1,-0.0030271466821432114,0.2226664976697066,,,,0,-30.271466821432114,-0.005494069308042526,-0.002830306999385357,0.006007634103298187,-0.3570831286606675
2020-12-18,fold_6,COVID crash and V-recovery,0.004633694887161255,1,-0.001872371882200241,-1,-0.001872371882200241,0.22079412578750635,,,,0,-18.72371882200241,-0.006296379491686821,0.010225623846054077,0.004633694887161255,-0.22493926581037224
2020-12-21,fold_6,COVID crash and V-recovery,0.003441542387008667,1,0.002715509617701173,1,0.002715509617701173,0.22350963540520752,,,,1,27.15509617701173,-0.006703713908791542,0.01299302838742733,0.003441542387008667,0.3314875297474319
2020-12-22,fold_6,COVID crash and V-recovery,0.003699973225593567,1,-0.005048987455666065,-1,-0.005048987455666065,0.21846064794954145,,,,0,-50.48987455666065,-0.00859026052057743,0.010309210978448391,0.003699973225593567,-0.6146537584216499
2020-12-23,fold_6,COVID crash and V-recovery,0.005156334489583969,1,0.004402689635753632,1,0.004402689635753632,0.22286333758529508,,,,1,44.026896357536316,-0.006818003952503204,0.017815537750720978,0.005156334489583969,0.5731001337807812
2020-12-24,fold_6,COVID crash and V-recovery,0.0027387961745262146,1,0.010028784163296223,1,0.010028784163296223,0.2328921217485913,,,,1,100.28784163296223,-0.009834458120167255,-0.0008076458470895886,0.0027387961745262146,1.3156138038421608
2020-12-28,fold_6,COVID crash and V-recovery,0.0023866482079029083,1,0.0008950326009653509,1,0.0008950326009653509,0.23378715434955666,,,,1,8.950326009653509,-0.01031443476676941,-0.0026263040490448475,0.0023866482079029083,0.11659180941941093
2020-12-29,fold_6,COVID crash and V-recovery,0.003707803785800934,1,3.169193587382324e-05,1,3.169193587382324e-05,0.23381884628543048,,,,1,0.3169193587382324,-0.011790163815021515,-0.017470380291342735,0.003707803785800934,0.004134245642294804
2020-12-30,fold_6,COVID crash and V-recovery,0.004421889781951904,1,0.0024573400150984526,1,0.0024573400150984526,0.23627618630052893,,,,1,24.573400150984526,-0.012109101749956608,0.00640215864405036,0.004421889781951904,0.34526923346710536
2024-05-17,fold_7,"Inflation bear, AI rally and 2025",0.008933674544095993,1,0.006948469206690788,1,0.006948469206690788,0.006948469206690788,,,,1,69.48469206690788,-0.009454638697206974,0.013608839362859726,0.008933674544095993,0.6952125898010301
2024-05-20,fold_7,"Inflation bear, AI rally and 2025",0.00791962444782257,1,0.0019544712267816067,1,0.0019544712267816067,0.008902940433472395,,,,1,19.544712267816067,-0.011687149293720722,0.010431037284433842,0.00791962444782257,0.19813782720354398
2024-05-21,fold_7,"Inflation bear, AI rally and 2025",0.008619867265224457,1,-0.00019753658853005618,-1,-0.00019753658853005618,0.008705403844942339,,,,0,-1.9753658853005618,-0.013019745238125324,0.00140322744846344,0.008619867265224457,-0.02123648203471224
2024-05-22,fold_7,"Inflation bear, AI rally and 2025",0.010054238140583038,1,-0.0045085777528584,-1,-0.0045085777528584,0.004196826092083938,,,,0,-45.085777528584,-0.014238120056688786,-0.00917046144604683,0.010054238140583038,-0.4863059884639499
2024-05-23,fold_7,"Inflation bear, AI rally and 2025",0.009622137993574142,1,0.009412013925611973,1,0.009412013925611973,0.013608840017695911,,,,1,94.12013925611973,-0.011448502540588379,-0.006523867137730122,0.009622137993574142,1.0161228281011665
2024-05-24,fold_7,"Inflation bear, AI rally and 2025",0.01103842630982399,1,0.003770666429772973,1,0.003770666429772973,0.017379506447468884,,,,1,37.70666429772973,-0.008091984316706657,-0.0105808787047863,0.01103842630982399,0.42558054147400476
2024-05-28,fold_7,"Inflation bear, AI rally and 2025",0.012562945485115051,1,-0.007073338143527508,-1,-0.007073338143527508,0.010306168303941377,,,,0,-70.73338143527508,-0.005354857072234154,-0.011618755757808685,0.012562945485115051,-0.7989006844998127
2024-05-29,fold_7,"Inflation bear, AI rally and 2025",0.011735361069440842,1,-0.010771225206553936,-1,-0.010771225206553936,-0.0004650569026125595,,,,0,-107.71225206553936,-0.003303181380033493,0.015413827262818813,0.011735361069440842,-1.3594968419813447
2024-05-30,fold_7,"Inflation bear, AI rally and 2025",0.014820702373981476,1,-0.0018619840266183019,-1,-0.0018619840266183019,-0.0023270409292308614,,,,0,-18.61984026618302,0.0009366441518068314,0.02583981119096279,0.014820702373981476,-0.2292967954822727
2024-05-31,fold_7,"Inflation bear, AI rally and 2025",0.017559252679347992,1,0.005355002358555794,1,0.005355002358555794,0.0030279614293249324,,,,1,53.55002358555794,-0.004953276365995407,0.026816576719284058,0.017559252679347992,0.7027090494998068
2024-06-03,fold_7,"Inflation bear, AI rally and 2025",0.019324891269207,1,0.002732788911089301,1,0.002732788911089301,0.0057607503404142335,,,,1,27.32788911089301,-0.0019887294620275497,0.025492563843727112,0.019324891269207,0.43368193802744326
2024-06-04,fold_7,"Inflation bear, AI rally and 2025",0.018806084990501404,1,0.01995924487709999,1,0.01995924487709999,0.025719995217514224,,,,1,199.5924487709999,0.00154891237616539,0.02959909848868847,0.018806084990501404,3.4156224962840676
2024-06-05,fold_7,"Inflation bear, AI rally and 2025",0.014561526477336884,1,-0.0003452417440712452,-1,-0.0003452417440712452,0.02537475347344298,,,,0,-3.452417440712452,-0.0022814981639385223,0.022652629762887955,0.014561526477336884,-0.04695363633241321
2024-06-06,fold_7,"Inflation bear, AI rally and 2025",0.011718828231096268,1,-0.0008852180326357484,-1,-0.0008852180326357484,0.02448953544080723,,,,0,-8.852180326357484,-0.0011454559862613678,0.028403399512171745,0.011718828231096268,-0.12040439171168577
2024-06-07,fold_7,"Inflation bear, AI rally and 2025",0.01050470769405365,1,0.004030989948660135,1,0.004030989948660135,0.028520525389467366,,,,1,40.30989948660135,-0.004129452630877495,0.03445643186569214,0.01050470769405365,0.5492899450229848
2024-06-10,fold_7,"Inflation bear, AI rally and 2025",0.014086700975894928,1,0.006839322857558727,1,0.006839322857558727,0.03535984824702609,,,,1,68.39322857558727,-0.005433510988950729,0.04260094463825226,0.014086700975894928,0.9273771940684392
2024-06-11,fold_7,"Inflation bear, AI rally and 2025",0.013308323919773102,1,0.013012777082622051,1,0.013012777082622051,0.048372625329648145,,,,1,130.1277708262205,-0.009105399250984192,0.03607082739472389,0.013308323919773102,1.731768227856263
2024-06-12,fold_7,"Inflation bear, AI rally and 2025",0.014227829873561859,1,0.005405528470873833,1,0.005405528470873833,0.05377815380052198,,,,1,54.05528470873833,-0.008435521274805069,0.015320060774683952,0.014227829873561859,0.6817164243853996
2024-06-13,fold_7,"Inflation bear, AI rally and 2025",0.011624541133642197,1,0.005167814902961254,1,0.005167814902961254,0.05894596870348323,,,,1,51.67814902961254,-0.008648261427879333,0.0072316755540668964,0.011624541133642197,0.71453510413117
2024-06-14,fold_7,"Inflation bear, AI rally and 2025",0.009303227066993713,1,0.012175502255558968,1,0.012175502255558968,0.0711214709590422,,,,1,121.75502255558968,-0.00657939538359642,-0.009386073797941208,0.009303227066993713,1.6655900350437747
2024-06-17,fold_7,"Inflation bear, AI rally and 2025",0.0069969408214092255,1,0.0003092046536039561,1,0.0003092046536039561,0.07143067561264616,,,,1,3.092046536039561,-0.006840255111455917,-0.010190867818892002,0.0069969408214092255,0.03964268442676233
2024-06-18,fold_7,"Inflation bear, AI rally and 2025",0.010251160711050034,1,-0.007737989537417889,-1,-0.007737989537417889,0.06369268607522827,,,,0,-77.37989537417889,-0.005081832408905029,-0.008436965756118298,0.010251160711050034,-1.0123242809306967
2024-06-20,fold_7,"Inflation bear, AI rally and 2025",0.01132848858833313,1,-0.002682856749743223,-1,-0.002682856749743223,0.06100982932548504,,,,0,-26.828567497432232,-0.0028610508888959885,0.0018790541216731071,0.01132848858833313,-0.34285804932426206
2024-06-21,fold_7,"Inflation bear, AI rally and 2025",0.010687485337257385,1,-0.011449933983385563,-1,-0.011449933983385563,0.04955989534209948,,,,0,-114.49933983385563,-0.00756923109292984,-0.00064253801247105,0.010687485337257385,-1.4589962236954837
2024-06-24,fold_7,"Inflation bear, AI rally and 2025",0.016206763684749603,1,0.011370707303285599,1,0.011370707303285599,0.06093060264538508,,,,1,113.70707303285599,-0.00781584344804287,0.01665533147752285,0.016206763684749603,1.387839319558593
2024-06-25,fold_7,"Inflation bear, AI rally and 2025",0.01566697657108307,1,0.002063107443973422,1,0.002063107443973422,0.0629937100893585,,,,1,20.63107443973422,-0.009899807162582874,0.015729578211903572,0.01566697657108307,0.2480774401688555
2024-06-26,fold_7,"Inflation bear, AI rally and 2025",0.017740309238433838,1,0.0025780298747122288,1,0.0025780298747122288,0.06557173996407073,,,,1,25.780298747122288,-0.009537464939057827,0.021968942135572433,0.017740309238433838,0.3111163482075264
2024-06-27,fold_7,"Inflation bear, AI rally and 2025",0.017262853682041168,1,-0.005204448942095041,-1,-0.005204448942095041,0.06036729102197569,,,,0,-52.04448942095041,-0.007452577352523804,0.029763752594590187,0.017262853682041168,-0.6382350260450105
2024-06-28,fold_7,"Inflation bear, AI rally and 2025",0.019368693232536316,1,0.005847935099154711,1,0.005847935099154711,0.0662152261211304,,,,1,58.47935099154711,-0.0061075109988451,0.037343580275774,0.019368693232536316,0.7423997926176615
2024-07-01,fold_7,"Inflation bear, AI rally and 2025",0.019676849246025085,1,0.010444954968988895,1,0.010444954968988895,0.0766601810901193,,,,1,104.44954968988895,-0.005589449778199196,0.032359976321458817,0.019676849246025085,1.3098751779381625
2024-07-02,fold_7,"Inflation bear, AI rally and 2025",0.021935224533081055,1,0.008302470669150352,1,0.008302470669150352,0.08496265175926965,,,,1,83.02470669150352,-0.0066173020750284195,0.032287489622831345,0.021935224533081055,1.0097531611324242
2024-07-03,fold_7,"Inflation bear, AI rally and 2025",0.019186057150363922,1,0.010372839868068695,1,0.010372839868068695,0.09533549162733834,,,,1,103.72839868068695,-0.006026536226272583,0.0018107411451637745,0.019186057150363922,1.2338218881148515
2024-07-05,fold_7,"Inflation bear, AI rally and 2025",0.017433255910873413,1,0.002375379903241992,1,0.002375379903241992,0.09771087153058033,,,,1,23.75379903241992,-0.004606116563081741,-0.0027043852023780346,0.017433255910873413,0.3170268540244118
2024-07-08,fold_7,"Inflation bear, AI rally and 2025",0.014538481831550598,1,0.0008643296314403415,1,0.0008643296314403415,0.09857520116202068,,,,1,8.643296314403415,-0.005954857915639877,-0.0023955574724823236,0.014538481831550598,0.11507389364579725
2024-07-09,fold_7,"Inflation bear, AI rally and 2025",0.015792421996593475,1,0.010372469201683998,1,0.010372469201683998,0.10894767036370467,,,,1,103.72469201683998,-0.004765409976243973,-0.002877016318961978,0.015792421996593475,1.3809774385746778
2024-07-10,fold_7,"Inflation bear, AI rally and 2025",0.015511184930801392,1,-0.022174276411533356,-1,-0.022174276411533356,0.08677339395217132,,,,0,-221.74276411533356,-0.0054553840309381485,-0.0430438406765461,0.015511184930801392,-2.8395556157698416
2024-07-11,fold_7,"Inflation bear, AI rally and 2025",0.01898789405822754,1,0.005857713054865599,1,0.005857713054865599,0.09263110700703692,,,,1,58.57713054865599,-0.005740460008382797,-0.025613289326429367,0.01898789405822754,0.6420877278904823
2024-07-12,fold_7,"Inflation bear, AI rally and 2025",0.0167570561170578,1,0.002684207633137703,1,0.002684207633137703,0.09531531464017462,,,,1,26.84207633137703,-0.007680095732212067,-0.040374159812927246,0.0167570561170578,0.30693872466430683
2024-07-15,fold_7,"Inflation bear, AI rally and 2025",0.017747744917869568,1,0.00038287072675302625,1,0.00038287072675302625,0.09569818536692765,,,,1,3.8287072675302625,-0.007781326770782471,-0.028270574286580086,0.017747744917869568,0.044099727267770325
2024-07-16,fold_7,"Inflation bear, AI rally and 2025",0.017630741000175476,1,-0.02979435585439205,-1,-0.02979435585439205,0.0659038295125356,,,,0,-297.9435585439205,-0.007438201457262039,-0.03218429908156395,0.017630741000175476,-3.462402666184191
2024-07-17,fold_7,"Inflation bear, AI rally and 2025",0.018401212990283966,1,-0.004743724595755339,-1,-0.004743724595755339,0.061160104916780256,,,,0,-47.43724595755339,-0.004077523946762085,-0.038919322192668915,0.018401212990283966,-0.45021193175523166
2024-07-18,fold_7,"Inflation bear, AI rally and 2025",0.014892041683197021,1,-0.008903156965970993,-1,-0.008903156965970993,0.05225694795080926,,,,0,-89.03156965970993,-0.0008750185370445251,-0.045264601707458496,0.014892041683197021,-0.8407390180070969
2024-07-19,fold_7,"Inflation bear, AI rally and 2025",0.010823573917150497,1,0.014787793159484863,1,0.014787793159484863,0.06704474111029413,,,,1,147.87793159484863,-0.004043063148856163,-0.026157695800065994,0.010823573917150497,1.3904370170925573
2024-07-22,fold_7,"Inflation bear, AI rally and 2025",0.014744967222213745,1,-0.0035308548249304295,-1,-0.0035308548249304295,0.0635138862853637,,,,0,-35.308548249304295,-0.00417565181851387,-0.038938675075769424,0.014744967222213745,-0.31748379855643816
2024-07-23,fold_7,"Inflation bear, AI rally and 2025",0.016886070370674133,1,-0.03652937710285187,-1,-0.03652937710285187,0.02698450918251183,,,,0,-365.2937710285187,0.001876380294561386,-0.049234386533498764,0.016886070370674133,-3.366324504216688
2024-07-24,fold_7,"Inflation bear, AI rally and 2025",0.016851060092449188,1,-0.011089004576206207,-1,-0.011089004576206207,0.01589550460630562,,,,0,-110.89004576206207,0.0061487965285778046,0.016459202393889427,0.016851060092449188,-0.8311367073785129
2024-07-25,fold_7,"Inflation bear, AI rally and 2025",0.01913456618785858,1,0.01020374707877636,1,0.01020374707877636,0.02609925168508198,,,,1,102.0374707877636,0.00807497650384903,0.003028667066246271,0.01913456618785858,0.7523452168158241
2024-07-26,fold_7,"Inflation bear, AI rally and 2025",0.020731419324874878,1,0.0020068141166120768,1,0.0020068141166120768,0.028106065801694058,,,,1,20.068141166120768,0.006761286407709122,-0.031196199357509613,0.020731419324874878,0.14604485969080083
2024-07-29,fold_7,"Inflation bear, AI rally and 2025",0.016924656927585602,1,-0.013826565816998482,-1,-0.013826565816998482,0.014279499984695576,,,,0,-138.26565816998482,0.008073218166828156,-0.063472680747509,0.016924656927585602,-1.0093074248608767
2024-07-30,fold_7,"Inflation bear, AI rally and 2025",0.017746880650520325,1,0.029164211824536324,1,0.029164211824536324,0.0434437118092319,,,,1,291.64211824536324,0.011320170015096664,-0.04013648256659508,0.017746880650520325,2.085750291487153
2024-07-31,fold_7,"Inflation bear, AI rally and 2025",0.015694215893745422,1,-0.02451954036951065,-1,-0.02451954036951065,0.01892417143972125,,,,0,-245.1954036951065,0.003178168088197708,-0.080189548432827,0.015694215893745422,-1.6077581412371202
2024-08-01,fold_7,"Inflation bear, AI rally and 2025",0.01519155502319336,1,-0.024021118879318237,-1,-0.024021118879318237,-0.005096947439596988,,,,0,-240.21118879318237,0.01784542202949524,-0.025537710636854172,0.01519155502319336,-1.4920247357675547
2024-08-02,fold_7,"Inflation bear, AI rally and 2025",0.00894702598452568,1,-0.030269667506217957,-1,-0.030269667506217957,-0.035366614945814945,,,,0,-302.69667506217957,0.018366031348705292,0.0036923731677234173,0.00894702598452568,-1.8003931776647635
2024-08-05,fold_7,"Inflation bear, AI rally and 2025",0.007011547684669495,1,0.009509631432592869,1,0.009509631432592869,-0.025856983513222076,,,,1,95.09631432592869,0.02404114231467247,0.03611313924193382,0.007011547684669495,0.524920691891243
2024-08-06,fold_7,"Inflation bear, AI rally and 2025",0.015858784317970276,1,-0.01088885311037302,-1,-0.01088885311037302,-0.036745836623595096,,,,0,-108.8885311037302,0.03161824494600296,0.05111347883939743,0.015858784317970276,-0.5969875219152809
2024-08-07,fold_7,"Inflation bear, AI rally and 2025",0.014677301049232483,1,0.030132297426462173,1,0.030132297426462173,-0.006613539197132923,,,,1,301.32297426462173,0.026564642786979675,0.062326643615961075,0.014677301049232483,1.6506589822195037
2024-08-08,fold_7,"Inflation bear, AI rally and 2025",0.014132693409919739,1,0.005208965390920639,1,0.005208965390920639,-0.0014045738062122837,,,,1,52.08965390920639,0.022115454077720642,0.05714362487196922,0.014132693409919739,0.2768349311927352
2024-08-09,fold_7,"Inflation bear, AI rally and 2025",0.01173865795135498,1,0.0021510969381779432,1,0.0021510969381779432,0.0007465231319656596,,,,1,21.510969381779432,0.0186045840382576,0.05321963131427765,0.01173865795135498,0.1143798882170997
2024-08-12,fold_7,"Inflation bear, AI rally and 2025",0.004618614912033081,1,0.02450997196137905,1,0.02450997196137905,0.02525649509334471,,,,1,245.0997196137905,0.00992344319820404,0.06411891430616379,0.004618614912033081,1.303501943679819
2024-08-13,fold_7,"Inflation bear, AI rally and 2025",0.008573006838560104,1,0.00032431332510896027,1,0.00032431332510896027,0.02558080841845367,,,,1,3.2431332510896027,0.010153058916330338,0.03750813379883766,0.008573006838560104,0.01655891126018704
2024-08-14,fold_7,"Inflation bear, AI rally and 2025",0.009682867676019669,1,0.024949276819825172,1,0.024949276819825172,0.05053008523827884,,,,1,249.49276819825172,0.0034643076360225677,0.041837096214294434,0.009682867676019669,1.3546411923098562
2024-08-15,fold_7,"Inflation bear, AI rally and 2025",0.010559167712926865,1,0.0012849696213379502,1,0.0012849696213379502,0.051815054859616794,,,,1,12.849696213379502,0.0006732810288667679,0.0009060029406100512,0.010559167712926865,0.0668740747706282
2024-08-16,fold_7,"Inflation bear, AI rally and 2025",0.012591816484928131,1,0.0130503810942173,1,0.0130503810942173,0.0648654359538341,,,,1,130.503810942173,-0.00019932352006435394,0.010408023372292519,0.012591816484928131,0.6827829402239022
2024-08-19,fold_7,"Inflation bear, AI rally and 2025",0.01243167370557785,1,-0.002100807148963213,-1,-0.002100807148963213,0.06276462880487088,,,,0,-21.00807148963213,-0.002869710326194763,-0.012398049235343933,0.01243167370557785,-0.11027773996348064
2024-08-20,fold_7,"Inflation bear, AI rally and 2025",0.012136295437812805,1,0.004653274081647396,1,0.004653274081647396,0.06741790288651828,,,,1,46.53274081647396,-0.0032623298466205597,-0.007314376067370176,0.012136295437812805,0.2444000893406978
2024-08-21,fold_7,"Inflation bear, AI rally and 2025",0.011745668947696686,1,-0.01598181575536728,-1,-0.01598181575536728,0.051436087131151,,,,0,-159.8181575536728,-0.003905121237039566,-0.023379897698760033,0.011745668947696686,-0.9275646245457356
2024-08-22,fold_7,"Inflation bear, AI rally and 2025",0.011383920907974243,1,0.010786990635097027,1,0.010786990635097027,0.062223077766248025,,,,1,107.86990635097027,-0.0036152247339487076,-0.008863111026585102,0.011383920907974243,0.6191949924164502
2024-08-23,fold_7,"Inflation bear, AI rally and 2025",0.011438366025686264,1,-0.009755691513419151,-1,-0.009755691513419151,0.052467386252828874,,,,0,-97.55691513419151,-0.006252920255064964,-0.007801180239766836,0.011438366025686264,-0.559432470656507
2024-08-26,fold_7,"Inflation bear, AI rally and 2025",0.011372316628694534,1,0.0029828662518411875,1,0.0029828662518411875,0.05545025250467006,,,,1,29.828662518411875,-0.00825740396976471,-0.028876792639493942,0.011372316628694534,0.16978265810020524
2024-08-27,fold_7,"Inflation bear, AI rally and 2025",0.009900450706481934,1,-0.011412248015403748,-1,-0.011412248015403748,0.044038004489266314,,,,0,-114.12248015403748,-0.008475901558995247,-0.03446156159043312,0.009900450706481934,-0.659384942491126
2024-08-28,fold_7,"Inflation bear, AI rally and 2025",0.01134294643998146,1,-0.0014650279190391302,-1,-0.0014650279190391302,0.04257297657022718,,,,0,-14.650279190391302,-0.007184773683547974,-0.02211609296500683,0.01134294643998146,-0.0902464387601881
2024-08-29,fold_7,"Inflation bear, AI rally and 2025",0.010541051626205444,1,0.011848920956254005,1,0.011848920956254005,0.05442189752648119,,,,1,118.48920956254005,-0.005660872906446457,-0.04780372232198715,0.010541051626205444,0.7752877777932282
2024-08-30,fold_7,"Inflation bear, AI rally and 2025",0.011236932128667831,1,-0.03083130531013012,-1,-0.03083130531013012,0.02359059221635107,,,,0,-308.3130531013012,-0.009464744478464127,-0.046875014901161194,0.011236932128667831,-2.118767250124786
2024-09-03,fold_7,"Inflation bear, AI rally and 2025",0.011821962893009186,1,-0.0026019022334367037,-1,-0.0026019022334367037,0.020988689982914366,,,,0,-26.019022334367037,-4.011392593383789e-05,-0.006844343151897192,0.011821962893009186,-0.17808602031578946
2024-09-04,fold_7,"Inflation bear, AI rally and 2025",0.015347220003604889,1,0.0009332209010608494,1,0.0009332209010608494,0.021921910883975215,,,,1,9.332209010608494,-0.0030659381300210953,0.017240503802895546,0.015347220003604889,0.06450909024050137
2024-09-05,fold_7,"Inflation bear, AI rally and 2025",0.016261644661426544,1,-0.02715265564620495,-1,-0.02715265564620495,-0.005230744762229733,,,,0,-271.5265564620495,-0.00028303638100624084,0.026075517758727074,0.016261644661426544,-1.9038919504433214
2024-09-06,fold_7,"Inflation bear, AI rally and 2025",0.01682870090007782,1,0.012777626514434814,1,0.012777626514434814,0.007546881752205081,,,,1,127.77626514434814,0.004177432507276535,0.05769813060760498,0.01682870090007782,0.9153524726053623
2024-09-09,fold_7,"Inflation bear, AI rally and 2025",0.018280550837516785,1,0.009199365973472595,1,0.009199365973472595,0.016746247725677676,,,,1,91.99365973472595,0.006248028948903084,0.040492791682481766,0.018280550837516785,0.6477990684838638
2024-09-10,fold_7,"Inflation bear, AI rally and 2025",0.019040361046791077,1,0.02148294448852539,1,0.02148294448852539,0.03822919221420307,,,,1,214.8294448852539,0.010977029800415039,0.03182163089513779,0.019040361046791077,1.4979981112463576
2024-09-11,fold_7,"Inflation bear, AI rally and 2025",0.017291083931922913,1,0.009768233634531498,1,0.009768233634531498,0.047997425848734565,,,,1,97.68233634531498,0.00725807249546051,0.005999751389026642,0.017291083931922913,0.6929635978910342
2024-09-12,fold_7,"Inflation bear, AI rally and 2025",0.015689469873905182,1,0.004469958133995533,1,0.004469958133995533,0.0524673839827301,,,,1,44.69958133995533,0.0045808907598257065,0.02120135724544525,0.015689469873905182,0.31336561528243373
2024-09-13,fold_7,"Inflation bear, AI rally and 2025",0.0132841095328331,1,-0.004427712876349688,-1,-0.004427712876349688,0.04803967110638041,,,,0,-44.277128763496876,0.0018813256174325943,0.014826271682977676,0.0132841095328331,-0.3362951999478053
2024-09-16,fold_7,"Inflation bear, AI rally and 2025",0.012085191905498505,1,0.0005282060010358691,1,0.0005282060010358691,0.04856787710741628,,,,1,5.282060010358691,-0.0022177528589963913,0.021901145577430725,0.012085191905498505,0.04001501336320814
2024-09-17,fold_7,"Inflation bear, AI rally and 2025",0.01066821813583374,1,-0.0043389336206018925,-1,-0.0043389336206018925,0.04422894348681439,,,,0,-43.389336206018925,-0.0034450534731149673,0.026184871792793274,0.01066821813583374,-0.33702704962507524
2024-09-18,fold_7,"Inflation bear, AI rally and 2025",0.012551046907901764,1,0.024969838559627533,1,0.024969838559627533,0.06919878204644192,,,,1,249.69838559627533,-0.009424738585948944,0.031450558453798294,0.012551046907901764,1.9353316350330982
2024-09-19,fold_7,"Inflation bear, AI rally and 2025",0.01150788739323616,1,-0.001905126846395433,-1,-0.001905126846395433,0.06729365520004649,,,,0,-19.05126846395433,-0.003713749349117279,0.013965615071356297,0.01150788739323616,-0.13588783905280025
2024-09-20,fold_7,"Inflation bear, AI rally and 2025",0.01272059977054596,1,0.00264716031961143,1,0.00264716031961143,0.06994081551965792,,,,1,26.4716031961143,-0.0066499002277851105,0.010298335924744606,0.01272059977054596,0.19516890485055438
2024-09-23,fold_7,"Inflation bear, AI rally and 2025",0.010920017957687378,1,0.004811933264136314,1,0.004811933264136314,0.07475274878379423,,,,1,48.119332641363144,-0.009101149626076221,0.010359362699091434,0.010920017957687378,0.3601650575373757
2024-09-24,fold_7,"Inflation bear, AI rally and 2025",0.011361293494701385,1,0.000926753506064415,1,0.000926753506064415,0.07567950228985865,,,,1,9.26753506064415,-0.006773639470338821,-0.00848300475627184,0.011361293494701385,0.07007636915393543
2024-09-25,fold_7,"Inflation bear, AI rally and 2025",0.010350406169891357,1,0.007484894711524248,1,0.007484894711524248,0.0831643970013829,,,,1,74.84894711524248,-0.005115503445267677,-0.0079979058355093,0.010350406169891357,0.5666209948426726
2024-09-26,fold_7,"Inflation bear, AI rally and 2025",0.011879786849021912,1,-0.005572405643761158,-1,-0.005572405643761158,0.07759199135762174,,,,0,-55.72405643761158,-0.0030154213309288025,-0.01623002626001835,0.011879786849021912,-0.42640010528638966
2024-09-27,fold_7,"Inflation bear, AI rally and 2025",0.011914461851119995,1,0.002708186861127615,1,0.002708186861127615,0.08030017821874935,,,,1,27.08186861127615,-0.00197589211165905,0.0011703327763825655,0.011914461851119995,0.20635895787142886
2024-09-30,fold_7,"Inflation bear, AI rally and 2025",0.013736829161643982,1,-0.01403043419122696,-1,-0.01403043419122696,0.06626974402752239,,,,0,-140.3043419122696,-0.001638714224100113,-0.01230729091912508,0.013736829161643982,-1.0903610458416224
2024-10-01,fold_7,"Inflation bear, AI rally and 2025",0.013806276023387909,1,0.0014118520775809884,1,0.0014118520775809884,0.06768159610510338,,,,1,14.118520775809884,0.0002085752785205841,0.01654731296002865,0.013806276023387909,0.12484405696456018
2024-10-02,fold_7,"Inflation bear, AI rally and 2025",0.010990023612976074,1,-0.0007472253055311739,-1,-0.0007472253055311739,0.06693437079957221,,,,0,-7.4722530553117394,-0.003190513700246811,0.022973094135522842,0.010990023612976074,-0.06613572954546378
2024-10-03,fold_7,"Inflation bear, AI rally and 2025",0.007151801139116287,1,0.011827953159809113,1,0.011827953159809113,0.07876232395938132,,,,1,118.27953159809113,-0.005370639264583588,0.022584062069654465,0.007151801139116287,1.0469375004229724
2024-10-04,fold_7,"Inflation bear, AI rally and 2025",0.010605964809656143,1,-0.010769437067210674,-1,-0.010769437067210674,0.06799288689217065,,,,0,-107.69437067210674,-0.008947080001235008,0.012317989021539688,0.010605964809656143,-1.0891617760661183
2024-10-07,fold_7,"Inflation bear, AI rally and 2025",0.008593972772359848,1,0.014824170619249344,1,0.014824170619249344,0.08281705751141999,,,,1,148.24170619249344,-0.013739677146077156,0.03144397586584091,0.008593972772359848,1.5176988523165102
2024-10-08,fold_7,"Inflation bear, AI rally and 2025",0.014498241245746613,1,0.007837631739675999,1,0.007837631739675999,0.09065468925109599,,,,1,78.37631739675999,-0.011719292961061,0.0031628955621272326,0.014498241245746613,0.7754292898477891
2024-10-09,fold_7,"Inflation bear, AI rally and 2025",0.01708269864320755,1,-0.0011362562654539943,-1,-0.0011362562654539943,0.089518432985642,,,,0,-11.362562654539943,-0.00890415534377098,-0.004552541300654411,0.01708269864320755,-0.1253588476074635
2024-10-10,fold_7,"Inflation bear, AI rally and 2025",0.017688028514385223,1,0.001561879413202405,1,0.001561879413202405,0.0910803123988444,,,,1,15.61879413202405,-0.00772986002266407,-0.0027240037452429533,0.017688028514385223,0.17747454318489056
2024-10-11,fold_7,"Inflation bear, AI rally and 2025",0.0181364044547081,1,0.008356551639735699,1,0.008356551639735699,0.0994368640385801,,,,1,83.56551639735699,-0.007585486397147179,0.002247402211651206,0.0181364044547081,0.9549677424647902
2024-10-14,fold_7,"Inflation bear, AI rally and 2025",0.01564554125070572,1,-0.013456911779940128,-1,-0.013456911779940128,0.08597995225863997,,,,0,-134.56911779940128,-0.012352739460766315,-0.004189664032310247,0.01564554125070572,-1.5132110812818254
2024-10-15,fold_7,"Inflation bear, AI rally and 2025",0.015079602599143982,1,0.0001221949642058462,1,0.0001221949642058462,0.08610214722284582,,,,1,1.221949642058462,-0.010542403906583786,0.010356641374528408,0.015079602599143982,0.013016782504661328
2024-10-16,fold_7,"Inflation bear, AI rally and 2025",0.01862790435552597,1,0.0006922814645804465,1,0.0006922814645804465,0.08679442868742626,,,,1,6.922814645804465,-0.012438382022082806,-0.005208073649555445,0.01862790435552597,0.07414180294465159
2024-10-17,fold_7,"Inflation bear, AI rally and 2025",0.016326434910297394,1,0.006533285602927208,1,0.006533285602927208,0.09332771429035347,,,,1,65.33285602927208,-0.009727612137794495,0.002175822388380766,0.016326434910297394,0.8727836942491176
2024-10-18,fold_7,"Inflation bear, AI rally and 2025",0.016989871859550476,1,0.0019194857450202107,1,0.0019194857450202107,0.09524720003537368,,,,1,19.194857450202107,-0.014603913761675358,0.0017176733817905188,0.016989871859550476,0.2520701414263569
2024-10-21,fold_7,"Inflation bear, AI rally and 2025",0.015922091901302338,1,0.0010893935104832053,1,0.0010893935104832053,0.09633659354585689,,,,1,10.893935104832053,-0.009569508954882622,-4.0421302401227877e-05,0.015922091901302338,0.1432664185763382
2024-10-22,fold_7,"Inflation bear, AI rally and 2025",0.017187289893627167,1,-0.015442520380020142,-1,-0.015442520380020142,0.08089407316583674,,,,0,-154.42520380020142,-0.0076677389442920685,0.008432736620306969,0.017187289893627167,-2.05041872134211
2024-10-23,fold_7,"Inflation bear, AI rally and 2025",0.01789957284927368,1,0.008076177909970284,1,0.008076177909970284,0.08897025107580703,,,,1,80.76177909970284,-0.006863638758659363,0.016289012506604195,0.01789957284927368,0.975069619641989
2024-10-24,fold_7,"Inflation bear, AI rally and 2025",0.018395528197288513,1,0.006075136363506317,1,0.006075136363506317,0.09504538743931334,,,,1,60.75136363506317,-0.005938399583101273,-0.01735398918390274,0.018395528197288513,0.7310287339358255
2024-10-25,fold_7,"Inflation bear, AI rally and 2025",0.017290689051151276,1,0.00016139104263857007,1,0.00016139104263857007,0.09520677848195191,,,,1,1.6139104263857007,-0.0016809869557619095,-0.016057491302490234,0.017290689051151276,0.019379350634746075
2024-10-28,fold_7,"Inflation bear, AI rally and 2025",0.021419458091259003,1,0.00956255104392767,1,0.00956255104392767,0.10476932952587958,,,,1,95.6255104392767,-0.0070732757449150085,-0.019136182963848114,0.021419458091259003,1.1512792631994628
2024-10-29,fold_7,"Inflation bear, AI rally and 2025",0.021721303462982178,1,-0.007586243096739054,-1,-0.007586243096739054,0.09718308642914053,,,,0,-75.86243096739054,-0.004727628082036972,-0.016022659838199615,0.021721303462982178,-0.9503655323814653
2024-10-30,fold_7,"Inflation bear, AI rally and 2025",0.024022690951824188,1,-0.02556682378053665,-1,-0.02556682378053665,0.07161626264860388,,,,0,-255.66823780536652,-0.0056521594524383545,0.018364498391747475,0.024022690951824188,-3.135267415563969
2024-10-31,fold_7,"Inflation bear, AI rally and 2025",0.01906134933233261,1,0.007371632847934961,1,0.007371632847934961,0.07898789549653884,,,,1,73.71632847934961,0.0014101825654506683,0.05955290049314499,0.01906134933233261,0.7403067553257175
2024-11-01,fold_7,"Inflation bear, AI rally and 2025",0.02192835509777069,1,-0.0029172992799431086,-1,-0.0029172992799431086,0.07607059621659573,,,,0,-29.172992799431086,0.0009735003113746643,0.05334897339344025,0.02192835509777069,-0.29950634869518994
2024-11-04,fold_7,"Inflation bear, AI rally and 2025",0.019016951322555542,1,0.012676074169576168,1,0.012676074169576168,0.0887466703861719,,,,1,126.76074169576168,0.002001240849494934,0.055682770907878876,0.019016951322555542,1.3398945483494553
2024-11-05,fold_7,"Inflation bear, AI rally and 2025",0.019994691014289856,1,0.026800915598869324,1,0.026800915598869324,0.11554758598504122,,,,1,268.00915598869324,-0.006935782730579376,0.04119488596916199,0.019994691014289856,2.8808626073089583
2024-11-06,fold_7,"Inflation bear, AI rally and 2025",0.018059179186820984,1,0.015621576458215714,1,0.015621576458215714,0.13116916244325694,,,,1,156.21576458215714,-0.006351903080940247,0.01310655102133751,0.018059179186820984,1.4296840550942842
2024-11-07,fold_7,"Inflation bear, AI rally and 2025",0.017487362027168274,1,0.0011677085421979427,1,0.0011677085421979427,0.13233687098545488,,,,1,11.677085421979427,-0.00614546611905098,-0.00948903989046812,0.017487362027168274,0.10181834569816123
2024-11-08,fold_7,"Inflation bear, AI rally and 2025",0.013713933527469635,1,-0.0005835042102262378,-1,-0.0005835042102262378,0.13175336677522864,,,,0,-5.835042102262378,-0.008119996637105942,-0.034771133214235306,0.013713933527469635,-0.05088905969453027
2024-11-11,fold_7,"Inflation bear, AI rally and 2025",0.014433786273002625,1,-0.0018118094885721803,-1,-0.0018118094885721803,0.12994155728665646,,,,0,-18.118094885721803,-0.009709376841783524,-0.02726396732032299,0.014433786273002625,-0.16014334393689053
2024-11-12,fold_7,"Inflation bear, AI rally and 2025",0.016402333974838257,1,-0.0012874208623543382,-1,-0.0012874208623543382,0.12865413642430212,,,,0,-12.874208623543382,-0.009778405539691448,-0.018596025183796883,0.016402333974838257,-0.11796369941144873
2024-11-13,fold_7,"Inflation bear, AI rally and 2025",0.013204306364059448,1,-0.006974013987928629,-1,-0.006974013987928629,0.1216801224363735,,,,0,-69.74013987928629,-0.011373341083526611,-0.01788480579853058,0.013204306364059448,-0.6387942340020782
2024-11-14,fold_7,"Inflation bear, AI rally and 2025",0.01351369172334671,1,-0.02411438338458538,-1,-0.02411438338458538,0.09756573905178811,,,,0,-241.1438338458538,-0.00826597586274147,-0.00732002779841423,0.01351369172334671,-2.1868111876517204
2024-11-15,fold_7,"Inflation bear, AI rally and 2025",0.01186070591211319,1,0.006923658773303032,1,0.006923658773303032,0.10448939782509115,,,,1,69.23658773303032,-0.002926688641309738,0.018397189676761627,0.01186070591211319,0.5680860031384004
2024-11-18,fold_7,"Inflation bear, AI rally and 2025",0.01600465178489685,1,0.006856133230030537,1,0.006856133230030537,0.11134553105512168,,,,1,68.56133230030537,-0.001966029405593872,0.01305388379842043,0.01600465178489685,0.558401971919163
2024-11-19,fold_7,"Inflation bear, AI rally and 2025",0.01716466248035431,1,-0.0005762007203884423,-1,-0.0005762007203884423,0.11076933033473324,,,,0,-5.762007203884423,0.0010438021272420883,0.01155262440443039,0.01716466248035431,-0.046576442710721276
2024-11-20,fold_7,"Inflation bear, AI rally and 2025",0.01736275851726532,1,0.0035907637793570757,1,0.0035907637793570757,0.11436009411409032,,,,1,35.90763779357076,-0.0006378665566444397,0.0042242552153766155,0.01736275851726532,0.30225052300490235
2024-11-21,fold_7,"Inflation bear, AI rally and 2025",0.016891829669475555,1,0.0016028343234211206,1,0.0016028343234211206,0.11596292843751144,,,,1,16.028343234211206,-0.0023161061108112335,0.00938198808580637,0.016891829669475555,0.1361859766994263
2024-11-22,fold_7,"Inflation bear, AI rally and 2025",0.014749914407730103,1,0.0015803531277924776,1,0.0015803531277924776,0.11754328156530391,,,,1,15.803531277924776,-0.005020966753363609,0.01860809698700905,0.014749914407730103,0.13511581519797833
2024-11-25,fold_7,"Inflation bear, AI rally and 2025",0.015631727874279022,1,0.0053548733703792095,1,0.0053548733703792095,0.12289815493568312,,,,1,53.548733703792095,-0.005399663001298904,0.020089376717805862,0.015631727874279022,0.457620211764222
2024-11-26,fold_7,"Inflation bear, AI rally and 2025",0.017675869166851044,1,-0.007904569618403912,-1,-0.007904569618403912,0.11499358531727921,,,,0,-79.04569618403912,-0.006387300789356232,0.027021605521440506,0.017675869166851044,-0.6833908702918953
2024-11-27,fold_7,"Inflation bear, AI rally and 2025",0.018376491963863373,1,0.008748495951294899,1,0.008748495951294899,0.12374208126857411,,,,1,87.48495951294899,-0.0031395405530929565,0.03215114027261734,0.018376491963863373,0.7556567176370566
2024-11-29,fold_7,"Inflation bear, AI rally and 2025",0.015843898057937622,1,0.010828942991793156,1,0.010828942991793156,0.13457102426036727,,,,1,108.28942991793156,-0.00709880143404007,0.03231269493699074,0.015843898057937622,1.055899376910174
2024-12-02,fold_7,"Inflation bear, AI rally and 2025",0.011426515877246857,1,0.003061633324250579,1,0.003061633324250579,0.13763265758461785,,,,1,30.61633324250579,-0.006678517907857895,0.013665560632944107,0.011426515877246857,0.29416382393420215
2024-12-03,fold_7,"Inflation bear, AI rally and 2025",0.011795870959758759,1,0.01228710263967514,1,0.01228710263967514,0.14991976022429299,,,,1,122.8710263967514,-0.004458453506231308,0.007190646603703499,0.011795870959758759,1.180318253081192
2024-12-04,fold_7,"Inflation bear, AI rally and 2025",0.010377783328294754,1,-0.0027750355657190084,-1,-0.0027750355657190084,0.14714472465857398,,,,0,-27.750355657190084,-0.0038386285305023193,0.012647631578147411,0.010377783328294754,-0.2671733985316268
2024-12-05,fold_7,"Inflation bear, AI rally and 2025",0.009116541594266891,1,0.008910051546990871,1,0.008910051546990871,0.15605477620556485,,,,1,89.10051546990871,-0.0023720357567071915,0.008947910740971565,0.009116541594266891,1.0474948066388639
2024-12-06,fold_7,"Inflation bear, AI rally and 2025",0.009843014180660248,1,-0.007818191312253475,-1,-0.007818191312253475,0.14823658489331137,,,,0,-78.18191312253475,-0.000482708215713501,0.007663036696612835,0.009843014180660248,-0.9763530416449152
2024-12-09,fold_7,"Inflation bear, AI rally and 2025",0.010081682354211807,1,-0.0034132804721593857,-1,-0.0034132804721593857,0.144823304421152,,,,0,-34.13280472159386,0.00044362619519233704,0.029779212549328804,0.010081682354211807,-0.41666036610704454
2024-12-10,fold_7,"Inflation bear, AI rally and 2025",0.01124577596783638,1,0.017744088545441628,1,0.017744088545441628,0.16256739296659362,,,,1,177.44088545441628,-0.0005167573690414429,0.028778880834579468,0.01124577596783638,2.1569583437642637
2024-12-11,fold_7,"Inflation bear, AI rally and 2025",0.010899174958467484,1,-0.006474756635725498,-1,-0.006474756635725498,0.15609263633086812,,,,0,-64.74756635725498,-0.0008487161248922348,-0.025708824396133423,0.010899174958467484,-0.7096169509710132
2024-12-12,fold_7,"Inflation bear, AI rally and 2025",0.011710092425346375,1,0.007625177036970854,1,0.007625177036970854,0.16371781336783897,,,,1,76.25177036970854,-0.0016648415476083755,-0.023697493597865105,0.011710092425346375,0.8257751735954242
2024-12-13,fold_7,"Inflation bear, AI rally and 2025",0.01055435836315155,1,0.01429798360913992,1,0.01429798360913992,0.1780157969769789,,,,1,142.9798360913992,-0.0008486174046993256,-0.022628068923950195,0.01055435836315155,1.5441146298969766
2024-12-16,fold_7,"Inflation bear, AI rally and 2025",0.010150663554668427,1,-0.004413610324263573,-1,-0.004413610324263573,0.17360218665271532,,,,0,-44.13610324263573,-0.00019924156367778778,-0.02723037078976631,0.010150663554668427,-0.5396602766272658
2024-12-17,fold_7,"Inflation bear, AI rally and 2025",0.009917385876178741,1,-0.03674361854791641,-1,-0.03674361854791641,0.1368585681047989,,,,0,-367.4361854791641,2.2644177079200745e-05,-0.00934807863086462,0.009917385876178741,-4.541270883179465
2024-12-18,fold_7,"Inflation bear, AI rally and 2025",0.007046893239021301,1,-0.004463426768779755,-1,-0.004463426768779755,0.13239514133601915,,,,0,-44.634267687797546,0.012743465602397919,0.026716021820902824,0.007046893239021301,-0.39053926853043847
2024-12-19,fold_7,"Inflation bear, AI rally and 2025",0.009808685630559921,1,0.00869460217654705,1,0.00869460217654705,0.1410897435125662,,,,1,86.9460217654705,0.013089153915643692,0.017797116190195084,0.009808685630559921,0.7579205871356646
2024-12-20,fold_7,"Inflation bear, AI rally and 2025",0.014231018722057343,1,0.009695682674646378,1,0.009695682674646378,0.15078542618721258,,,,1,96.95682674646378,0.01129884272813797,-0.004286685958504677,0.014231018722057343,0.8352949709807537
2024-12-23,fold_7,"Inflation bear, AI rally and 2025",0.01675064116716385,1,0.013468680903315544,1,0.013468680903315544,0.16425410709052812,,,,1,134.68680903315544,0.010721642524003983,-0.02251328155398369,0.01675064116716385,1.1411439948871818
2024-12-24,fold_7,"Inflation bear, AI rally and 2025",0.015153251588344574,1,-0.000679517223034054,-1,-0.000679517223034054,0.16357458986749407,,,,0,-6.79517223034054,0.005027387291193008,-0.03793996945023537,0.015153251588344574,-0.05580862951838488
2024-12-26,fold_7,"Inflation bear, AI rally and 2025",0.010961402207612991,1,-0.01338233333081007,-1,-0.01338233333081007,0.150192256536684,,,,0,-133.8233333081007,-0.003247324377298355,-0.02102765068411827,0.010961402207612991,-1.104355311002339
2024-12-27,fold_7,"Inflation bear, AI rally and 2025",0.006991956382989883,1,-0.013389199040830135,-1,-0.013389199040830135,0.13680305749585386,,,,0,-133.89199040830135,-0.0027909129858016968,0.0037819980643689632,0.006991956382989883,-1.0836190505276386
2024-12-30,fold_7,"Inflation bear, AI rally and 2025",0.00926247239112854,1,-0.008530912920832634,-1,-0.008530912920832634,0.12827214457502123,,,,0,-85.30912920832634,0.003856683149933815,-0.0008342231158167124,0.00926247239112854,-0.6790967534261981
2024-12-31,fold_7,"Inflation bear, AI rally and 2025",0.013440683484077454,1,-0.001958006527274847,-1,-0.001958006527274847,0.12631413804774638,,,,0,-19.58006527274847,0.006802886724472046,0.007871338166296482,0.013440683484077454,-0.15697591873959477
2025-01-02,fold_7,"Inflation bear, AI rally and 2025",0.016746461391448975,1,0.016232801601290703,1,0.016232801601290703,0.14254693964903709,,,,1,162.32801601290703,0.00673578679561615,-0.005975963082164526,0.016746461391448975,1.302564693849145
2025-01-03,fold_7,"Inflation bear, AI rally and 2025",0.017896324396133423,1,0.011427314952015877,1,0.011427314952015877,0.15397425460105296,,,,1,114.27314952015877,0.0004784911870956421,-0.025427700951695442,0.017896324396133423,0.9007871628095191
2025-01-06,fold_7,"Inflation bear, AI rally and 2025",0.014778904616832733,1,-0.01800542138516903,-1,-0.01800542138516903,0.13596883321588393,,,,0,-180.0542138516903,-0.0015461184084415436,-0.037804875522851944,0.014778904616832733,-1.3929812999224083
2025-01-07,fold_7,"Inflation bear, AI rally and 2025",0.012499555945396423,1,0.00017464857955928892,1,0.00017464857955928892,0.13614348179544322,,,,1,1.7464857955928892,-0.0008567776530981064,0.0029459847137331963,0.012499555945396423,0.013042302412667819
2025-01-08,fold_7,"Inflation bear, AI rally and 2025",0.015155650675296783,1,-0.015805307775735855,-1,-0.015805307775735855,0.12033817401970737,,,,0,-158.05307775735855,-0.00400206446647644,-0.004259203560650349,0.015155650675296783,-1.1904829162064468
2025-01-10,fold_7,"Inflation bear, AI rally and 2025",0.01484294980764389,1,-0.0032189367339015007,-1,-0.0032189367339015007,0.11711923728580587,,,,0,-32.18936733901501,0.0006170459091663361,0.028283799067139626,0.01484294980764389,-0.23465888856546038
2025-01-13,fold_7,"Inflation bear, AI rally and 2025",0.015674971044063568,1,-0.0009498588042333722,-1,-0.0009498588042333722,0.1161693784815725,,,,0,-9.498588042333722,-0.0008545964956283569,0.03735056519508362,0.015674971044063568,-0.07222777190658458
2025-01-14,fold_7,"Inflation bear, AI rally and 2025",0.02022719383239746,1,0.022745439782738686,1,0.022745439782738686,0.13891481826431118,,,,1,227.45439782738686,-0.0009002313017845154,0.05100506544113159,0.02022719383239746,1.7399232613692317
2025-01-15,fold_7,"Inflation bear, AI rally and 2025",0.018837735056877136,1,-0.007030539680272341,-1,-0.007030539680272341,0.13188427858403884,,,,0,-70.30539680272341,-0.005573630332946777,0.030383583158254623,0.018837735056877136,-0.5049517597581288
2025-01-16,fold_7,"Inflation bear, AI rally and 2025",0.016120553016662598,1,0.016737693920731544,1,0.016737693920731544,0.14862197250477038,,,,1,167.37693920731544,-0.004880387336015701,0.03174690529704094,0.016120553016662598,1.2269209099107852
2025-01-17,fold_7,"Inflation bear, AI rally and 2025",0.011394843459129333,1,0.005847829394042492,1,0.005847829394042492,0.15446980189881288,,,,1,58.47829394042492,-0.006942044943571091,-0.014537647366523743,0.011394843459129333,0.4143973905147078
2025-01-21,fold_7,"Inflation bear, AI rally and 2025",0.014439292252063751,1,0.012704640626907349,1,0.012704640626907349,0.16717444252572022,,,,1,127.04640626907349,-0.0024590715765953064,-0.005713867023587227,0.014439292252063751,1.100211193259038
2025-01-22,fold_7,"Inflation bear, AI rally and 2025",0.011483989655971527,1,0.0021239574998617172,1,0.0021239574998617172,0.16929840002558194,,,,1,21.239574998617172,-0.005796130746603012,-0.02029821276664734,0.011483989655971527,0.1792397771662967
2025-01-23,fold_7,"Inflation bear, AI rally and 2025",0.011774946004152298,1,-0.005667216144502163,-1,-0.005667216144502163,0.16363118388107978,,,,0,-56.67216144502163,-0.005104765295982361,-0.018168844282627106,0.011774946004152298,-0.4844238379339672
2025-01-24,fold_7,"Inflation bear, AI rally and 2025",0.012652203440666199,1,-0.029546858742833138,-1,-0.029546858742833138,0.13408432513824664,,,,0,-295.4685874283314,-0.0049088578671216965,-0.013955770991742611,0.012652203440666199,-2.554659461653467
2025-01-27,fold_7,"Inflation bear, AI rally and 2025",0.0126652792096138,1,0.014671609736979008,1,0.014671609736979008,0.14875593487522565,,,,1,146.71609736979008,-0.0017189085483551025,0.007555878255516291,0.0126652792096138,1.1307622690069064
2025-01-28,fold_7,"Inflation bear, AI rally and 2025",0.01528044044971466,1,-0.0018797048833221197,-1,-0.0018797048833221197,0.14687622999190353,,,,0,-18.797048833221197,-0.0016416925936937332,0.00508470181375742,0.01528044044971466,-0.14046057405372117
2025-01-29,fold_7,"Inflation bear, AI rally and 2025",0.017730258405208588,1,0.004253325052559376,1,0.004253325052559376,0.1511295550444629,,,,1,42.53325052559376,-0.003739388659596443,0.011492137797176838,0.017730258405208588,0.3259162506482828
2025-01-30,fold_7,"Inflation bear, AI rally and 2025",0.0161428302526474,1,-0.0014541425043717027,-1,-0.0014541425043717027,0.1496754125400912,,,,0,-14.541425043717027,-0.004247803241014481,0.01244503352791071,0.0161428302526474,-0.11415912596668515
2025-01-31,fold_7,"Inflation bear, AI rally and 2025",0.016571782529354095,1,-0.008035209029912949,-1,-0.008035209029912949,0.14164020351017825,,,,0,-80.35209029912949,-0.004545200616121292,0.0012055110419169068,0.016571782529354095,-0.6377956415929221
2025-02-03,fold_7,"Inflation bear, AI rally and 2025",0.016769342124462128,1,0.01220043282955885,1,0.01220043282955885,0.1538406363397371,,,,1,122.0043282955885,-0.0011328011751174927,0.021273206919431686,0.016769342124462128,0.9592780334475167
2025-02-04,fold_7,"Inflation bear, AI rally and 2025",0.017704643309116364,1,0.004527731332927942,1,0.004527731332927942,0.15836836767266504,,,,1,45.27731332927942,-0.0011146198958158493,0.006689184810966253,0.017704643309116364,0.36248105051066565
2025-02-05,fold_7,"Inflation bear, AI rally and 2025",0.01751040667295456,1,0.00520622031763196,1,0.00520622031763196,0.163574587990297,,,,1,52.0622031763196,-0.00372956320643425,0.0027484078891575336,0.01751040667295456,0.424351776164534
2025-02-06,fold_7,"Inflation bear, AI rally and 2025",0.014049321413040161,1,-0.01269366405904293,-1,-0.01269366405904293,0.15088092393125407,,,,0,-126.9366405904293,-0.002780947834253311,0.011825453490018845,0.014049321413040161,-1.0898155390432156
2025-02-07,fold_7,"Inflation bear, AI rally and 2025",0.01373637467622757,1,0.012032486498355865,1,0.012032486498355865,0.16291341042960994,,,,1,120.32486498355865,-0.000829692929983139,0.028708897531032562,0.01373637467622757,1.0036834697670374
2025-02-10,fold_7,"Inflation bear, AI rally and 2025",0.011815827339887619,1,-0.002383588580414653,-1,-0.002383588580414653,0.1605298218491953,,,,0,-23.83588580414653,-0.005433741956949234,0.018940920010209084,0.011815827339887619,-0.20256088020514224
2025-02-11,fold_7,"Inflation bear, AI rally and 2025",0.011442821472883224,1,0.0005869545857422054,1,0.0005869545857422054,0.1611167764349375,,,,1,5.869545857422054,-0.005675172433257103,0.021602557972073555,0.011442821472883224,0.04992246657520241
2025-02-12,fold_7,"Inflation bear, AI rally and 2025",0.010688882321119308,1,0.014283265918493271,1,0.014283265918493271,0.17540004235343076,,,,1,142.8326591849327,-0.0073498692363500595,0.016762059181928635,0.010688882321119308,1.2149625157575195
2025-02-13,fold_7,"Inflation bear, AI rally and 2025",0.00996311753988266,1,0.004189779050648212,1,0.004189779050648212,0.17958982140407898,,,,1,41.897790506482124,-0.007368369027972221,-0.01849435083568096,0.00996311753988266,0.3784886720745663
2025-02-14,fold_7,"Inflation bear, AI rally and 2025",0.008920233696699142,1,0.002264508744701743,1,0.002264508744701743,0.18185433014878072,,,,1,22.64508744701743,-0.008951548486948013,-0.034558553248643875,0.008920233696699142,0.20591048791693217
2025-02-18,fold_7,"Inflation bear, AI rally and 2025",0.011794593185186386,1,0.0002780499344225973,1,0.0002780499344225973,0.18213238008320332,,,,1,2.780499344225973,-0.0063385628163814545,-0.049502383917570114,0.011794593185186386,0.02685567236901609
2025-02-19,fold_7,"Inflation bear, AI rally and 2025",0.011583063751459122,1,-0.00425354391336441,-1,-0.00425354391336441,0.1778788361698389,,,,0,-42.535439133644104,-0.00885035190731287,-0.04736772179603577,0.011583063751459122,-0.4141406173823227
2025-02-20,fold_7,"Inflation bear, AI rally and 2025",0.011008430272340775,1,-0.020973144099116325,-1,-0.020973144099116325,0.15690569207072258,,,,0,-209.73144099116325,-0.008293736726045609,-0.07127831876277924,0.011008430272340775,-2.115124717352403
2025-02-21,fold_7,"Inflation bear, AI rally and 2025",0.007910724729299545,1,-0.011874424293637276,-1,-0.011874424293637276,0.1450312677770853,,,,0,-118.74424293637276,-0.0004664454609155655,-0.03463706746697426,0.007910724729299545,-1.083570530091159
2025-02-24,fold_7,"Inflation bear, AI rally and 2025",0.009923551231622696,1,-0.012679321691393852,-1,-0.012679321691393852,0.13235194608569145,,,,0,-126.79321691393852,0.005905762314796448,-0.04488817974925041,0.009923551231622696,-1.1316524071712148
2025-02-25,fold_7,"Inflation bear, AI rally and 2025",0.014400854706764221,1,0.002412711502984166,1,0.002412711502984166,0.13476465758867562,,,,1,24.12711502984166,0.009033016860485077,-0.035231202840805054,0.014400854706764221,0.2544313760054517
2025-02-26,fold_7,"Inflation bear, AI rally and 2025",0.01522216945886612,1,-0.02816414088010788,-1,-0.02816414088010788,0.10660051670856774,,,,0,-281.6414088010788,0.011019017547369003,-0.02469206415116787,0.01522216945886612,-3.1597074203238327
2025-02-27,fold_7,"Inflation bear, AI rally and 2025",0.015430711209774017,1,0.015668107196688652,1,0.015668107196688652,0.12226862390525639,,,,1,156.68107196688652,0.010808542370796204,-0.02442282810807228,0.015430711209774017,1.436683933453293
2025-02-28,fold_7,"Inflation bear, AI rally and 2025",0.016702942550182343,1,-0.02212553843855858,-1,-0.02212553843855858,0.10014308546669781,,,,0,-221.25538438558578,0.009222947061061859,-0.0327642448246479,0.016702942550182343,-1.9382641638574425
2025-03-03,fold_7,"Inflation bear, AI rally and 2025",0.017762720584869385,1,-0.0030223436187952757,-1,-0.0030223436187952757,0.09712074184790254,,,,0,-30.223436187952757,0.016726430505514145,-0.05016609653830528,0.017762720584869385,-0.2430142505803539
2025-03-04,fold_7,"Inflation bear, AI rally and 2025",0.014853745698928833,1,0.012951849959790707,1,0.012951849959790707,0.11007259180769324,,,,1,129.51849959790707,0.015014968812465668,-0.04953701049089432,0.014853745698928833,1.0508624067943906
2025-03-05,fold_7,"Inflation bear, AI rally and 2025",0.0179608017206192,1,-0.02789490483701229,-1,-0.02789490483701229,0.08217768697068095,,,,0,-278.9490483701229,0.011602185666561127,-0.05127124860882759,0.0179608017206192,-2.2562760531011747
2025-03-06,fold_7,"Inflation bear, AI rally and 2025",0.01692437380552292,1,0.007326692808419466,1,0.007326692808419466,0.08950437977910042,,,,1,73.26692808419466,0.015414267778396606,-0.04153061285614967,0.01692437380552292,0.530514293447537
2025-03-07,fold_7,"Inflation bear, AI rally and 2025",0.018612243235111237,1,-0.039527393877506256,-1,-0.039527393877506256,0.04997698590159416,,,,0,-395.27393877506256,0.011733748018741608,-0.024974392727017403,0.018612243235111237,-2.8521982387636458
2025-03-10,fold_7,"Inflation bear, AI rally and 2025",0.01441972702741623,1,-0.002393258037045598,-1,-0.002393258037045598,0.047583727864548564,,,,0,-23.93258037045598,0.017102636396884918,0.021015793085098267,0.01441972702741623,-0.14782092154955517
2025-03-11,fold_7,"Inflation bear, AI rally and 2025",0.014054134488105774,1,0.011217612773180008,1,0.011217612773180008,0.05880134063772857,,,,1,112.17612773180008,0.01408146321773529,0.0062147388234734535,0.014054134488105774,0.7022379003606621
2025-03-12,fold_7,"Inflation bear, AI rally and 2025",0.015708565711975098,1,-0.018154267221689224,-1,-0.018154267221689224,0.04064707341603935,,,,0,-181.54267221689224,0.01653231307864189,0.008289692923426628,0.015708565711975098,-1.1233351275181127
2025-03-13,fold_7,"Inflation bear, AI rally and 2025",0.011989332735538483,1,0.0238829106092453,1,0.0238829106092453,0.06452998402528465,,,,1,238.829106092453,0.01740313693881035,0.023048678413033485,0.011989332735538483,1.433327728065527
2025-03-14,fold_7,"Inflation bear, AI rally and 2025",0.014000631868839264,1,0.006462794728577137,1,0.006462794728577137,0.07099277875386178,,,,1,64.62794728577137,0.01375965029001236,0.002457075286656618,0.014000631868839264,0.3756676896084284
2025-03-17,fold_7,"Inflation bear, AI rally and 2025",0.008914921432733536,1,-0.017194312065839767,-1,-0.017194312065839767,0.05379846668802202,,,,0,-171.94312065839767,0.00925719365477562,0.017701327800750732,0.008914921432733536,-0.997428633637089
2025-03-18,fold_7,"Inflation bear, AI rally and 2025",0.006346102803945541,1,0.013292566873133183,1,0.013292566873133183,0.0670910335611552,,,,1,132.92566873133183,0.013327531516551971,0.040585990995168686,0.006346102803945541,0.7529097085664618
2025-03-19,fold_7,"Inflation bear, AI rally and 2025",0.007040787488222122,1,-0.0033952805679291487,-1,-0.0033952805679291487,0.06369575299322605,,,,0,-33.95280567929149,0.005110384896397591,0.00872135628014803,0.007040787488222122,-0.189645777621097
2025-03-20,fold_7,"Inflation bear, AI rally and 2025",0.005141850560903549,1,0.0032913063187152147,1,0.0032913063187152147,0.06698705931194127,,,,1,32.91306318715215,0.004026681184768677,0.006402337457984686,0.005141850560903549,0.18393242786491146
2025-03-21,fold_7,"Inflation bear, AI rally and 2025",0.0027282536029815674,1,0.021707046777009964,1,0.021707046777009964,0.08869410608895123,,,,1,217.07046777009964,0.0013635363429784775,-0.023569578304886818,0.0027282536029815674,1.2558823168990274
2025-03-24,fold_7,"Inflation bear, AI rally and 2025",0.005284801125526428,1,0.005690351594239473,1,0.005690351594239473,0.0943844576831907,,,,1,56.90351594239473,-0.007014203816652298,-0.04531926289200783,0.005284801125526428,0.32048442258407656
2025-03-25,fold_7,"Inflation bear, AI rally and 2025",0.005160357803106308,1,-0.018572067841887474,-1,-0.018572067841887474,0.07581238984130323,,,,0,-185.72067841887474,-0.009261799976229668,-0.04298087954521179,0.005160357803106308,-1.0568059807657881
2025-03-26,fold_7,"Inflation bear, AI rally and 2025",0.00423339381814003,1,-0.005714299622923136,-1,-0.005714299622923136,0.0700980902183801,,,,0,-57.14299622923136,-0.004784023389220238,-0.017136819660663605,0.00423339381814003,-0.3165865709902819
2025-03-27,fold_7,"Inflation bear, AI rally and 2025",0.0049974918365478516,1,-0.026680609211325645,-1,-0.026680609211325645,0.04341748100705445,,,,0,-266.80609211325645,-0.004755910485982895,-0.06644228845834732,0.0049974918365478516,-1.5728139846911706
2025-03-28,fold_7,"Inflation bear, AI rally and 2025",0.009020891040563583,1,-4.263700975570828e-05,-1,-4.263700975570828e-05,0.04337484399729874,,,,0,-0.4263700975570828,0.0034546013921499252,-0.10388310998678207,0.009020891040563583,-0.002417402521640605
2025-03-31,fold_7,"Inflation bear, AI rally and 2025",0.01128312200307846,1,0.008028735406696796,1,0.008028735406696796,0.051403579403995536,,,,1,80.28735406696796,0.005153127014636993,-0.10143010318279266,0.01128312200307846,0.4742472209972108
2025-04-01,fold_7,"Inflation bear, AI rally and 2025",0.014304108917713165,1,0.007271991111338139,1,0.007271991111338139,0.058675570515333675,,,,1,72.71991111338139,0.009106829762458801,-0.12763145565986633,0.014304108917713165,0.42748922377433163
2025-04-02,fold_7,"Inflation bear, AI rally and 2025",0.014548569917678833,1,-0.055019769817590714,-1,-0.055019769817590714,0.0036558006977429613,,,,0,-550.1976981759071,0.006745044142007828,-0.021547358483076096,0.014548569917678833,-3.2669603826950797
2025-04-03,fold_7,"Inflation bear, AI rally and 2025",0.009696412831544876,1,-0.06412143260240555,-1,-0.06412143260240555,-0.06046563190466259,,,,0,-641.2143260240555,0.013176940381526947,-0.009990752674639225,0.009696412831544876,-3.2218939204937738
2025-04-04,fold_7,"Inflation bear, AI rally and 2025",0.006659913808107376,1,0.0024103696923702955,1,0.0024103696923702955,-0.05805526221229229,,,,1,24.103696923702955,0.01641351729631424,0.07238619029521942,0.006659913808107376,0.09848710582561052
2025-04-07,fold_7,"Inflation bear, AI rally and 2025",0.006478391587734222,1,-0.01817261427640915,-1,-0.01817261427640915,-0.07622787648870144,,,,0,-181.7261427640915,0.027129512280225754,0.0767311081290245,0.006478391587734222,-0.796046233471477
2025-04-08,fold_7,"Inflation bear, AI rally and 2025",0.010471321642398834,1,0.1133560836315155,1,0.1133560836315155,0.03712820714281406,,,,1,1133.560836315155,0.02946557104587555,0.09601788967847824,0.010471321642398834,4.889990120928103
2025-04-09,fold_7,"Inflation bear, AI rally and 2025",0.01713106781244278,1,-0.04346316307783127,-1,-0.04346316307783127,-0.006334955935017206,,,,0,-434.6316307783127,0.009183045476675034,-0.0479557141661644,0.01713106781244278,-1.2687291452129743
2025-04-10,fold_7,"Inflation bear, AI rally and 2025",0.007965080440044403,1,0.01825551502406597,1,0.01825551502406597,0.011920559089048766,,,,1,182.5551502406597,0.01895780861377716,-0.004672687966376543,0.007965080440044403,0.5160277596305618
2025-04-11,fold_7,"Inflation bear, AI rally and 2025",0.0055143386125564575,1,0.006755282171070576,1,0.006755282171070576,0.01867584126011934,,,,1,67.55282171070576,0.009551219642162323,-0.04798625782132149,0.0055143386125564575,0.19186220783259403
2025-04-14,fold_7,"Inflation bear, AI rally and 2025",0.0033108219504356384,1,0.0011141699505969882,1,0.0011141699505969882,0.01979001121071633,,,,1,11.141699505969882,0.0125877745449543,-0.028828177601099014,0.0033108219504356384,0.0316419716434806
2025-04-15,fold_7,"Inflation bear, AI rally and 2025",0.0022865720093250275,1,-0.030617518350481987,-1,-0.030617518350481987,-0.010827507139765657,,,,0,-306.17518350481987,0.01219012588262558,-0.007517511025071144,0.0022865720093250275,-0.8747330783313502
2025-04-16,fold_7,"Inflation bear, AI rally and 2025",0.007850192487239838,1,-0.00018013635417446494,-1,-0.00018013635417446494,-0.011007643493940122,,,,0,-1.8013635417446494,0.010963663458824158,0.05084860697388649,0.007850192487239838,-0.005068363389150477
2025-04-17,fold_7,"Inflation bear, AI rally and 2025",0.009074244648218155,1,-0.02505805715918541,-1,-0.02505805715918541,-0.03606570065312553,,,,0,-250.5805715918541,0.0064934901893138885,0.06211496889591217,0.009074244648218155,-0.7052004373844853
2025-04-21,fold_7,"Inflation bear, AI rally and 2025",0.009875491261482239,1,0.025913363322615623,1,0.025913363322615623,-0.010152337330509908,,,,1,259.13363322615623,0.01125343143939972,0.08685559034347534,0.009875491261482239,0.720520723984611
2025-04-22,fold_7,"Inflation bear, AI rally and 2025",0.015398330986499786,1,0.022424837574362755,1,0.022424837574362755,0.012272500243852846,,,,1,224.24837574362755,0.010551661252975464,0.06752496212720871,0.015398330986499786,0.6211222406699431
2025-04-23,fold_7,"Inflation bear, AI rally and 2025",0.009915750473737717,1,0.027748601511120796,1,0.027748601511120796,0.04002110175497364,,,,1,277.48601511120796,0.0024318546056747437,0.04497391730546951,0.009915750473737717,0.7617366307611424
2025-04-24,fold_7,"Inflation bear, AI rally and 2025",0.0038498155772686005,1,0.01108622271567583,1,0.01108622271567583,0.05110732447064947,,,,1,110.86222715675831,-0.0010725464671850204,0.03020145744085312,0.0038498155772686005,0.30192364164997343
2025-04-25,fold_7,"Inflation bear, AI rally and 2025",0.004522383213043213,1,-0.00031743646832183003,-1,-0.00031743646832183003,0.05078988800232764,,,,0,-3.1743646832183003,-0.002210058271884918,0.03385004773736,0.004522383213043213,-0.008630674926025761
2025-04-28,fold_7,"Inflation bear, AI rally and 2025",0.004674792289733887,1,0.0065827397629618645,1,0.0065827397629618645,0.05737262776528951,,,,1,65.82739762961864,-0.007446397095918655,0.028217311948537827,0.004674792289733887,0.18137760637662514
2025-04-29,fold_7,"Inflation bear, AI rally and 2025",0.007500670850276947,1,-0.00012620817869901657,-1,-0.00012620817869901657,0.05724641958659049,,,,0,-1.2620817869901657,-0.007766544818878174,0.012289345264434814,0.007500670850276947,-0.0034746220771629953
2025-04-30,fold_7,"Inflation bear, AI rally and 2025",0.004670295864343643,1,0.012976137921214104,1,0.012976137921214104,0.0702225575078046,,,,1,129.76137921214104,-0.010508041828870773,0.01633375883102417,0.004670295864343643,0.35768155522795286
2025-05-01,fold_7,"Inflation bear, AI rally and 2025",0.004113912582397461,1,0.014734814874827862,1,0.014734814874827862,0.08495737238263246,,,,1,147.34814874827862,-0.014662553556263447,0.013629618100821972,0.004113912582397461,0.40527054453153283
2025-05-02,fold_7,"Inflation bear, AI rally and 2025",0.007213961333036423,1,-0.005950172431766987,-1,-0.005950172431766987,0.07900719995086547,,,,0,-59.50172431766987,-0.015280994586646557,-0.0017607435584068298,0.007213961333036423,-0.17311363003944677
2025-05-05,fold_7,"Inflation bear, AI rally and 2025",0.009340070188045502,1,-0.009345225989818573,-1,-0.009345225989818573,0.0696619739610469,,,,0,-93.45225989818573,-0.012401454150676727,0.0441216379404068,0.009340070188045502,-0.29888984103191907
2025-05-06,fold_7,"Inflation bear, AI rally and 2025",0.00888456404209137,1,0.003918205387890339,1,0.003918205387890339,0.07358017934893724,,,,1,39.18205387890339,-0.012157176621258259,0.06859263777732849,0.00888456404209137,0.1250561344734105
2025-05-07,fold_7,"Inflation bear, AI rally and 2025",0.005861692130565643,1,0.010271997191011906,1,0.010271997191011906,0.08385217653994914,,,,1,102.71997191011906,-0.020611826330423355,0.07064971327781677,0.005861692130565643,0.3305092844591725
2025-05-08,fold_7,"Inflation bear, AI rally and 2025",0.006133362650871277,1,-0.00065554742468521,-1,-0.00065554742468521,0.08319662911526393,,,,0,-6.5554742468521,-0.015490962192416191,0.06147606670856476,0.006133362650871277,-0.036156972066067466
2025-05-09,fold_7,"Inflation bear, AI rally and 2025",0.010609101504087448,1,0.03993220627307892,1,0.03993220627307892,0.12312883538834285,,,,1,399.3220627307892,-0.012088505551218987,0.06647443026304245,0.010609101504087448,2.6088471223946046
2025-05-12,fold_7,"Inflation bear, AI rally and 2025",0.006503768265247345,1,0.01512577198445797,1,0.01512577198445797,0.13825460737280082,,,,1,151.2577198445797,-0.012002529576420784,0.027500687167048454,0.006503768265247345,0.8771644078400747
2025-05-13,fold_7,"Inflation bear, AI rally and 2025",0.009514044970273972,1,0.005975283216685057,1,0.005975283216685057,0.14422989058948588,,,,1,59.75283216685057,-0.012276344001293182,0.009036059491336346,0.009514044970273972,0.34129920720393586
2025-05-14,fold_7,"Inflation bear, AI rally and 2025",0.008621521294116974,1,0.0010983524844050407,1,0.0010983524844050407,0.14532824307389092,,,,1,10.983524844050407,-0.007717154920101166,-0.010933410376310349,0.008621521294116974,0.06256064208819194
2025-05-15,fold_7,"Inflation bear, AI rally and 2025",0.008805360645055771,1,0.004342813044786453,1,0.004342813044786453,0.14967105611867737,,,,1,43.42813044786453,-0.006337560713291168,-0.010162297636270523,0.008805360645055771,0.26859577139762664
2025-05-16,fold_7,"Inflation bear, AI rally and 2025",0.007972527295351028,1,0.0009584668441675603,1,0.0009584668441675603,0.15062952296284493,,,,1,9.584668441675603,-0.006188735365867615,-0.023808997124433517,0.007972527295351028,0.059173135968984825
2025-05-19,fold_7,"Inflation bear, AI rally and 2025",0.01012735441327095,1,-0.00333885638974607,-1,-0.00333885638974607,0.14729066657309886,,,,0,-33.3885638974607,-0.008526738733053207,-0.0015147612430155277,0.01012735441327095,-0.21967344676553358
2025-05-20,fold_7,"Inflation bear, AI rally and 2025",0.011303499341011047,1,-0.01399418618530035,-1,-0.01399418618530035,0.1332964803877985,,,,0,-139.9418618530035,-0.008204294368624687,-0.002617579186335206,0.011303499341011047,-0.9945301163410145
2025-05-21,fold_7,"Inflation bear, AI rally and 2025",0.01153424009680748,1,0.0018694656901061535,1,0.0018694656901061535,0.13516594607790466,,,,1,18.694656901061535,-0.007847053930163383,0.013340315781533718,0.01153424009680748,0.13832889935319634
2025-05-22,fold_7,"Inflation bear, AI rally and 2025",0.011519908905029297,1,-0.009303887374699116,-1,-0.009303887374699116,0.12586205870320555,,,,0,-93.03887374699116,-0.00554848276078701,0.009892607107758522,0.011519908905029297,-0.774461020632546
2025-05-23,fold_7,"Inflation bear, AI rally and 2025",0.01594434678554535,1,0.0232527032494545,1,0.0232527032494545,0.14911476195266005,,,,1,232.52703249454498,-0.0005546770989894867,0.027063505724072456,0.01594434678554535,1.9478699600537477
2025-05-27,fold_7,"Inflation bear, AI rally and 2025",0.015252955257892609,1,-0.004441674333065748,-1,-0.004441674333065748,0.1446730876195943,,,,0,-44.41674333065748,-0.0077105797827243805,0.011597446165978909,0.015252955257892609,-0.34112939391963787
2025-05-28,fold_7,"Inflation bear, AI rally and 2025",0.013372540473937988,1,0.0019637085497379303,1,0.0019637085497379303,0.14663679616933223,,,,1,19.637085497379303,-0.009003457613289356,0.018823090940713882,0.013372540473937988,0.15134440968446183
2025-05-29,fold_7,"Inflation bear, AI rally and 2025",0.013365477323532104,1,-0.0015782431000843644,-1,-0.0015782431000843644,0.14505855306924786,,,,0,-15.782431000843644,-0.012542218901216984,0.009304034523665905,0.013365477323532104,-0.12156701262634625
2025-05-30,fold_7,"Inflation bear, AI rally and 2025",0.014795877039432526,1,0.007867010310292244,1,0.007867010310292244,0.1529255633795401,,,,1,78.67010310292244,-0.010679062455892563,0.02061014249920845,0.014795877039432526,0.62145509353276
2025-06-02,fold_7,"Inflation bear, AI rally and 2025",0.015187650918960571,1,0.007786644622683525,1,0.007786644622683525,0.16071220800222363,,,,1,77.86644622683525,-0.012642300687730312,0.014214090071618557,0.015187650918960571,0.630565866011398
2025-06-03,fold_7,"Inflation bear, AI rally and 2025",0.01439625769853592,1,0.0027839706744998693,1,0.0027839706744998693,0.1634961786767235,,,,1,27.839706744998693,-0.015044420957565308,0.013019595295190811,0.01439625769853592,0.22452047709836354
2025-06-04,fold_7,"Inflation bear, AI rally and 2025",0.011183742433786392,1,-0.0075553483329713345,-1,-0.0075553483329713345,0.15594083034375217,,,,0,-75.55348332971334,-0.01602032780647278,0.006860374938696623,0.011183742433786392,-0.617361654631516
2025-06-05,fold_7,"Inflation bear, AI rally and 2025",0.011392030864953995,1,0.009727864526212215,1,0.009727864526212215,0.16566869486996438,,,,1,97.27864526212215,-0.012071287259459496,0.01676086150109768,0.011392030864953995,0.7894022209341992
2025-06-06,fold_7,"Inflation bear, AI rally and 2025",0.011654376983642578,1,0.001470958348363638,1,0.001470958348363638,0.16713965321832802,,,,1,14.70958348363638,-0.013225547969341278,-0.00560140423476696,0.011654376983642578,0.11958058444466334
2025-06-09,fold_7,"Inflation bear, AI rally and 2025",0.011738501489162445,1,0.006592150311917067,1,0.006592150311917067,0.1737318035302451,,,,1,65.92150311917067,-0.0136573426425457,0.0067417314276099205,0.011738501489162445,0.5357510440066177
2025-06-10,fold_7,"Inflation bear, AI rally and 2025",0.012782588601112366,1,-0.003375249681994319,-1,-0.003375249681994319,0.17035655384825077,,,,0,-33.75249681994319,-0.012904442846775055,-0.009649480693042278,0.012782588601112366,-0.3927775601112056
2025-06-11,fold_7,"Inflation bear, AI rally and 2025",0.013087153434753418,1,0.002345137996599078,1,0.002345137996599078,0.17270169184484985,,,,1,23.451379965990782,-0.012564854696393013,-0.0064444150775671005,0.013087153434753418,0.2955188983284086
2025-06-12,fold_7,"Inflation bear, AI rally and 2025",0.012518182396888733,1,-0.012634401209652424,-1,-0.012634401209652424,0.16006729063519742,,,,0,-126.34401209652424,-0.011637257412075996,-0.012881052680313587,0.012518182396888733,-1.6115450914958678
2025-06-13,fold_7,"Inflation bear, AI rally and 2025",0.010861653834581375,1,0.013814094476401806,1,0.013814094476401806,0.17388138511159923,,,,1,138.14094476401806,-0.00944049097597599,0.009983260184526443,0.010861653834581375,1.658394163013713
2025-06-16,fold_7,"Inflation bear, AI rally and 2025",0.010706640779972076,1,-0.00979906227439642,-1,-0.00979906227439642,0.1640823228372028,,,,0,-97.9906227439642,-0.012960242107510567,0.011345419101417065,0.010706640779972076,-1.109638710114522
2025-06-17,fold_7,"Inflation bear, AI rally and 2025",0.00912051647901535,1,-0.00017018403741531074,-1,-0.00017018403741531074,0.1639121387997875,,,,0,-1.7018403741531074,-0.007350767031311989,0.02369767054915428,0.00912051647901535,-0.018709541966715384
2025-06-18,fold_7,"Inflation bear, AI rally and 2025",0.01185702532529831,1,-0.004091499838978052,-1,-0.004091499838978052,0.15982063896080945,,,,0,-40.91499838978052,-0.008352318778634071,0.03317466005682945,0.01185702532529831,-0.45132657086905426
2025-06-20,fold_7,"Inflation bear, AI rally and 2025",0.010367348790168762,1,0.010229912586510181,1,0.010229912586510181,0.17005055154731963,,,,1,102.29912586510181,-0.006436247378587723,0.04068398103117943,0.010367348790168762,1.1954519155541303
2025-06-23,fold_7,"Inflation bear, AI rally and 2025",0.015204794704914093,1,0.015176253393292427,1,0.015176253393292427,0.18522680494061206,,,,1,151.76253393292427,-0.006848955526947975,0.03691010922193527,0.015204794704914093,1.7152282168837871
2025-06-24,fold_7,"Inflation bear, AI rally and 2025",0.015177153050899506,1,0.002553190104663372,1,0.002553190104663372,0.18777999504527543,,,,1,25.53190104663372,-0.00726260244846344,0.01326880045235157,0.015177153050899506,0.2761633476020483
2025-06-25,fold_7,"Inflation bear, AI rally and 2025",0.014037445187568665,1,0.009306803345680237,1,0.009306803345680237,0.19708679839095566,,,,1,93.06803345680237,-0.0074945613741874695,0.0176568441092968,0.014037445187568665,1.2140570495435146
2025-06-26,fold_7,"Inflation bear, AI rally and 2025",0.012289151549339294,1,0.0034178236965090036,1,0.0034178236965090036,0.20050462208746467,,,,1,34.178236965090036,-0.006272545084357262,0.018142199143767357,0.012289151549339294,0.4336796183005765
2025-06-27,fold_7,"Inflation bear, AI rally and 2025",0.011789560317993164,1,0.006456038448959589,1,0.006456038448959589,0.20696066053642426,,,,1,64.56038448959589,-0.006276862695813179,0.007162868976593018,0.011789560317993164,0.8166233479195625
2025-06-30,fold_7,"Inflation bear, AI rally and 2025",0.012022733688354492,1,-0.008465055376291275,-1,-0.008465055376291275,0.19849560516013298,,,,0,-84.65055376291275,-0.008435722440481186,0.0012683197855949402,0.012022733688354492,-1.0543437575637744
2025-07-01,fold_7,"Inflation bear, AI rally and 2025",0.012741170823574066,1,0.006941234227269888,1,0.006941234227269888,0.20543683938740287,,,,1,69.41234227269888,-0.008652346208691597,0.016787249594926834,0.012741170823574066,0.8612915520447721
2025-07-02,fold_7,"Inflation bear, AI rally and 2025",0.01067512109875679,1,0.009792158380150795,1,0.009792158380150795,0.21522899776755366,,,,1,97.92158380150795,-0.01009618304669857,0.00840685609728098,0.01067512109875679,1.2209093004921368
2025-07-03,fold_7,"Inflation bear, AI rally and 2025",0.01170632615685463,1,-0.007561507169157267,-1,-0.007561507169157267,0.2076674905983964,,,,0,-75.61507169157267,-0.010142484679818153,-0.003638129448518157,0.01170632615685463,-0.912062731944434
2025-07-07,fold_7,"Inflation bear, AI rally and 2025",0.011369440704584122,1,0.0005614891997538507,1,0.0005614891997538507,0.20822897979815025,,,,1,5.614891997538507,-0.011584440246224403,0.007543554063886404,0.011369440704584122,0.06772407021490523
2025-07-08,fold_7,"Inflation bear, AI rally and 2025",0.014437586069107056,1,0.007053874898701906,1,0.007053874898701906,0.21528285469685216,,,,1,70.53874898701906,-0.012276150286197662,0.007898572832345963,0.014437586069107056,0.8815816587750563
2025-07-09,fold_7,"Inflation bear, AI rally and 2025",0.016377806663513184,1,-0.0014391591539606452,-1,-0.0014391591539606452,0.2138436955428915,,,,0,-14.391591539606452,-0.014301355928182602,0.0018679917557165027,0.016377806663513184,-0.17661141588879875
2025-07-10,fold_7,"Inflation bear, AI rally and 2025",0.016356952488422394,1,-0.0022528269328176975,-1,-0.0022528269328176975,0.2115908686100738,,,,0,-22.528269328176975,-0.014053801074624062,0.011367371305823326,0.016356952488422394,-0.2808745383451295
2025-07-11,fold_7,"Inflation bear, AI rally and 2025",0.015172034502029419,1,0.003620176576077938,1,0.003620176576077938,0.21521104518615175,,,,1,36.20176576077938,-0.014730248600244522,0.012658500112593174,0.015172034502029419,0.4524629565912329
2025-07-14,fold_7,"Inflation bear, AI rally and 2025",0.016465269029140472,1,0.0009165076771751046,1,0.0009165076771751046,0.21612755286332686,,,,1,9.165076771751046,-0.01608860306441784,0.014209684915840626,0.016465269029140472,0.11420975350014795
2025-07-15,fold_7,"Inflation bear, AI rally and 2025",0.017541907727718353,1,0.0010232938220724463,1,0.0010232938220724463,0.2171508466853993,,,,1,10.232938220724463,-0.010368000715970993,0.008103914558887482,0.017541907727718353,0.13618806482870882
2025-07-16,fold_7,"Inflation bear, AI rally and 2025",0.020552828907966614,1,0.008060220628976822,1,0.008060220628976822,0.22521106731437612,,,,1,80.60220628976822,-0.007891818881034851,0.011631511151790619,0.020552828907966614,1.1760979880152769
2025-07-17,fold_7,"Inflation bear, AI rally and 2025",0.016955770552158356,1,-0.0009616987663321197,-1,-0.0009616987663321197,0.224249368548044,,,,0,-9.616987663321197,-0.006335509940981865,0.005697506945580244,0.016955770552158356,-0.14270382450815308
2025-07-18,fold_7,"Inflation bear, AI rally and 2025",0.015595532953739166,1,0.005171361844986677,1,0.005171361844986677,0.22942073039303068,,,,1,51.71361844986677,-0.0074892546981573105,0.00906337145715952,0.015595532953739166,0.7669859185624802
2025-07-21,fold_7,"Inflation bear, AI rally and 2025",0.01392313838005066,1,-0.005189262330532074,-1,-0.005189262330532074,0.2242314680624986,,,,0,-51.89262330532074,-0.009067678824067116,0.007012150716036558,0.01392313838005066,-0.7654419130645659
2025-07-22,fold_7,"Inflation bear, AI rally and 2025",0.016320548951625824,1,0.004550890065729618,1,0.004550890065729618,0.22878235812822822,,,,1,45.50890065729618,-0.010762509889900684,0.0106513611972332,0.016320548951625824,0.7015949302939439
2025-07-23,fold_7,"Inflation bear, AI rally and 2025",0.015312187373638153,1,0.0021262161899358034,1,0.0021262161899358034,0.23090857431816403,,,,1,21.262161899358034,-0.013594423420727253,0.007439480163156986,0.015312187373638153,0.37827171020139594
2025-07-24,fold_7,"Inflation bear, AI rally and 2025",0.014726877212524414,1,0.002404165454208851,1,0.002404165454208851,0.23331273977237288,,,,1,24.04165454208851,-0.012285214848816395,0.0,0.014726877212524414,0.4283990359534204
2025-07-25,fold_7,"Inflation bear, AI rally and 2025",0.01628372073173523,1,0.0031201415695250034,1,0.0031201415695250034,0.23643288134189788,,,,1,31.201415695250034,-0.014768511056900024,-0.022299613803625107,0.01628372073173523,0.595502653685041
2025-07-28,fold_7,"Inflation bear, AI rally and 2025",0.016542278230190277,1,-0.0015500520821660757,-1,-0.0015500520821660757,0.2348828292597318,,,,0,-15.500520821660757,-0.01590142771601677,-0.007136274129152298,0.016542278230190277,-0.2963649319322456
2025-07-29,fold_7,"Inflation bear, AI rally and 2025",0.017199650406837463,1,0.001339009148068726,1,0.001339009148068726,0.23622183840780053,,,,1,13.39009148068726,-0.013453416526317596,-0.012398889288306236,0.017199650406837463,0.26573052952608295
2025-07-30,fold_7,"Inflation bear, AI rally and 2025",0.016351141035556793,1,-0.005313263740390539,-1,-0.005313263740390539,0.23090857466741,,,,0,-53.13263740390539,-0.01065684761852026,-0.0012331786565482616,0.016351141035556793,-1.1354257306530724
2025-07-31,fold_7,"Inflation bear, AI rally and 2025",0.01032739132642746,1,-0.01989544928073883,-1,-0.01989544928073883,0.21101312538667116,,,,0,-198.9544928073883,-6.651878356933594e-05,0.00745871476829052,0.01032739132642746,-4.351860117887104
2025-08-01,fold_7,"Inflation bear, AI rally and 2025",0.010532040148973465,1,0.018283480778336525,1,0.018283480778336525,0.2292966061650077,,,,1,182.83480778336525,0.011093337088823318,0.03663913160562515,0.010532040148973465,3.051587052731937
2025-08-04,fold_7,"Inflation bear, AI rally and 2025",0.011705413460731506,1,-0.006812667474150658,-1,-0.006812667474150658,0.22248393869085703,,,,0,-68.12667474150658,0.007409632205963135,0.015392293222248554,0.011705413460731506,-0.9658439511808814
2025-08-05,fold_7,"Inflation bear, AI rally and 2025",0.014149941504001617,1,0.012504720129072666,1,0.012504720129072666,0.2349886588199297,,,,1,125.04720129072666,0.010621480643749237,0.03469543159008026,0.014149941504001617,1.7331264565623796
2025-08-06,fold_7,"Inflation bear, AI rally and 2025",0.012576505541801453,1,0.0033786294516175985,1,0.0033786294516175985,0.2383672882715473,,,,1,33.786294516175985,0.005577078089118004,0.0226906705647707,0.012576505541801453,0.44599293756289404
2025-08-07,fold_7,"Inflation bear, AI rally and 2025",0.014643259346485138,1,0.009284966625273228,1,0.009284966625273228,0.24765225489682052,,,,1,92.84966625273228,0.008339151740074158,0.01853628270328045,0.014643259346485138,1.2206949690026645
2025-08-08,fold_7,"Inflation bear, AI rally and 2025",0.015153937041759491,1,-0.002963355975225568,-1,-0.002963355975225568,0.24468889892159496,,,,0,-29.633559752255678,0.0026052426546812057,0.004844300914555788,0.015153937041759491,-0.3766124078785977
2025-08-11,fold_7,"Inflation bear, AI rally and 2025",0.013750821352005005,1,0.012490469962358475,1,0.012490469962358475,0.25717936888395343,,,,1,124.90469962358475,0.0007520057260990143,0.007409026846289635,0.013750821352005005,1.5901907501999453
2025-08-12,fold_7,"Inflation bear, AI rally and 2025",0.016414061188697815,1,0.0004999605007469654,1,0.0004999605007469654,0.2576793293847004,,,,1,4.999605007469654,-0.0020035095512866974,-0.018741806969046593,0.016414061188697815,0.059990749109096714
2025-08-13,fold_7,"Inflation bear, AI rally and 2025",0.01576697826385498,1,-0.000775758468080312,-1,-0.000775758468080312,0.2569035709166201,,,,0,-7.75758468080312,-0.003947898745536804,-0.02519688941538334,0.01576697826385498,-0.09311073597075677
2025-08-14,fold_7,"Inflation bear, AI rally and 2025",0.01473718136548996,1,-0.004407014697790146,-1,-0.004407014697790146,0.25249655621882994,,,,0,-44.07014697790146,-0.006189361214637756,-0.029061537235975266,0.01473718136548996,-0.5416591906536531
2025-08-15,fold_7,"Inflation bear, AI rally and 2025",0.014332972466945648,1,-0.0003986301308032125,-1,-0.0003986301308032125,0.2520979260880267,,,,0,-3.9863013080321252,-0.009468031115829945,-0.00934495497494936,0.014332972466945648,-0.04865628722997111
2025-08-18,fold_7,"Inflation bear, AI rally and 2025",0.014422856271266937,1,-0.013660364784300327,-1,-0.013660364784300327,0.2384375613037264,,,,0,-136.60364784300327,-0.00906132347881794,-0.011835196986794472,0.014422856271266937,-1.68412534415897
2025-08-19,fold_7,"Inflation bear, AI rally and 2025",0.017999835312366486,1,-0.005955122411251068,-1,-0.005955122411251068,0.23248243889247533,,,,0,-59.55122411251068,-0.004695257171988487,0.005832357332110405,0.017999835312366486,-0.6933178700891818
2025-08-20,fold_7,"Inflation bear, AI rally and 2025",0.01916302740573883,1,-0.004640405066311359,-1,-0.004640405066311359,0.22784203382616397,,,,0,-46.404050663113594,-0.001254357397556305,0.013323167338967323,0.01916302740573883,-0.5375727616004295
2025-08-21,fold_7,"Inflation bear, AI rally and 2025",0.016007184982299805,1,0.01530956756323576,1,0.01530956756323576,0.24315160138939973,,,,1,153.0956756323576,0.002731490880250931,0.024203982204198837,0.016007184982299805,1.7635160886517867
2025-08-22,fold_7,"Inflation bear, AI rally and 2025",0.017053544521331787,1,-0.0028888722881674767,-1,-0.0028888722881674767,0.24026272910123225,,,,0,-28.888722881674767,-0.0050071291625499725,-0.0027484886813908815,0.017053544521331787,-0.31008575290815854
2025-08-25,fold_7,"Inflation bear, AI rally and 2025",0.014859892427921295,1,0.004007190000265837,1,0.004007190000265837,0.2442699191014981,,,,1,40.07190000265837,-0.0038719773292541504,-0.008275248110294342,0.014859892427921295,0.43029600122841694
2025-08-26,fold_7,"Inflation bear, AI rally and 2025",0.01781643182039261,1,0.001535687712021172,1,0.001535687712021172,0.24580560681351926,,,,1,15.35687712021172,-0.006046127527952194,-0.0044456529431045055,0.01781643182039261,0.16425835506509845
2025-08-27,fold_7,"Inflation bear, AI rally and 2025",0.01792559027671814,1,0.006240409333258867,1,0.006240409333258867,0.25204601614677813,,,,1,62.40409333258867,-0.004901504144072533,0.003029386978596449,0.01792559027671814,0.667371148535967
2025-08-28,fold_7,"Inflation bear, AI rally and 2025",0.01652919501066208,1,-0.011642903089523315,-1,-0.011642903089523315,0.2404031130572548,,,,0,-116.42903089523315,-0.005918627604842186,-0.0017690984532237053,0.01652919501066208,-1.241336584782596
2025-08-29,fold_7,"Inflation bear, AI rally and 2025",0.017664074897766113,1,-0.00841563194990158,-1,-0.00841563194990158,0.23198748110735323,,,,0,-84.15631949901581,-0.00209108367562294,0.01473993994295597,0.017664074897766113,-0.9720242852407744
2025-09-02,fold_7,"Inflation bear, AI rally and 2025",0.016671232879161835,1,0.007836785167455673,1,0.007836785167455673,0.2398242662748089,,,,1,78.36785167455673,0.00319773331284523,0.025984633713960648,0.016671232879161835,0.9970023351283237
2025-09-03,fold_7,"Inflation bear, AI rally and 2025",0.017603270709514618,1,0.009010727517306805,1,0.009010727517306805,0.2488349937921157,,,,1,90.10727517306805,-0.0002835802733898163,0.018475046381354332,0.017603270709514618,1.1394559757618208
2025-09-04,fold_7,"Inflation bear, AI rally and 2025",0.017123982310295105,1,0.0014419236686080694,1,0.0014419236686080694,0.2502769174607238,,,,1,14.419236686080694,-0.0032824743539094925,0.015268106013536453,0.017123982310295105,0.18807909607239273
2025-09-05,fold_7,"Inflation bear, AI rally and 2025",0.018657073378562927,1,0.004866134840995073,1,0.004866134840995073,0.25514305230171885,,,,1,48.66134840995073,-0.0014897547662258148,0.01823362335562706,0.018657073378562927,0.6372558726449794
2025-09-08,fold_7,"Inflation bear, AI rally and 2025",0.016604147851467133,1,0.002829062519595027,1,0.002829062519595027,0.2579721148213139,,,,1,28.29062519595027,-0.0016869064420461655,0.02188795804977417,0.016604147851467133,0.38083729456508125
2025-09-09,fold_7,"Inflation bear, AI rally and 2025",0.017007634043693542,1,0.0003271980385761708,1,0.0003271980385761708,0.25829931285989005,,,,1,3.271980385761708,-0.0013273991644382477,0.018213454633951187,0.017007634043693542,0.04406164831320266
2025-09-10,fold_7,"Inflation bear, AI rally and 2025",0.01620566099882126,1,0.005803787149488926,1,0.005803787149488926,0.264103100009379,,,,1,58.03787149488926,-0.003150584176182747,0.01588842086493969,0.01620566099882126,0.8434438852361171
2025-09-11,fold_7,"Inflation bear, AI rally and 2025",0.014602221548557281,1,0.004407439846545458,1,0.004407439846545458,0.26851053985592443,,,,1,44.07439846545458,-0.0033000875264406204,0.019061127677559853,0.014602221548557281,0.6295015227957373
2025-09-12,fold_7,"Inflation bear, AI rally and 2025",0.013438403606414795,1,0.00852047000080347,1,0.00852047000080347,0.2770310098567279,,,,1,85.2047000080347,-0.004159852862358093,0.021400216966867447,0.013438403606414795,1.2054363075401078
2025-09-15,fold_7,"Inflation bear, AI rally and 2025",0.013179101049900055,1,-0.0008454403723590076,-1,-0.0008454403723590076,0.2761855694843689,,,,0,-8.454403723590076,-0.0075032394379377365,0.01878230646252632,0.013179101049900055,-0.11654796916406615
2025-09-16,fold_7,"Inflation bear, AI rally and 2025",0.011782366782426834,1,-0.0019978368654847145,-1,-0.0019978368654847145,0.2741877326188842,,,,0,-19.978368654847145,-0.009420206770300865,0.012963303364813328,0.011782366782426834,-0.2753385942654289
2025-09-17,fold_7,"Inflation bear, AI rally and 2025",0.015949904918670654,1,0.008976494893431664,1,0.008976494893431664,0.28316422751231585,,,,1,89.76494893431664,-0.0069215185940265656,0.01144441682845354,0.015949904918670654,1.3607346414331145
2025-09-18,fold_7,"Inflation bear, AI rally and 2025",0.014833390712738037,1,0.006746530067175627,1,0.006746530067175627,0.2899107575794915,,,,1,67.46530067175627,-0.0058713648468256,-0.001852678949944675,0.014833390712738037,0.9971799293033602
2025-09-19,fold_7,"Inflation bear, AI rally and 2025",0.01387740671634674,1,0.005902559962123632,1,0.005902559962123632,0.2958133175416151,,,,1,59.025599621236324,-0.006663516163825989,-0.004496766719967127,0.01387740671634674,0.8612280707817476
2025-09-22,fold_7,"Inflation bear, AI rally and 2025",0.014934681355953217,1,-0.00666444469243288,-1,-0.00666444469243288,0.2891488728491822,,,,0,-66.6444469243288,-0.00800667516887188,-0.005778889171779156,0.014934681355953217,-1.095695263592265
2025-09-23,fold_7,"Inflation bear, AI rally and 2025",0.015239529311656952,1,-0.003516722936183214,-1,-0.003516722936183214,0.285632149912999,,,,0,-35.16722936183214,-0.007908722385764122,0.0036210042890161276,0.015239529311656952,-0.5645837122021672
2025-09-24,fold_7,"Inflation bear, AI rally and 2025",0.012900859117507935,1,-0.004320601467043161,-1,-0.004320601467043161,0.28131154844595585,,,,0,-43.206014670431614,-0.011137758381664753,0.011923212558031082,0.012900859117507935,-0.6952956867216374
2025-09-25,fold_7,"Inflation bear, AI rally and 2025",0.010440226644277573,1,0.004102441947907209,1,0.004102441947907209,0.28541399039386306,,,,1,41.024419479072094,-0.007881859317421913,0.02034645900130272,0.010440226644277573,0.6533257981723073
2025-09-26,fold_7,"Inflation bear, AI rally and 2025",0.014131739735603333,1,0.0046204375103116035,1,0.0046204375103116035,0.29003442790417466,,,,1,46.204375103116035,-0.010075866244733334,0.012025424279272556,0.014131739735603333,0.746356600807675
2025-09-29,fold_7,"Inflation bear, AI rally and 2025",0.015195779502391815,1,0.002735448768362403,1,0.002735448768362403,0.29276987667253707,,,,1,27.35448768362403,-0.010812612250447273,0.014887053519487381,0.015195779502391815,0.4789916015347059
2025-09-30,fold_7,"Inflation bear, AI rally and 2025",0.0162380188703537,1,0.004785485565662384,1,0.004785485565662384,0.29755536223819945,,,,1,47.85485565662384,-0.011929076164960861,0.006872063037008047,0.0162380188703537,0.881875034282518
2025-10-01,fold_7,"Inflation bear, AI rally and 2025",0.015467151999473572,1,0.004102644510567188,1,0.004102644510567188,0.30165800674876664,,,,1,41.02644510567188,-0.01244616974145174,0.01348517369478941,0.015467151999473572,0.7820441076156708
2025-10-02,fold_7,"Inflation bear, AI rally and 2025",0.012359678745269775,1,-0.004218591842800379,-1,-0.004218591842800379,0.29743941490596626,,,,0,-42.18591842800379,-0.011539267376065254,0.008171569555997849,0.012359678745269775,-0.8557317218921436
2025-10-03,fold_7,"Inflation bear, AI rally and 2025",0.013526134192943573,1,0.007482066750526428,1,0.007482066750526428,0.3049214816564927,,,,1,74.82066750526428,-0.008421644568443298,-0.02294095605611801,0.013526134192943573,1.4937609204365878
2025-10-06,fold_7,"Inflation bear, AI rally and 2025",0.010531838983297348,1,-0.005279541946947575,-1,-0.005279541946947575,0.2996419397095451,,,,0,-52.795419469475746,-0.011344130150973797,-0.00942372065037489,0.010531838983297348,-1.0216646254540132
2025-10-07,fold_7,"Inflation bear, AI rally and 2025",0.012129224836826324,1,0.01139859575778246,1,0.01139859575778246,0.3110405354673276,,,,1,113.98595757782459,-0.009772399440407753,-0.010827412828803062,0.012129224836826324,2.165864902452659
2025-10-08,fold_7,"Inflation bear, AI rally and 2025",0.013220787048339844,1,-0.0012109596282243729,-1,-0.0012109596282243729,0.3098295758391032,,,,0,-12.109596282243729,-0.012603380717337132,-0.015193992294371128,0.013220787048339844,-0.20710450937279112
2025-10-09,fold_7,"Inflation bear, AI rally and 2025",0.011656314134597778,1,-0.0353311188519001,-1,-0.0353311188519001,0.2744984569872031,,,,0,-353.311188519001,-0.01585518568754196,-0.01769283600151539,0.011656314134597778,-6.190099209469844
2025-10-10,fold_7,"Inflation bear, AI rally and 2025",0.008725494146347046,1,0.020999303087592125,1,0.020999303087592125,0.2954977600747952,,,,1,209.99303087592125,0.003204546868801117,0.024183519184589386,0.008725494146347046,2.1656736954973526
2025-10-13,fold_7,"Inflation bear, AI rally and 2025",0.013978898525238037,1,-0.006683234125375748,-1,-0.006683234125375748,0.2888145259494195,,,,0,-66.83234125375748,0.0017862878739833832,0.01570628583431244,0.013978898525238037,-0.6302711987652501
2025-10-14,fold_7,"Inflation bear, AI rally and 2025",0.017674364149570465,1,0.007032016292214394,1,0.007032016292214394,0.29584654224163387,,,,1,70.32016292214394,0.004107333719730377,0.022127928212285042,0.017674364149570465,0.656776523455626
2025-10-15,fold_7,"Inflation bear, AI rally and 2025",0.016899876296520233,1,-0.0037098024040460587,-1,-0.0037098024040460587,0.2921367398375878,,,,0,-37.09802404046059,2.394244074821472e-05,0.005415184423327446,0.016899876296520233,-0.3431036216291272
2025-10-16,fold_7,"Inflation bear, AI rally and 2025",0.014096207916736603,1,0.006545236799865961,1,0.006545236799865961,0.29868197663745377,,,,1,65.45236799865961,0.0077651552855968475,0.017496326938271523,0.014096207916736603,0.6141795166647341
2025-10-17,fold_7,"Inflation bear, AI rally and 2025",0.0106276273727417,1,0.012522069737315178,1,0.012522069737315178,0.31120404637476895,,,,1,125.22069737315178,-0.004374448210000992,0.021572764962911606,0.0106276273727417,1.1757149166181942
2025-10-20,fold_7,"Inflation bear, AI rally and 2025",0.013203658163547516,1,-0.00026159174740314484,-1,-0.00026159174740314484,0.3109424546273658,,,,0,-2.6159174740314484,-0.005670228973031044,0.02670317515730858,0.013203658163547516,-0.023926513409431638
2025-10-21,fold_7,"Inflation bear, AI rally and 2025",0.00901108980178833,1,-0.009680728428065777,-1,-0.009680728428065777,0.30126172619930003,,,,0,-96.80728428065777,-0.013347003608942032,0.03462529554963112,0.00901108980178833,-0.8937772036216127
2025-10-22,fold_7,"Inflation bear, AI rally and 2025",0.009843096137046814,1,0.008371341042220592,1,0.008371341042220592,0.3096330672415206,,,,1,83.71341042220592,-0.009992601349949837,0.04879889264702797,0.009843096137046814,0.7598277720253334
2025-10-23,fold_7,"Inflation bear, AI rally and 2025",0.008887611329555511,1,0.010621673427522182,1,0.010621673427522182,0.3202547406690428,,,,1,106.21673427522182,-0.01275241281837225,0.025020860135555267,0.008887611329555511,0.9540309455168327
2025-10-24,fold_7,"Inflation bear, AI rally and 2025",0.008744709193706512,1,0.01765247993171215,1,0.01765247993171215,0.33790722060075495,,,,1,176.5247993171215,-0.01482490822672844,0.019211603328585625,0.008744709193706512,1.5557006495301577
2025-10-27,fold_7,"Inflation bear, AI rally and 2025",0.007353451102972031,1,0.007660527713596821,1,0.007660527713596821,0.3455677483143518,,,,1,76.60527713596821,-0.014659380540251732,0.006332420278340578,0.007353451102972031,0.6400089901114824
2025-10-28,fold_7,"Inflation bear, AI rally and 2025",0.00930245965719223,1,0.004492870531976223,1,0.004492870531976223,0.350060618846328,,,,1,44.92870531976223,-0.01290740817785263,-0.021835021674633026,0.00930245965719223,0.37205342136019226
2025-10-29,fold_7,"Inflation bear, AI rally and 2025",0.01096837967634201,1,-0.015406693331897259,-1,-0.015406693331897259,0.33465392551443074,,,,0,-154.0669333189726,-0.00906036514788866,-0.019840959459543228,0.01096837967634201,-1.2764184630714328
2025-10-30,fold_7,"Inflation bear, AI rally and 2025",0.011921234428882599,1,0.00481241662055254,1,0.00481241662055254,0.3394663421349833,,,,1,48.1241662055254,-0.006998132914304733,-0.02323727495968342,0.011921234428882599,0.3844184108543597
2025-10-31,fold_7,"Inflation bear, AI rally and 2025",0.012818895280361176,1,0.004773298278450966,1,0.004773298278450966,0.34423964041343424,,,,1,47.73298278450966,-0.006772005930542946,-0.03121001087129116,0.012818895280361176,0.3809678203254386
2025-11-03,fold_7,"Inflation bear, AI rally and 2025",0.013564765453338623,1,-0.02050691470503807,-1,-0.02050691470503807,0.3237327257083962,,,,0,-205.0691470503807,-0.004808826372027397,-0.014100291766226292,0.013564765453338623,-1.645425497330582
2025-11-04,fold_7,"Inflation bear, AI rally and 2025",0.013203099370002747,1,0.006486933678388596,1,0.006486933678388596,0.33021965938678477,,,,1,64.86933678388596,0.0006076786667108536,0.003739549545571208,0.013203099370002747,0.4904235227950415
2025-11-05,fold_7,"Inflation bear, AI rally and 2025",0.016408875584602356,1,-0.018803009763360023,-1,-0.018803009763360023,0.31141664962342475,,,,0,-188.03009763360023,-0.002053195610642433,-0.0035360476467758417,0.016408875584602356,-1.4397275540722754
2025-11-06,fold_7,"Inflation bear, AI rally and 2025",0.017271339893341064,1,-0.0031603185925632715,-1,-0.0031603185925632715,0.3082563310308615,,,,0,-31.603185925632715,0.0036967284977436066,-0.005360324867069721,0.017271339893341064,-0.23038518248782683
2025-11-07,fold_7,"Inflation bear, AI rally and 2025",0.019175775349140167,1,0.02188301645219326,1,0.02188301645219326,0.33013934748305473,,,,1,218.8301645219326,0.005590878427028656,-0.0014442570973187685,0.019175775349140167,1.9475170148969252
2025-11-10,fold_7,"Inflation bear, AI rally and 2025",0.017751269042491913,1,-0.002667073393240571,-1,-0.002667073393240571,0.32747227408981416,,,,0,-26.67073393240571,0.0005638599395751953,-0.03190450370311737,0.017751269042491913,-0.23559951962183132
2025-11-11,fold_7,"Inflation bear, AI rally and 2025",0.015973910689353943,1,-0.0007886635139584541,-1,-0.0007886635139584541,0.3266836105758557,,,,0,-7.886635139584541,-0.0065127406269311905,-0.04148799180984497,0.015973910689353943,-0.07018370771346462
2025-11-12,fold_7,"Inflation bear, AI rally and 2025",0.016234636306762695,1,-0.020627286285161972,-1,-0.020627286285161972,0.30605632429069374,,,,0,-206.27286285161972,-0.00714275985956192,-0.034746989607810974,0.016234636306762695,-1.853642922140871
2025-11-13,fold_7,"Inflation bear, AI rally and 2025",0.012162290513515472,1,0.0007557492353953421,1,0.0007557492353953421,0.3068120735260891,,,,1,7.557492353953421,-0.0009727813303470612,-0.03807619959115982,0.012162290513515472,0.06288792179286838
2025-11-14,fold_7,"Inflation bear, AI rally and 2025",0.013867810368537903,1,-0.008577228523790836,-1,-0.008577228523790836,0.29823484500229824,,,,0,-85.77228523790836,0.0019436497241258621,-0.03134717792272568,0.013867810368537903,-0.7190147203950206
2025-11-17,fold_7,"Inflation bear, AI rally and 2025",0.015012979507446289,1,-0.012250563129782677,-1,-0.012250563129782677,0.28598428187251557,,,,0,-122.50563129782677,0.011154033243656158,0.0024817129597067833,0.015012979507446289,-1.042298205062926
2025-11-18,fold_7,"Inflation bear, AI rally and 2025",0.01894247531890869,1,0.0059523372910916805,1,0.0059523372910916805,0.29193661916360725,,,,1,59.523372910916805,0.01574625074863434,0.020877135917544365,0.01894247531890869,0.49322207919352573
2025-11-19,fold_7,"Inflation bear, AI rally and 2025",0.01927119493484497,1,-0.02395649440586567,-1,-0.02395649440586567,0.2679801247577416,,,,0,-239.5649440586567,0.013577427715063095,0.02372167818248272,0.01927119493484497,-2.0052447494274688
2025-11-20,fold_7,"Inflation bear, AI rally and 2025",0.01820029318332672,1,0.007484769448637962,1,0.007484769448637962,0.27546489420637954,,,,1,74.84769448637962,0.018525496125221252,0.055752597749233246,0.01820029318332672,0.5775990910985691
2025-11-21,fold_7,"Inflation bear, AI rally and 2025",0.019053690135478973,1,0.025251662358641624,1,0.025251662358641624,0.30071655656502116,,,,1,252.51662358641624,0.009277235716581345,0.04490327462553978,0.019053690135478973,1.9653590753917458
2025-11-24,fold_7,"Inflation bear, AI rally and 2025",0.0170634463429451,1,0.006144860293716192,1,0.006144860293716192,0.30686141685873736,,,,1,61.44860293716192,0.0014071203768253326,0.027447156608104706,0.0170634463429451,0.45626205881541687
2025-11-25,fold_7,"Inflation bear, AI rally and 2025",0.017899565398693085,1,0.008796879090368748,1,0.008796879090368748,0.3156582959491061,,,,1,87.96879090368748,-0.001357266679406166,0.02374311164021492,0.017899565398693085,0.6550691216377408
2025-11-26,fold_7,"Inflation bear, AI rally and 2025",0.01578740030527115,1,0.008074427023530006,1,0.008074427023530006,0.3237327229726361,,,,1,80.74427023530006,-0.003786809742450714,0.014015650376677513,0.01578740030527115,0.5965591048813538
2025-11-28,fold_7,"Inflation bear, AI rally and 2025",0.014357432723045349,1,-0.0033645550720393658,-1,-0.0033645550720393658,0.32036816790059675,,,,0,-33.64555072039366,-0.006134482100605965,0.010010326281189919,0.014357432723045349,-0.25463658553309576
2025-12-01,fold_7,"Inflation bear, AI rally and 2025",0.011930279433727264,1,0.007795544341206551,1,0.007795544341206551,0.3281637122418033,,,,1,77.9554434120655,-0.00820724293589592,0.011454490013420582,0.011930279433727264,0.5909859154765658
2025-12-02,fold_7,"Inflation bear, AI rally and 2025",0.009691443294286728,1,0.0024408164899796247,1,0.0024408164899796247,0.3306045287317829,,,,1,24.408164899796247,-0.007481163367629051,0.004891549237072468,0.009691443294286728,0.18403833411928913
2025-12-03,fold_7,"Inflation bear, AI rally and 2025",0.01005915179848671,1,-0.0009305825224146247,-1,-0.0009305825224146247,0.3296739462093683,,,,0,-9.305825224146247,-0.006835516542196274,0.00653810752555728,0.01005915179848671,-0.07470613097210492
2025-12-04,fold_7,"Inflation bear, AI rally and 2025",0.00838155671954155,1,0.004069102928042412,1,0.004069102928042412,0.3337430491374107,,,,1,40.69102928042412,-0.00916941836476326,0.004229042213410139,0.00838155671954155,0.3288540497593342
2025-12-05,fold_7,"Inflation bear, AI rally and 2025",0.008478578180074692,1,-0.0019203914562240243,-1,-0.0019203914562240243,0.3318226576811867,,,,0,-19.203914562240243,-0.008238483220338821,-0.01914352923631668,0.008478578180074692,-0.16451758365576602
2025-12-08,fold_7,"Inflation bear, AI rally and 2025",0.009845767170190811,1,0.0012326041469350457,1,0.0012326041469350457,0.33305526182812173,,,,1,12.326041469350457,-0.010516487061977386,-0.02225513942539692,0.009845767170190811,0.10571795040473164
2025-12-09,fold_7,"Inflation bear, AI rally and 2025",0.008821912109851837,1,0.00408737501129508,1,0.00408737501129508,0.3371426368394168,,,,1,40.8737501129508,-0.010860211215913296,-0.02150787226855755,0.008821912109851837,0.3860940742634263
2025-12-10,fold_7,"Inflation bear, AI rally and 2025",0.012199990451335907,1,-0.0032396477181464434,-1,-0.0032396477181464434,0.33390298912127037,,,,0,-32.396477181464434,-0.009146995842456818,-0.04430621117353439,0.012199990451335907,-0.305364873438464
2025-12-11,fold_7,"Inflation bear, AI rally and 2025",0.010172445327043533,1,-0.019303468987345695,-1,-0.019303468987345695,0.31459952013392467,,,,0,-193.03468987345695,-0.008530750870704651,-0.02668045461177826,0.010172445327043533,-1.8155420144186112
2025-12-12,fold_7,"Inflation bear, AI rally and 2025",0.009809277951717377,1,-0.005032000597566366,-1,-0.005032000597566366,0.3095675195363583,,,,0,-50.32000597566366,-0.005426179617643356,0.005574300419539213,0.009809277951717377,-0.47890443142588723
2025-12-15,fold_7,"Inflation bear, AI rally and 2025",0.010864924639463425,1,0.0019798711873590946,1,0.0019798711873590946,0.3115473907237174,,,,1,19.798711873590946,-0.004866795614361763,0.01538827270269394,0.010864924639463425,0.18738061852739712
2025-12-16,fold_7,"Inflation bear, AI rally and 2025",0.012948937714099884,1,-0.018710967153310776,-1,-0.018710967153310776,0.2928364235704066,,,,0,-187.10967153310776,-0.0006545260548591614,0.018080780282616615,0.012948937714099884,-1.7991417330474324
2025-12-17,fold_7,"Inflation bear, AI rally and 2025",0.012537948787212372,1,0.014386109076440334,1,0.014386109076440334,0.30722253264684696,,,,1,143.86109076440334,0.00041158124804496765,0.039713069796562195,0.012537948787212372,1.3234520309883862
2025-12-18,fold_7,"Inflation bear, AI rally and 2025",0.013060994446277618,1,0.012951286509633064,1,0.012951286509633064,0.32017381915648,,,,1,129.51286509633064,0.0015113037079572678,0.025262802839279175,0.013060994446277618,1.1504351940592996
2025-12-19,fold_7,"Inflation bear, AI rally and 2025",0.010220635682344437,1,0.00478197168558836,1,0.00478197168558836,0.3249557908420684,,,,1,47.8197168558836,-0.003352109342813492,0.007459201384335756,0.010220635682344437,0.4635322635963407
