date,fold,regime,prediction,pred_direction,actual_return,actual_direction,strategy_return,cumulative_return,confidence,aleatoric,epistemic,correct,pnl_bps
2008-01-23,fold_1,Pre-crisis upturn + GFC onset,-0.0025311762001365423,-1,0.009706642478704453,1,-0.009706642478704453,-0.009706616401672363,0.9999756813049316,8.117861398204695e-06,1.623572279640939e-05,0,-97.06642478704453
2008-01-24,fold_1,Pre-crisis upturn + GFC onset,-0.0021204890217632055,-1,-0.006706463638693094,-1,0.006706463638693094,-0.0030652284622192383,0.9999548196792603,1.5070842891873326e-05,3.0141685783746652e-05,1,67.06463638693094
2008-01-25,fold_1,Pre-crisis upturn + GFC onset,-0.00352119212038815,-1,0.007704523392021656,1,-0.007704523392021656,-0.010746121406555176,0.9999803304672241,6.561091595358448e-06,1.3122183190716896e-05,0,-77.04523392021656
2008-01-28,fold_1,Pre-crisis upturn + GFC onset,-0.005105534568428993,-1,-0.001093094702810049,-1,0.001093094702810049,-0.009664714336395264,0.9999760389328003,7.971520062710624e-06,1.594304012542125e-05,1,10.93094702810049
2008-01-29,fold_1,Pre-crisis upturn + GFC onset,-0.00349399633705616,-1,0.004004329908639193,1,-0.004004329908639193,-0.013630390167236328,0.9999666213989258,1.113303551392164e-05,2.226607102784328e-05,0,-40.043299086391926
2008-01-30,fold_1,Pre-crisis upturn + GFC onset,-0.00556079251691699,-1,0.002289247466251254,1,-0.002289247466251254,-0.01588839292526245,0.9999727010726929,9.085308192879893e-06,1.8170616385759786e-05,0,-22.89247466251254
2008-01-31,fold_1,Pre-crisis upturn + GFC onset,-0.008973113261163235,-1,-0.004380703438073397,-1,0.004380703438073397,-0.011577308177947998,0.9999736547470093,8.793371307547204e-06,1.758674261509441e-05,1,43.80703438073397
2008-02-01,fold_1,Pre-crisis upturn + GFC onset,-0.009277266450226307,-1,0.001897936686873436,1,-0.001897936686873436,-0.013453245162963867,0.9999744892120361,8.508440259902272e-06,1.7016880519804545e-05,0,-18.97936686873436
2008-02-04,fold_1,Pre-crisis upturn + GFC onset,-0.006050887983292341,-1,-0.012808330357074738,-1,0.012808330357074738,-0.0008172392845153809,0.9999595880508423,1.3479454537446145e-05,2.695890907489229e-05,1,128.08330357074738
2008-02-05,fold_1,Pre-crisis upturn + GFC onset,-0.012022634968161583,-1,-0.0014324913499876857,-1,0.0014324913499876857,0.000614166259765625,0.9999721050262451,9.285794476454612e-06,1.8571588952909224e-05,1,14.324913499876857
2008-02-06,fold_1,Pre-crisis upturn + GFC onset,-0.006102459970861673,-1,-0.009454712271690369,-1,0.009454712271690369,0.010074734687805176,0.9999765157699585,7.824812200851738e-06,1.5649624401703477e-05,1,94.54712271690369
2008-02-07,fold_1,Pre-crisis upturn + GFC onset,-0.002095144707709551,-1,0.07542583346366882,1,-0.07542583346366882,-0.06611102819442749,0.9999648332595825,1.1719895155692939e-05,2.3439790311385877e-05,0,-754.2583346366882
2008-02-08,fold_1,Pre-crisis upturn + GFC onset,-0.03727772459387779,-1,-0.06865246593952179,-1,0.06865246593952179,-0.001997232437133789,0.9999492168426514,1.6944009985309094e-05,3.388801997061819e-05,1,686.5246593952179
2008-02-12,fold_1,Pre-crisis upturn + GFC onset,-0.00991420354694128,-1,-0.0017758844187483191,-1,0.0017758844187483191,-0.00022494792938232422,0.9999619722366333,1.2686035006481688e-05,2.5372070012963377e-05,1,17.75884418748319
2008-02-13,fold_1,Pre-crisis upturn + GFC onset,-0.00627055624499917,-1,0.006048077251762152,1,-0.006048077251762152,-0.006271660327911377,0.9999414682388306,1.9509854610078037e-05,3.9019709220156074e-05,0,-60.48077251762152
2008-02-14,fold_1,Pre-crisis upturn + GFC onset,-0.0035241704899817705,-1,0.002186686033383012,1,-0.002186686033383012,-0.008444666862487793,0.9999334812164307,2.2176680431584828e-05,4.4353360863169655e-05,0,-21.866860333830118
2008-02-15,fold_1,Pre-crisis upturn + GFC onset,-0.008020120672881603,-1,-0.0017726941732689738,-1,0.0017726941732689738,-0.006686985492706299,0.9999197721481323,2.6757084924611263e-05,5.3514169849222526e-05,1,17.72694173268974
2008-02-19,fold_1,Pre-crisis upturn + GFC onset,-0.01479288935661316,-1,-0.0004710935172624886,-1,0.0004710935172624886,-0.006219029426574707,0.9999353885650635,2.1550335077336058e-05,4.3100670154672116e-05,1,4.710935172624886
2008-02-20,fold_1,Pre-crisis upturn + GFC onset,-0.01176869310438633,-1,0.006251954939216375,1,-0.006251954939216375,-0.012432098388671875,0.9999216794967651,2.6107205485459417e-05,5.2214410970918834e-05,0,-62.51954939216375
2008-02-21,fold_1,Pre-crisis upturn + GFC onset,-0.0007787809008732438,-1,0.0007413247367367148,1,-0.0007413247367367148,-0.013164162635803223,0.9998776912689209,4.0749728213995695e-05,8.149945642799139e-05,0,-7.413247367367148
2008-02-22,fold_1,Pre-crisis upturn + GFC onset,-0.0061684222891926765,-1,0.0006675262120552361,1,-0.0006675262120552361,-0.01382291316986084,0.9998488426208496,5.037684604758397e-05,0.00010075369209516793,0,-6.675262120552361
2008-02-25,fold_1,Pre-crisis upturn + GFC onset,-0.004522684495896101,-1,0.010797196999192238,1,-0.010797196999192238,-0.024470865726470947,0.9998449087142944,5.1710008847294375e-05,0.00010342001769458875,0,-107.97196999192238
2008-02-26,fold_1,Pre-crisis upturn + GFC onset,-0.002190457424148917,-1,0.008133538998663425,1,-0.008133538998663425,-0.03240537643432617,0.9999086856842041,3.0424498618231155e-05,6.084899723646231e-05,0,-81.33538998663425
2008-02-27,fold_1,Pre-crisis upturn + GFC onset,-0.009502514265477657,-1,0.005151412915438414,1,-0.005151412915438414,-0.03738981485366821,0.9998412132263184,5.292821515467949e-05,0.00010585643030935898,0,-51.514129154384136
2008-02-28,fold_1,Pre-crisis upturn + GFC onset,-0.007110058795660734,-1,-0.00025825100601650774,-1,0.00025825100601650774,-0.037141263484954834,0.9998922348022461,3.590059350244701e-05,7.180118700489402e-05,1,2.5825100601650774
2008-02-29,fold_1,Pre-crisis upturn + GFC onset,-0.009442227892577648,-1,0.0005320152267813683,1,-0.0005320152267813683,-0.03765350580215454,0.9999476671218872,1.742869062582031e-05,3.485738125164062e-05,0,-5.320152267813683
2008-03-03,fold_1,Pre-crisis upturn + GFC onset,-0.0042758784256875515,-1,0.0006540778558701277,1,-0.0006540778558701277,-0.03828299045562744,0.9999542236328125,1.524234266980784e-05,3.048468533961568e-05,0,-6.540778558701277
2008-03-04,fold_1,Pre-crisis upturn + GFC onset,-0.005957027897238731,-1,0.00439975643530488,1,-0.00439975643530488,-0.04251432418823242,0.9999563694000244,1.453487766411854e-05,2.906975532823708e-05,0,-43.9975643530488
2008-03-05,fold_1,Pre-crisis upturn + GFC onset,-0.006415956653654575,-1,0.007077113725244999,1,-0.007077113725244999,-0.04929053783416748,0.9999164342880249,2.783474701573141e-05,5.566949403146282e-05,0,-70.77113725244999
2008-03-06,fold_1,Pre-crisis upturn + GFC onset,-0.007718972396105528,-1,-0.00318984710611403,-1,0.00318984710611403,-0.046257972717285156,0.9999456405639648,1.8123804693459533e-05,3.6247609386919066e-05,1,31.8984710611403
2008-03-07,fold_1,Pre-crisis upturn + GFC onset,-0.005182224791496992,-1,0.00032211976940743625,1,-0.00032211976940743625,-0.04656517505645752,0.9999549388885498,1.5024082131276373e-05,3.0048164262552746e-05,0,-3.2211976940743625
2008-03-10,fold_1,Pre-crisis upturn + GFC onset,-0.005228858906775713,-1,6.13881929893978e-05,1,-6.13881929893978e-05,-0.04662370681762695,0.9999580383300781,1.4002791431266814e-05,2.800558286253363e-05,0,-0.6138819298939779
2008-03-11,fold_1,Pre-crisis upturn + GFC onset,-0.004672985058277845,-1,0.012913729064166546,1,-0.012913729064166546,-0.058935344219207764,0.9999716281890869,9.444027455174364e-06,1.8888054910348728e-05,0,-129.13729064166546
2008-03-12,fold_1,Pre-crisis upturn + GFC onset,-0.002419546013697982,-1,0.005280183628201485,1,-0.005280183628201485,-0.06390434503555298,0.9999545812606812,1.5146604710025713e-05,3.0293209420051426e-05,0,-52.80183628201485
2008-03-13,fold_1,Pre-crisis upturn + GFC onset,-0.0026983667630702257,-1,-0.0002654764102771878,-1,0.0002654764102771878,-0.06365585327148438,0.9999778270721436,7.385557182715274e-06,1.4771114365430549e-05,1,2.6547641027718782
2008-03-14,fold_1,Pre-crisis upturn + GFC onset,-0.004405604675412178,-1,0.008330723270773888,1,-0.008330723270773888,-0.07145625352859497,0.9999690055847168,1.0317500709788874e-05,2.0635001419577748e-05,0,-83.30723270773888
2008-03-17,fold_1,Pre-crisis upturn + GFC onset,-0.0036919021513313055,-1,-0.00571519136428833,-1,0.00571519136428833,-0.06614953279495239,0.9998335838317871,5.548483022721484e-05,0.00011096966045442969,1,57.1519136428833
2008-03-18,fold_1,Pre-crisis upturn + GFC onset,-0.0045554907992482185,-1,-0.001219803118146956,-1,0.001219803118146956,-0.06501048803329468,0.9999241828918457,2.5276751330238767e-05,5.0553502660477534e-05,1,12.19803118146956
2008-03-19,fold_1,Pre-crisis upturn + GFC onset,-0.011734754778444767,-1,-0.012585368938744068,-1,0.012585368938744068,-0.053243279457092285,0.999966025352478,1.1311974049021956e-05,2.262394809804391e-05,1,125.85368938744068
2008-03-24,fold_1,Pre-crisis upturn + GFC onset,-0.008093639276921749,-1,0.011474939994513988,1,-0.011474939994513988,-0.06410729885101318,0.9999624490737915,1.249881006515352e-05,2.499762013030704e-05,0,-114.74939994513988
2008-03-25,fold_1,Pre-crisis upturn + GFC onset,-0.008099636994302273,-1,0.013576983474195004,1,-0.013576983474195004,-0.07681387662887573,0.9999759197235107,8.034658094402403e-06,1.6069316188804805e-05,0,-135.76983474195004
2008-03-26,fold_1,Pre-crisis upturn + GFC onset,-0.00977337546646595,-1,-0.0006325822323560715,-1,0.0006325822323560715,-0.07622992992401123,0.9999678134918213,1.0724387720983941e-05,2.1448775441967882e-05,1,6.325822323560715
2008-03-27,fold_1,Pre-crisis upturn + GFC onset,-0.01161598414182663,-1,-0.0033570618834346533,-1,0.0033570618834346533,-0.07312875986099243,0.9999352693557739,2.1563275367952883e-05,4.3126550735905766e-05,1,33.57061883434653
2008-03-28,fold_1,Pre-crisis upturn + GFC onset,-0.008908010087907314,-1,-0.00018908978381659836,-1,0.00018908978381659836,-0.07295352220535278,0.9999666213989258,1.1129000085929874e-05,2.225800017185975e-05,1,1.8908978381659836
2008-03-31,fold_1,Pre-crisis upturn + GFC onset,-0.009616926312446594,-1,-0.005079609341919422,-1,0.005079609341919422,-0.06824445724487305,0.9999656677246094,1.1446515600255225e-05,2.289303120051045e-05,1,50.79609341919422
2008-04-02,fold_1,Pre-crisis upturn + GFC onset,-0.0044107576832175255,-1,-0.0006893464596942067,-1,0.0006893464596942067,-0.06760209798812866,0.9999680519104004,1.0660813131835312e-05,2.1321626263670623e-05,1,6.893464596942067
2008-04-03,fold_1,Pre-crisis upturn + GFC onset,-0.0063364626839756966,-1,0.0044534835033118725,1,-0.0044534835033118725,-0.07175451517105103,0.999969482421875,1.0180856406805106e-05,2.036171281361021e-05,0,-44.534835033118725
2008-04-04,fold_1,Pre-crisis upturn + GFC onset,-0.007632921915501356,-1,-0.0020259751472622156,-1,0.0020259751472622156,-0.06987392902374268,0.9999693632125854,1.021673233481124e-05,2.043346466962248e-05,1,20.259751472622156
2008-04-07,fold_1,Pre-crisis upturn + GFC onset,-0.00593746779486537,-1,-0.00808490440249443,-1,0.00808490440249443,-0.06235396862030029,0.9999814033508301,6.1773885136062745e-06,1.2354777027212549e-05,1,80.8490440249443
2008-04-08,fold_1,Pre-crisis upturn + GFC onset,-0.00990456622093916,-1,0.01579233817756176,1,-0.01579233817756176,-0.07716155052185059,0.9999744892120361,8.498165698256344e-06,1.6996331396512687e-05,0,-157.9233817756176
2008-04-09,fold_1,Pre-crisis upturn + GFC onset,0.0012970363022759557,1,-0.005179158411920071,-1,-0.005179158411920071,-0.08194106817245483,0.9999724626541138,9.17029865377117e-06,1.834059730754234e-05,0,-51.79158411920071
2008-04-10,fold_1,Pre-crisis upturn + GFC onset,-0.007497924845665693,-1,0.005078901536762714,1,-0.005078901536762714,-0.08660382032394409,0.9999898672103882,3.3570804589544423e-06,6.714160917908885e-06,0,-50.789015367627144
2008-04-11,fold_1,Pre-crisis upturn + GFC onset,-0.007118654437363148,-1,0.00018986649229191244,1,-0.00018986649229191244,-0.0867772102355957,0.9999687671661377,1.0420642865938134e-05,2.084128573187627e-05,0,-1.8986649229191244
2008-04-14,fold_1,Pre-crisis upturn + GFC onset,-0.010954889468848705,-1,-0.002462598029524088,-1,0.002462598029524088,-0.08452826738357544,0.9999713897705078,9.533491720503662e-06,1.9066983441007324e-05,1,24.62598029524088
2008-04-15,fold_1,Pre-crisis upturn + GFC onset,-0.0063955411314964294,-1,0.010899379849433899,1,-0.010899379849433899,-0.09450632333755493,0.9999598264694214,1.3407272490439937e-05,2.6814544980879873e-05,0,-108.99379849433899
2008-04-16,fold_1,Pre-crisis upturn + GFC onset,-0.004946265835314989,-1,-0.0035143231507390738,-1,0.0035143231507390738,-0.09132415056228638,0.9999586343765259,1.3778718312096316e-05,2.7557436624192633e-05,1,35.14323150739074
2008-04-17,fold_1,Pre-crisis upturn + GFC onset,-0.008118106983602047,-1,-0.010573179461061954,-1,0.010573179461061954,-0.08171659708023071,0.9999722242355347,9.270277587347664e-06,1.8540555174695328e-05,1,105.73179461061954
2008-04-18,fold_1,Pre-crisis upturn + GFC onset,-0.007128577213734388,-1,0.011313356459140778,1,-0.011313356459140778,-0.09210550785064697,0.9999734163284302,8.85659028426744e-06,1.771318056853488e-05,0,-113.13356459140778
2008-04-21,fold_1,Pre-crisis upturn + GFC onset,-0.009474853985011578,-1,0.004780459683388472,1,-0.004780459683388472,-0.09644567966461182,0.9999737739562988,8.756163879297674e-06,1.7512327758595347e-05,0,-47.804596833884716
2008-04-22,fold_1,Pre-crisis upturn + GFC onset,-0.008655463345348835,-1,-0.007127514574676752,-1,0.007127514574676752,-0.09000557661056519,0.9999759197235107,8.021297617233358e-06,1.6042595234466717e-05,1,71.27514574676752
2008-04-23,fold_1,Pre-crisis upturn + GFC onset,-0.007367241661995649,-1,-0.011966871097683907,-1,0.011966871097683907,-0.07911580801010132,0.9999706745147705,9.775536454981193e-06,1.9551072909962386e-05,1,119.66871097683907
2008-04-24,fold_1,Pre-crisis upturn + GFC onset,-0.011258083395659924,-1,-0.0030023385770618916,-1,0.0030023385770618916,-0.07635104656219482,0.9999734163284302,8.868353688740171e-06,1.7736707377480343e-05,1,30.023385770618916
2008-04-25,fold_1,Pre-crisis upturn + GFC onset,-0.008089817129075527,-1,0.0010174394119530916,1,-0.0010174394119530916,-0.07729083299636841,0.9999654293060303,1.1538114449649584e-05,2.3076228899299167e-05,0,-10.174394119530916
2008-04-28,fold_1,Pre-crisis upturn + GFC onset,-0.007739640772342682,-1,-0.0054796477779746056,-1,0.0054796477779746056,-0.07223469018936157,0.9999678134918213,1.073682233254658e-05,2.147364466509316e-05,1,54.796477779746056
2008-04-30,fold_1,Pre-crisis upturn + GFC onset,-0.0034513124264776707,-1,-0.012038466520607471,-1,0.012038466520607471,-0.06106579303741455,0.9999761581420898,7.942054253362585e-06,1.588410850672517e-05,1,120.38466520607471
2008-05-02,fold_1,Pre-crisis upturn + GFC onset,-0.004222821909934282,-1,0.00415347795933485,1,-0.00415347795933485,-0.06496566534042358,0.9999580383300781,1.3993651919008698e-05,2.7987303838017397e-05,0,-41.5347795933485
2008-05-07,fold_1,Pre-crisis upturn + GFC onset,-0.009851563721895218,-1,0.005134144332259893,1,-0.005134144332259893,-0.06976628303527832,0.999974250793457,8.567970326112118e-06,1.7135940652224235e-05,0,-51.341443322598934
2008-05-08,fold_1,Pre-crisis upturn + GFC onset,-0.011421911418437958,-1,0.0016728068003430963,1,-0.0016728068003430963,-0.07132238149642944,0.9999591112136841,1.3633177331939805e-05,2.726635466387961e-05,0,-16.728068003430963
2008-05-09,fold_1,Pre-crisis upturn + GFC onset,0.0051592676900327206,1,0.0032323605846613646,1,0.0032323605846613646,-0.06832057237625122,0.9999760389328003,7.981426279002335e-06,1.596285255800467e-05,1,32.323605846613646
2008-05-12,fold_1,Pre-crisis upturn + GFC onset,-0.002196694491431117,-1,-0.004055029712617397,-1,0.004055029712617397,-0.06454259157180786,0.9999715089797974,9.504565241513774e-06,1.9009130483027548e-05,1,40.55029712617397
2008-05-13,fold_1,Pre-crisis upturn + GFC onset,-0.005523687694221735,-1,-0.0005104347947053611,-1,0.0005104347947053611,-0.06406509876251221,0.9999579191207886,1.4020833077665884e-05,2.8041666155331768e-05,1,5.104347947053611
2008-05-14,fold_1,Pre-crisis upturn + GFC onset,-0.005916220601648092,-1,-0.001174283679574728,-1,0.001174283679574728,-0.062965989112854,0.9999744892120361,8.498568604409229e-06,1.6997137208818458e-05,1,11.74283679574728
2008-05-15,fold_1,Pre-crisis upturn + GFC onset,0.0003855244431179017,1,0.009388802573084831,1,0.009388802573084831,-0.05416834354400635,0.999967098236084,1.0967080925183836e-05,2.1934161850367673e-05,1,93.88802573084831
2008-05-16,fold_1,Pre-crisis upturn + GFC onset,-0.0019989151041954756,-1,-0.0043633379973471165,-1,0.0043633379973471165,-0.050041377544403076,0.9999639987945557,1.2012370461889077e-05,2.4024740923778154e-05,1,43.633379973471165
2008-05-19,fold_1,Pre-crisis upturn + GFC onset,-0.001871693879365921,-1,0.008124498650431633,1,-0.008124498650431633,-0.05775928497314453,0.999977707862854,7.442759397235932e-06,1.4885518794471864e-05,0,-81.24498650431633
2008-05-20,fold_1,Pre-crisis upturn + GFC onset,-0.0012148984242230654,-1,0.00855705700814724,1,-0.00855705700814724,-0.06582212448120117,0.9999496936798096,1.6773978131823242e-05,3.3547956263646483e-05,0,-85.5705700814724
2008-05-21,fold_1,Pre-crisis upturn + GFC onset,-0.0031512489076703787,-1,-0.003555349772796035,-1,0.003555349772796035,-0.06250083446502686,0.9999719858169556,9.339189091406297e-06,1.8678378182812594e-05,1,35.55349772796035
2008-05-22,fold_1,Pre-crisis upturn + GFC onset,-0.0071279690600931644,-1,0.003377990797162056,1,-0.003377990797162056,-0.06566768884658813,0.999970555305481,9.82835717877606e-06,1.965671435755212e-05,0,-33.77990797162056
2008-05-23,fold_1,Pre-crisis upturn + GFC onset,-0.0015199891058728099,-1,-0.0003629504353739321,-1,0.0003629504353739321,-0.06532853841781616,0.9999806880950928,6.424469120247522e-06,1.2848938240495045e-05,1,3.6295043537393212
2008-05-27,fold_1,Pre-crisis upturn + GFC onset,-0.0036478096153587103,-1,-0.0022230539470911026,-1,0.0022230539470911026,-0.06325072050094604,0.9999815225601196,6.1503847064159345e-06,1.2300769412831869e-05,1,22.230539470911026
2008-05-28,fold_1,Pre-crisis upturn + GFC onset,-0.005086613353341818,-1,-0.00881433766335249,-1,0.00881433766335249,-0.05499392747879028,0.9999759197235107,8.022956535569392e-06,1.6045913071138784e-05,1,88.1433766335249
2008-05-29,fold_1,Pre-crisis upturn + GFC onset,-0.005122855305671692,-1,0.0014764738734811544,1,-0.0014764738734811544,-0.0563892126083374,0.9999765157699585,7.817804544174578e-06,1.5635609088349156e-05,0,-14.764738734811544
2008-05-30,fold_1,Pre-crisis upturn + GFC onset,0.00042109377682209015,1,0.0003264624683652073,1,0.0003264624683652073,-0.05608111619949341,0.999983549118042,5.492210220836569e-06,1.0984420441673137e-05,1,3.264624683652073
2008-06-02,fold_1,Pre-crisis upturn + GFC onset,-0.0035178435500711203,-1,-0.0061646453104913235,-1,0.0061646453104913235,-0.05026215314865112,0.9999790191650391,6.973555173317436e-06,1.3947110346634872e-05,1,61.646453104913235
2008-06-03,fold_1,Pre-crisis upturn + GFC onset,-0.0050638411194086075,-1,-0.001142001012340188,-1,0.001142001012340188,-0.04917752742767334,0.9999856948852539,4.784184966410976e-06,9.568369932821952e-06,1,11.42001012340188
2008-06-04,fold_1,Pre-crisis upturn + GFC onset,-0.0027438995894044638,-1,0.010132720693945885,1,-0.010132720693945885,-0.058811962604522705,0.9999821186065674,5.951523689873284e-06,1.1903047379746567e-05,0,-101.32720693945885
2008-06-05,fold_1,Pre-crisis upturn + GFC onset,-0.0023089537862688303,-1,0.012580753304064274,1,-0.012580753304064274,-0.07065284252166748,0.9999656677246094,1.145323858509073e-05,2.290647717018146e-05,0,-125.80753304064274
2008-06-06,fold_1,Pre-crisis upturn + GFC onset,-0.004866200964897871,-1,-0.008963803760707378,-1,0.008963803760707378,-0.06232231855392456,0.9999709129333496,9.69609845924424e-06,1.939219691848848e-05,1,89.63803760707378
2008-06-09,fold_1,Pre-crisis upturn + GFC onset,-0.009182892739772797,-1,-0.011474243365228176,-1,0.011474243365228176,-0.051563143730163574,0.9999676942825317,1.0784902769955806e-05,2.1569805539911613e-05,1,114.74243365228176
2008-06-10,fold_1,Pre-crisis upturn + GFC onset,-0.010572763159871101,-1,0.006067509297281504,1,-0.006067509297281504,-0.05731779336929321,0.9999610185623169,1.2982342923351098e-05,2.5964685846702196e-05,0,-60.67509297281504
2008-06-11,fold_1,Pre-crisis upturn + GFC onset,-0.0041109113954007626,-1,-0.006230826023966074,-1,0.006230826023966074,-0.05144411325454712,0.9999849796295166,4.9920668061531615e-06,9.984133612306323e-06,1,62.30826023966074
2008-06-12,fold_1,Pre-crisis upturn + GFC onset,-0.009685389697551727,-1,-0.005947754718363285,-1,0.005947754718363285,-0.04580235481262207,0.9999657869338989,1.1413494576117955e-05,2.282698915223591e-05,1,59.47754718363285
2008-06-13,fold_1,Pre-crisis upturn + GFC onset,-0.001666825613938272,-1,0.006823988631367683,1,-0.006823988631367683,-0.052313804626464844,0.9999723434448242,9.222874723491259e-06,1.8445749446982518e-05,0,-68.23988631367683
2008-06-16,fold_1,Pre-crisis upturn + GFC onset,0.0011810010764747858,1,0.0031044406350702047,1,0.0031044406350702047,-0.04937177896499634,0.9999748468399048,8.394972610403784e-06,1.6789945220807567e-05,1,31.044406350702047
2008-06-17,fold_1,Pre-crisis upturn + GFC onset,-0.004926654510200024,-1,0.0010409550741314888,1,-0.0010409550741314888,-0.05036133527755737,0.9999837875366211,5.406702257459983e-06,1.0813404514919966e-05,0,-10.409550741314888
2008-06-18,fold_1,Pre-crisis upturn + GFC onset,-0.0030256188474595547,-1,-0.0018145984504371881,-1,0.0018145984504371881,-0.048638105392456055,0.9999783039093018,7.229436050693039e-06,1.4458872101386078e-05,1,18.14598450437188
2008-06-19,fold_1,Pre-crisis upturn + GFC onset,-0.00065358926076442,-1,0.0076107727363705635,1,-0.0076107727363705635,-0.05587869882583618,0.9999699592590332,1.0004666364693549e-05,2.0009332729387097e-05,0,-76.10772736370564
2008-06-20,fold_1,Pre-crisis upturn + GFC onset,-0.0004457145114429295,-1,-0.00672138063237071,-1,0.00672138063237071,-0.04953289031982422,0.9999842643737793,5.232948751654476e-06,1.0465897503308952e-05,1,67.2138063237071
2008-06-23,fold_1,Pre-crisis upturn + GFC onset,-0.004507646895945072,-1,0.0030361225362867117,1,-0.0030361225362867117,-0.052418649196624756,0.9999802112579346,6.599668722628849e-06,1.3199337445257697e-05,0,-30.361225362867117
2008-06-24,fold_1,Pre-crisis upturn + GFC onset,-0.000507658813148737,-1,0.006677090656012297,1,-0.006677090656012297,-0.058745741844177246,0.9999815225601196,6.156624294817448e-06,1.2313248589634895e-05,0,-66.77090656012297
2008-06-25,fold_1,Pre-crisis upturn + GFC onset,-0.0006697822245769203,-1,0.005040960386395454,1,-0.005040960386395454,-0.06349056959152222,0.9999810457229614,6.3321940615423955e-06,1.2664388123084791e-05,0,-50.409603863954544
2008-06-26,fold_1,Pre-crisis upturn + GFC onset,-0.002797413384541869,-1,0.0,1,-0.0,-0.06349056959152222,0.9999628067016602,1.2400179912219755e-05,2.480035982443951e-05,0,-0.0
2008-06-27,fold_1,Pre-crisis upturn + GFC onset,-0.00043514007120393217,-1,-0.00018895813263952732,-1,0.00018895813263952732,-0.06331360340118408,0.999977707862854,7.43545342629659e-06,1.487090685259318e-05,1,1.8895813263952732
2010-01-19,fold_2,Post-crash recovery,-0.0031577402260154486,-1,-0.011951462365686893,-1,0.011951462365686893,0.011951446533203125,0.9999737739562988,8.724559847905766e-06,1.7449119695811532e-05,1,119.51462365686893
2010-01-20,fold_2,Post-crash recovery,-0.00620295200496912,-1,-0.0009444424649700522,-1,0.0009444424649700522,0.012907266616821289,0.9999845027923584,5.17652688358794e-06,1.035305376717588e-05,1,9.444424649700522
2010-01-21,fold_2,Post-crash recovery,-0.00010442007624078542,-1,0.003125128336250782,1,-0.003125128336250782,0.009741783142089844,0.9999890327453613,3.6537355754262535e-06,7.307471150852507e-06,0,-31.25128336250782
2010-01-22,fold_2,Post-crash recovery,0.0019433069974184036,1,0.0006368025206029415,1,0.0006368025206029415,0.010384798049926758,0.9999607801437378,1.3067232430330478e-05,2.6134464860660955e-05,1,6.368025206029415
2010-01-25,fold_2,Post-crash recovery,0.002851133467629552,1,-0.004788059741258621,-1,-0.004788059741258621,0.005547046661376953,0.999976396560669,7.854806426621508e-06,1.5709612853243016e-05,0,-47.88059741258621
2010-01-26,fold_2,Post-crash recovery,0.0021225791424512863,1,-0.003648065496236086,-1,-0.003648065496236086,0.0018787384033203125,0.9999697208404541,1.0081185791932512e-05,2.0162371583865024e-05,0,-36.48065496236086
2010-01-27,fold_2,Post-crash recovery,0.0022801796440035105,1,-0.004483596887439489,-1,-0.004483596887439489,-0.002613246440887451,0.9999706745147705,9.77576564764604e-06,1.955153129529208e-05,0,-44.835968874394894
2010-01-28,fold_2,Post-crash recovery,-0.00022583166719414294,-1,-0.0072386483661830425,-1,0.0072386483661830425,0.004606485366821289,0.9999605417251587,1.3139676411810797e-05,2.6279352823621593e-05,1,72.38648366183043
2010-01-29,fold_2,Post-crash recovery,-0.0009081768221221864,-1,0.0043313405476510525,1,-0.0043313405476510525,0.00025522708892822266,0.9999345541000366,2.1826366719324142e-05,4.3652733438648283e-05,0,-43.313405476510525
2010-02-01,fold_2,Post-crash recovery,0.003016246482729912,1,0.0035359642934054136,1,0.0035359642934054136,0.0037921667098999023,0.9999768733978271,7.715180800005328e-06,1.5430361600010656e-05,1,35.359642934054136
2010-02-02,fold_2,Post-crash recovery,0.00451171537861228,1,-0.0053796786814928055,-1,-0.0053796786814928055,-0.0016078948974609375,0.999963641166687,1.210825030284468e-05,2.421650060568936e-05,0,-53.796786814928055
2010-02-03,fold_2,Post-crash recovery,0.0007351391250267625,1,-0.01122969388961792,-1,-0.01122969388961792,-0.012819528579711914,0.9999822378158569,5.9092767514812294e-06,1.1818553502962459e-05,0,-112.2969388961792
2010-02-04,fold_2,Post-crash recovery,0.0009024491882883012,1,-0.004719560965895653,-1,-0.004719560965895653,-0.017478585243225098,0.9999649524688721,1.166071251645917e-05,2.332142503291834e-05,0,-47.19560965895653
2010-02-05,fold_2,Post-crash recovery,7.01479657436721e-05,1,-0.0018570575630292296,-1,-0.0018570575630292296,-0.01930314302444458,0.9999479055404663,1.7381293218932115e-05,3.476258643786423e-05,0,-18.570575630292296
2010-02-08,fold_2,Post-crash recovery,0.005197918973863125,1,0.009330499917268753,1,0.009330499917268753,-0.010152757167816162,0.9999804496765137,6.524933269247413e-06,1.3049866538494825e-05,1,93.30499917268753
2010-02-09,fold_2,Post-crash recovery,0.004889612551778555,1,-0.0020905188284814358,-1,-0.0020905188284814358,-0.012222051620483398,0.9999619722366333,1.2656622857321054e-05,2.5313245714642107e-05,0,-20.905188284814358
2010-02-10,fold_2,Post-crash recovery,0.004620791878551245,1,-0.005199064500629902,-1,-0.005199064500629902,-0.017357587814331055,0.9999536275863647,1.546217936265748e-05,3.092435872531496e-05,0,-51.99064500629902
2010-02-12,fold_2,Post-crash recovery,0.0014694039709866047,1,-0.0023396951146423817,-1,-0.0023396951146423817,-0.019656717777252197,0.9999513626098633,1.620470175112132e-05,3.240940350224264e-05,0,-23.396951146423817
2010-02-16,fold_2,Post-crash recovery,0.0024547409266233444,1,-0.01163397915661335,-1,-0.01163397915661335,-0.031062006950378418,0.9999840259552002,5.316624083206989e-06,1.0633248166413978e-05,0,-116.3397915661335
2010-02-17,fold_2,Post-crash recovery,-0.00028058962197974324,-1,-0.010688421316444874,-1,0.010688421316444874,-0.020705580711364746,0.9999741315841675,8.615338629169855e-06,1.723067725833971e-05,1,106.88421316444874
2010-02-18,fold_2,Post-crash recovery,0.0038486183620989323,1,0.011409442871809006,1,0.011409442871809006,-0.009532392024993896,0.9999691247940063,1.0293579180142842e-05,2.0587158360285684e-05,1,114.09442871809006
2010-02-19,fold_2,Post-crash recovery,-0.003190005896613002,-1,-0.0006938879960216582,-1,0.0006938879960216582,-0.008845090866088867,0.999964714050293,1.1754263141483534e-05,2.3508526282967068e-05,1,6.938879960216582
2010-02-22,fold_2,Post-crash recovery,3.6754274333361536e-05,1,-0.005776017438620329,-1,-0.005776017438620329,-0.014569997787475586,0.9999724626541138,9.167227290163282e-06,1.8334454580326565e-05,0,-57.76017438620329
2010-02-23,fold_2,Post-crash recovery,0.0038299094885587692,1,0.001191824907436967,1,0.001191824907436967,-0.013395488262176514,0.9999700784683228,9.9807875812985e-06,1.9961575162597e-05,1,11.918249074369669
2010-02-24,fold_2,Post-crash recovery,0.0011253140401095152,1,-0.000527954485733062,-1,-0.000527954485733062,-0.013916373252868652,0.9999791383743286,6.953483534744009e-06,1.3906967069488019e-05,0,-5.27954485733062
2010-02-25,fold_2,Post-crash recovery,0.0037771721836179495,1,0.007020008284598589,1,0.007020008284598589,-0.006994068622589111,0.9999815225601196,6.136145202617627e-06,1.2272290405235253e-05,1,70.20008284598589
2010-02-26,fold_2,Post-crash recovery,0.005217395257204771,1,-0.005058620125055313,-1,-0.005058620125055313,-0.012017309665679932,0.9999871253967285,4.270284989615902e-06,8.540569979231805e-06,0,-50.58620125055313
2010-03-01,fold_2,Post-crash recovery,0.004675848409533501,1,0.004317773040384054,1,0.004317773040384054,-0.00775146484375,0.9999762773513794,7.912497494544368e-06,1.5824994989088736e-05,1,43.17773040384054
2010-03-02,fold_2,Post-crash recovery,0.002783122705295682,1,0.005946443881839514,1,0.005946443881839514,-0.0018511414527893066,0.999968409538269,1.0511103937460575e-05,2.102220787492115e-05,1,59.46443881839514
2010-03-03,fold_2,Post-crash recovery,0.003925104159861803,1,-0.00858509074896574,-1,-0.00858509074896574,-0.01042032241821289,0.999971866607666,9.392052561452147e-06,1.8784105122904293e-05,0,-85.8509074896574
2010-03-04,fold_2,Post-crash recovery,0.0009485140326432884,1,0.003311865497380495,1,0.003311865497380495,-0.007142961025238037,0.9999749660491943,8.335856364283245e-06,1.667171272856649e-05,1,33.11865497380495
2010-03-05,fold_2,Post-crash recovery,0.0032838117331266403,1,-0.0008851704187691212,-1,-0.0008851704187691212,-0.008021831512451172,0.999983549118042,5.497596248460468e-06,1.0995192496920936e-05,0,-8.851704187691212
2010-03-08,fold_2,Post-crash recovery,9.670993676991202e-06,1,-0.0007347645587287843,-1,-0.0007347645587287843,-0.008750677108764648,0.9999608993530273,1.3042337741353549e-05,2.6084675482707098e-05,0,-7.347645587287843
2010-03-09,fold_2,Post-crash recovery,-0.0005464823334477842,-1,0.002674186136573553,1,-0.002674186136573553,-0.01140141487121582,0.9999831914901733,5.613780558633152e-06,1.1227561117266305e-05,0,-26.74186136573553
2010-03-10,fold_2,Post-crash recovery,-0.0010724508902058005,-1,0.0030791175086051226,1,-0.0030791175086051226,-0.01444542407989502,0.9999693632125854,1.022104606818175e-05,2.04420921363635e-05,0,-30.791175086051226
2010-03-11,fold_2,Post-crash recovery,-0.0015107233775779605,-1,0.006182710640132427,1,-0.006182710640132427,-0.02053886651992798,0.9999784231185913,7.190873475337867e-06,1.4381746950675733e-05,0,-61.82710640132427
2010-03-12,fold_2,Post-crash recovery,0.0003736901271622628,1,-0.006715663243085146,-1,-0.006715663243085146,-0.027116596698760986,0.9999831914901733,5.579657226917334e-06,1.1159314453834668e-05,0,-67.15663243085146
2010-03-15,fold_2,Post-crash recovery,-0.002368995686993003,-1,0.006677919998764992,1,-0.006677919998764992,-0.03361344337463379,0.9999784231185913,7.174714028224116e-06,1.4349428056448232e-05,0,-66.77919998764992
2010-03-16,fold_2,Post-crash recovery,-0.0008017084910534322,-1,-0.0022119286004453897,-1,0.0022119286004453897,-0.031475841999053955,0.9999791383743286,6.934909833944403e-06,1.3869819667888805e-05,1,22.119286004453897
2010-03-17,fold_2,Post-crash recovery,0.0009603513753972948,1,-0.009053192101418972,-1,-0.009053192101418972,-0.04024404287338257,0.9999698400497437,1.0068870324175805e-05,2.013774064835161e-05,0,-90.53192101418972
2010-03-18,fold_2,Post-crash recovery,-0.0029772936832159758,-1,-0.0056584724225103855,-1,0.0056584724225103855,-0.0348132848739624,0.9999780654907227,7.288698270713212e-06,1.4577396541426424e-05,1,56.584724225103855
2010-03-19,fold_2,Post-crash recovery,-0.0014304955257102847,-1,0.0022249817848205566,1,-0.0022249817848205566,-0.03696078062057495,0.9999874830245972,4.151192115386948e-06,8.302384230773896e-06,0,-22.249817848205566
2010-03-23,fold_2,Post-crash recovery,-0.00025214292691089213,-1,-0.010171548463404179,-1,0.010171548463404179,-0.02716517448425293,0.9999799728393555,6.658748134213965e-06,1.331749626842793e-05,1,101.71548463404179
2010-03-24,fold_2,Post-crash recovery,-0.005268113687634468,-1,-0.0017964079743251204,-1,0.0017964079743251204,-0.025417625904083252,0.999967098236084,1.0951890544674825e-05,2.190378108934965e-05,1,17.964079743251204
2010-03-25,fold_2,Post-crash recovery,-0.0018398344982415438,-1,0.0077375867404043674,1,-0.0077375867404043674,-0.0329585075378418,0.9999734163284302,8.873606930137612e-06,1.7747213860275224e-05,0,-77.37586740404367
2010-03-26,fold_2,Post-crash recovery,0.0005830562440678477,1,0.005298086442053318,1,0.005298086442053318,-0.02783501148223877,0.9999738931655884,8.69052018970251e-06,1.738104037940502e-05,1,52.98086442053318
2010-03-29,fold_2,Post-crash recovery,0.0013975559268146753,1,-0.0042286706157028675,-1,-0.0042286706157028675,-0.03194594383239746,0.9999797344207764,6.732060683134478e-06,1.3464121366268955e-05,0,-42.286706157028675
2010-03-30,fold_2,Post-crash recovery,-0.00097895588260144,-1,0.006254276726394892,1,-0.006254276726394892,-0.038000404834747314,0.9999728202819824,9.04951048141811e-06,1.809902096283622e-05,0,-62.54276726394892
2010-03-31,fold_2,Post-crash recovery,-0.0012140106409788132,-1,0.0056237718090415,1,-0.0056237718090415,-0.04341048002243042,0.9999713897705078,9.553161362418905e-06,1.910632272483781e-05,0,-56.237718090415
2010-04-01,fold_2,Post-crash recovery,-0.0024082118179649115,-1,-0.005820577964186668,-1,0.005820577964186668,-0.037842512130737305,0.9999855756759644,4.8070046432258096e-06,9.614009286451619e-06,1,58.205779641866684
2010-04-05,fold_2,Post-crash recovery,-0.006425445433706045,-1,-0.006459742318838835,-1,0.006459742318838835,-0.03162723779678345,0.9999723434448242,9.202927685691975e-06,1.840585537138395e-05,1,64.59742318838835
2010-04-06,fold_2,Post-crash recovery,-0.006472527980804443,-1,-0.003991239704191685,-1,0.003991239704191685,-0.027762234210968018,0.9999901056289673,3.3020551200024784e-06,6.604110240004957e-06,1,39.91239704191685
2010-04-07,fold_2,Post-crash recovery,-0.002837327541783452,-1,0.0009486044873483479,1,-0.0009486044873483479,-0.028684496879577637,0.9999864101409912,4.54374367109267e-06,9.08748734218534e-06,0,-9.486044873483479
2010-04-08,fold_2,Post-crash recovery,-0.0035079584922641516,-1,0.01046330388635397,1,-0.01046330388635397,-0.03884768486022949,0.9999792575836182,6.913359811733244e-06,1.3826719623466488e-05,0,-104.6330388635397
2010-04-09,fold_2,Post-crash recovery,-0.0029807176906615496,-1,0.007042666897177696,1,-0.007042666897177696,-0.045616745948791504,0.9999836683273315,5.420934940048028e-06,1.0841869880096056e-05,0,-70.42666897177696
2010-04-12,fold_2,Post-crash recovery,-0.002966697094962001,-1,0.0009253707830794156,1,-0.0009253707830794156,-0.04649990797042847,0.9999743700027466,8.554714440833777e-06,1.7109428881667554e-05,0,-9.253707830794156
2010-04-13,fold_2,Post-crash recovery,-0.004229777492582798,-1,0.0034823056776076555,1,-0.0034823056776076555,-0.04982024431228638,0.9999902248382568,3.254367356930743e-06,6.508734713861486e-06,0,-34.823056776076555
2010-04-14,fold_2,Post-crash recovery,-0.001924791606143117,-1,-0.005999756511300802,-1,0.005999756511300802,-0.04411935806274414,0.9999817609786987,6.095333901612321e-06,1.2190667803224642e-05,1,59.99756511300802
2010-04-15,fold_2,Post-crash recovery,-0.004324454348534346,-1,-0.00515845837071538,-1,0.00515845837071538,-0.039188504219055176,0.9999879598617554,3.994853614130989e-06,7.989707228261977e-06,1,51.5845837071538
2010-04-16,fold_2,Post-crash recovery,-0.00619115773588419,-1,-0.0012409078190103173,-1,0.0012409078190103173,-0.03799629211425781,0.9999890327453613,3.6386245483299717e-06,7.2772490966599435e-06,1,12.409078190103173
2010-04-19,fold_2,Post-crash recovery,-0.003669017693027854,-1,-0.0038692092057317495,-1,0.0038692092057317495,-0.03427410125732422,0.9999754428863525,8.200404408853501e-06,1.6400808817707002e-05,1,38.692092057317495
2010-04-20,fold_2,Post-crash recovery,-0.0008711744449101388,-1,-0.0033609094098210335,-1,0.0033609094098210335,-0.031028449535369873,0.9999666213989258,1.1138112313346937e-05,2.2276224626693875e-05,1,33.609094098210335
2010-04-21,fold_2,Post-crash recovery,-0.0008513240027241409,-1,-0.008957214653491974,-1,0.008957214653491974,-0.022349119186401367,0.9999749660491943,8.349659765372053e-06,1.6699319530744106e-05,1,89.57214653491974
2010-04-22,fold_2,Post-crash recovery,-0.002522869734093547,-1,0.008592506870627403,1,-0.008592506870627403,-0.03074955940246582,0.9999887943267822,3.720355380210094e-06,7.440710760420188e-06,0,-85.92506870627403
2010-04-23,fold_2,Post-crash recovery,-0.0004794251290149987,-1,0.001286504091694951,1,-0.001286504091694951,-0.03199648857116699,0.9999775886535645,7.480196927645011e-06,1.4960393855290022e-05,0,-12.86504091694951
2010-04-26,fold_2,Post-crash recovery,-0.002925663022324443,-1,-0.01720094121992588,-1,0.01720094121992588,-0.015345931053161621,0.9999803304672241,6.546107215399388e-06,1.3092214430798776e-05,1,172.0094121992588
2010-04-27,fold_2,Post-crash recovery,-0.0020940296817570925,-1,0.00319747650064528,1,-0.00319747650064528,-0.018494367599487305,0.9999737739562988,8.7417620306951e-06,1.74835240613902e-05,0,-31.9747650064528
2010-04-28,fold_2,Post-crash recovery,-0.003855462884530425,-1,0.0037932186387479305,1,-0.0037932186387479305,-0.02221745252609253,0.9999730587005615,8.96903202374233e-06,1.793806404748466e-05,0,-37.932186387479305
2010-04-30,fold_2,Post-crash recovery,-0.0009678805363364518,-1,-0.007378703448921442,-1,0.007378703448921442,-0.015002667903900146,0.9999555349349976,1.4833009117865004e-05,2.9666018235730007e-05,1,73.78703448921442
2010-05-06,fold_2,Post-crash recovery,-0.003391999751329422,-1,0.009745693765580654,1,-0.009745693765580654,-0.024602174758911133,0.9999459981918335,1.801407415769063e-05,3.602814831538126e-05,0,-97.45693765580654
2010-05-07,fold_2,Post-crash recovery,0.006081241648644209,1,0.0018146689981222153,1,0.0018146689981222153,-0.022832095623016357,0.9999220371246338,2.596479498606641e-05,5.192958997213282e-05,1,18.146689981222153
2010-05-10,fold_2,Post-crash recovery,0.007371276151388884,1,-0.011682657524943352,-1,-0.011682657524943352,-0.0342479944229126,0.999902606010437,3.246441701776348e-05,6.492883403552696e-05,0,-116.82657524943352
2010-05-11,fold_2,Post-crash recovery,0.00821110513061285,1,0.0007203565328381956,1,0.0007203565328381956,-0.03355228900909424,0.9999659061431885,1.1359262316545937e-05,2.2718524633091874e-05,1,7.203565328381956
2010-05-12,fold_2,Post-crash recovery,-0.0012346714502200484,-1,-0.007750330958515406,-1,0.007750330958515406,-0.026062071323394775,0.999942421913147,1.9178683942300268e-05,3.8357367884600535e-05,1,77.50330958515406
2010-05-13,fold_2,Post-crash recovery,0.0034681290853768587,1,-0.014436493627727032,-1,-0.014436493627727032,-0.04012233018875122,0.9999382495880127,2.0587005565175787e-05,4.117401113035157e-05,0,-144.36493627727032
2010-05-14,fold_2,Post-crash recovery,0.0025272660423070192,1,0.00266445754095912,1,0.00266445754095912,-0.03756481409072876,0.9999655485153198,1.1464982890174724e-05,2.292996578034945e-05,1,26.644575409591198
2010-05-17,fold_2,Post-crash recovery,0.006828541401773691,1,-0.0172696802765131,-1,-0.0172696802765131,-0.05418574810028076,0.9999301433563232,2.329913513676729e-05,4.659827027353458e-05,0,-172.696802765131
2010-05-18,fold_2,Post-crash recovery,0.009702201932668686,1,0.0176109466701746,1,0.0176109466701746,-0.0375291109085083,0.9999555349349976,1.4836624359304551e-05,2.9673248718609102e-05,1,176.109466701746
2010-05-19,fold_2,Post-crash recovery,0.011307204142212868,1,0.006900882814079523,1,0.006900882814079523,-0.030887186527252197,0.9999535083770752,1.5485120457015e-05,3.097024091403e-05,1,69.00882814079523
2010-05-20,fold_2,Post-crash recovery,0.01748380996286869,1,0.0070626987144351006,1,0.0070626987144351006,-0.02404266595840454,0.9998940229415894,3.5308836231706664e-05,7.061767246341333e-05,1,70.626987144351
2010-05-21,fold_2,Post-crash recovery,0.008399002254009247,1,-0.017277510836720467,-1,-0.017277510836720467,-0.04090481996536255,0.9999667406082153,1.1087733582826331e-05,2.2175467165652663e-05,0,-172.77510836720467
2010-05-24,fold_2,Post-crash recovery,0.009155917912721634,1,-0.0003210459544789046,-1,-0.0003210459544789046,-0.04121273756027222,0.999958872795105,1.3724779819312971e-05,2.7449559638625942e-05,0,-3.210459544789046
2010-05-25,fold_2,Post-crash recovery,0.005604926031082869,1,-0.014011116698384285,-1,-0.014011116698384285,-0.054646432399749756,0.9999074935913086,3.081780596403405e-05,6.16356119280681e-05,0,-140.11116698384285
2010-05-26,fold_2,Post-crash recovery,0.009277778677642345,1,0.014373074285686016,1,0.014373074285686016,-0.04105877876281738,0.9999357461929321,2.1408515749499202e-05,4.2817031498998404e-05,1,143.73074285686016
2010-05-27,fold_2,Post-crash recovery,0.002332726027816534,1,-0.005989732686430216,-1,-0.005989732686430216,-0.0468025803565979,0.9999313354492188,2.2883641577209346e-05,4.576728315441869e-05,0,-59.89732686430216
2010-05-28,fold_2,Post-crash recovery,0.007741749286651611,1,0.0011304189683869481,1,0.0011304189683869481,-0.04572504758834839,0.9999604225158691,1.3206702533352654e-05,2.641340506670531e-05,1,11.304189683869481
2010-06-01,fold_2,Post-crash recovery,0.006622058805078268,1,0.000489582889713347,1,0.000489582889713347,-0.04525786638259888,0.9999465942382812,1.7789083358366042e-05,3.5578166716732085e-05,1,4.89582889713347
2010-06-02,fold_2,Post-crash recovery,0.00488347327336669,1,-0.005683161783963442,-1,-0.005683161783963442,-0.05068385601043701,0.9999635219573975,1.2173055438324809e-05,2.4346110876649618e-05,0,-56.83161783963442
2010-06-03,fold_2,Post-crash recovery,0.0009143549832515419,1,-0.01630449667572975,-1,-0.01630449667572975,-0.06616199016571045,0.9999527931213379,1.5736057321191765e-05,3.147211464238353e-05,0,-163.04496675729752
2010-06-04,fold_2,Post-crash recovery,0.004988042172044516,1,-0.004018112551420927,-1,-0.004018112551420927,-0.06991428136825562,0.9999436140060425,1.8779695892590098e-05,3.7559391785180196e-05,0,-40.18112551420927
2010-06-07,fold_2,Post-crash recovery,0.010322699323296547,1,0.0041184090077877045,1,0.0041184090077877045,-0.06608378887176514,0.9999364614486694,2.116937866958324e-05,4.233875733916648e-05,1,41.184090077877045
2010-06-08,fold_2,Post-crash recovery,0.010383899323642254,1,0.0016669539036229253,1,0.0016669539036229253,-0.06452703475952148,0.9999680519104004,1.063498802977847e-05,2.126997605955694e-05,1,16.669539036229253
2010-06-09,fold_2,Post-crash recovery,0.010261318646371365,1,0.00975992064923048,1,0.00975992064923048,-0.0553969144821167,0.9999500513076782,1.663595139689278e-05,3.327190279378556e-05,1,97.5992064923048
2010-06-10,fold_2,Post-crash recovery,0.007471461780369282,1,0.00041180214611813426,1,0.00041180214611813426,-0.055007994174957275,0.9999518394470215,1.6069141565822065e-05,3.213828313164413e-05,1,4.118021461181343
2010-06-11,fold_2,Post-crash recovery,0.004833036568015814,1,0.008589374832808971,1,0.008589374832808971,-0.046891093254089355,0.9999604225158691,1.3189867786422838e-05,2.6379735572845675e-05,1,85.89374832808971
2010-06-14,fold_2,Post-crash recovery,0.002125247148796916,1,0.00826606061309576,1,0.00826606061309576,-0.039012610912323,0.9999610185623169,1.3009448593948036e-05,2.6018897187896073e-05,1,82.6606061309576
2010-06-15,fold_2,Post-crash recovery,-0.003082775278016925,-1,-0.0005786734400317073,-1,0.0005786734400317073,-0.03845655918121338,0.9999589920043945,1.3670078260474838e-05,2.7340156520949677e-05,1,5.786734400317073
2010-06-16,fold_2,Post-crash recovery,-0.004023442976176739,-1,0.005695778410881758,1,-0.005695778410881758,-0.04393327236175537,0.9999667406082153,1.1084569450758863e-05,2.2169138901517726e-05,0,-56.95778410881758
2010-06-17,fold_2,Post-crash recovery,-0.00582523038610816,-1,0.000879864557646215,1,-0.000879864557646215,-0.04477447271347046,0.9999762773513794,7.888897016528063e-06,1.5777794033056125e-05,0,-8.79864557646215
2010-06-18,fold_2,Post-crash recovery,-0.004497657064348459,-1,-0.006207311991602182,-1,0.006207311991602182,-0.038845062255859375,0.9999780654907227,7.320965778490063e-06,1.4641931556980126e-05,1,62.073119916021824
2010-06-21,fold_2,Post-crash recovery,-0.005874946713447571,-1,-0.0033265468664467335,-1,0.0033265468664467335,-0.03564774990081787,0.9999722242355347,9.270292139262892e-06,1.8540584278525785e-05,1,33.265468664467335
2010-06-22,fold_2,Post-crash recovery,-0.002450615167617798,-1,0.003584904596209526,1,-0.003584904596209526,-0.0391048789024353,0.9999722242355347,9.272765055357013e-06,1.8545530110714026e-05,0,-35.84904596209526
2010-06-23,fold_2,Post-crash recovery,-0.0007392444531433284,-1,0.0014927452430129051,1,-0.0014927452430129051,-0.04053926467895508,0.9999707937240601,9.727184988150839e-06,1.9454369976301678e-05,0,-14.927452430129051
2010-06-24,fold_2,Post-crash recovery,-0.0014194670366123319,-1,0.002882967470213771,1,-0.002882967470213771,-0.04330533742904663,0.9999786615371704,7.119505426089745e-06,1.423901085217949e-05,0,-28.82967470213771
2010-06-25,fold_2,Post-crash recovery,0.0007520047365687788,1,-0.007759139873087406,-1,-0.007759139873087406,-0.05072849988937378,0.9999793767929077,6.874675364088034e-06,1.3749350728176069e-05,0,-77.59139873087406
2010-06-28,fold_2,Post-crash recovery,-0.0013918702024966478,-1,-0.007384906057268381,-1,0.007384906057268381,-0.04371821880340576,0.9999680519104004,1.0640024811436888e-05,2.1280049622873776e-05,1,73.84906057268381
2010-06-29,fold_2,Post-crash recovery,-0.003658898640424013,-1,0.003583511570468545,1,-0.003583511570468545,-0.047145068645477295,0.9999909400939941,3.013570221810369e-06,6.027140443620738e-06,0,-35.83511570468545
2013-01-18,fold_3,Eurozone debt plateau,-0.006431980524212122,-1,-0.00392940966412425,-1,0.00392940966412425,0.0039293766021728516,0.9999768733978271,7.695469321333803e-06,1.5390938642667606e-05,1,39.294096641242504
2013-01-22,fold_3,Eurozone debt plateau,-0.001294836401939392,-1,0.00018636102322489023,1,-0.00018636102322489023,0.003742218017578125,0.9999547004699707,1.5109690139070153e-05,3.0219380278140306e-05,0,-1.8636102322489023
2013-01-23,fold_3,Eurozone debt plateau,-0.0029745588544756174,-1,-0.0004125860577914864,-1,0.0004125860577914864,0.004156351089477539,0.999968409538269,1.0528254279051907e-05,2.1056508558103815e-05,1,4.125860577914864
2013-01-24,fold_3,Eurozone debt plateau,-0.0022071567364037037,-1,0.004572297912091017,1,-0.004572297912091017,-0.0004349350929260254,0.9999697208404541,1.007657829177333e-05,2.015315658354666e-05,0,-45.72297912091017
2013-01-25,fold_3,Eurozone debt plateau,-0.00019969399727415293,-1,0.007231287192553282,1,-0.007231287192553282,-0.007663071155548096,0.9999581575393677,1.3956846487417351e-05,2.7913692974834703e-05,0,-72.31287192553282
2013-01-28,fold_3,Eurozone debt plateau,-0.005180234555155039,-1,-0.0014656366547569633,-1,0.0014656366547569633,-0.006208598613739014,0.9999513626098633,1.6205380234168842e-05,3.2410760468337685e-05,1,14.656366547569633
2013-01-29,fold_3,Eurozone debt plateau,0.0007946942932903767,1,0.003372915554791689,1,0.003372915554791689,-0.002856612205505371,0.9999701976776123,9.921970558934845e-06,1.984394111786969e-05,1,33.72915554791689
2013-01-30,fold_3,Eurozone debt plateau,0.0016279475530609488,1,0.005685125477612019,1,0.005685125477612019,0.0028122663497924805,0.9999643564224243,1.186501594929723e-05,2.373003189859446e-05,1,56.851254776120186
2013-01-31,fold_3,Eurozone debt plateau,-0.002997245406731963,-1,0.003144102171063423,1,-0.003144102171063423,-0.0003406405448913574,0.9999837875366211,5.391415015765233e-06,1.0782830031530466e-05,0,-31.44102171063423
2013-02-01,fold_3,Eurozone debt plateau,-0.0021481788717210293,-1,0.0027706902474164963,1,-0.0027706902474164963,-0.003110349178314209,0.9999574422836304,1.4195860785548575e-05,2.839172157109715e-05,0,-27.706902474164963
2013-02-04,fold_3,Eurozone debt plateau,-0.0061632669530808926,-1,-0.01003915723413229,-1,0.01003915723413229,0.006897687911987305,0.999982476234436,5.842166501679458e-06,1.1684333003358915e-05,1,100.3915723413229
2013-02-05,fold_3,Eurozone debt plateau,-0.0013224345166236162,-1,0.005160914734005928,1,-0.005160914734005928,0.0017011165618896484,0.9999600648880005,1.3311205293575767e-05,2.6622410587151535e-05,0,-51.60914734005928
2013-02-06,fold_3,Eurozone debt plateau,-0.0016546439146623015,-1,-0.004232979379594326,-1,0.004232979379594326,0.005941271781921387,0.9999734163284302,8.86690668266965e-06,1.77338133653393e-05,1,42.32979379594326
2013-02-07,fold_3,Eurozone debt plateau,-0.006180431693792343,-1,-0.009948350489139557,-1,0.009948350489139557,0.015948772430419922,0.9999674558639526,1.0847677003766876e-05,2.169535400753375e-05,1,99.48350489139557
2013-02-08,fold_3,Eurozone debt plateau,-0.0036937573458999395,-1,-0.0015773915220052004,-1,0.0015773915220052004,0.017551302909851074,0.9999746084213257,8.465243809041567e-06,1.6930487618083134e-05,1,15.773915220052004
2013-02-12,fold_3,Eurozone debt plateau,-0.00041759805753827095,-1,0.0036186398938298225,1,-0.0036186398938298225,0.013869166374206543,0.9999487400054932,1.7093900169129483e-05,3.418780033825897e-05,0,-36.186398938298225
2013-02-13,fold_3,Eurozone debt plateau,-0.0030938785057514906,-1,-0.0005645840428769588,-1,0.0005645840428769588,0.014441609382629395,0.9999343156814575,2.19033445318928e-05,4.38066890637856e-05,1,5.6458404287695885
2013-02-14,fold_3,Eurozone debt plateau,-0.0031627051066607237,-1,-0.00681004673242569,-1,0.00681004673242569,0.02135002613067627,0.9999833106994629,5.575923296419205e-06,1.115184659283841e-05,1,68.1004673242569
2013-02-15,fold_3,Eurozone debt plateau,-0.003160779131576419,-1,-0.0006672476301901042,-1,0.0006672476301901042,0.022031426429748535,0.9999431371688843,1.8932123566628434e-05,3.786424713325687e-05,1,6.6724763019010425
2013-02-19,fold_3,Eurozone debt plateau,0.0010621888795867562,1,0.003643653355538845,1,0.003643653355538845,0.02575528621673584,0.9999799728393555,6.661256520601455e-06,1.332251304120291e-05,1,36.43653355538845
2013-02-20,fold_3,Eurozone debt plateau,-0.0077528259716928005,-1,-0.009158467873930931,-1,0.009158467873930931,0.03514969348907471,0.9999639987945557,1.2011107173748314e-05,2.402221434749663e-05,1,91.58467873930931
2013-02-21,fold_3,Eurozone debt plateau,-0.00521249370649457,-1,-0.005937489680945873,-1,0.005937489680945873,0.04129588603973389,0.9999494552612305,1.684755079622846e-05,3.369510159245692e-05,1,59.37489680945873
2013-02-22,fold_3,Eurozone debt plateau,0.0011316739255562425,1,0.00011880857346113771,1,0.00011880857346113771,0.0414196252822876,0.9999356269836426,2.1451471184263937e-05,4.2902942368527874e-05,1,1.1880857346113771
2013-02-25,fold_3,Eurozone debt plateau,-0.000704986450728029,-1,-0.009916401468217373,-1,0.009916401468217373,0.05174672603607178,0.9998898506164551,3.673062383313663e-05,7.346124766627327e-05,1,99.16401468217373
2013-02-26,fold_3,Eurozone debt plateau,0.003676698077470064,1,6.532984116347507e-05,1,6.532984116347507e-05,0.05181539058685303,0.9999620914459229,1.2641219655051827e-05,2.5282439310103655e-05,1,0.6532984116347507
2013-02-27,fold_3,Eurozone debt plateau,0.0032908387947827578,1,0.006509747821837664,1,0.006509747821837664,0.0586625337600708,0.9999468326568604,1.772650830389466e-05,3.545301660778932e-05,1,65.09747821837664
2013-02-28,fold_3,Eurozone debt plateau,-0.0025200038217008114,-1,-0.006921785417944193,-1,0.006921785417944193,0.06599032878875732,0.9999375343322754,2.0810699425055645e-05,4.162139885011129e-05,1,69.21785417944193
2013-03-01,fold_3,Eurozone debt plateau,-0.0013141174567863345,-1,-0.003293330315500498,-1,0.003293330315500498,0.06950092315673828,0.9999330043792725,2.2347634512698278e-05,4.4695269025396556e-05,1,32.93330315500498
2013-03-04,fold_3,Eurozone debt plateau,0.0014822075609117746,1,0.0014731583651155233,1,0.0014731583651155233,0.07107651233673096,0.9999371767044067,2.0953089915565215e-05,4.190617983113043e-05,1,14.731583651155233
2013-03-05,fold_3,Eurozone debt plateau,0.0021920513827353716,1,0.0009524957276880741,1,0.0009524957276880741,0.07209670543670654,0.9999421834945679,1.9277749743196182e-05,3.8555499486392364e-05,1,9.524957276880741
2013-03-06,fold_3,Eurozone debt plateau,-0.0001299198338529095,-1,-0.0053601814433932304,-1,0.0053601814433932304,0.0778433084487915,0.9999576807022095,1.4088344869378489e-05,2.8176689738756977e-05,1,53.601814433932304
2013-03-07,fold_3,Eurozone debt plateau,0.006761470343917608,1,0.010226847603917122,1,0.010226847603917122,0.0888662338256836,0.9999145269393921,2.8483014830271713e-05,5.696602966054343e-05,1,102.26847603917122
2013-03-08,fold_3,Eurozone debt plateau,-0.0035294778645038605,-1,-0.009403315372765064,-1,0.009403315372765064,0.09910523891448975,0.9999371767044067,2.0936126020387746e-05,4.187225204077549e-05,1,94.03315372765064
2013-03-11,fold_3,Eurozone debt plateau,0.007123148534446955,1,0.0034406150225549936,1,0.0034406150225549936,0.10288679599761963,0.9999384880065918,2.0493933334364556e-05,4.098786666872911e-05,1,34.406150225549936
2013-03-12,fold_3,Eurozone debt plateau,0.0007675231317989528,1,-0.0002605045447126031,-1,-0.0002605045447126031,0.10259950160980225,0.9999691247940063,1.0294247658748645e-05,2.058849531749729e-05,0,-2.605045447126031
2013-03-13,fold_3,Eurozone debt plateau,-0.0003283074765931815,-1,-0.005442651454359293,-1,0.005442651454359293,0.10860049724578857,0.9999680519104004,1.063103354681516e-05,2.126206709363032e-05,1,54.42651454359293
2013-03-14,fold_3,Eurozone debt plateau,0.004733147099614143,1,0.004164100158959627,1,0.004164100158959627,0.11321687698364258,0.9999498128890991,1.6744908862165175e-05,3.348981772433035e-05,1,41.64100158959627
2013-03-15,fold_3,Eurozone debt plateau,0.004049362149089575,1,-0.009192564524710178,-1,-0.009192564524710178,0.10298359394073486,0.9999790191650391,6.996375304879621e-06,1.3992750609759241e-05,0,-91.92564524710178
2013-03-18,fold_3,Eurozone debt plateau,-0.0045114061795175076,-1,0.004051790572702885,1,-0.004051790572702885,0.09851455688476562,0.9999810457229614,6.298081189015647e-06,1.2596162378031295e-05,0,-40.51790572702885
2013-03-19,fold_3,Eurozone debt plateau,-0.002281520050019026,-1,-0.006264734081923962,-1,0.006264734081923962,0.10539638996124268,0.9999805688858032,6.4541000028839335e-06,1.2908200005767867e-05,1,62.647340819239616
2013-03-21,fold_3,Eurozone debt plateau,-0.001891314866952598,-1,-0.002839107299223542,-1,0.002839107299223542,0.10853469371795654,0.9999756813049316,8.102148967736866e-06,1.6204297935473733e-05,1,28.391072992235422
2013-03-22,fold_3,Eurozone debt plateau,0.0008700743201188743,1,0.0092341098934412,1,0.0092341098934412,0.11877095699310303,0.9999778270721436,7.3927344601543155e-06,1.4785468920308631e-05,1,92.341098934412
2013-03-25,fold_3,Eurozone debt plateau,-0.004342479631304741,-1,-0.012717006728053093,-1,0.012717006728053093,0.13299834728240967,0.9999722242355347,9.235521247319411e-06,1.8471042494638823e-05,1,127.17006728053093
2013-03-26,fold_3,Eurozone debt plateau,0.0012932117097079754,1,0.00012858747504651546,1,0.00012858747504651546,0.13314414024353027,0.9999622106552124,1.2593452083820011e-05,2.5186904167640023e-05,1,1.2858747504651546
2013-03-27,fold_3,Eurozone debt plateau,-0.00020675314590334892,-1,-0.0063889650627970695,-1,0.0063889650627970695,0.14038383960723877,0.9999740123748779,8.678909580339678e-06,1.7357819160679355e-05,1,63.889650627970695
2013-03-28,fold_3,Eurozone debt plateau,0.0028687086887657642,1,0.002973254071548581,1,0.002973254071548581,0.1437743902206421,0.999958872795105,1.370772224618122e-05,2.741544449236244e-05,1,29.73254071548581
2013-04-01,fold_3,Eurozone debt plateau,0.0003869204956572503,1,0.0034695772919803858,1,0.0034695772919803858,0.1477428674697876,0.9999545812606812,1.5143007658480201e-05,3.0286015316960402e-05,1,34.69577291980386
2013-04-02,fold_3,Eurozone debt plateau,-0.0015268869465216994,-1,-0.0023077132645994425,-1,0.0023077132645994425,0.1503915786743164,0.999966025352478,1.1328290383971762e-05,2.2656580767943524e-05,1,23.077132645994425
2013-04-03,fold_3,Eurozone debt plateau,0.004865307826548815,1,0.002313051139935851,1,0.002313051139935851,0.1530524492263794,0.9999711513519287,9.595451956556644e-06,1.919090391311329e-05,1,23.13051139935851
2013-04-04,fold_3,Eurozone debt plateau,0.0024404802825301886,1,0.006076161749660969,1,0.006076161749660969,0.1600586175918579,0.9999744892120361,8.488231287628878e-06,1.6976462575257756e-05,1,60.76161749660969
2013-04-05,fold_3,Eurozone debt plateau,0.0022556737530976534,1,0.004937021527439356,1,0.004937021527439356,0.16578590869903564,0.9999500513076782,1.6638130546198227e-05,3.327626109239645e-05,1,49.37021527439356
2013-04-08,fold_3,Eurozone debt plateau,-0.0034667425788939,-1,0.0028665303252637386,1,-0.0028665303252637386,0.16244423389434814,0.9999324083328247,2.2527143300976604e-05,4.505428660195321e-05,0,-28.665303252637386
2013-04-09,fold_3,Eurozone debt plateau,-7.677567191421986e-05,-1,0.003910965286195278,1,-0.003910965286195278,0.15789794921875,0.9999486207962036,1.713916026346851e-05,3.427832052693702e-05,0,-39.10965286195278
2013-04-10,fold_3,Eurozone debt plateau,-0.007942776195704937,-1,-0.0019061239436268806,-1,0.0019061239436268806,0.16010510921478271,0.999981164932251,6.282210051722359e-06,1.2564420103444718e-05,1,19.061239436268806
2013-04-11,fold_3,Eurozone debt plateau,-0.004500329028815031,-1,0.00455083604902029,1,-0.00455083604902029,0.15482568740844727,0.999954342842102,1.5231765246426221e-05,3.0463530492852442e-05,0,-45.508360490202904
2013-04-12,fold_3,Eurozone debt plateau,-0.008527589030563831,-1,-0.001178935170173645,-1,0.001178935170173645,0.15618717670440674,0.9999792575836182,6.9241718847479206e-06,1.3848343769495841e-05,1,11.78935170173645
2013-04-15,fold_3,Eurozone debt plateau,-0.010116098448634148,-1,-0.0034072035923600197,-1,0.0034072035923600197,0.16012656688690186,0.9999393224716187,2.0210629372741096e-05,4.042125874548219e-05,1,34.0720359236002
2013-04-16,fold_3,Eurozone debt plateau,0.002556795021519065,1,0.009501743130385876,1,0.009501743130385876,0.17114973068237305,0.9999716281890869,9.439504538022447e-06,1.8879009076044895e-05,1,95.01743130385876
2013-04-17,fold_3,Eurozone debt plateau,-0.014319652691483498,-1,-0.010910171084105968,-1,0.010910171084105968,0.18392717838287354,0.9999598264694214,1.3394507732300553e-05,2.6789015464601107e-05,1,109.10171084105968
2013-04-18,fold_3,Eurozone debt plateau,0.00016305028111673892,1,0.0013966822298243642,1,0.0013966822298243642,0.18558073043823242,0.9999891519546509,3.617487436713418e-06,7.234974873426836e-06,1,13.966822298243642
2013-04-19,fold_3,Eurozone debt plateau,-0.0028044169303029776,-1,0.0001958034554263577,1,-0.0001958034554263577,0.18534862995147705,0.9999849796295166,5.010252152715111e-06,1.0020504305430222e-05,0,-1.9580345542635769
2013-04-22,fold_3,Eurozone debt plateau,-0.0014591821236535907,-1,0.0004571809549815953,1,-0.0004571809549815953,0.1848067045211792,0.9999816417694092,6.1348282542894594e-06,1.2269656508578919e-05,0,-4.571809549815953
2013-04-23,fold_3,Eurozone debt plateau,-0.003939585294574499,-1,-0.005145795177668333,-1,0.005145795177668333,0.1909034252166748,0.9999867677688599,4.408590029925108e-06,8.817180059850216e-06,1,51.45795177668333
2013-04-24,fold_3,Eurozone debt plateau,0.0018577988957986236,1,0.0017703734338283539,1,0.0017703734338283539,0.19301176071166992,0.9999796152114868,6.797754849685589e-06,1.3595509699371178e-05,1,17.70373433828354
2013-04-25,fold_3,Eurozone debt plateau,0.0010060748318210244,1,-0.0007805071654729545,-1,-0.0007805071654729545,0.19208061695098877,0.9999740123748779,8.670479473948944e-06,1.734095894789789e-05,0,-7.805071654729545
2013-04-26,fold_3,Eurozone debt plateau,-0.002087137196213007,-1,0.0027129673399031162,1,-0.0027129673399031162,0.18884658813476562,0.9999744892120361,8.512266504112631e-06,1.7024533008225262e-05,0,-27.129673399031162
2013-04-30,fold_3,Eurozone debt plateau,0.0009582386701367795,1,0.005530692171305418,1,0.005530692171305418,0.19542181491851807,0.9999741315841675,8.639110092190094e-06,1.727822018438019e-05,1,55.30692171305418
2013-05-01,fold_3,Eurozone debt plateau,-0.0004791012906935066,-1,0.0010545552941039205,1,-0.0010545552941039205,0.19416117668151855,0.9999864101409912,4.514134161581751e-06,9.028268323163502e-06,0,-10.545552941039205
2013-05-02,fold_3,Eurozone debt plateau,-0.005535289645195007,-1,-0.00888423714786768,-1,0.00888423714786768,0.20477032661437988,0.9999728202819824,9.0381163317943e-06,1.80762326635886e-05,1,88.8423714786768
2013-05-07,fold_3,Eurozone debt plateau,0.00031186951673589647,1,0.0005231635295785964,1,0.0005231635295785964,0.20540070533752441,0.9999806880950928,6.434347596950829e-06,1.2868695193901658e-05,1,5.2316352957859635
2013-05-08,fold_3,Eurozone debt plateau,0.0020988050382584333,1,0.00644897622987628,1,0.00644897622987628,0.21317434310913086,0.9999873638153076,4.213756255921908e-06,8.427512511843815e-06,1,64.4897622987628
2013-05-09,fold_3,Eurozone debt plateau,-0.010491272434592247,-1,-0.009645446203649044,-1,0.009645446203649044,0.22487592697143555,0.9999725818634033,9.11721508600749e-06,1.823443017201498e-05,1,96.45446203649044
2013-05-10,fold_3,Eurozone debt plateau,-0.00549321761354804,-1,-0.005302789621055126,-1,0.005302789621055126,0.23137116432189941,0.9999810457229614,6.295264029176906e-06,1.2590528058353812e-05,1,53.02789621055126
2013-05-13,fold_3,Eurozone debt plateau,-0.0009075191919691861,-1,0.0017533899517729878,1,-0.0017533899517729878,0.22921204566955566,0.9999767541885376,7.759200343571138e-06,1.5518400687142275e-05,0,-17.53389951772988
2013-05-14,fold_3,Eurozone debt plateau,-0.005702383816242218,-1,-0.003920002840459347,-1,0.003920002840459347,0.23403048515319824,0.9999752044677734,8.24525432108203e-06,1.649050864216406e-05,1,39.20002840459347
2013-05-15,fold_3,Eurozone debt plateau,-0.005381326656788588,-1,-0.004225410986691713,-1,0.004225410986691713,0.23924469947814941,0.9999812841415405,6.216138899617363e-06,1.2432277799234726e-05,1,42.25410986691713
2013-05-16,fold_3,Eurozone debt plateau,-0.003435345133766532,-1,6.449774082284421e-05,1,-6.449774082284421e-05,0.2391648292541504,0.9999798536300659,6.7274509092385415e-06,1.3454901818477083e-05,0,-0.6449774082284421
2013-05-17,fold_3,Eurozone debt plateau,-0.005379403941333294,-1,-0.003696675878018141,-1,0.003696675878018141,0.24374568462371826,0.9999737739562988,8.726608029974159e-06,1.7453216059948318e-05,1,36.96675878018141
2013-05-20,fold_3,Eurozone debt plateau,0.001485449611209333,1,0.004318435210734606,1,0.004318435210734606,0.24911677837371826,0.9999747276306152,8.410803275182843e-06,1.6821606550365686e-05,1,43.18435210734606
2013-05-21,fold_3,Eurozone debt plateau,-0.0038880822248756886,-1,0.002170462626963854,1,-0.002170462626963854,0.24640560150146484,0.9999599456787109,1.3362070603761822e-05,2.6724141207523644e-05,0,-21.70462626963854
2013-05-22,fold_3,Eurozone debt plateau,-0.0068048397079110146,-1,-0.005958682391792536,-1,0.005958682391792536,0.2538325786590576,0.9999793767929077,6.8532917794073e-06,1.37065835588146e-05,1,59.58682391792536
2013-05-23,fold_3,Eurozone debt plateau,0.002151800086721778,1,0.006462528370320797,1,0.006462528370320797,0.26193559169769287,0.999983549118042,5.473472810990643e-06,1.0946945621981286e-05,1,64.62528370320797
2013-05-24,fold_3,Eurozone debt plateau,-0.0005315399030223489,-1,0.0009831828065216541,1,-0.0009831828065216541,0.26069486141204834,0.9999617338180542,1.274370606552111e-05,2.548741213104222e-05,0,-9.831828065216541
2013-05-28,fold_3,Eurozone debt plateau,-0.0032154941000044346,-1,-0.006770005449652672,-1,0.006770005449652672,0.2692297697067261,0.9999731779098511,8.925983820518013e-06,1.7851967641036026e-05,1,67.70005449652672
2013-05-29,fold_3,Eurozone debt plateau,0.002435192232951522,1,0.007898152805864811,1,0.007898152805864811,0.2792544364929199,0.9999899864196777,3.3423305012547644e-06,6.684661002509529e-06,1,78.98152805864811
2013-05-30,fold_3,Eurozone debt plateau,0.003856850555166602,1,0.007421950809657574,1,0.007421950809657574,0.28874897956848145,0.9999736547470093,8.791167601884808e-06,1.7582335203769617e-05,1,74.21950809657574
2013-05-31,fold_3,Eurozone debt plateau,-0.005710802040994167,-1,-0.0036389913875609636,-1,0.0036389913875609636,0.2934386730194092,0.9999798536300659,6.7148785092285834e-06,1.3429757018457167e-05,1,36.389913875609636
2013-06-03,fold_3,Eurozone debt plateau,0.0056934417225420475,1,0.005882744211703539,1,0.005882744211703539,0.301047682762146,0.9999737739562988,8.730971785553265e-06,1.746194357110653e-05,1,58.82744211703539
2013-06-04,fold_3,Eurozone debt plateau,-0.00423170393332839,-1,3.9302009099628776e-05,1,-3.9302009099628776e-05,0.3009965419769287,0.9999788999557495,7.0125051934155636e-06,1.4025010386831127e-05,0,-0.39302009099628776
2013-06-05,fold_3,Eurozone debt plateau,-0.0009348252788186073,-1,0.0015187669778242707,1,-0.0015187669778242707,0.2990206480026245,0.9999604225158691,1.3170273632567842e-05,2.6340547265135683e-05,0,-15.187669778242707
2013-06-06,fold_3,Eurozone debt plateau,0.005236036144196987,1,0.011629591695964336,1,0.011629591695964336,0.31412768363952637,0.9999808073043823,6.410737114492804e-06,1.2821474228985608e-05,1,116.29591695964336
2013-06-07,fold_3,Eurozone debt plateau,-0.008191537111997604,-1,-0.0016265598824247718,-1,0.0016265598824247718,0.3162652254104614,0.999972939491272,9.016557669383474e-06,1.8033115338766947e-05,1,16.265598824247718
2013-06-10,fold_3,Eurozone debt plateau,-0.004184850957244635,-1,0.0,1,-0.0,0.3162652254104614,0.9999635219573975,1.2147174857091159e-05,2.4294349714182317e-05,0,-0.0
2013-06-11,fold_3,Eurozone debt plateau,-0.001749965245835483,-1,0.0,1,-0.0,0.3162652254104614,0.9999644756317139,1.1856664968945552e-05,2.3713329937891103e-05,0,-0.0
2013-06-12,fold_3,Eurozone debt plateau,-0.0015402300050482154,-1,0.008737497963011265,1,-0.008737497963011265,0.30476438999176025,0.9999626874923706,1.24392927318695e-05,2.4878585463739e-05,0,-87.37497963011265
2013-06-13,fold_3,Eurozone debt plateau,-0.0061245025135576725,-1,0.002125462982803583,1,-0.002125462982803583,0.30199122428894043,0.999987006187439,4.315385012887418e-06,8.630770025774837e-06,0,-21.25462982803583
2013-06-14,fold_3,Eurozone debt plateau,-0.004718594253063202,-1,-0.0014417035272344947,-1,0.0014417035272344947,0.30386829376220703,0.9999754428863525,8.194297151931096e-06,1.6388594303862192e-05,1,14.417035272344947
2013-06-17,fold_3,Eurozone debt plateau,0.00031826208578422666,1,0.001082459231838584,1,0.001082459231838584,0.30527961254119873,0.999984860420227,5.0562439355417155e-06,1.0112487871083431e-05,1,10.82459231838584
2013-06-18,fold_3,Eurozone debt plateau,-0.0029472687747329473,-1,0.0020085156429558992,1,-0.0020085156429558992,0.30265796184539795,0.9999721050262451,9.308851986133959e-06,1.8617703972267918e-05,0,-20.085156429558992
2013-06-19,fold_3,Eurozone debt plateau,-0.012027600780129433,-1,-0.007323887664824724,-1,0.007323887664824724,0.3121984004974365,0.9999736547470093,8.76150716067059e-06,1.752301432134118e-05,1,73.23887664824724
2013-06-20,fold_3,Eurozone debt plateau,-0.015755146741867065,-1,-0.004235328175127506,-1,0.004235328175127506,0.3177560567855835,0.999980092048645,6.618439329031389e-06,1.3236878658062778e-05,1,42.35328175127506
2013-06-21,fold_3,Eurozone debt plateau,-0.011075325310230255,-1,-0.009842113591730595,-1,0.009842113591730595,0.33072566986083984,0.9999607801437378,1.3079780728730839e-05,2.6159561457461677e-05,1,98.42113591730595
2013-06-24,fold_3,Eurozone debt plateau,-0.00527699152007699,-1,0.002061850391328335,1,-0.002061850391328335,0.32798194885253906,0.9999722242355347,9.25946187635418e-06,1.851892375270836e-05,0,-20.618503913283348
2013-06-25,fold_3,Eurozone debt plateau,-0.002724273595958948,-1,-0.004002472851425409,-1,0.004002472851425409,0.33329713344573975,0.9999886751174927,3.7860020256630378e-06,7.5720040513260756e-06,1,40.02472851425409
2013-06-26,fold_3,Eurozone debt plateau,-0.00423869863152504,-1,-0.00507523724809289,-1,0.00507523724809289,0.3400639295578003,0.9999831914901733,5.604970738204429e-06,1.1209941476408858e-05,1,50.7523724809289
2013-06-27,fold_3,Eurozone debt plateau,0.0008434982155449688,1,0.0017338114557787776,1,0.0017338114557787776,0.342387318611145,0.9999686479568481,1.0449482942931354e-05,2.0898965885862708e-05,1,17.338114557787776
2015-04-15,fold_4,Strong USD downturn,0.0019390815868973732,1,0.0027866659220308065,1,0.0027866659220308065,0.0027866363525390625,0.9999653100967407,1.1559207450773101e-05,2.3118414901546203e-05,1,27.866659220308065
2015-04-16,fold_4,Strong USD downturn,0.006108787842094898,1,0.007378339767456055,1,0.007378339767456055,0.010185480117797852,0.9999598264694214,1.33728835862712e-05,2.67457671725424e-05,1,73.78339767456055
2015-04-17,fold_4,Strong USD downturn,-0.00753826042637229,-1,0.0050807795487344265,1,-0.0050807795487344265,0.005052924156188965,0.9999784231185913,7.187092705862597e-06,1.4374185411725193e-05,0,-50.807795487344265
2015-04-20,fold_4,Strong USD downturn,-0.009141233749687672,-1,-0.005803639534860849,-1,0.005803639534860849,0.010885834693908691,0.9999716281890869,9.439762834517751e-06,1.8879525669035502e-05,1,58.036395348608494
2015-04-21,fold_4,Strong USD downturn,-0.004888334311544895,-1,-0.0005370663129724562,-1,0.0005370663129724562,0.01142871379852295,0.9999880790710449,3.963114068028517e-06,7.926228136057034e-06,1,5.370663129724562
2015-04-22,fold_4,Strong USD downturn,-0.004057345446199179,-1,-0.0014802230289205909,-1,0.0014802230289205909,0.012925863265991211,0.9999746084213257,8.46928287501214e-06,1.693856575002428e-05,1,14.802230289205909
2015-04-23,fold_4,Strong USD downturn,0.00030406421865336597,1,0.008316786028444767,1,0.008316786028444767,0.02135014533996582,0.9999738931655884,8.68123970576562e-06,1.736247941153124e-05,1,83.16786028444767
2015-04-24,fold_4,Strong USD downturn,-0.0029334723949432373,-1,0.004988814238458872,1,-0.004988814238458872,0.016254901885986328,0.9999892711639404,3.5540460885385983e-06,7.1080921770771965e-06,0,-49.88814238458872
2015-04-27,fold_4,Strong USD downturn,-0.005443733185529709,-1,0.0008267566445283592,1,-0.0008267566445283592,0.015414714813232422,0.9999853372573853,4.868464202445466e-06,9.736928404890932e-06,0,-8.267566445283592
2015-04-28,fold_4,Strong USD downturn,-0.0005585696781054139,-1,0.0083804065361619,1,-0.0083804065361619,0.006905078887939453,0.9999774694442749,7.490927600883879e-06,1.4981855201767758e-05,0,-83.804065361619
2015-04-30,fold_4,Strong USD downturn,-0.006904606707394123,-1,0.009027745574712753,1,-0.009027745574712753,-0.0021849870681762695,0.9999840259552002,5.327787675923901e-06,1.0655575351847801e-05,0,-90.27745574712753
2015-05-01,fold_4,Strong USD downturn,-0.011153961531817913,-1,-0.002561562927439809,-1,0.002561562927439809,0.00037097930908203125,0.9999736547470093,8.766046448727138e-06,1.7532092897454277e-05,1,25.61562927439809
2015-05-07,fold_4,Strong USD downturn,-0.013760057277977467,-1,-0.008334004320204258,-1,0.008334004320204258,0.00870811939239502,0.9999886751174927,3.7686108953494113e-06,7.537221790698823e-06,1,83.34004320204258
2015-05-08,fold_4,Strong USD downturn,-0.002422709483653307,-1,-0.004701511934399605,-1,0.004701511934399605,0.0134505033493042,0.9999918937683105,2.703331801967579e-06,5.406663603935158e-06,1,47.01511934399605
2015-05-11,fold_4,Strong USD downturn,-0.006143065635114908,-1,-0.0044355494901537895,-1,0.0044355494901537895,0.01794564723968506,0.9999768733978271,7.694763553445227e-06,1.5389527106890455e-05,1,44.355494901537895
2015-05-12,fold_4,Strong USD downturn,-0.005161845125257969,-1,0.006912466138601303,1,-0.006912466138601303,0.010909080505371094,0.9999721050262451,9.295959898736328e-06,1.8591919797472656e-05,0,-69.12466138601303
2015-05-13,fold_4,Strong USD downturn,-0.0027005583979189396,-1,0.011498061008751392,1,-0.011498061008751392,-0.0007143616676330566,0.9999761581420898,7.95648247731151e-06,1.591296495462302e-05,0,-114.98061008751392
2015-05-14,fold_4,Strong USD downturn,-0.006905397865921259,-1,0.0048014628700912,1,-0.0048014628700912,-0.005512356758117676,0.9999675750732422,1.0788074177980889e-05,2.1576148355961777e-05,0,-48.014628700912
2015-05-15,fold_4,Strong USD downturn,-0.004442412871867418,-1,0.0035136754158884287,1,-0.0035136754158884287,-0.009006679058074951,0.9999866485595703,4.457000613911077e-06,8.914001227822155e-06,0,-35.13675415888429
2015-05-18,fold_4,Strong USD downturn,-0.00979163870215416,-1,-0.010386107489466667,-1,0.010386107489466667,0.0012859106063842773,0.9999676942825317,1.0749768989626318e-05,2.1499537979252636e-05,1,103.86107489466667
2015-05-19,fold_4,Strong USD downturn,-0.011631487868726254,-1,-0.015850599855184555,-1,0.015850599855184555,0.01715683937072754,0.9999802112579346,6.606197075598175e-06,1.321239415119635e-05,1,158.50599855184555
2015-05-20,fold_4,Strong USD downturn,-0.00499276677146554,-1,-0.004118285607546568,-1,0.004118285607546568,0.021345853805541992,0.9999836683273315,5.442562269308837e-06,1.0885124538617674e-05,1,41.18285607546568
2015-05-21,fold_4,Strong USD downturn,-0.005795035511255264,-1,0.001000001560896635,1,-0.001000001560896635,0.0203244686126709,0.9999822378158569,5.9127728491148446e-06,1.1825545698229689e-05,0,-10.00001560896635
2015-05-22,fold_4,Strong USD downturn,-0.009943599812686443,-1,-0.010696151293814182,-1,0.010696151293814182,0.031238079071044922,0.9999779462814331,7.341992841247702e-06,1.4683985682495404e-05,1,106.96151293814182
2015-05-26,fold_4,Strong USD downturn,-0.015993988141417503,-1,-0.007502323482185602,-1,0.007502323482185602,0.038974761962890625,0.9999771118164062,7.638524948561098e-06,1.5277049897122197e-05,1,75.02323482185602
2015-05-27,fold_4,Strong USD downturn,-0.005415385123342276,-1,0.0010246067540720105,1,-0.0010246067540720105,0.03791022300720215,0.9999760389328003,7.970855222083628e-06,1.5941710444167256e-05,0,-10.246067540720105
2015-05-28,fold_4,Strong USD downturn,-0.0016710314666852355,-1,0.005534912459552288,1,-0.005534912459552288,0.03216552734375,0.999977707862854,7.44331782698282e-06,1.488663565396564e-05,0,-55.34912459552288
2015-05-29,fold_4,Strong USD downturn,-0.006070462521165609,-1,-0.0002191598032368347,-1,0.0002191598032368347,0.03239166736602783,0.9999817609786987,6.095602202549344e-06,1.2191204405098688e-05,1,2.191598032368347
2015-06-01,fold_4,Strong USD downturn,-0.00874535832554102,-1,-0.0031894471030682325,-1,0.0031894471030682325,0.03568446636199951,0.9999628067016602,1.2411942407197785e-05,2.482388481439557e-05,1,31.894471030682325
2015-06-02,fold_4,Strong USD downturn,0.00484186876565218,1,0.020783551037311554,1,0.020783551037311554,0.05720961093902588,0.9999539852142334,1.53333785419818e-05,3.06667570839636e-05,1,207.83551037311554
2015-06-03,fold_4,Strong USD downturn,-0.007591624744236469,-1,0.009670482017099857,1,-0.009670482017099857,0.04698586463928223,0.9999399185180664,2.002586734306533e-05,4.005173468613066e-05,0,-96.70482017099857
2015-06-04,fold_4,Strong USD downturn,-0.01021945383399725,-1,-0.004438275005668402,-1,0.004438275005668402,0.05163264274597168,0.9999594688415527,1.3499301530828234e-05,2.6998603061656468e-05,1,44.38275005668402
2015-06-05,fold_4,Strong USD downturn,-0.015108460560441017,-1,-0.008897615596652031,-1,0.008897615596652031,0.06098973751068115,0.9999682903289795,1.0559515430941246e-05,2.1119030861882493e-05,1,88.97615596652031
2015-06-08,fold_4,Strong USD downturn,0.0014085824368521571,1,0.015556452795863152,1,0.015556452795863152,0.07749497890472412,0.9999457597732544,1.8062159142573364e-05,3.612431828514673e-05,1,155.56452795863152
2015-06-09,fold_4,Strong USD downturn,-0.007469988893717527,-1,0.0016044342191889882,1,-0.0016044342191889882,0.07576620578765869,0.9999674558639526,1.0826348443515599e-05,2.1652696887031198e-05,0,-16.044342191889882
2015-06-10,fold_4,Strong USD downturn,-0.0033724389504641294,-1,0.0011425005504861474,1,-0.0011425005504861474,0.07453715801239014,0.9999781847000122,7.2751540756144095e-06,1.4550308151228819e-05,0,-11.425005504861474
2015-06-11,fold_4,Strong USD downturn,-0.007719682063907385,-1,-0.006306036841124296,-1,0.006306036841124296,0.08131325244903564,0.9999698400497437,1.0043108886748087e-05,2.0086217773496173e-05,1,63.06036841124296
2015-06-12,fold_4,Strong USD downturn,-0.00453201774507761,-1,-0.0018400050466880202,-1,0.0018400050466880202,0.08330285549163818,0.9999803304672241,6.550912075908855e-06,1.310182415181771e-05,1,18.400050466880202
2015-06-15,fold_4,Strong USD downturn,-0.0036720209755003452,-1,0.005085863173007965,1,-0.005085863173007965,0.07779335975646973,0.9999688863754272,1.0355141057516448e-05,2.0710282115032896e-05,0,-50.85863173007965
2015-06-16,fold_4,Strong USD downturn,-0.005793673451989889,-1,-0.0031028008088469505,-1,0.0031028008088469505,0.08113753795623779,0.9999775886535645,7.477890903828666e-06,1.4955781807657331e-05,1,31.028008088469505
2015-06-17,fold_4,Strong USD downturn,0.00044757762225344777,1,0.011381383053958416,1,0.011381383053958416,0.09344244003295898,0.9999699592590332,1.0028192264144309e-05,2.0056384528288618e-05,1,113.81383053958416
2015-06-18,fold_4,Strong USD downturn,-0.005566848441958427,-1,6.814974767621607e-05,1,-6.814974767621607e-05,0.09336793422698975,0.9999778270721436,7.393515716103138e-06,1.4787031432206277e-05,0,-0.6814974767621607
2015-06-19,fold_4,Strong USD downturn,-0.004437555093318224,-1,0.0001934272440848872,1,-0.0001934272440848872,0.09315645694732666,0.9999847412109375,5.085374141344801e-06,1.0170748282689601e-05,0,-1.934272440848872
2015-06-22,fold_4,Strong USD downturn,-0.007125106640160084,-1,-0.0020996162202209234,-1,0.0020996162202209234,0.0954517126083374,0.9999806880950928,6.428968845284544e-06,1.2857937690569088e-05,1,20.996162202209234
2015-06-23,fold_4,Strong USD downturn,-0.01249335240572691,-1,-0.01558514405041933,-1,0.01558514405041933,0.11252450942993164,0.9999737739562988,8.740008524910081e-06,1.7480017049820162e-05,1,155.8514405041933
2015-06-24,fold_4,Strong USD downturn,-0.0034364729654043913,-1,0.0031154805328696966,1,-0.0031154805328696966,0.10905849933624268,0.9999756813049316,8.12098278402118e-06,1.624196556804236e-05,0,-31.154805328696966
2015-06-25,fold_4,Strong USD downturn,-0.0052905939519405365,-1,-0.0003584684163797647,-1,0.0003584684163797647,0.10945606231689453,0.9999834299087524,5.535435775527731e-06,1.1070871551055461e-05,1,3.5846841637976468
2015-06-26,fold_4,Strong USD downturn,-0.005086095537990332,-1,-0.02034766413271427,-1,0.02034766413271427,0.13203096389770508,0.9999823570251465,5.880576281924732e-06,1.1761152563849464e-05,1,203.47664132714272
2015-06-29,fold_4,Strong USD downturn,0.0013822531327605247,1,0.02259182743728161,1,0.02259182743728161,0.15760564804077148,0.9999738931655884,8.695566975802649e-06,1.7391133951605298e-05,1,225.9182743728161
2015-06-30,fold_4,Strong USD downturn,-0.012662692926824093,-1,-0.007839072495698929,-1,0.007839072495698929,0.1666802167892456,0.9999816417694092,6.12002895650221e-06,1.224005791300442e-05,1,78.39072495698929
2015-07-01,fold_4,Strong USD downturn,-0.007894373498857021,-1,-0.009102738462388515,-1,0.009102738462388515,0.17730021476745605,0.9999828338623047,5.7273041420558e-06,1.14546082841116e-05,1,91.02738462388515
2015-07-02,fold_4,Strong USD downturn,-0.0015342684928327799,-1,0.004833896644413471,1,-0.004833896644413471,0.1716092824935913,0.9999812841415405,6.250534624996362e-06,1.2501069249992725e-05,0,-48.33896644413471
2015-07-06,fold_4,Strong USD downturn,-0.004062035586684942,-1,0.00490582687780261,1,-0.00490582687780261,0.1658616065979004,0.9999563694000244,1.4520825970976148e-05,2.9041651941952296e-05,0,-49.058268778026104
2015-07-07,fold_4,Strong USD downturn,-0.00769183412194252,-1,-0.003534203628078103,-1,0.003534203628078103,0.1699819564819336,0.9999768733978271,7.714593266427983e-06,1.5429186532855965e-05,1,35.34203628078103
2015-07-08,fold_4,Strong USD downturn,0.001857012859545648,1,0.005546563304960728,1,0.005546563304960728,0.17647135257720947,0.9999783039093018,7.224502041935921e-06,1.4449004083871841e-05,1,55.46563304960728
2015-07-09,fold_4,Strong USD downturn,-0.00010430291149532422,-1,-0.0007190668839029968,-1,0.0007190668839029968,0.17731726169586182,0.999969482421875,1.0152631148230284e-05,2.030526229646057e-05,1,7.190668839029968
2015-07-10,fold_4,Strong USD downturn,0.0037673660553991795,1,0.005965179298073053,1,0.005965179298073053,0.184340238571167,0.9999817609786987,6.072998985473532e-06,1.2145997970947064e-05,1,59.651792980730534
2015-07-13,fold_4,Strong USD downturn,-0.007853369228541851,-1,-0.012452283874154091,-1,0.012452283874154091,0.1990879774093628,0.9999783039093018,7.222768999781692e-06,1.4445537999563385e-05,1,124.52283874154091
2015-07-14,fold_4,Strong USD downturn,0.0043340809643268585,1,0.0015961879398673773,1,0.0015961879398673773,0.20100200176239014,0.9999759197235107,8.037820407480467e-06,1.6075640814960934e-05,1,15.961879398673773
2015-07-15,fold_4,Strong USD downturn,-0.007839198224246502,-1,-0.005854768678545952,-1,0.005854768678545952,0.20803356170654297,0.9999785423278809,7.148475106077967e-06,1.4296950212155934e-05,1,58.54768678545952
2015-07-16,fold_4,Strong USD downturn,-0.005898837000131607,-1,-0.005257993470877409,-1,0.005257993470877409,0.21438539028167725,0.999976634979248,7.798125807312317e-06,1.5596251614624634e-05,1,52.57993470877409
2015-07-17,fold_4,Strong USD downturn,-0.003790210234001279,-1,-0.005122730508446693,-1,0.005122730508446693,0.22060644626617432,0.9999803304672241,6.560263955179835e-06,1.312052791035967e-05,1,51.227305084466934
2015-07-21,fold_4,Strong USD downturn,0.002313687466084957,1,0.00964904110878706,1,0.00964904110878706,0.2323840856552124,0.9999812841415405,6.229708105820464e-06,1.2459416211640928e-05,1,96.4904110878706
2015-07-22,fold_4,Strong USD downturn,-0.0083407461643219,-1,-0.0011801107320934534,-1,0.0011801107320934534,0.23383831977844238,0.9999771118164062,7.619938969583018e-06,1.5239877939166036e-05,1,11.801107320934534
2015-07-23,fold_4,Strong USD downturn,0.00026685494231060147,1,0.005670242477208376,1,0.005670242477208376,0.24083447456359863,0.9999786615371704,7.094608008628711e-06,1.4189216017257422e-05,1,56.70242477208376
2015-07-24,fold_4,Strong USD downturn,-0.003857398172840476,-1,-0.0015141702024266124,-1,0.0015141702024266124,0.2427133321762085,0.9999810457229614,6.3129082263913006e-06,1.2625816452782601e-05,1,15.141702024266124
2015-07-27,fold_4,Strong USD downturn,0.003436820348724723,1,0.010724127292633057,1,0.010724127292633057,0.25604021549224854,0.9999823570251465,5.8586415434547234e-06,1.1717283086909447e-05,1,107.24127292633057
2015-07-28,fold_4,Strong USD downturn,-0.003458495484665036,-1,-0.0021689776331186295,-1,0.0021689776331186295,0.2587646245956421,0.9999839067459106,5.3779308473167475e-06,1.0755861694633495e-05,1,21.689776331186295
2015-07-29,fold_4,Strong USD downturn,-0.004441702272742987,-1,-0.007403244264423847,-1,0.007403244264423847,0.2680835723876953,0.9999823570251465,5.870642326044617e-06,1.1741284652089234e-05,1,74.03244264423847
2015-07-30,fold_4,Strong USD downturn,-0.005904800724238157,-1,-0.004080268554389477,-1,0.004080268554389477,0.2732577323913574,0.9999889135360718,3.7088907447468955e-06,7.417781489493791e-06,1,40.80268554389477
2015-07-31,fold_4,Strong USD downturn,-0.002431031782180071,-1,0.0027202083729207516,1,-0.0027202083729207516,0.269794225692749,0.9999866485595703,4.430477474670624e-06,8.860954949341249e-06,0,-27.202083729207516
2015-08-03,fold_4,Strong USD downturn,-0.005644126329571009,-1,-0.0011831811862066388,-1,0.0011831811862066388,0.2712966203689575,0.999984860420227,5.023411631555064e-06,1.0046823263110127e-05,1,11.831811862066388
2015-08-04,fold_4,Strong USD downturn,-0.008335390128195286,-1,-0.006119636818766594,-1,0.006119636818766594,0.2790764570236206,0.9999711513519287,9.627103281673044e-06,1.9254206563346088e-05,1,61.19636818766594
2015-08-05,fold_4,Strong USD downturn,-0.0034994937013834715,-1,0.0012975219869986176,1,-0.0012975219869986176,0.27741682529449463,0.9999828338623047,5.729444637836423e-06,1.1458889275672846e-05,0,-12.975219869986176
2015-08-06,fold_4,Strong USD downturn,-0.003852584632113576,-1,0.0021963249891996384,1,-0.0021963249891996384,0.274611234664917,0.9999815225601196,6.142290658317506e-06,1.2284581316635013e-05,0,-21.963249891996384
2015-08-07,fold_4,Strong USD downturn,0.0002524881565477699,1,0.0034758939873427153,1,0.0034758939873427153,0.2790416479110718,0.9999743700027466,8.534731932741124e-06,1.706946386548225e-05,1,34.75893987342715
2015-08-10,fold_4,Strong USD downturn,0.0007039056508801877,1,0.004737264011055231,1,0.004737264011055231,0.2851008176803589,0.9999724626541138,9.191076969727874e-06,1.8382153939455748e-05,1,47.37264011055231
2015-08-11,fold_4,Strong USD downturn,-0.007012810558080673,-1,0.0022746871691197157,1,-0.0022746871691197157,0.28217756748199463,0.9999799728393555,6.6608904489839915e-06,1.3321780897967983e-05,0,-22.746871691197157
2015-08-12,fold_4,Strong USD downturn,0.0035991803742945194,1,0.010770364664494991,1,0.010770364664494991,0.29598701000213623,0.9999769926071167,7.663890755793545e-06,1.532778151158709e-05,1,107.70364664494991
2015-08-13,fold_4,Strong USD downturn,-0.005390779580920935,-1,0.0,1,-0.0,0.29598701000213623,0.9999701976776123,9.949287232302595e-06,1.989857446460519e-05,0,-0.0
2015-08-14,fold_4,Strong USD downturn,-0.00349405943416059,-1,-0.0060900431126356125,-1,0.0060900431126356125,0.30387961864471436,0.9999712705612183,9.56005351326894e-06,1.912010702653788e-05,1,60.900431126356125
2015-08-17,fold_4,Strong USD downturn,-0.00521136075258255,-1,-0.0013515696628019214,-1,0.0013515696628019214,0.30564188957214355,0.9999792575836182,6.909579497005325e-06,1.381915899401065e-05,1,13.515696628019214
2015-08-18,fold_4,Strong USD downturn,-0.003706142073497176,-1,-0.004257874097675085,-1,0.004257874097675085,0.31120121479034424,0.9999847412109375,5.072711701359367e-06,1.0145423402718734e-05,1,42.57874097675085
2015-08-19,fold_4,Strong USD downturn,0.00013534622848965228,1,0.00790493655949831,1,0.00790493655949831,0.321566104888916,0.9999881982803345,3.92823221773142e-06,7.85646443546284e-06,1,79.0493655949831
2015-08-20,fold_4,Strong USD downturn,-0.0018072205130010843,-1,0.010697606019675732,1,-0.010697606019675732,0.3074284791946411,0.9999798536300659,6.701941401843214e-06,1.3403882803686429e-05,0,-106.97606019675732
2015-08-21,fold_4,Strong USD downturn,0.00017581759311724454,1,0.012457658536732197,1,0.012457658536732197,0.3237159252166748,0.9999849796295166,4.99865791425691e-06,9.99731582851382e-06,1,124.57658536732197
2015-08-24,fold_4,Strong USD downturn,-0.0007258899859152734,-1,0.018115969374775887,1,-0.018115969374775887,0.29973554611206055,0.99996018409729,1.3286209650686942e-05,2.6572419301373884e-05,0,-181.15969374775887
2015-08-25,fold_4,Strong USD downturn,-0.011653680354356766,-1,-0.00277227396145463,-1,0.00277227396145463,0.303338885307312,0.9999592304229736,1.357833116344409e-05,2.715666232688818e-05,1,27.7227396145463
2015-08-26,fold_4,Strong USD downturn,-0.004505474120378494,-1,-0.018257446587085724,-1,0.018257446587085724,0.3271346092224121,0.9999840259552002,5.323573532223236e-06,1.0647147064446472e-05,1,182.57446587085724
2015-08-27,fold_4,Strong USD downturn,-0.0032863058149814606,-1,-0.008121015504002571,-1,0.008121015504002571,0.33791232109069824,0.9999696016311646,1.0126767847395968e-05,2.0253535694791935e-05,1,81.21015504002571
2015-08-28,fold_4,Strong USD downturn,-0.004177802707999945,-1,-0.0030165945645421743,-1,0.0030165945645421743,0.3419482707977295,0.9999805688858032,6.456993560277624e-06,1.2913987120555248e-05,1,30.165945645421743
2015-08-31,fold_4,Strong USD downturn,-0.003931515850126743,-1,0.001055276719853282,1,-0.001055276719853282,0.3405320644378662,0.9999825954437256,5.779181719844928e-06,1.1558363439689856e-05,0,-10.55276719853282
2015-09-01,fold_4,Strong USD downturn,0.0024543805047869682,1,0.006019366439431906,1,0.006019366439431906,0.34860122203826904,0.9999550580978394,1.4983920664235484e-05,2.9967841328470968e-05,1,60.19366439431906
2015-09-02,fold_4,Strong USD downturn,5.1871687901439145e-05,1,-0.006853028200566769,-1,-0.006853028200566769,0.3393591642379761,0.9999643564224243,1.1895783245563507e-05,2.3791566491127014e-05,0,-68.53028200566769
2015-09-03,fold_4,Strong USD downturn,-0.0062062665820121765,-1,-0.008032885380089283,-1,0.008032885380089283,0.35011816024780273,0.9999865293502808,4.484845703700557e-06,8.969691407401115e-06,1,80.32885380089283
2015-09-04,fold_4,Strong USD downturn,0.0028320536948740482,1,0.002341874875128269,1,0.002341874875128269,0.3532799482345581,0.9999798536300659,6.723198566760402e-06,1.3446397133520804e-05,1,23.418748751282692
2015-09-08,fold_4,Strong USD downturn,0.0014731974806636572,1,0.0038888398557901382,1,0.0038888398557901382,0.35854268074035645,0.9999837875366211,5.402930582931731e-06,1.0805861165863462e-05,1,38.88839855790138
2015-09-09,fold_4,Strong USD downturn,-0.0012196812313050032,-1,0.0011893943883478642,1,-0.0011893943883478642,0.3569267988204956,0.9999669790267944,1.0986323104589246e-05,2.1972646209178492e-05,0,-11.893943883478642
2015-09-10,fold_4,Strong USD downturn,0.002944069216027856,1,0.006255229003727436,1,0.006255229003727436,0.36541473865509033,0.9999880790710449,3.98076235796907e-06,7.96152471593814e-06,1,62.55229003727436
2015-09-11,fold_4,Strong USD downturn,-0.0007366957142949104,-1,0.004707816056907177,1,-0.004707816056907177,0.35898661613464355,0.9999866485595703,4.441983492142754e-06,8.883966984285507e-06,0,-47.07816056907177
2015-09-14,fold_4,Strong USD downturn,-0.004522355739027262,-1,-0.003211408853530884,-1,0.003211408853530884,0.36335086822509766,0.9999872446060181,4.258246917743236e-06,8.516493835486472e-06,1,32.11408853530884
2015-09-15,fold_4,Strong USD downturn,-0.002007547067478299,-1,-0.0031674618367105722,-1,0.0031674618367105722,0.36766934394836426,0.9999874830245972,4.150535460212268e-06,8.301070920424536e-06,1,31.674618367105722
2015-09-16,fold_4,Strong USD downturn,0.0018200547201558948,1,0.0017954690847545862,1,0.0017954690847545862,0.37012481689453125,0.9999852180480957,4.941753559251083e-06,9.883507118502166e-06,1,17.954690847545862
2015-09-17,fold_4,Strong USD downturn,0.0026521722320467234,1,0.00964523945003748,1,0.00964523945003748,0.3833400011062622,0.99998939037323,3.524420208123047e-06,7.048840416246094e-06,1,96.4523945003748
2015-09-18,fold_4,Strong USD downturn,-0.0058356644585728645,-1,-0.009553097188472748,-1,0.009553097188472748,0.39655518531799316,0.9999843835830688,5.214294105826411e-06,1.0428588211652823e-05,1,95.53097188472748
2015-09-24,fold_4,Strong USD downturn,0.00045505326124839485,1,-0.0009837218094617128,-1,-0.0009837218094617128,0.39518141746520996,0.9999934434890747,2.183795459131943e-06,4.367590918263886e-06,0,-9.837218094617128
2015-09-25,fold_4,Strong USD downturn,0.0005272112903185189,1,0.0020386953838169575,1,0.0020386953838169575,0.3980257511138916,0.9999679327011108,1.0704186934162863e-05,2.1408373868325725e-05,1,20.386953838169575
2015-09-28,fold_4,Strong USD downturn,0.00022925264784134924,1,0.0026168806944042444,1,0.0026168806944042444,0.4016841650009155,0.9999778270721436,7.40518726161099e-06,1.481037452322198e-05,1,26.168806944042444
2015-09-29,fold_4,Strong USD downturn,0.0020868212450295687,1,0.002217428293079138,1,0.002217428293079138,0.40479230880737305,0.9999750852584839,8.293459359265398e-06,1.6586918718530796e-05,1,22.174282930791378
2015-09-30,fold_4,Strong USD downturn,-0.00221250276081264,-1,-0.007451786659657955,-1,0.007451786659657955,0.41526055335998535,0.9999898672103882,3.388572849871707e-06,6.777145699743414e-06,1,74.51786659657955
2015-10-01,fold_4,Strong USD downturn,0.003565993160009384,1,0.0019140391377732158,1,0.0019140391377732158,0.41796934604644775,0.9999610185623169,1.298776078328956e-05,2.597552156657912e-05,1,19.140391377732158
2015-10-02,fold_4,Strong USD downturn,0.004543563816696405,1,0.002997632836923003,1,0.002997632836923003,0.4222198724746704,0.9999828338623047,5.721649813494878e-06,1.1443299626989756e-05,1,29.976328369230032
2015-10-05,fold_4,Strong USD downturn,-0.002139166695997119,-1,-0.0028323756996542215,-1,0.0028323756996542215,0.4262481927871704,0.9999822378158569,5.9155090639251284e-06,1.1831018127850257e-05,1,28.323756996542215
2015-10-06,fold_4,Strong USD downturn,0.004681162536144257,1,0.006501608993858099,1,0.006501608993858099,0.4355210065841675,0.9999808073043823,6.407988166756695e-06,1.281597633351339e-05,1,65.01608993858099
2015-10-07,fold_4,Strong USD downturn,-0.002226289827376604,-1,-0.0024840589612722397,-1,0.0024840589612722397,0.4390869140625,0.999984860420227,5.042970769864041e-06,1.0085941539728083e-05,1,24.840589612722397
2015-10-08,fold_4,Strong USD downturn,0.0009009290370158851,1,0.004176144953817129,1,0.004176144953817129,0.4450967311859131,0.9999791383743286,6.963043233554345e-06,1.392608646710869e-05,1,41.76144953817129
2015-10-09,fold_4,Strong USD downturn,0.0024075114633888006,1,0.007356438785791397,1,0.007356438785791397,0.4557274580001831,0.9999890327453613,3.660504717117874e-06,7.321009434235748e-06,1,73.56438785791397
2015-10-13,fold_4,Strong USD downturn,-0.0012455811956897378,-1,0.0025958227925002575,1,-0.0025958227925002575,0.4519486427307129,0.9999821186065674,5.9652629715856165e-06,1.1930525943171233e-05,0,-25.958227925002575
2015-10-14,fold_4,Strong USD downturn,0.005449054297059774,1,0.007952532730996609,1,0.007952532730996609,0.4634953737258911,0.9999904632568359,3.1698220936959842e-06,6.3396441873919684e-06,1,79.52532730996609
2015-10-15,fold_4,Strong USD downturn,-0.0075165885500609875,-1,-0.009355970658361912,-1,0.009355970658361912,0.4771878719329834,0.9999797344207764,6.761197255400475e-06,1.352239451080095e-05,1,93.55970658361912
2015-10-16,fold_4,Strong USD downturn,-0.0026907147839665413,-1,-0.0006248753634281456,-1,0.0006248753634281456,0.4781109094619751,0.9999855756759644,4.78859874419868e-06,9.57719748839736e-06,1,6.2487536342814565
2015-10-19,fold_4,Strong USD downturn,-0.0036113529931753874,-1,-0.002820884808897972,-1,0.002820884808897972,0.4822804927825928,0.9999897480010986,3.410858198549249e-06,6.821716397098498e-06,1,28.20884808897972
2015-10-20,fold_4,Strong USD downturn,-0.0015636406606063247,-1,0.002202671719714999,1,-0.002202671719714999,0.4790154695510864,0.9999858140945435,4.729254214907996e-06,9.458508429815993e-06,0,-22.026717197149992
2015-10-21,fold_4,Strong USD downturn,-0.0037068710662424564,-1,-0.0005220280727371573,-1,0.0005220280727371573,0.47978758811950684,0.9999860525131226,4.634977813111618e-06,9.269955626223236e-06,1,5.2202807273715734
2015-10-22,fold_4,Strong USD downturn,-0.010458814911544323,-1,-0.023535992950201035,-1,0.023535992950201035,0.5146157741546631,0.9999837875366211,5.393370884121396e-06,1.0786741768242791e-05,1,235.35992950201035
2015-10-23,fold_4,Strong USD downturn,-0.005952310748398304,-1,-0.005466054193675518,-1,0.005466054193675518,0.5228948593139648,0.9999874830245972,4.155310307396576e-06,8.310620614793152e-06,1,54.66054193675518
2015-10-26,fold_4,Strong USD downturn,-0.0011217957362532616,-1,0.004138649441301823,1,-0.004138649441301823,0.5165921449661255,0.9999840259552002,5.303842954162974e-06,1.0607685908325948e-05,0,-41.38649441301823
2015-10-27,fold_4,Strong USD downturn,-0.004805721342563629,-1,-0.002615799428895116,-1,0.002615799428895116,0.5205593109130859,0.999991774559021,2.7556509394344175e-06,5.511301878868835e-06,1,26.15799428895116
2015-10-28,fold_4,Strong USD downturn,-0.007814561948180199,-1,-0.00979236513376236,-1,0.00979236513376236,0.5354491472244263,0.9999558925628662,1.4687085240439046e-05,2.9374170480878092e-05,1,97.9236513376236
2015-10-29,fold_4,Strong USD downturn,0.0003290538734290749,1,0.005936706904321909,1,0.005936706904321909,0.5445647239685059,0.999977707862854,7.415440904878778e-06,1.4830881809757557e-05,1,59.36706904321909
2015-10-30,fold_4,Strong USD downturn,-0.002470989478752017,-1,0.0029219379648566246,1,-0.0029219379648566246,0.5400515794754028,0.9999743700027466,8.524414624844212e-06,1.7048829249688424e-05,0,-29.219379648566246
2015-11-02,fold_4,Strong USD downturn,-0.0026578018441796303,-1,-0.0009033163660205901,-1,0.0009033163660205901,0.54144287109375,0.9999815225601196,6.164958904264495e-06,1.232991780852899e-05,1,9.0331636602059
2015-11-04,fold_4,Strong USD downturn,-0.009151414036750793,-1,-0.008748723194003105,-1,0.008748723194003105,0.5549285411834717,0.999984860420227,5.0486014515627176e-06,1.0097202903125435e-05,1,87.48723194003105
2015-11-05,fold_4,Strong USD downturn,-0.002163008553907275,-1,0.0014692713739350438,1,-0.0014692713739350438,0.5526440143585205,0.9999724626541138,9.17506440600846e-06,1.835012881201692e-05,0,-14.692713739350438
2015-11-06,fold_4,Strong USD downturn,-0.009607919491827488,-1,-0.013835355639457703,-1,0.013835355639457703,0.5741252899169922,0.9999874830245972,4.1838934521365445e-06,8.367786904273089e-06,1,138.35355639457703
2015-11-09,fold_4,Strong USD downturn,0.0017024889821186662,1,0.0024317402858287096,1,0.0024317402858287096,0.5779532194137573,0.9999761581420898,7.936451765999664e-06,1.5872903531999327e-05,1,24.317402858287096
2015-11-10,fold_4,Strong USD downturn,-0.004735811147838831,-1,-0.002040166174992919,-1,0.002040166174992919,0.5811724662780762,0.9999755620956421,8.158483979059383e-06,1.6316967958118767e-05,1,20.40166174992919
2015-11-11,fold_4,Strong USD downturn,-0.001324191689491272,-1,0.0023678515572100878,1,-0.0023678515572100878,0.5774284601211548,0.9999622106552124,1.2610788871825207e-05,2.5221577743650414e-05,0,-23.678515572100878
2015-11-12,fold_4,Strong USD downturn,-0.0013423132477328181,-1,0.004834278021007776,1,-0.004834278021007776,0.5698027610778809,0.9999834299087524,5.506158686330309e-06,1.1012317372660618e-05,0,-48.34278021007776
2015-11-13,fold_4,Strong USD downturn,-0.0055451239459216595,-1,-0.01063578575849533,-1,0.01063578575849533,0.5864987373352051,0.9999639987945557,1.1980524504906498e-05,2.3961049009812996e-05,1,106.35785758495331
2015-11-16,fold_4,Strong USD downturn,-0.0035101943649351597,-1,-0.0011222391622141004,-1,0.0011222391622141004,0.588279128074646,0.999980092048645,6.638862487307051e-06,1.3277724974614102e-05,1,11.222391622141004
2015-11-17,fold_4,Strong USD downturn,-0.0058793360367417336,-1,-0.004129724111407995,-1,0.004129724111407995,0.5948383808135986,0.9999818801879883,6.0244815358601045e-06,1.2048963071720209e-05,1,41.29724111407995
2015-11-18,fold_4,Strong USD downturn,-0.0021679510828107595,-1,0.0024539949372410774,1,-0.0024539949372410774,0.5909246206283569,0.999981164932251,6.265655883908039e-06,1.2531311767816078e-05,0,-24.539949372410774
2015-11-19,fold_4,Strong USD downturn,-0.0019793149549514055,-1,0.005266564432531595,1,-0.005266564432531595,0.5825459957122803,0.9999803304672241,6.5523545345058665e-06,1.3104709069011733e-05,0,-52.66564432531595
2015-11-20,fold_4,Strong USD downturn,-0.006493122782558203,-1,-0.007938201539218426,-1,0.007938201539218426,0.5951085090637207,0.9999758005142212,8.044502465054393e-06,1.6089004930108786e-05,1,79.38201539218426
2015-11-24,fold_4,Strong USD downturn,-0.00046200753422454,-1,0.00017037845100276172,1,-0.00017037845100276172,0.5948368310928345,0.9999736547470093,8.779305971984286e-06,1.7558611943968572e-05,0,-1.7037845100276172
2015-11-25,fold_4,Strong USD downturn,-0.003807499771937728,-1,-0.0017743892967700958,-1,0.0017743892967700958,0.5976667404174805,0.9999696016311646,1.012719985737931e-05,2.025439971475862e-05,1,17.74389296770096
2015-11-27,fold_4,Strong USD downturn,-0.002759999828413129,-1,-0.002021322725340724,-1,0.002021322725340724,0.6008961200714111,0.9999872446060181,4.2443180063855834e-06,8.488636012771167e-06,1,20.21322725340724
2015-11-30,fold_4,Strong USD downturn,-0.004364095162600279,-1,-0.0009516000864095986,-1,0.0009516000864095986,0.6024196147918701,0.9999890327453613,3.632720108726062e-06,7.265440217452124e-06,1,9.516000864095986
2015-12-01,fold_4,Strong USD downturn,0.000751220912206918,1,0.0050048306584358215,1,0.0050048306584358215,0.6104395389556885,0.9999891519546509,3.6010042094858363e-06,7.202008418971673e-06,1,50.048306584358215
2015-12-02,fold_4,Strong USD downturn,-0.0065705138258636,-1,-0.0012098338920623064,-1,0.0012098338920623064,0.6123878955841064,0.9999809265136719,6.359976850944804e-06,1.2719953701889608e-05,1,12.098338920623064
2015-12-03,fold_4,Strong USD downturn,0.008179521188139915,1,0.02854517288506031,1,0.02854517288506031,0.6584137678146362,0.9999614953994751,1.2837369467888493e-05,2.5674738935776986e-05,1,285.4517288506031
2015-12-04,fold_4,Strong USD downturn,-0.011930513195693493,-1,-0.0029278246220201254,-1,0.0029278246220201254,0.6632692813873291,0.9999772310256958,7.605603059346322e-06,1.5211206118692644e-05,1,29.278246220201254
2015-12-07,fold_4,Strong USD downturn,-0.006944742985069752,-1,-0.004593567457050085,-1,0.004593567457050085,0.6709096431732178,0.999977707862854,7.413496405206388e-06,1.4826992810412776e-05,1,45.93567457050085
2015-12-08,fold_4,Strong USD downturn,-0.003804059000685811,-1,0.005534087773412466,1,-0.005534087773412466,0.6616626977920532,0.9999825954437256,5.814345058752224e-06,1.1628690117504448e-05,0,-55.34087773412466
2015-12-09,fold_4,Strong USD downturn,0.0014097526436671615,1,0.011381609365344048,1,0.011381609365344048,0.6805751323699951,0.9999765157699585,7.81174730946077e-06,1.562349461892154e-05,1,113.81609365344048
2015-12-10,fold_4,Strong USD downturn,-0.01242126990109682,-1,-0.006338960491120815,-1,0.006338960491120815,0.6912282705307007,0.9999804496765137,6.520578608615324e-06,1.3041157217230648e-05,1,63.38960491120815
2015-12-11,fold_4,Strong USD downturn,-0.0007087422418408096,-1,0.0032732149120420218,1,-0.0032732149120420218,0.685692548751831,0.9999765157699585,7.83922769187484e-06,1.567845538374968e-05,0,-32.73214912042022
2015-12-14,fold_4,Strong USD downturn,-0.003993416205048561,-1,0.0008245063363574445,1,-0.0008245063363574445,0.6843026876449585,0.9999887943267822,3.7288023122528102e-06,7.4576046245056204e-06,0,-8.245063363574445
2015-12-15,fold_4,Strong USD downturn,-0.00602223863825202,-1,-0.005162013694643974,-1,0.005162013694643974,0.6929970979690552,0.9999840259552002,5.330296971806092e-06,1.0660593943612184e-05,1,51.62013694643974
2015-12-16,fold_4,Strong USD downturn,0.005957047455012798,1,-0.005643780343234539,-1,-0.005643780343234539,0.683442234992981,0.9999762773513794,7.900285709183663e-06,1.5800571418367326e-05,0,-56.43780343234539
2015-12-17,fold_4,Strong USD downturn,-0.009531225077807903,-1,-0.002797894412651658,-1,0.002797894412651658,0.6881521940231323,0.9999814033508301,6.187857252371032e-06,1.2375714504742064e-05,1,27.97894412651658
2015-12-18,fold_4,Strong USD downturn,0.0007249994087032974,1,0.0023806451354175806,1,0.0023806451354175806,0.6921709775924683,0.9999765157699585,7.807434485584963e-06,1.5614868971169926e-05,1,23.806451354175806
2015-12-21,fold_4,Strong USD downturn,0.0013456471497192979,1,0.003961352631449699,1,0.003961352631449699,0.6988742351531982,0.9999881982803345,3.93229493056424e-06,7.86458986112848e-06,1,39.613526314496994
2015-12-22,fold_4,Strong USD downturn,-0.00021375455253291875,-1,0.003394516184926033,1,-0.003394516184926033,0.6931073665618896,0.9999853372573853,4.876279945165152e-06,9.752559890330303e-06,0,-33.94516184926033
2015-12-24,fold_4,Strong USD downturn,0.0003626904508564621,1,0.00557277537882328,1,0.00557277537882328,0.7025426626205444,0.9999803304672241,6.549133104272187e-06,1.3098266208544374e-05,1,55.7277537882328
2015-12-28,fold_4,Strong USD downturn,-0.0033785614650696516,-1,0.0008450971217826009,1,-0.0008450971217826009,0.701103925704956,0.999981164932251,6.27785038886941e-06,1.255570077773882e-05,0,-8.450971217826009
2015-12-29,fold_4,Strong USD downturn,-0.002596273785457015,-1,-0.004305660724639893,-1,0.004305660724639893,0.708428144454956,0.9999834299087524,5.510623850568663e-06,1.1021247701137327e-05,1,43.056607246398926
2019-01-18,fold_5,Low-vol plateau,-0.003364287782460451,-1,-0.002375367796048522,-1,0.002375367796048522,0.002375364303588867,0.9999866485595703,4.43996032117866e-06,8.87992064235732e-06,1,23.75367796048522
2019-01-22,fold_5,Low-vol plateau,-0.0015082918107509613,-1,-0.0004659610567614436,-1,0.0004659610567614436,0.002842426300048828,0.9999862909317017,4.558758064376889e-06,9.117516128753778e-06,1,4.659610567614436
2019-01-23,fold_5,Low-vol plateau,-0.00024357596703339368,-1,0.002129587111994624,1,-0.002129587111994624,0.000706791877746582,0.9999685287475586,1.0487818144611083e-05,2.0975636289222166e-05,0,-21.29587111994624
2019-01-24,fold_5,Low-vol plateau,-0.007804454304277897,-1,-0.006561825051903725,-1,0.006561825051903725,0.007273316383361816,0.9999841451644897,5.291535671858583e-06,1.0583071343717165e-05,1,65.61825051903725
2019-01-25,fold_5,Low-vol plateau,0.0022572942543774843,1,0.0087994784116745,1,0.0087994784116745,0.016136765480041504,0.9999810457229614,6.331697022687877e-06,1.2663394045375753e-05,1,87.994784116745
2019-01-28,fold_5,Low-vol plateau,-0.0075715347193181515,-1,0.0014859054936096072,1,-0.0014859054936096072,0.014626860618591309,0.9999655485153198,1.1477731277409475e-05,2.295546255481895e-05,0,-14.859054936096072
2019-01-29,fold_5,Low-vol plateau,-0.00592214148491621,-1,0.0004688061017077416,1,-0.0004688061017077416,0.014151215553283691,0.9999579191207886,1.4040946552995592e-05,2.8081893105991185e-05,0,-4.688061017077416
2019-01-30,fold_5,Low-vol plateau,0.00043591001303866506,1,0.004572131671011448,1,0.004572131671011448,0.01878809928894043,0.999987006187439,4.341855856182519e-06,8.683711712365039e-06,1,45.72131671011448
2019-01-31,fold_5,Low-vol plateau,-0.007460314314812422,-1,-0.0033203826751559973,-1,0.0033203826751559973,0.0221707820892334,0.9999715089797974,9.498257895756979e-06,1.8996515791513957e-05,1,33.20382675155997
2019-02-01,fold_5,Low-vol plateau,-0.003893238725140691,-1,0.0005040323012508452,1,-0.0005040323012508452,0.021655559539794922,0.9999754428863525,8.171325134753715e-06,1.634265026950743e-05,0,-5.040323012508452
2019-02-04,fold_5,Low-vol plateau,-0.005645733326673508,-1,-0.0016581708332523704,-1,0.0016581708332523704,0.023349642753601074,0.9999784231185913,7.194455520220799e-06,1.4388911040441599e-05,1,16.581708332523704
2019-02-05,fold_5,Low-vol plateau,-0.004192017018795013,-1,-0.002304801717400551,-1,0.002304801717400551,0.02570819854736328,0.9999812841415405,6.229528025869513e-06,1.2459056051739026e-05,1,23.04801717400551
2019-02-06,fold_5,Low-vol plateau,-0.0051474920473992825,-1,-0.003853170434013009,-1,0.003853170434013009,0.029660463333129883,0.9999865293502808,4.491604613576783e-06,8.983209227153566e-06,1,38.53170434013009
2019-02-07,fold_5,Low-vol plateau,-0.004544723313301802,-1,-0.002392479684203863,-1,0.002392479684203863,0.03212392330169678,0.9999758005142212,8.044801688811276e-06,1.6089603377622552e-05,1,23.92479684203863
2019-02-08,fold_5,Low-vol plateau,-0.002526461612433195,-1,-0.0012795890215784311,-1,0.0012795890215784311,0.03344464302062988,0.999970555305481,9.810583833314013e-06,1.9621167666628025e-05,1,12.795890215784311
2019-02-12,fold_5,Low-vol plateau,0.00029206331237219274,1,0.004930588882416487,1,0.004930588882416487,0.03854012489318848,0.9999866485595703,4.464581252250355e-06,8.92916250450071e-06,1,49.30588882416487
2019-02-13,fold_5,Low-vol plateau,-0.007427546661347151,-1,-0.006150586996227503,-1,0.006150586996227503,0.04492771625518799,0.999982476234436,5.828736448165728e-06,1.1657472896331456e-05,1,61.50586996227503
2019-02-14,fold_5,Low-vol plateau,-0.0007532485760748386,-1,0.0026995516382157803,1,-0.0026995516382157803,0.04210686683654785,0.9999854564666748,4.860150966123911e-06,9.720301932247821e-06,0,-26.995516382157803
2019-02-15,fold_5,Low-vol plateau,-0.0019851340912282467,-1,0.0002372502494836226,1,-0.0002372502494836226,0.04185962677001953,0.9999816417694092,6.1336781982390676e-06,1.2267356396478135e-05,0,-2.372502494836226
2019-02-19,fold_5,Low-vol plateau,-0.00025287922471761703,-1,0.002744921250268817,1,-0.002744921250268817,0.03899979591369629,0.999981164932251,6.260232567001367e-06,1.2520465134002734e-05,0,-27.44921250268817
2019-02-20,fold_5,Low-vol plateau,-0.0035279064904898405,-1,0.0002950014313682914,1,-0.0002950014313682914,0.03869330883026123,0.9999778270721436,7.403323706967058e-06,1.4806647413934115e-05,0,-2.950014313682914
2019-02-21,fold_5,Low-vol plateau,-0.0041122580878436565,-1,-0.0002949144400190562,-1,0.0002949144400190562,0.03899967670440674,0.9999828338623047,5.710249297408154e-06,1.1420498594816308e-05,1,2.949144400190562
2019-02-22,fold_5,Low-vol plateau,-0.0007996130734682083,-1,-6.799641414545476e-05,-1,6.799641414545476e-05,0.0390702486038208,0.9999794960021973,6.839638899691636e-06,1.3679277799383271e-05,1,0.6799641414545476
2019-02-25,fold_5,Low-vol plateau,-0.0011006512213498354,-1,0.0022280586417764425,1,-0.0022280586417764425,0.03675508499145508,0.9999845027923584,5.153554866410559e-06,1.0307109732821118e-05,0,-22.280586417764425
2019-02-26,fold_5,Low-vol plateau,0.0001662826252868399,1,0.0022558243945240974,1,0.0022558243945240974,0.039093852043151855,0.9999786615371704,7.0959199547360186e-06,1.4191839909472037e-05,1,22.558243945240974
2019-02-27,fold_5,Low-vol plateau,-0.005358186550438404,-1,-0.001137981773354113,-1,0.001137981773354113,0.040276288986206055,0.9999778270721436,7.402181836368982e-06,1.4804363672737963e-05,1,11.379817733541131
2019-02-28,fold_5,Low-vol plateau,-0.004970360081642866,-1,-0.000591427437029779,-1,0.000591427437029779,0.04089152812957764,0.9999773502349854,7.563891813333612e-06,1.5127783626667224e-05,1,5.91427437029779
2019-03-01,fold_5,Low-vol plateau,-0.0049232966266572475,-1,0.00021612558339256793,1,-0.00021612558339256793,0.04066658020019531,0.9999860525131226,4.6297295739350375e-06,9.259459147870075e-06,0,-2.1612558339256793
2019-03-04,fold_5,Low-vol plateau,-0.006628948729485273,-1,-0.0033898816909641027,-1,0.0033898816909641027,0.04419422149658203,0.9999791383743286,6.951569957891479e-06,1.3903139915782958e-05,1,33.89881690964103
2019-03-05,fold_5,Low-vol plateau,-0.0030240786727517843,-1,-0.0026684298645704985,-1,0.0026684298645704985,0.04698050022125244,0.9999877214431763,4.1033054003492e-06,8.2066108006984e-06,1,26.684298645704985
2019-03-06,fold_5,Low-vol plateau,-0.0017560916021466255,-1,0.0006109592504799366,1,-0.0006109592504799366,0.04634082317352295,0.9999767541885376,7.7556414908031e-06,1.55112829816062e-05,0,-6.109592504799366
2019-03-07,fold_5,Low-vol plateau,-0.008383444510400295,-1,-0.010224131867289543,-1,0.010224131867289543,0.05703866481781006,0.9999784231185913,7.195603302534437e-06,1.4391206605068874e-05,1,102.24131867289543
2019-03-08,fold_5,Low-vol plateau,0.00013617622607853264,1,0.0030440150294452906,1,0.0030440150294452906,0.060256242752075195,0.9999836683273315,5.425016752269585e-06,1.085003350453917e-05,1,30.440150294452906
2019-03-11,fold_5,Low-vol plateau,-0.0015293710166588426,-1,0.00238696183077991,1,-0.00238696183077991,0.05772542953491211,0.9999779462814331,7.363027179962955e-06,1.472605435992591e-05,0,-23.8696183077991
2019-03-12,fold_5,Low-vol plateau,-0.0003239053476136178,-1,0.0025057890452444553,1,-0.0025057890452444553,0.05507504940032959,0.9999845027923584,5.168785719433799e-06,1.0337571438867599e-05,0,-25.057890452444553
2019-03-13,fold_5,Low-vol plateau,4.5225489884614944e-05,1,0.0038639309350401163,1,0.0038639309350401163,0.05915176868438721,0.9999853372573853,4.882306257059099e-06,9.764612514118198e-06,1,38.63930935040116
2019-03-14,fold_5,Low-vol plateau,-0.007432018406689167,-1,-0.002001645043492317,-1,0.002001645043492317,0.0612717866897583,0.9999730587005615,8.965741471911315e-06,1.793148294382263e-05,1,20.016450434923172
2019-03-15,fold_5,Low-vol plateau,-0.0003458948340266943,-1,0.0010074680903926492,1,-0.0010074680903926492,0.060202598571777344,0.9999819993972778,6.016250154061709e-06,1.2032500308123417e-05,0,-10.074680903926492
2019-03-18,fold_5,Low-vol plateau,-0.00353949679993093,-1,0.0014510758919641376,1,-0.0014510758919641376,0.05866420269012451,0.9999871253967285,4.273174454283435e-06,8.54634890856687e-06,0,-14.510758919641376
2019-03-19,fold_5,Low-vol plateau,-0.0025228087324649096,-1,0.001646355027332902,1,-0.001646355027332902,0.05692124366760254,0.999976396560669,7.864418876124546e-06,1.5728837752249092e-05,0,-16.46355027332902
2019-03-20,fold_5,Low-vol plateau,0.0004471666179597378,1,0.006434020586311817,1,0.006434020586311817,0.0637214183807373,0.9999823570251465,5.879920536244754e-06,1.1759841072489507e-05,1,64.34020586311817
2019-03-22,fold_5,Low-vol plateau,-0.004290903452783823,-1,-0.0069582522846758366,-1,0.0069582522846758366,0.07112300395965576,0.9999892711639404,3.5802615911961766e-06,7.160523182392353e-06,1,69.58252284675837
2019-03-25,fold_5,Low-vol plateau,-0.0018582463962957263,-1,0.0017652605893090367,1,-0.0017652605893090367,0.06923222541809082,0.9999879598617554,4.021008408017224e-06,8.042016816034447e-06,0,-17.652605893090367
2019-03-26,fold_5,Low-vol plateau,-0.0023716622963547707,-1,-0.003619218012318015,-1,0.003619218012318015,0.07310199737548828,0.9999881982803345,3.926257704733871e-06,7.852515409467742e-06,1,36.19218012318015
2019-03-27,fold_5,Low-vol plateau,-0.0019066677195951343,-1,-0.0020477843936532736,-1,0.0020477843936532736,0.07529950141906738,0.9999674558639526,1.0838883099495433e-05,2.1677766198990867e-05,1,20.477843936532736
2019-03-28,fold_5,Low-vol plateau,-0.004157140385359526,-1,-0.0019316303078085184,-1,0.0019316303078085184,0.0773766040802002,0.9999786615371704,7.109018952178303e-06,1.4218037904356606e-05,1,19.316303078085184
2019-03-29,fold_5,Low-vol plateau,-9.617880277801305e-05,-1,-0.0005498689133673906,-1,0.0005498689133673906,0.07796907424926758,0.9999831914901733,5.5899768085510004e-06,1.1179953617102001e-05,1,5.498689133673906
2019-04-01,fold_5,Low-vol plateau,-0.00010051392018795013,-1,-0.0016136592021211982,-1,0.0016136592021211982,0.07970845699310303,0.9999715089797974,9.491100172454026e-06,1.898220034490805e-05,1,16.13659202121198
2019-04-02,fold_5,Low-vol plateau,-0.002401759847998619,-1,-0.0001680841378401965,-1,0.0001680841378401965,0.07988989353179932,0.99998939037323,3.5380198823986575e-06,7.076039764797315e-06,1,1.680841378401965
2019-04-03,fold_5,Low-vol plateau,0.00095045764464885,1,0.003846475388854742,1,0.003846475388854742,0.08404374122619629,0.9999866485595703,4.439218173502013e-06,8.878436347004026e-06,1,38.46475388854742
2019-04-04,fold_5,Low-vol plateau,-0.003924802411347628,-1,-0.0018746902933344245,-1,0.0018746902933344245,0.08607602119445801,0.9999828338623047,5.732859335694229e-06,1.1465718671388458e-05,1,18.746902933344245
2019-04-05,fold_5,Low-vol plateau,-0.0008683562627993524,-1,-0.0005610103835351765,-1,0.0005610103835351765,0.08668529987335205,0.999969482421875,1.015623547573341e-05,2.031247095146682e-05,1,5.610103835351765
2019-04-08,fold_5,Low-vol plateau,3.6591573007171974e-05,1,0.003286882070824504,1,0.003286882070824504,0.09025704860687256,0.9999785423278809,7.1362378548656125e-06,1.4272475709731225e-05,1,32.86882070824504
2019-04-09,fold_5,Low-vol plateau,-0.0037420906592160463,-1,0.000935124815441668,1,-0.000935124815441668,0.08923745155334473,0.9999808073043823,6.3865822994557675e-06,1.2773164598911535e-05,0,-9.35124815441668
2019-04-10,fold_5,Low-vol plateau,-0.0003381584829185158,-1,0.0008457988151349127,1,-0.0008457988151349127,0.08831620216369629,0.9999803304672241,6.53689494356513e-06,1.307378988713026e-05,0,-8.457988151349127
2019-04-11,fold_5,Low-vol plateau,-0.004888898227363825,-1,-0.0013963867677375674,-1,0.0013963867677375674,0.0898360013961792,0.9999892711639404,3.585060312616406e-06,7.170120625232812e-06,1,13.963867677375674
2019-04-12,fold_5,Low-vol plateau,0.0008319714106619358,1,0.003934172447770834,1,0.003934172447770834,0.09412360191345215,0.9999860525131226,4.65821221951046e-06,9.31642443902092e-06,1,39.34172447770834
2019-04-15,fold_5,Low-vol plateau,-0.0030291115399450064,-1,-1.1282911145826802e-05,-1,1.1282911145826802e-05,0.09413599967956543,0.9999802112579346,6.582855803571874e-06,1.3165711607143749e-05,1,0.11282911145826802
2019-04-16,fold_5,Low-vol plateau,-0.0034567140974104404,-1,-0.001760470331646502,-1,0.001760470331646502,0.09606218338012695,0.9999902248382568,3.2420132356492104e-06,6.484026471298421e-06,1,17.60470331646502
2019-04-17,fold_5,Low-vol plateau,-0.0006913900724612176,-1,0.0010732508962973952,1,-0.0010732508962973952,0.09488582611083984,0.99998939037323,3.537325483193854e-06,7.074650966387708e-06,0,-10.732508962973952
2019-04-18,fold_5,Low-vol plateau,-0.004696501884609461,-1,-0.005415794439613819,-1,0.005415794439613819,0.1008155345916748,0.9999865293502808,4.477569746086374e-06,8.955139492172748e-06,1,54.15794439613819
2019-04-22,fold_5,Low-vol plateau,-0.0010621234541758895,-1,0.0012835260713472962,1,-0.0012835260713472962,0.09940266609191895,0.9999755620956421,8.134416020766366e-06,1.6268832041532733e-05,0,-12.835260713472962
2019-04-23,fold_5,Low-vol plateau,-0.0020054748747497797,-1,-0.0030754762701690197,-1,0.0030754762701690197,0.10278379917144775,0.9999719858169556,9.336381481261924e-06,1.8672762962523848e-05,1,30.754762701690197
2019-04-24,fold_5,Low-vol plateau,-0.003948669880628586,-1,-0.006312881130725145,-1,0.006312881130725145,0.10974550247192383,0.9999710321426392,9.655408575781621e-06,1.9310817151563242e-05,1,63.12881130725145
2019-04-25,fold_5,Low-vol plateau,-0.003183528548106551,-1,-0.0014923748094588518,-1,0.0014923748094588518,0.11140167713165283,0.9999897480010986,3.4285749279661104e-06,6.857149855932221e-06,1,14.923748094588518
2019-04-26,fold_5,Low-vol plateau,-0.001722813001833856,-1,0.0012043117312714458,1,-0.0012043117312714458,0.11006319522857666,0.9999845027923584,5.146982402948197e-06,1.0293964805896394e-05,0,-12.043117312714458
2019-05-07,fold_5,Low-vol plateau,-0.0012370083713904023,-1,-0.0009624563390389085,-1,0.0009624563390389085,0.11113166809082031,0.9999849796295166,5.0094695325242355e-06,1.0018939065048471e-05,1,9.624563390389085
2019-05-08,fold_5,Low-vol plateau,0.0009533885749988258,1,0.0006494636763818562,1,0.0006494636763818562,0.11185324192047119,0.9999878406524658,4.0357008401770145e-06,8.071401680354029e-06,1,6.494636763818562
2019-05-09,fold_5,Low-vol plateau,0.0014517162926495075,1,0.0021209637634456158,1,0.0021209637634456158,0.11421144008636475,0.9999843835830688,5.205124580243137e-06,1.0410249160486273e-05,1,21.209637634456158
2019-05-10,fold_5,Low-vol plateau,-0.0007317270501516759,-1,0.0012809962499886751,1,-0.0012809962499886751,0.11278414726257324,0.9999843835830688,5.2149903240206186e-06,1.0429980648041237e-05,0,-12.809962499886751
2019-05-13,fold_5,Low-vol plateau,-0.002864082111045718,-1,-0.00034819229040294886,-1,0.00034819229040294886,0.11317157745361328,0.9999738931655884,8.708970199222676e-06,1.7417940398445353e-05,1,3.4819229040294886
2019-05-14,fold_5,Low-vol plateau,-0.0034055106807500124,-1,-0.002498582238331437,-1,0.002498582238331437,0.11595296859741211,0.9999847412109375,5.065935056336457e-06,1.0131870112672914e-05,1,24.98582238331437
2019-05-15,fold_5,Low-vol plateau,-0.0025812629610300064,-1,0.0002465155557729304,1,-0.0002465155557729304,0.1156778335571289,0.9999912977218628,2.8938970899616834e-06,5.787794179923367e-06,0,-2.465155557729304
2019-05-16,fold_5,Low-vol plateau,-0.0032867565751075745,-1,-0.00300564244389534,-1,0.00300564244389534,0.11903119087219238,0.9999911785125732,2.944808557003853e-06,5.889617114007706e-06,1,30.0564244389534
2019-05-17,fold_5,Low-vol plateau,-0.0026354962028563023,-1,-0.0007370057865045965,-1,0.0007370057865045965,0.11985588073730469,0.999990701675415,3.104324378000456e-06,6.208648756000912e-06,1,7.370057865045965
2019-05-20,fold_5,Low-vol plateau,-0.001961770700290799,-1,0.00029040739173069596,1,-0.00029040739173069596,0.11953067779541016,0.9999840259552002,5.340184088709066e-06,1.0680368177418131e-05,0,-2.9040739173069596
2019-05-21,fold_5,Low-vol plateau,-0.002703310688957572,-1,-0.0011713255662471056,-1,0.0011713255662471056,0.1208420991897583,0.999983549118042,5.494340257428121e-06,1.0988680514856242e-05,1,11.713255662471056
2019-05-23,fold_5,Low-vol plateau,0.0006225141114555299,1,0.002606033580377698,1,0.002606033580377698,0.1237630844116211,0.9999911785125732,2.9204002203186974e-06,5.840800440637395e-06,1,26.06033580377698
2019-05-24,fold_5,Low-vol plateau,0.0002597108541522175,1,0.002241884358227253,1,0.002241884358227253,0.12628233432769775,0.9999895095825195,3.495647206364083e-06,6.991294412728166e-06,1,22.41884358227253
2019-05-28,fold_5,Low-vol plateau,-0.0037980922497808933,-1,-0.002066653920337558,-1,0.002066653920337558,0.12860989570617676,0.9999738931655884,8.70705844135955e-06,1.74141168827191e-05,1,20.666539203375578
2019-05-29,fold_5,Low-vol plateau,-0.002003901870921254,-1,-0.0029847442638128996,-1,0.0029847442638128996,0.13197851181030273,0.9999896287918091,3.456687636571587e-06,6.913375273143174e-06,1,29.847442638128996
2019-05-30,fold_5,Low-vol plateau,-0.0006114556454122066,-1,-0.0005565853207372129,-1,0.0005565853207372129,0.1326085329055786,0.9999865293502808,4.476214144233381e-06,8.952428288466763e-06,1,5.565853207372129
2019-05-31,fold_5,Low-vol plateau,0.0008692061528563499,1,0.003855000250041485,1,0.003855000250041485,0.13697469234466553,0.999988317489624,3.9105907490011305e-06,7.821181498002261e-06,1,38.55000250041485
2019-06-03,fold_5,Low-vol plateau,0.0037508474197238684,1,0.006466649007052183,1,0.006466649007052183,0.1443270444869995,0.9999834299087524,5.527442681341199e-06,1.1054885362682398e-05,1,64.66649007052183
2019-06-04,fold_5,Low-vol plateau,-0.0010112789459526539,-1,0.0006865524337626994,1,-0.0006865524337626994,0.14354145526885986,0.9999792575836182,6.895498700032476e-06,1.3790997400064953e-05,0,-6.865524337626994
2019-06-05,fold_5,Low-vol plateau,-0.0029715162236243486,-1,-0.002223382471129298,-1,0.002223382471129298,0.14608395099639893,0.9999886751174927,3.785841499848175e-06,7.57168299969635e-06,1,22.233824711292982
2019-06-06,fold_5,Low-vol plateau,0.001812565722502768,1,0.004228744190186262,1,0.004228744190186262,0.15093040466308594,0.9999833106994629,5.555104962695623e-06,1.1110209925391246e-05,1,42.28744190186262
2019-06-07,fold_5,Low-vol plateau,-0.001033416367135942,-1,0.003871487220749259,1,-0.003871487220749259,0.14647459983825684,0.9999792575836182,6.9062843977008015e-06,1.3812568795401603e-05,0,-38.71487220749259
2019-06-10,fold_5,Low-vol plateau,-0.0023251299280673265,-1,-0.00018112821271643043,-1,0.00018112821271643043,0.14668214321136475,0.9999772310256958,7.600320714118425e-06,1.520064142823685e-05,1,1.8112821271643043
2019-06-11,fold_5,Low-vol plateau,-0.003346865763887763,-1,0.001008287537842989,1,-0.001008287537842989,0.14552593231201172,0.9999866485595703,4.459845968085574e-06,8.919691936171148e-06,0,-10.08287537842989
2019-06-12,fold_5,Low-vol plateau,-0.005605082958936691,-1,-0.002993301022797823,-1,0.002993301022797823,0.1489548683166504,0.999983549118042,5.471776603371836e-06,1.0943553206743672e-05,1,29.93301022797823
2019-06-13,fold_5,Low-vol plateau,-0.0022144229151308537,-1,-0.0013423121999949217,-1,0.0013423121999949217,0.15049707889556885,0.9999865293502808,4.477402853808599e-06,8.954805707617197e-06,1,13.423121999949217
2019-06-14,fold_5,Low-vol plateau,-0.007229445036500692,-1,-0.005619735922664404,-1,0.005619735922664404,0.15696263313293457,0.9999827146530151,5.766280082752928e-06,1.1532560165505856e-05,1,56.19735922664404
2019-06-17,fold_5,Low-vol plateau,-0.0016239129472523928,-1,0.0006733588525094092,1,-0.0006733588525094092,0.15618360042572021,0.999983549118042,5.4786687542218715e-06,1.0957337508443743e-05,0,-6.733588525094092
2019-06-18,fold_5,Low-vol plateau,-0.0034426450729370117,-1,-0.0023515592329204082,-1,0.0023515592329204082,0.15890240669250488,0.9999830722808838,5.6580106502224226e-06,1.1316021300444845e-05,1,23.515592329204082
2019-06-19,fold_5,Low-vol plateau,0.002050025388598442,1,0.003596331924200058,1,0.003596331924200058,0.1630702018737793,0.9999823570251465,5.865427283424651e-06,1.1730854566849303e-05,1,35.96331924200058
2019-06-20,fold_5,Low-vol plateau,0.002259389264509082,1,0.005082990508526564,1,0.005082990508526564,0.16898202896118164,0.9999815225601196,6.1412683862727135e-06,1.2282536772545427e-05,1,50.829905085265636
2019-06-21,fold_5,Low-vol plateau,-0.00015298799553420395,-1,0.007889659143984318,1,-0.007889659143984318,0.15975916385650635,0.9999797344207764,6.7333066908759065e-06,1.3466613381751813e-05,0,-78.89659143984318
2019-06-24,fold_5,Low-vol plateau,-0.0038121750112622976,-1,0.0013679296243935823,1,-0.0013679296243935823,0.15817272663116455,0.9999903440475464,3.2021457627706695e-06,6.404291525541339e-06,0,-13.679296243935823
2019-06-25,fold_5,Low-vol plateau,-0.006312250625342131,-1,-0.0026604935992509127,-1,0.0026604935992509127,0.16125404834747314,0.9999755620956421,8.124082341964822e-06,1.6248164683929645e-05,1,26.604935992509127
2019-06-26,fold_5,Low-vol plateau,-0.0035809786058962345,-1,0.00042085087625309825,1,-0.00042085087625309825,0.16076529026031494,0.9999880790710449,3.96591667595203e-06,7.93183335190406e-06,0,-4.2085087625309825
2019-06-27,fold_5,Low-vol plateau,-0.003981183748692274,-1,-0.0001591937179910019,-1,0.0001591937179910019,0.16095006465911865,0.9999839067459106,5.347344085748773e-06,1.0694688171497546e-05,1,1.591937179910019
2019-06-28,fold_5,Low-vol plateau,-0.0018632587743923068,-1,-0.00070458889240399,-1,0.00070458889240399,0.1617680788040161,0.9999829530715942,5.678768047800986e-06,1.1357536095601972e-05,1,7.0458889240399
2019-07-01,fold_5,Low-vol plateau,-0.0065355002880096436,-1,-0.0068176812492311,-1,0.0068176812492311,0.16968870162963867,0.9999716281890869,9.435859283257741e-06,1.8871718566515483e-05,1,68.176812492311
2019-07-02,fold_5,Low-vol plateau,-0.002173708751797676,-1,0.0004969057627022266,1,-0.0004969057627022266,0.16910743713378906,0.999975323677063,8.212024113163352e-06,1.6424048226326704e-05,0,-4.969057627022266
2019-07-03,fold_5,Low-vol plateau,-0.003191439202055335,-1,-0.00045158492866903543,-1,0.00045158492866903543,0.16963541507720947,0.9999864101409912,4.518626610661158e-06,9.037253221322317e-06,1,4.515849286690354
2019-07-05,fold_5,Low-vol plateau,-0.00669369101524353,-1,-0.005175866652280092,-1,0.005175866652280092,0.1756892204284668,0.999992847442627,2.3699658413534053e-06,4.7399316827068105e-06,1,51.75866652280092
2019-07-08,fold_5,Low-vol plateau,-0.003774217562749982,-1,-0.0010094279423356056,-1,0.0010094279423356056,0.17687606811523438,0.999987006187439,4.3437539716251194e-06,8.687507943250239e-06,1,10.094279423356056
2019-07-09,fold_5,Low-vol plateau,-0.002720773918554187,-1,-0.0006948888185434043,-1,0.0006948888185434043,0.17769384384155273,0.9999862909317017,4.561735750030493e-06,9.123471500060987e-06,1,6.948888185434043
2019-07-10,fold_5,Low-vol plateau,-0.0005212530377320945,-1,0.004514812957495451,1,-0.004514812957495451,0.17237675189971924,0.9999889135360718,3.673317678476451e-06,7.346635356952902e-06,0,-45.14812957495451
2019-07-11,fold_5,Low-vol plateau,-0.002546820556744933,-1,-0.0005738722975365818,-1,0.0005738722975365818,0.17304956912994385,0.9999914169311523,2.8762806323356926e-06,5.752561264671385e-06,1,5.7387229753658175
2019-07-12,fold_5,Low-vol plateau,0.00025208332226611674,1,0.001747183850966394,1,0.001747183850966394,0.17509901523590088,0.9999816417694092,6.131775535322959e-06,1.2263551070645917e-05,1,17.47183850966394
2019-07-16,fold_5,Low-vol plateau,-0.0059875547885894775,-1,-0.004395125899463892,-1,0.004395125899463892,0.18026375770568848,0.9999915361404419,2.834915903804358e-06,5.669831807608716e-06,1,43.95125899463892
2019-07-17,fold_5,Low-vol plateau,-0.0008142790175043046,-1,0.0015496194828301668,1,-0.0015496194828301668,0.1784348487854004,0.9999822378158569,5.921907359152101e-06,1.1843814718304202e-05,0,-15.496194828301668
2019-07-18,fold_5,Low-vol plateau,0.0007030811393633485,1,0.0028379710856825113,1,0.0028379710856825113,0.18177926540374756,0.9999924898147583,2.503073346815654e-06,5.006146693631308e-06,1,28.379710856825113
2019-07-19,fold_5,Low-vol plateau,-0.004895755555480719,-1,-0.003836731193587184,-1,0.003836731193587184,0.18631350994110107,0.9999828338623047,5.735820195695851e-06,1.1471640391391702e-05,1,38.36731193587184
2019-07-22,fold_5,Low-vol plateau,-0.0019071974093094468,-1,-0.0010869659017771482,-1,0.0010869659017771482,0.18760299682617188,0.9999862909317017,4.565692961477907e-06,9.131385922955815e-06,1,10.869659017771482
2019-07-23,fold_5,Low-vol plateau,-0.0038562589325010777,-1,-0.004895445425063372,-1,0.004895445425063372,0.19341683387756348,0.9999741315841675,8.631386663182639e-06,1.7262773326365277e-05,1,48.95445425063372
2019-07-24,fold_5,Low-vol plateau,-0.0015345358988270164,-1,-0.0007910756976343691,-1,0.0007910756976343691,0.19436097145080566,0.9999809265136719,6.344279881886905e-06,1.268855976377381e-05,1,7.910756976343691
2019-07-25,fold_5,Low-vol plateau,-0.004737347364425659,-1,0.0003343336284160614,1,-0.0003343336284160614,0.19396162033081055,0.9999731779098511,8.943871762312483e-06,1.7887743524624966e-05,0,-3.343336284160614
2019-07-26,fold_5,Low-vol plateau,-0.0035613514482975006,-1,-0.0012578507885336876,-1,0.0012578507885336876,0.19546353816986084,0.999985933303833,4.698964858107502e-06,9.397929716215003e-06,1,12.578507885336876
2019-07-29,fold_5,Low-vol plateau,-0.003289271844550967,-1,0.000980583718046546,1,-0.000980583718046546,0.194291353225708,0.9999839067459106,5.3463008953258395e-06,1.0692601790651679e-05,0,-9.80583718046546
2019-07-30,fold_5,Low-vol plateau,-0.0013029014226049185,-1,0.0013388646766543388,1,-0.0013388646766543388,0.19269239902496338,0.9999772310256958,7.567030934296781e-06,1.5134061868593562e-05,0,-13.388646766543388
2019-07-31,fold_5,Low-vol plateau,-0.006153826601803303,-1,-0.007728002034127712,-1,0.007728002034127712,0.20190954208374023,0.9999829530715942,5.68098630537861e-06,1.136197261075722e-05,1,77.28002034127712
2019-08-01,fold_5,Low-vol plateau,-0.00047165286378003657,-1,0.0006425735191442072,1,-0.0006425735191442072,0.20113718509674072,0.9999839067459106,5.375226919568377e-06,1.0750453839136753e-05,0,-6.425735191442072
2019-08-02,fold_5,Low-vol plateau,0.0021125117782503366,1,0.0026325583457946777,1,0.0026325583457946777,0.20429933071136475,0.9999741315841675,8.632227945781779e-06,1.7264455891563557e-05,1,26.325583457946777
2019-08-05,fold_5,Low-vol plateau,0.0030728571582585573,1,0.012222036719322205,1,0.012222036719322205,0.2190183401107788,0.9999661445617676,1.1274123608018272e-05,2.2548247216036543e-05,1,122.22036719322205
2019-08-06,fold_5,Low-vol plateau,-0.0048380326479673386,-1,-0.003272486152127385,-1,0.003272486152127385,0.22300755977630615,0.9999895095825195,3.512027433316689e-06,7.024054866633378e-06,1,32.72486152127385
2019-08-07,fold_5,Low-vol plateau,-0.0018128488445654511,-1,-0.0002352914452785626,-1,0.0002352914452785626,0.22329533100128174,0.9999710321426392,9.641928954806644e-06,1.928385790961329e-05,1,2.352914452785626
2019-08-08,fold_5,Low-vol plateau,-0.0020889879669994116,-1,-0.0015326269203796983,-1,0.0015326269203796983,0.22517025470733643,0.9999808073043823,6.387145731423516e-06,1.2774291462847032e-05,1,15.326269203796983
2019-08-09,fold_5,Low-vol plateau,-0.002553424099460244,-1,0.0019053779542446136,1,-0.0019053779542446136,0.22283577919006348,0.999980092048645,6.637233582296176e-06,1.3274467164592352e-05,0,-19.053779542446136
2019-08-13,fold_5,Low-vol plateau,-0.00692537659779191,-1,-0.0036772366147488356,-1,0.0036772366147488356,0.2273324728012085,0.999982476234436,5.8505584092927165e-06,1.1701116818585433e-05,1,36.772366147488356
2019-08-14,fold_5,Low-vol plateau,-0.0055273049511015415,-1,-0.003019839758053422,-1,0.003019839758053422,0.23103880882263184,0.999987006187439,4.342875399743207e-06,8.685750799486414e-06,1,30.19839758053422
2019-08-15,fold_5,Low-vol plateau,-0.002264146925881505,-1,-0.0026672929525375366,-1,0.0026672929525375366,0.23432230949401855,0.9999873638153076,4.19839852838777e-06,8.39679705677554e-06,1,26.672929525375366
2019-08-16,fold_5,Low-vol plateau,-0.0002642665640451014,-1,-0.0017750132828950882,-1,0.0017750132828950882,0.23651325702667236,0.9999600648880005,1.3311469956533983e-05,2.6622939913067967e-05,1,17.750132828950882
2019-08-19,fold_5,Low-vol plateau,-0.0009334296337328851,-1,-0.0009641959914006293,-1,0.0009641959914006293,0.23770546913146973,0.9999912977218628,2.889294819397037e-06,5.778589638794074e-06,1,9.641959914006293
2019-08-20,fold_5,Low-vol plateau,-0.0006864126189611852,-1,0.001320609007962048,1,-0.001320609007962048,0.23607099056243896,0.9999788999557495,7.012514288362581e-06,1.4025028576725163e-05,0,-13.20609007962048
2019-08-21,fold_5,Low-vol plateau,-0.0021144095808267593,-1,-0.0006321496912278235,-1,0.0006321496912278235,0.23685240745544434,0.999987006187439,4.342771262599854e-06,8.685542525199708e-06,1,6.321496912278235
2019-08-22,fold_5,Low-vol plateau,0.001058845198713243,1,-0.0006096552242524922,-1,-0.0006096552242524922,0.23609840869903564,0.9999841451644897,5.262250851956196e-06,1.0524501703912392e-05,0,-6.096552242524922
2019-08-23,fold_5,Low-vol plateau,-0.0007245171000249684,-1,0.005326444748789072,1,-0.005326444748789072,0.22951436042785645,0.999985933303833,4.696643827628577e-06,9.393287655257154e-06,0,-53.26444748789072
2019-08-26,fold_5,Low-vol plateau,-0.0050559276714921,-1,-0.0035310082603245974,-1,0.0035310082603245974,0.2338557243347168,0.9999816417694092,6.122025297372602e-06,1.2244050594745204e-05,1,35.310082603245974
2019-08-27,fold_5,Low-vol plateau,-0.0023457438219338655,-1,-0.0012309884186834097,-1,0.0012309884186834097,0.2353745698928833,0.999981164932251,6.256394954107236e-06,1.2512789908214472e-05,1,12.309884186834097
2019-08-28,fold_5,Low-vol plateau,-0.002630180912092328,-1,-0.0003769751638174057,-1,0.0003769751638174057,0.23584020137786865,0.9999817609786987,6.057545760995708e-06,1.2115091521991417e-05,1,3.769751638174057
2019-08-29,fold_5,Low-vol plateau,-0.0021914567332714796,-1,-0.0021569994278252125,-1,0.0021569994278252125,0.23850584030151367,0.99997878074646,7.079919669195078e-06,1.4159839338390157e-05,1,21.569994278252125
2019-08-30,fold_5,Low-vol plateau,-0.006350175943225622,-1,-0.0063423048704862595,-1,0.0063423048704862595,0.24636077880859375,0.9999868869781494,4.379652636998799e-06,8.759305273997597e-06,1,63.423048704862595
2019-09-03,fold_5,Low-vol plateau,0.00160285085439682,1,0.0005487410235218704,1,0.0005487410235218704,0.24704468250274658,0.9999657869338989,1.1395206456654705e-05,2.279041291330941e-05,1,5.487410235218704
2019-09-04,fold_5,Low-vol plateau,0.004529613070189953,1,0.005506451241672039,1,0.005506451241672039,0.2539113759994507,0.9999746084213257,8.448832886642776e-06,1.6897665773285553e-05,1,55.06451241672039
2019-09-05,fold_5,Low-vol plateau,0.0006175823509693146,1,0.0001214242001879029,1,0.0001214242001879029,0.2540637254714966,0.9999744892120361,8.495459042023867e-06,1.6990918084047735e-05,1,1.214242001879029
2019-09-06,fold_5,Low-vol plateau,0.0005916900117881596,1,-0.0014217004645615816,-1,-0.0014217004645615816,0.2522808313369751,0.9999796152114868,6.791504347347654e-06,1.3583008694695309e-05,0,-14.217004645615816
2019-09-09,fold_5,Low-vol plateau,0.0005463470006361604,1,0.002519046887755394,1,0.002519046887755394,0.25543534755706787,0.9999715089797974,9.475678780290764e-06,1.8951357560581528e-05,1,25.19046887755394
2019-09-10,fold_5,Low-vol plateau,-0.004680231679230928,-1,0.00017673612455837429,1,-0.00017673612455837429,0.25521349906921387,0.9999865293502808,4.501838702708483e-06,9.003677405416965e-06,0,-1.7673612455837429
2019-09-11,fold_5,Low-vol plateau,-0.005174319725483656,-1,-0.003337112022563815,-1,0.003337112022563815,0.2594022750854492,0.9999798536300659,6.714795290463371e-06,1.3429590580926742e-05,1,33.37112022563815
2019-09-12,fold_5,Low-vol plateau,-0.00048271051491610706,-1,0.004069486167281866,1,-0.004069486167281866,0.2542771100997925,0.999976634979248,7.79232505010441e-06,1.558465010020882e-05,0,-40.69486167281866
2019-09-13,fold_5,Low-vol plateau,-0.0020939738024026155,-1,0.0022721209097653627,1,-0.0022721209097653627,0.25142717361450195,0.9999724626541138,9.17181750992313e-06,1.834363501984626e-05,0,-22.721209097653627
2019-09-17,fold_5,Low-vol plateau,0.0016392505494877696,1,0.00624600937590003,1,0.00624600937590003,0.25924360752105713,0.9999864101409912,4.53841357739293e-06,9.07682715478586e-06,1,62.4600937590003
2019-09-18,fold_5,Low-vol plateau,-0.006371680647134781,-1,-0.003905115881934762,-1,0.003905115881934762,0.26416099071502686,0.999967098236084,1.096484629670158e-05,2.192969259340316e-05,1,39.05115881934762
2019-09-19,fold_5,Low-vol plateau,0.000461960764368996,1,0.001546817016787827,1,0.001546817016787827,0.26611649990081787,0.9999697208404541,1.0098381608258933e-05,2.0196763216517866e-05,1,15.46817016787827
2019-09-20,fold_5,Low-vol plateau,-0.005651515908539295,-1,-0.0026665497571229935,-1,0.0026665497571229935,0.2694927453994751,0.9999802112579346,6.582823971257312e-06,1.3165647942514624e-05,1,26.665497571229935
2019-09-24,fold_5,Low-vol plateau,-0.00046606454998254776,-1,0.002104161074385047,1,-0.002104161074385047,0.2668215036392212,0.9999759197235107,8.016098945518024e-06,1.603219789103605e-05,0,-21.04161074385047
2019-09-25,fold_5,Low-vol plateau,-0.007374092470854521,-1,-0.005804941989481449,-1,0.005804941989481449,0.2741752862930298,0.9999840259552002,5.328042334440397e-06,1.0656084668880794e-05,1,58.04941989481449
2019-09-26,fold_5,Low-vol plateau,-0.0019465581281110644,-1,-0.0027526237536221743,-1,0.0027526237536221743,0.27768266201019287,0.9999827146530151,5.775627414550399e-06,1.1551254829100799e-05,1,27.526237536221743
2019-09-27,fold_5,Low-vol plateau,-0.0019398843869566917,-1,0.0018274149624630809,1,-0.0018274149624630809,0.27534782886505127,0.9999880790710449,3.974425908381818e-06,7.948851816763636e-06,0,-18.27414962463081
2022-01-19,fold_6,EUR crisis downturn,0.0011601243168115616,1,0.0012138050515204668,1,0.0012138050515204668,0.0012137889862060547,0.9999699592590332,1.000816610030597e-05,2.001633220061194e-05,1,12.138050515204668
2022-01-20,fold_6,EUR crisis downturn,-0.002101077465340495,-1,-0.002613516291603446,-1,0.002613516291603446,0.003830552101135254,0.9999808073043823,6.375812972692074e-06,1.2751625945384149e-05,1,26.13516291603446
2022-01-21,fold_6,EUR crisis downturn,-0.001993568381294608,-1,0.0024497758131474257,1,-0.0024497758131474257,0.0013713836669921875,0.999993085861206,2.3061447791405953e-06,4.612289558281191e-06,0,-24.497758131474257
2022-01-24,fold_6,EUR crisis downturn,-0.004373819101601839,-1,-0.0015288135036826134,-1,0.0015288135036826134,0.002902388572692871,0.9999884366989136,3.833875780401286e-06,7.667751560802571e-06,1,15.288135036826134
2022-01-25,fold_6,EUR crisis downturn,-0.004801423754543066,-1,-0.0017295886063948274,-1,0.0017295886063948274,0.004637002944946289,0.9999843835830688,5.213109943724703e-06,1.0426219887449406e-05,1,17.295886063948274
2022-01-26,fold_6,EUR crisis downturn,-0.004903750028461218,-1,-0.005396849941462278,-1,0.005396849941462278,0.010058879852294922,0.9999864101409912,4.544080184132326e-06,9.088160368264653e-06,1,53.968499414622784
2022-01-27,fold_6,EUR crisis downturn,-0.007669807877391577,-1,-0.008583232760429382,-1,0.008583232760429382,0.01872837543487549,0.9999796152114868,6.800558821851155e-06,1.360111764370231e-05,1,85.83232760429382
2022-01-28,fold_6,EUR crisis downturn,-0.000176331028342247,-1,0.000479530863231048,1,-0.000479530863231048,0.018239855766296387,0.9999855756759644,4.793433163285954e-06,9.586866326571908e-06,0,-4.79530863231048
2022-01-31,fold_6,EUR crisis downturn,0.005500720348209143,1,0.0069287000223994255,1,0.0069287000223994255,0.025294899940490723,0.9999769926071167,7.666294550290331e-06,1.5332589100580662e-05,1,69.28700022399426
2022-02-01,fold_6,EUR crisis downturn,-0.001767627545632422,-1,0.0039458139799535275,1,-0.0039458139799535275,0.02124929428100586,0.9999895095825195,3.494952579785604e-06,6.989905159571208e-06,0,-39.458139799535275
2022-02-02,fold_6,EUR crisis downturn,0.0007298829150386155,1,0.0023053139448165894,1,0.0023053139448165894,0.02360355854034424,0.9999866485595703,4.464231096790172e-06,8.928462193580344e-06,1,23.053139448165894
2022-02-03,fold_6,EUR crisis downturn,0.001478463993407786,1,0.012018885463476181,1,0.012018885463476181,0.035906195640563965,0.9999785423278809,7.140497018554015e-06,1.428099403710803e-05,1,120.18885463476181
2022-02-04,fold_6,EUR crisis downturn,-0.0046854750253260136,-1,0.001695401151664555,1,-0.001695401151664555,0.034149885177612305,0.9999649524688721,1.1664755220408551e-05,2.3329510440817103e-05,0,-16.95401151664555
2022-02-07,fold_6,EUR crisis downturn,-0.0017502863192930818,-1,-0.0010641802800819278,-1,0.0010641802800819278,0.03525042533874512,0.9999743700027466,8.550542588636745e-06,1.710108517727349e-05,1,10.641802800819278
2022-02-08,fold_6,EUR crisis downturn,-0.002958254888653755,-1,-0.0018959172302857041,-1,0.0018959172302857041,0.03721320629119873,0.999987006187439,4.321077540225815e-06,8.64215508045163e-06,1,18.95917230285704
2022-02-09,fold_6,EUR crisis downturn,0.0006386224995367229,1,2.275372389703989e-05,1,2.275372389703989e-05,0.037236809730529785,0.9999872446060181,4.237530447426252e-06,8.475060894852504e-06,1,0.2275372389703989
2022-02-10,fold_6,EUR crisis downturn,-0.005040878430008888,-1,-0.0005249936948530376,-1,0.0005249936948530376,0.037781357765197754,0.9999779462814331,7.332396762649296e-06,1.4664793525298592e-05,1,5.249936948530376
2022-02-14,fold_6,EUR crisis downturn,-0.003785931272432208,-1,-0.005166933406144381,-1,0.005166933406144381,0.043143510818481445,0.9999908208847046,3.0472970138362143e-06,6.094594027672429e-06,1,51.669334061443806
2022-02-15,fold_6,EUR crisis downturn,0.005007421597838402,1,0.00446309894323349,1,0.00446309894323349,0.047799110412597656,0.9999791383743286,6.968437901377911e-06,1.3936875802755821e-05,1,44.6309894323349
2022-02-16,fold_6,EUR crisis downturn,0.0017511233454570174,1,0.0016266792081296444,1,0.0016266792081296444,0.04950356483459473,0.9999854564666748,4.857242856814992e-06,9.714485713629983e-06,1,16.266792081296444
2022-02-17,fold_6,EUR crisis downturn,-0.002907747635617852,-1,-0.0007728770724497736,-1,0.0007728770724497736,0.05031466484069824,0.9999854564666748,4.8278448048222344e-06,9.655689609644469e-06,1,7.7287707244977355
2022-02-18,fold_6,EUR crisis downturn,-0.003511618124321103,-1,-0.004334500525146723,-1,0.004334500525146723,0.05486714839935303,0.9999948740005493,1.7061712469512713e-06,3.4123424939025426e-06,1,43.34500525146723
2022-02-22,fold_6,EUR crisis downturn,-0.001353767467662692,-1,0.001721999142318964,1,-0.001721999142318964,0.05305063724517822,0.9999898672103882,3.3938845263037365e-06,6.787769052607473e-06,0,-17.21999142318964
2022-02-24,fold_6,EUR crisis downturn,-0.0075243497267365456,-1,-0.010172287933528423,-1,0.010172287933528423,0.06376254558563232,0.9999767541885376,7.754791113256942e-06,1.5509582226513885e-05,1,101.72287933528423
2022-02-25,fold_6,EUR crisis downturn,0.005042466800659895,1,-0.0008610449731349945,-1,-0.0008610449731349945,0.06284654140472412,0.9999798536300659,6.716238203807734e-06,1.3432476407615468e-05,0,-8.610449731349945
2022-02-28,fold_6,EUR crisis downturn,-0.0011829715222120285,-1,0.00311812711879611,1,-0.00311812711879611,0.0595325231552124,0.9999932050704956,2.256763082186808e-06,4.513526164373616e-06,0,-31.1812711879611
2022-03-01,fold_6,EUR crisis downturn,-0.00581613602116704,-1,-0.007414391729980707,-1,0.007414391729980707,0.06738829612731934,0.9999754428863525,8.163327947841026e-06,1.6326655895682052e-05,1,74.14391729980707
2022-03-02,fold_6,EUR crisis downturn,0.00012112809781683609,1,-0.0018336334032937884,-1,-0.0018336334032937884,0.06543111801147461,0.9999833106994629,5.556106771109626e-06,1.1112213542219251e-05,0,-18.336334032937884
2022-03-03,fold_6,EUR crisis downturn,-0.002087688772007823,-1,-0.004094634670764208,-1,0.004094634670764208,0.06979358196258545,0.9999833106994629,5.565822448261315e-06,1.113164489652263e-05,1,40.94634670764208
2022-03-04,fold_6,EUR crisis downturn,-0.009107534773647785,-1,-0.017377527430653572,-1,0.017377527430653572,0.08838391304016113,0.9999786615371704,7.098653441062197e-06,1.4197306882124394e-05,1,173.77527430653572
2022-03-07,fold_6,EUR crisis downturn,-0.005223003216087818,-1,-0.0008476009825244546,-1,0.0008476009825244546,0.08930635452270508,0.9999608993530273,1.3027671229792759e-05,2.6055342459585518e-05,1,8.476009825244546
2022-03-08,fold_6,EUR crisis downturn,0.0018156266305595636,1,0.0030297928024083376,1,0.0030297928024083376,0.09260678291320801,0.9999715089797974,9.496733582636807e-06,1.8993467165273614e-05,1,30.297928024083376
2022-03-09,fold_6,EUR crisis downturn,0.005756411235779524,1,0.01611238159239292,1,0.01611238159239292,0.11021125316619873,0.9999688863754272,1.0380451385572087e-05,2.0760902771144174e-05,1,161.12381592392921
2022-03-10,fold_6,EUR crisis downturn,-0.0056755999103188515,-1,-0.005407776217907667,-1,0.005407776217907667,0.11621510982513428,0.9999599456787109,1.3345776096684858e-05,2.6691552193369716e-05,1,54.07776217907667
2022-03-11,fold_6,EUR crisis downturn,-0.010414470918476582,-1,-0.007433895952999592,-1,0.007433895952999592,0.12451291084289551,0.9999717473983765,9.408260666532442e-06,1.8816521333064884e-05,1,74.33895952999592
2022-03-14,fold_6,EUR crisis downturn,-0.0016335122054442763,-1,0.001017721719108522,1,-0.001017721719108522,0.12336838245391846,0.9999679327011108,1.0701556675485335e-05,2.140311335097067e-05,0,-10.17721719108522
2022-03-15,fold_6,EUR crisis downturn,-0.0038503711111843586,-1,0.0023914421908557415,1,-0.0023914421908557415,0.12068188190460205,0.999975323677063,8.2417509474908e-06,1.64835018949816e-05,0,-23.914421908557415
2022-03-16,fold_6,EUR crisis downturn,-0.0015744142001494765,-1,0.004794404376298189,1,-0.004794404376298189,0.11530888080596924,0.9999819993972778,5.990880254103104e-06,1.1981760508206207e-05,0,-47.94404376298189
2022-03-17,fold_6,EUR crisis downturn,0.0009357979870401323,1,0.007037183735519648,1,0.007037183735519648,0.12315750122070312,0.9999605417251587,1.3140056580596138e-05,2.6280113161192276e-05,1,70.37183735519648
2022-03-18,fold_6,EUR crisis downturn,-0.006263850722461939,-1,-0.005079824943095446,-1,0.005079824943095446,0.12886297702789307,0.9999803304672241,6.5679428189469036e-06,1.3135885637893807e-05,1,50.798249430954456
2022-03-22,fold_6,EUR crisis downturn,-0.0024682614021003246,-1,0.0011360200587660074,1,-0.0011360200587660074,0.1275806427001953,0.9999747276306152,8.429447916569188e-06,1.6858895833138376e-05,0,-11.360200587660074
2022-03-23,fold_6,EUR crisis downturn,-0.0037147135008126497,-1,-0.0021242026705294847,-1,0.0021242026705294847,0.1299757957458496,0.9999693632125854,1.0196807124884799e-05,2.0393614249769598e-05,1,21.242026705294847
2022-03-24,fold_6,EUR crisis downturn,-0.004541539587080479,-1,0.00029731090762652457,1,-0.00029731090762652457,0.1296398639678955,0.9999650716781616,1.1633832400548272e-05,2.3267664801096544e-05,0,-2.9731090762652457
2022-03-25,fold_6,EUR crisis downturn,-0.0034409265499562025,-1,-0.00251486012712121,-1,0.00251486012712121,0.13248074054718018,0.9999582767486572,1.3919117918703705e-05,2.783823583740741e-05,1,25.1486012712121
2022-03-28,fold_6,EUR crisis downturn,-0.007101877126842737,-1,0.001088330172933638,1,-0.001088330172933638,0.13124823570251465,0.9999784231185913,7.1705590016790666e-06,1.4341118003358133e-05,0,-10.883301729336381
2022-03-29,fold_6,EUR crisis downturn,0.0011094921501353383,1,0.008884331211447716,1,0.008884331211447716,0.14129865169525146,0.9999600648880005,1.332788360741688e-05,2.665576721483376e-05,1,88.84331211447716
2022-03-30,fold_6,EUR crisis downturn,-0.0008752367575652897,-1,0.006339906714856625,1,-0.006339906714856625,0.13406288623809814,0.99997878074646,7.08022298567812e-06,1.416044597135624e-05,0,-63.399067148566246
2022-03-31,fold_6,EUR crisis downturn,-0.00820792093873024,-1,-0.00801636092364788,-1,0.00801636092364788,0.14315390586853027,0.9999440908432007,1.8645177988219075e-05,3.729035597643815e-05,1,80.1636092364788
2022-04-01,fold_6,EUR crisis downturn,-0.006610225420445204,-1,-0.0022647094447165728,-1,0.0022647094447165728,0.14574289321899414,0.9999806880950928,6.41867609374458e-06,1.283735218748916e-05,1,22.647094447165728
2022-04-04,fold_6,EUR crisis downturn,-0.006659121252596378,-1,-0.006464783102273941,-1,0.006464783102273941,0.15314996242523193,0.9999830722808838,5.619578132609604e-06,1.1239156265219208e-05,1,64.64783102273941
2022-04-05,fold_6,EUR crisis downturn,-0.008612118661403656,-1,-0.006325795315206051,-1,0.006325795315206051,0.16044461727142334,0.9999850988388062,4.9790814955485985e-06,9.958162991097197e-06,1,63.25795315206051
2022-04-06,fold_6,EUR crisis downturn,-0.005188405513763428,-1,-0.0007518871570937335,-1,0.0007518871570937335,0.1613171100616455,0.9999687671661377,1.0425018444948364e-05,2.0850036889896728e-05,1,7.5188715709373355
2022-04-07,fold_6,EUR crisis downturn,-0.0048427158035337925,-1,-0.0030639569740742445,-1,0.0030639569740742445,0.16487526893615723,0.9999783039093018,7.212772288767155e-06,1.442554457753431e-05,1,30.639569740742445
2022-04-08,fold_6,EUR crisis downturn,-0.0037121903151273727,-1,0.0018505415646359324,1,-0.0018505415646359324,0.16271960735321045,0.9999822378158569,5.928870905336225e-06,1.185774181067245e-05,0,-18.505415646359324
2022-04-11,fold_6,EUR crisis downturn,-0.004138651769608259,-1,-0.0006418824777938426,-1,0.0006418824777938426,0.1634659767150879,0.9999583959579468,1.3852942174708005e-05,2.770588434941601e-05,1,6.4188247779384255
2022-04-12,fold_6,EUR crisis downturn,-0.003655592678114772,-1,-0.004763457924127579,-1,0.004763457924127579,0.16900813579559326,0.9999783039093018,7.230197752505774e-06,1.4460395505011547e-05,1,47.63457924127579
2022-04-13,fold_6,EUR crisis downturn,7.925392128527164e-05,1,0.00650522205978632,1,0.00650522205978632,0.17661285400390625,0.9999608993530273,1.3012077943130862e-05,2.6024155886261724e-05,1,65.0522205978632
2022-04-14,fold_6,EUR crisis downturn,-0.007990119978785515,-1,-0.0069362265057861805,-1,0.0069362265057861805,0.18477404117584229,0.9999544620513916,1.5194068510027137e-05,3.0388137020054273e-05,1,69.3622650578618
2022-04-18,fold_6,EUR crisis downturn,-0.004641533363610506,-1,-0.0030944086611270905,-1,0.0030944086611270905,0.188440203666687,0.9999785423278809,7.1343752097163815e-06,1.4268750419432763e-05,1,30.944086611270905
2022-04-19,fold_6,EUR crisis downturn,-0.0035038457717746496,-1,0.0011765266535803676,1,-0.0011765266535803676,0.1870419979095459,0.9999767541885376,7.75826265453361e-06,1.551652530906722e-05,0,-11.765266535803676
2022-04-20,fold_6,EUR crisis downturn,-0.0003282759280409664,-1,0.005132047925144434,1,-0.005132047925144434,0.18095004558563232,0.9999514818191528,1.6158504877239466e-05,3.231700975447893e-05,0,-51.32047925144434
2022-04-21,fold_6,EUR crisis downturn,-0.004371259361505508,-1,-0.0013543874956667423,-1,0.0013543874956667423,0.18254947662353516,0.9999804496765137,6.526687229779782e-06,1.3053374459559564e-05,1,13.543874956667423
2022-04-22,fold_6,EUR crisis downturn,-0.008039231412112713,-1,-0.0022270376794040203,-1,0.0022270376794040203,0.18518304824829102,0.9999806880950928,6.419034434657078e-06,1.2838068869314156e-05,1,22.270376794040203
2022-04-25,fold_6,EUR crisis downturn,-0.005561865866184235,-1,-0.008957143872976303,-1,0.008957143872976303,0.1957988739013672,0.9999703168869019,9.87797375273658e-06,1.975594750547316e-05,1,89.57143872976303
2022-04-26,fold_6,EUR crisis downturn,-0.0070456238463521,-1,-0.006588426884263754,-1,0.006588426884263754,0.20367729663848877,0.9999697208404541,1.0082299013447482e-05,2.0164598026894964e-05,1,65.88426884263754
2022-04-27,fold_6,EUR crisis downturn,-0.008182722143828869,-1,-0.008317396976053715,-1,0.008317396976053715,0.21368873119354248,0.9999551773071289,1.4946002920623869e-05,2.9892005841247737e-05,1,83.17396976053715
2022-04-28,fold_6,EUR crisis downturn,-0.00351143185980618,-1,-0.004821411799639463,-1,0.004821411799639463,0.21954047679901123,0.9999500513076782,1.666221214691177e-05,3.332442429382354e-05,1,48.214117996394634
2022-05-02,fold_6,EUR crisis downturn,-0.008062613196671009,-1,-0.002553798258304596,-1,0.002553798258304596,0.22265493869781494,0.9999359846115112,2.135058821295388e-05,4.270117642590776e-05,1,25.53798258304596
2022-05-06,fold_6,EUR crisis downturn,-0.0036773222964257,-1,-0.0007161782123148441,-1,0.0007161782123148441,0.22353065013885498,0.9999628067016602,1.2394379155011848e-05,2.4788758310023695e-05,1,7.161782123148441
2022-05-09,fold_6,EUR crisis downturn,-0.00652293860912323,-1,0.003190816380083561,1,-0.003190816380083561,0.2196265459060669,0.9999598264694214,1.3390336789598223e-05,2.6780673579196446e-05,0,-31.90816380083561
2022-05-10,fold_6,EUR crisis downturn,-0.004558253567665815,-1,-0.0031072180718183517,-1,0.0031072180718183517,0.22341620922088623,0.9999797344207764,6.746241979271872e-06,1.3492483958543744e-05,1,31.072180718183517
2022-05-11,fold_6,EUR crisis downturn,-0.00020569228217937052,-1,-0.0019448387902230024,-1,0.0019448387902230024,0.22579550743103027,0.9999567270278931,1.4401824955712073e-05,2.8803649911424145e-05,1,19.448387902230024
2022-05-12,fold_6,EUR crisis downturn,-0.01098758913576603,-1,-0.0126422718167305,-1,0.0126422718167305,0.24129235744476318,0.9999555349349976,1.4821372133155819e-05,2.9642744266311638e-05,1,126.42271816730499
2022-05-13,fold_6,EUR crisis downturn,0.0001980221422854811,1,0.002028132788836956,1,0.002028132788836956,0.24380981922149658,0.9999582767486572,1.391054320265539e-05,2.782108640531078e-05,1,20.28132788836956
2022-05-16,fold_6,EUR crisis downturn,-0.0014642871683463454,-1,0.003684947732836008,1,-0.003684947732836008,0.23922646045684814,0.9999592304229736,1.3600048077933025e-05,2.720009615586605e-05,0,-36.84947732836008
2022-05-17,fold_6,EUR crisis downturn,0.0022318940609693527,1,0.01043185405433178,1,0.01043185405433178,0.2521538734436035,0.9999388456344604,2.0367049728520215e-05,4.073409945704043e-05,1,104.3185405433178
2022-05-18,fold_6,EUR crisis downturn,-0.00748046487569809,-1,-0.007121461909264326,-1,0.007121461909264326,0.26107096672058105,0.9999657869338989,1.1398426067898981e-05,2.2796852135797963e-05,1,71.21461909264326
2022-05-19,fold_6,EUR crisis downturn,0.006994155701249838,1,0.010145164094865322,1,0.010145164094865322,0.27386474609375,0.9999477863311768,1.7383041267748922e-05,3.4766082535497844e-05,1,101.45164094865322
2022-05-20,fold_6,EUR crisis downturn,-0.007982606999576092,-1,-0.000866660091560334,-1,0.000866660091560334,0.2749687433242798,0.9999852180480957,4.933914169669151e-06,9.867828339338303e-06,1,8.66660091560334
2022-05-23,fold_6,EUR crisis downturn,0.005705616902559996,1,0.010617928579449654,1,0.010617928579449654,0.28850626945495605,0.9999637603759766,1.2058547326887492e-05,2.4117094653774984e-05,1,106.17928579449654
2022-05-24,fold_6,EUR crisis downturn,-0.004481595009565353,-1,0.005099795293062925,1,-0.005099795293062925,0.2819352149963379,0.9999785423278809,7.146125426515937e-06,1.4292250853031874e-05,0,-50.99795293062925
2022-05-25,fold_6,EUR crisis downturn,-0.004561747889965773,-1,-0.004648668225854635,-1,0.004648668225854635,0.28789448738098145,0.9999650716781616,1.163977685791906e-05,2.327955371583812e-05,1,46.48668225854635
2022-05-26,fold_6,EUR crisis downturn,-0.0009792597265914083,-1,0.004336175508797169,1,-0.004336175508797169,0.282309889793396,0.9999730587005615,8.97792779142037e-06,1.795585558284074e-05,0,-43.36175508797169
2022-05-27,fold_6,EUR crisis downturn,-0.0004781766328960657,-1,-0.0001395020226482302,-1,0.0001395020226482302,0.28248870372772217,0.9999728202819824,9.066928214451764e-06,1.8133856428903528e-05,1,1.395020226482302
2022-05-31,fold_6,EUR crisis downturn,-0.003603024175390601,-1,-0.0036603042390197515,-1,0.0036603042390197515,0.2871830463409424,0.999974250793457,8.594516657467466e-06,1.7189033314934932e-05,1,36.603042390197515
2022-06-01,fold_6,EUR crisis downturn,-0.0064658173359930515,-1,-0.007447231560945511,-1,0.007447231560945511,0.29676902294158936,0.9999908208847046,3.0675114430778194e-06,6.135022886155639e-06,1,74.47231560945511
2022-06-02,fold_6,EUR crisis downturn,0.0062155816704034805,1,0.009095413610339165,1,0.009095413610339165,0.3085637092590332,0.9999903440475464,3.199469119863352e-06,6.398938239726704e-06,1,90.95413610339165
2022-06-03,fold_6,EUR crisis downturn,-0.005905257072299719,-1,-0.0023275099229067564,-1,0.0023275099229067564,0.31160950660705566,0.9999855756759644,4.810602604266023e-06,9.621205208532047e-06,1,23.275099229067564
2022-06-06,fold_6,EUR crisis downturn,-0.002282102359458804,-1,-0.003228839486837387,-1,0.003228839486837387,0.31584441661834717,0.999963641166687,1.210603386425646e-05,2.421206772851292e-05,1,32.28839486837387
2022-06-07,fold_6,EUR crisis downturn,0.0012004830641672015,1,0.0006740176468156278,1,0.0006740176468156278,0.316731333732605,0.9999860525131226,4.642703061108477e-06,9.285406122216955e-06,1,6.740176468156278
2022-06-08,fold_6,EUR crisis downturn,-0.0014684222405776381,-1,0.0017791216960176826,1,-0.0017791216960176826,0.314388632774353,0.9999724626541138,9.173000762530137e-06,1.8346001525060274e-05,0,-17.791216960176826
2022-06-09,fold_6,EUR crisis downturn,-0.007062967400997877,-1,-0.009185684844851494,-1,0.009185684844851494,0.32646214962005615,0.9999743700027466,8.5381561802933e-06,1.70763123605866e-05,1,91.85684844851494
2022-06-10,fold_6,EUR crisis downturn,-0.008342224173247814,-1,-0.012168340384960175,-1,0.012168340384960175,0.3426029682159424,0.9999701976776123,9.911239430948626e-06,1.9822478861897253e-05,1,121.68340384960175
2022-06-13,fold_6,EUR crisis downturn,-0.008425566367805004,-1,-0.0071343835443258286,-1,0.0071343835443258286,0.35218167304992676,0.9999599456787109,1.3341847079573199e-05,2.6683694159146398e-05,1,71.34383544325829
2022-06-14,fold_6,EUR crisis downturn,-0.004258779343217611,-1,0.0024430977646261454,1,-0.0024430977646261454,0.3488781452178955,0.9999809265136719,6.360236056934809e-06,1.2720472113869619e-05,0,-24.430977646261454
2022-06-15,fold_6,EUR crisis downturn,-0.0011587466578930616,-1,0.0014952836791053414,1,-0.0014952836791053414,0.3468611240386963,0.999976396560669,7.883929356466979e-06,1.5767858712933958e-05,0,-14.952836791053414
2022-06-16,fold_6,EUR crisis downturn,0.007733955979347229,1,0.00866952445358038,1,0.00866952445358038,0.3585376739501953,0.9999731779098511,8.93775541044306e-06,1.787551082088612e-05,1,86.6952445358038
2022-06-17,fold_6,EUR crisis downturn,-0.011283175088465214,-1,-0.005256267264485359,-1,0.005256267264485359,0.3656785488128662,0.9999557733535767,1.472146777814487e-05,2.944293555628974e-05,1,52.56267264485359
2022-06-21,fold_6,EUR crisis downturn,-0.003354561049491167,-1,0.001126965624280274,1,-0.001126965624280274,0.3641395568847656,0.9999656677246094,1.145372061728267e-05,2.290744123456534e-05,0,-11.26965624280274
2022-06-22,fold_6,EUR crisis downturn,-0.004972778260707855,-1,0.0029896728228777647,1,-0.0029896728228777647,0.36006128787994385,0.9999593496322632,1.354163669020636e-05,2.708327338041272e-05,0,-29.896728228777647
2022-06-23,fold_6,EUR crisis downturn,-0.00571467773988843,-1,-0.004165956750512123,-1,0.004165956750512123,0.3657273054122925,0.9999892711639404,3.5669152111950098e-06,7.1338304223900195e-06,1,41.65956750512123
2022-06-24,fold_6,EUR crisis downturn,-0.0017318244790658355,-1,0.004374321084469557,1,-0.004374321084469557,0.3597531318664551,0.9999773502349854,7.564320640085498e-06,1.5128641280170996e-05,0,-43.74321084469557
2022-06-27,fold_6,EUR crisis downturn,-0.0038284447509795427,-1,0.0013967370614409447,1,-0.0013967370614409447,0.35785388946533203,0.999968409538269,1.051954495778773e-05,2.103908991557546e-05,0,-13.967370614409447
2022-06-28,fold_6,EUR crisis downturn,-0.010093647055327892,-1,-0.0054197353310883045,-1,0.0054197353310883045,0.3652130365371704,0.9999700784683228,9.956437679647934e-06,1.9912875359295867e-05,1,54.197353310883045
2022-06-29,fold_6,EUR crisis downturn,-0.00895607564598322,-1,-0.007312588859349489,-1,0.007312588859349489,0.3751962184906006,0.9999874830245972,4.175043613940943e-06,8.350087227881886e-06,1,73.12588859349489
2022-06-30,fold_6,EUR crisis downturn,-0.0020776954479515553,-1,0.0029757271986454725,1,-0.0029757271986454725,0.37110400199890137,0.9999901056289673,3.310345846330165e-06,6.62069169266033e-06,0,-29.757271986454725
2022-07-01,fold_6,EUR crisis downturn,-0.008492276072502136,-1,-0.0041735912673175335,-1,0.0041735912673175335,0.37682652473449707,0.9999675750732422,1.0815501809702255e-05,2.163100361940451e-05,1,41.735912673175335
2022-07-05,fold_6,EUR crisis downturn,-0.013571794144809246,-1,-0.01682257279753685,-1,0.01682257279753685,0.3999882936477661,0.9999580383300781,1.3980476978758816e-05,2.796095395751763e-05,1,168.2257279753685
2022-07-06,fold_6,EUR crisis downturn,-0.009899057447910309,-1,-0.006947201211005449,-1,0.006947201211005449,0.4097142219543457,0.9999797344207764,6.755198228347581e-06,1.3510396456695162e-05,1,69.4720121100545
2022-07-07,fold_6,EUR crisis downturn,-0.005199949722737074,-1,-0.0016271539498120546,-1,0.0016271539498120546,0.4120081663131714,0.999968409538269,1.0540968105487991e-05,2.1081936210975982e-05,1,16.271539498120546
2022-07-08,fold_6,EUR crisis downturn,-0.007017186377197504,-1,-0.0003659561334643513,-1,0.0003659561334643513,0.412524938583374,0.9999786615371704,7.09512551111402e-06,1.419025102222804e-05,1,3.659561334643513
2022-07-11,fold_6,EUR crisis downturn,-0.008443622849881649,-1,-0.01166516449302435,-1,0.01166516449302435,0.42900216579437256,0.9999780654907227,7.300233846763149e-06,1.4600467693526298e-05,1,116.65164493024349
2022-07-12,fold_6,EUR crisis downturn,-0.0024201301857829094,-1,-0.0014347791438922286,-1,0.0014347791438922286,0.43105244636535645,0.9999837875366211,5.397976110543823e-06,1.0795952221087646e-05,1,14.347791438922286
2022-07-13,fold_6,EUR crisis downturn,-0.001554326736368239,-1,-4.015977538074367e-05,-1,4.015977538074367e-05,0.4311099052429199,0.9999833106994629,5.544192845263751e-06,1.1088385690527502e-05,1,0.4015977538074367
2022-07-14,fold_6,EUR crisis downturn,-0.0057672359980642796,-1,-0.0007017548778094351,-1,0.0007017548778094351,0.43211424350738525,0.9999890327453613,3.65938171853486e-06,7.31876343706972e-06,1,7.017548778094351
2022-07-15,fold_6,EUR crisis downturn,0.0014926294097676873,1,0.007047208957374096,1,0.007047208957374096,0.44220662117004395,0.9999645948410034,1.181530660687713e-05,2.363061321375426e-05,1,70.47208957374096
2022-07-19,fold_6,EUR crisis downturn,0.0022393378894776106,1,0.008491970598697662,1,0.008491970598697662,0.45445382595062256,0.9999628067016602,1.2393151337164454e-05,2.478630267432891e-05,1,84.91970598697662
2022-07-20,fold_6,EUR crisis downturn,-0.009411926381289959,-1,-0.004745147656649351,-1,0.004745147656649351,0.46135544776916504,0.9999591112136841,1.3636205949296709e-05,2.7272411898593418e-05,1,47.45147656649351
2022-07-21,fold_6,EUR crisis downturn,-0.002056258264929056,-1,0.00376132526434958,1,-0.00376132526434958,0.45585882663726807,0.9999629259109497,1.235533636645414e-05,2.471067273290828e-05,0,-37.6132526434958
2022-07-22,fold_6,EUR crisis downturn,-0.005040619056671858,-1,-0.002039989223703742,-1,0.002039989223703742,0.45882880687713623,0.9999731779098511,8.937494385463651e-06,1.7874988770927303e-05,1,20.39989223703742
2022-07-25,fold_6,EUR crisis downturn,-0.004440516233444214,-1,0.0024232829455286264,1,-0.0024232829455286264,0.4552936553955078,0.9999707937240601,9.750435310706962e-06,1.9500870621413924e-05,0,-24.232829455286264
2022-07-26,fold_6,EUR crisis downturn,-0.012767008505761623,-1,-0.009329265914857388,-1,0.009329265914857388,0.46887052059173584,0.9999586343765259,1.3796518942399416e-05,2.7593037884798832e-05,1,93.29265914857388
2022-07-27,fold_6,EUR crisis downturn,0.0031338382977992296,1,0.007871334441006184,1,0.007871334441006184,0.4804326295852661,0.9999829530715942,5.694064839190105e-06,1.138812967838021e-05,1,78.71334441006184
2022-07-28,fold_6,EUR crisis downturn,-0.007657690439373255,-1,-0.0016614561900496483,-1,0.0016614561900496483,0.4828922748565674,0.9999692440032959,1.0231120540993288e-05,2.0462241081986576e-05,1,16.614561900496483
2022-07-29,fold_6,EUR crisis downturn,-0.0005910589243285358,-1,0.001561881392262876,1,-0.001561881392262876,0.48057615756988525,0.9999794960021973,6.850573754491052e-06,1.3701147508982103e-05,0,-15.61881392262876
2022-08-01,fold_6,EUR crisis downturn,-0.002931964350864291,-1,0.005202550906687975,1,-0.005202550906687975,0.4728734493255615,0.9999818801879883,6.043655957910232e-06,1.2087311915820464e-05,0,-52.02550906687975
2022-08-02,fold_6,EUR crisis downturn,-0.009637752547860146,-1,-0.010297809727489948,-1,0.010297809727489948,0.4880408048629761,0.9999715089797974,9.502524335402995e-06,1.900504867080599e-05,1,102.97809727489948
2022-08-03,fold_6,EUR crisis downturn,-0.003592562396079302,-1,0.00019285830785520375,1,-0.00019285830785520375,0.4877537488937378,0.9999822378158569,5.913399945711717e-06,1.1826799891423434e-05,0,-1.9285830785520375
2022-08-04,fold_6,EUR crisis downturn,0.0021749939769506454,1,0.008874700404703617,1,0.008874700404703617,0.5009570121765137,0.9999797344207764,6.767601007595658e-06,1.3535202015191317e-05,1,88.74700404703617
2022-08-05,fold_6,EUR crisis downturn,-0.008754684589803219,-1,-0.007506103254854679,-1,0.007506103254854679,0.5122233629226685,0.9999759197235107,8.003926268429495e-06,1.600785253685899e-05,1,75.06103254854679
2022-08-08,fold_6,EUR crisis downturn,-0.0009782536653801799,-1,0.002630935749039054,1,-0.002630935749039054,0.5082447528839111,0.9999862909317017,4.5629526539414655e-06,9.125905307882931e-06,0,-26.30935749039054
2022-08-09,fold_6,EUR crisis downturn,-0.0007852702401578426,-1,0.001031049294397235,1,-0.001031049294397235,0.5066896677017212,0.9999854564666748,4.857406565861311e-06,9.714813131722622e-06,0,-10.31049294397235
2022-08-10,fold_6,EUR crisis downturn,0.004508341196924448,1,0.00907498225569725,1,0.00907498225569725,0.5203627347946167,0.9999786615371704,7.122458555386402e-06,1.4244917110772803e-05,1,90.7498225569725
2022-08-12,fold_6,EUR crisis downturn,-0.0034806409385055304,-1,-0.005846230313181877,-1,0.005846230313181877,0.529251217842102,0.9999732971191406,8.886632713256404e-06,1.7773265426512808e-05,1,58.46230313181877
2022-08-15,fold_6,EUR crisis downturn,-0.0097400126978755,-1,-0.009206736460328102,-1,0.009206736460328102,0.5433306694030762,0.9999712705612183,9.55791438173037e-06,1.911582876346074e-05,1,92.06736460328102
2022-08-16,fold_6,EUR crisis downturn,-0.001442981418222189,-1,0.0008543621515855193,1,-0.0008543621515855193,0.542012095451355,0.9999890327453613,3.6415294744074345e-06,7.283058948814869e-06,0,-8.543621515855193
2022-08-17,fold_6,EUR crisis downturn,-0.003871605498716235,-1,0.000936616794206202,1,-0.000936616794206202,0.5405677556991577,0.9999744892120361,8.497069757140707e-06,1.6994139514281414e-05,0,-9.36616794206202
2022-08-18,fold_6,EUR crisis downturn,-0.009154582396149635,-1,-0.00886909943073988,-1,0.00886909943073988,0.5542311668395996,0.9999728202819824,9.050920198205858e-06,1.8101840396411717e-05,1,88.6909943073988
2022-08-19,fold_6,EUR crisis downturn,-0.0075203897431492805,-1,-0.005418936721980572,-1,0.005418936721980572,0.5626534223556519,0.9999812841415405,6.24234598944895e-06,1.24846919788979e-05,1,54.18936721980572
2022-08-22,fold_6,EUR crisis downturn,-0.008793254382908344,-1,-0.009541994892060757,-1,0.009541994892060757,0.5775642395019531,0.9999797344207764,6.7571345425676554e-06,1.3514269085135311e-05,1,95.41994892060757
2022-08-23,fold_6,EUR crisis downturn,-0.00032061312231235206,-1,0.0027609101962298155,1,-0.0027609101962298155,0.5732088088989258,0.9999713897705078,9.525598215986975e-06,1.905119643197395e-05,0,-27.609101962298155
2022-08-24,fold_6,EUR crisis downturn,-0.0016122065717354417,-1,0.00021929587819613516,1,-0.00021929587819613516,0.5728638172149658,0.9999737739562988,8.754002919886261e-06,1.7508005839772522e-05,0,-2.1929587819613516
2022-08-25,fold_6,EUR crisis downturn,0.0006061405292712152,1,0.00021942718012724072,1,0.00021942718012724072,0.5732090473175049,0.9999890327453613,3.663605866677244e-06,7.327211733354488e-06,1,2.194271801272407
2022-08-26,fold_6,EUR crisis downturn,-0.005576401483267546,-1,-0.0032698833383619785,-1,0.0032698833383619785,0.5783532857894897,0.9999799728393555,6.657063750026282e-06,1.3314127500052564e-05,1,32.698833383619785
2022-08-29,fold_6,EUR crisis downturn,-0.002859750995412469,-1,0.00758057227358222,1,-0.00758057227358222,0.5663884878158569,0.9999536275863647,1.5437977708643302e-05,3.0875955417286605e-05,0,-75.8057227358222
2022-08-30,fold_6,EUR crisis downturn,-0.004807714372873306,-1,0.0011028088629245758,1,-0.0011028088629245758,0.5646610260009766,0.9999716281890869,9.434799721930176e-06,1.8869599443860352e-05,0,-11.028088629245758
2022-08-31,fold_6,EUR crisis downturn,-0.003993169870227575,-1,0.001395423780195415,1,-0.001395423780195415,0.562477707862854,0.9999803304672241,6.564622253790731e-06,1.3129244507581461e-05,0,-13.95423780195415
2022-09-01,fold_6,EUR crisis downturn,-0.010609040968120098,-1,-0.008638561703264713,-1,0.008638561703264713,0.5759754180908203,0.9999827146530151,5.755225174652878e-06,1.1510450349305756e-05,1,86.38561703264713
2022-09-02,fold_6,EUR crisis downturn,-0.0012589890975505114,-1,-0.004310653544962406,-1,0.004310653544962406,0.5827687978744507,0.9999856948852539,4.747685125039425e-06,9.49537025007885e-06,1,43.10653544962406
2022-09-06,fold_6,EUR crisis downturn,-0.011206716299057007,-1,-0.005453890655189753,-1,0.005453890655189753,0.5914011001586914,0.9999740123748779,8.642240572953597e-06,1.7284481145907193e-05,1,54.538906551897526
2022-09-07,fold_6,EUR crisis downturn,0.002157943556085229,1,0.009875823743641376,1,0.009875823743641376,0.6071174144744873,0.9999755620956421,8.134052222885657e-06,1.6268104445771314e-05,1,98.75823743641376
2022-09-08,fold_6,EUR crisis downturn,-0.0034283369313925505,-1,0.0016320209251716733,1,-0.0016320209251716733,0.604494571685791,0.9999725818634033,9.151883205049671e-06,1.8303766410099342e-05,0,-16.320209251716733
2022-09-09,fold_6,EUR crisis downturn,0.0010812091641128063,1,0.00593199860304594,1,0.00593199860304594,0.6140123605728149,0.9999547004699707,1.5090829037944786e-05,3.0181658075889573e-05,1,59.319986030459404
2022-09-12,fold_6,EUR crisis downturn,-0.0015303969848901033,-1,0.005773918703198433,1,-0.005773918703198433,0.6046931743621826,0.9999856948852539,4.773039108840749e-06,9.546078217681497e-06,0,-57.73918703198433
2022-09-13,fold_6,EUR crisis downturn,-0.019216347485780716,-1,-0.014563821256160736,-1,0.014563821256160736,0.6280635595321655,0.9999727010726929,9.112492080021184e-06,1.8224984160042368e-05,1,145.63821256160736
2022-09-14,fold_6,EUR crisis downturn,-0.0036842096596956253,-1,0.00019961698853876442,1,-0.00019961698853876442,0.6277385950088501,0.9999709129333496,9.705806405690964e-06,1.941161281138193e-05,0,-1.9961698853876442
2022-09-15,fold_6,EUR crisis downturn,-0.004704155959188938,-1,0.0004294819082133472,1,-0.0004294819082133472,0.6270394325256348,0.9999752044677734,8.271045771834906e-06,1.6542091543669812e-05,0,-4.294819082133472
2022-09-16,fold_6,EUR crisis downturn,-0.0035404928494244814,-1,0.0034075863659381866,1,-0.0034075863659381866,0.6214951276779175,0.9999815225601196,6.148895408841781e-06,1.2297790817683563e-05,0,-34.07586365938187
2022-09-20,fold_6,EUR crisis downturn,-0.008393161930143833,-1,-0.005862889811396599,-1,0.005862889811396599,0.6310017108917236,0.9999713897705078,9.52988921198994e-06,1.905977842397988e-05,1,58.62889811396599
2022-09-21,fold_6,EUR crisis downturn,-0.006301195826381445,-1,-0.014048072509467602,-1,0.014048072509467602,0.653914213180542,0.9999799728393555,6.653297987213591e-06,1.3306595974427182e-05,1,140.48072509467602
2022-09-22,fold_6,EUR crisis downturn,-0.005705713760107756,-1,0.0011022116523236036,1,-0.0011022116523236036,0.6520912647247314,0.999962329864502,1.2547294318210334e-05,2.5094588636420667e-05,0,-11.022116523236036
2022-09-26,fold_6,EUR crisis downturn,-0.004391856025904417,-1,-0.006832936313003302,-1,0.006832936313003302,0.6633799076080322,0.9999444484710693,1.8515218471293338e-05,3.7030436942586675e-05,1,68.32936313003302
2022-09-27,fold_6,EUR crisis downturn,0.00032823244691826403,1,-0.002859671600162983,-1,-0.002859671600162983,0.658623218536377,0.9999446868896484,1.843370591814164e-05,3.686741183628328e-05,0,-28.59671600162983
2022-09-28,fold_6,EUR crisis downturn,0.008764197118580341,1,0.011669258587062359,1,0.011669258587062359,0.6779781579971313,0.9999573230743408,1.4217407624528278e-05,2.8434815249056555e-05,1,116.69258587062359
2022-09-29,fold_6,EUR crisis downturn,-0.003714944003149867,-1,0.012503246776759624,1,-0.012503246776759624,0.6569979190826416,0.9999629259109497,1.2349611097306479e-05,2.4699222194612958e-05,0,-125.03246776759624
2025-01-22,fold_7,Recent mixed/upturn,-0.001157050603069365,-1,0.00040599689236842096,1,-0.00040599689236842096,-0.00040596723556518555,0.9999732971191406,8.889115633792244e-06,1.7778231267584488e-05,0,-4.05996892368421
2025-01-23,fold_7,Recent mixed/upturn,0.0009226478869095445,1,0.0005624851328320801,1,0.0005624851328320801,0.00015628337860107422,0.9999858140945435,4.737789367936784e-06,9.475578735873569e-06,1,5.624851328320801
2025-01-24,fold_7,Recent mixed/upturn,-0.00020570284686982632,-1,0.00495113804936409,1,-0.00495113804936409,-0.0047956109046936035,0.999974250793457,8.568204066250473e-06,1.7136408132500947e-05,0,-49.5113804936409
2025-01-27,fold_7,Recent mixed/upturn,-0.004923917818814516,-1,-0.0021516145206987858,-1,0.0021516145206987858,-0.0026543140411376953,0.9999754428863525,8.167099622369278e-06,1.6334199244738556e-05,1,21.516145206987858
2025-01-28,fold_7,Recent mixed/upturn,-0.002858957974240184,-1,-0.001533105387352407,-1,0.001533105387352407,-0.0011252164840698242,0.9999799728393555,6.682388175249798e-06,1.3364776350499596e-05,1,15.33105387352407
2025-01-29,fold_7,Recent mixed/upturn,-0.002070378977805376,-1,-0.0003648616257123649,-1,0.0003648616257123649,-0.0007607340812683105,0.9999818801879883,6.032439614500618e-06,1.2064879229001235e-05,1,3.648616257123649
2025-01-30,fold_7,Recent mixed/upturn,-0.0005763340159319341,-1,-0.0026825745590031147,-1,0.0026825745590031147,0.0019197463989257812,0.9999752044677734,8.259311471192632e-06,1.6518622942385264e-05,1,26.825745590031147
2025-01-31,fold_7,Recent mixed/upturn,-0.001994093880057335,-1,-0.014377536252140999,-1,0.014377536252140999,0.016324996948242188,0.9999717473983765,9.422278708370868e-06,1.8844557416741736e-05,1,143.77536252141
2025-02-03,fold_7,Recent mixed/upturn,-0.0036931491922587156,-1,0.0077662100084125996,1,-0.0077662100084125996,0.00843203067779541,0.9999798536300659,6.712341928505339e-06,1.3424683857010677e-05,0,-77.662100084126
2025-02-04,fold_7,Recent mixed/upturn,0.002649495378136635,1,0.004398011602461338,1,0.004398011602461338,0.012867093086242676,0.9999710321426392,9.649613275541924e-06,1.9299226551083848e-05,1,43.98011602461338
2025-02-05,fold_7,Recent mixed/upturn,0.0017059248639270663,1,0.002704183105379343,1,0.002704183105379343,0.015606045722961426,0.9999829530715942,5.693659204553114e-06,1.1387318409106229e-05,1,27.04183105379343
2025-02-06,fold_7,Recent mixed/upturn,-0.0021165187936276197,-1,-0.0014540054835379124,-1,0.0014540054835379124,0.017082691192626953,0.9999759197235107,8.0314757724409e-06,1.60629515448818e-05,1,14.540054835379124
2025-02-07,fold_7,Recent mixed/upturn,-0.0034448490478098392,-1,-0.007135644089430571,-1,0.007135644089430571,0.024340271949768066,0.9999749660491943,8.330424861924257e-06,1.6660849723848514e-05,1,71.3564408943057
2025-02-10,fold_7,Recent mixed/upturn,-0.001886834274046123,-1,-0.0009786115260794759,-1,0.0009786115260794759,0.025342702865600586,0.9999713897705078,9.536403013044037e-06,1.9072806026088074e-05,1,9.786115260794759
2025-02-12,fold_7,Recent mixed/upturn,-0.0033356142230331898,-1,0.002608470618724823,1,-0.002608470618724823,0.022668123245239258,0.9999778270721436,7.402629762509605e-06,1.480525952501921e-05,0,-26.08470618724823
2025-02-13,fold_7,Recent mixed/upturn,0.0013438531896099448,1,0.006705875508487225,1,0.006705875508487225,0.0295259952545166,0.9999743700027466,8.550017810193822e-06,1.7100035620387644e-05,1,67.05875508487225
2025-02-14,fold_7,Recent mixed/upturn,-0.0006900083390064538,-1,0.002632782096043229,1,-0.002632782096043229,0.026815414428710938,0.9999799728393555,6.6660891206993256e-06,1.3332178241398651e-05,0,-26.32782096043229
2025-02-18,fold_7,Recent mixed/upturn,-0.005482700653374195,-1,-0.00353158637881279,-1,0.00353158637881279,0.030441641807556152,0.9999822378158569,5.917574071645504e-06,1.1835148143291008e-05,1,35.3158637881279
2025-02-19,fold_7,Recent mixed/upturn,-0.003510246751829982,-1,-0.002615605480968952,-1,0.002615605480968952,0.033136844635009766,0.9999741315841675,8.611356861365493e-06,1.7222713722730987e-05,1,26.156054809689522
2025-02-20,fold_7,Recent mixed/upturn,0.004671485163271427,1,0.007633917964994907,1,0.007633917964994907,0.04102373123168945,0.9999778270721436,7.3754713412199635e-06,1.4750942682439927e-05,1,76.33917964994907
2025-02-21,fold_7,Recent mixed/upturn,-0.003923395182937384,-1,-0.0024511523079127073,-1,0.0024511523079127073,0.04357552528381348,0.9999583959579468,1.385914129059529e-05,2.771828258119058e-05,1,24.511523079127073
2025-02-25,fold_7,Recent mixed/upturn,0.00022082413488533348,1,0.005998783744871616,1,0.005998783744871616,0.0498356819152832,0.9999834299087524,5.526263066713e-06,1.1052526133426e-05,1,59.987837448716164
2025-02-26,fold_7,Recent mixed/upturn,-0.004733799025416374,-1,-0.0033563824836164713,-1,0.0033563824836164713,0.053359270095825195,0.9999788999557495,7.0484170464624185e-06,1.4096834092924837e-05,1,33.56382483616471
2025-02-27,fold_7,Recent mixed/upturn,-0.007568527013063431,-1,-0.008929464034736156,-1,0.008929464034736156,0.06276524066925049,0.9999704360961914,9.855606549535878e-06,1.9711213099071756e-05,1,89.29464034736156
2025-02-28,fold_7,Recent mixed/upturn,-0.001490385620854795,-1,0.0018017083639279008,1,-0.0018017083639279008,0.06085038185119629,0.9999817609786987,6.075003057048889e-06,1.2150006114097778e-05,0,-18.017083639279008
2025-03-03,fold_7,Recent mixed/upturn,0.0018737766658887267,1,0.006836147513240576,1,0.006836147513240576,0.06810259819030762,0.9999690055847168,1.0337420462747104e-05,2.067484092549421e-05,1,68.36147513240576
2025-03-04,fold_7,Recent mixed/upturn,0.003932963591068983,1,0.013538874685764313,1,0.013538874685764313,0.08256351947784424,0.9999712705612183,9.57761312747607e-06,1.915522625495214e-05,1,135.38874685764313
2025-03-05,fold_7,Recent mixed/upturn,-0.00767294829711318,-1,0.015803681686520576,1,-0.015803681686520576,0.06545495986938477,0.9999692440032959,1.0229016879748087e-05,2.0458033759496175e-05,0,-158.03681686520576
2025-03-06,fold_7,Recent mixed/upturn,0.00039796633063815534,1,-0.0006472344393841922,-1,-0.0006472344393841922,0.0647653341293335,0.9999700784683228,9.961154319171328e-06,1.9922308638342656e-05,0,-6.472344393841922
2025-03-07,fold_7,Recent mixed/upturn,0.0005868528969585896,1,0.006733564659953117,1,0.006733564659953117,0.07193493843078613,0.9999785423278809,7.163682766986312e-06,1.4327365533972625e-05,1,67.33564659953117
2025-03-10,fold_7,Recent mixed/upturn,-0.006486549973487854,-1,-0.0019510398851707578,-1,0.0019510398851707578,0.07402634620666504,0.9999812841415405,6.248837962630205e-06,1.249767592526041e-05,1,19.510398851707578
2025-03-11,fold_7,Recent mixed/upturn,-0.0009458100539632142,-1,0.006897692568600178,1,-0.006897692568600178,0.06661808490753174,0.9999785423278809,7.1530880632053595e-06,1.4306176126410719e-05,0,-68.97692568600178
2025-03-12,fold_7,Recent mixed/upturn,-0.003107229247689247,-1,-0.002558252075687051,-1,0.002558252075687051,0.06934678554534912,0.999982476234436,5.82097618462285e-06,1.16419523692457e-05,1,25.582520756870508
2025-03-13,fold_7,Recent mixed/upturn,-0.002069199224933982,-1,-0.0028116365429013968,-1,0.0028116365429013968,0.07235348224639893,0.9999699592590332,1.0011905942519661e-05,2.0023811885039322e-05,1,28.116365429013968
2025-03-14,fold_7,Recent mixed/upturn,0.0031965088564902544,1,0.002361313672736287,1,0.002361313672736287,0.07488560676574707,0.9999681711196899,1.0611383004288655e-05,2.122276600857731e-05,1,23.61313672736287
2025-03-17,fold_7,Recent mixed/upturn,0.0016810375964269042,1,0.003483176464214921,1,0.003483176464214921,0.07862961292266846,0.9999719858169556,9.344224054075312e-06,1.8688448108150624e-05,1,34.83176464214921
2025-03-18,fold_7,Recent mixed/upturn,-0.0010296482359990478,-1,0.0018596742302179337,1,-0.0018596742302179337,0.07662367820739746,0.9999812841415405,6.230818598851329e-06,1.2461637197702657e-05,0,-18.596742302179337
2025-03-19,fold_7,Recent mixed/upturn,-0.0017346221720799804,-1,-0.0025206219870597124,-1,0.0025206219870597124,0.079337477684021,0.9999825954437256,5.808977675769711e-06,1.1617955351539422e-05,1,25.206219870597124
2025-03-21,fold_7,Recent mixed/upturn,-0.0013827651273459196,-1,-0.0019287904724478722,-1,0.0019287904724478722,0.08141934871673584,0.9999874830245972,4.157760031375801e-06,8.315520062751602e-06,1,19.28790472447872
2025-03-24,fold_7,Recent mixed/upturn,0.0004034872108604759,1,-0.0029709464870393276,-1,-0.0029709464870393276,0.07820653915405273,0.9999793767929077,6.8623462539108004e-06,1.3724692507821601e-05,0,-29.709464870393276
2025-03-25,fold_7,Recent mixed/upturn,-0.0012860764982178807,-1,-0.001488630659878254,-1,0.001488630659878254,0.079811692237854,0.9999685287475586,1.048653939506039e-05,2.097307879012078e-05,1,14.88630659878254
2025-03-26,fold_7,Recent mixed/upturn,-0.004541635513305664,-1,-0.0042109801433980465,-1,0.0042109801433980465,0.08435869216918945,0.999974250793457,8.577263542974833e-06,1.7154527085949667e-05,1,42.109801433980465
2025-03-27,fold_7,Recent mixed/upturn,0.0016012061387300491,1,0.0054869032464921474,1,0.0054869032464921474,0.09030842781066895,0.9999661445617676,1.1282595551165286e-05,2.2565191102330573e-05,1,54.869032464921474
2025-03-28,fold_7,Recent mixed/upturn,-0.0030527219641953707,-1,0.002121507888659835,1,-0.002121507888659835,0.08799529075622559,0.9999725818634033,9.153963219432626e-06,1.8307926438865252e-05,0,-21.21507888659835
2025-03-31,fold_7,Recent mixed/upturn,-0.003375763539224863,-1,-0.0004652105853892863,-1,0.0004652105853892863,0.08850133419036865,0.9999760389328003,7.992657629074529e-06,1.5985315258149058e-05,1,4.652105853892863
2025-04-01,fold_7,Recent mixed/upturn,-0.0024061172734946012,-1,-0.0021160184405744076,-1,0.0021160184405744076,0.0908045768737793,0.9999688863754272,1.0359231055190321e-05,2.0718462110380642e-05,1,21.160184405744076
2025-04-02,fold_7,Recent mixed/upturn,0.0012350281467661262,1,0.010439658537507057,1,0.010439658537507057,0.10219216346740723,0.9999828338623047,5.715724455512827e-06,1.1431448911025655e-05,1,104.39658537507057
2025-04-03,fold_7,Recent mixed/upturn,0.00197168649174273,1,0.012380016967654228,1,0.012380016967654228,0.11583733558654785,0.9999666213989258,1.1116709174530115e-05,2.223341834906023e-05,1,123.80016967654228
2025-04-04,fold_7,Recent mixed/upturn,-0.011223363690078259,-1,-0.0053604403510689735,-1,0.0053604403510689735,0.12181878089904785,0.9999704360961914,9.850269634625874e-06,1.970053926925175e-05,1,53.604403510689735
2025-04-07,fold_7,Recent mixed/upturn,-0.003044248092919588,-1,-0.006298223044723272,-1,0.006298223044723272,0.1288841962814331,0.9999737739562988,8.724410690774675e-06,1.744882138154935e-05,1,62.98223044723272
2025-04-08,fold_7,Recent mixed/upturn,0.002086009830236435,1,0.005962451454252005,1,0.005962451454252005,0.13561511039733887,0.999971866607666,9.38920220505679e-06,1.877840441011358e-05,1,59.624514542520046
2025-04-09,fold_7,Recent mixed/upturn,0.0007630129694007337,1,-0.0025847177021205425,-1,-0.0025847177021205425,0.13267993927001953,0.9999626874923706,1.2427110050339252e-05,2.4854220100678504e-05,0,-25.847177021205425
2025-04-10,fold_7,Recent mixed/upturn,0.005654219537973404,1,0.027919435873627663,1,0.027919435873627663,0.16430366039276123,0.9999490976333618,1.6956033505266532e-05,3.3912067010533065e-05,1,279.1943587362766
2025-04-11,fold_7,Recent mixed/upturn,-0.006148901768028736,-1,0.00757727911695838,1,-0.00757727911695838,0.15548133850097656,0.9999631643295288,1.2273291758901905e-05,2.454658351780381e-05,0,-75.7727911695838
2025-04-14,fold_7,Recent mixed/upturn,-0.005121767055243254,-1,-0.00030624307692050934,-1,0.00030624307692050934,0.15583515167236328,0.9999667406082153,1.1064789759984706e-05,2.212957951996941e-05,1,3.0624307692050934
2025-04-15,fold_7,Recent mixed/upturn,-0.0067739845253527164,-1,-0.00414437847211957,-1,0.00414437847211957,0.16062545776367188,0.9999711513519287,9.625375241739675e-06,1.925075048347935e-05,1,41.4437847211957
2025-04-16,fold_7,Recent mixed/upturn,-0.001098834560252726,-1,0.00922001339495182,1,-0.00922001339495182,0.14992451667785645,0.9999852180480957,4.908842583972728e-06,9.817685167945456e-06,0,-92.2001339495182
2025-04-17,fold_7,Recent mixed/upturn,-0.0014835636829957366,-1,0.01017727330327034,1,-0.01017727330327034,0.1382213830947876,0.9999809265136719,6.373288215399953e-06,1.2746576430799905e-05,0,-101.7727330327034
2025-04-22,fold_7,Recent mixed/upturn,-0.009613213129341602,-1,-0.01403016597032547,-1,0.01403016597032547,0.15419089794158936,0.9999707937240601,9.747132935444824e-06,1.949426587088965e-05,1,140.3016597032547
2025-04-23,fold_7,Recent mixed/upturn,-0.005673582199960947,-1,-0.0021068835631012917,-1,0.0021068835631012917,0.15662264823913574,0.9999680519104004,1.0663021384971216e-05,2.1326042769942433e-05,1,21.068835631012917
2025-04-24,fold_7,Recent mixed/upturn,0.0011120415292680264,1,0.003934726119041443,1,0.003934726119041443,0.16117370128631592,0.9999860525131226,4.631941010302398e-06,9.263882020604797e-06,1,39.34726119041443
2025-04-25,fold_7,Recent mixed/upturn,-0.0034989328123629093,-1,-0.002529496792703867,-1,0.002529496792703867,0.16411089897155762,0.9999825954437256,5.79565994485165e-06,1.15913198897033e-05,1,25.29496792703867
2025-04-28,fold_7,Recent mixed/upturn,-0.0014677357394248247,-1,0.005818618461489677,1,-0.005818618461489677,0.15733742713928223,0.9999687671661377,1.0418349120300263e-05,2.0836698240600526e-05,0,-58.186184614896774
2025-04-30,fold_7,Recent mixed/upturn,-0.0016264867736026645,-1,-0.005651242099702358,-1,0.005651242099702358,0.16387784481048584,0.9999793767929077,6.8832900979032274e-06,1.3766580195806455e-05,1,56.51242099702358
2025-05-01,fold_7,Recent mixed/upturn,-0.004171603824943304,-1,-0.002507785800844431,-1,0.002507785800844431,0.16679656505584717,0.9999756813049316,8.102185347524937e-06,1.6204370695049874e-05,1,25.07785800844431
2025-05-02,fold_7,Recent mixed/upturn,-0.002458351431414485,-1,0.0023665628395974636,1,-0.0023665628395974636,0.16403532028198242,0.9999790191650391,6.981132173677906e-06,1.3962264347355813e-05,0,-23.665628395974636
2025-05-07,fold_7,Recent mixed/upturn,-0.003968615084886551,-1,-0.003222282975912094,-1,0.003222282975912094,0.1677861213684082,0.9999816417694092,6.119497811596375e-06,1.223899562319275e-05,1,32.22282975912094
2025-05-08,fold_7,Recent mixed/upturn,-0.009854990057647228,-1,-0.007250799797475338,-1,0.007250799797475338,0.17625343799591064,0.9999728202819824,9.062282515515108e-06,1.8124565031030215e-05,1,72.50799797475338
2025-05-09,fold_7,Recent mixed/upturn,-0.0014404458925127983,-1,0.0004828175879083574,1,-0.0004828175879083574,0.17568552494049072,0.9999845027923584,5.157247869647108e-06,1.0314495739294216e-05,0,-4.828175879083574
2025-05-12,fold_7,Recent mixed/upturn,-0.00897724088281393,-1,-0.011938820593059063,-1,0.011938820593059063,0.18972182273864746,0.9999773502349854,7.557332537544426e-06,1.5114665075088851e-05,1,119.38820593059063
2025-05-13,fold_7,Recent mixed/upturn,0.004147899337112904,1,0.008109462447464466,1,0.008109462447464466,0.19936978816986084,0.999967098236084,1.0964075045194477e-05,2.1928150090388954e-05,1,81.09462447464466
2025-05-14,fold_7,Recent mixed/upturn,-0.0051697962917387486,-1,-0.0003241990343667567,-1,0.0003241990343667567,0.1997586488723755,0.9999819993972778,6.0056045185774565e-06,1.2011209037154913e-05,1,3.2419903436675668
2025-05-15,fold_7,Recent mixed/upturn,-0.0013854264980182052,-1,0.0009625714155845344,1,-0.0009625714155845344,0.19860386848449707,0.9999773502349854,7.5347948040871415e-06,1.5069589608174283e-05,0,-9.625714155845344
2025-05-16,fold_7,Recent mixed/upturn,-0.007601034827530384,-1,-0.0004587228177115321,-1,0.0004587228177115321,0.19915366172790527,0.9999693632125854,1.0220802323601674e-05,2.044160464720335e-05,1,4.587228177115321
2025-05-19,fold_7,Recent mixed/upturn,-0.0013064503436908126,-1,0.004100138321518898,1,-0.004100138321518898,0.19423699378967285,0.9999759197235107,8.010589226614684e-06,1.6021178453229368e-05,0,-41.00138321518898
2025-05-20,fold_7,Recent mixed/upturn,-0.0048113251104950905,-1,0.004853827878832817,1,-0.004853827878832817,0.18844032287597656,0.99997878074646,7.0556866376136895e-06,1.4111373275227379e-05,0,-48.53827878832817
2025-05-21,fold_7,Recent mixed/upturn,-0.0033830597531050444,-1,0.003829962108284235,1,-0.003829962108284235,0.18388867378234863,0.999971866607666,9.367186066810973e-06,1.8734372133621946e-05,0,-38.29962108284235
2025-05-22,fold_7,Recent mixed/upturn,-0.00776031194254756,-1,-0.004354733508080244,-1,0.004354733508080244,0.18904411792755127,0.9999734163284302,8.874240847944748e-06,1.7748481695889495e-05,1,43.54733508080244
2025-05-23,fold_7,Recent mixed/upturn,-6.74492257530801e-05,-1,0.00806327536702156,1,-0.00806327536702156,0.17945659160614014,0.9999771118164062,7.6216783782001585e-06,1.5243356756400317e-05,0,-80.6327536702156
2025-05-27,fold_7,Recent mixed/upturn,-0.00859851110726595,-1,-0.004512133076786995,-1,0.004512133076786995,0.18477857112884521,0.9999786615371704,7.115887910913443e-06,1.4231775821826886e-05,1,45.12133076786995
2025-05-28,fold_7,Recent mixed/upturn,-0.007686116732656956,-1,-0.009121845476329327,-1,0.009121845476329327,0.1955859661102295,0.9999704360961914,9.839553968049586e-06,1.967910793609917e-05,1,91.21845476329327
2025-05-29,fold_7,Recent mixed/upturn,0.000439526978880167,1,0.012880357913672924,1,0.012880357913672924,0.21098554134368896,0.9999711513519287,9.619152478990145e-06,1.923830495798029e-05,1,128.80357913672924
2025-05-30,fold_7,Recent mixed/upturn,-0.00547027587890625,-1,-0.002202543430030346,-1,0.002202543430030346,0.21365272998809814,0.9999828338623047,5.715690804208862e-06,1.1431381608417723e-05,1,22.02543430030346
2025-06-02,fold_7,Recent mixed/upturn,0.0001658500696066767,1,0.008819226175546646,1,0.008819226175546646,0.22435617446899414,0.999975323677063,8.229677405324765e-06,1.645935481064953e-05,1,88.19226175546646
2025-06-03,fold_7,Recent mixed/upturn,-0.0075011178851127625,-1,-0.006022475194185972,-1,0.006022475194185972,0.23172974586486816,0.9999903440475464,3.2057807857199805e-06,6.411561571439961e-06,1,60.22475194185972
2025-06-04,fold_7,Recent mixed/upturn,0.0002543925365898758,1,0.0033009489998221397,1,0.0033009489998221397,0.23579561710357666,0.9999855756759644,4.822800292458851e-06,9.645600584917702e-06,1,33.0094899982214
2025-06-05,fold_7,Recent mixed/upturn,-0.0027508309576660395,-1,0.0027832789346575737,1,-0.0027832789346575737,0.23235607147216797,0.9999878406524658,4.043216449645115e-06,8.08643289929023e-06,0,-27.832789346575737
2025-06-06,fold_7,Recent mixed/upturn,-0.0066877566277980804,-1,-0.004015539772808552,-1,0.004015539772808552,0.2373046875,0.9999901056289673,3.2961481792881386e-06,6.592296358576277e-06,1,40.15539772808552
2025-06-09,fold_7,Recent mixed/upturn,-0.0003184964880347252,-1,0.001771340030245483,1,-0.001771340030245483,0.2351130247116089,0.9999827146530151,5.771209998783888e-06,1.1542419997567777e-05,0,-17.71340030245483
2025-06-10,fold_7,Recent mixed/upturn,-0.0022417684085667133,-1,0.0008235503337346017,1,-0.0008235503337346017,0.23409581184387207,0.9999816417694092,6.1173086578492075e-06,1.2234617315698415e-05,0,-8.235503337346017
2025-06-11,fold_7,Recent mixed/upturn,-0.0011943201534450054,-1,0.006284058094024658,1,-0.006284058094024658,0.226340651512146,0.999990701675415,3.112249032710679e-06,6.224498065421358e-06,0,-62.84058094024658
2025-06-12,fold_7,Recent mixed/upturn,0.0014253898989409208,1,0.007899755612015724,1,0.007899755612015724,0.23602843284606934,0.9999810457229614,6.305030638031894e-06,1.2610061276063789e-05,1,78.99755612015724
2025-06-13,fold_7,Recent mixed/upturn,-0.00664053950458765,-1,-0.003755935002118349,-1,0.003755935002118349,0.24067091941833496,0.9999837875366211,5.38964877705439e-06,1.077929755410878e-05,1,37.55935002118349
2025-06-16,fold_7,Recent mixed/upturn,0.0005064678261987865,1,-0.0004620169347617775,-1,-0.0004620169347617775,0.2400977611541748,0.9999760389328003,7.983776413311716e-06,1.5967552826623432e-05,0,-4.620169347617775
2025-06-17,fold_7,Recent mixed/upturn,-0.007890991866588593,-1,-0.005948005244135857,-1,0.005948005244135857,0.2474738359451294,0.9999724626541138,9.18764817470219e-06,1.837529634940438e-05,1,59.480052441358566
2025-06-18,fold_7,Recent mixed/upturn,0.0008578705601394176,1,-0.0004476588510442525,-1,-0.0004476588510442525,0.24691545963287354,0.9999808073043823,6.393830062734196e-06,1.2787660125468392e-05,0,-4.476588510442525
2025-06-20,fold_7,Recent mixed/upturn,-0.0006762058474123478,-1,-0.0010350376833230257,-1,0.0010350376833230257,0.24820613861083984,0.9999866485595703,4.450638243724825e-06,8.90127648744965e-06,1,10.350376833230257
2025-06-23,fold_7,Recent mixed/upturn,-0.0007478191400878131,-1,0.008536921814084053,1,-0.008536921814084053,0.2375502586364746,0.9999818801879883,6.046508133294992e-06,1.2093016266589984e-05,0,-85.36921814084053
2025-06-24,fold_7,Recent mixed/upturn,0.0013066407991573215,1,0.0011379257775843143,1,0.0011379257775843143,0.23895859718322754,0.9999783039093018,7.216923677333398e-06,1.4433847354666796e-05,1,11.379257775843143
2025-06-25,fold_7,Recent mixed/upturn,-0.001414731377735734,-1,0.006157340481877327,1,-0.006157340481877327,0.23132991790771484,0.9999815225601196,6.1366345107671805e-06,1.2273269021534361e-05,0,-61.57340481877327
2025-06-26,fold_7,Recent mixed/upturn,0.0001458645856473595,1,0.0007249234477058053,1,0.0007249234477058053,0.2322225570678711,0.9999843835830688,5.184936981095234e-06,1.0369873962190468e-05,1,7.249234477058053
2025-06-27,fold_7,Recent mixed/upturn,-0.002376334276050329,-1,0.0030139251612126827,1,-0.0030139251612126827,0.22850871086120605,0.9999793767929077,6.873336133139674e-06,1.3746672266279347e-05,0,-30.139251612126827
2025-06-30,fold_7,Recent mixed/upturn,0.0007007050444371998,1,0.005092043429613113,1,0.005092043429613113,0.23476433753967285,0.9999895095825195,3.5054188174399314e-06,7.010837634879863e-06,1,50.920434296131134
2025-07-01,fold_7,Recent mixed/upturn,-0.0032326974906027317,-1,0.0015583859058097005,1,-0.0015583859058097005,0.2328401803970337,0.9999779462814331,7.332375389523804e-06,1.4664750779047608e-05,0,-15.583859058097005
2025-07-02,fold_7,Recent mixed/upturn,-0.0030006675515323877,-1,-0.00044844072544947267,-1,0.00044844072544947267,0.23339307308197021,0.9999814033508301,6.19241154709016e-06,1.238482309418032e-05,1,4.484407254494727
2025-07-03,fold_7,Recent mixed/upturn,-0.004012241493910551,-1,-0.0024366681464016438,-1,0.0024366681464016438,0.23639845848083496,0.9999788999557495,7.047248800517991e-06,1.4094497601035982e-05,1,24.366681464016438
2025-07-07,fold_7,Recent mixed/upturn,-0.0067632803693413734,-1,-0.003755652578547597,-1,0.003755652578547597,0.24104201793670654,0.9999845027923584,5.1453935157042e-06,1.02907870314084e-05,1,37.55652578547597
2025-07-08,fold_7,Recent mixed/upturn,-0.002687103347852826,-1,-0.0010200783144682646,-1,0.0010200783144682646,0.24230802059173584,0.9999828338623047,5.724011771235382e-06,1.1448023542470764e-05,1,10.200783144682646
2025-07-09,fold_7,Recent mixed/upturn,-0.0019726937171071768,-1,0.000563176698051393,1,-0.000563176698051393,0.2416083812713623,0.9999740123748779,8.657234502607025e-06,1.731446900521405e-05,0,-5.63176698051393
2025-07-10,fold_7,Recent mixed/upturn,-0.005342109594494104,-1,-0.002422562800347805,-1,0.002422562800347805,0.24461627006530762,0.9999784231185913,7.171517154347384e-06,1.4343034308694769e-05,1,24.22562800347805
2025-07-11,fold_7,Recent mixed/upturn,-0.004558594431728125,-1,-0.0017639847937971354,-1,0.0017639847937971354,0.24681174755096436,0.9999852180480957,4.9428012971475255e-06,9.885602594295051e-06,1,17.639847937971354
2025-07-14,fold_7,Recent mixed/upturn,-0.00590656790882349,-1,-0.0013532100711017847,-1,0.0013532100711017847,0.2484990358352661,0.999976634979248,7.78625690145418e-06,1.557251380290836e-05,1,13.532100711017847
2025-07-15,fold_7,Recent mixed/upturn,-0.006571744568645954,-1,-0.005049251951277256,-1,0.005049251951277256,0.254802942276001,0.9999873638153076,4.213237843941897e-06,8.426475687883794e-06,1,50.49251951277256
2025-07-16,fold_7,Recent mixed/upturn,-0.002049286849796772,-1,0.002443466568365693,1,-0.002443466568365693,0.2517368793487549,0.9999772310256958,7.592102519993205e-06,1.518420503998641e-05,0,-24.43466568365693
2025-07-17,fold_7,Recent mixed/upturn,-0.004228090401738882,-1,-0.0017422791570425034,-1,0.0017422791570425034,0.2539176940917969,0.9999775886535645,7.469851880159695e-06,1.493970376031939e-05,1,17.422791570425034
2025-07-18,fold_7,Recent mixed/upturn,-0.002697262680158019,-1,0.0013141727540642023,1,-0.0013141727540642023,0.2522698640823364,0.9999740123748779,8.67033395479666e-06,1.734066790959332e-05,0,-13.141727540642023
2025-07-22,fold_7,Recent mixed/upturn,8.084900036919862e-05,1,0.003815255593508482,1,0.003815255593508482,0.2570476531982422,0.9999681711196899,1.0609397577354684e-05,2.121879515470937e-05,1,38.15255593508482
2025-07-23,fold_7,Recent mixed/upturn,-0.0001145973801612854,-1,0.0029907028656452894,1,-0.0029907028656452894,0.2532881498336792,0.9999774694442749,7.509013357775984e-06,1.5018026715551969e-05,0,-29.907028656452894
2025-07-24,fold_7,Recent mixed/upturn,-0.0034580265637487173,-1,-0.001540047349408269,-1,0.001540047349408269,0.2552182674407959,0.9999741315841675,8.615740625828039e-06,1.7231481251656078e-05,1,15.40047349408269
2025-07-25,fold_7,Recent mixed/upturn,-0.002882949309423566,-1,5.8711641031550243e-05,1,-5.8711641031550243e-05,0.2551445960998535,0.9999690055847168,1.032909767673118e-05,2.065819535346236e-05,0,-0.5871164103155024
2025-07-28,fold_7,Recent mixed/upturn,-0.00678712734952569,-1,-0.013614622876048088,-1,0.013614622876048088,0.2722330093383789,0.9999676942825317,1.0763662430690601e-05,2.1527324861381203e-05,1,136.14622876048088
2025-07-29,fold_7,Recent mixed/upturn,-0.004527501296252012,-1,-0.003950425889343023,-1,0.003950425889343023,0.2772589921951294,0.9999711513519287,9.618906915420666e-06,1.9237813830841333e-05,1,39.50425889343023
2025-07-30,fold_7,Recent mixed/upturn,-0.009688529185950756,-1,-0.010526402853429317,-1,0.010526402853429317,0.29070401191711426,0.9999885559082031,3.822655344265513e-06,7.645310688531026e-06,1,105.26402853429317
2025-07-31,fold_7,Recent mixed/upturn,-0.004838576074689627,-1,-0.0004912575823254883,-1,0.0004912575823254883,0.29133808612823486,0.9999855756759644,4.788252681464655e-06,9.57650536292931e-06,1,4.912575823254883
2025-08-01,fold_7,Recent mixed/upturn,0.004381844773888588,1,0.014263281598687172,1,0.014263281598687172,0.3097567558288574,0.9999712705612183,9.584849976818077e-06,1.9169699953636155e-05,1,142.63281598687172
2025-08-04,fold_7,Recent mixed/upturn,-0.0007594515918754041,-1,-0.00022017340234015137,-1,0.00022017340234015137,0.31004512310028076,0.9999783039093018,7.231601102830609e-06,1.4463202205661219e-05,1,2.2017340234015137
2025-08-05,fold_7,Recent mixed/upturn,-0.0018271685112267733,-1,-0.0004284036112949252,-1,0.0004284036112949252,0.31060636043548584,0.9999740123748779,8.648379662190564e-06,1.7296759324381128e-05,1,4.284036112949252
2025-08-06,fold_7,Recent mixed/upturn,0.0018514039693400264,1,0.007254479452967644,1,0.007254479452967644,0.3201141357421875,0.9999741315841675,8.620093467470724e-06,1.7240186934941448e-05,1,72.54479452967644
2025-08-07,fold_7,Recent mixed/upturn,-0.0069993338547647,-1,0.0011559956474229693,1,-0.0011559956474229693,0.31858813762664795,0.999977707862854,7.415658274112502e-06,1.4831316548225004e-05,0,-11.559956474229693
2025-08-08,fold_7,Recent mixed/upturn,-0.0008393917232751846,-1,-0.002457661321386695,-1,0.002457661321386695,0.3218287229537964,0.9999635219573975,1.21754101201077e-05,2.43508202402154e-05,1,24.57661321386695
2025-08-12,fold_7,Recent mixed/upturn,0.00161130225751549,1,0.005044498015195131,1,0.005044498015195131,0.32849669456481934,0.9999737739562988,8.739308213989716e-06,1.7478616427979432e-05,1,50.44498015195131
2025-08-13,fold_7,Recent mixed/upturn,-0.00019115596660412848,-1,0.003068778896704316,1,-0.003068778896704316,0.32441985607147217,0.9999806880950928,6.4525902416789904e-06,1.2905180483357981e-05,0,-30.68778896704316
2025-08-14,fold_7,Recent mixed/upturn,-0.0061681861989200115,-1,-0.005254701245576143,-1,0.005254701245576143,0.3313792943954468,0.9999717473983765,9.417957699042745e-06,1.883591539808549e-05,1,52.54701245576143
2025-08-15,fold_7,Recent mixed/upturn,-8.071242336882278e-05,-1,0.004741219338029623,1,-0.004741219338029623,0.3250669240951538,0.9999788999557495,7.033047040749807e-06,1.4066094081499614e-05,0,-47.41219338029623
2025-08-18,fold_7,Recent mixed/upturn,-0.004196247551590204,-1,-0.003267246065661311,-1,0.003267246065661311,0.32939624786376953,0.9999678134918213,1.0738294804468751e-05,2.1476589608937502e-05,1,32.67246065661311
2025-08-19,fold_7,Recent mixed/upturn,-0.0012675793841481209,-1,-0.002212071092799306,-1,0.002212071092799306,0.3323369026184082,0.9999761581420898,7.934362656669691e-06,1.5868725313339382e-05,1,22.12071092799306
2025-08-20,fold_7,Recent mixed/upturn,-0.0011825532419607043,-1,0.0007923034718260169,1,-0.0007923034718260169,0.33128130435943604,0.9999847412109375,5.084165422886144e-06,1.0168330845772289e-05,0,-7.923034718260169
2025-08-21,fold_7,Recent mixed/upturn,-0.005411237012594938,-1,-0.003321295604109764,-1,0.003321295604109764,0.33570289611816406,0.9999839067459106,5.358599082683213e-06,1.0717198165366426e-05,1,33.21295604109764
2025-08-22,fold_7,Recent mixed/upturn,0.0025720626581460238,1,0.008313816972076893,1,0.008313816972076893,0.346807599067688,0.9999797344207764,6.756370112270815e-06,1.351274022454163e-05,1,83.13816972076893
2025-08-25,fold_7,Recent mixed/upturn,-0.00735884765163064,-1,-0.007784397341310978,-1,0.007784397341310978,0.35729169845581055,0.9999872446060181,4.2447181840543635e-06,8.489436368108727e-06,1,77.84397341310978
2025-08-26,fold_7,Recent mixed/upturn,-3.080545138800517e-05,-1,0.001804178929887712,1,-0.001804178929887712,0.3548429012298584,0.9999778270721436,7.3831492954923306e-06,1.4766298590984661e-05,0,-18.04178929887712
2025-08-27,fold_7,Recent mixed/upturn,-0.001678437925875187,-1,0.0007338296854868531,1,-0.0007338296854868531,0.3538486957550049,0.9999762773513794,7.895944690972101e-06,1.5791889381944202e-05,0,-7.338296854868531
2025-08-28,fold_7,Recent mixed/upturn,0.0014260079478845,1,0.0028852694667875767,1,0.0028852694667875767,0.35775482654571533,0.9999886751174927,3.7541292385867564e-06,7.508258477173513e-06,1,28.852694667875767
2025-08-29,fold_7,Recent mixed/upturn,-0.00202781124971807,-1,0.0008769080741330981,1,-0.0008769080741330981,0.35656416416168213,0.9999837875366211,5.3812632359040435e-06,1.0762526471808087e-05,0,-8.769080741330981
2025-09-02,fold_7,Recent mixed/upturn,-0.00779477646574378,-1,-0.006818667519837618,-1,0.006818667519837618,0.36581408977508545,0.9999849796295166,5.020215667173034e-06,1.0040431334346067e-05,1,68.18667519837618
2025-09-03,fold_7,Recent mixed/upturn,0.0010494755115360022,1,0.0020988616161048412,1,0.0020988616161048412,0.36868083477020264,0.9999690055847168,1.0331655175832566e-05,2.0663310351665132e-05,1,20.988616161048412
2025-09-04,fold_7,Recent mixed/upturn,-0.0024210151750594378,-1,-0.0003031234664376825,-1,0.0003031234664376825,0.3690958023071289,0.999976634979248,7.767805982439313e-06,1.5535611964878626e-05,1,3.031234664376825
2025-09-05,fold_7,Recent mixed/upturn,0.0001452770084142685,1,0.004825879819691181,1,0.004825879819691181,0.3757028579711914,0.9999771118164062,7.633741915924475e-06,1.526748383184895e-05,1,48.25879819691181
2025-09-08,fold_7,Recent mixed/upturn,-0.0007353894761763513,-1,0.00477817514911294,1,-0.00477817514911294,0.3691295385360718,0.9999752044677734,8.273827006632928e-06,1.6547654013265856e-05,0,-47.7817514911294
2025-09-09,fold_7,Recent mixed/upturn,-0.006218125578016043,-1,-0.005640725139528513,-1,0.005640725139528513,0.3768523931503296,0.999981164932251,6.292744274105644e-06,1.2585488548211288e-05,1,56.40725139528513
2025-09-10,fold_7,Recent mixed/upturn,-0.0029613187070935965,-1,5.857199721504003e-05,1,-5.857199721504003e-05,0.3767716884613037,0.9999737739562988,8.755535418458749e-06,1.7511070836917497e-05,0,-0.5857199721504003
2025-09-11,fold_7,Recent mixed/upturn,-0.0001822358462959528,-1,0.002675513969734311,1,-0.002675513969734311,0.37308812141418457,0.9999760389328003,7.966769771883264e-06,1.593353954376653e-05,0,-26.75513969734311
2025-09-12,fold_7,Recent mixed/upturn,-0.0025537798646837473,-1,-0.000703588651958853,-1,0.000703588651958853,0.3740541934967041,0.9999736547470093,8.769777195993811e-06,1.7539554391987622e-05,1,7.03588651958853
2025-09-16,fold_7,Recent mixed/upturn,-0.0008419277146458626,-1,0.009152790531516075,1,-0.009152790531516075,0.36147773265838623,0.9999874830245972,4.172755780018633e-06,8.345511560037266e-06,0,-91.52790531516075
2025-09-17,fold_7,Recent mixed/upturn,-0.00499084684997797,-1,-0.003796270117163658,-1,0.003796270117163658,0.3666461706161499,0.999974250793457,8.57405575516168e-06,1.714811151032336e-05,1,37.96270117163658
2025-09-18,fold_7,Recent mixed/upturn,-0.005693548824638128,-1,-0.0029830695129930973,-1,0.0029830695129930973,0.37072300910949707,0.9999836683273315,5.429557404568186e-06,1.0859114809136372e-05,1,29.830695129930973
2025-09-19,fold_7,Recent mixed/upturn,-0.004462221171706915,-1,-0.004589194897562265,-1,0.004589194897562265,0.37701356410980225,0.9999724626541138,9.161949492408894e-06,1.8323898984817788e-05,1,45.891948975622654
2025-09-22,fold_7,Recent mixed/upturn,0.0007812589756213129,1,0.005463925655931234,1,0.005463925655931234,0.3845374584197998,0.9999790191650391,6.9866991907474585e-06,1.3973398381494917e-05,1,54.639256559312344
2025-09-24,fold_7,Recent mixed/upturn,-0.0071504018269479275,-1,-0.005907559301704168,-1,0.005907559301704168,0.392716646194458,0.9999829530715942,5.681803941115504e-06,1.1363607882231008e-05,1,59.07559301704168
2025-09-25,fold_7,Recent mixed/upturn,-0.007886637933552265,-1,-0.006974319461733103,-1,0.006974319461733103,0.4024299383163452,0.9999818801879883,6.0206525631656405e-06,1.2041305126331281e-05,1,69.74319461733103
2025-09-26,fold_7,Recent mixed/upturn,0.0014406645204871893,1,0.0038988362066447735,1,0.0038988362066447735,0.40789783000946045,0.999970555305481,9.830480848904699e-06,1.9660961697809398e-05,1,38.988362066447735
2025-09-29,fold_7,Recent mixed/upturn,-0.001049522659741342,-1,0.0019825738854706287,1,-0.0019825738854706287,0.4051065444946289,0.9999767541885376,7.753831596346572e-06,1.5507663192693144e-05,0,-19.825738854706287
