date,fold,regime,prediction,pred_direction,actual_return,actual_direction,strategy_return,cumulative_return,confidence,aleatoric,epistemic,correct,pnl_bps
2008-04-09,fold_1,Pre-crisis upturn + GFC onset,0.043349217623472214,1,-0.005179158411920071,-1,-0.005179158411920071,-0.005179166793823242,0.9990874528884888,0.0003044387267436832,0.0006088774534873664,0,-51.79158411920071
2008-04-10,fold_1,Pre-crisis upturn + GFC onset,0.023540491238236427,1,0.005078901536762714,1,0.005078901536762714,-0.0001265406608581543,0.9974455833435059,0.0008536642999388278,0.0017073285998776555,1,50.789015367627144
2008-04-11,fold_1,Pre-crisis upturn + GFC onset,-0.05904281139373779,-1,0.00018986649229191244,1,-0.00018986649229191244,-0.00031638145446777344,0.9972363114356995,0.0009238080820068717,0.0018476161640137434,0,-1.8986649229191244
2008-04-14,fold_1,Pre-crisis upturn + GFC onset,-0.11257648468017578,-1,-0.002462598029524088,-1,0.002462598029524088,0.00214540958404541,0.9969474673271179,0.0010206111473962665,0.002041222294792533,1,24.62598029524088
2008-04-15,fold_1,Pre-crisis upturn + GFC onset,-0.10821039974689484,-1,0.010899379849433899,1,-0.010899379849433899,-0.008777320384979248,0.9952346682548523,0.0015960464952513576,0.003192092990502715,0,-108.99379849433899
2008-04-16,fold_1,Pre-crisis upturn + GFC onset,0.13669709861278534,1,-0.0035143231507390738,-1,-0.0035143231507390738,-0.012260794639587402,0.9954055547714233,0.0015385682927444577,0.0030771365854889154,0,-35.14323150739074
2008-04-17,fold_1,Pre-crisis upturn + GFC onset,0.103589728474617,1,-0.010573179461061954,-1,-0.010573179461061954,-0.022704362869262695,0.9976625442504883,0.0007809794624336064,0.0015619589248672128,0,-105.73179461061954
2008-04-18,fold_1,Pre-crisis upturn + GFC onset,-0.000848437484819442,-1,0.011313356459140778,1,-0.011313356459140778,-0.033760905265808105,0.9976750016212463,0.0007768099894747138,0.0015536199789494276,0,-113.13356459140778
2008-04-21,fold_1,Pre-crisis upturn + GFC onset,0.07798104733228683,1,0.004780459683388472,1,0.004780459683388472,-0.029141902923583984,0.9963393211364746,0.0012247018748894334,0.0024494037497788668,1,47.804596833884716
2008-04-22,fold_1,Pre-crisis upturn + GFC onset,0.00754056591540575,1,-0.007127514574676752,-1,-0.007127514574676752,-0.03606170415878296,0.9976907968521118,0.0007715037208981812,0.0015430074417963624,0,-71.27514574676752
2008-04-23,fold_1,Pre-crisis upturn + GFC onset,-0.07750002294778824,-1,-0.011966871097683907,-1,0.011966871097683907,-0.02452641725540161,0.9986108541488647,0.00046368493349291384,0.0009273698669858277,1,119.66871097683907
2008-04-24,fold_1,Pre-crisis upturn + GFC onset,0.16830337047576904,1,-0.0030023385770618916,-1,-0.0030023385770618916,-0.027455151081085205,0.99779212474823,0.0007375930435955524,0.0014751860871911049,0,-30.023385770618916
2008-04-25,fold_1,Pre-crisis upturn + GFC onset,-0.0033964626491069794,-1,0.0010174394119530916,1,-0.0010174394119530916,-0.028444647789001465,0.9988168478012085,0.0003948481462430209,0.0007896962924860418,0,-10.174394119530916
2008-04-28,fold_1,Pre-crisis upturn + GFC onset,0.06144138053059578,1,-0.0054796477779746056,-1,-0.0054796477779746056,-0.033768415451049805,0.9959892630577087,0.0013423117343336344,0.0026846234686672688,0,-54.796477779746056
2008-04-30,fold_1,Pre-crisis upturn + GFC onset,-0.020813338458538055,-1,-0.012038466520607471,-1,0.012038466520607471,-0.022136449813842773,0.999363362789154,0.00021233910229057074,0.00042467820458114147,1,120.38466520607471
2008-05-02,fold_1,Pre-crisis upturn + GFC onset,-0.0028486743103712797,-1,0.00415347795933485,1,-0.00415347795933485,-0.026197969913482666,0.9961942434310913,0.0012734208721667528,0.0025468417443335056,0,-41.5347795933485
2008-05-07,fold_1,Pre-crisis upturn + GFC onset,-0.06447610259056091,-1,0.005134144332259893,1,-0.005134144332259893,-0.03119760751724243,0.9977613687515259,0.0007478779880329967,0.0014957559760659933,0,-51.341443322598934
2008-05-08,fold_1,Pre-crisis upturn + GFC onset,-0.1306094527244568,-1,0.0016728068003430963,1,-0.0016728068003430963,-0.03281819820404053,0.9947764873504639,0.001750309020280838,0.003500618040561676,0,-16.728068003430963
2008-05-09,fold_1,Pre-crisis upturn + GFC onset,0.0691898986697197,1,0.0032323605846613646,1,0.0032323605846613646,-0.02969193458557129,0.9985503554344177,0.00048390167648904026,0.0009678033529780805,1,32.323605846613646
2008-05-12,fold_1,Pre-crisis upturn + GFC onset,-0.08451390266418457,-1,-0.004055029712617397,-1,0.004055029712617397,-0.025757312774658203,0.9980242252349854,0.000659910321701318,0.001319820643402636,1,40.55029712617397
2008-05-13,fold_1,Pre-crisis upturn + GFC onset,0.04630491882562637,1,-0.0005104347947053611,-1,-0.0005104347947053611,-0.026254594326019287,0.9956373572349548,0.00146057503297925,0.0029211500659585,0,-5.104347947053611
2008-05-14,fold_1,Pre-crisis upturn + GFC onset,0.0025907536037266254,1,-0.001174283679574728,-1,-0.001174283679574728,-0.02739804983139038,0.9990517497062683,0.0003163848305121064,0.0006327696610242128,0,-11.74283679574728
2008-05-15,fold_1,Pre-crisis upturn + GFC onset,-0.009469903074204922,-1,0.009388802573084831,1,-0.009388802573084831,-0.036529600620269775,0.9953253269195557,0.001565534737892449,0.003131069475784898,0,-93.88802573084831
2008-05-16,fold_1,Pre-crisis upturn + GFC onset,-0.002244315342977643,-1,-0.0043633379973471165,-1,0.0043633379973471165,-0.032325685024261475,0.9989564418792725,0.00034819470602087677,0.0006963894120417535,1,43.633379973471165
2008-05-19,fold_1,Pre-crisis upturn + GFC onset,0.09237761795520782,1,0.008124498650431633,1,0.008124498650431633,-0.02446383237838745,0.998626708984375,0.00045837918878532946,0.0009167583775706589,1,81.24498650431633
2008-05-20,fold_1,Pre-crisis upturn + GFC onset,0.0072509730234742165,1,0.00855705700814724,1,0.00855705700814724,-0.016116082668304443,0.9954387545585632,0.0015273962635546923,0.0030547925271093845,1,85.5705700814724
2008-05-21,fold_1,Pre-crisis upturn + GFC onset,0.028547508642077446,1,-0.003555349772796035,-1,-0.003555349772796035,-0.01961416006088257,0.9941535592079163,0.00196029432117939,0.00392058864235878,0,-35.55349772796035
2008-05-22,fold_1,Pre-crisis upturn + GFC onset,0.011677972041070461,1,0.003377990797162056,1,0.003377990797162056,-0.016302406787872314,0.9990841150283813,0.00030556475394405425,0.0006111295078881085,1,33.77990797162056
2008-05-23,fold_1,Pre-crisis upturn + GFC onset,0.00827054399996996,1,-0.0003629504353739321,-1,-0.0003629504353739321,-0.016659438610076904,0.9936767220497131,0.0021211609710007906,0.004242321942001581,0,-3.6295043537393212
2008-05-27,fold_1,Pre-crisis upturn + GFC onset,0.027876896783709526,1,-0.0022230539470911026,-1,-0.0022230539470911026,-0.01884549856185913,0.9992812275886536,0.00023976154625415802,0.00047952309250831604,0,-22.230539470911026
2008-05-28,fold_1,Pre-crisis upturn + GFC onset,0.09931612014770508,1,-0.00881433766335249,-1,-0.00881433766335249,-0.027493715286254883,0.9971166849136353,0.0009638906340114772,0.0019277812680229545,0,-88.1433766335249
2008-05-29,fold_1,Pre-crisis upturn + GFC onset,0.11011884361505508,1,0.0014764738734811544,1,0.0014764738734811544,-0.026057779788970947,0.9941806197166443,0.0019511391874402761,0.0039022783748805523,1,14.764738734811544
2008-05-30,fold_1,Pre-crisis upturn + GFC onset,0.016867954283952713,1,0.0003264624683652073,1,0.0003264624683652073,-0.02573978900909424,0.9986597299575806,0.0004473609442356974,0.0008947218884713948,1,3.264624683652073
2008-06-02,fold_1,Pre-crisis upturn + GFC onset,-0.021519219502806664,-1,-0.0061646453104913235,-1,0.0061646453104913235,-0.019733786582946777,0.9980471134185791,0.0006522188195958734,0.0013044376391917467,1,61.646453104913235
2008-06-03,fold_1,Pre-crisis upturn + GFC onset,0.00944557599723339,1,-0.001142001012340188,-1,-0.001142001012340188,-0.020853281021118164,0.9948853850364685,0.0017136231763288379,0.0034272463526576757,0,-11.42001012340188
2008-06-04,fold_1,Pre-crisis upturn + GFC onset,-0.05857337638735771,-1,0.010132720693945885,1,-0.010132720693945885,-0.030774712562561035,0.9959414601325989,0.0013583614490926266,0.002716722898185253,0,-101.32720693945885
2008-06-05,fold_1,Pre-crisis upturn + GFC onset,0.06989643722772598,1,0.012580753304064274,1,0.012580753304064274,-0.018581151962280273,0.9990884065628052,0.000304121378576383,0.000608242757152766,1,125.80753304064274
2008-06-06,fold_1,Pre-crisis upturn + GFC onset,0.0048044100403785706,1,-0.008963803760707378,-1,-0.008963803760707378,-0.027378439903259277,0.9989990592002869,0.0003339975664857775,0.000667995132971555,0,-89.63803760707378
2008-06-09,fold_1,Pre-crisis upturn + GFC onset,0.059878941625356674,1,-0.011474243365228176,-1,-0.011474243365228176,-0.03853851556777954,0.9979814291000366,0.0006742152036167681,0.0013484304072335362,0,-114.74243365228176
2008-06-10,fold_1,Pre-crisis upturn + GFC onset,0.07274588197469711,1,0.006067509297281504,1,0.006067509297281504,-0.032704830169677734,0.9970519542694092,0.0009855951648205519,0.0019711903296411037,1,60.67509297281504
2008-06-11,fold_1,Pre-crisis upturn + GFC onset,0.09803719818592072,1,-0.006230826023966074,-1,-0.006230826023966074,-0.03873187303543091,0.997687816619873,0.0007725322502665222,0.0015450645005330443,0,-62.30826023966074
2008-06-12,fold_1,Pre-crisis upturn + GFC onset,0.041875626891851425,1,-0.005947754718363285,-1,-0.005947754718363285,-0.04444926977157593,0.9960678815841675,0.0013158839428797364,0.002631767885759473,0,-59.47754718363285
2008-06-13,fold_1,Pre-crisis upturn + GFC onset,-0.009695891290903091,-1,0.006823988631367683,1,-0.006823988631367683,-0.05096995830535889,0.9985322952270508,0.0004899618215858936,0.0009799236431717873,0,-68.23988631367683
2008-06-16,fold_1,Pre-crisis upturn + GFC onset,0.17897780239582062,1,0.0031044406350702047,1,0.0031044406350702047,-0.048023760318756104,0.9981774091720581,0.0006086560897529125,0.001217312179505825,1,31.044406350702047
2008-06-17,fold_1,Pre-crisis upturn + GFC onset,-0.018486706539988518,-1,0.0010409550741314888,1,-0.0010409550741314888,-0.04901468753814697,0.995428204536438,0.001530923298560083,0.003061846597120166,0,-10.409550741314888
2008-06-18,fold_1,Pre-crisis upturn + GFC onset,-0.04536927863955498,-1,-0.0018145984504371881,-1,0.0018145984504371881,-0.04728901386260986,0.997933030128479,0.0006904026377014816,0.0013808052754029632,1,18.14598450437188
2008-06-19,fold_1,Pre-crisis upturn + GFC onset,-0.010511839762330055,-1,0.0076107727363705635,1,-0.0076107727363705635,-0.05453991889953613,0.9996637105941772,0.00011211744276806712,0.00022423488553613424,0,-76.10772736370564
2008-06-20,fold_1,Pre-crisis upturn + GFC onset,-0.004980415105819702,-1,-0.00672138063237071,-1,0.00672138063237071,-0.048185110092163086,0.9995926022529602,0.0001358692825306207,0.0002717385650612414,1,67.2138063237071
2008-06-23,fold_1,Pre-crisis upturn + GFC onset,-0.007350870408117771,-1,0.0030361225362867117,1,-0.0030361225362867117,-0.051074981689453125,0.9994239807128906,0.00019214108760934323,0.00038428217521868646,0,-30.361225362867117
2008-06-24,fold_1,Pre-crisis upturn + GFC onset,-0.0005206057103350759,-1,0.006677090656012297,1,-0.006677090656012297,-0.057411015033721924,0.9996292591094971,0.00012360044638626277,0.00024720089277252555,0,-66.77090656012297
2008-06-25,fold_1,Pre-crisis upturn + GFC onset,-0.012516416609287262,-1,0.005040960386395454,1,-0.005040960386395454,-0.062162578105926514,0.9994612336158752,0.000179697060957551,0.000359394121915102,0,-50.409603863954544
2008-06-26,fold_1,Pre-crisis upturn + GFC onset,-0.007418173830956221,-1,0.0,1,-0.0,-0.062162578105926514,0.9997126460075378,9.5789109764155e-05,0.00019157821952831,0,-0.0
2008-06-27,fold_1,Pre-crisis upturn + GFC onset,0.00038711633533239365,1,-0.00018895813263952732,-1,-0.00018895813263952732,-0.06233978271484375,0.9997509121894836,8.302751666633412e-05,0.00016605503333266824,0,-1.8895813263952732
2010-04-05,fold_2,Post-crash recovery,0.0015789298340678215,1,-0.006459742318838835,-1,-0.006459742318838835,-0.006459712982177734,0.9997252821922302,9.158785542240366e-05,0.00018317571084480733,0,-64.59742318838835
2010-04-06,fold_2,Post-crash recovery,0.007642099168151617,1,-0.003991239704191685,-1,-0.003991239704191685,-0.010425150394439697,0.9995837807655334,0.00013878860045224428,0.00027757720090448856,0,-39.91239704191685
2010-04-07,fold_2,Post-crash recovery,0.003580945311114192,1,0.0009486044873483479,1,0.0009486044873483479,-0.009486496448516846,0.9996185302734375,0.00012719268852379173,0.00025438537704758346,1,9.486044873483479
2010-04-08,fold_2,Post-crash recovery,0.008587858639657497,1,0.01046330388635397,1,0.01046330388635397,0.0008776187896728516,0.9997010827064514,9.964151831809431e-05,0.00019928303663618863,1,104.6330388635397
2010-04-09,fold_2,Post-crash recovery,-0.0025452254340052605,-1,0.007042666897177696,1,-0.007042666897177696,-0.006171226501464844,0.9998321533203125,5.596300252364017e-05,0.00011192600504728034,0,-70.42666897177696
2010-04-12,fold_2,Post-crash recovery,0.007665671408176422,1,0.0009253707830794156,1,0.0009253707830794156,-0.005251526832580566,0.9997604489326477,7.987387652974576e-05,0.00015974775305949152,1,9.253707830794156
2010-04-13,fold_2,Post-crash recovery,0.005816522520035505,1,0.0034823056776076555,1,0.0034823056776076555,-0.0017874836921691895,0.9997183680534363,9.389623301103711e-05,0.00018779246602207422,1,34.823056776076555
2010-04-14,fold_2,Post-crash recovery,0.0011886348947882652,1,-0.005999756511300802,-1,-0.005999756511300802,-0.007776498794555664,0.9996100068092346,0.00013006853987462819,0.00026013707974925637,0,-59.99756511300802
2010-04-15,fold_2,Post-crash recovery,-0.0015275714686140418,-1,-0.00515845837071538,-1,0.00515845837071538,-0.0026581883430480957,0.9997594952583313,8.016773062990978e-05,0.00016033546125981957,1,51.5845837071538
2010-04-16,fold_2,Post-crash recovery,0.003014098620042205,1,-0.0012409078190103173,-1,-0.0012409078190103173,-0.0038958191871643066,0.9996366500854492,0.00012114670971641317,0.00024229341943282634,0,-12.409078190103173
2010-04-19,fold_2,Post-crash recovery,0.006371136289089918,1,-0.0038692092057317495,-1,-0.0038692092057317495,-0.007749974727630615,0.9997653365135193,7.82515635364689e-05,0.0001565031270729378,0,-38.692092057317495
2010-04-20,fold_2,Post-crash recovery,0.005738982930779457,1,-0.0033609094098210335,-1,-0.0033609094098210335,-0.01108485460281372,0.9993732571601868,0.00020906465942971408,0.00041812931885942817,0,-33.609094098210335
2010-04-21,fold_2,Post-crash recovery,-0.004248400684446096,-1,-0.008957214653491974,-1,0.008957214653491974,-0.002226889133453369,0.9997178912162781,9.406390745425597e-05,0.00018812781490851194,1,89.57214653491974
2010-04-22,fold_2,Post-crash recovery,0.00691948551684618,1,0.008592506870627403,1,0.008592506870627403,0.006346464157104492,0.9995960593223572,0.00013468808901961893,0.00026937617803923786,1,85.92506870627403
2010-04-23,fold_2,Post-crash recovery,-0.0033691846765577793,-1,0.001286504091694951,1,-0.001286504091694951,0.005051851272583008,0.9995657801628113,0.00014481076505035162,0.00028962153010070324,0,-12.86504091694951
2010-04-26,fold_2,Post-crash recovery,-0.002142850775271654,-1,-0.01720094121992588,-1,0.01720094121992588,0.022339701652526855,0.9996963739395142,0.00010122765525011346,0.00020245531050022691,1,172.0094121992588
2010-04-27,fold_2,Post-crash recovery,0.0017521012341603637,1,0.00319747650064528,1,0.00319747650064528,0.025608539581298828,0.9997017979621887,9.94299043668434e-05,0.0001988598087336868,1,31.9747650064528
2010-04-28,fold_2,Post-crash recovery,0.0013687564060091972,1,0.0037932186387479305,1,0.0037932186387479305,0.029498934745788574,0.9996219873428345,0.0001260474236914888,0.0002520948473829776,1,37.932186387479305
2010-04-30,fold_2,Post-crash recovery,-0.005198498722165823,-1,-0.007378703448921442,-1,0.007378703448921442,0.03709530830383301,0.9998571872711182,4.758526119985618e-05,9.517052239971235e-05,1,73.78703448921442
2010-05-06,fold_2,Post-crash recovery,0.007424918469041586,1,0.009745693765580654,1,0.009745693765580654,0.04720258712768555,0.9996036887168884,0.00013214859063737094,0.0002642971812747419,1,97.45693765580654
2010-05-07,fold_2,Post-crash recovery,-0.0008863587863743305,-1,0.0018146689981222153,1,-0.0018146689981222153,0.04530227184295654,0.9995360374450684,0.00015474599786102772,0.00030949199572205544,0,-18.146689981222153
2010-05-10,fold_2,Post-crash recovery,0.0026608628686517477,1,-0.011682657524943352,-1,-0.011682657524943352,0.03309035301208496,0.9997146725654602,9.512121323496103e-05,0.00019024242646992207,0,-116.82657524943352
2010-05-11,fold_2,Post-crash recovery,0.00540124112740159,1,0.0007203565328381956,1,0.0007203565328381956,0.03383457660675049,0.999356210231781,0.00021473171364050359,0.00042946342728100717,1,7.203565328381956
2010-05-12,fold_2,Post-crash recovery,-0.0032271004747599363,-1,-0.007750330958515406,-1,0.007750330958515406,0.0418471097946167,0.9992769360542297,0.00024121436581481248,0.00048242873162962496,1,77.50330958515406
2010-05-13,fold_2,Post-crash recovery,0.006231221836060286,1,-0.014436493627727032,-1,-0.014436493627727032,0.02680647373199463,0.9998083710670471,6.388414476532489e-05,0.00012776828953064978,0,-144.36493627727032
2010-05-14,fold_2,Post-crash recovery,0.012297595851123333,1,0.00266445754095912,1,0.00266445754095912,0.02954232692718506,0.9993257522583008,0.00022492271091323346,0.0004498454218264669,1,26.644575409591198
2010-05-17,fold_2,Post-crash recovery,0.005550279747694731,1,-0.0172696802765131,-1,-0.0172696802765131,0.011762499809265137,0.999737560749054,8.747767424210906e-05,0.00017495534848421812,0,-172.696802765131
2010-05-18,fold_2,Post-crash recovery,0.007644448429346085,1,0.0176109466701746,1,0.0176109466701746,0.02958059310913086,0.9996298551559448,0.00012342828267719597,0.00024685656535439193,1,176.109466701746
2010-05-19,fold_2,Post-crash recovery,0.005526823457330465,1,0.006900882814079523,1,0.006900882814079523,0.03668558597564697,0.9996495246887207,0.00011686974903568625,0.0002337394980713725,1,69.00882814079523
2010-05-20,fold_2,Post-crash recovery,0.008602960966527462,1,0.0070626987144351006,1,0.0070626987144351006,0.044007301330566406,0.9995785355567932,0.00014052660844754428,0.00028105321689508855,1,70.626987144351
2010-05-21,fold_2,Post-crash recovery,0.011805948801338673,1,-0.017277510836720467,-1,-0.017277510836720467,0.025969386100769043,0.9996767044067383,0.00010781086893985048,0.00021562173787970096,0,-172.77510836720467
2010-05-24,fold_2,Post-crash recovery,0.006203928031027317,1,-0.0003210459544789046,-1,-0.0003210459544789046,0.025640010833740234,0.9995692372322083,0.00014363229274749756,0.0002872645854949951,0,-3.210459544789046
2010-05-25,fold_2,Post-crash recovery,0.016856690868735313,1,-0.014011116698384285,-1,-0.014011116698384285,0.011269569396972656,0.9994458556175232,0.00018481638107914478,0.00036963276215828955,0,-140.11116698384285
2010-05-26,fold_2,Post-crash recovery,0.014574676752090454,1,0.014373074285686016,1,0.014373074285686016,0.025804638862609863,0.9996762275695801,0.00010797829600051045,0.0002159565920010209,1,143.73074285686016
2010-05-27,fold_2,Post-crash recovery,-0.0033853587228804827,-1,-0.005989732686430216,-1,0.005989732686430216,0.03194904327392578,0.9997274279594421,9.086514182854444e-05,0.00018173028365708888,1,59.89732686430216
2010-05-28,fold_2,Post-crash recovery,0.005381705239415169,1,0.0011304189683869481,1,0.0011304189683869481,0.03311562538146973,0.9996261596679688,0.00012464718020055443,0.00024929436040110886,1,11.304189683869481
2010-06-01,fold_2,Post-crash recovery,0.01722402684390545,1,0.000489582889713347,1,0.000489582889713347,0.03362143039703369,0.9997808337211609,7.307982741622254e-05,0.00014615965483244509,1,4.89582889713347
2010-06-02,fold_2,Post-crash recovery,0.004884739872068167,1,-0.005683161783963442,-1,-0.005683161783963442,0.027747154235839844,0.9997419714927673,8.603339665569365e-05,0.0001720667933113873,0,-56.83161783963442
2010-06-03,fold_2,Post-crash recovery,0.010082959197461605,1,-0.01630449667572975,-1,-0.01630449667572975,0.010990262031555176,0.999631404876709,0.0001229067420354113,0.0002458134840708226,0,-163.04496675729752
2010-06-04,fold_2,Post-crash recovery,0.007950471714138985,1,-0.004018112551420927,-1,-0.004018112551420927,0.006927967071533203,0.9997256398200989,9.14785559871234e-05,0.0001829571119742468,0,-40.18112551420927
2010-06-07,fold_2,Post-crash recovery,-0.0020651081576943398,-1,0.0041184090077877045,1,-0.0041184090077877045,0.0027810335159301758,0.999661922454834,0.00011274698772467673,0.00022549397544935346,0,-41.184090077877045
2010-06-08,fold_2,Post-crash recovery,0.0008100072154775262,1,0.0016669539036229253,1,0.0016669539036229253,0.0044525861740112305,0.9993040561676025,0.00023212141240946949,0.00046424282481893897,1,16.669539036229253
2010-06-09,fold_2,Post-crash recovery,-0.008005593903362751,-1,0.00975992064923048,1,-0.00975992064923048,-0.005350768566131592,0.9993292093276978,0.00022373301908373833,0.00044746603816747665,0,-97.5992064923048
2010-06-10,fold_2,Post-crash recovery,-0.00959142204374075,-1,0.00041180214611813426,1,-0.00041180214611813426,-0.005760371685028076,0.9995226860046387,0.00015919523139018565,0.0003183904627803713,0,-4.118021461181343
2010-06-11,fold_2,Post-crash recovery,-0.013088959269225597,-1,0.008589374832808971,1,-0.008589374832808971,-0.014300286769866943,0.9998217225074768,5.9444715589052066e-05,0.00011888943117810413,0,-85.89374832808971
2010-06-14,fold_2,Post-crash recovery,-0.00914522260427475,-1,0.00826606061309576,1,-0.00826606061309576,-0.02244812250137329,0.9995518326759338,0.00014943657151889056,0.0002988731430377811,0,-82.6606061309576
2010-06-15,fold_2,Post-crash recovery,-0.006787994410842657,-1,-0.0005786734400317073,-1,0.0005786734400317073,-0.021882474422454834,0.9997115731239319,9.617433534003794e-05,0.00019234867068007588,1,5.786734400317073
2010-06-16,fold_2,Post-crash recovery,-0.005523010157048702,-1,0.005695778410881758,1,-0.005695778410881758,-0.027453601360321045,0.9995390176773071,0.00015373220958281308,0.00030746441916562617,0,-56.95778410881758
2010-06-17,fold_2,Post-crash recovery,0.006589291151612997,1,0.000879864557646215,1,0.000879864557646215,-0.02659785747528076,0.9996230602264404,0.00012568179226946086,0.0002513635845389217,1,8.79864557646215
2010-06-18,fold_2,Post-crash recovery,0.010966511443257332,1,-0.006207311991602182,-1,-0.006207311991602182,-0.032640039920806885,0.9997720122337341,7.600995013490319e-05,0.00015201990026980639,0,-62.073119916021824
2010-06-21,fold_2,Post-crash recovery,0.010277321562170982,1,-0.0033265468664467335,-1,-0.0033265468664467335,-0.035857975482940674,0.9997631907463074,7.894885493442416e-05,0.00015789770986884832,0,-33.265468664467335
2010-06-22,fold_2,Post-crash recovery,0.002814444014802575,1,0.003584904596209526,1,0.003584904596209526,-0.0324016809463501,0.9997554421424866,8.151631482178345e-05,0.0001630326296435669,1,35.84904596209526
2010-06-23,fold_2,Post-crash recovery,0.0076543958857655525,1,0.0014927452430129051,1,0.0014927452430129051,-0.030957281589508057,0.9996028542518616,0.00013242400018498302,0.00026484800036996603,1,14.927452430129051
2010-06-24,fold_2,Post-crash recovery,-0.004399890545755625,-1,0.002882967470213771,1,-0.002882967470213771,-0.03375101089477539,0.999278724193573,0.00024061098520178348,0.00048122197040356696,0,-28.82967470213771
2010-06-25,fold_2,Post-crash recovery,0.0070120892487466335,1,-0.007759139873087406,-1,-0.007759139873087406,-0.04124826192855835,0.9997664093971252,7.78769826865755e-05,0.000155753965373151,0,-77.59139873087406
2010-06-28,fold_2,Post-crash recovery,-0.007759092841297388,-1,-0.007384906057268381,-1,0.007384906057268381,-0.03416800498962402,0.9996931552886963,0.00010232165368506685,0.0002046433073701337,1,73.84906057268381
2010-06-29,fold_2,Post-crash recovery,0.005609685089439154,1,0.003583511570468545,1,0.003583511570468545,-0.03070688247680664,0.9995554089546204,0.00014825534890405834,0.0002965106978081167,1,35.83511570468545
2013-04-05,fold_3,Eurozone debt plateau,0.004871598910540342,1,0.004937021527439356,1,0.004937021527439356,0.0049370527267456055,0.999782145023346,7.262322469614446e-05,0.00014524644939228892,1,49.37021527439356
2013-04-08,fold_3,Eurozone debt plateau,-0.007523019798099995,-1,0.0028665303252637386,1,-0.0028665303252637386,0.0020563602447509766,0.9994463324546814,0.00018465807079337537,0.00036931614158675075,0,-28.665303252637386
2013-04-09,fold_3,Eurozone debt plateau,-0.009389327839016914,-1,0.003910965286195278,1,-0.003910965286195278,-0.001862645149230957,0.9997852444648743,7.161445682868361e-05,0.00014322891365736723,0,-39.10965286195278
2013-04-10,fold_3,Eurozone debt plateau,-0.0015467245830222964,-1,-0.0019061239436268806,-1,0.0019061239436268806,3.993511199951172e-05,0.9998351335525513,5.4965854360489175e-05,0.00010993170872097835,1,19.061239436268806
2013-04-11,fold_3,Eurozone debt plateau,-0.0021755921188741922,-1,0.00455083604902029,1,-0.00455083604902029,-0.004511058330535889,0.9997692704200745,7.6938362326473e-05,0.000153876724652946,0,-45.508360490202904
2013-04-12,fold_3,Eurozone debt plateau,-0.0011296778684481978,-1,-0.001178935170173645,-1,0.001178935170173645,-0.003337383270263672,0.9997928738594055,6.906306225573644e-05,0.00013812612451147288,1,11.78935170173645
2013-04-15,fold_3,Eurozone debt plateau,-0.005616805981844664,-1,-0.0034072035923600197,-1,0.0034072035923600197,5.8531761169433594e-05,0.9994435906410217,0.00018555497808847576,0.00037110995617695153,1,34.0720359236002
2013-04-16,fold_3,Eurozone debt plateau,-0.0012481368612498045,-1,0.009501743130385876,1,-0.009501743130385876,-0.00944375991821289,0.9994890689849854,0.00017038523219525814,0.0003407704643905163,0,-95.01743130385876
2013-04-17,fold_3,Eurozone debt plateau,-0.001709883683361113,-1,-0.010910171084105968,-1,0.010910171084105968,0.0013633966445922852,0.9996345043182373,0.00012186529784230515,0.0002437305956846103,1,109.10171084105968
2013-04-18,fold_3,Eurozone debt plateau,0.00447792699560523,1,0.0013966822298243642,1,0.0013966822298243642,0.0027619600296020508,0.9994576573371887,0.00018087828357238322,0.00036175656714476645,1,13.966822298243642
2013-04-19,fold_3,Eurozone debt plateau,-0.010286412201821804,-1,0.0001958034554263577,1,-0.0001958034554263577,0.002565622329711914,0.9995554089546204,0.00014823777019046247,0.00029647554038092494,0,-1.9580345542635769
2013-04-22,fold_3,Eurozone debt plateau,-0.006474427878856659,-1,0.0004571809549815953,1,-0.0004571809549815953,0.00210726261138916,0.9995192289352417,0.00016032761777751148,0.00032065523555502295,0,-4.571809549815953
2013-04-23,fold_3,Eurozone debt plateau,0.005919656250625849,1,-0.005145795177668333,-1,-0.005145795177668333,-0.0030493736267089844,0.9995790123939514,0.00014040111273061484,0.0002808022254612297,0,-51.45795177668333
2013-04-24,fold_3,Eurozone debt plateau,0.00537892384454608,1,0.0017703734338283539,1,0.0017703734338283539,-0.0012844204902648926,0.9995139837265015,0.0001620767143322155,0.000324153428664431,1,17.70373433828354
2013-04-25,fold_3,Eurozone debt plateau,0.0016021247720345855,1,-0.0007805071654729545,-1,-0.0007805071654729545,-0.002063930034637451,0.9996898174285889,0.00010343137546442449,0.00020686275092884898,0,-7.805071654729545
2013-04-26,fold_3,Eurozone debt plateau,0.011141794733703136,1,0.0027129673399031162,1,0.0027129673399031162,0.0006434917449951172,0.9997301697731018,8.994370000436902e-05,0.00017988740000873804,1,27.129673399031162
2013-04-30,fold_3,Eurozone debt plateau,0.005630759056657553,1,0.005530692171305418,1,0.005530692171305418,0.006177783012390137,0.9997480511665344,8.398714999202639e-05,0.00016797429998405278,1,55.30692171305418
2013-05-01,fold_3,Eurozone debt plateau,0.004218495916575193,1,0.0010545552941039205,1,0.0010545552941039205,0.007238864898681641,0.9996542930603027,0.0001152677577920258,0.0002305355155840516,1,10.545552941039205
2013-05-02,fold_3,Eurozone debt plateau,0.0007536319317296147,1,-0.00888423714786768,-1,-0.00888423714786768,-0.0017096996307373047,0.9996802806854248,0.00010660516272764653,0.00021321032545529306,0,-88.8423714786768
2013-05-07,fold_3,Eurozone debt plateau,0.0023015844635665417,1,0.0005231635295785964,1,0.0005231635295785964,-0.0011873841285705566,0.999437153339386,0.00018769879534374923,0.00037539759068749845,1,5.2316352957859635
2013-05-08,fold_3,Eurozone debt plateau,0.008389610797166824,1,0.00644897622987628,1,0.00644897622987628,0.005253911018371582,0.9997770190238953,7.435441511915997e-05,0.00014870883023831993,1,64.4897622987628
2013-05-09,fold_3,Eurozone debt plateau,0.016738319769501686,1,-0.009645446203649044,-1,-0.009645446203649044,-0.0044422149658203125,0.9995506405830383,0.0001498376950621605,0.000299675390124321,0,-96.45446203649044
2013-05-10,fold_3,Eurozone debt plateau,0.0042657628655433655,1,-0.005302789621055126,-1,-0.005302789621055126,-0.009721457958221436,0.9997122883796692,9.590455738361925e-05,0.0001918091147672385,0,-53.02789621055126
2013-05-13,fold_3,Eurozone debt plateau,-0.010970300994813442,-1,0.0017533899517729878,1,-0.0017533899517729878,-0.01145780086517334,0.9995980858802795,0.0001340375456493348,0.0002680750912986696,0,-17.53389951772988
2013-05-14,fold_3,Eurozone debt plateau,-0.0025532476138323545,-1,-0.003920002840459347,-1,0.003920002840459347,-0.0075827836990356445,0.9997318387031555,8.940308907767758e-05,0.00017880617815535516,1,39.20002840459347
2013-05-15,fold_3,Eurozone debt plateau,-0.005383668001741171,-1,-0.004225410986691713,-1,0.004225410986691713,-0.0033894777297973633,0.9995682835578918,0.00014396164624486119,0.00028792329248972237,1,42.25410986691713
2013-05-16,fold_3,Eurozone debt plateau,-0.007923439145088196,-1,6.449774082284421e-05,1,-6.449774082284421e-05,-0.0034537315368652344,0.9995334148406982,0.00015559008170384914,0.0003111801634076983,0,-0.6449774082284421
2013-05-17,fold_3,Eurozone debt plateau,0.0020036569330841303,1,-0.003696675878018141,-1,-0.003696675878018141,-0.007137656211853027,0.999747097492218,8.430588786723092e-05,0.00016861177573446184,0,-36.96675878018141
2013-05-20,fold_3,Eurozone debt plateau,0.007907402701675892,1,0.004318435210734606,1,0.004318435210734606,-0.0028499960899353027,0.9997690320014954,7.700545393163338e-05,0.00015401090786326677,1,43.18435210734606
2013-05-21,fold_3,Eurozone debt plateau,-0.005402843467891216,-1,0.002170462626963854,1,-0.002170462626963854,-0.005014240741729736,0.9996656179428101,0.00011149360943818465,0.0002229872188763693,0,-21.70462626963854
2013-05-22,fold_3,Eurozone debt plateau,-0.015006576664745808,-1,-0.005958682391792536,-1,0.005958682391792536,0.0009145736694335938,0.9996269941329956,0.00012438313569873571,0.00024876627139747143,1,59.58682391792536
2013-05-23,fold_3,Eurozone debt plateau,-0.00018266552069690078,-1,0.006462528370320797,1,-0.006462528370320797,-0.005553841590881348,0.9995275735855103,0.0001575416245032102,0.0003150832490064204,0,-64.62528370320797
2013-05-24,fold_3,Eurozone debt plateau,-0.015317097306251526,-1,0.0009831828065216541,1,-0.0009831828065216541,-0.00653153657913208,0.9996846914291382,0.0001051456420100294,0.0002102912840200588,0,-9.831828065216541
2013-05-28,fold_3,Eurozone debt plateau,-0.0006886131013743579,-1,-0.006770005449652672,-1,0.006770005449652672,0.00019431114196777344,0.999625563621521,0.00012485752813518047,0.00024971505627036095,1,67.70005449652672
2013-05-29,fold_3,Eurozone debt plateau,0.007537636440247297,1,0.007898152805864811,1,0.007898152805864811,0.008094072341918945,0.9996575117111206,0.00011421369708841667,0.00022842739417683333,1,78.98152805864811
2013-05-30,fold_3,Eurozone debt plateau,0.006380873266607523,1,0.007421950809657574,1,0.007421950809657574,0.01557612419128418,0.999506950378418,0.00016444230277556926,0.0003288846055511385,1,74.21950809657574
2013-05-31,fold_3,Eurozone debt plateau,0.013182590715587139,1,-0.0036389913875609636,-1,-0.0036389913875609636,0.01188051700592041,0.9998488426208496,5.0383154302835464e-05,0.00010076630860567093,0,-36.389913875609636
2013-06-03,fold_3,Eurozone debt plateau,0.00028860196471214294,1,0.005882744211703539,1,0.005882744211703539,0.01783311367034912,0.9994257688522339,0.00019151675223838538,0.00038303350447677076,1,58.82744211703539
2013-06-04,fold_3,Eurozone debt plateau,0.008466112427413464,1,3.9302009099628776e-05,1,3.9302009099628776e-05,0.017873167991638184,0.9997187256813049,9.378936374559999e-05,0.00018757872749119997,1,0.39302009099628776
2013-06-05,fold_3,Eurozone debt plateau,-0.002423172350972891,-1,0.0015187669778242707,1,-0.0015187669778242707,0.016327261924743652,0.9995564818382263,0.0001478784397477284,0.0002957568794954568,0,-15.187669778242707
2013-06-06,fold_3,Eurozone debt plateau,-0.007103406824171543,-1,0.011629591695964336,1,-0.011629591695964336,0.004507780075073242,0.9996724128723145,0.00010923656373051926,0.00021847312746103853,0,-116.29591695964336
2013-06-07,fold_3,Eurozone debt plateau,-0.0056452504359185696,-1,-0.0016265598824247718,-1,0.0016265598824247718,0.006141781806945801,0.9995384216308594,0.0001539311051601544,0.0003078622103203088,1,16.265598824247718
2013-06-10,fold_3,Eurozone debt plateau,0.0008062645792961121,1,0.0,1,0.0,0.006141781806945801,0.9994896650314331,0.00017019506776705384,0.0003403901355341077,0,0.0
2013-06-11,fold_3,Eurozone debt plateau,0.0021635808516293764,1,0.0,1,0.0,0.006141781806945801,0.9996676445007324,0.0001108311626012437,0.0002216623252024874,0,0.0
2013-06-12,fold_3,Eurozone debt plateau,0.010305972769856453,1,0.008737497963011265,1,0.008737497963011265,0.014932870864868164,0.9996380805969238,0.0001206679517053999,0.0002413359034107998,1,87.37497963011265
2013-06-13,fold_3,Eurozone debt plateau,-0.023871302604675293,-1,0.002125462982803583,1,-0.002125462982803583,0.012775659561157227,0.9993107318878174,0.00022991641890257597,0.00045983283780515194,0,-21.25462982803583
2013-06-14,fold_3,Eurozone debt plateau,0.010324723087251186,1,-0.0014417035272344947,-1,-0.0014417035272344947,0.011315464973449707,0.9995393753051758,0.0001536309573566541,0.0003072619147133082,0,-14.417035272344947
2013-06-17,fold_3,Eurozone debt plateau,-0.009879621677100658,-1,0.001082459231838584,1,-0.001082459231838584,0.010220766067504883,0.999509334564209,0.00016362746828235686,0.0003272549365647137,0,-10.82459231838584
2013-06-18,fold_3,Eurozone debt plateau,0.005242807324975729,1,0.0020085156429558992,1,0.0020085156429558992,0.01224982738494873,0.9996777772903442,0.00010743242455646396,0.00021486484911292791,1,20.085156429558992
2013-06-19,fold_3,Eurozone debt plateau,0.0022790231741964817,1,-0.007323887664824724,-1,-0.007323887664824724,0.0048362016677856445,0.9997503161430359,8.32340883789584e-05,0.0001664681767579168,0,-73.23887664824724
2013-06-20,fold_3,Eurozone debt plateau,0.0004758418654091656,1,-0.004235328175127506,-1,-0.004235328175127506,0.0005804300308227539,0.9996565580368042,0.00011451619502622634,0.00022903239005245268,0,-42.35328175127506
2013-06-21,fold_3,Eurozone debt plateau,-0.0001095693587558344,-1,-0.009842113591730595,-1,0.009842113591730595,0.010428309440612793,0.999405026435852,0.00019842082110699266,0.0003968416422139853,1,98.42113591730595
2013-06-24,fold_3,Eurozone debt plateau,0.0033854790963232517,1,0.002061850391328335,1,0.002061850391328335,0.012511610984802246,0.9996621608734131,0.00011265269131399691,0.00022530538262799382,1,20.618503913283348
2013-06-25,fold_3,Eurozone debt plateau,-0.0021260154899209738,-1,-0.004002472851425409,-1,0.004002472851425409,0.016564130783081055,0.9997110962867737,9.633484296500683e-05,0.00019266968593001366,1,40.02472851425409
2013-06-26,fold_3,Eurozone debt plateau,0.008343800902366638,1,-0.00507523724809289,-1,-0.00507523724809289,0.011404871940612793,0.999570906162262,0.00014309523976407945,0.0002861904795281589,0,-50.7523724809289
2013-06-27,fold_3,Eurozone debt plateau,0.007355943322181702,1,0.0017338114557787776,1,0.0017338114557787776,0.013158440589904785,0.9996339082717896,0.0001220645644934848,0.0002441291289869696,1,17.338114557787776
2015-07-01,fold_4,Strong USD downturn,0.0046410649083554745,1,-0.009102738462388515,-1,-0.009102738462388515,-0.00910276174545288,0.9995669722557068,0.00014441210078075528,0.00028882420156151056,0,-91.02738462388515
2015-07-02,fold_4,Strong USD downturn,0.0016183712286874652,1,0.004833896644413471,1,0.004833896644413471,-0.0043128132820129395,0.9995899796485901,0.000136715461849235,0.00027343092369847,1,48.33896644413471
2015-07-06,fold_4,Strong USD downturn,-0.004205144941806793,-1,0.00490582687780261,1,-0.00490582687780261,-0.009197473526000977,0.9997923970222473,6.921346357557923e-05,0.00013842692715115845,0,-49.058268778026104
2015-07-07,fold_4,Strong USD downturn,-0.0016465209191665053,-1,-0.003534203628078103,-1,0.003534203628078103,-0.005695760250091553,0.9995138645172119,0.00016212546324823052,0.00032425092649646103,1,35.34203628078103
2015-07-08,fold_4,Strong USD downturn,-0.01142055168747902,-1,0.005546563304960728,1,-0.005546563304960728,-0.011210739612579346,0.9997981190681458,6.729441520292312e-05,0.00013458883040584624,0,-55.46563304960728
2015-07-09,fold_4,Strong USD downturn,-0.006047886796295643,-1,-0.0007190668839029968,-1,0.0007190668839029968,-0.010499715805053711,0.999678373336792,0.00010725945321610197,0.00021451890643220395,1,7.190668839029968
2015-07-10,fold_4,Strong USD downturn,-0.007633191533386707,-1,0.005965179298073053,1,-0.005965179298073053,-0.016402244567871094,0.9995265007019043,0.00015790542238391936,0.0003158108447678387,0,-59.651792980730534
2015-07-13,fold_4,Strong USD downturn,-0.0014121542917564511,-1,-0.012452283874154091,-1,0.012452283874154091,-0.0041542649269104,0.9997125267982483,9.58224045461975e-05,0.000191644809092395,1,124.52283874154091
2015-07-14,fold_4,Strong USD downturn,-0.004576207138597965,-1,0.0015961879398673773,1,-0.0015961879398673773,-0.005743861198425293,0.9997237324714661,9.208946721628308e-05,0.00018417893443256617,0,-15.961879398673773
2015-07-15,fold_4,Strong USD downturn,0.002268630312755704,1,-0.005854768678545952,-1,-0.005854768678545952,-0.011565029621124268,0.9996522665023804,0.00011593816452659667,0.00023187632905319333,0,-58.54768678545952
2015-07-16,fold_4,Strong USD downturn,0.00847142469137907,1,-0.005257993470877409,-1,-0.005257993470877409,-0.016762197017669678,0.9995323419570923,0.00015597678429912776,0.0003119535685982555,0,-52.57993470877409
2015-07-17,fold_4,Strong USD downturn,0.008306354284286499,1,-0.005122730508446693,-1,-0.005122730508446693,-0.021799027919769287,0.999550998210907,0.00014973596262279898,0.00029947192524559796,0,-51.227305084466934
2015-07-21,fold_4,Strong USD downturn,0.005627708043903112,1,0.00964904110878706,1,0.00964904110878706,-0.012360334396362305,0.9995864033699036,0.0001379334571538493,0.0002758669143076986,1,96.4904110878706
2015-07-22,fold_4,Strong USD downturn,0.0008338386542163789,1,-0.0011801107320934534,-1,-0.0011801107320934534,-0.013525843620300293,0.9995301961898804,0.00015668533160351217,0.00031337066320702434,0,-11.801107320934534
2015-07-23,fold_4,Strong USD downturn,0.012720017693936825,1,0.005670242477208376,1,0.005670242477208376,-0.00793236494064331,0.9995498061180115,0.00015013755182735622,0.00030027510365471244,1,56.70242477208376
2015-07-24,fold_4,Strong USD downturn,0.008798792026937008,1,-0.0015141702024266124,-1,-0.0015141702024266124,-0.009434521198272705,0.9997536540031433,8.212210377678275e-05,0.0001642442075535655,0,-15.141702024266124
2015-07-27,fold_4,Strong USD downturn,0.0017979079857468605,1,0.010724127292633057,1,0.010724127292633057,0.0011883974075317383,0.999648928642273,0.00011705073120538145,0.0002341014624107629,1,107.24127292633057
2015-07-28,fold_4,Strong USD downturn,-0.012537804432213306,-1,-0.0021689776331186295,-1,0.0021689776331186295,0.0033600330352783203,0.9996880292892456,0.00010404377826489508,0.00020808755652979016,1,21.689776331186295
2015-07-29,fold_4,Strong USD downturn,0.000802862283308059,1,-0.007403244264423847,-1,-0.007403244264423847,-0.0040680766105651855,0.999426007270813,0.00019145628903061152,0.00038291257806122303,0,-74.03244264423847
2015-07-30,fold_4,Strong USD downturn,-0.002629739698022604,-1,-0.004080268554389477,-1,0.004080268554389477,-4.351139068603516e-06,0.9996875524520874,0.0001041771683958359,0.0002083543367916718,1,40.80268554389477
2015-07-31,fold_4,Strong USD downturn,-0.0021844671573489904,-1,0.0027202083729207516,1,-0.0027202083729207516,-0.002724587917327881,0.9993786811828613,0.00020722956105601043,0.00041445912211202085,0,-27.202083729207516
2015-08-03,fold_4,Strong USD downturn,-0.014034341089427471,-1,-0.0011831811862066388,-1,0.0011831811862066388,-0.001544654369354248,0.999561607837677,0.00014620293222833425,0.0002924058644566685,1,11.831811862066388
2015-08-04,fold_4,Strong USD downturn,-0.0032343787606805563,-1,-0.006119636818766594,-1,0.006119636818766594,0.00456547737121582,0.9995600581169128,0.00014668394578620791,0.00029336789157241583,1,61.19636818766594
2015-08-05,fold_4,Strong USD downturn,0.0025890138931572437,1,0.0012975219869986176,1,0.0012975219869986176,0.0058689117431640625,0.9995431900024414,0.0001523394021205604,0.0003046788042411208,1,12.975219869986176
2015-08-06,fold_4,Strong USD downturn,-0.0067132869735360146,-1,0.0021963249891996384,1,-0.0021963249891996384,0.0036597251892089844,0.9996053576469421,0.00013161492825020105,0.0002632298565004021,0,-21.963249891996384
2015-08-07,fold_4,Strong USD downturn,-0.007819394581019878,-1,0.0034758939873427153,1,-0.0034758939873427153,0.0001710653305053711,0.999734103679657,8.863912080414593e-05,0.00017727824160829186,0,-34.75893987342715
2015-08-10,fold_4,Strong USD downturn,-0.0029931438621133566,-1,0.004737264011055231,1,-0.004737264011055231,-0.0045670270919799805,0.9993413090705872,0.00021969251974951476,0.0004393850394990295,0,-47.37264011055231
2015-08-11,fold_4,Strong USD downturn,-0.005681314039975405,-1,0.0022746871691197157,1,-0.0022746871691197157,-0.006831347942352295,0.9996495246887207,0.00011685887875501066,0.00023371775751002133,0,-22.746871691197157
2015-08-12,fold_4,Strong USD downturn,-0.0037056300789117813,-1,0.010770364664494991,1,-0.010770364664494991,-0.017528176307678223,0.9995836615562439,0.00013883494830224663,0.00027766989660449326,0,-107.70364664494991
2015-08-13,fold_4,Strong USD downturn,0.0001738473802106455,1,0.0,1,0.0,-0.017528176307678223,0.9993651509284973,0.00021177167946007103,0.00042354335892014205,0,0.0
2015-08-14,fold_4,Strong USD downturn,-0.007123808842152357,-1,-0.0060900431126356125,-1,0.0060900431126356125,-0.011544883251190186,0.9996258020401001,0.0001247706386493519,0.0002495412772987038,1,60.900431126356125
2015-08-17,fold_4,Strong USD downturn,0.00021364814892876893,1,-0.0013515696628019214,-1,-0.0013515696628019214,-0.012880861759185791,0.9997172951698303,9.42407496040687e-05,0.0001884814992081374,0,-13.515696628019214
2015-08-18,fold_4,Strong USD downturn,0.012996789999306202,1,-0.004257874097675085,-1,-0.004257874097675085,-0.01708388328552246,0.9995751976966858,0.00014167280460242182,0.00028334560920484364,0,-42.57874097675085
2015-08-19,fold_4,Strong USD downturn,0.005589516833424568,1,0.00790493655949831,1,0.00790493655949831,-0.00931406021118164,0.9997102618217468,9.65915314736776e-05,0.0001931830629473552,1,79.0493655949831
2015-08-20,fold_4,Strong USD downturn,0.00440997164696455,1,0.010697606019675732,1,0.010697606019675732,0.001283884048461914,0.9996175765991211,0.00012752517068292946,0.0002550503413658589,1,106.97606019675732
2015-08-21,fold_4,Strong USD downturn,-0.0018725382396951318,-1,0.012457658536732197,1,-0.012457658536732197,-0.011189758777618408,0.9998205304145813,5.9853075072169304e-05,0.00011970615014433861,0,-124.57658536732197
2015-08-24,fold_4,Strong USD downturn,-0.015500438399612904,-1,0.018115969374775887,1,-0.018115969374775887,-0.02910304069519043,0.999678373336792,0.00010723774175858125,0.0002144754835171625,0,-181.15969374775887
2015-08-25,fold_4,Strong USD downturn,-0.009597266092896461,-1,-0.00277227396145463,-1,0.00277227396145463,-0.02641141414642334,0.9996159076690674,0.00012806551239918917,0.00025613102479837835,1,27.7227396145463
2015-08-26,fold_4,Strong USD downturn,-0.005038464441895485,-1,-0.018257446587085724,-1,0.018257446587085724,-0.008636116981506348,0.9997486472129822,8.379153587156907e-05,0.00016758307174313813,1,182.57446587085724
2015-08-27,fold_4,Strong USD downturn,0.00643770769238472,1,-0.008121015504002571,-1,-0.008121015504002571,-0.016686975955963135,0.9995973706245422,0.00013425661018118262,0.00026851322036236525,0,-81.21015504002571
2015-08-28,fold_4,Strong USD downturn,-0.016237515956163406,-1,-0.0030165945645421743,-1,0.0030165945645421743,-0.01372075080871582,0.999772846698761,7.574851770186797e-05,0.00015149703540373594,1,30.165945645421743
2015-08-31,fold_4,Strong USD downturn,-0.0006862791487947106,-1,0.001055276719853282,1,-0.001055276719853282,-0.014761567115783691,0.9995267391204834,0.00015784638526383787,0.00031569277052767575,0,-10.55276719853282
2015-09-01,fold_4,Strong USD downturn,-0.0010241783456876874,-1,0.006019366439431906,1,-0.006019366439431906,-0.020692050457000732,0.9995385408401489,0.00015390188491437584,0.0003078037698287517,0,-60.19366439431906
2015-09-02,fold_4,Strong USD downturn,0.00657746521756053,1,-0.006853028200566769,-1,-0.006853028200566769,-0.027403295040130615,0.9995143413543701,0.00016195076750591397,0.00032390153501182795,0,-68.53028200566769
2015-09-03,fold_4,Strong USD downturn,-0.0014744423096999526,-1,-0.008032885380089283,-1,0.008032885380089283,-0.01959049701690674,0.9996788501739502,0.00010706812463467941,0.00021413624926935881,1,80.32885380089283
2015-09-04,fold_4,Strong USD downturn,-0.0008173035457730293,-1,0.002341874875128269,1,-0.002341874875128269,-0.021886467933654785,0.9993281364440918,0.00022410776000469923,0.00044821552000939846,0,-23.418748751282692
2015-09-08,fold_4,Strong USD downturn,0.0001153398334281519,1,0.0038888398557901382,1,0.0038888398557901382,-0.018082737922668457,0.9996206760406494,0.00012648427218664438,0.00025296854437328875,1,38.88839855790138
2015-09-09,fold_4,Strong USD downturn,-0.010257492773234844,-1,0.0011893943883478642,1,-0.0011893943883478642,-0.01925063133239746,0.9996984004974365,0.00010058924817712978,0.00020117849635425955,0,-11.893943883478642
2015-09-10,fold_4,Strong USD downturn,0.0072254943661391735,1,0.006255229003727436,1,0.006255229003727436,-0.013115763664245605,0.9997335076332092,8.885723218554631e-05,0.00017771446437109262,1,62.55229003727436
2015-09-11,fold_4,Strong USD downturn,0.002758135087788105,1,0.004707816056907177,1,0.004707816056907177,-0.008469700813293457,0.9997542500495911,8.191725646611303e-05,0.00016383451293222606,1,47.07816056907177
2015-09-14,fold_4,Strong USD downturn,0.00287413178011775,1,-0.003211408853530884,-1,-0.003211408853530884,-0.011653900146484375,0.9995079040527344,0.0001641162671148777,0.0003282325342297554,0,-32.11408853530884
2015-09-15,fold_4,Strong USD downturn,0.004127094056457281,1,-0.0031674618367105722,-1,-0.0031674618367105722,-0.014784455299377441,0.9996529817581177,0.00011569952766876668,0.00023139905533753335,0,-31.674618367105722
2015-09-16,fold_4,Strong USD downturn,-0.006325236055999994,-1,0.0017954690847545862,1,-0.0017954690847545862,-0.016553401947021484,0.9997535347938538,8.215935667976737e-05,0.00016431871335953474,0,-17.954690847545862
2015-09-17,fold_4,Strong USD downturn,0.004110688343644142,1,0.00964523945003748,1,0.00964523945003748,-0.007067859172821045,0.9994237422943115,0.00019219102978240699,0.00038438205956481397,1,96.4523945003748
2015-09-18,fold_4,Strong USD downturn,-0.007841646671295166,-1,-0.009553097188472748,-1,0.009553097188472748,0.0024176836013793945,0.9994741082191467,0.00017539094551466405,0.0003507818910293281,1,95.53097188472748
2015-09-24,fold_4,Strong USD downturn,0.003898392664268613,1,-0.0009837218094617128,-1,-0.0009837218094617128,0.001431584358215332,0.9995105266571045,0.00016322908049914986,0.0003264581609982997,0,-9.837218094617128
2015-09-25,fold_4,Strong USD downturn,0.0011141474824398756,1,0.0020386953838169575,1,0.0020386953838169575,0.0034731626510620117,0.9996945858001709,0.00010183183621848002,0.00020366367243696004,1,20.386953838169575
2015-09-28,fold_4,Strong USD downturn,-0.0011927264276891947,-1,0.0026168806944042444,1,-0.0026168806944042444,0.0008472204208374023,0.9997068047523499,9.775174839887768e-05,0.00019550349679775536,0,-26.168806944042444
2015-09-29,fold_4,Strong USD downturn,-0.008207532577216625,-1,0.002217428293079138,1,-0.002217428293079138,-0.0013720989227294922,0.9997919201850891,6.93866386427544e-05,0.0001387732772855088,0,-22.174282930791378
2015-09-30,fold_4,Strong USD downturn,-0.01974334754049778,-1,-0.007451786659657955,-1,0.007451786659657955,0.0060694217681884766,0.9995914101600647,0.00013626068539451808,0.00027252137078903615,1,74.51786659657955
2015-10-01,fold_4,Strong USD downturn,0.007469938602298498,1,0.0019140391377732158,1,0.0019140391377732158,0.007995009422302246,0.9996516704559326,0.00011615976109169424,0.00023231952218338847,1,19.140391377732158
2015-10-02,fold_4,Strong USD downturn,0.004036109894514084,1,0.002997632836923003,1,0.002997632836923003,0.011016607284545898,0.9994896650314331,0.0001701972068985924,0.0003403944137971848,1,29.976328369230032
2015-10-05,fold_4,Strong USD downturn,-0.010109289549291134,-1,-0.0028323756996542215,-1,0.0028323756996542215,0.013880252838134766,0.9996022582054138,0.00013264482549857348,0.00026528965099714696,1,28.323756996542215
2015-10-06,fold_4,Strong USD downturn,-0.0009576439042575657,-1,0.006501608993858099,1,-0.006501608993858099,0.007288336753845215,0.9996510744094849,0.00011633917165454477,0.00023267834330908954,0,-65.01608993858099
2015-10-07,fold_4,Strong USD downturn,-0.004938249941915274,-1,-0.0024840589612722397,-1,0.0024840589612722397,0.009790539741516113,0.9994402527809143,0.0001866730017354712,0.0003733460034709424,1,24.840589612722397
2015-10-08,fold_4,Strong USD downturn,-0.0040703145787119865,-1,0.004176144953817129,1,-0.004176144953817129,0.0055735111236572266,0.9995802044868469,0.0001399775210302323,0.0002799550420604646,0,-41.76144953817129
2015-10-09,fold_4,Strong USD downturn,0.0034980156924575567,1,0.007356438785791397,1,0.007356438785791397,0.012970924377441406,0.9996919631958008,0.00010271422797814012,0.00020542845595628023,1,73.56438785791397
2015-10-13,fold_4,Strong USD downturn,-0.0015895412070676684,-1,0.0025958227925002575,1,-0.0025958227925002575,0.010341405868530273,0.9994705319404602,0.00017659133300185204,0.00035318266600370407,0,-25.958227925002575
2015-10-14,fold_4,Strong USD downturn,-0.0072817266918718815,-1,0.007952532730996609,1,-0.007952532730996609,0.002306699752807617,0.9997242093086243,9.193707956001163e-05,0.00018387415912002325,0,-79.52532730996609
2015-10-15,fold_4,Strong USD downturn,-0.011068353429436684,-1,-0.009355970658361912,-1,0.009355970658361912,0.011684298515319824,0.999600350856781,0.0001332795072812587,0.0002665590145625174,1,93.55970658361912
2015-10-16,fold_4,Strong USD downturn,0.0005263290368020535,1,-0.0006248753634281456,-1,-0.0006248753634281456,0.011052131652832031,0.9996941089630127,0.00010199742246186361,0.00020399484492372721,0,-6.2487536342814565
2015-10-19,fold_4,Strong USD downturn,0.006176333408802748,1,-0.002820884808897972,-1,-0.002820884808897972,0.00820004940032959,0.9997410178184509,8.635612903162837e-05,0.00017271225806325674,0,-28.20884808897972
2015-10-20,fold_4,Strong USD downturn,0.0008661892497912049,1,0.002202671719714999,1,0.002202671719714999,0.010420799255371094,0.9996411800384521,0.0001196315060951747,0.0002392630121903494,1,22.026717197149992
2015-10-21,fold_4,Strong USD downturn,2.1550060409936123e-05,1,-0.0005220280727371573,-1,-0.0005220280727371573,0.009893298149108887,0.9995192289352417,0.00016032216080930084,0.0003206443216186017,0,-5.2202807273715734
2015-10-22,fold_4,Strong USD downturn,0.008752519264817238,1,-0.023535992950201035,-1,-0.023535992950201035,-0.01387554407119751,0.9995212554931641,0.000159668896230869,0.000319337792461738,0,-235.35992950201035
2015-10-23,fold_4,Strong USD downturn,-0.004209673032164574,-1,-0.005466054193675518,-1,0.005466054193675518,-0.008485257625579834,0.9994041919708252,0.00019869962125085294,0.0003973992425017059,1,54.66054193675518
2015-10-26,fold_4,Strong USD downturn,-0.0018960487795993686,-1,0.004138649441301823,1,-0.004138649441301823,-0.012588798999786377,0.9996297359466553,0.00012346408038865775,0.0002469281607773155,0,-41.38649441301823
2015-10-27,fold_4,Strong USD downturn,-0.004456827417016029,-1,-0.002615799428895116,-1,0.002615799428895116,-0.0100058913230896,0.999619722366333,0.00012679635256063193,0.00025359270512126386,1,26.15799428895116
2015-10-28,fold_4,Strong USD downturn,-0.0033640980254858732,-1,-0.00979236513376236,-1,0.00979236513376236,-0.0003115534782409668,0.9996210336685181,0.00012635266466531903,0.00025270532933063805,1,97.9236513376236
2015-10-29,fold_4,Strong USD downturn,0.0003148520481772721,1,0.005936706904321909,1,0.005936706904321909,0.005623340606689453,0.9994553923606873,0.00018163358618039638,0.00036326717236079276,1,59.36706904321909
2015-10-30,fold_4,Strong USD downturn,0.004752655979245901,1,0.0029219379648566246,1,0.0029219379648566246,0.00856173038482666,0.9996032118797302,0.00013233275967650115,0.0002646655193530023,1,29.219379648566246
2015-11-02,fold_4,Strong USD downturn,0.001535237766802311,1,-0.0009033163660205901,-1,-0.0009033163660205901,0.00765073299407959,0.99970942735672,9.686265548225492e-05,0.00019372531096450984,0,-9.0331636602059
2015-11-04,fold_4,Strong USD downturn,0.005662315990775824,1,-0.008748723194003105,-1,-0.008748723194003105,-0.0011649131774902344,0.9997159838676453,9.467390191275626e-05,0.00018934780382551253,0,-87.48723194003105
2015-11-05,fold_4,Strong USD downturn,0.00015712613821960986,1,0.0014692713739350438,1,0.0014692713739350438,0.0003026723861694336,0.9996951818466187,0.00010164835111936554,0.00020329670223873109,1,14.692713739350438
2015-11-06,fold_4,Strong USD downturn,0.0011188945500180125,1,-0.013835355639457703,-1,-0.013835355639457703,-0.01353687047958374,0.9996343851089478,0.00012190258712507784,0.0002438051742501557,0,-138.35355639457703
2015-11-09,fold_4,Strong USD downturn,0.006315352860838175,1,0.0024317402858287096,1,0.0024317402858287096,-0.01113802194595337,0.999640941619873,0.0001197329766000621,0.0002394659532001242,1,24.317402858287096
2015-11-10,fold_4,Strong USD downturn,-0.00035992320044897497,-1,-0.002040166174992919,-1,0.002040166174992919,-0.009120583534240723,0.9996151924133301,0.00012828914623241872,0.00025657829246483743,1,20.40166174992919
2015-11-11,fold_4,Strong USD downturn,0.00955169927328825,1,0.0023678515572100878,1,0.0023678515572100878,-0.006774306297302246,0.9996836185455322,0.00010547904821578413,0.00021095809643156826,1,23.678515572100878
2015-11-12,fold_4,Strong USD downturn,0.0011100561823695898,1,0.004834278021007776,1,0.004834278021007776,-0.0019727349281311035,0.999395489692688,0.00020162352302577347,0.00040324704605154693,1,48.34278021007776
2015-11-13,fold_4,Strong USD downturn,0.00635375315323472,1,-0.01063578575849533,-1,-0.01063578575849533,-0.012587547302246094,0.9998351335525513,5.493954085977748e-05,0.00010987908171955496,0,-106.35785758495331
2015-11-16,fold_4,Strong USD downturn,0.011062315665185452,1,-0.0011222391622141004,-1,-0.0011222391622141004,-0.01369565725326538,0.9993351101875305,0.00022177064965944737,0.00044354129931889474,0,-11.222391622141004
2015-11-17,fold_4,Strong USD downturn,-0.010383776389062405,-1,-0.004129724111407995,-1,0.004129724111407995,-0.009622454643249512,0.9997618794441223,7.940524665173143e-05,0.00015881049330346286,1,41.29724111407995
2015-11-18,fold_4,Strong USD downturn,-0.002155591966584325,-1,0.0024539949372410774,1,-0.0024539949372410774,-0.012052834033966064,0.9996620416641235,0.00011268781236140057,0.00022537562472280115,0,-24.539949372410774
2015-11-19,fold_4,Strong USD downturn,-0.0003603551595006138,-1,0.005266564432531595,1,-0.005266564432531595,-0.01725590229034424,0.9997966885566711,6.77910793456249e-05,0.0001355821586912498,0,-52.66564432531595
2015-11-20,fold_4,Strong USD downturn,-0.005551751237362623,-1,-0.007938201539218426,-1,0.007938201539218426,-0.009454727172851562,0.9997401833534241,8.663984772283584e-05,0.00017327969544567168,1,79.38201539218426
2015-11-24,fold_4,Strong USD downturn,0.002089138375595212,1,0.00017037845100276172,1,0.00017037845100276172,-0.009285986423492432,0.9997188448905945,9.371923079015687e-05,0.00018743846158031374,1,1.7037845100276172
2015-11-25,fold_4,Strong USD downturn,-0.002063580323010683,-1,-0.0017743892967700958,-1,0.0017743892967700958,-0.0075280070304870605,0.9995655417442322,0.00014489317254628986,0.0002897863450925797,1,17.74389296770096
2015-11-27,fold_4,Strong USD downturn,-0.0029877827037125826,-1,-0.002021322725340724,-1,0.002021322725340724,-0.005521893501281738,0.9996645450592041,0.0001118531872634776,0.0002237063745269552,1,20.21322725340724
2015-11-30,fold_4,Strong USD downturn,0.0022740084677934647,1,-0.0009516000864095986,-1,-0.0009516000864095986,-0.006468236446380615,0.999575674533844,0.00014149317576084286,0.0002829863515216857,0,-9.516000864095986
2015-12-01,fold_4,Strong USD downturn,-0.0028051475528627634,-1,0.0050048306584358215,1,-0.0050048306584358215,-0.011440694332122803,0.9995656609535217,0.0001448546099709347,0.0002897092199418694,0,-50.048306584358215
2015-12-02,fold_4,Strong USD downturn,0.009703344665467739,1,-0.0012098338920623064,-1,-0.0012098338920623064,-0.012636721134185791,0.9997788071632385,7.374801498372108e-05,0.00014749602996744215,0,-12.098338920623064
2015-12-03,fold_4,Strong USD downturn,-0.008383666165173054,-1,0.02854517288506031,1,-0.02854517288506031,-0.040821194648742676,0.9997077584266663,9.742361726239324e-05,0.00019484723452478647,0,-285.4517288506031
2015-12-04,fold_4,Strong USD downturn,-0.007804779801517725,-1,-0.0029278246220201254,-1,0.0029278246220201254,-0.038012921810150146,0.9997691512107849,7.695582462474704e-05,0.00015391164924949408,1,29.278246220201254
2015-12-07,fold_4,Strong USD downturn,-0.002953508635982871,-1,-0.004593567457050085,-1,0.004593567457050085,-0.033593952655792236,0.9997280240058899,9.068545477930456e-05,0.00018137090955860913,1,45.93567457050085
2015-12-08,fold_4,Strong USD downturn,-0.00951252318918705,-1,0.005534087773412466,1,-0.005534087773412466,-0.038942158222198486,0.9996445178985596,0.00011852578609250486,0.00023705157218500972,0,-55.34087773412466
2015-12-09,fold_4,Strong USD downturn,-0.007418339140713215,-1,0.011381609365344048,1,-0.011381609365344048,-0.04988056421279907,0.9995446801185608,0.0001518443605164066,0.0003036887210328132,0,-113.81609365344048
2015-12-10,fold_4,Strong USD downturn,-0.000953857961576432,-1,-0.006338960491120815,-1,0.006338960491120815,-0.04385781288146973,0.9997014403343201,9.95543523458764e-05,0.0001991087046917528,1,63.38960491120815
2015-12-11,fold_4,Strong USD downturn,-0.00167790986597538,-1,0.0032732149120420218,1,-0.0032732149120420218,-0.04698747396469116,0.9997232556343079,9.225260146195069e-05,0.00018450520292390138,0,-32.73214912042022
2015-12-14,fold_4,Strong USD downturn,-0.004202510230243206,-1,0.0008245063363574445,1,-0.0008245063363574445,-0.04777324199676514,0.9997671246528625,7.764442852931097e-05,0.00015528885705862194,0,-8.245063363574445
2015-12-15,fold_4,Strong USD downturn,-0.002748607425019145,-1,-0.005162013694643974,-1,0.005162013694643974,-0.042857825756073,0.9996170997619629,0.00012768895248882473,0.00025537790497764945,1,51.62013694643974
2015-12-16,fold_4,Strong USD downturn,0.0027891856152564287,1,-0.005643780343234539,-1,-0.005643780343234539,-0.048259735107421875,0.9996297359466553,0.00012344478454906493,0.00024688956909812987,0,-56.43780343234539
2015-12-17,fold_4,Strong USD downturn,0.0016959019703790545,1,-0.002797894412651658,-1,-0.002797894412651658,-0.05092263221740723,0.999637246131897,0.00012095272541046143,0.00024190545082092285,0,-27.97894412651658
2015-12-18,fold_4,Strong USD downturn,-0.009832767769694328,-1,0.0023806451354175806,1,-0.0023806451354175806,-0.05318206548690796,0.9995682835578918,0.00014395397738553584,0.00028790795477107167,0,-23.806451354175806
2015-12-21,fold_4,Strong USD downturn,0.008816859684884548,1,0.003961352631449699,1,0.003961352631449699,-0.04943138360977173,0.9996962547302246,0.00010130100417882204,0.00020260200835764408,1,39.613526314496994
2015-12-22,fold_4,Strong USD downturn,-0.002391523215919733,-1,0.003394516184926033,1,-0.003394516184926033,-0.052658140659332275,0.9996418952941895,0.00011938958778046072,0.00023877917556092143,0,-33.94516184926033
2015-12-24,fold_4,Strong USD downturn,-0.005004748236387968,-1,0.00557277537882328,1,-0.00557277537882328,-0.05793750286102295,0.9996851682662964,0.00010499212658032775,0.0002099842531606555,0,-55.7277537882328
2015-12-28,fold_4,Strong USD downturn,-0.0011792219011113048,-1,0.0008450971217826009,1,-0.0008450971217826009,-0.05873364210128784,0.9996434450149536,0.00011890356836374849,0.00023780713672749698,0,-8.450971217826009
2015-12-29,fold_4,Strong USD downturn,-0.009062844328582287,-1,-0.004305660724639893,-1,0.004305660724639893,-0.05468094348907471,0.9996287822723389,0.0001237755932379514,0.0002475511864759028,1,43.056607246398926
2019-04-04,fold_5,Low-vol plateau,-0.002722011413425207,-1,-0.0018746902933344245,-1,0.0018746902933344245,0.001874685287475586,0.9996417760848999,0.0001194556025438942,0.0002389112050877884,1,18.746902933344245
2019-04-05,fold_5,Low-vol plateau,0.0026348617393523455,1,-0.0005610103835351765,-1,-0.0005610103835351765,0.0013126134872436523,0.9996429681777954,0.00011905901919817552,0.00023811803839635104,0,-5.610103835351765
2019-04-08,fold_5,Low-vol plateau,-0.003003497375175357,-1,0.003286882070824504,1,-0.003286882070824504,-0.001978576183319092,0.9998032450675964,6.55839394312352e-05,0.0001311678788624704,0,-32.86882070824504
2019-04-09,fold_5,Low-vol plateau,0.002365902066230774,1,0.000935124815441668,1,0.000935124815441668,-0.0010453462600708008,0.999761164188385,7.96306921984069e-05,0.0001592613843968138,1,9.35124815441668
2019-04-10,fold_5,Low-vol plateau,0.00014950409240555018,1,0.0008457988151349127,1,0.0008457988151349127,-0.00020045042037963867,0.9996278285980225,0.0001240910351043567,0.0002481820702087134,1,8.457988151349127
2019-04-11,fold_5,Low-vol plateau,-0.0024831644259393215,-1,-0.0013963867677375674,-1,0.0013963867677375674,0.001195669174194336,0.9996951818466187,0.00010163125261897221,0.00020326250523794442,1,13.963867677375674
2019-04-12,fold_5,Low-vol plateau,0.0010563413379713893,1,0.003934172447770834,1,0.003934172447770834,0.005134463310241699,0.9996583461761475,0.00011391858424758539,0.00022783716849517077,1,39.34172447770834
2019-04-15,fold_5,Low-vol plateau,0.0030150951351970434,1,-1.1282911145826802e-05,-1,-1.1282911145826802e-05,0.005123138427734375,0.9996706247329712,0.00010983671381836757,0.00021967342763673514,0,-0.11282911145826802
2019-04-16,fold_5,Low-vol plateau,-0.004413812421262264,-1,-0.001760470331646502,-1,0.001760470331646502,0.006892681121826172,0.9996143579483032,0.00012860004790127277,0.00025720009580254555,1,17.60470331646502
2019-04-17,fold_5,Low-vol plateau,0.006006328389048576,1,0.0010732508962973952,1,0.0010732508962973952,0.007973313331604004,0.9998255372047424,5.81899585085921e-05,0.0001163799170171842,1,10.732508962973952
2019-04-18,fold_5,Low-vol plateau,-0.002491413149982691,-1,-0.005415794439613819,-1,0.005415794439613819,0.01343226432800293,0.9997422099113464,8.59608844621107e-05,0.0001719217689242214,1,54.15794439613819
2019-04-22,fold_5,Low-vol plateau,0.00038744378252886236,1,0.0012835260713472962,1,0.0012835260713472962,0.014733076095581055,0.9997836947441101,7.210789044620469e-05,0.00014421578089240938,1,12.835260713472962
2019-04-23,fold_5,Low-vol plateau,-0.0012794702779501677,-1,-0.0030754762701690197,-1,0.0030754762701690197,0.017853856086730957,0.9994924068450928,0.0001692750520305708,0.0003385501040611416,1,30.754762701690197
2019-04-24,fold_5,Low-vol plateau,0.003000908764079213,1,-0.006312881130725145,-1,-0.006312881130725145,0.011428236961364746,0.9998270869255066,5.767069160356186e-05,0.00011534138320712373,0,-63.12881130725145
2019-04-25,fold_5,Low-vol plateau,0.0034752681385725737,1,-0.0014923748094588518,-1,-0.0014923748094588518,0.009918808937072754,0.999795138835907,6.831636710558087e-05,0.00013663273421116173,0,-14.923748094588518
2019-04-26,fold_5,Low-vol plateau,0.00044033172889612615,1,0.0012043117312714458,1,0.0012043117312714458,0.011134982109069824,0.9996699094772339,0.00011005916894646361,0.00022011833789292723,1,12.043117312714458
2019-05-07,fold_5,Low-vol plateau,0.008202745579183102,1,-0.0009624563390389085,-1,-0.0009624563390389085,0.010161876678466797,0.9996922016143799,0.00010264387674396858,0.00020528775348793715,0,-9.624563390389085
2019-05-08,fold_5,Low-vol plateau,0.0022898465394973755,1,0.0006494636763818562,1,0.0006494636763818562,0.010817885398864746,0.9997666478157043,7.78188114054501e-05,0.0001556376228109002,1,6.494636763818562
2019-05-09,fold_5,Low-vol plateau,0.0013450460974127054,1,0.0021209637634456158,1,0.0021209637634456158,0.012961745262145996,0.9996871948242188,0.0001042866861098446,0.0002085733722196892,1,21.209637634456158
2019-05-10,fold_5,Low-vol plateau,0.005523350089788437,1,0.0012809962499886751,1,0.0012809962499886751,0.01425933837890625,0.9996745586395264,0.00010849726822925732,0.00021699453645851463,1,12.809962499886751
2019-05-13,fold_5,Low-vol plateau,-0.00309070385992527,-1,-0.00034819229040294886,-1,0.00034819229040294886,0.014612555503845215,0.999713122844696,9.564989886712283e-05,0.00019129979773424566,1,3.4819229040294886
2019-05-14,fold_5,Low-vol plateau,0.00030631685513071716,1,-0.002498582238331437,-1,-0.002498582238331437,0.0120774507522583,0.9998012185096741,6.625978858210146e-05,0.00013251957716420293,0,-24.98582238331437
2019-05-15,fold_5,Low-vol plateau,0.0005429425509646535,1,0.0002465155557729304,1,0.0002465155557729304,0.012326955795288086,0.9998464584350586,5.116301326779649e-05,0.00010232602653559297,1,2.465155557729304
2019-05-16,fold_5,Low-vol plateau,-0.0024298513308167458,-1,-0.00300564244389534,-1,0.00300564244389534,0.015369653701782227,0.9998444318771362,5.183615212445147e-05,0.00010367230424890295,1,30.0564244389534
2019-05-17,fold_5,Low-vol plateau,0.0004930287832394242,1,-0.0007370057865045965,-1,-0.0007370057865045965,0.014621257781982422,0.9996922016143799,0.00010263026342727244,0.00020526052685454488,0,-7.370057865045965
2019-05-20,fold_5,Low-vol plateau,-0.007440322078764439,-1,0.00029040739173069596,1,-0.00029040739173069596,0.01432657241821289,0.999683141708374,0.0001056735563906841,0.0002113471127813682,0,-2.9040739173069596
2019-05-21,fold_5,Low-vol plateau,-0.002215128857642412,-1,-0.0011713255662471056,-1,0.0011713255662471056,0.015514731407165527,0.9996142387390137,0.00012863175652455539,0.00025726351304911077,1,11.713255662471056
2019-05-23,fold_5,Low-vol plateau,-0.0025399341247975826,-1,0.002606033580377698,1,-0.002606033580377698,0.012868285179138184,0.9997829794883728,7.237137469928712e-05,0.00014474274939857423,0,-26.06033580377698
2019-05-24,fold_5,Low-vol plateau,0.00465314881876111,1,0.002241884358227253,1,0.002241884358227253,0.015138983726501465,0.9996525049209595,0.00011585190804908052,0.00023170381609816104,1,22.41884358227253
2019-05-28,fold_5,Low-vol plateau,-0.004134248476475477,-1,-0.002066653920337558,-1,0.002066653920337558,0.017236828804016113,0.9997223019599915,9.259357466362417e-05,0.00018518714932724833,1,20.666539203375578
2019-05-29,fold_5,Low-vol plateau,-0.0020753031130880117,-1,-0.0029847442638128996,-1,0.0029847442638128996,0.02027308940887451,0.9998262524604797,5.792268711957149e-05,0.00011584537423914298,1,29.847442638128996
2019-05-30,fold_5,Low-vol plateau,0.0015640192432329059,1,-0.0005565853207372129,-1,-0.0005565853207372129,0.01970517635345459,0.999729573726654,9.016044350573793e-05,0.00018032088701147586,0,-5.565853207372129
2019-05-31,fold_5,Low-vol plateau,0.007591138128191233,1,0.003855000250041485,1,0.003855000250041485,0.0236361026763916,0.9996215105056763,0.00012618704931810498,0.00025237409863620996,1,38.55000250041485
2019-06-03,fold_5,Low-vol plateau,-0.002134685404598713,-1,0.006466649007052183,1,-0.006466649007052183,0.01701664924621582,0.9995208978652954,0.00015978122246451676,0.0003195624449290335,0,-64.66649007052183
2019-06-04,fold_5,Low-vol plateau,0.002125675557181239,1,0.0006865524337626994,1,0.0006865524337626994,0.017714858055114746,0.9996460676193237,0.00011801407526945695,0.0002360281505389139,1,6.865524337626994
2019-06-05,fold_5,Low-vol plateau,0.0062028286047279835,1,-0.002223382471129298,-1,-0.002223382471129298,0.015452146530151367,0.9995081424713135,0.0001640094124013558,0.0003280188248027116,0,-22.233824711292982
2019-06-06,fold_5,Low-vol plateau,-0.006553250830620527,-1,0.004228744190186262,1,-0.004228744190186262,0.011157989501953125,0.9995790123939514,0.0001403720089001581,0.0002807440178003162,0,-42.28744190186262
2019-06-07,fold_5,Low-vol plateau,-0.0018005265155807137,-1,0.003871487220749259,1,-0.003871487220749259,0.0072432756423950195,0.9996829032897949,0.00010574362386250868,0.00021148724772501737,0,-38.71487220749259
2019-06-10,fold_5,Low-vol plateau,0.0039895884692668915,1,-0.00018112821271643043,-1,-0.00018112821271643043,0.0070607662200927734,0.999690055847168,0.00010336902778362855,0.0002067380555672571,0,-1.8112821271643043
2019-06-11,fold_5,Low-vol plateau,-0.006484277546405792,-1,0.001008287537842989,1,-0.001008287537842989,0.006045341491699219,0.9993707537651062,0.000209892270504497,0.000419784541008994,0,-10.08287537842989
2019-06-12,fold_5,Low-vol plateau,0.01047190185636282,1,-0.002993301022797823,-1,-0.002993301022797823,0.0030339956283569336,0.9995211362838745,0.00015969020023476332,0.00031938040046952665,0,-29.93301022797823
2019-06-13,fold_5,Low-vol plateau,0.00227524945512414,1,-0.0013423121999949217,-1,-0.0013423121999949217,0.0016876459121704102,0.9994805455207825,0.00017324439249932766,0.0003464887849986553,0,-13.423121999949217
2019-06-14,fold_5,Low-vol plateau,-0.003661802038550377,-1,-0.005619735922664404,-1,0.005619735922664404,0.007316946983337402,0.9997720122337341,7.60030306992121e-05,0.0001520060613984242,1,56.19735922664404
2019-06-17,fold_5,Low-vol plateau,0.006519434042274952,1,0.0006733588525094092,1,0.0006733588525094092,0.007995247840881348,0.9993137121200562,0.0002289215917699039,0.0004578431835398078,1,6.733588525094092
2019-06-18,fold_5,Low-vol plateau,-0.0022176259662956,-1,-0.0023515592329204082,-1,0.0023515592329204082,0.010365605354309082,0.9996343851089478,0.00012191142741357908,0.00024382285482715815,1,23.515592329204082
2019-06-19,fold_5,Low-vol plateau,-0.002432742854580283,-1,0.003596331924200058,1,-0.003596331924200058,0.006731986999511719,0.9997208714485168,9.307279833592474e-05,0.0001861455966718495,0,-35.96331924200058
2019-06-20,fold_5,Low-vol plateau,0.008840716443955898,1,0.005082990508526564,1,0.005082990508526564,0.011849164962768555,0.9992296695709229,0.0002569613279774785,0.000513922655954957,1,50.829905085265636
2019-06-21,fold_5,Low-vol plateau,0.0021175239235162735,1,0.007889659143984318,1,0.007889659143984318,0.019832253456115723,0.9995290040969849,0.00015705759869888425,0.0003141151973977685,1,78.89659143984318
2019-06-24,fold_5,Low-vol plateau,0.01010724063962698,1,0.0013679296243935823,1,0.0013679296243935823,0.021227359771728516,0.9995044469833374,0.00016527359548490494,0.0003305471909698099,1,13.679296243935823
2019-06-25,fold_5,Low-vol plateau,-0.0015057706041261554,-1,-0.0026604935992509127,-1,0.0026604935992509127,0.023944377899169922,0.9997270703315735,9.09886512090452e-05,0.0001819773024180904,1,26.604935992509127
2019-06-26,fold_5,Low-vol plateau,0.008305232040584087,1,0.00042085087625309825,1,0.00042085087625309825,0.024375319480895996,0.9995880722999573,0.00013735820539295673,0.00027471641078591347,1,4.2085087625309825
2019-06-27,fold_5,Low-vol plateau,5.8714114857139066e-05,1,-0.0001591937179910019,-1,-0.0001591937179910019,0.024212241172790527,0.999602735042572,0.00013249115727376193,0.00026498231454752386,0,-1.591937179910019
2019-06-28,fold_5,Low-vol plateau,0.004785406403243542,1,-0.00070458889240399,-1,-0.00070458889240399,0.023490548133850098,0.9993236064910889,0.00022560294019058347,0.00045120588038116693,0,-7.0458889240399
2019-07-01,fold_5,Low-vol plateau,-0.0014184208121150732,-1,-0.0068176812492311,-1,0.0068176812492311,0.030468344688415527,0.9996339082717896,0.00012207007966935635,0.0002441401593387127,1,68.176812492311
2019-07-02,fold_5,Low-vol plateau,-0.0026874353643506765,-1,0.0004969057627022266,1,-0.0004969057627022266,0.02995622158050537,0.9997074007987976,9.754626807989553e-05,0.00019509253615979105,0,-4.969057627022266
2019-07-03,fold_5,Low-vol plateau,0.005556653253734112,1,-0.00045158492866903543,-1,-0.00045158492866903543,0.029491186141967773,0.9998070597648621,6.433415546780452e-05,0.00012866831093560904,0,-4.515849286690354
2019-07-05,fold_5,Low-vol plateau,0.004329734016209841,1,-0.005175866652280092,-1,-0.005175866652280092,0.024162650108337402,0.9998340606689453,5.529576446861029e-05,0.00011059152893722057,0,-51.75866652280092
2019-07-08,fold_5,Low-vol plateau,0.0033226131927222013,1,-0.0010094279423356056,-1,-0.0010094279423356056,0.023128867149353027,0.9997292160987854,9.02894971659407e-05,0.0001805789943318814,0,-10.094279423356056
2019-07-09,fold_5,Low-vol plateau,-0.0032868136186152697,-1,-0.0006948888185434043,-1,0.0006948888185434043,0.023839831352233887,0.9995912909507751,0.00013629098248202354,0.0002725819649640471,1,6.948888185434043
2019-07-10,fold_5,Low-vol plateau,-0.011840082705020905,-1,0.004514812957495451,1,-0.004514812957495451,0.019217371940612793,0.9996449947357178,0.00011837227793876082,0.00023674455587752163,0,-45.14812957495451
2019-07-11,fold_5,Low-vol plateau,0.0002485079749021679,1,-0.0005738722975365818,-1,-0.0005738722975365818,0.01863241195678711,0.9998020529747009,6.599206972168759e-05,0.00013198413944337517,0,-5.7387229753658175
2019-07-12,fold_5,Low-vol plateau,-0.0038597749080508947,-1,0.001747183850966394,1,-0.001747183850966394,0.016852617263793945,0.9996308088302612,0.00012311885075177997,0.00024623770150355995,0,-17.47183850966394
2019-07-16,fold_5,Low-vol plateau,0.0010205346625298262,1,-0.004395125899463892,-1,-0.004395125899463892,0.012383460998535156,0.9995823502540588,0.00013926211977377534,0.0002785242395475507,0,-43.95125899463892
2019-07-17,fold_5,Low-vol plateau,0.0012395394733175635,1,0.0015496194828301668,1,0.0015496194828301668,0.013952255249023438,0.9997606873512268,7.977470522746444e-05,0.00015954941045492887,1,15.496194828301668
2019-07-18,fold_5,Low-vol plateau,-0.004726824350655079,-1,0.0028379710856825113,1,-0.0028379710856825113,0.011074662208557129,0.9996657371520996,0.00011145884491270408,0.00022291768982540816,0,-28.379710856825113
2019-07-19,fold_5,Low-vol plateau,-0.0016772259259596467,-1,-0.003836731193587184,-1,0.003836731193587184,0.014953851699829102,0.9995371103286743,0.00015438639093190432,0.00030877278186380863,1,38.36731193587184
2019-07-22,fold_5,Low-vol plateau,-0.008530247025191784,-1,-0.0010869659017771482,-1,0.0010869659017771482,0.01605701446533203,0.9996412992477417,0.00011958376853726804,0.00023916753707453609,1,10.869659017771482
2019-07-23,fold_5,Low-vol plateau,-0.005903929006308317,-1,-0.004895445425063372,-1,0.004895445425063372,0.02103102207183838,0.9995602965354919,0.00014663103502243757,0.00029326207004487514,1,48.95445425063372
2019-07-24,fold_5,Low-vol plateau,-0.008867758326232433,-1,-0.0007910756976343691,-1,0.0007910756976343691,0.021838784217834473,0.9997040629386902,9.864901949185878e-05,0.00019729803898371756,1,7.910756976343691
2019-07-25,fold_5,Low-vol plateau,-0.000983747304417193,-1,0.0003343336284160614,1,-0.0003343336284160614,0.021497130393981934,0.999822199344635,5.927184975007549e-05,0.00011854369950015098,0,-3.343336284160614
2019-07-26,fold_5,Low-vol plateau,-0.002755564171820879,-1,-0.0012578507885336876,-1,0.0012578507885336876,0.022782087326049805,0.9996272325515747,0.00012428082118276507,0.00024856164236553013,1,12.578507885336876
2019-07-29,fold_5,Low-vol plateau,-0.0022066254168748856,-1,0.000980583718046546,1,-0.000980583718046546,0.021779179573059082,0.9997578263282776,8.075802907114848e-05,0.00016151605814229697,0,-9.80583718046546
2019-07-30,fold_5,Low-vol plateau,0.0009965823264792562,1,0.0013388646766543388,1,0.0013388646766543388,0.023147225379943848,0.9995816349983215,0.00013951594883110374,0.0002790318976622075,1,13.388646766543388
2019-07-31,fold_5,Low-vol plateau,0.0007351023959927261,1,-0.007728002034127712,-1,-0.007728002034127712,0.015240311622619629,0.9998359680175781,5.467596201924607e-05,0.00010935192403849214,0,-77.28002034127712
2019-08-01,fold_5,Low-vol plateau,-0.007317725103348494,-1,0.0006425735191442072,1,-0.0006425735191442072,0.014587879180908203,0.9996404647827148,0.00011987094330834225,0.0002397418866166845,0,-6.425735191442072
2019-08-02,fold_5,Low-vol plateau,0.000276927457889542,1,0.0026325583457946777,1,0.0026325583457946777,0.017258882522583008,0.9998061060905457,6.464261241490021e-05,0.00012928522482980043,1,26.325583457946777
2019-08-05,fold_5,Low-vol plateau,0.00429491326212883,1,0.012222036719322205,1,0.012222036719322205,0.02969181537628174,0.9997039437294006,9.871298971120268e-05,0.00019742597942240536,1,122.22036719322205
2019-08-06,fold_5,Low-vol plateau,-0.004337582737207413,-1,-0.003272486152127385,-1,0.003272486152127385,0.03306150436401367,0.9993476271629333,0.0002175825648009777,0.0004351651296019554,1,32.72486152127385
2019-08-07,fold_5,Low-vol plateau,0.007777687162160873,1,-0.0002352914452785626,-1,-0.0002352914452785626,0.03281843662261963,0.9993780851364136,0.00020743040658999234,0.0004148608131799847,0,-2.352914452785626
2019-08-08,fold_5,Low-vol plateau,-0.007924026809632778,-1,-0.0015326269203796983,-1,0.0015326269203796983,0.03440141677856445,0.9997468590736389,8.43960078782402e-05,0.0001687920157564804,1,15.326269203796983
2019-08-09,fold_5,Low-vol plateau,-0.008190332911908627,-1,0.0019053779542446136,1,-0.0019053779542446136,0.03243052959442139,0.999722421169281,9.254647738998756e-05,0.00018509295477997512,0,-19.053779542446136
2019-08-13,fold_5,Low-vol plateau,0.007785142865031958,1,-0.0036772366147488356,-1,-0.0036772366147488356,0.028634071350097656,0.9995952248573303,0.0001349963276879862,0.0002699926553759724,0,-36.772366147488356
2019-08-14,fold_5,Low-vol plateau,0.0021342223044484854,1,-0.003019839758053422,-1,-0.003019839758053422,0.0255277156829834,0.9993221759796143,0.00022610428277403116,0.0004522085655480623,0,-30.19839758053422
2019-08-15,fold_5,Low-vol plateau,0.006811761297285557,1,-0.0026672929525375366,-1,-0.0026672929525375366,0.022792339324951172,0.9998231530189514,5.8961504691978917e-05,0.00011792300938395783,0,-26.672929525375366
2019-08-16,fold_5,Low-vol plateau,0.006273146253079176,1,-0.0017750132828950882,-1,-0.0017750132828950882,0.020976901054382324,0.999680757522583,0.00010643910354701802,0.00021287820709403604,0,-17.750132828950882
2019-08-19,fold_5,Low-vol plateau,-0.005618993658572435,-1,-0.0009641959914006293,-1,0.0009641959914006293,0.021961331367492676,0.999613344669342,0.00012894762039650232,0.00025789524079300463,1,9.641959914006293
2019-08-20,fold_5,Low-vol plateau,-0.002288293559104204,-1,0.001320609007962048,1,-0.001320609007962048,0.02061176300048828,0.9997758269309998,7.474508311133832e-05,0.00014949016622267663,0,-13.20609007962048
2019-08-21,fold_5,Low-vol plateau,0.0003352537751197815,1,-0.0006321496912278235,-1,-0.0006321496912278235,0.019966602325439453,0.999642014503479,0.00011935851216549054,0.00023871702433098108,0,-6.321496912278235
2019-08-22,fold_5,Low-vol plateau,-0.002760192146524787,-1,-0.0006096552242524922,-1,0.0006096552242524922,0.020588397979736328,0.9995749592781067,0.00014173747331369668,0.00028347494662739336,1,6.096552242524922
2019-08-23,fold_5,Low-vol plateau,-0.0031077011954039335,-1,0.005326444748789072,1,-0.005326444748789072,0.015152335166931152,0.9994515776634216,0.00018288849969394505,0.0003657769993878901,0,-53.26444748789072
2019-08-26,fold_5,Low-vol plateau,-0.008314109407365322,-1,-0.0035310082603245974,-1,0.0035310082603245974,0.018736839294433594,0.9997017979621887,9.943694021785632e-05,0.00019887388043571264,1,35.310082603245974
2019-08-27,fold_5,Low-vol plateau,-0.005136273801326752,-1,-0.0012309884186834097,-1,0.0012309884186834097,0.01999080181121826,0.9995962977409363,0.0001346375938737765,0.000269275187747553,1,12.309884186834097
2019-08-28,fold_5,Low-vol plateau,0.003464049892500043,1,-0.0003769751638174057,-1,-0.0003769751638174057,0.01960623264312744,0.9996448755264282,0.00011842550884466618,0.00023685101768933237,0,-3.769751638174057
2019-08-29,fold_5,Low-vol plateau,0.0037159707862883806,1,-0.0021569994278252125,-1,-0.0021569994278252125,0.017406940460205078,0.9997277855873108,9.074198896996677e-05,0.00018148397793993354,0,-21.569994278252125
2019-08-30,fold_5,Low-vol plateau,0.01342732459306717,1,-0.0063423048704862595,-1,-0.0063423048704862595,0.01095426082611084,0.9998182654380798,6.058776125428267e-05,0.00012117552250856534,0,-63.423048704862595
2019-09-03,fold_5,Low-vol plateau,-0.007460953202098608,-1,0.0005487410235218704,1,-0.0005487410235218704,0.010399580001831055,0.9995896220207214,0.0001368462253594771,0.0002736924507189542,0,-5.487410235218704
2019-09-04,fold_5,Low-vol plateau,-0.0005091453203931451,-1,0.005506451241672039,1,-0.005506451241672039,0.004835844039916992,0.9996259212493896,0.0001247383770532906,0.0002494767541065812,0,-55.06451241672039
2019-09-05,fold_5,Low-vol plateau,0.010891466401517391,1,0.0001214242001879029,1,0.0001214242001879029,0.004957914352416992,0.9997482895851135,8.390547009184957e-05,0.00016781094018369913,1,1.214242001879029
2019-09-06,fold_5,Low-vol plateau,-0.0055080861784517765,-1,-0.0014217004645615816,-1,0.0014217004645615816,0.0063866376876831055,0.9997618794441223,7.937035843497142e-05,0.00015874071686994284,1,14.217004645615816
2019-09-09,fold_5,Low-vol plateau,0.0021591305267065763,1,0.002519046887755394,1,0.002519046887755394,0.00892174243927002,0.9995114803314209,0.00016290426719933748,0.00032580853439867496,1,25.19046887755394
2019-09-10,fold_5,Low-vol plateau,0.005231835879385471,1,0.00017673612455837429,1,0.00017673612455837429,0.009100079536437988,0.9995489716529846,0.00015040731523185968,0.00030081463046371937,1,1.7673612455837429
2019-09-11,fold_5,Low-vol plateau,0.001290567102842033,1,-0.003337112022563815,-1,-0.003337112022563815,0.0057326555252075195,0.9997487664222717,8.377640915568918e-05,0.00016755281831137836,0,-33.37112022563815
2019-09-12,fold_5,Low-vol plateau,0.007925668731331825,1,0.004069486167281866,1,0.004069486167281866,0.009825468063354492,0.9995606541633606,0.0001464933156967163,0.0002929866313934326,1,40.69486167281866
2019-09-13,fold_5,Low-vol plateau,0.0011679951567202806,1,0.0022721209097653627,1,0.0022721209097653627,0.012119889259338379,0.9996784925460815,0.0001072241211659275,0.000214448242331855,1,22.721209097653627
2019-09-17,fold_5,Low-vol plateau,-0.003490710398182273,-1,0.00624600937590003,1,-0.00624600937590003,0.0057981014251708984,0.9998384714126587,5.382921881391667e-05,0.00010765843762783334,0,-62.4600937590003
2019-09-18,fold_5,Low-vol plateau,-0.00017810091958381236,-1,-0.003905115881934762,-1,0.003905115881934762,0.009725809097290039,0.9996309280395508,0.00012306755525059998,0.00024613511050119996,1,39.05115881934762
2019-09-19,fold_5,Low-vol plateau,-0.001927494304254651,-1,0.001546817016787827,1,-0.001546817016787827,0.008163928985595703,0.9997827410697937,7.244191510835662e-05,0.00014488383021671325,0,-15.46817016787827
2019-09-20,fold_5,Low-vol plateau,-0.0018532219110056758,-1,-0.0026665497571229935,-1,0.0026665497571229935,0.010852336883544922,0.9997021555900574,9.930948726832867e-05,0.00019861897453665733,1,26.665497571229935
2019-09-24,fold_5,Low-vol plateau,0.0008032890036702156,1,0.002104161074385047,1,0.002104161074385047,0.012979388236999512,0.9995891451835632,0.00013699277769774199,0.00027398555539548397,1,21.04161074385047
2019-09-25,fold_5,Low-vol plateau,0.002958907512947917,1,-0.005804941989481449,-1,-0.005804941989481449,0.007099032402038574,0.9996733665466309,0.00010890202247537673,0.00021780404495075345,0,-58.04941989481449
2019-09-26,fold_5,Low-vol plateau,-0.0014340821653604507,-1,-0.0027526237536221743,-1,0.0027526237536221743,0.009871244430541992,0.9995632767677307,0.00014564371667802334,0.0002912874333560467,1,27.526237536221743
2019-09-27,fold_5,Low-vol plateau,-0.001943793729878962,-1,0.0018274149624630809,1,-0.0018274149624630809,0.008025765419006348,0.9995124340057373,0.0001625900185899809,0.0003251800371799618,0,-18.27414962463081
2022-04-05,fold_6,EUR crisis downturn,0.009881116449832916,1,-0.006325795315206051,-1,-0.006325795315206051,-0.006325781345367432,0.9996341466903687,0.00012200205674162135,0.0002440041134832427,0,-63.25795315206051
2022-04-06,fold_6,EUR crisis downturn,0.004097250755876303,1,-0.0007518871570937335,-1,-0.0007518871570937335,-0.007072925567626953,0.9998047947883606,6.508616206701845e-05,0.0001301723241340369,0,-7.5188715709373355
2022-04-07,fold_6,EUR crisis downturn,-0.0013163089752197266,-1,-0.0030639569740742445,-1,0.0030639569740742445,-0.004030704498291016,0.9996801614761353,0.00010666606249287724,0.0002133321249857545,1,30.639569740742445
2022-04-08,fold_6,EUR crisis downturn,0.0028236708603799343,1,0.0018505415646359324,1,0.0018505415646359324,-0.002187669277191162,0.999396800994873,0.00020118850807193667,0.00040237701614387333,1,18.505415646359324
2022-04-11,fold_6,EUR crisis downturn,-0.0063207196071743965,-1,-0.0006418824777938426,-1,0.0006418824777938426,-0.0015471577644348145,0.9997437596321106,8.544952288502827e-05,0.00017089904577005655,1,6.4188247779384255
2022-04-12,fold_6,EUR crisis downturn,-0.016617489978671074,-1,-0.004763457924127579,-1,0.004763457924127579,0.0032089948654174805,0.999620795249939,0.0001264559105038643,0.0002529118210077286,1,47.63457924127579
2022-04-13,fold_6,EUR crisis downturn,-0.010761658661067486,-1,0.00650522205978632,1,-0.00650522205978632,-0.003317117691040039,0.9996920824050903,0.00010267695324728265,0.0002053539064945653,0,-65.0522205978632
2022-04-14,fold_6,EUR crisis downturn,-0.004250106401741505,-1,-0.0069362265057861805,-1,0.0069362265057861805,0.003596067428588867,0.9995622038841248,0.0001459738123230636,0.0002919476246461272,1,69.3622650578618
2022-04-18,fold_6,EUR crisis downturn,-0.006123111583292484,-1,-0.0030944086611270905,-1,0.0030944086611270905,0.0067015886306762695,0.9996373653411865,0.00012092329416191205,0.0002418465883238241,1,30.944086611270905
2022-04-19,fold_6,EUR crisis downturn,-0.005955319851636887,-1,0.0011765266535803676,1,-0.0011765266535803676,0.005517125129699707,0.9997550845146179,8.166605402948335e-05,0.0001633321080589667,0,-11.765266535803676
2022-04-20,fold_6,EUR crisis downturn,-0.01010656077414751,-1,0.005132047925144434,1,-0.005132047925144434,0.0003567934036254883,0.9997261166572571,9.130777471000329e-05,0.00018261554942000657,0,-51.32047925144434
2022-04-21,fold_6,EUR crisis downturn,0.005732784513384104,1,-0.0013543874956667423,-1,-0.0013543874956667423,-0.000998079776763916,0.9996538162231445,0.00011543495929799974,0.00023086991859599948,0,-13.543874956667423
2022-04-22,fold_6,EUR crisis downturn,0.0007748586940579116,1,-0.0022270376794040203,-1,-0.0022270376794040203,-0.0032228827476501465,0.999517560005188,0.0001608922320883721,0.0003217844641767442,0,-22.270376794040203
2022-04-25,fold_6,EUR crisis downturn,0.0044548907317221165,1,-0.008957143872976303,-1,-0.008957143872976303,-0.012151181697845459,0.9997299313545227,9.004754247143865e-05,0.0001800950849428773,0,-89.57143872976303
2022-04-26,fold_6,EUR crisis downturn,-0.005490685813128948,-1,-0.006588426884263754,-1,0.006588426884263754,-0.0056427717208862305,0.9997119307518005,9.603460785001516e-05,0.00019206921570003033,1,65.88426884263754
2022-04-27,fold_6,EUR crisis downturn,0.005487434100359678,1,-0.008317396976053715,-1,-0.008317396976053715,-0.013913273811340332,0.9996448755264282,0.00011839484795928001,0.00023678969591856003,0,-83.17396976053715
2022-04-28,fold_6,EUR crisis downturn,0.008500168099999428,1,-0.004821411799639463,-1,-0.004821411799639463,-0.018667638301849365,0.9997802376747131,7.326596096390858e-05,0.00014653192192781717,0,-48.214117996394634
2022-05-02,fold_6,EUR crisis downturn,0.00735021336004138,1,-0.002553798258304596,-1,-0.002553798258304596,-0.02117377519607544,0.9994105100631714,0.00019660251564346254,0.0003932050312869251,0,-25.53798258304596
2022-05-06,fold_6,EUR crisis downturn,0.0010380157036706805,1,-0.0007161782123148441,-1,-0.0007161782123148441,-0.02187478542327881,0.9997102618217468,9.65881918091327e-05,0.0001931763836182654,0,-7.161782123148441
2022-05-09,fold_6,EUR crisis downturn,-0.003998420666903257,-1,0.003190816380083561,1,-0.003190816380083561,-0.024995803833007812,0.999527096748352,0.00015769645688124,0.00031539291376248,0,-31.90816380083561
2022-05-10,fold_6,EUR crisis downturn,0.014844787307083607,1,-0.0031072180718183517,-1,-0.0031072180718183517,-0.028025329113006592,0.9993396401405334,0.00022023834753781557,0.00044047669507563114,0,-31.072180718183517
2022-05-11,fold_6,EUR crisis downturn,-0.005100339185446501,-1,-0.0019448387902230024,-1,0.0019448387902230024,-0.026135027408599854,0.9995571970939636,0.00014767590619158,0.00029535181238316,1,19.448387902230024
2022-05-12,fold_6,EUR crisis downturn,-0.005893259774893522,-1,-0.0126422718167305,-1,0.0126422718167305,-0.013823151588439941,0.999512791633606,0.00016246770974248648,0.00032493541948497295,1,126.42271816730499
2022-05-13,fold_6,EUR crisis downturn,0.01667887344956398,1,0.002028132788836956,1,0.002028132788836956,-0.011823058128356934,0.9996172189712524,0.00012761377729475498,0.00025522755458950996,1,20.28132788836956
2022-05-16,fold_6,EUR crisis downturn,0.0018073078244924545,1,0.003684947732836008,1,0.003684947732836008,-0.008181631565093994,0.9994971752166748,0.00016768864588811994,0.00033537729177623987,1,36.84947732836008
2022-05-17,fold_6,EUR crisis downturn,0.007562065962702036,1,0.01043185405433178,1,0.01043185405433178,0.0021649599075317383,0.9996750354766846,0.00010835427383426577,0.00021670854766853154,1,104.3185405433178
2022-05-18,fold_6,EUR crisis downturn,-0.0010838868329301476,-1,-0.007121461909264326,-1,0.007121461909264326,0.00930178165435791,0.9995734095573425,0.00014224054757505655,0.0002844810951501131,1,71.21461909264326
2022-05-19,fold_6,EUR crisis downturn,-0.0007672191713936627,-1,0.010145164094865322,1,-0.010145164094865322,-0.0009377598762512207,0.9996176958084106,0.0001274640380870551,0.0002549280761741102,0,-101.45164094865322
2022-05-20,fold_6,EUR crisis downturn,0.002038770355284214,1,-0.000866660091560334,-1,-0.000866660091560334,-0.001803576946258545,0.9998257756233215,5.809239883092232e-05,0.00011618479766184464,0,-8.66660091560334
2022-05-23,fold_6,EUR crisis downturn,-0.007412304636090994,-1,0.010617928579449654,1,-0.010617928579449654,-0.012402355670928955,0.999367892742157,0.00021082731836941093,0.00042165463673882186,0,-106.17928579449654
2022-05-24,fold_6,EUR crisis downturn,-0.0031482488848268986,-1,0.005099795293062925,1,-0.005099795293062925,-0.017438888549804688,0.9998078942298889,6.405239400919527e-05,0.00012810478801839054,0,-50.99795293062925
2022-05-25,fold_6,EUR crisis downturn,0.0008461482939310372,1,-0.004648668225854635,-1,-0.004648668225854635,-0.022006511688232422,0.9996328353881836,0.0001224122243002057,0.0002448244486004114,0,-46.48668225854635
2022-05-26,fold_6,EUR crisis downturn,0.006905818823724985,1,0.004336175508797169,1,0.004336175508797169,-0.017765820026397705,0.9994552731513977,0.00018168431415688246,0.00036336862831376493,1,43.36175508797169
2022-05-27,fold_6,EUR crisis downturn,0.007058452814817429,1,-0.0001395020226482302,-1,-0.0001395020226482302,-0.017902791500091553,0.9997720122337341,7.599792297696695e-05,0.0001519958459539339,0,-1.395020226482302
2022-05-31,fold_6,EUR crisis downturn,-0.0101566007360816,-1,-0.0036603042390197515,-1,0.0036603042390197515,-0.014307975769042969,0.9996057152748108,0.00013146684796083719,0.00026293369592167437,1,36.603042390197515
2022-06-01,fold_6,EUR crisis downturn,-0.0074337259866297245,-1,-0.007447231560945511,-1,0.007447231560945511,-0.006967306137084961,0.9996742010116577,0.00010865172953344882,0.00021730345906689763,1,74.47231560945511
2022-06-02,fold_6,EUR crisis downturn,0.0021505062468349934,1,0.009095413610339165,1,0.009095413610339165,0.0020647048950195312,0.9996281862258911,0.0001239833509316668,0.0002479667018633336,1,90.95413610339165
2022-06-03,fold_6,EUR crisis downturn,0.0015197752509266138,1,-0.0023275099229067564,-1,-0.0023275099229067564,-0.0002676248550415039,0.9995554089546204,0.00014826662663836032,0.00029653325327672064,0,-23.275099229067564
2022-06-06,fold_6,EUR crisis downturn,-0.009012258611619473,-1,-0.003228839486837387,-1,0.003228839486837387,0.0029603242874145508,0.999596893787384,0.0001344385091215372,0.0002688770182430744,1,32.28839486837387
2022-06-07,fold_6,EUR crisis downturn,-0.010577940382063389,-1,0.0006740176468156278,1,-0.0006740176468156278,0.0022842884063720703,0.9996395111083984,0.0001202131825266406,0.0002404263650532812,0,-6.740176468156278
2022-06-08,fold_6,EUR crisis downturn,-0.004572914447635412,-1,0.0017791216960176826,1,-0.0017791216960176826,0.0005010366439819336,0.9997662901878357,7.792125688865781e-05,0.00015584251377731562,0,-17.791216960176826
2022-06-09,fold_6,EUR crisis downturn,-0.03181721642613411,-1,-0.009185684844851494,-1,0.009185684844851494,0.009691357612609863,0.9995477795600891,0.00015080145385582,0.00030160290771164,1,91.85684844851494
2022-06-10,fold_6,EUR crisis downturn,-0.008350140415132046,-1,-0.012168340384960175,-1,0.012168340384960175,0.021977543830871582,0.9996875524520874,0.00010419222962809727,0.00020838445925619453,1,121.68340384960175
2022-06-13,fold_6,EUR crisis downturn,-0.002704879967495799,-1,-0.0071343835443258286,-1,0.0071343835443258286,0.029268741607666016,0.9994850158691406,0.0001717319682938978,0.0003434639365877956,1,71.34383544325829
2022-06-14,fold_6,EUR crisis downturn,-0.012886825017631054,-1,0.0024430977646261454,1,-0.0024430977646261454,0.026754140853881836,0.9996961355209351,0.00010130584996659309,0.00020261169993318617,0,-24.430977646261454
2022-06-15,fold_6,EUR crisis downturn,0.0015238280175253749,1,0.0014952836791053414,1,0.0014952836791053414,0.028289437294006348,0.9996895790100098,0.00010349295189371333,0.00020698590378742665,1,14.952836791053414
2022-06-16,fold_6,EUR crisis downturn,-0.0025013878475874662,-1,0.00866952445358038,1,-0.00866952445358038,0.019374728202819824,0.9997134804725647,9.552499250276014e-05,0.00019104998500552028,0,-86.6952445358038
2022-06-17,fold_6,EUR crisis downturn,0.007386056240648031,1,-0.005256267264485359,-1,-0.005256267264485359,0.01401662826538086,0.9995419979095459,0.00015275289479177445,0.0003055057895835489,0,-52.56267264485359
2022-06-21,fold_6,EUR crisis downturn,0.005744181107729673,1,0.001126965624280274,1,0.001126965624280274,0.0151594877243042,0.9997199177742004,9.339597454527393e-05,0.00018679194909054786,1,11.26965624280274
2022-06-22,fold_6,EUR crisis downturn,0.0063718706369400024,1,0.0029896728228777647,1,0.0029896728228777647,0.01819443702697754,0.9994426369667053,0.00018586967780720443,0.00037173935561440885,1,29.896728228777647
2022-06-23,fold_6,EUR crisis downturn,-0.004894377198070288,-1,-0.004165956750512123,-1,0.004165956750512123,0.02243626117706299,0.9995517134666443,0.00014949441538192332,0.00029898883076384664,1,41.65956750512123
2022-06-24,fold_6,EUR crisis downturn,0.007148631848394871,1,0.004374321084469557,1,0.004374321084469557,0.02690863609313965,0.9995618462562561,0.000146088408655487,0.000292176817310974,1,43.74321084469557
2022-06-27,fold_6,EUR crisis downturn,-0.013669842854142189,-1,0.0013967370614409447,1,-0.0013967370614409447,0.02547430992126465,0.9995054006576538,0.00016492845315951854,0.0003298569063190371,0,-13.967370614409447
2022-06-28,fold_6,EUR crisis downturn,-0.012757834978401661,-1,-0.0054197353310883045,-1,0.0054197353310883045,0.031032085418701172,0.9996090531349182,0.00013035933079663664,0.0002607186615932733,1,54.197353310883045
2022-06-29,fold_6,EUR crisis downturn,-0.00029744356288574636,-1,-0.007312588859349489,-1,0.007312588859349489,0.03857159614562988,0.9994539618492126,0.00018211602582596242,0.00036423205165192485,1,73.12588859349489
2022-06-30,fold_6,EUR crisis downturn,-0.0010124251712113619,-1,0.0029757271986454725,1,-0.0029757271986454725,0.03548109531402588,0.9996180534362793,0.000127359657199122,0.000254719314398244,0,-29.757271986454725
2022-07-01,fold_6,EUR crisis downturn,-0.010339953005313873,-1,-0.0041735912673175335,-1,0.0041735912673175335,0.03980278968811035,0.9996554851531982,0.00011486042785691097,0.00022972085571382195,1,41.735912673175335
2022-07-05,fold_6,EUR crisis downturn,-0.00885424017906189,-1,-0.01682257279753685,-1,0.01682257279753685,0.05729496479034424,0.9996664524078369,0.00011123142030555755,0.0002224628406111151,1,168.2257279753685
2022-07-06,fold_6,EUR crisis downturn,-0.0068907649256289005,-1,-0.006947201211005449,-1,0.006947201211005449,0.06464016437530518,0.999336302280426,0.00022136456391308457,0.00044272912782616913,1,69.4720121100545
2022-07-07,fold_6,EUR crisis downturn,0.010796795599162579,1,-0.0016271539498120546,-1,-0.0016271539498120546,0.06290781497955322,0.9996575117111206,0.00011418774374760687,0.00022837548749521375,0,-16.271539498120546
2022-07-08,fold_6,EUR crisis downturn,0.005226158536970615,1,-0.0003659561334643513,-1,-0.0003659561334643513,0.06251883506774902,0.9995285272598267,0.00015724198601674289,0.00031448397203348577,0,-3.659561334643513
2022-07-11,fold_6,EUR crisis downturn,-0.0031391032971441746,-1,-0.01166516449302435,-1,0.01166516449302435,0.07491326332092285,0.9994125366210938,0.00019595211779233068,0.00039190423558466136,1,116.65164493024349
2022-07-12,fold_6,EUR crisis downturn,0.0041845436207950115,1,-0.0014347791438922286,-1,-0.0014347791438922286,0.07337093353271484,0.9995437264442444,0.00015215248276945204,0.00030430496553890407,0,-14.347791438922286
2022-07-13,fold_6,EUR crisis downturn,-0.0049245040863752365,-1,-4.015977538074367e-05,-1,4.015977538074367e-05,0.07341408729553223,0.9995156526565552,0.00016151594172697514,0.0003230318834539503,1,0.4015977538074367
2022-07-14,fold_6,EUR crisis downturn,-0.0006614294252358377,-1,-0.0007017548778094351,-1,0.0007017548778094351,0.07416737079620361,0.9995558857917786,0.00014807928528171033,0.00029615857056342065,1,7.017548778094351
2022-07-15,fold_6,EUR crisis downturn,-0.0008766872924752533,-1,0.007047208957374096,1,-0.007047208957374096,0.06659746170043945,0.999808132648468,6.398280675057322e-05,0.00012796561350114644,0,-70.47208957374096
2022-07-19,fold_6,EUR crisis downturn,-0.0028196037746965885,-1,0.008491970598697662,1,-0.008491970598697662,0.057539939880371094,0.9995787739753723,0.000140478354296647,0.000280956708593294,0,-84.91970598697662
2022-07-20,fold_6,EUR crisis downturn,-0.004493579734116793,-1,-0.004745147656649351,-1,0.004745147656649351,0.06255805492401123,0.999660849571228,0.00011307855311315507,0.00022615710622631013,1,47.45147656649351
2022-07-21,fold_6,EUR crisis downturn,-0.005363614298403263,-1,0.00376132526434958,1,-0.00376132526434958,0.05856144428253174,0.9997372031211853,8.760943455854431e-05,0.00017521886911708862,0,-37.6132526434958
2022-07-22,fold_6,EUR crisis downturn,-0.007769301533699036,-1,-0.002039989223703742,-1,0.002039989223703742,0.06072092056274414,0.9993738532066345,0.00020885506819467992,0.00041771013638935983,1,20.39989223703742
2022-07-25,fold_6,EUR crisis downturn,-0.0006993773276917636,-1,0.0024232829455286264,1,-0.0024232829455286264,0.058150529861450195,0.9995083808898926,0.00016395679267589003,0.00032791358535178006,0,-24.232829455286264
2022-07-26,fold_6,EUR crisis downturn,0.00015152004198171198,1,-0.009329265914857388,-1,-0.009329265914857388,0.04827880859375,0.9993057250976562,0.00023157014220487326,0.00046314028440974653,0,-93.29265914857388
2022-07-27,fold_6,EUR crisis downturn,-0.0007752839592285454,-1,0.007871334441006184,1,-0.007871334441006184,0.040027499198913574,0.9995483756065369,0.00015061197336763144,0.00030122394673526287,0,-78.71334441006184
2022-07-28,fold_6,EUR crisis downturn,-0.007187022361904383,-1,-0.0016614561900496483,-1,0.0016614561900496483,0.04175543785095215,0.9992086291313171,0.00026400378555990756,0.0005280075711198151,1,16.614561900496483
2022-07-29,fold_6,EUR crisis downturn,-0.0022026244550943375,-1,0.001561881392262876,1,-0.001561881392262876,0.040128350257873535,0.999498724937439,0.0001671523496042937,0.0003343046992085874,0,-15.61881392262876
2022-08-01,fold_6,EUR crisis downturn,0.0023445577826350927,1,0.005202550906687975,1,0.005202550906687975,0.04553961753845215,0.9995535016059875,0.00014887622091919184,0.0002977524418383837,1,52.02550906687975
2022-08-02,fold_6,EUR crisis downturn,-0.009462087415158749,-1,-0.010297809727489948,-1,0.010297809727489948,0.05630636215209961,0.999599277973175,0.00013363441394176334,0.0002672688278835267,1,102.97809727489948
2022-08-03,fold_6,EUR crisis downturn,-0.010673712007701397,-1,0.00019285830785520375,1,-0.00019285830785520375,0.056102633476257324,0.9994269609451294,0.00019113969756290317,0.00038227939512580633,0,-1.9285830785520375
2022-08-04,fold_6,EUR crisis downturn,-0.004643965046852827,-1,0.008874700404703617,1,-0.008874700404703617,0.04673004150390625,0.9997259974479675,9.136796143138781e-05,0.00018273592286277562,0,-88.74700404703617
2022-08-05,fold_6,EUR crisis downturn,-0.010424785315990448,-1,-0.007506103254854679,-1,0.007506103254854679,0.05458688735961914,0.999646782875061,0.00011777906183851883,0.00023555812367703766,1,75.06103254854679
2022-08-08,fold_6,EUR crisis downturn,-0.009778372012078762,-1,0.002630935749039054,1,-0.002630935749039054,0.05181229114532471,0.999563992023468,0.00014540691336151212,0.00029081382672302425,0,-26.30935749039054
2022-08-09,fold_6,EUR crisis downturn,-0.0018983541522175074,-1,0.001031049294397235,1,-0.001031049294397235,0.05072784423828125,0.9996044039726257,0.0001319081347901374,0.0002638162695802748,0,-10.31049294397235
2022-08-10,fold_6,EUR crisis downturn,-0.004673652816563845,-1,0.00907498225569725,1,-0.00907498225569725,0.04119253158569336,0.9995740056037903,0.0001420508197043091,0.0002841016394086182,0,-90.7498225569725
2022-08-12,fold_6,EUR crisis downturn,-0.011727006174623966,-1,-0.005846230313181877,-1,0.005846230313181877,0.04727959632873535,0.9994654059410095,0.00017827852570917457,0.00035655705141834915,1,58.46230313181877
2022-08-15,fold_6,EUR crisis downturn,-0.004184994380921125,-1,-0.009206736460328102,-1,0.009206736460328102,0.05692160129547119,0.9996618032455444,0.0001127671348513104,0.0002255342697026208,1,92.06736460328102
2022-08-16,fold_6,EUR crisis downturn,0.006849177181720734,1,0.0008543621515855193,1,0.0008543621515855193,0.05782461166381836,0.9995050430297852,0.00016506187967024744,0.00033012375934049487,1,8.543621515855193
2022-08-17,fold_6,EUR crisis downturn,-0.002193062799051404,-1,0.000936616794206202,1,-0.000936616794206202,0.056833863258361816,0.9997610449790955,7.96667009126395e-05,0.000159333401825279,0,-9.36616794206202
2022-08-18,fold_6,EUR crisis downturn,-0.004821720067411661,-1,-0.00886909943073988,-1,0.00886909943073988,0.0662069320678711,0.9996511936187744,0.00011628591892076656,0.00023257183784153312,1,88.6909943073988
2022-08-19,fold_6,EUR crisis downturn,0.00906520988792181,1,-0.005418936721980572,-1,-0.005418936721980572,0.06042921543121338,0.9991994500160217,0.00026706309290602803,0.0005341261858120561,0,-54.18936721980572
2022-08-22,fold_6,EUR crisis downturn,0.008662613108754158,1,-0.009541994892060757,-1,-0.009541994892060757,0.050310611724853516,0.9995625615119934,0.00014585415192414075,0.0002917083038482815,0,-95.41994892060757
2022-08-23,fold_6,EUR crisis downturn,-0.0014802684308961034,-1,0.0027609101962298155,1,-0.0027609101962298155,0.04741084575653076,0.9998078942298889,6.405017484212294e-05,0.00012810034968424588,0,-27.609101962298155
2022-08-24,fold_6,EUR crisis downturn,-0.006017471197992563,-1,0.00021929587819613516,1,-0.00021929587819613516,0.047181129455566406,0.9995660185813904,0.0001447029208065942,0.0002894058416131884,0,-2.1929587819613516
2022-08-25,fold_6,EUR crisis downturn,0.006265806499868631,1,0.00021942718012724072,1,0.00021942718012724072,0.04741096496582031,0.9995773434638977,0.0001409274700563401,0.0002818549401126802,1,2.194271801272407
2022-08-26,fold_6,EUR crisis downturn,0.003922080621123314,1,-0.0032698833383619785,-1,-0.0032698833383619785,0.04398608207702637,0.9995599389076233,0.00014673738041892648,0.00029347476083785295,0,-32.698833383619785
2022-08-29,fold_6,EUR crisis downturn,0.0026289501693099737,1,0.00758057227358222,1,0.00758057227358222,0.05190002918243408,0.9996451139450073,0.0001183282001875341,0.0002366564003750682,1,75.8057227358222
2022-08-30,fold_6,EUR crisis downturn,0.007226957473903894,1,0.0011028088629245758,1,0.0011028088629245758,0.053060054779052734,0.9998169541358948,6.1029732023598626e-05,0.00012205946404719725,1,11.028088629245758
2022-08-31,fold_6,EUR crisis downturn,-0.0069516985677182674,-1,0.001395423780195415,1,-0.001395423780195415,0.051590561866760254,0.9997007846832275,9.975962893804535e-05,0.0001995192578760907,0,-13.95423780195415
2022-09-01,fold_6,EUR crisis downturn,0.0015350881731137633,1,-0.008638561703264713,-1,-0.008638561703264713,0.04250633716583252,0.9996139407157898,0.00012876027903985232,0.00025752055807970464,0,-86.38561703264713
2022-09-02,fold_6,EUR crisis downturn,0.0004807143413927406,1,-0.004310653544962406,-1,-0.004310653544962406,0.03801238536834717,0.9996424913406372,0.00011920370161533356,0.00023840740323066711,0,-43.10653544962406
2022-09-06,fold_6,EUR crisis downturn,0.006428876426070929,1,-0.005453890655189753,-1,-0.005453890655189753,0.032351136207580566,0.9996391534805298,0.00012030182551825419,0.00024060365103650838,0,-54.538906551897526
2022-09-07,fold_6,EUR crisis downturn,1.366306150885066e-05,1,0.009875823743641376,1,0.009875823743641376,0.04254639148712158,0.9995742440223694,0.0001419920299667865,0.000283984059933573,1,98.75823743641376
2022-09-08,fold_6,EUR crisis downturn,0.00038585925358347595,1,0.0016320209251716733,1,0.0016320209251716733,0.04424774646759033,0.9994494318962097,0.0001836112205637619,0.0003672224411275238,1,16.320209251716733
2022-09-09,fold_6,EUR crisis downturn,-0.00941876508295536,-1,0.00593199860304594,1,-0.00593199860304594,0.038053274154663086,0.9993579983711243,0.0002141553268302232,0.0004283106536604464,0,-59.319986030459404
2022-09-12,fold_6,EUR crisis downturn,-0.0002449912135489285,-1,0.005773918703198433,1,-0.005773918703198433,0.032059669494628906,0.9996616840362549,0.00011279913451289758,0.00022559826902579516,0,-57.73918703198433
2022-09-13,fold_6,EUR crisis downturn,0.001566391671076417,1,-0.014563821256160736,-1,-0.014563821256160736,0.01702892780303955,0.9995535016059875,0.00014890136662870646,0.0002978027332574129,0,-145.63821256160736
2022-09-14,fold_6,EUR crisis downturn,-0.0048806131817400455,-1,0.00019961698853876442,1,-0.00019961698853876442,0.01682591438293457,0.9997344613075256,8.852491737343371e-05,0.00017704983474686742,0,-1.9961698853876442
2022-09-15,fold_6,EUR crisis downturn,0.005740282591432333,1,0.0004294819082133472,1,0.0004294819082133472,0.017262697219848633,0.9995474219322205,0.0001509320136392489,0.0003018640272784978,1,4.294819082133472
2022-09-16,fold_6,EUR crisis downturn,0.0033734857570379972,1,0.0034075863659381866,1,0.0034075863659381866,0.02072906494140625,0.9993876218795776,0.00020425139518920332,0.00040850279037840664,1,34.07586365938187
2022-09-20,fold_6,EUR crisis downturn,0.002279391512274742,1,-0.005862889811396599,-1,-0.005862889811396599,0.01474463939666748,0.9995508790016174,0.000149754443555139,0.000299508887110278,0,-58.62889811396599
2022-09-21,fold_6,EUR crisis downturn,-0.00961799081414938,-1,-0.014048072509467602,-1,0.014048072509467602,0.028999924659729004,0.9995195865631104,0.00016023300122469664,0.00032046600244939327,1,140.48072509467602
2022-09-22,fold_6,EUR crisis downturn,-0.00558648444712162,-1,0.0011022116523236036,1,-0.0011022116523236036,0.02786576747894287,0.9996832609176636,0.00010560893861111253,0.00021121787722222507,0,-11.022116523236036
2022-09-26,fold_6,EUR crisis downturn,-0.0025159232318401337,-1,-0.006832936313003302,-1,0.006832936313003302,0.0348891019821167,0.9997453093528748,8.490298205288127e-05,0.00016980596410576254,1,68.32936313003302
2022-09-27,fold_6,EUR crisis downturn,-0.010102289728820324,-1,-0.002859671600162983,-1,0.002859671600162983,0.037848591804504395,0.9995823502540588,0.00013925642997492105,0.0002785128599498421,1,28.59671600162983
2022-09-28,fold_6,EUR crisis downturn,0.0035650988575071096,1,0.011669258587062359,1,0.011669258587062359,0.049959540367126465,0.9996577501296997,0.00011412891035433859,0.00022825782070867717,1,116.69258587062359
2022-09-29,fold_6,EUR crisis downturn,-0.013803273439407349,-1,0.012503246776759624,1,-0.012503246776759624,0.03683161735534668,0.9996063113212585,0.0001312891545239836,0.0002625783090479672,0,-125.03246776759624
2025-04-08,fold_7,Recent mixed/upturn,0.0084413206204772,1,0.005962451454252005,1,0.005962451454252005,0.005962491035461426,0.9995943903923035,0.00013526526163332164,0.0002705305232666433,1,59.624514542520046
2025-04-09,fold_7,Recent mixed/upturn,-0.010280235670506954,-1,-0.0025847177021205425,-1,0.0025847177021205425,0.008562564849853516,0.9996337890625,0.00012208755651954561,0.00024417511303909123,1,25.847177021205425
2025-04-10,fold_7,Recent mixed/upturn,0.008662279695272446,1,0.027919435873627663,1,0.027919435873627663,0.036720991134643555,0.999395489692688,0.00020160211715847254,0.0004032042343169451,1,279.1943587362766
2025-04-11,fold_7,Recent mixed/upturn,0.005239591002464294,1,0.00757727911695838,1,0.00757727911695838,0.04457652568817139,0.9996241331100464,0.00012533763947430998,0.00025067527894861996,1,75.7727911695838
2025-04-14,fold_7,Recent mixed/upturn,-0.008997568860650063,-1,-0.00030624307692050934,-1,0.00030624307692050934,0.044896483421325684,0.9995061159133911,0.00016471746494062245,0.0003294349298812449,1,3.0624307692050934
2025-04-15,fold_7,Recent mixed/upturn,-0.005503189750015736,-1,-0.00414437847211957,-1,0.00414437847211957,0.049226999282836914,0.9997338652610779,8.871305908542126e-05,0.00017742611817084253,1,41.4437847211957
2025-04-16,fold_7,Recent mixed/upturn,0.003819376928731799,1,0.00922001339495182,1,0.00922001339495182,0.05890083312988281,0.9993728995323181,0.00020916093490086496,0.0004183218698017299,1,92.2001339495182
2025-04-17,fold_7,Recent mixed/upturn,-0.006211280357092619,-1,0.01017727330327034,1,-0.01017727330327034,0.048124074935913086,0.999599277973175,0.00013363047037273645,0.0002672609407454729,0,-101.7727330327034
2025-04-22,fold_7,Recent mixed/upturn,0.0011001238599419594,1,-0.01403016597032547,-1,-0.01403016597032547,0.03341877460479736,0.999555766582489,0.0001481501094531268,0.0002963002189062536,0,-140.3016597032547
2025-04-23,fold_7,Recent mixed/upturn,-0.0005800363724119961,-1,-0.0021068835631012917,-1,0.0021068835631012917,0.03559613227844238,0.9997413754463196,8.624095789855346e-05,0.00017248191579710692,1,21.068835631012917
2025-04-24,fold_7,Recent mixed/upturn,0.011461093090474606,1,0.003934726119041443,1,0.003934726119041443,0.03967094421386719,0.9994365572929382,0.00018792961782310158,0.00037585923564620316,1,39.34726119041443
2025-04-25,fold_7,Recent mixed/upturn,-0.0008902042172849178,-1,-0.002529496792703867,-1,0.002529496792703867,0.04230082035064697,0.999548614025116,0.00015052978415042162,0.00030105956830084324,1,25.29496792703867
2025-04-28,fold_7,Recent mixed/upturn,-0.001494183554314077,-1,0.005818618461489677,1,-0.005818618461489677,0.03623604774475098,0.999541163444519,0.00015303281543310732,0.00030606563086621463,0,-58.186184614896774
2025-04-30,fold_7,Recent mixed/upturn,0.00896426197141409,1,-0.005651242099702358,-1,-0.005651242099702358,0.0303800106048584,0.9995515942573547,0.00014950947661418468,0.00029901895322836936,0,-56.51242099702358
2025-05-01,fold_7,Recent mixed/upturn,0.011213560588657856,1,-0.002507785800844431,-1,-0.002507785800844431,0.027796030044555664,0.9993767142295837,0.00020790810231119394,0.0004158162046223879,0,-25.07785800844431
2025-05-02,fold_7,Recent mixed/upturn,0.0073076821863651276,1,0.0023665628395974636,1,0.0023665628395974636,0.030228376388549805,0.9997100234031677,9.668928396422416e-05,0.00019337856792844832,1,23.665628395974636
2025-05-07,fold_7,Recent mixed/upturn,0.007977470755577087,1,-0.003222282975912094,-1,-0.003222282975912094,0.02690863609313965,0.9995429515838623,0.00015241517394315451,0.00030483034788630903,0,-32.22282975912094
2025-05-08,fold_7,Recent mixed/upturn,0.0019402776379138231,1,-0.007250799797475338,-1,-0.007250799797475338,0.0194627046585083,0.9996885061264038,0.00010388023656560108,0.00020776047313120216,0,-72.50799797475338
2025-05-09,fold_7,Recent mixed/upturn,0.00360564305447042,1,0.0004828175879083574,1,0.0004828175879083574,0.019954919815063477,0.9995911717414856,0.00013632618356496096,0.0002726523671299219,1,4.828175879083574
2025-05-12,fold_7,Recent mixed/upturn,-0.005581955891102552,-1,-0.011938820593059063,-1,0.011938820593059063,0.03213191032409668,0.9996720552444458,0.00010935946193058044,0.00021871892386116087,1,119.38820593059063
2025-05-13,fold_7,Recent mixed/upturn,-0.012032090686261654,-1,0.008109462447464466,1,-0.008109462447464466,0.023761868476867676,0.999515175819397,0.0001617019297555089,0.0003234038595110178,0,-81.09462447464466
2025-05-14,fold_7,Recent mixed/upturn,-0.0066697001457214355,-1,-0.0003241990343667567,-1,0.0003241990343667567,0.0240938663482666,0.9996007084846497,0.00013316339754965156,0.0002663267950993031,1,3.2419903436675668
2025-05-15,fold_7,Recent mixed/upturn,0.004158142954111099,1,0.0009625714155845344,1,0.0009625714155845344,0.025079727172851562,0.999550998210907,0.00014971780183259398,0.00029943560366518795,1,9.625714155845344
2025-05-16,fold_7,Recent mixed/upturn,-0.0012767375446856022,-1,-0.0004587228177115321,-1,0.0004587228177115321,0.025550007820129395,0.9993834495544434,0.00020564459555316716,0.00041128919110633433,1,4.587228177115321
2025-05-19,fold_7,Recent mixed/upturn,-0.00757738808169961,-1,0.004100138321518898,1,-0.004100138321518898,0.021345138549804688,0.999451220035553,0.00018301366071682423,0.00036602732143364847,0,-41.00138321518898
2025-05-20,fold_7,Recent mixed/upturn,-0.006339178886264563,-1,0.004853827878832817,1,-0.004853827878832817,0.0163877010345459,0.999661922454834,0.00011273566633462906,0.00022547133266925812,0,-48.53827878832817
2025-05-21,fold_7,Recent mixed/upturn,0.0028545313980430365,1,0.003829962108284235,1,0.003829962108284235,0.02028048038482666,0.9997419714927673,8.601175068179145e-05,0.0001720235013635829,1,38.29962108284235
2025-05-22,fold_7,Recent mixed/upturn,-0.005237930919975042,-1,-0.004354733508080244,-1,0.004354733508080244,0.024723529815673828,0.9995575547218323,0.00014754368748981506,0.0002950873749796301,1,43.54733508080244
2025-05-23,fold_7,Recent mixed/upturn,-0.00505662290379405,-1,0.00806327536702156,1,-0.00806327536702156,0.016460895538330078,0.9993743300437927,0.00020870294247288257,0.00041740588494576514,0,-80.6327536702156
2025-05-27,fold_7,Recent mixed/upturn,-0.0072173806838691235,-1,-0.004512133076786995,-1,0.004512133076786995,0.021047353744506836,0.999649167060852,0.00011696098954416811,0.00023392197908833623,1,45.12133076786995
2025-05-28,fold_7,Recent mixed/upturn,-0.0003503143962007016,-1,-0.009121845476329327,-1,0.009121845476329327,0.030361294746398926,0.9995312690734863,0.00015631694986950606,0.0003126338997390121,1,91.21845476329327
2025-05-29,fold_7,Recent mixed/upturn,0.005040852818638086,1,0.012880357913672924,1,0.012880357913672924,0.0436326265335083,0.999233603477478,0.00025565404212102294,0.0005113080842420459,1,128.80357913672924
2025-05-30,fold_7,Recent mixed/upturn,0.006064936518669128,1,-0.002202543430030346,-1,-0.002202543430030346,0.041333913803100586,0.999630331993103,0.00012327749573159963,0.00024655499146319926,0,-22.02543430030346
2025-06-02,fold_7,Recent mixed/upturn,-0.0075607518665492535,-1,0.008819226175546646,1,-0.008819226175546646,0.03215014934539795,0.999705970287323,9.803930151974782e-05,0.00019607860303949565,0,-88.19226175546646
2025-06-03,fold_7,Recent mixed/upturn,-0.008692587725818157,-1,-0.006022475194185972,-1,0.006022475194185972,0.03836619853973389,0.9994007349014282,0.00019986247934866697,0.00039972495869733393,1,60.22475194185972
2025-06-04,fold_7,Recent mixed/upturn,-0.004235356580466032,-1,0.0033009489998221397,1,-0.0033009489998221397,0.03493857383728027,0.9994800686836243,0.00017341028433293104,0.0003468205686658621,0,-33.0094899982214
2025-06-05,fold_7,Recent mixed/upturn,0.001381422858685255,1,0.0027832789346575737,1,0.0027832789346575737,0.03781914710998535,0.9997351765632629,8.829325815895572e-05,0.00017658651631791145,1,27.832789346575737
2025-06-06,fold_7,Recent mixed/upturn,-0.007689718157052994,-1,-0.004015539772808552,-1,0.004015539772808552,0.04198658466339111,0.999415397644043,0.00019496490131132305,0.0003899298026226461,1,40.15539772808552
2025-06-09,fold_7,Recent mixed/upturn,0.005604051519185305,1,0.001771340030245483,1,0.001771340030245483,0.04383230209350586,0.9994400143623352,0.0001867583632702008,0.0003735167265404016,1,17.71340030245483
2025-06-10,fold_7,Recent mixed/upturn,-0.004200974013656378,-1,0.0008235503337346017,1,-0.0008235503337346017,0.042972683906555176,0.9996034502983093,0.00013224538997747004,0.0002644907799549401,0,-8.235503337346017
2025-06-11,fold_7,Recent mixed/upturn,-0.005569131579250097,-1,0.006284058094024658,1,-0.006284058094024658,0.03641855716705322,0.9995003938674927,0.00016662833513692021,0.00033325667027384043,0,-62.84058094024658
2025-06-12,fold_7,Recent mixed/upturn,-0.0034967425744980574,-1,0.007899755612015724,1,-0.007899755612015724,0.028231143951416016,0.9995750784873962,0.0001416880841134116,0.0002833761682268232,0,-78.99755612015724
2025-06-13,fold_7,Recent mixed/upturn,-0.012599453330039978,-1,-0.003755935002118349,-1,0.003755935002118349,0.032093048095703125,0.9994940757751465,0.00016871423576958477,0.00033742847153916955,1,37.55935002118349
2025-06-16,fold_7,Recent mixed/upturn,-0.0014132217038422823,-1,-0.0004620169347617775,-1,0.0004620169347617775,0.03256988525390625,0.9996916055679321,0.00010283278970746323,0.00020566557941492647,1,4.620169347617775
2025-06-17,fold_7,Recent mixed/upturn,-0.009300093166530132,-1,-0.005948005244135857,-1,0.005948005244135857,0.0387115478515625,0.9997202754020691,9.324462007498369e-05,0.00018648924014996737,1,59.480052441358566
2025-06-18,fold_7,Recent mixed/upturn,0.00319651304744184,1,-0.0004476588510442525,-1,-0.0004476588510442525,0.03824663162231445,0.9998251795768738,5.828967914567329e-05,0.00011657935829134658,0,-4.476588510442525
2025-06-20,fold_7,Recent mixed/upturn,-0.00020825052342843264,-1,-0.0010350376833230257,-1,0.0010350376833230257,0.039321303367614746,0.9998611211776733,4.629798058886081e-05,9.259596117772162e-05,1,10.350376833230257
2025-06-23,fold_7,Recent mixed/upturn,0.0019506905227899551,1,0.008536921814084053,1,0.008536921814084053,0.048193931579589844,0.9996757507324219,0.00010812358232215047,0.00021624716464430094,1,85.36921814084053
2025-06-24,fold_7,Recent mixed/upturn,0.006636105477809906,1,0.0011379257775843143,1,0.0011379257775843143,0.04938673973083496,0.9998331069946289,5.563838567468338e-05,0.00011127677134936675,1,11.379257775843143
2025-06-25,fold_7,Recent mixed/upturn,0.004148721694946289,1,0.006157340481877327,1,0.006157340481877327,0.05584824085235596,0.9994677901268005,0.0001775190030457452,0.0003550380060914904,1,61.57340481877327
2025-06-26,fold_7,Recent mixed/upturn,0.006907799281179905,1,0.0007249234477058053,1,0.0007249234477058053,0.05661368370056152,0.9996211528778076,0.00012632895959541202,0.00025265791919082403,1,7.249234477058053
2025-06-27,fold_7,Recent mixed/upturn,0.004446426872164011,1,0.0030139251612126827,1,0.0030139251612126827,0.059798240661621094,0.9996302127838135,0.00012330844765529037,0.00024661689531058073,1,30.139251612126827
2025-06-30,fold_7,Recent mixed/upturn,0.01320628821849823,1,0.005092043429613113,1,0.005092043429613113,0.06519472599029541,0.9997106194496155,9.649610728956759e-05,0.00019299221457913518,1,50.920434296131134
2025-07-01,fold_7,Recent mixed/upturn,0.008368640206754208,1,0.0015583859058097005,1,0.0015583859058097005,0.06685471534729004,0.9996564388275146,0.00011455093772383407,0.00022910187544766814,1,15.583859058097005
2025-07-02,fold_7,Recent mixed/upturn,-0.004040243569761515,-1,-0.00044844072544947267,-1,0.00044844072544947267,0.06733322143554688,0.9997512698173523,8.292974234791473e-05,0.00016585948469582945,1,4.484407254494727
2025-07-03,fold_7,Recent mixed/upturn,-0.001972755417227745,-1,-0.0024366681464016438,-1,0.0024366681464016438,0.06993389129638672,0.9995972514152527,0.0001342885079793632,0.0002685770159587264,1,24.366681464016438
2025-07-07,fold_7,Recent mixed/upturn,0.003464817302301526,1,-0.003755652578547597,-1,-0.003755652578547597,0.06591558456420898,0.9996721744537354,0.00010931275028269738,0.00021862550056539476,0,-37.55652578547597
2025-07-08,fold_7,Recent mixed/upturn,-0.002986263483762741,-1,-0.0010200783144682646,-1,0.0010200783144682646,0.06700289249420166,0.9997034668922424,9.88752071862109e-05,0.0001977504143724218,1,10.200783144682646
2025-07-09,fold_7,Recent mixed/upturn,0.002759078983217478,1,0.000563176698051393,1,0.000563176698051393,0.06760382652282715,0.9996114373207092,0.00012956101272720844,0.00025912202545441687,1,5.63176698051393
2025-07-10,fold_7,Recent mixed/upturn,0.00230318121612072,1,-0.002422562800347805,-1,-0.002422562800347805,0.0650174617767334,0.9996814727783203,0.0001061962975654751,0.0002123925951309502,0,-24.22562800347805
2025-07-11,fold_7,Recent mixed/upturn,-0.008968887850642204,-1,-0.0017639847937971354,-1,0.0017639847937971354,0.06689608097076416,0.9995656609535217,0.00014484269195236266,0.0002896853839047253,1,17.639847937971354
2025-07-14,fold_7,Recent mixed/upturn,-0.010031594894826412,-1,-0.0013532100711017847,-1,0.0013532100711017847,0.06833982467651367,0.9996088147163391,0.00013044751540292054,0.0002608950308058411,1,13.532100711017847
2025-07-15,fold_7,Recent mixed/upturn,-0.006127247121185064,-1,-0.005049251951277256,-1,0.005049251951277256,0.07373416423797607,0.9995917677879333,0.00013614946510642767,0.00027229893021285534,1,50.49251951277256
2025-07-16,fold_7,Recent mixed/upturn,-0.007118043955415487,-1,0.002443466568365693,1,-0.002443466568365693,0.07111048698425293,0.9997075200080872,9.749063610797748e-05,0.00019498127221595496,0,-24.43466568365693
2025-07-17,fold_7,Recent mixed/upturn,-0.010980246588587761,-1,-0.0017422791570425034,-1,0.0017422791570425034,0.07297658920288086,0.9996808767318726,0.00010642594133969396,0.00021285188267938793,1,17.422791570425034
2025-07-18,fold_7,Recent mixed/upturn,-0.01677875779569149,-1,0.0013141727540642023,1,-0.0013141727540642023,0.07156658172607422,0.9997414946556091,8.618870924692601e-05,0.00017237741849385202,0,-13.141727540642023
2025-07-22,fold_7,Recent mixed/upturn,-0.0022696093656122684,-1,0.003815255593508482,1,-0.003815255593508482,0.06747829914093018,0.9996119141578674,0.00012941118620801717,0.00025882237241603434,0,-38.15255593508482
2025-07-23,fold_7,Recent mixed/upturn,-0.0036028095055371523,-1,0.0029907028656452894,1,-0.0029907028656452894,0.0642857551574707,0.9996225833892822,0.00012582684576045722,0.00025165369152091444,0,-29.907028656452894
2025-07-24,fold_7,Recent mixed/upturn,0.0053519937209784985,1,-0.001540047349408269,-1,-0.001540047349408269,0.06264662742614746,0.9995653033256531,0.0001449530100217089,0.0002899060200434178,0,-15.40047349408269
2025-07-25,fold_7,Recent mixed/upturn,-0.0006869499920867383,-1,5.8711641031550243e-05,1,-5.8711641031550243e-05,0.0625842809677124,0.999404788017273,0.00019852221885230392,0.00039704443770460784,0,-0.5871164103155024
2025-07-28,fold_7,Recent mixed/upturn,-0.0031799697317183018,-1,-0.013614622876048088,-1,0.013614622876048088,0.07705104351043701,0.9996756315231323,0.00010814941924763843,0.00021629883849527687,1,136.14622876048088
2025-07-29,fold_7,Recent mixed/upturn,-0.004441975150257349,-1,-0.003950425889343023,-1,0.003950425889343023,0.0813058614730835,0.9997386336326599,8.713574788998812e-05,0.00017427149577997625,1,39.50425889343023
2025-07-30,fold_7,Recent mixed/upturn,-0.002049145055934787,-1,-0.010526402853429317,-1,0.010526402853429317,0.09268808364868164,0.9995983242988586,0.00013394626148510724,0.0002678925229702145,1,105.26402853429317
2025-07-31,fold_7,Recent mixed/upturn,0.009636315517127514,1,-0.0004912575823254883,-1,-0.0004912575823254883,0.09215128421783447,0.999854326248169,4.8539164708927274e-05,9.707832941785455e-05,0,-4.912575823254883
2025-08-01,fold_7,Recent mixed/upturn,-0.007057346403598785,-1,0.014263281598687172,1,-0.014263281598687172,0.07657361030578613,0.9996721744537354,0.00010932463919743896,0.0002186492783948779,0,-142.63281598687172
2025-08-04,fold_7,Recent mixed/upturn,0.008135716430842876,1,-0.00022017340234015137,-1,-0.00022017340234015137,0.07633662223815918,0.9997360110282898,8.802512456895784e-05,0.00017605024913791567,0,-2.2017340234015137
2025-08-05,fold_7,Recent mixed/upturn,0.004410584922879934,1,-0.0004284036112949252,-1,-0.0004284036112949252,0.07587552070617676,0.9996225833892822,0.00012583615898620337,0.00025167231797240674,0,-4.284036112949252
2025-08-06,fold_7,Recent mixed/upturn,0.0014913218328729272,1,0.007254479452967644,1,0.007254479452967644,0.08368039131164551,0.9997870326042175,7.098697824403644e-05,0.00014197395648807287,1,72.54479452967644
2025-08-07,fold_7,Recent mixed/upturn,0.0003711764875333756,1,0.0011559956474229693,1,0.0011559956474229693,0.08493304252624512,0.9997981190681458,6.730745371896774e-05,0.00013461490743793547,1,11.559956474229693
2025-08-08,fold_7,Recent mixed/upturn,0.00165077846031636,1,-0.002457661321386695,-1,-0.002457661321386695,0.08226656913757324,0.9996161460876465,0.00012799742398783565,0.0002559948479756713,0,-24.57661321386695
2025-08-12,fold_7,Recent mixed/upturn,-0.0005463293055072427,-1,0.005044498015195131,1,-0.005044498015195131,0.07680702209472656,0.9997816681861877,7.280504360096529e-05,0.00014561008720193058,0,-50.44498015195131
2025-08-13,fold_7,Recent mixed/upturn,0.003951035439968109,1,0.003068778896704316,1,0.003068778896704316,0.08011150360107422,0.9997398257255554,8.672294643474743e-05,0.00017344589286949486,1,30.68778896704316
2025-08-14,fold_7,Recent mixed/upturn,0.0061050537042319775,1,-0.005254701245576143,-1,-0.005254701245576143,0.07443583011627197,0.9998315572738647,5.6160777603508905e-05,0.00011232155520701781,0,-52.54701245576143
2025-08-15,fold_7,Recent mixed/upturn,-0.0022836271673440933,-1,0.004741219338029623,1,-0.004741219338029623,0.06934177875518799,0.9997937083244324,6.876789120724425e-05,0.0001375357824144885,0,-47.41219338029623
2025-08-18,fold_7,Recent mixed/upturn,-0.004477318841964006,-1,-0.003267246065661311,-1,0.003267246065661311,0.07283568382263184,0.9997020363807678,9.93201756500639e-05,0.0001986403513001278,1,32.67246065661311
2025-08-19,fold_7,Recent mixed/upturn,0.0038008601404726505,1,-0.002212071092799306,-1,-0.002212071092799306,0.07046246528625488,0.9998279809951782,5.7355588069185615e-05,0.00011471117613837123,0,-22.12071092799306
2025-08-20,fold_7,Recent mixed/upturn,0.007203520741313696,1,0.0007923034718260169,1,0.0007923034718260169,0.07131052017211914,0.9996583461761475,0.00011392913438612595,0.0002278582687722519,1,7.923034718260169
2025-08-21,fold_7,Recent mixed/upturn,-0.005213194992393255,-1,-0.003321295604109764,-1,0.003321295604109764,0.07486867904663086,0.9996623992919922,0.00011256204743403941,0.00022512409486807883,1,33.21295604109764
2025-08-22,fold_7,Recent mixed/upturn,0.008638100698590279,1,0.008313816972076893,1,0.008313816972076893,0.08380484580993652,0.9997425675392151,8.58406419865787e-05,0.0001716812839731574,1,83.13816972076893
2025-08-25,fold_7,Recent mixed/upturn,-0.0064326184801757336,-1,-0.007784397341310978,-1,0.007784397341310978,0.09224152565002441,0.999761164188385,7.963771349750459e-05,0.00015927542699500918,1,77.84397341310978
2025-08-26,fold_7,Recent mixed/upturn,0.00016769040666986257,1,0.001804178929887712,1,0.001804178929887712,0.09421217441558838,0.999708354473114,9.722651884658262e-05,0.00019445303769316524,1,18.04178929887712
2025-08-27,fold_7,Recent mixed/upturn,0.0017692389665171504,1,0.0007338296854868531,1,0.0007338296854868531,0.09501516819000244,0.9997954964637756,6.817949179094285e-05,0.0001363589835818857,1,7.338296854868531
2025-08-28,fold_7,Recent mixed/upturn,0.00116905162576586,1,0.0028852694667875767,1,0.0028852694667875767,0.0981745719909668,0.9997857213020325,7.145942799979821e-05,0.00014291885599959642,1,28.852694667875767
2025-08-29,fold_7,Recent mixed/upturn,0.008841975592076778,1,0.0008769080741330981,1,0.0008769080741330981,0.09913754463195801,0.9997816681861877,7.28116137906909e-05,0.0001456232275813818,1,8.769080741330981
2025-09-02,fold_7,Recent mixed/upturn,0.0016564828110858798,1,-0.006818667519837618,-1,-0.006818667519837618,0.09164285659790039,0.9996607303619385,0.00011314311996102333,0.00022628623992204666,0,-68.18667519837618
2025-09-03,fold_7,Recent mixed/upturn,9.132977720582858e-05,1,0.0020988616161048412,1,0.0020988616161048412,0.09393417835235596,0.9994357228279114,0.00018819871183950454,0.0003763974236790091,1,20.988616161048412
2025-09-04,fold_7,Recent mixed/upturn,0.0034915234427899122,1,-0.0003031234664376825,-1,-0.0003031234664376825,0.09360253810882568,0.9994357228279114,0.00018818795797415078,0.00037637591594830155,0,-3.031234664376825
2025-09-05,fold_7,Recent mixed/upturn,-0.0017831620061770082,-1,0.004825879819691181,1,-0.004825879819691181,0.0883249044418335,0.9996664524078369,0.00011122764408355579,0.00022245528816711158,0,-48.25879819691181
2025-09-08,fold_7,Recent mixed/upturn,-0.0013270609779283404,-1,0.00477817514911294,1,-0.00477817514911294,0.08312475681304932,0.9997579455375671,8.071400952758268e-05,0.00016142801905516535,0,-47.7817514911294
2025-09-09,fold_7,Recent mixed/upturn,0.003514406969770789,1,-0.005640725139528513,-1,-0.005640725139528513,0.07701516151428223,0.9995400905609131,0.00015337365039158612,0.00030674730078317225,0,-56.40725139528513
2025-09-10,fold_7,Recent mixed/upturn,0.0019735663663595915,1,5.857199721504003e-05,1,5.857199721504003e-05,0.07707822322845459,0.9997746348381042,7.51352054066956e-05,0.0001502704108133912,1,0.5857199721504003
2025-09-11,fold_7,Recent mixed/upturn,0.004865431226789951,1,0.002675513969734311,1,0.002675513969734311,0.07995998859405518,0.9995757937431335,0.00014145132445264608,0.00028290264890529215,1,26.75513969734311
2025-09-12,fold_7,Recent mixed/upturn,-0.00457954965531826,-1,-0.000703588651958853,-1,0.000703588651958853,0.08071982860565186,0.9997411370277405,8.631855598650873e-05,0.00017263711197301745,1,7.03588651958853
2025-09-16,fold_7,Recent mixed/upturn,0.00357878883369267,1,0.009152790531516075,1,0.009152790531516075,0.09061145782470703,0.9998084902763367,6.384621519828215e-05,0.0001276924303965643,1,91.52790531516075
2025-09-17,fold_7,Recent mixed/upturn,-0.0009241888183169067,-1,-0.003796270117163658,-1,0.003796270117163658,0.09475171566009521,0.9998931884765625,3.561574703780934e-05,7.123149407561868e-05,1,37.96270117163658
2025-09-18,fold_7,Recent mixed/upturn,-0.012779483571648598,-1,-0.0029830695129930973,-1,0.0029830695129930973,0.09801745414733887,0.9997119307518005,9.605903323972598e-05,0.00019211806647945195,1,29.830695129930973
2025-09-19,fold_7,Recent mixed/upturn,-0.0009566810331307352,-1,-0.004589194897562265,-1,0.004589194897562265,0.10305643081665039,0.9995359182357788,0.00015478575369343162,0.00030957150738686323,1,45.891948975622654
2025-09-22,fold_7,Recent mixed/upturn,0.00519913574680686,1,0.005463925655931234,1,0.005463925655931234,0.10908353328704834,0.9996429681777954,0.00011905221617780626,0.00023810443235561252,1,54.639256559312344
2025-09-24,fold_7,Recent mixed/upturn,-0.0033415339421480894,-1,-0.005907559301704168,-1,0.005907559301704168,0.11563551425933838,0.9997207522392273,9.309215238317847e-05,0.00018618430476635695,1,59.07559301704168
2025-09-25,fold_7,Recent mixed/upturn,-0.005080904345959425,-1,-0.006974319461733103,-1,0.006974319461733103,0.12341630458831787,0.9997492432594299,8.35926693980582e-05,0.0001671853387961164,1,69.74319461733103
2025-09-26,fold_7,Recent mixed/upturn,0.0014789656270295382,1,0.0038988362066447735,1,0.0038988362066447735,0.12779629230499268,0.9994357228279114,0.00018820773402694613,0.00037641546805389225,1,38.988362066447735
2025-09-29,fold_7,Recent mixed/upturn,0.002510964637622237,1,0.0019825738854706287,1,0.0019825738854706287,0.13003218173980713,0.9996436834335327,0.0001188104652101174,0.0002376209304202348,1,19.825738854706287
