date,fold,regime,prediction,pred_direction,actual_return,actual_direction,strategy_return,cumulative_return,confidence,aleatoric,epistemic,correct,pnl_bps
2008-01-23,fold_1,Pre-crisis upturn + GFC onset,-0.001096408232115209,-1,0.009706642478704453,1,-0.009706642478704453,-0.009706616401672363,,,,0,-97.06642478704453
2008-01-24,fold_1,Pre-crisis upturn + GFC onset,0.0035672816447913647,1,-0.006706463638693094,-1,-0.006706463638693094,-0.01634800434112549,,,,0,-67.06463638693094
2008-01-25,fold_1,Pre-crisis upturn + GFC onset,-0.0018321835668757558,-1,0.007704523392021656,1,-0.007704523392021656,-0.02392655611038208,,,,0,-77.04523392021656
2008-01-28,fold_1,Pre-crisis upturn + GFC onset,0.0014250288950279355,1,-0.001093094702810049,-1,-0.001093094702810049,-0.024993479251861572,,,,0,-10.93094702810049
2008-01-29,fold_1,Pre-crisis upturn + GFC onset,-0.0002889118914026767,-1,0.004004329908639193,1,-0.004004329908639193,-0.028897762298583984,,,,0,-40.043299086391926
2008-01-30,fold_1,Pre-crisis upturn + GFC onset,0.0024693997111171484,1,0.002289247466251254,1,0.002289247466251254,-0.026674628257751465,,,,1,22.89247466251254
2008-01-31,fold_1,Pre-crisis upturn + GFC onset,-0.0008602889720350504,-1,-0.004380703438073397,-1,0.004380703438073397,-0.02241075038909912,,,,1,43.80703438073397
2008-02-01,fold_1,Pre-crisis upturn + GFC onset,-0.0018979426240548491,-1,0.001897936686873436,1,-0.001897936686873436,-0.02426612377166748,,,,0,-18.97936686873436
2008-02-04,fold_1,Pre-crisis upturn + GFC onset,-0.0005971586215309799,-1,-0.012808330357074738,-1,0.012808330357074738,-0.011768579483032227,,,,1,128.08330357074738
2008-02-05,fold_1,Pre-crisis upturn + GFC onset,-0.0036178631708025932,-1,-0.0014324913499876857,-1,0.0014324913499876857,-0.010352909564971924,,,,1,14.324913499876857
2008-02-06,fold_1,Pre-crisis upturn + GFC onset,-0.0002572308003436774,-1,-0.009454712271690369,-1,0.009454712271690369,-0.0009960532188415527,,,,1,94.54712271690369
2008-02-07,fold_1,Pre-crisis upturn + GFC onset,-0.00335299433209002,-1,0.07542583346366882,1,-0.07542583346366882,-0.07634681463241577,,,,0,-754.2583346366882
2008-02-08,fold_1,Pre-crisis upturn + GFC onset,-0.005298761650919914,-1,-0.06865246593952179,-1,0.06865246593952179,-0.01293569803237915,,,,1,686.5246593952179
2008-02-12,fold_1,Pre-crisis upturn + GFC onset,0.0006029275828041136,1,-0.0017758844187483191,-1,-0.0017758844187483191,-0.014688611030578613,,,,0,-17.75884418748319
2008-02-13,fold_1,Pre-crisis upturn + GFC onset,-0.0009372474742121994,-1,0.006048077251762152,1,-0.006048077251762152,-0.020647883415222168,,,,0,-60.48077251762152
2008-02-14,fold_1,Pre-crisis upturn + GFC onset,0.000174904300365597,1,0.002186686033383012,1,0.002186686033383012,-0.018506348133087158,,,,1,21.866860333830118
2008-02-15,fold_1,Pre-crisis upturn + GFC onset,0.00013924816448707134,1,-0.0017726941732689738,-1,-0.0017726941732689738,-0.020246267318725586,,,,0,-17.72694173268974
2008-02-19,fold_1,Pre-crisis upturn + GFC onset,0.0005856073112227023,1,-0.0004710935172624886,-1,-0.0004710935172624886,-0.02070784568786621,,,,0,-4.710935172624886
2008-02-20,fold_1,Pre-crisis upturn + GFC onset,-0.0005299094482325017,-1,0.006251954939216375,1,-0.006251954939216375,-0.026830315589904785,,,,0,-62.51954939216375
2008-02-21,fold_1,Pre-crisis upturn + GFC onset,0.001131498720496893,1,0.0007413247367367148,1,0.0007413247367367148,-0.026108860969543457,,,,1,7.413247367367148
2008-02-22,fold_1,Pre-crisis upturn + GFC onset,-0.0003310081665404141,-1,0.0006675262120552361,1,-0.0006675262120552361,-0.026758968830108643,,,,0,-6.675262120552361
2008-02-25,fold_1,Pre-crisis upturn + GFC onset,-0.0008319784537889063,-1,0.010797196999192238,1,-0.010797196999192238,-0.03726726770401001,,,,0,-107.97196999192238
2008-02-26,fold_1,Pre-crisis upturn + GFC onset,0.0041767871007323265,1,0.008133538998663425,1,0.008133538998663425,-0.029436826705932617,,,,1,81.33538998663425
2008-02-27,fold_1,Pre-crisis upturn + GFC onset,0.00306225148960948,1,0.005151412915438414,1,0.005151412915438414,-0.0244370698928833,,,,1,51.514129154384136
2008-02-28,fold_1,Pre-crisis upturn + GFC onset,0.002295201411470771,1,-0.00025825100601650774,-1,-0.00025825100601650774,-0.024689018726348877,,,,0,-2.5825100601650774
2008-02-29,fold_1,Pre-crisis upturn + GFC onset,-0.0008695069700479507,-1,0.0005320152267813683,1,-0.0005320152267813683,-0.025207936763763428,,,,0,-5.320152267813683
2008-03-03,fold_1,Pre-crisis upturn + GFC onset,-0.0004086147528141737,-1,0.0006540778558701277,1,-0.0006540778558701277,-0.02584552764892578,,,,0,-6.540778558701277
2008-03-04,fold_1,Pre-crisis upturn + GFC onset,-0.00074278429383412,-1,0.00439975643530488,1,-0.00439975643530488,-0.03013157844543457,,,,0,-43.9975643530488
2008-03-05,fold_1,Pre-crisis upturn + GFC onset,0.0004810891405213624,1,0.007077113725244999,1,0.007077113725244999,-0.023267745971679688,,,,1,70.77113725244999
2008-03-06,fold_1,Pre-crisis upturn + GFC onset,0.002108841435983777,1,-0.00318984710611403,-1,-0.00318984710611403,-0.026383399963378906,,,,0,-31.8984710611403
2008-03-07,fold_1,Pre-crisis upturn + GFC onset,-0.0009044790640473366,-1,0.00032211976940743625,1,-0.00032211976940743625,-0.026696979999542236,,,,0,-3.2211976940743625
2008-03-10,fold_1,Pre-crisis upturn + GFC onset,-0.0009551519178785384,-1,6.13881929893978e-05,1,-6.13881929893978e-05,-0.026756763458251953,,,,0,-0.6138819298939779
2008-03-11,fold_1,Pre-crisis upturn + GFC onset,-0.0029952144250273705,-1,0.012913729064166546,1,-0.012913729064166546,-0.039324939250946045,,,,0,-129.13729064166546
2008-03-12,fold_1,Pre-crisis upturn + GFC onset,0.0030273927841335535,1,0.005280183628201485,1,0.005280183628201485,-0.03425246477127075,,,,1,52.80183628201485
2008-03-13,fold_1,Pre-crisis upturn + GFC onset,0.0015860067214816809,1,-0.0002654764102771878,-1,-0.0002654764102771878,-0.03450882434844971,,,,0,-2.6547641027718782
2008-03-14,fold_1,Pre-crisis upturn + GFC onset,0.0017366203246638179,1,0.008330723270773888,1,0.008330723270773888,-0.02646559476852417,,,,1,83.30723270773888
2008-03-17,fold_1,Pre-crisis upturn + GFC onset,-0.0023505541030317545,-1,-0.00571519136428833,-1,0.00571519136428833,-0.020901739597320557,,,,1,57.1519136428833
2008-03-18,fold_1,Pre-crisis upturn + GFC onset,-0.0010960445506498218,-1,-0.001219803118146956,-1,0.001219803118146956,-0.01970750093460083,,,,1,12.19803118146956
2008-03-19,fold_1,Pre-crisis upturn + GFC onset,-0.0039876834489405155,-1,-0.012585368938744068,-1,0.012585368938744068,-0.007370114326477051,,,,1,125.85368938744068
2008-03-24,fold_1,Pre-crisis upturn + GFC onset,-0.0020463038235902786,-1,0.011474939994513988,1,-0.011474939994513988,-0.018760502338409424,,,,0,-114.74939994513988
2008-03-25,fold_1,Pre-crisis upturn + GFC onset,0.0036683541256934404,1,0.013576983474195004,1,0.013576983474195004,-0.00543820858001709,,,,1,135.76983474195004
2008-03-26,fold_1,Pre-crisis upturn + GFC onset,0.0030710368882864714,1,-0.0006325822323560715,-1,-0.0006325822323560715,-0.006067335605621338,,,,0,-6.325822323560715
2008-03-27,fold_1,Pre-crisis upturn + GFC onset,-0.0023620601277798414,-1,-0.0033570618834346533,-1,0.0033570618834346533,-0.0027306675910949707,,,,1,33.57061883434653
2008-03-28,fold_1,Pre-crisis upturn + GFC onset,-0.0016321230214089155,-1,-0.00018908978381659836,-1,0.00018908978381659836,-0.00254213809967041,,,,1,1.8908978381659836
2008-03-31,fold_1,Pre-crisis upturn + GFC onset,-0.0015720800729468465,-1,-0.005079609341919422,-1,0.005079609341919422,0.0025246143341064453,,,,1,50.79609341919422
2008-04-02,fold_1,Pre-crisis upturn + GFC onset,-0.00018598587485030293,-1,-0.0006893464596942067,-1,0.0006893464596942067,0.003215789794921875,,,,1,6.893464596942067
2008-04-03,fold_1,Pre-crisis upturn + GFC onset,-0.0008371212752535939,-1,0.0044534835033118725,1,-0.0044534835033118725,-0.00125199556350708,,,,0,-44.534835033118725
2008-04-04,fold_1,Pre-crisis upturn + GFC onset,0.00036362645914778113,1,-0.0020259751472622156,-1,-0.0020259751472622156,-0.0032753944396972656,,,,0,-20.259751472622156
2008-04-07,fold_1,Pre-crisis upturn + GFC onset,-0.0021820722613483667,-1,-0.00808490440249443,-1,0.00808490440249443,0.004783034324645996,,,,1,80.8490440249443
2008-04-08,fold_1,Pre-crisis upturn + GFC onset,-0.006383110303431749,-1,0.01579233817756176,1,-0.01579233817756176,-0.011084794998168945,,,,0,-157.9233817756176
2008-04-09,fold_1,Pre-crisis upturn + GFC onset,0.00015299204096663743,1,-0.005179158411920071,-1,-0.005179158411920071,-0.016206562519073486,,,,0,-51.79158411920071
2008-04-10,fold_1,Pre-crisis upturn + GFC onset,0.0005750825512222946,1,0.005078901536762714,1,0.005078901536762714,-0.011209964752197266,,,,1,50.789015367627144
2008-04-11,fold_1,Pre-crisis upturn + GFC onset,0.00021849616314284503,1,0.00018986649229191244,1,0.00018986649229191244,-0.011022210121154785,,,,1,1.8986649229191244
2008-04-14,fold_1,Pre-crisis upturn + GFC onset,-0.0010399414459243417,-1,-0.002462598029524088,-1,0.002462598029524088,-0.008586704730987549,,,,1,24.62598029524088
2008-04-15,fold_1,Pre-crisis upturn + GFC onset,-0.0010235534282401204,-1,0.010899379849433899,1,-0.010899379849433899,-0.01939249038696289,,,,0,-108.99379849433899
2008-04-16,fold_1,Pre-crisis upturn + GFC onset,0.0024518659338355064,1,-0.0035143231507390738,-1,-0.0035143231507390738,-0.022838711738586426,,,,0,-35.14323150739074
2008-04-17,fold_1,Pre-crisis upturn + GFC onset,-0.0023925357963889837,-1,-0.010573179461061954,-1,0.010573179461061954,-0.012507021427154541,,,,1,105.73179461061954
2008-04-18,fold_1,Pre-crisis upturn + GFC onset,-0.002941831713542342,-1,0.011313356459140778,1,-0.011313356459140778,-0.023678898811340332,,,,0,-113.13356459140778
2008-04-21,fold_1,Pre-crisis upturn + GFC onset,0.0007721259025856853,1,0.004780459683388472,1,0.004780459683388472,-0.01901167631149292,,,,1,47.804596833884716
2008-04-22,fold_1,Pre-crisis upturn + GFC onset,0.0005332160508260131,1,-0.007127514574676752,-1,-0.007127514574676752,-0.026003718376159668,,,,0,-71.27514574676752
2008-04-23,fold_1,Pre-crisis upturn + GFC onset,-0.003178490325808525,-1,-0.011966871097683907,-1,0.011966871097683907,-0.014348089694976807,,,,1,119.66871097683907
2008-04-24,fold_1,Pre-crisis upturn + GFC onset,-0.004592077806591988,-1,-0.0030023385770618916,-1,0.0030023385770618916,-0.011388897895812988,,,,1,30.023385770618916
2008-04-25,fold_1,Pre-crisis upturn + GFC onset,-0.002779786242172122,-1,0.0010174394119530916,1,-0.0010174394119530916,-0.01239478588104248,,,,0,-10.174394119530916
2008-04-28,fold_1,Pre-crisis upturn + GFC onset,-0.0014020923990756273,-1,-0.0054796477779746056,-1,0.0054796477779746056,-0.006983041763305664,,,,1,54.796477779746056
2008-04-30,fold_1,Pre-crisis upturn + GFC onset,0.00024790686438791454,1,-0.012038466520607471,-1,-0.012038466520607471,-0.01893746852874756,,,,0,-120.38466520607471
2008-05-02,fold_1,Pre-crisis upturn + GFC onset,-0.0020228056237101555,-1,0.00415347795933485,1,-0.00415347795933485,-0.023012280464172363,,,,0,-41.5347795933485
2008-05-07,fold_1,Pre-crisis upturn + GFC onset,-0.0036415881477296352,-1,0.005134144332259893,1,-0.005134144332259893,-0.02802830934524536,,,,0,-51.341443322598934
2008-05-08,fold_1,Pre-crisis upturn + GFC onset,-0.0047477539628744125,-1,0.0016728068003430963,1,-0.0016728068003430963,-0.029654204845428467,,,,0,-16.728068003430963
2008-05-09,fold_1,Pre-crisis upturn + GFC onset,-0.0010233233915641904,-1,0.0032323605846613646,1,-0.0032323605846613646,-0.03279072046279907,,,,0,-32.323605846613646
2008-05-12,fold_1,Pre-crisis upturn + GFC onset,0.003579192329198122,1,-0.004055029712617397,-1,-0.004055029712617397,-0.03671276569366455,,,,0,-40.55029712617397
2008-05-13,fold_1,Pre-crisis upturn + GFC onset,-0.0018776776269078255,-1,-0.0005104347947053611,-1,0.0005104347947053611,-0.03622102737426758,,,,1,5.104347947053611
2008-05-14,fold_1,Pre-crisis upturn + GFC onset,-0.0005262063932605088,-1,-0.001174283679574728,-1,0.001174283679574728,-0.03508925437927246,,,,1,11.74283679574728
2008-05-15,fold_1,Pre-crisis upturn + GFC onset,-0.00026345529477111995,-1,0.009388802573084831,1,-0.009388802573084831,-0.04414862394332886,,,,0,-93.88802573084831
2008-05-16,fold_1,Pre-crisis upturn + GFC onset,0.0022562560625374317,1,-0.0043633379973471165,-1,-0.0043633379973471165,-0.048319339752197266,,,,0,-43.633379973471165
2008-05-19,fold_1,Pre-crisis upturn + GFC onset,-0.0008639942388981581,-1,0.008124498650431633,1,-0.008124498650431633,-0.05605125427246094,,,,0,-81.24498650431633
2008-05-20,fold_1,Pre-crisis upturn + GFC onset,0.002826663898304105,1,0.00855705700814724,1,0.00855705700814724,-0.047973811626434326,,,,1,85.5705700814724
2008-05-21,fold_1,Pre-crisis upturn + GFC onset,0.0015158153837546706,1,-0.003555349772796035,-1,-0.003555349772796035,-0.051358580589294434,,,,0,-35.55349772796035
2008-05-22,fold_1,Pre-crisis upturn + GFC onset,-0.0016908225370571017,-1,0.003377990797162056,1,-0.003377990797162056,-0.054563045501708984,,,,0,-33.77990797162056
2008-05-23,fold_1,Pre-crisis upturn + GFC onset,0.0010098826605826616,1,-0.0003629504353739321,-1,-0.0003629504353739321,-0.05490618944168091,,,,0,-3.6295043537393212
2008-05-27,fold_1,Pre-crisis upturn + GFC onset,-0.002081198850646615,-1,-0.0022230539470911026,-1,0.0022230539470911026,-0.05280524492263794,,,,1,22.230539470911026
2008-05-28,fold_1,Pre-crisis upturn + GFC onset,-0.0014132793294265866,-1,-0.00881433766335249,-1,0.00881433766335249,-0.0444563627243042,,,,1,88.1433766335249
2008-05-29,fold_1,Pre-crisis upturn + GFC onset,-0.0023691949900239706,-1,0.0014764738734811544,1,-0.0014764738734811544,-0.045867204666137695,,,,0,-14.764738734811544
2008-05-30,fold_1,Pre-crisis upturn + GFC onset,0.0005188427167013288,1,0.0003264624683652073,1,0.0003264624683652073,-0.04555565118789673,,,,1,3.264624683652073
2008-06-02,fold_1,Pre-crisis upturn + GFC onset,-0.0013860728358849883,-1,-0.0061646453104913235,-1,0.0061646453104913235,-0.03967183828353882,,,,1,61.646453104913235
2008-06-03,fold_1,Pre-crisis upturn + GFC onset,-0.0028163755778223276,-1,-0.001142001012340188,-1,0.001142001012340188,-0.03857511281967163,,,,1,11.42001012340188
2008-06-04,fold_1,Pre-crisis upturn + GFC onset,-0.0009952273685485125,-1,0.010132720693945885,1,-0.010132720693945885,-0.04831695556640625,,,,0,-101.32720693945885
2008-06-05,fold_1,Pre-crisis upturn + GFC onset,0.0014508507447317243,1,0.012580753304064274,1,0.012580753304064274,-0.036344051361083984,,,,1,125.80753304064274
2008-06-06,fold_1,Pre-crisis upturn + GFC onset,0.002012897515669465,1,-0.008963803760707378,-1,-0.008963803760707378,-0.044982075691223145,,,,0,-89.63803760707378
2008-06-09,fold_1,Pre-crisis upturn + GFC onset,-0.0021459409035742283,-1,-0.011474243365228176,-1,0.011474243365228176,-0.034023940563201904,,,,1,114.74243365228176
2008-06-10,fold_1,Pre-crisis upturn + GFC onset,-0.003168563824146986,-1,0.006067509297281504,1,-0.006067509297281504,-0.039884984493255615,,,,0,-60.67509297281504
2008-06-11,fold_1,Pre-crisis upturn + GFC onset,0.0015001832507550716,1,-0.006230826023966074,-1,-0.006230826023966074,-0.045867323875427246,,,,0,-62.30826023966074
2008-06-12,fold_1,Pre-crisis upturn + GFC onset,-0.0024014622904360294,-1,-0.005947754718363285,-1,0.005947754718363285,-0.04019242525100708,,,,1,59.47754718363285
2008-06-13,fold_1,Pre-crisis upturn + GFC onset,-0.001403625006787479,-1,0.006823988631367683,1,-0.006823988631367683,-0.046742141246795654,,,,0,-68.23988631367683
2008-06-16,fold_1,Pre-crisis upturn + GFC onset,0.0030636745505034924,1,0.0031044406350702047,1,0.0031044406350702047,-0.043782830238342285,,,,1,31.044406350702047
2008-06-17,fold_1,Pre-crisis upturn + GFC onset,-0.00017730645777191967,-1,0.0010409550741314888,1,-0.0010409550741314888,-0.04477816820144653,,,,0,-10.409550741314888
2008-06-18,fold_1,Pre-crisis upturn + GFC onset,-0.00042722743819467723,-1,-0.0018145984504371881,-1,0.0018145984504371881,-0.0430448055267334,,,,1,18.14598450437188
2008-06-19,fold_1,Pre-crisis upturn + GFC onset,0.000276587757980451,1,0.0076107727363705635,1,0.0076107727363705635,-0.03576159477233887,,,,1,76.10772736370564
2008-06-20,fold_1,Pre-crisis upturn + GFC onset,0.0013925133971497416,1,-0.00672138063237071,-1,-0.00672138063237071,-0.042242586612701416,,,,0,-67.2138063237071
2008-06-23,fold_1,Pre-crisis upturn + GFC onset,-0.0016037015011534095,-1,0.0030361225362867117,1,-0.0030361225362867117,-0.04515045881271362,,,,0,-30.361225362867117
2008-06-24,fold_1,Pre-crisis upturn + GFC onset,0.001006632810458541,1,0.006677090656012297,1,0.006677090656012297,-0.03877490758895874,,,,1,66.77090656012297
2008-06-25,fold_1,Pre-crisis upturn + GFC onset,0.0016055271262302995,1,0.005040960386395454,1,0.005040960386395454,-0.03392934799194336,,,,1,50.409603863954544
2008-06-26,fold_1,Pre-crisis upturn + GFC onset,0.001547332271002233,1,0.0,1,0.0,-0.03392934799194336,,,,0,0.0
2008-06-27,fold_1,Pre-crisis upturn + GFC onset,0.0010460560442879796,1,-0.00018895813263952732,-1,-0.00018895813263952732,-0.034111857414245605,,,,0,-1.8895813263952732
2010-01-19,fold_2,Post-crash recovery,-0.0009601452038623393,-1,-0.011951462365686893,-1,0.011951462365686893,0.011951446533203125,,,,1,119.51462365686893
2010-01-20,fold_2,Post-crash recovery,-0.0051514641381800175,-1,-0.0009444424649700522,-1,0.0009444424649700522,0.012907266616821289,,,,1,9.444424649700522
2010-01-21,fold_2,Post-crash recovery,-6.084809865569696e-05,-1,0.003125128336250782,1,-0.003125128336250782,0.009741783142089844,,,,0,-31.25128336250782
2010-01-22,fold_2,Post-crash recovery,3.347418532939628e-05,1,0.0006368025206029415,1,0.0006368025206029415,0.010384798049926758,,,,1,6.368025206029415
2010-01-25,fold_2,Post-crash recovery,0.00082202855264768,1,-0.004788059741258621,-1,-0.004788059741258621,0.005547046661376953,,,,0,-47.88059741258621
2010-01-26,fold_2,Post-crash recovery,-0.0023162346333265305,-1,-0.003648065496236086,-1,0.003648065496236086,0.009215354919433594,,,,1,36.48065496236086
2010-01-27,fold_2,Post-crash recovery,-0.002078399294987321,-1,-0.004483596887439489,-1,0.004483596887439489,0.013740301132202148,,,,1,44.835968874394894
2010-01-28,fold_2,Post-crash recovery,-0.002058130456134677,-1,-0.0072386483661830425,-1,0.0072386483661830425,0.02107834815979004,,,,1,72.38648366183043
2010-01-29,fold_2,Post-crash recovery,-0.0026207072660326958,-1,0.0043313405476510525,1,-0.0043313405476510525,0.016655683517456055,,,,0,-43.313405476510525
2010-02-01,fold_2,Post-crash recovery,0.0013783499598503113,1,0.0035359642934054136,1,0.0035359642934054136,0.020250558853149414,,,,1,35.359642934054136
2010-02-02,fold_2,Post-crash recovery,0.001238002092577517,1,-0.0053796786814928055,-1,-0.0053796786814928055,0.014761924743652344,,,,0,-53.796786814928055
2010-02-03,fold_2,Post-crash recovery,-0.0021697066258639097,-1,-0.01122969388961792,-1,0.01122969388961792,0.026157498359680176,,,,1,112.2969388961792
2010-02-04,fold_2,Post-crash recovery,-0.003058806760236621,-1,-0.004719560965895653,-1,0.004719560965895653,0.031000614166259766,,,,1,47.19560965895653
2010-02-05,fold_2,Post-crash recovery,-0.0021597009617835283,-1,-0.0018570575630292296,-1,0.0018570575630292296,0.03291523456573486,,,,1,18.570575630292296
2010-02-08,fold_2,Post-crash recovery,0.0006788361934013665,1,0.009330499917268753,1,0.009330499917268753,0.042552828788757324,,,,1,93.30499917268753
2010-02-09,fold_2,Post-crash recovery,0.0026523128617554903,1,-0.0020905188284814358,-1,-0.0020905188284814358,0.04037332534790039,,,,0,-20.905188284814358
2010-02-10,fold_2,Post-crash recovery,-0.0005954807274974883,-1,-0.005199064500629902,-1,0.005199064500629902,0.04578232765197754,,,,1,51.99064500629902
2010-02-12,fold_2,Post-crash recovery,-0.0018665434326976538,-1,-0.0023396951146423817,-1,0.0023396951146423817,0.048229217529296875,,,,1,23.396951146423817
2010-02-16,fold_2,Post-crash recovery,0.0036244431976228952,1,-0.01163397915661335,-1,-0.01163397915661335,0.03603410720825195,,,,0,-116.3397915661335
2010-02-17,fold_2,Post-crash recovery,-0.002793967956677079,-1,-0.010688421316444874,-1,0.010688421316444874,0.047107696533203125,,,,1,106.88421316444874
2010-02-18,fold_2,Post-crash recovery,0.0004656458040699363,1,0.011409442871809006,1,0.011409442871809006,0.05905461311340332,,,,1,114.09442871809006
2010-02-19,fold_2,Post-crash recovery,-0.001962188631296158,-1,-0.0006938879960216582,-1,0.0006938879960216582,0.05978953838348389,,,,1,6.938879960216582
2010-02-22,fold_2,Post-crash recovery,0.0005576293915510178,1,-0.005776017438620329,-1,-0.005776017438620329,0.05366826057434082,,,,0,-57.76017438620329
2010-02-23,fold_2,Post-crash recovery,-0.0025588590651750565,-1,0.001191824907436967,1,-0.001191824907436967,0.05241239070892334,,,,0,-11.918249074369669
2010-02-24,fold_2,Post-crash recovery,0.00012218592746648937,1,-0.000527954485733062,-1,-0.000527954485733062,0.05185675621032715,,,,0,-5.27954485733062
2010-02-25,fold_2,Post-crash recovery,-2.7357724320609123e-05,-1,0.007020008284598589,1,-0.007020008284598589,0.044472694396972656,,,,0,-70.20008284598589
2010-02-26,fold_2,Post-crash recovery,0.002595318714156747,1,-0.005058620125055313,-1,-0.005058620125055313,0.03918910026550293,,,,0,-50.58620125055313
2010-03-01,fold_2,Post-crash recovery,-0.0022148084826767445,-1,0.004317773040384054,1,-0.004317773040384054,0.034702181816101074,,,,0,-43.17773040384054
2010-03-02,fold_2,Post-crash recovery,0.0008729214896447957,1,0.005946443881839514,1,0.005946443881839514,0.04085493087768555,,,,1,59.46443881839514
2010-03-03,fold_2,Post-crash recovery,0.0036835945211350918,1,-0.00858509074896574,-1,-0.00858509074896574,0.031919121742248535,,,,0,-85.8509074896574
2010-03-04,fold_2,Post-crash recovery,-0.002694243798032403,-1,0.003311865497380495,1,-0.003311865497380495,0.028501510620117188,,,,0,-33.11865497380495
2010-03-05,fold_2,Post-crash recovery,0.0009191798744723201,1,-0.0008851704187691212,-1,-0.0008851704187691212,0.02759110927581787,,,,0,-8.851704187691212
2010-03-08,fold_2,Post-crash recovery,-0.0003518502344377339,-1,-0.0007347645587287843,-1,0.0007347645587287843,0.02834618091583252,,,,1,7.347645587287843
2010-03-09,fold_2,Post-crash recovery,-0.000955303490627557,-1,0.002674186136573553,1,-0.002674186136573553,0.025596261024475098,,,,0,-26.74186136573553
2010-03-10,fold_2,Post-crash recovery,0.001129734911955893,1,0.0030791175086051226,1,0.0030791175086051226,0.028754234313964844,,,,1,30.791175086051226
2010-03-11,fold_2,Post-crash recovery,0.000940082420129329,1,0.006182710640132427,1,0.006182710640132427,0.03511464595794678,,,,1,61.82710640132427
2010-03-12,fold_2,Post-crash recovery,0.0034616331104189157,1,-0.006715663243085146,-1,-0.006715663243085146,0.02816319465637207,,,,0,-67.15663243085146
2010-03-15,fold_2,Post-crash recovery,-0.0030036144889891148,-1,0.006677919998764992,1,-0.006677919998764992,0.021297216415405273,,,,0,-66.77919998764992
2010-03-16,fold_2,Post-crash recovery,0.0037074664141982794,1,-0.0022119286004453897,-1,-0.0022119286004453897,0.01903820037841797,,,,0,-22.119286004453897
2010-03-17,fold_2,Post-crash recovery,0.0007914935704320669,1,-0.009053192101418972,-1,-0.009053192101418972,0.009812712669372559,,,,0,-90.53192101418972
2010-03-18,fold_2,Post-crash recovery,-0.003249731147661805,-1,-0.0056584724225103855,-1,0.0056584724225103855,0.015526771545410156,,,,1,56.584724225103855
2010-03-19,fold_2,Post-crash recovery,-0.003242949955165386,-1,0.0022249817848205566,1,-0.0022249817848205566,0.013267278671264648,,,,0,-22.249817848205566
2010-03-23,fold_2,Post-crash recovery,-0.0019495113519951701,-1,-0.010171548463404179,-1,0.010171548463404179,0.023573756217956543,,,,1,101.71548463404179
2010-03-24,fold_2,Post-crash recovery,-0.004786611534655094,-1,-0.0017964079743251204,-1,0.0017964079743251204,0.025412440299987793,,,,1,17.964079743251204
2010-03-25,fold_2,Post-crash recovery,-0.0021440801210701466,-1,0.0077375867404043674,1,-0.0077375867404043674,0.017478227615356445,,,,0,-77.37586740404367
2010-03-26,fold_2,Post-crash recovery,0.003025330603122711,1,0.005298086442053318,1,0.005298086442053318,0.022868990898132324,,,,1,52.98086442053318
2010-03-29,fold_2,Post-crash recovery,0.0018698724452406168,1,-0.0042286706157028675,-1,-0.0042286706157028675,0.018543601036071777,,,,0,-42.286706157028675
2010-03-30,fold_2,Post-crash recovery,-0.00036297491169534624,-1,0.006254276726394892,1,-0.006254276726394892,0.01217341423034668,,,,0,-62.54276726394892
2010-03-31,fold_2,Post-crash recovery,0.0033694966696202755,1,0.0056237718090415,1,0.0056237718090415,0.017865657806396484,,,,1,56.237718090415
2010-04-01,fold_2,Post-crash recovery,0.002028292277827859,1,-0.005820577964186668,-1,-0.005820577964186668,0.011941075325012207,,,,0,-58.205779641866684
2010-04-05,fold_2,Post-crash recovery,-0.0021960465237498283,-1,-0.006459742318838835,-1,0.006459742318838835,0.018477916717529297,,,,1,64.59742318838835
2010-04-06,fold_2,Post-crash recovery,-0.002167581347748637,-1,-0.003991239704191685,-1,0.003991239704191685,0.022542953491210938,,,,1,39.91239704191685
2010-04-07,fold_2,Post-crash recovery,-0.0005051664775237441,-1,0.0009486044873483479,1,-0.0009486044873483479,0.02157294750213623,,,,0,-9.486044873483479
2010-04-08,fold_2,Post-crash recovery,-0.00025611629826016724,-1,0.01046330388635397,1,-0.01046330388635397,0.010883927345275879,,,,0,-104.6330388635397
2010-04-09,fold_2,Post-crash recovery,0.0036976411938667297,1,0.007042666897177696,1,0.007042666897177696,0.018003225326538086,,,,1,70.42666897177696
2010-04-12,fold_2,Post-crash recovery,0.0040724389255046844,1,0.0009253707830794156,1,0.0009253707830794156,0.01894533634185791,,,,1,9.253707830794156
2010-04-13,fold_2,Post-crash recovery,0.00030797708313912153,1,0.0034823056776076555,1,0.0034823056776076555,0.022493600845336914,,,,1,34.823056776076555
2010-04-14,fold_2,Post-crash recovery,0.0023977530654519796,1,-0.005999756511300802,-1,-0.005999756511300802,0.01635885238647461,,,,0,-59.99756511300802
2010-04-15,fold_2,Post-crash recovery,-0.002807062119245529,-1,-0.00515845837071538,-1,0.00515845837071538,0.02160167694091797,,,,1,51.5845837071538
2010-04-16,fold_2,Post-crash recovery,-0.0029648514464497566,-1,-0.0012409078190103173,-1,0.0012409078190103173,0.022869348526000977,,,,1,12.409078190103173
2010-04-19,fold_2,Post-crash recovery,-0.0012005101889371872,-1,-0.0038692092057317495,-1,0.0038692092057317495,0.026826977729797363,,,,1,38.692092057317495
2010-04-20,fold_2,Post-crash recovery,-0.0003812697250396013,-1,-0.0033609094098210335,-1,0.0033609094098210335,0.03027796745300293,,,,1,33.609094098210335
2010-04-21,fold_2,Post-crash recovery,-0.0008363905944861472,-1,-0.008957214653491974,-1,0.008957214653491974,0.03950643539428711,,,,1,89.57214653491974
2010-04-22,fold_2,Post-crash recovery,-0.003392639337107539,-1,0.008592506870627403,1,-0.008592506870627403,0.030574440956115723,,,,0,-85.92506870627403
2010-04-23,fold_2,Post-crash recovery,0.0024506840854883194,1,0.001286504091694951,1,0.001286504091694951,0.03190028667449951,,,,1,12.86504091694951
2010-04-26,fold_2,Post-crash recovery,-0.000914666976314038,-1,-0.01720094121992588,-1,0.01720094121992588,0.049649953842163086,,,,1,172.0094121992588
2010-04-27,fold_2,Post-crash recovery,-0.006536298431456089,-1,0.00319747650064528,1,-0.00319747650064528,0.04629373550415039,,,,0,-31.9747650064528
2010-04-28,fold_2,Post-crash recovery,-0.0024208752438426018,-1,0.0037932186387479305,1,-0.0037932186387479305,0.04232490062713623,,,,0,-37.932186387479305
2010-04-30,fold_2,Post-crash recovery,0.0006916950223967433,1,-0.007378703448921442,-1,-0.007378703448921442,0.03463387489318848,,,,0,-73.78703448921442
2010-05-06,fold_2,Post-crash recovery,-0.007631933782249689,-1,0.009745693765580654,1,-0.009745693765580654,0.024550676345825195,,,,0,-97.45693765580654
2010-05-07,fold_2,Post-crash recovery,0.009079908020794392,1,0.0018146689981222153,1,0.0018146689981222153,0.02640998363494873,,,,1,18.146689981222153
2010-05-10,fold_2,Post-crash recovery,0.003269706154242158,1,-0.011682657524943352,-1,-0.011682657524943352,0.014418840408325195,,,,0,-116.82657524943352
2010-05-11,fold_2,Post-crash recovery,-0.004333015065640211,-1,0.0007203565328381956,1,-0.0007203565328381956,0.013688087463378906,,,,0,-7.203565328381956
2010-05-12,fold_2,Post-crash recovery,-0.0026587124448269606,-1,-0.007750330958515406,-1,0.007750330958515406,0.021544456481933594,,,,1,77.50330958515406
2010-05-13,fold_2,Post-crash recovery,-0.0031717107631266117,-1,-0.014436493627727032,-1,0.014436493627727032,0.03629195690155029,,,,1,144.36493627727032
2010-05-14,fold_2,Post-crash recovery,-0.0068223848938941956,-1,0.00266445754095912,1,-0.00266445754095912,0.0335308313369751,,,,0,-26.644575409591198
2010-05-17,fold_2,Post-crash recovery,-0.0011977420654147863,-1,-0.0172696802765131,-1,0.0172696802765131,0.05137968063354492,,,,1,172.696802765131
2010-05-18,fold_2,Post-crash recovery,-0.005870155058801174,-1,0.0176109466701746,1,-0.0176109466701746,0.03286385536193848,,,,0,-176.109466701746
2010-05-19,fold_2,Post-crash recovery,0.005167298950254917,1,0.006900882814079523,1,0.006900882814079523,0.03999149799346924,,,,1,69.00882814079523
2010-05-20,fold_2,Post-crash recovery,0.006670727394521236,1,0.0070626987144351006,1,0.0070626987144351006,0.047336578369140625,,,,1,70.626987144351
2010-05-21,fold_2,Post-crash recovery,0.002481515984982252,1,-0.017277510836720467,-1,-0.017277510836720467,0.029241204261779785,,,,0,-172.77510836720467
2010-05-24,fold_2,Post-crash recovery,-0.005124126095324755,-1,-0.0003210459544789046,-1,0.0003210459544789046,0.02957165241241455,,,,1,3.210459544789046
2010-05-25,fold_2,Post-crash recovery,-0.0036658314056694508,-1,-0.014011116698384285,-1,0.014011116698384285,0.04399716854095459,,,,1,140.11116698384285
2010-05-26,fold_2,Post-crash recovery,-0.003512417431920767,-1,0.014373074285686016,1,-0.014373074285686016,0.02899169921875,,,,0,-143.73074285686016
2010-05-27,fold_2,Post-crash recovery,0.004843446891754866,1,-0.005989732686430216,-1,-0.005989732686430216,0.022828340530395508,,,,0,-59.89732686430216
2010-05-28,fold_2,Post-crash recovery,-0.0028659289237111807,-1,0.0011304189683869481,1,-0.0011304189683869481,0.02167212963104248,,,,0,-11.304189683869481
2010-06-01,fold_2,Post-crash recovery,-0.0014303360367193818,-1,0.000489582889713347,1,-0.000489582889713347,0.021171927452087402,,,,0,-4.89582889713347
2010-06-02,fold_2,Post-crash recovery,-0.00030941737350076437,-1,-0.005683161783963442,-1,0.005683161783963442,0.026975393295288086,,,,1,56.83161783963442
2010-06-03,fold_2,Post-crash recovery,-0.0027833699714392424,-1,-0.01630449667572975,-1,0.01630449667572975,0.04371964931488037,,,,1,163.04496675729752
2010-06-04,fold_2,Post-crash recovery,-0.0077796452678740025,-1,-0.004018112551420927,-1,0.004018112551420927,0.047913432121276855,,,,1,40.18112551420927
2010-06-07,fold_2,Post-crash recovery,-0.0010992566822096705,-1,0.0041184090077877045,1,-0.0041184090077877045,0.04359769821166992,,,,0,-41.184090077877045
2010-06-08,fold_2,Post-crash recovery,-0.0005156539264135063,-1,0.0016669539036229253,1,-0.0016669539036229253,0.04185807704925537,,,,0,-16.669539036229253
2010-06-09,fold_2,Post-crash recovery,0.003852415829896927,1,0.00975992064923048,1,0.00975992064923048,0.05202651023864746,,,,1,97.5992064923048
2010-06-10,fold_2,Post-crash recovery,0.005556213669478893,1,0.00041180214611813426,1,0.00041180214611813426,0.052459716796875,,,,1,4.118021461181343
2010-06-11,fold_2,Post-crash recovery,-0.002928805071860552,-1,0.008589374832808971,1,-0.008589374832808971,0.043419718742370605,,,,0,-85.89374832808971
2010-06-14,fold_2,Post-crash recovery,0.005756964907050133,1,0.00826606061309576,1,0.00826606061309576,0.05204474925994873,,,,1,82.6606061309576
2010-06-15,fold_2,Post-crash recovery,0.005285585764795542,1,-0.0005786734400317073,-1,-0.0005786734400317073,0.05143594741821289,,,,0,-5.786734400317073
2010-06-16,fold_2,Post-crash recovery,-0.00013362368918024004,-1,0.005695778410881758,1,-0.005695778410881758,0.04544723033905029,,,,0,-56.95778410881758
2010-06-17,fold_2,Post-crash recovery,0.0043714321218431,1,0.000879864557646215,1,0.000879864557646215,0.04636704921722412,,,,1,8.79864557646215
2010-06-18,fold_2,Post-crash recovery,-0.000556746032088995,-1,-0.006207311991602182,-1,0.006207311991602182,0.05286216735839844,,,,1,62.073119916021824
2010-06-21,fold_2,Post-crash recovery,-0.003060385584831238,-1,-0.0033265468664467335,-1,0.0033265468664467335,0.05636453628540039,,,,1,33.265468664467335
2010-06-22,fold_2,Post-crash recovery,-0.0016310301143676043,-1,0.003584904596209526,1,-0.003584904596209526,0.05257749557495117,,,,0,-35.84904596209526
2010-06-23,fold_2,Post-crash recovery,0.003748539602383971,1,0.0014927452430129051,1,0.0014927452430129051,0.05414867401123047,,,,1,14.927452430129051
2010-06-24,fold_2,Post-crash recovery,0.00010760924487840384,1,0.002882967470213771,1,0.002882967470213771,0.057187795639038086,,,,1,28.82967470213771
2010-06-25,fold_2,Post-crash recovery,0.00469236308708787,1,-0.007759139873087406,-1,-0.007759139873087406,0.04898488521575928,,,,0,-77.59139873087406
2010-06-28,fold_2,Post-crash recovery,-0.0029432205483317375,-1,-0.007384906057268381,-1,0.007384906057268381,0.056731581687927246,,,,1,73.84906057268381
2010-06-29,fold_2,Post-crash recovery,-0.002780386246740818,-1,0.003583511570468545,1,-0.003583511570468545,0.05294477939605713,,,,0,-35.83511570468545
2013-01-18,fold_3,Eurozone debt plateau,-0.004136273637413979,-1,-0.00392940966412425,-1,0.00392940966412425,0.0039293766021728516,,,,1,39.294096641242504
2013-01-22,fold_3,Eurozone debt plateau,0.0025057608727365732,1,0.00018636102322489023,1,0.00018636102322489023,0.004116415977478027,,,,1,1.8636102322489023
2013-01-23,fold_3,Eurozone debt plateau,-0.00022192033065948635,-1,-0.0004125860577914864,-1,0.0004125860577914864,0.004530668258666992,,,,1,4.125860577914864
2013-01-24,fold_3,Eurozone debt plateau,-0.00016371210222132504,-1,0.004572297912091017,1,-0.004572297912091017,-6.23464584350586e-05,,,,0,-45.72297912091017
2013-01-25,fold_3,Eurozone debt plateau,0.0023617115803062916,1,0.007231287192553282,1,0.007231287192553282,0.007168412208557129,,,,1,72.31287192553282
2013-01-28,fold_3,Eurozone debt plateau,-0.0006417726981453598,-1,-0.0014656366547569633,-1,0.0014656366547569633,0.008644580841064453,,,,1,14.656366547569633
2013-01-29,fold_3,Eurozone debt plateau,0.0027236028108745813,1,0.003372915554791689,1,0.003372915554791689,0.0120466947555542,,,,1,33.72915554791689
2013-01-30,fold_3,Eurozone debt plateau,0.002834298647940159,1,0.005685125477612019,1,0.005685125477612019,0.017800331115722656,,,,1,56.851254776120186
2013-01-31,fold_3,Eurozone debt plateau,0.0009092412074096501,1,0.003144102171063423,1,0.003144102171063423,0.021000385284423828,,,,1,31.44102171063423
2013-02-01,fold_3,Eurozone debt plateau,0.0011062136618420482,1,0.0027706902474164963,1,0.0027706902474164963,0.023829221725463867,,,,1,27.706902474164963
2013-02-04,fold_3,Eurozone debt plateau,-0.0047731478698551655,-1,-0.01003915723413229,-1,0.01003915723413229,0.03410768508911133,,,,1,100.3915723413229
2013-02-05,fold_3,Eurozone debt plateau,0.0012164494255557656,1,0.005160914734005928,1,0.005160914734005928,0.039444684982299805,,,,1,51.60914734005928
2013-02-06,fold_3,Eurozone debt plateau,-0.003180272877216339,-1,-0.004232979379594326,-1,0.004232979379594326,0.04384469985961914,,,,1,42.32979379594326
2013-02-07,fold_3,Eurozone debt plateau,-0.005368102341890335,-1,-0.009948350489139557,-1,0.009948350489139557,0.0542292594909668,,,,1,99.48350489139557
2013-02-08,fold_3,Eurozone debt plateau,-1.1680052921292372e-05,-1,-0.0015773915220052004,-1,0.0015773915220052004,0.055892229080200195,,,,1,15.773915220052004
2013-02-12,fold_3,Eurozone debt plateau,0.002652824856340885,1,0.0036186398938298225,1,0.0036186398938298225,0.059713125228881836,,,,1,36.186398938298225
2013-02-13,fold_3,Eurozone debt plateau,0.0008194091496989131,1,-0.0005645840428769588,-1,-0.0005645840428769588,0.059114813804626465,,,,0,-5.6458404287695885
2013-02-14,fold_3,Eurozone debt plateau,-0.00381492730230093,-1,-0.00681004673242569,-1,0.00681004673242569,0.06632745265960693,,,,1,68.1004673242569
2013-02-15,fold_3,Eurozone debt plateau,-0.0005523111904039979,-1,-0.0006672476301901042,-1,0.0006672476301901042,0.067038893699646,,,,1,6.6724763019010425
2013-02-19,fold_3,Eurozone debt plateau,0.0018717702478170395,1,0.003643653355538845,1,0.003643653355538845,0.07092678546905518,,,,1,36.43653355538845
2013-02-20,fold_3,Eurozone debt plateau,-0.005040546413511038,-1,-0.009158467873930931,-1,0.009158467873930931,0.08073484897613525,,,,1,91.58467873930931
2013-02-21,fold_3,Eurozone debt plateau,-0.004035289864987135,-1,-0.005937489680945873,-1,0.005937489680945873,0.08715164661407471,,,,1,59.37489680945873
2013-02-22,fold_3,Eurozone debt plateau,0.00019844691269099712,1,0.00011880857346113771,1,0.00011880857346113771,0.08728086948394775,,,,1,1.1880857346113771
2013-02-25,fold_3,Eurozone debt plateau,-0.0019611536990851164,-1,-0.009916401468217373,-1,0.009916401468217373,0.09806275367736816,,,,1,99.16401468217373
2013-02-26,fold_3,Eurozone debt plateau,-0.0015769099118188024,-1,6.532984116347507e-05,1,-6.532984116347507e-05,0.0979909896850586,,,,0,-0.6532984116347507
2013-02-27,fold_3,Eurozone debt plateau,0.0033430869225412607,1,0.006509747821837664,1,0.006509747821837664,0.10513865947723389,,,,1,65.09747821837664
2013-02-28,fold_3,Eurozone debt plateau,-0.003916304558515549,-1,-0.006921785417944193,-1,0.006921785417944193,0.11278820037841797,,,,1,69.21785417944193
2013-03-01,fold_3,Eurozone debt plateau,-0.0034281606785953045,-1,-0.003293330315500498,-1,0.003293330315500498,0.11645293235778809,,,,1,32.93330315500498
2013-03-04,fold_3,Eurozone debt plateau,0.0015274066245183349,1,0.0014731583651155233,1,0.0014731583651155233,0.11809766292572021,,,,1,14.731583651155233
2013-03-05,fold_3,Eurozone debt plateau,0.0018082528840750456,1,0.0009524957276880741,1,0.0009524957276880741,0.1191626787185669,,,,1,9.524957276880741
2013-03-06,fold_3,Eurozone debt plateau,-0.0037842446472495794,-1,-0.0053601814433932304,-1,0.0053601814433932304,0.1251615285873413,,,,1,53.601814433932304
2013-03-07,fold_3,Eurozone debt plateau,0.004725122358649969,1,0.010226847603917122,1,0.010226847603917122,0.13666832447052002,,,,1,102.26847603917122
2013-03-08,fold_3,Eurozone debt plateau,-0.006241105496883392,-1,-0.009403315372765064,-1,0.009403315372765064,0.14735686779022217,,,,1,94.03315372765064
2013-03-11,fold_3,Eurozone debt plateau,0.0015688597923144698,1,0.0034406150225549936,1,0.0034406150225549936,0.1513044834136963,,,,1,34.406150225549936
2013-03-12,fold_3,Eurozone debt plateau,-0.0003229310968890786,-1,-0.0002605045447126031,-1,0.0002605045447126031,0.15160441398620605,,,,1,2.605045447126031
2013-03-13,fold_3,Eurozone debt plateau,-0.0033878451213240623,-1,-0.005442651454359293,-1,0.005442651454359293,0.15787220001220703,,,,1,54.42651454359293
2013-03-14,fold_3,Eurozone debt plateau,0.0030591462273150682,1,0.004164100158959627,1,0.004164100158959627,0.16269373893737793,,,,1,41.64100158959627
2013-03-15,fold_3,Eurozone debt plateau,0.003578481264412403,1,-0.009192564524710178,-1,-0.009192564524710178,0.15200555324554443,,,,0,-91.92564524710178
2013-03-18,fold_3,Eurozone debt plateau,-0.004237721208482981,-1,0.004051790572702885,1,-0.004051790572702885,0.14733779430389404,,,,0,-40.51790572702885
2013-03-19,fold_3,Eurozone debt plateau,-0.0032907980494201183,-1,-0.006264734081923962,-1,0.006264734081923962,0.1545255184173584,,,,1,62.647340819239616
2013-03-21,fold_3,Eurozone debt plateau,-0.0005576765979640186,-1,-0.002839107299223542,-1,0.002839107299223542,0.15780329704284668,,,,1,28.391072992235422
2013-03-22,fold_3,Eurozone debt plateau,0.003185425652191043,1,0.0092341098934412,1,0.0092341098934412,0.1684945821762085,,,,1,92.341098934412
2013-03-25,fold_3,Eurozone debt plateau,-0.005064330063760281,-1,-0.012717006728053093,-1,0.012717006728053093,0.18335437774658203,,,,1,127.17006728053093
2013-03-26,fold_3,Eurozone debt plateau,0.0003284699050709605,1,0.00012858747504651546,1,0.00012858747504651546,0.18350660800933838,,,,1,1.2858747504651546
2013-03-27,fold_3,Eurozone debt plateau,-0.003791196271777153,-1,-0.0063889650627970695,-1,0.0063889650627970695,0.19106805324554443,,,,1,63.889650627970695
2013-03-28,fold_3,Eurozone debt plateau,0.002836734289303422,1,0.002973254071548581,1,0.002973254071548581,0.19460928440093994,,,,1,29.73254071548581
2013-04-01,fold_3,Eurozone debt plateau,0.0025717876851558685,1,0.0034695772919803858,1,0.0034695772919803858,0.19875407218933105,,,,1,34.69577291980386
2013-04-02,fold_3,Eurozone debt plateau,-0.002266623079776764,-1,-0.0023077132645994425,-1,0.0023077132645994425,0.20152056217193604,,,,1,23.077132645994425
2013-04-03,fold_3,Eurozone debt plateau,0.00233331392519176,1,0.002313051139935851,1,0.002313051139935851,0.2042996883392334,,,,1,23.13051139935851
2013-04-04,fold_3,Eurozone debt plateau,0.0004246491298545152,1,0.006076161749660969,1,0.006076161749660969,0.21161723136901855,,,,1,60.76161749660969
2013-04-05,fold_3,Eurozone debt plateau,0.0010541375959292054,1,0.004937021527439356,1,0.004937021527439356,0.2175990343093872,,,,1,49.37021527439356
2013-04-08,fold_3,Eurozone debt plateau,-0.005845631007105112,-1,0.0028665303252637386,1,-0.0028665303252637386,0.21410882472991943,,,,0,-28.665303252637386
2013-04-09,fold_3,Eurozone debt plateau,0.002552428748458624,1,0.003910965286195278,1,0.003910965286195278,0.21885716915130615,,,,1,39.10965286195278
2013-04-10,fold_3,Eurozone debt plateau,-0.00437868433073163,-1,-0.0019061239436268806,-1,0.0019061239436268806,0.22118055820465088,,,,1,19.061239436268806
2013-04-11,fold_3,Eurozone debt plateau,0.0007936641341075301,1,0.00455083604902029,1,0.00455083604902029,0.22673797607421875,,,,1,45.508360490202904
2013-04-12,fold_3,Eurozone debt plateau,-0.0008840964292176068,-1,-0.001178935170173645,-1,0.001178935170173645,0.22818422317504883,,,,1,11.78935170173645
2013-04-15,fold_3,Eurozone debt plateau,-0.0015048137865960598,-1,-0.0034072035923600197,-1,0.0034072035923600197,0.23236894607543945,,,,1,34.0720359236002
2013-04-16,fold_3,Eurozone debt plateau,0.006785962730646133,1,0.009501743130385876,1,0.009501743130385876,0.24407851696014404,,,,1,95.01743130385876
2013-04-17,fold_3,Eurozone debt plateau,-0.007234883960336447,-1,-0.010910171084105968,-1,0.010910171084105968,0.25765156745910645,,,,1,109.10171084105968
2013-04-18,fold_3,Eurozone debt plateau,0.0005680541507899761,1,0.0013966822298243642,1,0.0013966822298243642,0.2594081163406372,,,,1,13.966822298243642
2013-04-19,fold_3,Eurozone debt plateau,-0.001417452353052795,-1,0.0001958034554263577,1,-0.0001958034554263577,0.25916147232055664,,,,0,-1.9580345542635769
2013-04-22,fold_3,Eurozone debt plateau,0.0025216995272785425,1,0.0004571809549815953,1,0.0004571809549815953,0.25973713397979736,,,,1,4.571809549815953
2013-04-23,fold_3,Eurozone debt plateau,-0.0009138890309259295,-1,-0.005145795177668333,-1,0.005145795177668333,0.26621949672698975,,,,1,51.45795177668333
2013-04-24,fold_3,Eurozone debt plateau,0.00389003730379045,1,0.0017703734338283539,1,0.0017703734338283539,0.2684612274169922,,,,1,17.70373433828354
2013-04-25,fold_3,Eurozone debt plateau,0.0036858455277979374,1,-0.0007805071654729545,-1,-0.0007805071654729545,0.26747119426727295,,,,0,-7.805071654729545
2013-04-26,fold_3,Eurozone debt plateau,0.003021715907379985,1,0.0027129673399031162,1,0.0027129673399031162,0.27090978622436523,,,,1,27.129673399031162
2013-04-30,fold_3,Eurozone debt plateau,0.004797099623829126,1,0.005530692171305418,1,0.005530692171305418,0.2779388427734375,,,,1,55.30692171305418
2013-05-01,fold_3,Eurozone debt plateau,0.0006324996938928962,1,0.0010545552941039205,1,0.0010545552941039205,0.2792865037918091,,,,1,10.545552941039205
2013-05-02,fold_3,Eurozone debt plateau,-0.005340119358152151,-1,-0.00888423714786768,-1,0.00888423714786768,0.29065191745758057,,,,1,88.8423714786768
2013-05-07,fold_3,Eurozone debt plateau,0.0007156725041568279,1,0.0005231635295785964,1,0.0005231635295785964,0.29132723808288574,,,,1,5.2316352957859635
2013-05-08,fold_3,Eurozone debt plateau,0.004576447419822216,1,0.00644897622987628,1,0.00644897622987628,0.2996549606323242,,,,1,64.4897622987628
2013-05-09,fold_3,Eurozone debt plateau,-0.006636093836277723,-1,-0.009645446203649044,-1,0.009645446203649044,0.3121907711029053,,,,1,96.45446203649044
2013-05-10,fold_3,Eurozone debt plateau,-0.0038014475721865892,-1,-0.005302789621055126,-1,0.005302789621055126,0.3191490173339844,,,,1,53.02789621055126
2013-05-13,fold_3,Eurozone debt plateau,-0.0009417863329872489,-1,0.0017533899517729878,1,-0.0017533899517729878,0.31683599948883057,,,,0,-17.53389951772988
2013-05-14,fold_3,Eurozone debt plateau,-0.00315079465508461,-1,-0.003920002840459347,-1,0.003920002840459347,0.3219980001449585,,,,1,39.20002840459347
2013-05-15,fold_3,Eurozone debt plateau,-0.0030572402756661177,-1,-0.004225410986691713,-1,0.004225410986691713,0.327583909034729,,,,1,42.25410986691713
2013-05-16,fold_3,Eurozone debt plateau,0.0008146360632963479,1,6.449774082284421e-05,1,6.449774082284421e-05,0.32766950130462646,,,,1,0.6449774082284421
2013-05-17,fold_3,Eurozone debt plateau,-0.0046868715435266495,-1,-0.003696675878018141,-1,0.003696675878018141,0.3325774669647217,,,,1,36.96675878018141
2013-05-20,fold_3,Eurozone debt plateau,0.004791788756847382,1,0.004318435210734606,1,0.004318435210734606,0.3383321762084961,,,,1,43.18435210734606
2013-05-21,fold_3,Eurozone debt plateau,-0.000684882455971092,-1,0.002170462626963854,1,-0.002170462626963854,0.3354274034500122,,,,0,-21.70462626963854
2013-05-22,fold_3,Eurozone debt plateau,-0.004294566810131073,-1,-0.005958682391792536,-1,0.005958682391792536,0.3433847427368164,,,,1,59.58682391792536
2013-05-23,fold_3,Eurozone debt plateau,0.004724802449345589,1,0.006462528370320797,1,0.006462528370320797,0.3520665168762207,,,,1,64.62528370320797
2013-05-24,fold_3,Eurozone debt plateau,0.0011876593343913555,1,0.0009831828065216541,1,0.0009831828065216541,0.353395938873291,,,,1,9.831828065216541
2013-05-28,fold_3,Eurozone debt plateau,-0.00437855115160346,-1,-0.006770005449652672,-1,0.006770005449652672,0.3625584840774536,,,,1,67.70005449652672
2013-05-29,fold_3,Eurozone debt plateau,0.005166911520063877,1,0.007898152805864811,1,0.007898152805864811,0.37332022190093994,,,,1,78.98152805864811
2013-05-30,fold_3,Eurozone debt plateau,0.006420518737286329,1,0.007421950809657574,1,0.007421950809657574,0.3835129737854004,,,,1,74.21950809657574
2013-05-31,fold_3,Eurozone debt plateau,-0.004318466410040855,-1,-0.0036389913875609636,-1,0.0036389913875609636,0.38854753971099854,,,,1,36.389913875609636
2013-06-03,fold_3,Eurozone debt plateau,0.007126585580408573,1,0.005882744211703539,1,0.005882744211703539,0.39671599864959717,,,,1,58.82744211703539
2013-06-04,fold_3,Eurozone debt plateau,-0.0009322875994257629,-1,3.9302009099628776e-05,1,-3.9302009099628776e-05,0.3966611623764038,,,,0,-0.39302009099628776
2013-06-05,fold_3,Eurozone debt plateau,0.0019124099053442478,1,0.0015187669778242707,1,0.0015187669778242707,0.39878225326538086,,,,1,15.187669778242707
2013-06-06,fold_3,Eurozone debt plateau,0.00751679390668869,1,0.011629591695964336,1,0.011629591695964336,0.41504955291748047,,,,1,116.29591695964336
2013-06-07,fold_3,Eurozone debt plateau,-0.0018248383421450853,-1,-0.0016265598824247718,-1,0.0016265598824247718,0.41735124588012695,,,,1,16.265598824247718
2013-06-10,fold_3,Eurozone debt plateau,0.0007828442030586302,1,0.0,1,0.0,0.41735124588012695,,,,0,0.0
2013-06-11,fold_3,Eurozone debt plateau,0.005703555420041084,1,0.0,1,0.0,0.41735124588012695,,,,0,0.0
2013-06-12,fold_3,Eurozone debt plateau,0.001484312117099762,1,0.008737497963011265,1,0.008737497963011265,0.42973530292510986,,,,1,87.37497963011265
2013-06-13,fold_3,Eurozone debt plateau,0.005153523292392492,1,0.002125462982803583,1,0.002125462982803583,0.4327741861343384,,,,1,21.25462982803583
2013-06-14,fold_3,Eurozone debt plateau,-0.0008562550065107644,-1,-0.0014417035272344947,-1,0.0014417035272344947,0.4348398447036743,,,,1,14.417035272344947
2013-06-17,fold_3,Eurozone debt plateau,0.001329217804595828,1,0.001082459231838584,1,0.001082459231838584,0.4363929033279419,,,,1,10.82459231838584
2013-06-18,fold_3,Eurozone debt plateau,-0.0006227203411981463,-1,0.0020085156429558992,1,-0.0020085156429558992,0.43350791931152344,,,,0,-20.085156429558992
2013-06-19,fold_3,Eurozone debt plateau,-0.0066805132664740086,-1,-0.007323887664824724,-1,0.007323887664824724,0.44400668144226074,,,,1,73.23887664824724
2013-06-20,fold_3,Eurozone debt plateau,-0.0049443854950368404,-1,-0.004235328175127506,-1,0.004235328175127506,0.450122594833374,,,,1,42.35328175127506
2013-06-21,fold_3,Eurozone debt plateau,-0.004859500098973513,-1,-0.009842113591730595,-1,0.009842113591730595,0.4643949270248413,,,,1,98.42113591730595
2013-06-24,fold_3,Eurozone debt plateau,-0.0031520812772214413,-1,0.002061850391328335,1,-0.002061850391328335,0.4613755941390991,,,,0,-20.618503913283348
2013-06-25,fold_3,Eurozone debt plateau,-0.001188370632007718,-1,-0.004002472851425409,-1,0.004002472851425409,0.46722471714019775,,,,1,40.02472851425409
2013-06-26,fold_3,Eurozone debt plateau,-0.004258292261511087,-1,-0.00507523724809289,-1,0.00507523724809289,0.47467124462127686,,,,1,50.7523724809289
2013-06-27,fold_3,Eurozone debt plateau,0.0006766873993910849,1,0.0017338114557787776,1,0.0017338114557787776,0.477228045463562,,,,1,17.338114557787776
2015-04-15,fold_4,Strong USD downturn,0.0035686329938471317,1,0.0027866659220308065,1,0.0027866659220308065,0.0027866363525390625,,,,1,27.866659220308065
2015-04-16,fold_4,Strong USD downturn,0.007489624433219433,1,0.007378339767456055,1,0.007378339767456055,0.010185480117797852,,,,1,73.78339767456055
2015-04-17,fold_4,Strong USD downturn,-0.0013501583598554134,-1,0.0050807795487344265,1,-0.0050807795487344265,0.005052924156188965,,,,0,-50.807795487344265
2015-04-20,fold_4,Strong USD downturn,-0.004136866424232721,-1,-0.005803639534860849,-1,0.005803639534860849,0.010885834693908691,,,,1,58.036395348608494
2015-04-21,fold_4,Strong USD downturn,-0.00024293856404256076,-1,-0.0005370663129724562,-1,0.0005370663129724562,0.01142871379852295,,,,1,5.370663129724562
2015-04-22,fold_4,Strong USD downturn,-0.0004622243286576122,-1,-0.0014802230289205909,-1,0.0014802230289205909,0.012925863265991211,,,,1,14.802230289205909
2015-04-23,fold_4,Strong USD downturn,0.006900074426084757,1,0.008316786028444767,1,0.008316786028444767,0.02135014533996582,,,,1,83.16786028444767
2015-04-24,fold_4,Strong USD downturn,0.002950700232759118,1,0.004988814238458872,1,0.004988814238458872,0.026445388793945312,,,,1,49.88814238458872
2015-04-27,fold_4,Strong USD downturn,0.0011503018904477358,1,0.0008267566445283592,1,0.0008267566445283592,0.027293920516967773,,,,1,8.267566445283592
2015-04-28,fold_4,Strong USD downturn,0.0062616062350571156,1,0.0083804065361619,1,0.0083804065361619,0.035903096199035645,,,,1,83.804065361619
2015-04-30,fold_4,Strong USD downturn,0.004534399136900902,1,0.009027745574712753,1,0.009027745574712753,0.04525494575500488,,,,1,90.27745574712753
2015-05-01,fold_4,Strong USD downturn,-0.005415756721049547,-1,-0.002561562927439809,-1,0.002561562927439809,0.04793238639831543,,,,1,25.61562927439809
2015-05-07,fold_4,Strong USD downturn,-0.0066099753603339195,-1,-0.008334004320204258,-1,0.008334004320204258,0.056665897369384766,,,,1,83.34004320204258
2015-05-08,fold_4,Strong USD downturn,-0.0010234731016680598,-1,-0.004701511934399605,-1,0.004701511934399605,0.06163382530212402,,,,1,47.01511934399605
2015-05-11,fold_4,Strong USD downturn,-0.002122699050232768,-1,-0.0044355494901537895,-1,0.0044355494901537895,0.06634271144866943,,,,1,44.355494901537895
2015-05-12,fold_4,Strong USD downturn,0.004922789987176657,1,0.006912466138601303,1,0.006912466138601303,0.07371377944946289,,,,1,69.12466138601303
2015-05-13,fold_4,Strong USD downturn,0.007431972771883011,1,0.011498061008751392,1,0.011498061008751392,0.08605945110321045,,,,1,114.98061008751392
2015-05-14,fold_4,Strong USD downturn,0.002634598407894373,1,0.0048014628700912,1,0.0048014628700912,0.09127414226531982,,,,1,48.014628700912
2015-05-15,fold_4,Strong USD downturn,0.002474682405591011,1,0.0035136754158884287,1,0.0035136754158884287,0.0951085090637207,,,,1,35.13675415888429
2015-05-18,fold_4,Strong USD downturn,-0.0068398937582969666,-1,-0.010386107489466667,-1,0.010386107489466667,0.10648238658905029,,,,1,103.86107489466667
2015-05-19,fold_4,Strong USD downturn,-0.008493689820170403,-1,-0.015850599855184555,-1,0.015850599855184555,0.12402069568634033,,,,1,158.50599855184555
2015-05-20,fold_4,Strong USD downturn,-0.0013918883632868528,-1,-0.004118285607546568,-1,0.004118285607546568,0.12864983081817627,,,,1,41.18285607546568
2015-05-21,fold_4,Strong USD downturn,0.002234927611425519,1,0.001000001560896635,1,0.001000001560896635,0.12977850437164307,,,,1,10.00001560896635
2015-05-22,fold_4,Strong USD downturn,-0.007200260180979967,-1,-0.010696151293814182,-1,0.010696151293814182,0.1418628692626953,,,,1,106.96151293814182
2015-05-26,fold_4,Strong USD downturn,-0.006754565518349409,-1,-0.007502323482185602,-1,0.007502323482185602,0.15042948722839355,,,,1,75.02323482185602
2015-05-27,fold_4,Strong USD downturn,-0.00038314651465043426,-1,0.0010246067540720105,1,-0.0010246067540720105,0.14925074577331543,,,,0,-10.246067540720105
2015-05-28,fold_4,Strong USD downturn,0.003325883997604251,1,0.005534912459552288,1,0.005534912459552288,0.15561175346374512,,,,1,55.34912459552288
2015-05-29,fold_4,Strong USD downturn,0.0004713574599009007,1,-0.0002191598032368347,-1,-0.0002191598032368347,0.1553584337234497,,,,0,-2.191598032368347
2015-06-01,fold_4,Strong USD downturn,-0.0038977463264018297,-1,-0.0031894471030682325,-1,0.0031894471030682325,0.15904343128204346,,,,1,31.894471030682325
2015-06-02,fold_4,Strong USD downturn,0.009127880446612835,1,0.020783551037311554,1,0.020783551037311554,0.18313241004943848,,,,1,207.83551037311554
2015-06-03,fold_4,Strong USD downturn,0.0017676244024187326,1,0.009670482017099857,1,0.009670482017099857,0.19457387924194336,,,,1,96.70482017099857
2015-06-04,fold_4,Strong USD downturn,-0.0005968853365629911,-1,-0.004438275005668402,-1,0.004438275005668402,0.19987571239471436,,,,1,44.38275005668402
2015-06-05,fold_4,Strong USD downturn,-0.007928956300020218,-1,-0.008897615596652031,-1,0.008897615596652031,0.21055185794830322,,,,1,88.97615596652031
2015-06-08,fold_4,Strong USD downturn,0.007311005145311356,1,0.015556452795863152,1,0.015556452795863152,0.2293837070465088,,,,1,155.56452795863152
2015-06-09,fold_4,Strong USD downturn,0.0007779895677231252,1,0.0016044342191889882,1,0.0016044342191889882,0.23135614395141602,,,,1,16.044342191889882
2015-06-10,fold_4,Strong USD downturn,0.005007270257920027,1,0.0011425005504861474,1,0.0011425005504861474,0.23276293277740479,,,,1,11.425005504861474
2015-06-11,fold_4,Strong USD downturn,-0.0035577293019741774,-1,-0.006306036841124296,-1,0.006306036841124296,0.24053680896759033,,,,1,63.06036841124296
2015-06-12,fold_4,Strong USD downturn,6.117959856055677e-05,1,-0.0018400050466880202,-1,-0.0018400050466880202,0.23825418949127197,,,,0,-18.400050466880202
2015-06-15,fold_4,Strong USD downturn,0.0014716248260810971,1,0.005085863173007965,1,0.005085863173007965,0.24455177783966064,,,,1,50.85863173007965
2015-06-16,fold_4,Strong USD downturn,-0.0012154266005381942,-1,-0.0031028008088469505,-1,0.0031028008088469505,0.2484133243560791,,,,1,31.028008088469505
2015-06-17,fold_4,Strong USD downturn,0.005997454281896353,1,0.011381383053958416,1,0.011381383053958416,0.26262199878692627,,,,1,113.81383053958416
2015-06-18,fold_4,Strong USD downturn,0.0022206881549209356,1,6.814974767621607e-05,1,6.814974767621607e-05,0.26270806789398193,,,,1,0.6814974767621607
2015-06-19,fold_4,Strong USD downturn,-0.0008896216750144958,-1,0.0001934272440848872,1,-0.0001934272440848872,0.2624638080596924,,,,0,-1.934272440848872
2015-06-22,fold_4,Strong USD downturn,-0.002279519336298108,-1,-0.0020996162202209234,-1,0.0020996162202209234,0.26511454582214355,,,,1,20.996162202209234
2015-06-23,fold_4,Strong USD downturn,-0.009275692515075207,-1,-0.01558514405041933,-1,0.01558514405041933,0.2848316431045532,,,,1,155.8514405041933
2015-06-24,fold_4,Strong USD downturn,0.0018734316108748317,1,0.0031154805328696966,1,0.0031154805328696966,0.2888345718383789,,,,1,31.154805328696966
2015-06-25,fold_4,Strong USD downturn,0.0006875113467685878,1,-0.0003584684163797647,-1,-0.0003584684163797647,0.2883725166320801,,,,0,-3.5846841637976468
2015-06-26,fold_4,Strong USD downturn,-0.0030273916199803352,-1,-0.02034766413271427,-1,0.02034766413271427,0.31458795070648193,,,,1,203.47664132714272
2015-06-29,fold_4,Strong USD downturn,0.007757139857858419,1,0.02259182743728161,1,0.02259182743728161,0.3442869186401367,,,,1,225.9182743728161
2015-06-30,fold_4,Strong USD downturn,-0.006651515141129494,-1,-0.007839072495698929,-1,0.007839072495698929,0.35482490062713623,,,,1,78.39072495698929
2015-07-01,fold_4,Strong USD downturn,-0.005132731981575489,-1,-0.009102738462388515,-1,0.009102738462388515,0.3671574592590332,,,,1,91.02738462388515
2015-07-02,fold_4,Strong USD downturn,0.0021689720451831818,1,0.004833896644413471,1,0.004833896644413471,0.3737661838531494,,,,1,48.33896644413471
2015-07-06,fold_4,Strong USD downturn,-0.0008155402611009777,-1,0.00490582687780261,1,-0.00490582687780261,0.367026686668396,,,,0,-49.058268778026104
2015-07-07,fold_4,Strong USD downturn,-0.00515845837071538,-1,-0.003534203628078103,-1,0.003534203628078103,0.37185800075531006,,,,1,35.34203628078103
2015-07-08,fold_4,Strong USD downturn,0.004789247643202543,1,0.005546563304960728,1,0.005546563304960728,0.3794671297073364,,,,1,55.46563304960728
2015-07-09,fold_4,Strong USD downturn,-0.0032611859496682882,-1,-0.0007190668839029968,-1,0.0007190668839029968,0.3804590702056885,,,,1,7.190668839029968
2015-07-10,fold_4,Strong USD downturn,0.005578054580837488,1,0.005965179298073053,1,0.005965179298073053,0.38869380950927734,,,,1,59.651792980730534
2015-07-13,fold_4,Strong USD downturn,-0.007648194208741188,-1,-0.012452283874154091,-1,0.012452283874154091,0.4059861898422241,,,,1,124.52283874154091
2015-07-14,fold_4,Strong USD downturn,0.0025306283496320248,1,0.0015961879398673773,1,0.0015961879398673773,0.40823042392730713,,,,1,15.961879398673773
2015-07-15,fold_4,Strong USD downturn,-0.0040536923334002495,-1,-0.005854768678545952,-1,0.005854768678545952,0.41647517681121826,,,,1,58.54768678545952
2015-07-16,fold_4,Strong USD downturn,-0.00407785689458251,-1,-0.005257993470877409,-1,0.005257993470877409,0.42392289638519287,,,,1,52.57993470877409
2015-07-17,fold_4,Strong USD downturn,-0.0011593000963330269,-1,-0.005122730508446693,-1,0.005122730508446693,0.4312173128128052,,,,1,51.227305084466934
2015-07-21,fold_4,Strong USD downturn,0.005511898547410965,1,0.00964904110878706,1,0.00964904110878706,0.445027232170105,,,,1,96.4904110878706
2015-07-22,fold_4,Strong USD downturn,-0.002780994400382042,-1,-0.0011801107320934534,-1,0.0011801107320934534,0.44673240184783936,,,,1,11.801107320934534
2015-07-23,fold_4,Strong USD downturn,0.003700725268572569,1,0.005670242477208376,1,0.005670242477208376,0.4549356698989868,,,,1,56.70242477208376
2015-07-24,fold_4,Strong USD downturn,-0.0009549319511279464,-1,-0.0015141702024266124,-1,0.0015141702024266124,0.4571387767791748,,,,1,15.141702024266124
2015-07-27,fold_4,Strong USD downturn,0.00612253462895751,1,0.010724127292633057,1,0.010724127292633057,0.4727652072906494,,,,1,107.24127292633057
2015-07-28,fold_4,Strong USD downturn,-0.002637653611600399,-1,-0.0021689776331186295,-1,0.0021689776331186295,0.4759596586227417,,,,1,21.689776331186295
2015-07-29,fold_4,Strong USD downturn,-0.000953323149587959,-1,-0.007403244264423847,-1,0.007403244264423847,0.4868866205215454,,,,1,74.03244264423847
2015-07-30,fold_4,Strong USD downturn,-0.003231993643566966,-1,-0.004080268554389477,-1,0.004080268554389477,0.4929535388946533,,,,1,40.80268554389477
2015-07-31,fold_4,Strong USD downturn,0.0020789962727576494,1,0.0027202083729207516,1,0.0027202083729207516,0.49701476097106934,,,,1,27.202083729207516
2015-08-03,fold_4,Strong USD downturn,-0.00045592011883854866,-1,-0.0011831811862066388,-1,0.0011831811862066388,0.49878597259521484,,,,1,11.831811862066388
2015-08-04,fold_4,Strong USD downturn,-0.0029044989496469498,-1,-0.006119636818766594,-1,0.006119636818766594,0.507957935333252,,,,1,61.19636818766594
2015-08-05,fold_4,Strong USD downturn,0.00031863446929492056,1,0.0012975219869986176,1,0.0012975219869986176,0.5099145174026489,,,,1,12.975219869986176
2015-08-06,fold_4,Strong USD downturn,0.0008141808211803436,1,0.0021963249891996384,1,0.0021963249891996384,0.5132308006286621,,,,1,21.963249891996384
2015-08-07,fold_4,Strong USD downturn,0.001960822381079197,1,0.0034758939873427153,1,0.0034758939873427153,0.5184906721115112,,,,1,34.75893987342715
2015-08-10,fold_4,Strong USD downturn,0.0022681572008877993,1,0.004737264011055231,1,0.004737264011055231,0.525684118270874,,,,1,47.37264011055231
2015-08-11,fold_4,Strong USD downturn,-0.0007546919514425099,-1,0.0022746871691197157,1,-0.0022746871691197157,0.5222136974334717,,,,0,-22.746871691197157
2015-08-12,fold_4,Strong USD downturn,0.006435071583837271,1,0.010770364664494991,1,0.010770364664494991,0.5386084318161011,,,,1,107.70364664494991
2015-08-13,fold_4,Strong USD downturn,-0.0011969462502747774,-1,0.0,1,-0.0,0.5386084318161011,,,,0,-0.0
2015-08-14,fold_4,Strong USD downturn,-0.00042717167525552213,-1,-0.0060900431126356125,-1,0.0060900431126356125,0.5479786396026611,,,,1,60.900431126356125
2015-08-17,fold_4,Strong USD downturn,-0.0016112562734633684,-1,-0.0013515696628019214,-1,0.0013515696628019214,0.5500708818435669,,,,1,13.515696628019214
2015-08-18,fold_4,Strong USD downturn,-0.0007791551179252565,-1,-0.004257874097675085,-1,0.004257874097675085,0.5566709041595459,,,,1,42.57874097675085
2015-08-19,fold_4,Strong USD downturn,0.003465993097051978,1,0.00790493655949831,1,0.00790493655949831,0.5689761638641357,,,,1,79.0493655949831
2015-08-20,fold_4,Strong USD downturn,0.0049093347042799,1,0.010697606019675732,1,0.010697606019675732,0.5857604742050171,,,,1,106.97606019675732
2015-08-21,fold_4,Strong USD downturn,0.005609416868537664,1,0.012457658536732197,1,0.012457658536732197,0.6055152416229248,,,,1,124.57658536732197
2015-08-24,fold_4,Strong USD downturn,0.0007886952953413129,1,0.018115969374775887,1,0.018115969374775887,0.6346007585525513,,,,1,181.15969374775887
2015-08-25,fold_4,Strong USD downturn,-0.0077778068371117115,-1,-0.00277227396145463,-1,0.00277227396145463,0.6391323804855347,,,,1,27.7227396145463
2015-08-26,fold_4,Strong USD downturn,-0.006521786563098431,-1,-0.018257446587085724,-1,0.018257446587085724,0.6690587997436523,,,,1,182.57446587085724
2015-08-27,fold_4,Strong USD downturn,-0.0051503307186067104,-1,-0.008121015504002571,-1,0.008121015504002571,0.6826132535934448,,,,1,81.21015504002571
2015-08-28,fold_4,Strong USD downturn,-0.004466749727725983,-1,-0.0030165945645421743,-1,0.0030165945645421743,0.6876890659332275,,,,1,30.165945645421743
2015-08-31,fold_4,Strong USD downturn,0.0012680601794272661,1,0.001055276719853282,1,0.001055276719853282,0.6894699335098267,,,,1,10.55276719853282
2015-09-01,fold_4,Strong USD downturn,0.0038887974806129932,1,0.006019366439431906,1,0.006019366439431906,0.6996394395828247,,,,1,60.19366439431906
2015-09-02,fold_4,Strong USD downturn,-0.00348904961720109,-1,-0.006853028200566769,-1,0.006853028200566769,0.7112870216369629,,,,1,68.53028200566769
2015-09-03,fold_4,Strong USD downturn,-0.0054106321185827255,-1,-0.008032885380089283,-1,0.008032885380089283,0.7250336408615112,,,,1,80.32885380089283
2015-09-04,fold_4,Strong USD downturn,0.0027215112932026386,1,0.002341874875128269,1,0.002341874875128269,0.7290734052658081,,,,1,23.418748751282692
2015-09-08,fold_4,Strong USD downturn,0.001845156541094184,1,0.0038888398557901382,1,0.0038888398557901382,0.7357975244522095,,,,1,38.88839855790138
2015-09-09,fold_4,Strong USD downturn,-0.0011859976220875978,-1,0.0011893943883478642,1,-0.0011893943883478642,0.7337329387664795,,,,0,-11.893943883478642
2015-09-10,fold_4,Strong USD downturn,0.004150453954935074,1,0.006255229003727436,1,0.006255229003727436,0.7445778846740723,,,,1,62.55229003727436
2015-09-11,fold_4,Strong USD downturn,0.0030928878113627434,1,0.004707816056907177,1,0.004707816056907177,0.7527910470962524,,,,1,47.07816056907177
2015-09-14,fold_4,Strong USD downturn,-0.0007317899144254625,-1,-0.003211408853530884,-1,0.003211408853530884,0.7584198713302612,,,,1,32.11408853530884
2015-09-15,fold_4,Strong USD downturn,-0.002420946955680847,-1,-0.0031674618367105722,-1,0.0031674618367105722,0.7639896869659424,,,,1,31.674618367105722
2015-09-16,fold_4,Strong USD downturn,0.0016600079834461212,1,0.0017954690847545862,1,0.0017954690847545862,0.767156720161438,,,,1,17.954690847545862
2015-09-17,fold_4,Strong USD downturn,0.005473836325109005,1,0.00964523945003748,1,0.00964523945003748,0.7842013835906982,,,,1,96.4523945003748
2015-09-18,fold_4,Strong USD downturn,-0.0032868427224457264,-1,-0.009553097188472748,-1,0.009553097188472748,0.8012460470199585,,,,1,95.53097188472748
2015-09-24,fold_4,Strong USD downturn,0.0009237444028258324,1,-0.0009837218094617128,-1,-0.0009837218094617128,0.7994741201400757,,,,0,-9.837218094617128
2015-09-25,fold_4,Strong USD downturn,-0.0023975621443241835,-1,0.0020386953838169575,1,-0.0020386953838169575,0.7958054542541504,,,,0,-20.386953838169575
2015-09-28,fold_4,Strong USD downturn,0.0014696619473397732,1,0.0026168806944042444,1,0.0026168806944042444,0.8005049228668213,,,,1,26.168806944042444
2015-09-29,fold_4,Strong USD downturn,0.0010838817106559873,1,0.002217428293079138,1,0.002217428293079138,0.8044973611831665,,,,1,22.174282930791378
2015-09-30,fold_4,Strong USD downturn,-0.003160579362884164,-1,-0.007451786659657955,-1,0.007451786659657955,0.8179440498352051,,,,1,74.51786659657955
2015-10-01,fold_4,Strong USD downturn,0.0017608350608497858,1,0.0019140391377732158,1,0.0019140391377732158,0.8214236497879028,,,,1,19.140391377732158
2015-10-02,fold_4,Strong USD downturn,0.0032108433078974485,1,0.002997632836923003,1,0.002997632836923003,0.8268836736679077,,,,1,29.976328369230032
2015-10-05,fold_4,Strong USD downturn,-0.002672017551958561,-1,-0.0028323756996542215,-1,0.0028323756996542215,0.8320581912994385,,,,1,28.323756996542215
2015-10-06,fold_4,Strong USD downturn,0.004803390242159367,1,0.006501608993858099,1,0.006501608993858099,0.843969464302063,,,,1,65.01608993858099
2015-10-07,fold_4,Strong USD downturn,-0.0003964442585129291,-1,-0.0024840589612722397,-1,0.0024840589612722397,0.8485500812530518,,,,1,24.840589612722397
2015-10-08,fold_4,Strong USD downturn,0.0016192466719076037,1,0.004176144953817129,1,0.004176144953817129,0.8562698364257812,,,,1,41.76144953817129
2015-10-09,fold_4,Strong USD downturn,0.0035383696667850018,1,0.007356438785791397,1,0.007356438785791397,0.8699252605438232,,,,1,73.56438785791397
2015-10-13,fold_4,Strong USD downturn,0.0007508743437938392,1,0.0025958227925002575,1,0.0025958227925002575,0.874779224395752,,,,1,25.958227925002575
2015-10-14,fold_4,Strong USD downturn,0.005433319602161646,1,0.007952532730996609,1,0.007952532730996609,0.8896884918212891,,,,1,79.52532730996609
2015-10-15,fold_4,Strong USD downturn,-0.00392487645149231,-1,-0.009355970658361912,-1,0.009355970658361912,0.9073684215545654,,,,1,93.55970658361912
2015-10-16,fold_4,Strong USD downturn,-0.0009102403419092298,-1,-0.0006248753634281456,-1,0.0006248753634281456,0.9085602760314941,,,,1,6.2487536342814565
2015-10-19,fold_4,Strong USD downturn,-0.0035209888592362404,-1,-0.002820884808897972,-1,0.002820884808897972,0.9139440059661865,,,,1,28.20884808897972
2015-10-20,fold_4,Strong USD downturn,0.0010858135065063834,1,0.002202671719714999,1,0.002202671719714999,0.9181597232818604,,,,1,22.026717197149992
2015-10-21,fold_4,Strong USD downturn,-0.0016408521914854646,-1,-0.0005220280727371573,-1,0.0005220280727371573,0.9191610813140869,,,,1,5.2202807273715734
2015-10-22,fold_4,Strong USD downturn,-0.008303157985210419,-1,-0.023535992950201035,-1,0.023535992950201035,0.9643304347991943,,,,1,235.35992950201035
2015-10-23,fold_4,Strong USD downturn,-0.005816460587084293,-1,-0.005466054193675518,-1,0.005466054193675518,0.9750676155090332,,,,1,54.66054193675518
2015-10-26,fold_4,Strong USD downturn,0.002239673398435116,1,0.004138649441301823,1,0.004138649441301823,0.9832417964935303,,,,1,41.38649441301823
2015-10-27,fold_4,Strong USD downturn,-0.00053023750660941,-1,-0.002615799428895116,-1,0.002615799428895116,0.9884295463562012,,,,1,26.15799428895116
2015-10-28,fold_4,Strong USD downturn,-0.005308004096150398,-1,-0.00979236513376236,-1,0.00979236513376236,1.0079009532928467,,,,1,97.9236513376236
2015-10-29,fold_4,Strong USD downturn,0.004522767383605242,1,0.005936706904321909,1,0.005936706904321909,1.0198214054107666,,,,1,59.36706904321909
2015-10-30,fold_4,Strong USD downturn,0.002354368334636092,1,0.0029219379648566246,1,0.0029219379648566246,1.0257232189178467,,,,1,29.219379648566246
2015-11-02,fold_4,Strong USD downturn,0.0002651303366292268,1,-0.0009033163660205901,-1,-0.0009033163660205901,1.0238933563232422,,,,0,-9.0331636602059
2015-11-04,fold_4,Strong USD downturn,-0.004939547739923,-1,-0.008748723194003105,-1,0.008748723194003105,1.041599988937378,,,,1,87.48723194003105
2015-11-05,fold_4,Strong USD downturn,0.00046769058099016547,1,0.0014692713739350438,1,0.0014692713739350438,1.0445995330810547,,,,1,14.692713739350438
2015-11-06,fold_4,Strong USD downturn,-0.007656735833734274,-1,-0.013835355639457703,-1,0.013835355639457703,1.0728871822357178,,,,1,138.35355639457703
2015-11-09,fold_4,Strong USD downturn,0.001539992750622332,1,0.0024317402858287096,1,0.0024317402858287096,1.077927827835083,,,,1,24.317402858287096
2015-11-10,fold_4,Strong USD downturn,-0.0028892909176647663,-1,-0.002040166174992919,-1,0.002040166174992919,1.082167148590088,,,,1,20.40166174992919
2015-11-11,fold_4,Strong USD downturn,0.002106522908434272,1,0.0023678515572100878,1,0.0023678515572100878,1.087097406387329,,,,1,23.678515572100878
2015-11-12,fold_4,Strong USD downturn,0.0019637912046164274,1,0.004834278021007776,1,0.004834278021007776,1.0971870422363281,,,,1,48.34278021007776
2015-11-13,fold_4,Strong USD downturn,-0.003087410004809499,-1,-0.01063578575849533,-1,0.01063578575849533,1.1194920539855957,,,,1,106.35785758495331
2015-11-16,fold_4,Strong USD downturn,-0.002460680203512311,-1,-0.0011222391622141004,-1,0.0011222391622141004,1.121870517730713,,,,1,11.222391622141004
2015-11-17,fold_4,Strong USD downturn,-0.00071285932790488,-1,-0.004129724111407995,-1,0.004129724111407995,1.1306333541870117,,,,1,41.29724111407995
2015-11-18,fold_4,Strong USD downturn,0.0002210345701314509,1,0.0024539949372410774,1,0.0024539949372410774,1.135862112045288,,,,1,24.539949372410774
2015-11-19,fold_4,Strong USD downturn,0.0035163129214197397,1,0.005266564432531595,1,0.005266564432531595,1.1471107006072998,,,,1,52.66564432531595
2015-11-20,fold_4,Strong USD downturn,-0.003479799022898078,-1,-0.007938201539218426,-1,0.007938201539218426,1.1641547679901123,,,,1,79.38201539218426
2015-11-24,fold_4,Strong USD downturn,0.0017650193767622113,1,0.00017037845100276172,1,0.00017037845100276172,1.1645233631134033,,,,1,1.7037845100276172
2015-11-25,fold_4,Strong USD downturn,-0.0018893326632678509,-1,-0.0017743892967700958,-1,0.0017743892967700958,1.1683640480041504,,,,1,17.74389296770096
2015-11-27,fold_4,Strong USD downturn,-0.0009317986550740898,-1,-0.002021322725340724,-1,0.002021322725340724,1.1727468967437744,,,,1,20.21322725340724
2015-11-30,fold_4,Strong USD downturn,-0.000765247386880219,-1,-0.0009516000864095986,-1,0.0009516000864095986,1.1748147010803223,,,,1,9.516000864095986
2015-12-01,fold_4,Strong USD downturn,0.0020940066315233707,1,0.0050048306584358215,1,0.0050048306584358215,1.185699462890625,,,,1,50.048306584358215
2015-12-02,fold_4,Strong USD downturn,-0.001202382380142808,-1,-0.0012098338920623064,-1,0.0012098338920623064,1.1883437633514404,,,,1,12.098338920623064
2015-12-03,fold_4,Strong USD downturn,0.004988405853509903,1,0.02854517288506031,1,0.02854517288506031,1.2508103847503662,,,,1,285.4517288506031
2015-12-04,fold_4,Strong USD downturn,-0.006417453289031982,-1,-0.0029278246220201254,-1,0.0029278246220201254,1.2574002742767334,,,,1,29.278246220201254
2015-12-07,fold_4,Strong USD downturn,-0.0025169807486236095,-1,-0.004593567457050085,-1,0.004593567457050085,1.2677698135375977,,,,1,45.93567457050085
2015-12-08,fold_4,Strong USD downturn,0.0011884580599144101,1,0.005534087773412466,1,0.005534087773412466,1.2803196907043457,,,,1,55.34087773412466
2015-12-09,fold_4,Strong USD downturn,0.004787114914506674,1,0.011381609365344048,1,0.011381609365344048,1.3062734603881836,,,,1,113.81609365344048
2015-12-10,fold_4,Strong USD downturn,-0.0036279642954468727,-1,-0.006338960491120815,-1,0.006338960491120815,1.3208928108215332,,,,1,63.38960491120815
2015-12-11,fold_4,Strong USD downturn,0.0020460595842450857,1,0.0032732149120420218,1,0.0032732149120420218,1.3284897804260254,,,,1,32.73214912042022
2015-12-14,fold_4,Strong USD downturn,-2.390143708907999e-05,-1,0.0008245063363574445,1,-0.0008245063363574445,1.3265700340270996,,,,0,-8.245063363574445
2015-12-15,fold_4,Strong USD downturn,-0.0035329055972397327,-1,-0.005162013694643974,-1,0.005162013694643974,1.3385798931121826,,,,1,51.62013694643974
2015-12-16,fold_4,Strong USD downturn,0.0019394662231206894,1,-0.005643780343234539,-1,-0.005643780343234539,1.3253815174102783,,,,0,-56.43780343234539
2015-12-17,fold_4,Strong USD downturn,-0.004918009042739868,-1,-0.002797894412651658,-1,0.002797894412651658,1.3318874835968018,,,,1,27.97894412651658
2015-12-18,fold_4,Strong USD downturn,0.002966431202366948,1,0.0023806451354175806,1,0.0023806451354175806,1.3374388217926025,,,,1,23.806451354175806
2015-12-21,fold_4,Strong USD downturn,0.0017342688515782356,1,0.003961352631449699,1,0.003961352631449699,1.34669828414917,,,,1,39.613526314496994
2015-12-22,fold_4,Strong USD downturn,0.00145455333404243,1,0.003394516184926033,1,0.003394516184926033,1.3546640872955322,,,,1,33.94516184926033
2015-12-24,fold_4,Strong USD downturn,0.0019777656998485327,1,0.00557277537882328,1,0.00557277537882328,1.367786169052124,,,,1,55.7277537882328
2015-12-28,fold_4,Strong USD downturn,0.000545884482562542,1,0.0008450971217826009,1,0.0008450971217826009,1.3697872161865234,,,,1,8.450971217826009
2015-12-29,fold_4,Strong USD downturn,-0.0006947629735805094,-1,-0.004305660724639893,-1,0.004305660724639893,1.379990577697754,,,,1,43.056607246398926
2019-01-18,fold_5,Low-vol plateau,-0.002663237974047661,-1,-0.002375367796048522,-1,0.002375367796048522,0.002375364303588867,,,,1,23.75367796048522
2019-01-22,fold_5,Low-vol plateau,0.00048473660717718303,1,-0.0004659610567614436,-1,-0.0004659610567614436,0.0019083023071289062,,,,0,-4.659610567614436
2019-01-23,fold_5,Low-vol plateau,0.0018696930492296815,1,0.002129587111994624,1,0.002129587111994624,0.004041910171508789,,,,1,21.29587111994624
2019-01-24,fold_5,Low-vol plateau,-0.003922689706087112,-1,-0.006561825051903725,-1,0.006561825051903725,0.010630249977111816,,,,1,65.61825051903725
2019-01-25,fold_5,Low-vol plateau,0.006738733034580946,1,0.0087994784116745,1,0.0087994784116745,0.019523262977600098,,,,1,87.994784116745
2019-01-28,fold_5,Low-vol plateau,0.0001999478117795661,1,0.0014859054936096072,1,0.0014859054936096072,0.021038174629211426,,,,1,14.859054936096072
2019-01-29,fold_5,Low-vol plateau,-0.00042059336556121707,-1,0.0004688061017077416,1,-0.0004688061017077416,0.02055954933166504,,,,0,-4.688061017077416
2019-01-30,fold_5,Low-vol plateau,0.004402455873787403,1,0.004572131671011448,1,0.004572131671011448,0.02522575855255127,,,,1,45.72131671011448
2019-01-31,fold_5,Low-vol plateau,-0.002256575506180525,-1,-0.0033203826751559973,-1,0.0033203826751559973,0.02862989902496338,,,,1,33.20382675155997
2019-02-01,fold_5,Low-vol plateau,7.724876195425168e-05,1,0.0005040323012508452,1,0.0005040323012508452,0.029148340225219727,,,,1,5.040323012508452
2019-02-04,fold_5,Low-vol plateau,-0.0028417271096259356,-1,-0.0016581708332523704,-1,0.0016581708332523704,0.03085482120513916,,,,1,16.581708332523704
2019-02-05,fold_5,Low-vol plateau,-0.0021658511832356453,-1,-0.002304801717400551,-1,0.002304801717400551,0.03323078155517578,,,,1,23.04801717400551
2019-02-06,fold_5,Low-vol plateau,-0.003118530148640275,-1,-0.003853170434013009,-1,0.003853170434013009,0.03721201419830322,,,,1,38.53170434013009
2019-02-07,fold_5,Low-vol plateau,-0.0006495218840427697,-1,-0.002392479684203863,-1,0.002392479684203863,0.039693593978881836,,,,1,23.92479684203863
2019-02-08,fold_5,Low-vol plateau,-0.0008377714548259974,-1,-0.0012795890215784311,-1,0.0012795890215784311,0.041023969650268555,,,,1,12.795890215784311
2019-02-12,fold_5,Low-vol plateau,0.0030249522533267736,1,0.004930588882416487,1,0.004930588882416487,0.046156883239746094,,,,1,49.30588882416487
2019-02-13,fold_5,Low-vol plateau,-0.003757874481379986,-1,-0.006150586996227503,-1,0.006150586996227503,0.05259132385253906,,,,1,61.50586996227503
2019-02-14,fold_5,Low-vol plateau,0.0017869090661406517,1,0.0026995516382157803,1,0.0026995516382157803,0.055432796478271484,,,,1,26.995516382157803
2019-02-15,fold_5,Low-vol plateau,0.0007623654673807323,1,0.0002372502494836226,1,0.0002372502494836226,0.055683135986328125,,,,1,2.372502494836226
2019-02-19,fold_5,Low-vol plateau,0.003327013226225972,1,0.002744921250268817,1,0.002744921250268817,0.058580875396728516,,,,1,27.44921250268817
2019-02-20,fold_5,Low-vol plateau,0.0007589290617033839,1,0.0002950014313682914,1,0.0002950014313682914,0.05889320373535156,,,,1,2.950014313682914
2019-02-21,fold_5,Low-vol plateau,-0.0011035302886739373,-1,-0.0002949144400190562,-1,0.0002949144400190562,0.05920553207397461,,,,1,2.949144400190562
2019-02-22,fold_5,Low-vol plateau,0.0013472604332491755,1,-6.799641414545476e-05,-1,-6.799641414545476e-05,0.05913352966308594,,,,0,-0.6799641414545476
2019-02-25,fold_5,Low-vol plateau,0.0012567839585244656,1,0.0022280586417764425,1,0.0022280586417764425,0.06149327754974365,,,,1,22.280586417764425
2019-02-26,fold_5,Low-vol plateau,0.003555880393832922,1,0.0022558243945240974,1,0.0022558243945240974,0.0638878345489502,,,,1,22.558243945240974
2019-02-27,fold_5,Low-vol plateau,-0.0009812325006350875,-1,-0.001137981773354113,-1,0.001137981773354113,0.06509852409362793,,,,1,11.379817733541131
2019-02-28,fold_5,Low-vol plateau,-7.183035631896928e-05,-1,-0.000591427437029779,-1,0.000591427437029779,0.06572842597961426,,,,1,5.91427437029779
2019-03-01,fold_5,Low-vol plateau,-0.003136327490210533,-1,0.00021612558339256793,1,-0.00021612558339256793,0.06549811363220215,,,,0,-2.1612558339256793
2019-03-04,fold_5,Low-vol plateau,-0.0011274503776803613,-1,-0.0033898816909641027,-1,0.0033898816909641027,0.06911003589630127,,,,1,33.89881690964103
2019-03-05,fold_5,Low-vol plateau,-0.0009414348751306534,-1,-0.0026684298645704985,-1,0.0026684298645704985,0.07196283340454102,,,,1,26.684298645704985
2019-03-06,fold_5,Low-vol plateau,-0.00032170311897061765,-1,0.0006109592504799366,1,-0.0006109592504799366,0.07130789756774902,,,,0,-6.109592504799366
2019-03-07,fold_5,Low-vol plateau,-0.005745952483266592,-1,-0.010224131867289543,-1,0.010224131867289543,0.0822610855102539,,,,1,102.24131867289543
2019-03-08,fold_5,Low-vol plateau,0.0028843204490840435,1,0.0030440150294452906,1,0.0030440150294452906,0.0855555534362793,,,,1,30.440150294452906
2019-03-11,fold_5,Low-vol plateau,0.0014966713497415185,1,0.00238696183077991,1,0.00238696183077991,0.08814668655395508,,,,1,23.8696183077991
2019-03-12,fold_5,Low-vol plateau,0.002453466644510627,1,0.0025057890452444553,1,0.0025057890452444553,0.0908733606338501,,,,1,25.057890452444553
2019-03-13,fold_5,Low-vol plateau,0.003166734240949154,1,0.0038639309350401163,1,0.0038639309350401163,0.09508836269378662,,,,1,38.63930935040116
2019-03-14,fold_5,Low-vol plateau,-0.002259136876091361,-1,-0.002001645043492317,-1,0.002001645043492317,0.09728038311004639,,,,1,20.016450434923172
2019-03-15,fold_5,Low-vol plateau,0.002072306117042899,1,0.0010074680903926492,1,0.0010074680903926492,0.09838581085205078,,,,1,10.074680903926492
2019-03-18,fold_5,Low-vol plateau,0.0010061791399493814,1,0.0014510758919641376,1,0.0014510758919641376,0.09997975826263428,,,,1,14.510758919641376
2019-03-19,fold_5,Low-vol plateau,0.0016236231895163655,1,0.001646355027332902,1,0.001646355027332902,0.10179078578948975,,,,1,16.46355027332902
2019-03-20,fold_5,Low-vol plateau,0.005033195484429598,1,0.006434020586311817,1,0.006434020586311817,0.1088796854019165,,,,1,64.34020586311817
2019-03-22,fold_5,Low-vol plateau,-0.0011356816394254565,-1,-0.0069582522846758366,-1,0.0069582522846758366,0.11659550666809082,,,,1,69.58252284675837
2019-03-25,fold_5,Low-vol plateau,0.0009828307665884495,1,0.0017652605893090367,1,0.0017652605893090367,0.11856663227081299,,,,1,17.652605893090367
2019-03-26,fold_5,Low-vol plateau,-0.0010802625911310315,-1,-0.003619218012318015,-1,0.003619218012318015,0.12261497974395752,,,,1,36.19218012318015
2019-03-27,fold_5,Low-vol plateau,-0.00044072052696719766,-1,-0.0020477843936532736,-1,0.0020477843936532736,0.12491381168365479,,,,1,20.477843936532736
2019-03-28,fold_5,Low-vol plateau,-0.0034668282605707645,-1,-0.0019316303078085184,-1,0.0019316303078085184,0.12708675861358643,,,,1,19.316303078085184
2019-03-29,fold_5,Low-vol plateau,-0.00045207038056105375,-1,-0.0005498689133673906,-1,0.0005498689133673906,0.12770652770996094,,,,1,5.498689133673906
2019-04-01,fold_5,Low-vol plateau,0.0005619088187813759,1,-0.0016136592021211982,-1,-0.0016136592021211982,0.12588679790496826,,,,0,-16.13659202121198
2019-04-02,fold_5,Low-vol plateau,-0.0005625178455375135,-1,-0.0001680841378401965,-1,0.0001680841378401965,0.1260761022567749,,,,1,1.680841378401965
2019-04-03,fold_5,Low-vol plateau,0.002439843723550439,1,0.003846475388854742,1,0.003846475388854742,0.13040757179260254,,,,1,38.46475388854742
2019-04-04,fold_5,Low-vol plateau,-0.0015547124203294516,-1,-0.0018746902933344245,-1,0.0018746902933344245,0.13252675533294678,,,,1,18.746902933344245
2019-04-05,fold_5,Low-vol plateau,-0.00041244173189625144,-1,-0.0005610103835351765,-1,0.0005610103835351765,0.13316214084625244,,,,1,5.610103835351765
2019-04-08,fold_5,Low-vol plateau,0.002969640539959073,1,0.003286882070824504,1,0.003286882070824504,0.13688671588897705,,,,1,32.86882070824504
2019-04-09,fold_5,Low-vol plateau,0.0003658225468825549,1,0.000935124815441668,1,0.000935124815441668,0.13794982433319092,,,,1,9.35124815441668
2019-04-10,fold_5,Low-vol plateau,0.0008592531667090952,1,0.0008457988151349127,1,0.0008457988151349127,0.13891232013702393,,,,1,8.457988151349127
2019-04-11,fold_5,Low-vol plateau,-0.0018279073992744088,-1,-0.0013963867677375674,-1,0.0013963867677375674,0.1405026912689209,,,,1,13.963867677375674
2019-04-12,fold_5,Low-vol plateau,0.002118463860824704,1,0.003934172447770834,1,0.003934172447770834,0.14498960971832275,,,,1,39.34172447770834
2019-04-15,fold_5,Low-vol plateau,0.00045437694643624127,1,-1.1282911145826802e-05,-1,-1.1282911145826802e-05,0.14497673511505127,,,,0,-0.11282911145826802
2019-04-16,fold_5,Low-vol plateau,-0.00046151282731443644,-1,-0.001760470331646502,-1,0.001760470331646502,0.14699244499206543,,,,1,17.60470331646502
2019-04-17,fold_5,Low-vol plateau,0.0006102178012952209,1,0.0010732508962973952,1,0.0010732508962973952,0.1482234001159668,,,,1,10.732508962973952
2019-04-18,fold_5,Low-vol plateau,-0.003582209348678589,-1,-0.005415794439613819,-1,0.005415794439613819,0.1544419527053833,,,,1,54.15794439613819
2019-04-22,fold_5,Low-vol plateau,0.0019138093339279294,1,0.0012835260713472962,1,0.0012835260713472962,0.1559237241744995,,,,1,12.835260713472962
2019-04-23,fold_5,Low-vol plateau,-0.0028766037430614233,-1,-0.0030754762701690197,-1,0.0030754762701690197,0.1594787836074829,,,,1,30.754762701690197
2019-04-24,fold_5,Low-vol plateau,-0.004141669720411301,-1,-0.006312881130725145,-1,0.006312881130725145,0.16679835319519043,,,,1,63.12881130725145
2019-04-25,fold_5,Low-vol plateau,-0.0003645328979473561,-1,-0.0014923748094588518,-1,0.0014923748094588518,0.1685396432876587,,,,1,14.923748094588518
2019-04-26,fold_5,Low-vol plateau,0.0019884619396179914,1,0.0012043117312714458,1,0.0012043117312714458,0.16994690895080566,,,,1,12.043117312714458
2019-05-07,fold_5,Low-vol plateau,-0.0008139209821820259,-1,-0.0009624563390389085,-1,0.0009624563390389085,0.17107295989990234,,,,1,9.624563390389085
2019-05-08,fold_5,Low-vol plateau,0.00010902159556280822,1,0.0006494636763818562,1,0.0006494636763818562,0.17183351516723633,,,,1,6.494636763818562
2019-05-09,fold_5,Low-vol plateau,0.0023836821783334017,1,0.0021209637634456158,1,0.0021209637634456158,0.17431890964508057,,,,1,21.209637634456158
2019-05-10,fold_5,Low-vol plateau,0.000558959785848856,1,0.0012809962499886751,1,0.0012809962499886751,0.17582321166992188,,,,1,12.809962499886751
2019-05-13,fold_5,Low-vol plateau,-0.00022419755987357348,-1,-0.00034819229040294886,-1,0.00034819229040294886,0.1762326955795288,,,,1,3.4819229040294886
2019-05-14,fold_5,Low-vol plateau,-0.0011808447306975722,-1,-0.002498582238331437,-1,0.002498582238331437,0.17917168140411377,,,,1,24.98582238331437
2019-05-15,fold_5,Low-vol plateau,-8.315252489410341e-05,-1,0.0002465155557729304,1,-0.0002465155557729304,0.17888092994689941,,,,0,-2.465155557729304
2019-05-16,fold_5,Low-vol plateau,-0.0024646834935992956,-1,-0.00300564244389534,-1,0.00300564244389534,0.18242418766021729,,,,1,30.0564244389534
2019-05-17,fold_5,Low-vol plateau,-0.0010272000217810273,-1,-0.0007370057865045965,-1,0.0007370057865045965,0.1832956075668335,,,,1,7.370057865045965
2019-05-20,fold_5,Low-vol plateau,0.0007037609466351569,1,0.00029040739173069596,1,0.00029040739173069596,0.1836392879486084,,,,1,2.9040739173069596
2019-05-21,fold_5,Low-vol plateau,-0.0007071090512908995,-1,-0.0011713255662471056,-1,0.0011713255662471056,0.18502569198608398,,,,1,11.713255662471056
2019-05-23,fold_5,Low-vol plateau,0.0021343219559639692,1,0.002606033580377698,1,0.002606033580377698,0.18811392784118652,,,,1,26.06033580377698
2019-05-24,fold_5,Low-vol plateau,0.0022686144802719355,1,0.002241884358227253,1,0.002241884358227253,0.19077754020690918,,,,1,22.41884358227253
2019-05-28,fold_5,Low-vol plateau,-0.0033833880443125963,-1,-0.002066653920337558,-1,0.002066653920337558,0.19323837757110596,,,,1,20.666539203375578
2019-05-29,fold_5,Low-vol plateau,-0.0012729672016575933,-1,-0.0029847442638128996,-1,0.0029847442638128996,0.1967998743057251,,,,1,29.847442638128996
2019-05-30,fold_5,Low-vol plateau,4.861287379753776e-05,1,-0.0005565853207372129,-1,-0.0005565853207372129,0.19613373279571533,,,,0,-5.565853207372129
2019-05-31,fold_5,Low-vol plateau,0.00291231507435441,1,0.003855000250041485,1,0.003855000250041485,0.2007448673248291,,,,1,38.55000250041485
2019-06-03,fold_5,Low-vol plateau,0.004708383698016405,1,0.006466649007052183,1,0.006466649007052183,0.2085096836090088,,,,1,64.66649007052183
2019-06-04,fold_5,Low-vol plateau,0.000814415980130434,1,0.0006865524337626994,1,0.0006865524337626994,0.20933938026428223,,,,1,6.865524337626994
2019-06-05,fold_5,Low-vol plateau,-0.0031832377426326275,-1,-0.002223382471129298,-1,0.002223382471129298,0.2120281457901001,,,,1,22.233824711292982
2019-06-06,fold_5,Low-vol plateau,0.0028918106108903885,1,0.004228744190186262,1,0.004228744190186262,0.2171534299850464,,,,1,42.28744190186262
2019-06-07,fold_5,Low-vol plateau,0.0035614401567727327,1,0.003871487220749259,1,0.003871487220749259,0.22186553478240967,,,,1,38.71487220749259
2019-06-10,fold_5,Low-vol plateau,-0.0011826331028714776,-1,-0.00018112821271643043,-1,0.00018112821271643043,0.22208678722381592,,,,1,1.8112821271643043
2019-06-11,fold_5,Low-vol plateau,0.0008774033049121499,1,0.001008287537842989,1,0.001008287537842989,0.2233189344406128,,,,1,10.08287537842989
2019-06-12,fold_5,Low-vol plateau,-0.003159458050504327,-1,-0.002993301022797823,-1,0.002993301022797823,0.2269808053970337,,,,1,29.93301022797823
2019-06-13,fold_5,Low-vol plateau,5.554587914957665e-05,1,-0.0013423121999949217,-1,-0.0013423121999949217,0.2253338098526001,,,,0,-13.423121999949217
2019-06-14,fold_5,Low-vol plateau,-0.004391728434711695,-1,-0.005619735922664404,-1,0.005619735922664404,0.23221993446350098,,,,1,56.19735922664404
2019-06-17,fold_5,Low-vol plateau,9.356312511954457e-05,1,0.0006733588525094092,1,0.0006733588525094092,0.23304975032806396,,,,1,6.733588525094092
2019-06-18,fold_5,Low-vol plateau,-0.00046100784675218165,-1,-0.0023515592329204082,-1,0.0023515592329204082,0.23594927787780762,,,,1,23.515592329204082
2019-06-19,fold_5,Low-vol plateau,0.004401473794132471,1,0.003596331924200058,1,0.003596331924200058,0.24039411544799805,,,,1,35.96331924200058
2019-06-20,fold_5,Low-vol plateau,0.004162072669714689,1,0.005082990508526564,1,0.005082990508526564,0.24669897556304932,,,,1,50.829905085265636
2019-06-21,fold_5,Low-vol plateau,0.0034607592970132828,1,0.007889659143984318,1,0.007889659143984318,0.2565349340438843,,,,1,78.89659143984318
2019-06-24,fold_5,Low-vol plateau,0.002106483094394207,1,0.0013679296243935823,1,0.0013679296243935823,0.258253812789917,,,,1,13.679296243935823
2019-06-25,fold_5,Low-vol plateau,-0.0013699623523280025,-1,-0.0026604935992509127,-1,0.0026604935992509127,0.26160144805908203,,,,1,26.604935992509127
2019-06-26,fold_5,Low-vol plateau,-0.0003917778667528182,-1,0.00042085087625309825,1,-0.00042085087625309825,0.26107048988342285,,,,0,-4.2085087625309825
2019-06-27,fold_5,Low-vol plateau,0.00039653934072703123,1,-0.0001591937179910019,-1,-0.0001591937179910019,0.26086974143981934,,,,0,-1.591937179910019
2019-06-28,fold_5,Low-vol plateau,0.0008296971209347248,1,-0.00070458889240399,-1,-0.00070458889240399,0.2599813938140869,,,,0,-7.0458889240399
2019-07-01,fold_5,Low-vol plateau,-0.004645183682441711,-1,-0.0068176812492311,-1,0.0068176812492311,0.2685716152191162,,,,1,68.176812492311
2019-07-02,fold_5,Low-vol plateau,0.0013848593225702643,1,0.0004969057627022266,1,0.0004969057627022266,0.2692018747329712,,,,1,4.969057627022266
2019-07-03,fold_5,Low-vol plateau,-0.00034748183679766953,-1,-0.00045158492866903543,-1,0.00045158492866903543,0.26977503299713135,,,,1,4.515849286690354
2019-07-05,fold_5,Low-vol plateau,-0.00391546031460166,-1,-0.005175866652280092,-1,0.005175866652280092,0.27634716033935547,,,,1,51.75866652280092
2019-07-08,fold_5,Low-vol plateau,-0.000911699840798974,-1,-0.0010094279423356056,-1,0.0010094279423356056,0.2776355743408203,,,,1,10.094279423356056
2019-07-09,fold_5,Low-vol plateau,-0.0005614584079012275,-1,-0.0006948888185434043,-1,0.0006948888185434043,0.278523325920105,,,,1,6.948888185434043
2019-07-10,fold_5,Low-vol plateau,0.003292960114777088,1,0.004514812957495451,1,0.004514812957495451,0.2842956781387329,,,,1,45.14812957495451
2019-07-11,fold_5,Low-vol plateau,0.000529369805008173,1,-0.0005738722975365818,-1,-0.0005738722975365818,0.28355860710144043,,,,0,-5.7387229753658175
2019-07-12,fold_5,Low-vol plateau,0.0023964401334524155,1,0.001747183850966394,1,0.001747183850966394,0.2858011722564697,,,,1,17.47183850966394
2019-07-16,fold_5,Low-vol plateau,-0.0037356894463300705,-1,-0.004395125899463892,-1,0.004395125899463892,0.29145240783691406,,,,1,43.95125899463892
2019-07-17,fold_5,Low-vol plateau,0.001705380855128169,1,0.0015496194828301668,1,0.0015496194828301668,0.2934536933898926,,,,1,15.496194828301668
2019-07-18,fold_5,Low-vol plateau,0.00393317174166441,1,0.0028379710856825113,1,0.0028379710856825113,0.2971245050430298,,,,1,28.379710856825113
2019-07-19,fold_5,Low-vol plateau,-0.003452242584899068,-1,-0.003836731193587184,-1,0.003836731193587184,0.3021012544631958,,,,1,38.36731193587184
2019-07-22,fold_5,Low-vol plateau,-0.00048004870768636465,-1,-0.0010869659017771482,-1,0.0010869659017771482,0.3035166263580322,,,,1,10.869659017771482
2019-07-23,fold_5,Low-vol plateau,-0.0035758009180426598,-1,-0.004895445425063372,-1,0.004895445425063372,0.30989789962768555,,,,1,48.95445425063372
2019-07-24,fold_5,Low-vol plateau,-5.9949215938104317e-05,-1,-0.0007910756976343691,-1,0.0007910756976343691,0.31093406677246094,,,,1,7.910756976343691
2019-07-25,fold_5,Low-vol plateau,-0.0008151001529768109,-1,0.0003343336284160614,1,-0.0003343336284160614,0.3104957342147827,,,,0,-3.343336284160614
2019-07-26,fold_5,Low-vol plateau,-0.0009586014784872532,-1,-0.0012578507885336876,-1,0.0012578507885336876,0.3121441602706909,,,,1,12.578507885336876
2019-07-29,fold_5,Low-vol plateau,-0.0002316793252248317,-1,0.000980583718046546,1,-0.000980583718046546,0.31085753440856934,,,,0,-9.80583718046546
2019-07-30,fold_5,Low-vol plateau,1.4561667740053963e-05,1,0.0013388646766543388,1,0.0013388646766543388,0.31261253356933594,,,,1,13.388646766543388
2019-07-31,fold_5,Low-vol plateau,-0.0038083232939243317,-1,-0.007728002034127712,-1,0.007728002034127712,0.32275640964508057,,,,1,77.28002034127712
2019-08-01,fold_5,Low-vol plateau,0.0014970267657190561,1,0.0006425735191442072,1,0.0006425735191442072,0.32360637187957764,,,,1,6.425735191442072
2019-08-02,fold_5,Low-vol plateau,0.002474746899679303,1,0.0026325583457946777,1,0.0026325583457946777,0.3270909786224365,,,,1,26.325583457946777
2019-08-05,fold_5,Low-vol plateau,0.004549575503915548,1,0.012222036719322205,1,0.012222036719322205,0.34331071376800537,,,,1,122.22036719322205
2019-08-06,fold_5,Low-vol plateau,-0.0012356876395642757,-1,-0.003272486152127385,-1,0.003272486152127385,0.34770679473876953,,,,1,32.72486152127385
2019-08-07,fold_5,Low-vol plateau,0.001088048331439495,1,-0.0002352914452785626,-1,-0.0002352914452785626,0.34738969802856445,,,,0,-2.352914452785626
2019-08-08,fold_5,Low-vol plateau,-0.0003974188875872642,-1,-0.0015326269203796983,-1,0.0015326269203796983,0.34945476055145264,,,,1,15.326269203796983
2019-08-09,fold_5,Low-vol plateau,0.0011082040145993233,1,0.0019053779542446136,1,0.0019053779542446136,0.3520258665084839,,,,1,19.053779542446136
2019-08-13,fold_5,Low-vol plateau,-0.0037060542963445187,-1,-0.0036772366147488356,-1,0.0036772366147488356,0.35699760913848877,,,,1,36.772366147488356
2019-08-14,fold_5,Low-vol plateau,-0.0012580319307744503,-1,-0.003019839758053422,-1,0.003019839758053422,0.3610954284667969,,,,1,30.19839758053422
2019-08-15,fold_5,Low-vol plateau,-0.0008978693513199687,-1,-0.0026672929525375366,-1,0.0026672929525375366,0.3647259473800659,,,,1,26.672929525375366
2019-08-16,fold_5,Low-vol plateau,-0.00010515412577660754,-1,-0.0017750132828950882,-1,0.0017750132828950882,0.36714839935302734,,,,1,17.750132828950882
2019-08-19,fold_5,Low-vol plateau,-0.0015140427276492119,-1,-0.0009641959914006293,-1,0.0009641959914006293,0.36846649646759033,,,,1,9.641959914006293
2019-08-20,fold_5,Low-vol plateau,0.00133177125826478,1,0.001320609007962048,1,0.001320609007962048,0.3702737092971802,,,,1,13.20609007962048
2019-08-21,fold_5,Low-vol plateau,-0.000652326038107276,-1,-0.0006321496912278235,-1,0.0006321496912278235,0.3711400032043457,,,,1,6.321496912278235
2019-08-22,fold_5,Low-vol plateau,0.001462759217247367,1,-0.0006096552242524922,-1,-0.0006096552242524922,0.3703041076660156,,,,0,-6.096552242524922
2019-08-23,fold_5,Low-vol plateau,0.004497467074543238,1,0.005326444748789072,1,0.005326444748789072,0.3776029348373413,,,,1,53.26444748789072
2019-08-26,fold_5,Low-vol plateau,-0.0037667397409677505,-1,-0.0035310082603245974,-1,0.0035310082603245974,0.38246726989746094,,,,1,35.310082603245974
2019-08-27,fold_5,Low-vol plateau,0.0010268836049363017,1,-0.0012309884186834097,-1,-0.0012309884186834097,0.380765438079834,,,,0,-12.309884186834097
2019-08-28,fold_5,Low-vol plateau,-0.001332685467787087,-1,-0.0003769751638174057,-1,0.0003769751638174057,0.3812859058380127,,,,1,3.769751638174057
2019-08-29,fold_5,Low-vol plateau,-0.002932020230218768,-1,-0.0021569994278252125,-1,0.0021569994278252125,0.38426530361175537,,,,1,21.569994278252125
2019-08-30,fold_5,Low-vol plateau,-0.00361382937990129,-1,-0.0063423048704862595,-1,0.0063423048704862595,0.39304471015930176,,,,1,63.423048704862595
2019-09-03,fold_5,Low-vol plateau,-0.0004586542781908065,-1,0.0005487410235218704,1,-0.0005487410235218704,0.39228034019470215,,,,0,-5.487410235218704
2019-09-04,fold_5,Low-vol plateau,0.004426280502229929,1,0.005506451241672039,1,0.005506451241672039,0.39994680881500244,,,,1,55.06451241672039
2019-09-05,fold_5,Low-vol plateau,0.00047579201054759324,1,0.0001214242001879029,1,0.0001214242001879029,0.4001169204711914,,,,1,1.214242001879029
2019-09-06,fold_5,Low-vol plateau,0.0003696801431942731,1,-0.0014217004645615816,-1,-0.0014217004645615816,0.39812636375427246,,,,0,-14.217004645615816
2019-09-09,fold_5,Low-vol plateau,0.0013038978213444352,1,0.002519046887755394,1,0.002519046887755394,0.40164828300476074,,,,1,25.19046887755394
2019-09-10,fold_5,Low-vol plateau,-0.0004886725801043212,-1,0.00017673612455837429,1,-0.00017673612455837429,0.4014005661010742,,,,0,-1.7673612455837429
2019-09-11,fold_5,Low-vol plateau,-0.003222627332434058,-1,-0.003337112022563815,-1,0.003337112022563815,0.4060772657394409,,,,1,33.37112022563815
2019-09-12,fold_5,Low-vol plateau,0.003551011672243476,1,0.004069486167281866,1,0.004069486167281866,0.41179919242858887,,,,1,40.69486167281866
2019-09-13,fold_5,Low-vol plateau,0.0006226752302609384,1,0.0022721209097653627,1,0.0022721209097653627,0.41500699520111084,,,,1,22.721209097653627
2019-09-17,fold_5,Low-vol plateau,0.003541256533935666,1,0.00624600937590003,1,0.00624600937590003,0.4238450527191162,,,,1,62.4600937590003
2019-09-18,fold_5,Low-vol plateau,-0.003396714339032769,-1,-0.003905115881934762,-1,0.003905115881934762,0.42940521240234375,,,,1,39.05115881934762
2019-09-19,fold_5,Low-vol plateau,0.002910568844527006,1,0.001546817016787827,1,0.001546817016787827,0.43161630630493164,,,,1,15.46817016787827
2019-09-20,fold_5,Low-vol plateau,-0.002241699490696192,-1,-0.0026665497571229935,-1,0.0026665497571229935,0.43543386459350586,,,,1,26.665497571229935
2019-09-24,fold_5,Low-vol plateau,0.0023632359225302935,1,0.002104161074385047,1,0.002104161074385047,0.438454270362854,,,,1,21.04161074385047
2019-09-25,fold_5,Low-vol plateau,-0.0047716195695102215,-1,-0.005804941989481449,-1,0.005804941989481449,0.446804404258728,,,,1,58.04941989481449
2019-09-26,fold_5,Low-vol plateau,-0.0010475167073309422,-1,-0.0027526237536221743,-1,0.0027526237536221743,0.4507869482040405,,,,1,27.526237536221743
2019-09-27,fold_5,Low-vol plateau,0.0009286627755500376,1,0.0018274149624630809,1,0.0018274149624630809,0.45343804359436035,,,,1,18.27414962463081
2022-01-19,fold_6,EUR crisis downturn,0.00217242119833827,1,0.0012138050515204668,1,0.0012138050515204668,0.0012137889862060547,,,,1,12.138050515204668
2022-01-20,fold_6,EUR crisis downturn,-0.002208478981629014,-1,-0.002613516291603446,-1,0.002613516291603446,0.003830552101135254,,,,1,26.13516291603446
2022-01-21,fold_6,EUR crisis downturn,0.000981666031293571,1,0.0024497758131474257,1,0.0024497758131474257,0.00628972053527832,,,,1,24.497758131474257
2022-01-24,fold_6,EUR crisis downturn,-0.0030433922074735165,-1,-0.0015288135036826134,-1,0.0015288135036826134,0.007828235626220703,,,,1,15.288135036826134
2022-01-25,fold_6,EUR crisis downturn,-0.0005489665200002491,-1,-0.0017295886063948274,-1,0.0017295886063948274,0.009571433067321777,,,,1,17.295886063948274
2022-01-26,fold_6,EUR crisis downturn,-0.004432966932654381,-1,-0.005396849941462278,-1,0.005396849941462278,0.015019893646240234,,,,1,53.968499414622784
2022-01-27,fold_6,EUR crisis downturn,-0.00582347484305501,-1,-0.008583232760429382,-1,0.008583232760429382,0.02373194694519043,,,,1,85.83232760429382
2022-01-28,fold_6,EUR crisis downturn,0.00013660674449056387,1,0.000479530863231048,1,0.000479530863231048,0.024222850799560547,,,,1,4.79530863231048
2022-01-31,fold_6,EUR crisis downturn,0.0060777124017477036,1,0.0069287000223994255,1,0.0069287000223994255,0.031319379806518555,,,,1,69.28700022399426
2022-02-01,fold_6,EUR crisis downturn,0.001390768215060234,1,0.0039458139799535275,1,0.0039458139799535275,0.035388827323913574,,,,1,39.458139799535275
2022-02-02,fold_6,EUR crisis downturn,0.004033702425658703,1,0.0023053139448165894,1,0.0023053139448165894,0.037775635719299316,,,,1,23.053139448165894
2022-02-03,fold_6,EUR crisis downturn,0.005395534913986921,1,0.012018885463476181,1,0.012018885463476181,0.05024862289428711,,,,1,120.18885463476181
2022-02-04,fold_6,EUR crisis downturn,-0.0010456846794113517,-1,0.001695401151664555,1,-0.001695401151664555,0.04846799373626709,,,,0,-16.95401151664555
2022-02-07,fold_6,EUR crisis downturn,0.0006627713446505368,1,-0.0010641802800819278,-1,-0.0010641802800819278,0.04735219478607178,,,,0,-10.641802800819278
2022-02-08,fold_6,EUR crisis downturn,-0.0021310830488801003,-1,-0.0018959172302857041,-1,0.0018959172302857041,0.04933786392211914,,,,1,18.95917230285704
2022-02-09,fold_6,EUR crisis downturn,0.0015962966717779636,1,2.275372389703989e-05,1,2.275372389703989e-05,0.0493617057800293,,,,1,0.2275372389703989
2022-02-10,fold_6,EUR crisis downturn,-0.0007903658552095294,-1,-0.0005249936948530376,-1,0.0005249936948530376,0.04991257190704346,,,,1,5.249936948530376
2022-02-14,fold_6,EUR crisis downturn,-0.0029772669076919556,-1,-0.005166933406144381,-1,0.005166933406144381,0.05533730983734131,,,,1,51.669334061443806
2022-02-15,fold_6,EUR crisis downturn,0.0032866366673260927,1,0.00446309894323349,1,0.00446309894323349,0.06004738807678223,,,,1,44.6309894323349
2022-02-16,fold_6,EUR crisis downturn,0.0025151814334094524,1,0.0016266792081296444,1,0.0016266792081296444,0.06177175045013428,,,,1,16.266792081296444
2022-02-17,fold_6,EUR crisis downturn,-0.0010334592079743743,-1,-0.0007728770724497736,-1,0.0007728770724497736,0.0625922679901123,,,,1,7.7287707244977355
2022-02-18,fold_6,EUR crisis downturn,-0.002346992725506425,-1,-0.004334500525146723,-1,0.004334500525146723,0.06719803810119629,,,,1,43.34500525146723
2022-02-22,fold_6,EUR crisis downturn,-0.00016235938528552651,-1,0.001721999142318964,1,-0.001721999142318964,0.06536030769348145,,,,0,-17.21999142318964
2022-02-24,fold_6,EUR crisis downturn,-0.008208694867789745,-1,-0.010172287933528423,-1,0.010172287933528423,0.07619738578796387,,,,1,101.72287933528423
2022-02-25,fold_6,EUR crisis downturn,0.004824245814234018,1,-0.0008610449731349945,-1,-0.0008610449731349945,0.07527077198028564,,,,0,-8.610449731349945
2022-02-28,fold_6,EUR crisis downturn,-0.0006497706635855138,-1,0.00311812711879611,1,-0.00311812711879611,0.07191801071166992,,,,0,-31.1812711879611
2022-03-01,fold_6,EUR crisis downturn,-0.005722882691770792,-1,-0.007414391729980707,-1,0.007414391729980707,0.07986557483673096,,,,1,74.14391729980707
2022-03-02,fold_6,EUR crisis downturn,0.0005814848118461668,1,-0.0018336334032937884,-1,-0.0018336334032937884,0.07788550853729248,,,,0,-18.336334032937884
2022-03-03,fold_6,EUR crisis downturn,-0.004064104054123163,-1,-0.004094634670764208,-1,0.004094634670764208,0.08229899406433105,,,,1,40.94634670764208
2022-03-04,fold_6,EUR crisis downturn,-0.007718903012573719,-1,-0.017377527430653572,-1,0.017377527430653572,0.10110664367675781,,,,1,173.77527430653572
2022-03-07,fold_6,EUR crisis downturn,-0.005607436876744032,-1,-0.0008476009825244546,-1,0.0008476009825244546,0.10203993320465088,,,,1,8.476009825244546
2022-03-08,fold_6,EUR crisis downturn,0.002094198716804385,1,0.0030297928024083376,1,0.0030297928024083376,0.10537886619567871,,,,1,30.297928024083376
2022-03-09,fold_6,EUR crisis downturn,0.008902131579816341,1,0.01611238159239292,1,0.01611238159239292,0.12318909168243408,,,,1,161.12381592392921
2022-03-10,fold_6,EUR crisis downturn,-0.007010942324995995,-1,-0.005407776217907667,-1,0.005407776217907667,0.1292630434036255,,,,1,54.07776217907667
2022-03-11,fold_6,EUR crisis downturn,-0.0051122987642884254,-1,-0.007433895952999592,-1,0.007433895952999592,0.13765788078308105,,,,1,74.33895952999592
2022-03-14,fold_6,EUR crisis downturn,0.000654130766633898,1,0.001017721719108522,1,0.001017721719108522,0.13881564140319824,,,,1,10.17721719108522
2022-03-15,fold_6,EUR crisis downturn,8.271701517514884e-05,1,0.0023914421908557415,1,0.0023914421908557415,0.1415390968322754,,,,1,23.914421908557415
2022-03-16,fold_6,EUR crisis downturn,0.0059241121634840965,1,0.004794404376298189,1,0.004794404376298189,0.14701199531555176,,,,1,47.94404376298189
2022-03-17,fold_6,EUR crisis downturn,0.0030462241265922785,1,0.007037183735519648,1,0.007037183735519648,0.15508365631103516,,,,1,70.37183735519648
2022-03-18,fold_6,EUR crisis downturn,-0.0017729764804244041,-1,-0.005079824943095446,-1,0.005079824943095446,0.1609513759613037,,,,1,50.798249430954456
2022-03-22,fold_6,EUR crisis downturn,0.00018217174510937184,1,0.0011360200587660074,1,0.0011360200587660074,0.16227030754089355,,,,1,11.360200587660074
2022-03-23,fold_6,EUR crisis downturn,-0.001309447456151247,-1,-0.0021242026705294847,-1,0.0021242026705294847,0.16473913192749023,,,,1,21.242026705294847
2022-03-24,fold_6,EUR crisis downturn,-0.0009684168617241085,-1,0.00029731090762652457,1,-0.00029731090762652457,0.16439282894134521,,,,0,-2.9731090762652457
2022-03-25,fold_6,EUR crisis downturn,-0.00030501355649903417,-1,-0.00251486012712121,-1,0.00251486012712121,0.1673210859298706,,,,1,25.1486012712121
2022-03-28,fold_6,EUR crisis downturn,-0.0030365707352757454,-1,0.001088330172933638,1,-0.001088330172933638,0.16605067253112793,,,,0,-10.883301729336381
2022-03-29,fold_6,EUR crisis downturn,0.0068260375410318375,1,0.008884331211447716,1,0.008884331211447716,0.17641019821166992,,,,1,88.84331211447716
2022-03-30,fold_6,EUR crisis downturn,0.00455376086756587,1,0.006339906714856625,1,0.006339906714856625,0.18386852741241455,,,,1,63.399067148566246
2022-03-31,fold_6,EUR crisis downturn,-0.005023586563766003,-1,-0.00801636092364788,-1,0.00801636092364788,0.19335877895355225,,,,1,80.1636092364788
2022-04-01,fold_6,EUR crisis downturn,-0.002806468866765499,-1,-0.0022647094447165728,-1,0.0022647094447165728,0.196061372756958,,,,1,22.647094447165728
2022-04-04,fold_6,EUR crisis downturn,-0.0029789500404149294,-1,-0.006464783102273941,-1,0.006464783102273941,0.20379376411437988,,,,1,64.64783102273941
2022-04-05,fold_6,EUR crisis downturn,-0.003857545554637909,-1,-0.006325795315206051,-1,0.006325795315206051,0.21140873432159424,,,,1,63.25795315206051
2022-04-06,fold_6,EUR crisis downturn,-0.0006752836052328348,-1,-0.0007518871570937335,-1,0.0007518871570937335,0.2123194932937622,,,,1,7.5188715709373355
2022-04-07,fold_6,EUR crisis downturn,-0.0008311193087138236,-1,-0.0030639569740742445,-1,0.0030639569740742445,0.216033935546875,,,,1,30.639569740742445
2022-04-08,fold_6,EUR crisis downturn,-0.00019668988534249365,-1,0.0018505415646359324,1,-0.0018505415646359324,0.2137836217880249,,,,0,-18.505415646359324
2022-04-11,fold_6,EUR crisis downturn,-0.0009500299347564578,-1,-0.0006418824777938426,-1,0.0006418824777938426,0.2145627737045288,,,,1,6.4188247779384255
2022-04-12,fold_6,EUR crisis downturn,-0.0031748053152114153,-1,-0.004763457924127579,-1,0.004763457924127579,0.22034835815429688,,,,1,47.63457924127579
2022-04-13,fold_6,EUR crisis downturn,0.003703213529661298,1,0.00650522205978632,1,0.00650522205978632,0.2282869815826416,,,,1,65.0522205978632
2022-04-14,fold_6,EUR crisis downturn,-0.005263628903776407,-1,-0.0069362265057861805,-1,0.0069362265057861805,0.23680663108825684,,,,1,69.3622650578618
2022-04-18,fold_6,EUR crisis downturn,-0.003379219211637974,-1,-0.0030944086611270905,-1,0.0030944086611270905,0.24063384532928467,,,,1,30.944086611270905
2022-04-19,fold_6,EUR crisis downturn,-0.0007629274041391909,-1,0.0011765266535803676,1,-0.0011765266535803676,0.2391742467880249,,,,0,-11.765266535803676
2022-04-20,fold_6,EUR crisis downturn,0.005046458449214697,1,0.005132047925144434,1,0.005132047925144434,0.24553382396697998,,,,1,51.32047925144434
2022-04-21,fold_6,EUR crisis downturn,-0.0016783347819000483,-1,-0.0013543874956667423,-1,0.0013543874956667423,0.24722075462341309,,,,1,13.543874956667423
2022-04-22,fold_6,EUR crisis downturn,-0.004634694196283817,-1,-0.0022270376794040203,-1,0.0022270376794040203,0.24999845027923584,,,,1,22.270376794040203
2022-04-25,fold_6,EUR crisis downturn,-0.004409772343933582,-1,-0.008957143872976303,-1,0.008957143872976303,0.2611948251724243,,,,1,89.57143872976303
2022-04-26,fold_6,EUR crisis downturn,-0.004566672723740339,-1,-0.006588426884263754,-1,0.006588426884263754,0.269504189491272,,,,1,65.88426884263754
2022-04-27,fold_6,EUR crisis downturn,-0.005375211127102375,-1,-0.008317396976053715,-1,0.008317396976053715,0.2800631523132324,,,,1,83.17396976053715
2022-04-28,fold_6,EUR crisis downturn,-0.004457753151655197,-1,-0.004821411799639463,-1,0.004821411799639463,0.28623485565185547,,,,1,48.214117996394634
2022-05-02,fold_6,EUR crisis downturn,-0.004776231944561005,-1,-0.002553798258304596,-1,0.002553798258304596,0.28951966762542725,,,,1,25.53798258304596
2022-05-06,fold_6,EUR crisis downturn,0.001088870456442237,1,-0.0007161782123148441,-1,-0.0007161782123148441,0.28859615325927734,,,,0,-7.161782123148441
2022-05-09,fold_6,EUR crisis downturn,-5.8088051446247846e-05,-1,0.003190816380083561,1,-0.003190816380083561,0.28448450565338135,,,,0,-31.90816380083561
2022-05-10,fold_6,EUR crisis downturn,-0.002102741040289402,-1,-0.0031072180718183517,-1,0.0031072180718183517,0.2884756326675415,,,,1,31.072180718183517
2022-05-11,fold_6,EUR crisis downturn,0.0009992752457037568,1,-0.0019448387902230024,-1,-0.0019448387902230024,0.28596973419189453,,,,0,-19.448387902230024
2022-05-12,fold_6,EUR crisis downturn,-0.006887578871101141,-1,-0.0126422718167305,-1,0.0126422718167305,0.302227258682251,,,,1,126.42271816730499
2022-05-13,fold_6,EUR crisis downturn,0.0030305469408631325,1,0.002028132788836956,1,0.002028132788836956,0.30486834049224854,,,,1,20.28132788836956
2022-05-16,fold_6,EUR crisis downturn,0.00263096927665174,1,0.003684947732836008,1,0.003684947732836008,0.30967676639556885,,,,1,36.84947732836008
2022-05-17,fold_6,EUR crisis downturn,0.006329024210572243,1,0.01043185405433178,1,0.01043185405433178,0.32333922386169434,,,,1,104.3185405433178
2022-05-18,fold_6,EUR crisis downturn,-0.004554648417979479,-1,-0.007121461909264326,-1,0.007121461909264326,0.33276331424713135,,,,1,71.21461909264326
2022-05-19,fold_6,EUR crisis downturn,0.006899265572428703,1,0.010145164094865322,1,0.010145164094865322,0.3462843894958496,,,,1,101.45164094865322
2022-05-20,fold_6,EUR crisis downturn,-0.004033001605421305,-1,-0.000866660091560334,-1,0.000866660091560334,0.3474510908126831,,,,1,8.66660091560334
2022-05-23,fold_6,EUR crisis downturn,0.006654925178736448,1,0.010617928579449654,1,0.010617928579449654,0.3617582321166992,,,,1,106.17928579449654
2022-05-24,fold_6,EUR crisis downturn,0.002017366234213114,1,0.005099795293062925,1,0.005099795293062925,0.36870288848876953,,,,1,50.99795293062925
2022-05-25,fold_6,EUR crisis downturn,-0.00108547683339566,-1,-0.004648668225854635,-1,0.004648668225854635,0.37506556510925293,,,,1,46.48668225854635
2022-05-26,fold_6,EUR crisis downturn,0.002449579304084182,1,0.004336175508797169,1,0.004336175508797169,0.38102805614471436,,,,1,43.36175508797169
2022-05-27,fold_6,EUR crisis downturn,0.0013171442551538348,1,-0.0001395020226482302,-1,-0.0001395020226482302,0.3808354139328003,,,,0,-1.395020226482302
2022-05-31,fold_6,EUR crisis downturn,-0.0012309206649661064,-1,-0.0036603042390197515,-1,0.0036603042390197515,0.38588976860046387,,,,1,36.603042390197515
2022-06-01,fold_6,EUR crisis downturn,-0.005194837227463722,-1,-0.007447231560945511,-1,0.007447231560945511,0.39621078968048096,,,,1,74.47231560945511
2022-06-02,fold_6,EUR crisis downturn,0.006601467728614807,1,0.009095413610339165,1,0.009095413610339165,0.4089099168777466,,,,1,90.95413610339165
2022-06-03,fold_6,EUR crisis downturn,-0.0040299855172634125,-1,-0.0023275099229067564,-1,0.0023275099229067564,0.412189245223999,,,,1,23.275099229067564
2022-06-06,fold_6,EUR crisis downturn,-0.002969859167933464,-1,-0.003228839486837387,-1,0.003228839486837387,0.41674888134002686,,,,1,32.28839486837387
2022-06-07,fold_6,EUR crisis downturn,0.0014386666007339954,1,0.0006740176468156278,1,0.0006740176468156278,0.4177037477493286,,,,1,6.740176468156278
2022-06-08,fold_6,EUR crisis downturn,-0.0018457574769854546,-1,0.0017791216960176826,1,-0.0017791216960176826,0.41518139839172363,,,,0,-17.791216960176826
2022-06-09,fold_6,EUR crisis downturn,-0.005289897788316011,-1,-0.009185684844851494,-1,0.009185684844851494,0.4281808137893677,,,,1,91.85684844851494
2022-06-10,fold_6,EUR crisis downturn,-0.006331289652734995,-1,-0.012168340384960175,-1,0.012168340384960175,0.44555938243865967,,,,1,121.68340384960175
2022-06-13,fold_6,EUR crisis downturn,-0.006002466194331646,-1,-0.0071343835443258286,-1,0.0071343835443258286,0.45587265491485596,,,,1,71.34383544325829
2022-06-14,fold_6,EUR crisis downturn,-0.003532232716679573,-1,0.0024430977646261454,1,-0.0024430977646261454,0.4523158073425293,,,,0,-24.430977646261454
2022-06-15,fold_6,EUR crisis downturn,0.003350243903696537,1,0.0014952836791053414,1,0.0014952836791053414,0.45448732376098633,,,,1,14.952836791053414
2022-06-16,fold_6,EUR crisis downturn,0.007342667784541845,1,0.00866952445358038,1,0.00866952445358038,0.46709704399108887,,,,1,86.6952445358038
2022-06-17,fold_6,EUR crisis downturn,-0.006422038190066814,-1,-0.005256267264485359,-1,0.005256267264485359,0.47480857372283936,,,,1,52.56267264485359
2022-06-21,fold_6,EUR crisis downturn,0.0024401380214840174,1,0.001126965624280274,1,0.001126965624280274,0.4764707088470459,,,,1,11.26965624280274
2022-06-22,fold_6,EUR crisis downturn,0.0026814655866473913,1,0.0029896728228777647,1,0.0029896728228777647,0.4808847904205322,,,,1,29.896728228777647
2022-06-23,fold_6,EUR crisis downturn,-0.0016516611212864518,-1,-0.004165956750512123,-1,0.004165956750512123,0.48705410957336426,,,,1,41.65956750512123
2022-06-24,fold_6,EUR crisis downturn,0.0026816450990736485,1,0.004374321084469557,1,0.004374321084469557,0.4935588836669922,,,,1,43.74321084469557
2022-06-27,fold_6,EUR crisis downturn,0.00206586136482656,1,0.0013967370614409447,1,0.0013967370614409447,0.49564504623413086,,,,1,13.967370614409447
2022-06-28,fold_6,EUR crisis downturn,-0.004694843664765358,-1,-0.0054197353310883045,-1,0.0054197353310883045,0.5037510395050049,,,,1,54.197353310883045
2022-06-29,fold_6,EUR crisis downturn,-0.004137310665100813,-1,-0.007312588859349489,-1,0.007312588859349489,0.5147472620010376,,,,1,73.12588859349489
2022-06-30,fold_6,EUR crisis downturn,0.0032264513429254293,1,0.0029757271986454725,1,0.0029757271986454725,0.5192546844482422,,,,1,29.757271986454725
2022-07-01,fold_6,EUR crisis downturn,-0.0038254866376519203,-1,-0.0041735912673175335,-1,0.0041735912673175335,0.5255955457687378,,,,1,41.735912673175335
2022-07-05,fold_6,EUR crisis downturn,-0.009028265252709389,-1,-0.01682257279753685,-1,0.01682257279753685,0.5512599945068359,,,,1,168.2257279753685
2022-07-06,fold_6,EUR crisis downturn,-0.00511890510097146,-1,-0.006947201211005449,-1,0.006947201211005449,0.5620368719100952,,,,1,69.4720121100545
2022-07-07,fold_6,EUR crisis downturn,-6.002876034472138e-05,-1,-0.0016271539498120546,-1,0.0016271539498120546,0.564578652381897,,,,1,16.271539498120546
2022-07-08,fold_6,EUR crisis downturn,0.0014782983344048262,1,-0.0003659561334643513,-1,-0.0003659561334643513,0.5640060901641846,,,,0,-3.659561334643513
2022-07-11,fold_6,EUR crisis downturn,-0.005935229826718569,-1,-0.01166516449302435,-1,0.01166516449302435,0.5822503566741943,,,,1,116.65164493024349
2022-07-12,fold_6,EUR crisis downturn,-0.000511053076479584,-1,-0.0014347791438922286,-1,0.0014347791438922286,0.5845205783843994,,,,1,14.347791438922286
2022-07-13,fold_6,EUR crisis downturn,0.0012243703240528703,1,-4.015977538074367e-05,-1,-4.015977538074367e-05,0.5844569206237793,,,,0,-0.4015977538074367
2022-07-14,fold_6,EUR crisis downturn,-0.004683713428676128,-1,-0.0007017548778094351,-1,0.0007017548778094351,0.585568904876709,,,,1,7.017548778094351
2022-07-15,fold_6,EUR crisis downturn,0.004380662459880114,1,0.007047208957374096,1,0.007047208957374096,0.5967426300048828,,,,1,70.47208957374096
2022-07-19,fold_6,EUR crisis downturn,0.006298399064689875,1,0.008491970598697662,1,0.008491970598697662,0.610302209854126,,,,1,84.91970598697662
2022-07-20,fold_6,EUR crisis downturn,-0.0037179430946707726,-1,-0.004745147656649351,-1,0.004745147656649351,0.617943286895752,,,,1,47.45147656649351
2022-07-21,fold_6,EUR crisis downturn,0.0017871244344860315,1,0.00376132526434958,1,0.00376132526434958,0.6240288019180298,,,,1,37.6132526434958
2022-07-22,fold_6,EUR crisis downturn,0.0016328038182109594,1,-0.002039989223703742,-1,-0.002039989223703742,0.620715856552124,,,,0,-20.39989223703742
2022-07-25,fold_6,EUR crisis downturn,0.002316392259672284,1,0.0024232829455286264,1,0.0024232829455286264,0.6246433258056641,,,,1,24.232829455286264
2022-07-26,fold_6,EUR crisis downturn,-0.005763648543506861,-1,-0.009329265914857388,-1,0.009329265914857388,0.6398001909255981,,,,1,93.29265914857388
2022-07-27,fold_6,EUR crisis downturn,0.00619934918358922,1,0.007871334441006184,1,0.007871334441006184,0.6527076959609985,,,,1,78.71334441006184
2022-07-28,fold_6,EUR crisis downturn,0.0009483423782512546,1,-0.0016614561900496483,-1,-0.0016614561900496483,0.6499617099761963,,,,0,-16.614561900496483
2022-07-29,fold_6,EUR crisis downturn,0.003890399821102619,1,0.001561881392262876,1,0.001561881392262876,0.6525387763977051,,,,1,15.61881392262876
2022-08-01,fold_6,EUR crisis downturn,0.003660858841612935,1,0.005202550906687975,1,0.005202550906687975,0.6611361503601074,,,,1,52.02550906687975
2022-08-02,fold_6,EUR crisis downturn,-0.0054797157645225525,-1,-0.010297809727489948,-1,0.010297809727489948,0.6782422065734863,,,,1,102.97809727489948
2022-08-03,fold_6,EUR crisis downturn,-0.002017656806856394,-1,0.00019285830785520375,1,-0.00019285830785520375,0.677918553352356,,,,0,-1.9285830785520375
2022-08-04,fold_6,EUR crisis downturn,0.00631722854450345,1,0.008874700404703617,1,0.008874700404703617,0.6928094625473022,,,,1,88.74700404703617
2022-08-05,fold_6,EUR crisis downturn,-0.0061484817415475845,-1,-0.007506103254854679,-1,0.007506103254854679,0.7055158615112305,,,,1,75.06103254854679
2022-08-08,fold_6,EUR crisis downturn,0.0018558355513960123,1,0.002630935749039054,1,0.002630935749039054,0.7100030183792114,,,,1,26.30935749039054
2022-08-09,fold_6,EUR crisis downturn,0.00048053357750177383,1,0.001031049294397235,1,0.001031049294397235,0.7117661237716675,,,,1,10.31049294397235
2022-08-10,fold_6,EUR crisis downturn,0.00823092833161354,1,0.00907498225569725,1,0.00907498225569725,0.7273002862930298,,,,1,90.7498225569725
2022-08-12,fold_6,EUR crisis downturn,-0.004564894363284111,-1,-0.005846230313181877,-1,0.005846230313181877,0.7373985052108765,,,,1,58.46230313181877
2022-08-15,fold_6,EUR crisis downturn,-0.005395020358264446,-1,-0.009206736460328102,-1,0.009206736460328102,0.753394365310669,,,,1,92.06736460328102
2022-08-16,fold_6,EUR crisis downturn,0.000683027261402458,1,0.0008543621515855193,1,0.0008543621515855193,0.7548924684524536,,,,1,8.543621515855193
2022-08-17,fold_6,EUR crisis downturn,-0.0008342811488546431,-1,0.000936616794206202,1,-0.000936616794206202,0.7532488107681274,,,,0,-9.36616794206202
2022-08-18,fold_6,EUR crisis downturn,-0.005562675651162863,-1,-0.00886909943073988,-1,0.00886909943073988,0.7687984704971313,,,,1,88.6909943073988
2022-08-19,fold_6,EUR crisis downturn,-0.00478637870401144,-1,-0.005418936721980572,-1,0.005418936721980572,0.7783833742141724,,,,1,54.18936721980572
2022-08-22,fold_6,EUR crisis downturn,-0.0060804374516010284,-1,-0.009541994892060757,-1,0.009541994892060757,0.7953526973724365,,,,1,95.41994892060757
2022-08-23,fold_6,EUR crisis downturn,0.003920349758118391,1,0.0027609101962298155,1,0.0027609101962298155,0.800309419631958,,,,1,27.609101962298155
2022-08-24,fold_6,EUR crisis downturn,-0.0006077430443838239,-1,0.00021929587819613516,1,-0.00021929587819613516,0.7999145984649658,,,,0,-2.1929587819613516
2022-08-25,fold_6,EUR crisis downturn,0.0020952080376446247,1,0.00021942718012724072,1,0.00021942718012724072,0.8003096580505371,,,,1,2.194271801272407
2022-08-26,fold_6,EUR crisis downturn,-0.004243424627929926,-1,-0.0032698833383619785,-1,0.0032698833383619785,0.8061964511871338,,,,1,32.698833383619785
2022-08-29,fold_6,EUR crisis downturn,-0.0002191253734054044,-1,0.00758057227358222,1,-0.00758057227358222,0.7925044298171997,,,,0,-75.8057227358222
2022-08-30,fold_6,EUR crisis downturn,0.00045146577758714557,1,0.0011028088629245758,1,0.0011028088629245758,0.7944811582565308,,,,1,11.028088629245758
2022-08-31,fold_6,EUR crisis downturn,0.0008303761715069413,1,0.001395423780195415,1,0.001395423780195415,0.7969852685928345,,,,1,13.95423780195415
2022-09-01,fold_6,EUR crisis downturn,-0.005795806646347046,-1,-0.008638561703264713,-1,0.008638561703264713,0.8125087022781372,,,,1,86.38561703264713
2022-09-02,fold_6,EUR crisis downturn,0.0016452199779450893,1,-0.004310653544962406,-1,-0.004310653544962406,0.8046956062316895,,,,0,-43.10653544962406
2022-09-06,fold_6,EUR crisis downturn,-0.005279663950204849,-1,-0.005453890655189753,-1,0.005453890655189753,0.8145383596420288,,,,1,54.538906551897526
2022-09-07,fold_6,EUR crisis downturn,0.0031078022439032793,1,0.009875823743641376,1,0.009875823743641376,0.8324583768844604,,,,1,98.75823743641376
2022-09-08,fold_6,EUR crisis downturn,0.001287593157030642,1,0.0016320209251716733,1,0.0016320209251716733,0.8354488611221313,,,,1,16.320209251716733
2022-09-09,fold_6,EUR crisis downturn,0.0058378055691719055,1,0.00593199860304594,1,0.00593199860304594,0.8463367223739624,,,,1,59.319986030459404
2022-09-12,fold_6,EUR crisis downturn,0.005841556470841169,1,0.005773918703198433,1,0.005773918703198433,0.8569972515106201,,,,1,57.73918703198433
2022-09-13,fold_6,EUR crisis downturn,-0.009312269277870655,-1,-0.014563821256160736,-1,0.014563821256160736,0.8840421438217163,,,,1,145.63821256160736
2022-09-14,fold_6,EUR crisis downturn,0.002159997122362256,1,0.00019961698853876442,1,0.00019961698853876442,0.8844183683395386,,,,1,1.9961698853876442
2022-09-15,fold_6,EUR crisis downturn,-0.0007316260598599911,-1,0.0004294819082133472,1,-0.0004294819082133472,0.8836089372634888,,,,0,-4.294819082133472
2022-09-16,fold_6,EUR crisis downturn,-0.0002855225175153464,-1,0.0034075863659381866,1,-0.0034075863659381866,0.877190351486206,,,,0,-34.07586365938187
2022-09-20,fold_6,EUR crisis downturn,-0.0037623534444719553,-1,-0.005862889811396599,-1,0.005862889811396599,0.8881959915161133,,,,1,58.62889811396599
2022-09-21,fold_6,EUR crisis downturn,-0.0036807439755648375,-1,-0.014048072509467602,-1,0.014048072509467602,0.9147216081619263,,,,1,140.48072509467602
2022-09-22,fold_6,EUR crisis downturn,-0.005149982403963804,-1,0.0011022116523236036,1,-0.0011022116523236036,0.9126111268997192,,,,0,-11.022116523236036
2022-09-26,fold_6,EUR crisis downturn,-0.006523073650896549,-1,-0.006832936313003302,-1,0.006832936313003302,0.9256799221038818,,,,1,68.32936313003302
2022-09-27,fold_6,EUR crisis downturn,0.0003917179419659078,1,-0.002859671600162983,-1,-0.002859671600162983,0.920173168182373,,,,0,-28.59671600162983
2022-09-28,fold_6,EUR crisis downturn,0.008326212875545025,1,0.011669258587062359,1,0.011669258587062359,0.9425802230834961,,,,1,116.69258587062359
2022-09-29,fold_6,EUR crisis downturn,0.003563577076420188,1,0.012503246776759624,1,0.012503246776759624,0.9668688774108887,,,,1,125.03246776759624
2025-01-22,fold_7,Recent mixed/upturn,-0.00041163552668876946,-1,0.00040599689236842096,1,-0.00040599689236842096,-0.00040596723556518555,,,,0,-4.05996892368421
2025-01-23,fold_7,Recent mixed/upturn,0.0012653550365939736,1,0.0005624851328320801,1,0.0005624851328320801,0.00015628337860107422,,,,1,5.624851328320801
2025-01-24,fold_7,Recent mixed/upturn,0.00495881075039506,1,0.00495113804936409,1,0.00495113804936409,0.0051081180572509766,,,,1,49.5113804936409
2025-01-27,fold_7,Recent mixed/upturn,0.0006248920690268278,1,-0.0021516145206987858,-1,-0.0021516145206987858,0.002945542335510254,,,,0,-21.516145206987858
2025-01-28,fold_7,Recent mixed/upturn,-0.003556302282959223,-1,-0.001533105387352407,-1,0.001533105387352407,0.004483222961425781,,,,1,15.33105387352407
2025-01-29,fold_7,Recent mixed/upturn,-0.0008537652320228517,-1,-0.0003648616257123649,-1,0.0003648616257123649,0.004849791526794434,,,,1,3.648616257123649
2025-01-30,fold_7,Recent mixed/upturn,0.001882922719232738,1,-0.0026825745590031147,-1,-0.0026825745590031147,0.002154231071472168,,,,0,-26.825745590031147
2025-01-31,fold_7,Recent mixed/upturn,-0.004313346464186907,-1,-0.014377536252140999,-1,0.014377536252140999,0.016562819480895996,,,,1,143.77536252141
2025-02-03,fold_7,Recent mixed/upturn,-0.0049736713990569115,-1,0.0077662100084125996,1,-0.0077662100084125996,0.008667945861816406,,,,0,-77.662100084126
2025-02-04,fold_7,Recent mixed/upturn,0.006459693890064955,1,0.004398011602461338,1,0.004398011602461338,0.013104081153869629,,,,1,43.98011602461338
2025-02-05,fold_7,Recent mixed/upturn,0.002737445291131735,1,0.002704183105379343,1,0.002704183105379343,0.015843629837036133,,,,1,27.04183105379343
2025-02-06,fold_7,Recent mixed/upturn,-0.0005671916296705604,-1,-0.0014540054835379124,-1,0.0014540054835379124,0.017320632934570312,,,,1,14.540054835379124
2025-02-07,fold_7,Recent mixed/upturn,-0.0033107532653957605,-1,-0.007135644089430571,-1,0.007135644089430571,0.024579882621765137,,,,1,71.3564408943057
2025-02-10,fold_7,Recent mixed/upturn,-0.0019023921340703964,-1,-0.0009786115260794759,-1,0.0009786115260794759,0.025582551956176758,,,,1,9.786115260794759
2025-02-12,fold_7,Recent mixed/upturn,0.00024043717712629586,1,0.002608470618724823,1,0.002608470618724823,0.02825772762298584,,,,1,26.08470618724823
2025-02-13,fold_7,Recent mixed/upturn,0.004582903813570738,1,0.006705875508487225,1,0.006705875508487225,0.03515315055847168,,,,1,67.05875508487225
2025-02-14,fold_7,Recent mixed/upturn,0.005488446447998285,1,0.002632782096043229,1,0.002632782096043229,0.03787839412689209,,,,1,26.32782096043229
2025-02-18,fold_7,Recent mixed/upturn,-0.0034962703939527273,-1,-0.00353158637881279,-1,0.00353158637881279,0.04154372215270996,,,,1,35.3158637881279
2025-02-19,fold_7,Recent mixed/upturn,-0.00043366305180825293,-1,-0.002615605480968952,-1,0.002615605480968952,0.044268012046813965,,,,1,26.156054809689522
2025-02-20,fold_7,Recent mixed/upturn,0.006048864219337702,1,0.007633917964994907,1,0.007633917964994907,0.05223989486694336,,,,1,76.33917964994907
2025-02-21,fold_7,Recent mixed/upturn,-0.002505779266357422,-1,-0.0024511523079127073,-1,0.0024511523079127073,0.05481910705566406,,,,1,24.511523079127073
2025-02-25,fold_7,Recent mixed/upturn,0.002179144648835063,1,0.005998783744871616,1,0.005998783744871616,0.06114673614501953,,,,1,59.987837448716164
2025-02-26,fold_7,Recent mixed/upturn,-0.0006286888383328915,-1,-0.0033563824836164713,-1,0.0033563824836164713,0.06470835208892822,,,,1,33.56382483616471
2025-02-27,fold_7,Recent mixed/upturn,-0.0047494471073150635,-1,-0.008929464034736156,-1,0.008929464034736156,0.07421565055847168,,,,1,89.29464034736156
2025-02-28,fold_7,Recent mixed/upturn,-0.0027484323363751173,-1,0.0018017083639279008,1,-0.0018017083639279008,0.0722801685333252,,,,0,-18.017083639279008
2025-03-03,fold_7,Recent mixed/upturn,0.00634241895750165,1,0.006836147513240576,1,0.006836147513240576,0.07961046695709229,,,,1,68.36147513240576
2025-03-04,fold_7,Recent mixed/upturn,0.00599506963044405,1,0.013538874685764313,1,0.013538874685764313,0.09422719478607178,,,,1,135.38874685764313
2025-03-05,fold_7,Recent mixed/upturn,-0.0014913709601387382,-1,0.015803681686520576,1,-0.015803681686520576,0.0769343376159668,,,,0,-158.03681686520576
2025-03-06,fold_7,Recent mixed/upturn,0.00550874462351203,1,-0.0006472344393841922,-1,-0.0006472344393841922,0.07623732089996338,,,,0,-6.472344393841922
2025-03-07,fold_7,Recent mixed/upturn,0.002202352974563837,1,0.006733564659953117,1,0.006733564659953117,0.08348417282104492,,,,1,67.33564659953117
2025-03-10,fold_7,Recent mixed/upturn,-0.0009557330049574375,-1,-0.0019510398851707578,-1,0.0019510398851707578,0.08559811115264893,,,,1,19.510398851707578
2025-03-11,fold_7,Recent mixed/upturn,0.004174856469035149,1,0.006897692568600178,1,0.006897692568600178,0.09308624267578125,,,,1,68.97692568600178
2025-03-12,fold_7,Recent mixed/upturn,-0.0013052680296823382,-1,-0.002558252075687051,-1,0.002558252075687051,0.09588265419006348,,,,1,25.582520756870508
2025-03-13,fold_7,Recent mixed/upturn,-0.001686488394625485,-1,-0.0028116365429013968,-1,0.0028116365429013968,0.09896385669708252,,,,1,28.116365429013968
2025-03-14,fold_7,Recent mixed/upturn,0.001349139609374106,1,0.002361313672736287,1,0.002361313672736287,0.10155880451202393,,,,1,23.61313672736287
2025-03-17,fold_7,Recent mixed/upturn,0.002592886798083782,1,0.003483176464214921,1,0.003483176464214921,0.10539567470550537,,,,1,34.83176464214921
2025-03-18,fold_7,Recent mixed/upturn,0.0009540656465105712,1,0.0018596742302179337,1,0.0018596742302179337,0.10745131969451904,,,,1,18.596742302179337
2025-03-19,fold_7,Recent mixed/upturn,-0.0010780440643429756,-1,-0.0025206219870597124,-1,0.0025206219870597124,0.11024284362792969,,,,1,25.206219870597124
2025-03-21,fold_7,Recent mixed/upturn,-0.0015018921112641692,-1,-0.0019287904724478722,-1,0.0019287904724478722,0.11238431930541992,,,,1,19.28790472447872
2025-03-24,fold_7,Recent mixed/upturn,-0.0009527576039545238,-1,-0.0029709464870393276,-1,0.0029709464870393276,0.11568915843963623,,,,1,29.709464870393276
2025-03-25,fold_7,Recent mixed/upturn,0.0009675270994193852,1,-0.001488630659878254,-1,-0.001488630659878254,0.11402833461761475,,,,0,-14.88630659878254
2025-03-26,fold_7,Recent mixed/upturn,-0.0032457998022437096,-1,-0.0042109801433980465,-1,0.0042109801433980465,0.11871945858001709,,,,1,42.109801433980465
2025-03-27,fold_7,Recent mixed/upturn,0.0042495992965996265,1,0.0054869032464921474,1,0.0054869032464921474,0.12485766410827637,,,,1,54.869032464921474
2025-03-28,fold_7,Recent mixed/upturn,0.00021118856966495514,1,0.002121507888659835,1,0.002121507888659835,0.1272439956665039,,,,1,21.21507888659835
2025-03-31,fold_7,Recent mixed/upturn,-0.0009565881919115782,-1,-0.0004652105853892863,-1,0.0004652105853892863,0.1277683973312378,,,,1,4.652105853892863
2025-04-01,fold_7,Recent mixed/upturn,-0.00022828405781183392,-1,-0.0021160184405744076,-1,0.0021160184405744076,0.13015472888946533,,,,1,21.160184405744076
2025-04-02,fold_7,Recent mixed/upturn,0.0037265222053974867,1,0.010439658537507057,1,0.010439658537507057,0.14195311069488525,,,,1,104.39658537507057
2025-04-03,fold_7,Recent mixed/upturn,0.007878705859184265,1,0.012380016967654228,1,0.012380016967654228,0.15609049797058105,,,,1,123.80016967654228
2025-04-04,fold_7,Recent mixed/upturn,-0.007011694367974997,-1,-0.0053604403510689735,-1,0.0053604403510689735,0.16228771209716797,,,,1,53.604403510689735
2025-04-07,fold_7,Recent mixed/upturn,-0.0019469736143946648,-1,-0.006298223044723272,-1,0.006298223044723272,0.1696079969406128,,,,1,62.98223044723272
2025-04-08,fold_7,Recent mixed/upturn,0.0024985952768474817,1,0.005962451454252005,1,0.005962451454252005,0.1765817403793335,,,,1,59.624514542520046
2025-04-09,fold_7,Recent mixed/upturn,0.000850331038236618,1,-0.0025847177021205425,-1,-0.0025847177021205425,0.17354059219360352,,,,0,-25.847177021205425
2025-04-10,fold_7,Recent mixed/upturn,0.008969071321189404,1,0.027919435873627663,1,0.027919435873627663,0.2063051462173462,,,,1,279.1943587362766
2025-04-11,fold_7,Recent mixed/upturn,0.003818758064880967,1,0.00757727911695838,1,0.00757727911695838,0.2154456377029419,,,,1,75.7727911695838
2025-04-14,fold_7,Recent mixed/upturn,0.002896880265325308,1,-0.00030624307692050934,-1,-0.00030624307692050934,0.21507346630096436,,,,0,-3.0624307692050934
2025-04-15,fold_7,Recent mixed/upturn,-0.004882589913904667,-1,-0.00414437847211957,-1,0.00414437847211957,0.220109224319458,,,,1,41.4437847211957
2025-04-16,fold_7,Recent mixed/upturn,0.006219483911991119,1,0.00922001339495182,1,0.00922001339495182,0.23135864734649658,,,,1,92.2001339495182
2025-04-17,fold_7,Recent mixed/upturn,-0.0006924076587893069,-1,0.01017727330327034,1,-0.01017727330327034,0.2188267707824707,,,,0,-101.7727330327034
2025-04-22,fold_7,Recent mixed/upturn,-0.005181690212339163,-1,-0.01403016597032547,-1,0.01403016597032547,0.23592722415924072,,,,1,140.3016597032547
2025-04-23,fold_7,Recent mixed/upturn,-0.005228150170296431,-1,-0.0021068835631012917,-1,0.0021068835631012917,0.238531231880188,,,,1,21.068835631012917
2025-04-24,fold_7,Recent mixed/upturn,0.003757401369512081,1,0.003934726119041443,1,0.003934726119041443,0.24340450763702393,,,,1,39.34726119041443
2025-04-25,fold_7,Recent mixed/upturn,-0.0021672348957508802,-1,-0.002529496792703867,-1,0.002529496792703867,0.24654972553253174,,,,1,25.29496792703867
2025-04-28,fold_7,Recent mixed/upturn,0.003910447005182505,1,0.005818618461489677,1,0.005818618461489677,0.2538028955459595,,,,1,58.186184614896774
2025-04-30,fold_7,Recent mixed/upturn,-0.001857474446296692,-1,-0.005651242099702358,-1,0.005651242099702358,0.2608884572982788,,,,1,56.51242099702358
2025-05-01,fold_7,Recent mixed/upturn,-0.004416740033775568,-1,-0.002507785800844431,-1,0.002507785800844431,0.2640504837036133,,,,1,25.07785800844431
2025-05-02,fold_7,Recent mixed/upturn,0.0022839955054223537,1,0.0023665628395974636,1,0.0023665628395974636,0.2670419216156006,,,,1,23.665628395974636
2025-05-07,fold_7,Recent mixed/upturn,-0.0032621128484606743,-1,-0.003222282975912094,-1,0.003222282975912094,0.27112460136413574,,,,1,32.22282975912094
2025-05-08,fold_7,Recent mixed/upturn,-0.006013634614646435,-1,-0.007250799797475338,-1,0.007250799797475338,0.2803412675857544,,,,1,72.50799797475338
2025-05-09,fold_7,Recent mixed/upturn,0.0027925639878958464,1,0.0004828175879083574,1,0.0004828175879083574,0.2809593677520752,,,,1,4.828175879083574
2025-05-12,fold_7,Recent mixed/upturn,-0.007489442825317383,-1,-0.011938820593059063,-1,0.011938820593059063,0.2962524890899658,,,,1,119.38820593059063
2025-05-13,fold_7,Recent mixed/upturn,0.00643244618549943,1,0.008109462447464466,1,0.008109462447464466,0.3067643642425537,,,,1,81.09462447464466
2025-05-14,fold_7,Recent mixed/upturn,-0.0007571046589873731,-1,-0.0003241990343667567,-1,0.0003241990343667567,0.3071880340576172,,,,1,3.2419903436675668
2025-05-15,fold_7,Recent mixed/upturn,0.0018520537996664643,1,0.0009625714155845344,1,0.0009625714155845344,0.30844640731811523,,,,1,9.625714155845344
2025-05-16,fold_7,Recent mixed/upturn,-0.0014590321807190776,-1,-0.0004587228177115321,-1,0.0004587228177115321,0.3090466260910034,,,,1,4.587228177115321
2025-05-19,fold_7,Recent mixed/upturn,0.005722977686673403,1,0.004100138321518898,1,0.004100138321518898,0.31441378593444824,,,,1,41.00138321518898
2025-05-20,fold_7,Recent mixed/upturn,0.002387810265645385,1,0.004853827878832817,1,0.004853827878832817,0.3207937479019165,,,,1,48.53827878832817
2025-05-21,fold_7,Recent mixed/upturn,0.004148487001657486,1,0.003829962108284235,1,0.003829962108284235,0.32585227489471436,,,,1,38.29962108284235
2025-05-22,fold_7,Recent mixed/upturn,-0.0037805726751685143,-1,-0.004354733508080244,-1,0.004354733508080244,0.33162593841552734,,,,1,43.54733508080244
2025-05-23,fold_7,Recent mixed/upturn,0.00641118548810482,1,0.00806327536702156,1,0.00806327536702156,0.34236323833465576,,,,1,80.6327536702156
2025-05-27,fold_7,Recent mixed/upturn,-0.004414260387420654,-1,-0.004512133076786995,-1,0.004512133076786995,0.34842026233673096,,,,1,45.12133076786995
2025-05-28,fold_7,Recent mixed/upturn,-0.003330826060846448,-1,-0.009121845476329327,-1,0.009121845476329327,0.3607203960418701,,,,1,91.21845476329327
2025-05-29,fold_7,Recent mixed/upturn,0.005490446928888559,1,0.012880357913672924,1,0.012880357913672924,0.37824690341949463,,,,1,128.80357913672924
2025-05-30,fold_7,Recent mixed/upturn,-0.0009507974027656019,-1,-0.002202543430030346,-1,0.002202543430030346,0.3812824487686157,,,,1,22.02543430030346
2025-06-02,fold_7,Recent mixed/upturn,0.005154176149517298,1,0.008819226175546646,1,0.008819226175546646,0.3934643268585205,,,,1,88.19226175546646
2025-06-03,fold_7,Recent mixed/upturn,-0.0048118880949914455,-1,-0.006022475194185972,-1,0.006022475194185972,0.4018564224243164,,,,1,60.22475194185972
2025-06-04,fold_7,Recent mixed/upturn,0.004287520423531532,1,0.0033009489998221397,1,0.0033009489998221397,0.4064837694168091,,,,1,33.0094899982214
2025-06-05,fold_7,Recent mixed/upturn,0.000308184971800074,1,0.0027832789346575737,1,0.0027832789346575737,0.4103984832763672,,,,1,27.832789346575737
2025-06-06,fold_7,Recent mixed/upturn,-0.003798941383138299,-1,-0.004015539772808552,-1,0.004015539772808552,0.41606199741363525,,,,1,40.15539772808552
2025-06-09,fold_7,Recent mixed/upturn,0.0022944642696529627,1,0.001771340030245483,1,0.001771340030245483,0.41857028007507324,,,,1,17.71340030245483
2025-06-10,fold_7,Recent mixed/upturn,-0.0005615033442154527,-1,0.0008235503337346017,1,-0.0008235503337346017,0.4174020290374756,,,,0,-8.235503337346017
2025-06-11,fold_7,Recent mixed/upturn,0.003456925740465522,1,0.006284058094024658,1,0.006284058094024658,0.4263089895248413,,,,1,62.84058094024658
2025-06-12,fold_7,Recent mixed/upturn,0.0061851018108427525,1,0.007899755612015724,1,0.007899755612015724,0.4375765323638916,,,,1,78.99755612015724
2025-06-13,fold_7,Recent mixed/upturn,-0.002792472019791603,-1,-0.003755935002118349,-1,0.003755935002118349,0.4429759979248047,,,,1,37.55935002118349
2025-06-16,fold_7,Recent mixed/upturn,0.0019658678211271763,1,-0.0004620169347617775,-1,-0.0004620169347617775,0.4423093795776367,,,,0,-4.620169347617775
2025-06-17,fold_7,Recent mixed/upturn,-0.005584115162491798,-1,-0.005948005244135857,-1,0.005948005244135857,0.45088815689086914,,,,1,59.480052441358566
2025-06-18,fold_7,Recent mixed/upturn,-0.00036508208722807467,-1,-0.0004476588510442525,-1,0.0004476588510442525,0.4515376091003418,,,,1,4.476588510442525
2025-06-20,fold_7,Recent mixed/upturn,0.0016848614905029535,1,-0.0010350376833230257,-1,-0.0010350376833230257,0.4500352144241333,,,,0,-10.350376833230257
2025-06-23,fold_7,Recent mixed/upturn,0.0027150402311235666,1,0.008536921814084053,1,0.008536921814084053,0.462414026260376,,,,1,85.36921814084053
2025-06-24,fold_7,Recent mixed/upturn,0.004397427197545767,1,0.0011379257775843143,1,0.0011379257775843143,0.4640781879425049,,,,1,11.379257775843143
2025-06-25,fold_7,Recent mixed/upturn,0.0017028702422976494,1,0.006157340481877327,1,0.006157340481877327,0.4730931520462036,,,,1,61.57340481877327
2025-06-26,fold_7,Recent mixed/upturn,0.004369031637907028,1,0.0007249234477058053,1,0.0007249234477058053,0.4741610288619995,,,,1,7.249234477058053
2025-06-27,fold_7,Recent mixed/upturn,-0.00214826175943017,-1,0.0030139251612126827,1,-0.0030139251612126827,0.4697180986404419,,,,0,-30.139251612126827
2025-06-30,fold_7,Recent mixed/upturn,0.004303630907088518,1,0.005092043429613113,1,0.005092043429613113,0.4772019386291504,,,,1,50.920434296131134
2025-07-01,fold_7,Recent mixed/upturn,0.0007348257349804044,1,0.0015583859058097005,1,0.0015583859058097005,0.4795039892196655,,,,1,15.583859058097005
2025-07-02,fold_7,Recent mixed/upturn,0.000670085777528584,1,-0.00044844072544947267,-1,-0.00044844072544947267,0.4788404703140259,,,,0,-4.484407254494727
2025-07-03,fold_7,Recent mixed/upturn,-0.0035940748639404774,-1,-0.0024366681464016438,-1,0.0024366681464016438,0.48244380950927734,,,,1,24.366681464016438
2025-07-07,fold_7,Recent mixed/upturn,-0.003179558552801609,-1,-0.003755652578547597,-1,0.003755652578547597,0.48801136016845703,,,,1,37.55652578547597
2025-07-08,fold_7,Recent mixed/upturn,-0.00027010063058696687,-1,-0.0010200783144682646,-1,0.0010200783144682646,0.48952925205230713,,,,1,10.200783144682646
2025-07-09,fold_7,Recent mixed/upturn,0.0005889778258278966,1,0.000563176698051393,1,0.000563176698051393,0.490368127822876,,,,1,5.63176698051393
2025-07-10,fold_7,Recent mixed/upturn,-0.0011744654038920999,-1,-0.002422562800347805,-1,0.002422562800347805,0.4939786195755005,,,,1,24.22562800347805
2025-07-11,fold_7,Recent mixed/upturn,-0.0012935686390846968,-1,-0.0017639847937971354,-1,0.0017639847937971354,0.49661386013031006,,,,1,17.639847937971354
2025-07-14,fold_7,Recent mixed/upturn,-0.0017550605116412044,-1,-0.0013532100711017847,-1,0.0013532100711017847,0.49863922595977783,,,,1,13.532100711017847
2025-07-15,fold_7,Recent mixed/upturn,-0.004537972621619701,-1,-0.005049251951277256,-1,0.005049251951277256,0.5062061548233032,,,,1,50.49251951277256
2025-07-16,fold_7,Recent mixed/upturn,0.002739593619480729,1,0.002443466568365693,1,0.002443466568365693,0.5098865032196045,,,,1,24.43466568365693
2025-07-17,fold_7,Recent mixed/upturn,-0.0030658445321023464,-1,-0.0017422791570425034,-1,0.0017422791570425034,0.5125170946121216,,,,1,17.422791570425034
2025-07-18,fold_7,Recent mixed/upturn,0.00235173711553216,1,0.0013141727540642023,1,0.0013141727540642023,0.5145047903060913,,,,1,13.141727540642023
2025-07-22,fold_7,Recent mixed/upturn,0.004025980830192566,1,0.003815255593508482,1,0.003815255593508482,0.5202831029891968,,,,1,38.15255593508482
2025-07-23,fold_7,Recent mixed/upturn,0.0017385643441230059,1,0.0029907028656452894,1,0.0029907028656452894,0.5248298645019531,,,,1,29.907028656452894
2025-07-24,fold_7,Recent mixed/upturn,-0.0011964585864916444,-1,-0.001540047349408269,-1,0.001540047349408269,0.527178168296814,,,,1,15.40047349408269
2025-07-25,fold_7,Recent mixed/upturn,-0.002470792969688773,-1,5.8711641031550243e-05,1,-5.8711641031550243e-05,0.5270885229110718,,,,0,-0.5871164103155024
2025-07-28,fold_7,Recent mixed/upturn,-0.006755294743925333,-1,-0.013614622876048088,-1,0.013614622876048088,0.5478793382644653,,,,1,136.14622876048088
2025-07-29,fold_7,Recent mixed/upturn,-0.0022591303568333387,-1,-0.003950425889343023,-1,0.003950425889343023,0.5539941787719727,,,,1,39.50425889343023
2025-07-30,fold_7,Recent mixed/upturn,-0.0059488434344530106,-1,-0.010526402853429317,-1,0.010526402853429317,0.5703521966934204,,,,1,105.26402853429317
2025-07-31,fold_7,Recent mixed/upturn,-0.000418656476540491,-1,-0.0004912575823254883,-1,0.0004912575823254883,0.5711236000061035,,,,1,4.912575823254883
2025-08-01,fold_7,Recent mixed/upturn,0.00803560484200716,1,0.014263281598687172,1,0.014263281598687172,0.593532919883728,,,,1,142.63281598687172
2025-08-04,fold_7,Recent mixed/upturn,-0.0012213644804432988,-1,-0.00022017340234015137,-1,0.00022017340234015137,0.593883752822876,,,,1,2.2017340234015137
2025-08-05,fold_7,Recent mixed/upturn,-0.00017326897068414837,-1,-0.0004284036112949252,-1,0.0004284036112949252,0.5945665836334229,,,,1,4.284036112949252
2025-08-06,fold_7,Recent mixed/upturn,0.004657024517655373,1,0.007254479452967644,1,0.007254479452967644,0.606134295463562,,,,1,72.54479452967644
2025-08-07,fold_7,Recent mixed/upturn,-0.001672291778959334,-1,0.0011559956474229693,1,-0.0011559956474229693,0.6042776107788086,,,,0,-11.559956474229693
2025-08-08,fold_7,Recent mixed/upturn,0.002054973039776087,1,-0.002457661321386695,-1,-0.002457661321386695,0.6003347635269165,,,,0,-24.57661321386695
2025-08-12,fold_7,Recent mixed/upturn,0.003688724944368005,1,0.005044498015195131,1,0.005044498015195131,0.6084076166152954,,,,1,50.44498015195131
2025-08-13,fold_7,Recent mixed/upturn,0.0022123283706605434,1,0.003068778896704316,1,0.003068778896704316,0.6133434772491455,,,,1,30.68778896704316
2025-08-14,fold_7,Recent mixed/upturn,-0.003725142916664481,-1,-0.005254701245576143,-1,0.005254701245576143,0.6218211650848389,,,,1,52.54701245576143
2025-08-15,fold_7,Recent mixed/upturn,0.003360557137057185,1,0.004741219338029623,1,0.004741219338029623,0.6295105218887329,,,,1,47.41219338029623
2025-08-18,fold_7,Recent mixed/upturn,-0.003206903813406825,-1,-0.003267246065661311,-1,0.003267246065661311,0.6348346471786499,,,,1,32.67246065661311
2025-08-19,fold_7,Recent mixed/upturn,-0.0007149573648348451,-1,-0.002212071092799306,-1,0.002212071092799306,0.6384509801864624,,,,1,22.12071092799306
2025-08-20,fold_7,Recent mixed/upturn,0.000752098741941154,1,0.0007923034718260169,1,0.0007923034718260169,0.6397490501403809,,,,1,7.923034718260169
2025-08-21,fold_7,Recent mixed/upturn,-0.0037174562457948923,-1,-0.003321295604109764,-1,0.003321295604109764,0.6451951265335083,,,,1,33.21295604109764
2025-08-22,fold_7,Recent mixed/upturn,0.007147087249904871,1,0.008313816972076893,1,0.008313816972076893,0.6588729619979858,,,,1,83.13816972076893
2025-08-25,fold_7,Recent mixed/upturn,-0.005114935338497162,-1,-0.007784397341310978,-1,0.007784397341310978,0.6717861890792847,,,,1,77.84397341310978
2025-08-26,fold_7,Recent mixed/upturn,0.0021568930242210627,1,0.001804178929887712,1,0.001804178929887712,0.6748024225234985,,,,1,18.04178929887712
2025-08-27,fold_7,Recent mixed/upturn,-0.00014800332428421825,-1,0.0007338296854868531,1,-0.0007338296854868531,0.67357337474823,,,,0,-7.338296854868531
2025-08-28,fold_7,Recent mixed/upturn,0.0035650539211928844,1,0.0028852694667875767,1,0.0028852694667875767,0.6784019470214844,,,,1,28.852694667875767
2025-08-29,fold_7,Recent mixed/upturn,0.00024214977747760713,1,0.0008769080741330981,1,0.0008769080741330981,0.6798737049102783,,,,1,8.769080741330981
2025-09-02,fold_7,Recent mixed/upturn,-0.0048813652247190475,-1,-0.006818667519837618,-1,0.006818667519837618,0.6913281679153442,,,,1,68.18667519837618
2025-09-03,fold_7,Recent mixed/upturn,0.0026162085123360157,1,0.0020988616161048412,1,0.0020988616161048412,0.694878101348877,,,,1,20.988616161048412
2025-09-04,fold_7,Recent mixed/upturn,-0.0014393803430721164,-1,-0.0003031234664376825,-1,0.0003031234664376825,0.6953918933868408,,,,1,3.031234664376825
2025-09-05,fold_7,Recent mixed/upturn,0.004698198288679123,1,0.004825879819691181,1,0.004825879819691181,0.7035735845565796,,,,1,48.25879819691181
2025-09-08,fold_7,Recent mixed/upturn,0.0025783206801861525,1,0.00477817514911294,1,0.00477817514911294,0.7117135524749756,,,,1,47.7817514911294
2025-09-09,fold_7,Recent mixed/upturn,-0.0032099736854434013,-1,-0.005640725139528513,-1,0.005640725139528513,0.7213689088821411,,,,1,56.40725139528513
2025-09-10,fold_7,Recent mixed/upturn,0.00015373759379144758,1,5.857199721504003e-05,1,5.857199721504003e-05,0.7214696407318115,,,,1,0.5857199721504003
2025-09-11,fold_7,Recent mixed/upturn,0.002271174220368266,1,0.002675513969734311,1,0.002675513969734311,0.7260755300521851,,,,1,26.75513969734311
2025-09-12,fold_7,Recent mixed/upturn,-0.00022666453151032329,-1,-0.000703588651958853,-1,0.000703588651958853,0.7272899150848389,,,,1,7.03588651958853
2025-09-16,fold_7,Recent mixed/upturn,0.005446786526590586,1,0.009152790531516075,1,0.009152790531516075,0.7430994510650635,,,,1,91.52790531516075
2025-09-17,fold_7,Recent mixed/upturn,-0.002246544463559985,-1,-0.003796270117163658,-1,0.003796270117163658,0.7497166395187378,,,,1,37.96270117163658
2025-09-18,fold_7,Recent mixed/upturn,-0.0036509691271930933,-1,-0.0029830695129930973,-1,0.0029830695129930973,0.7549362182617188,,,,1,29.830695129930973
2025-09-19,fold_7,Recent mixed/upturn,-0.0027790593449026346,-1,-0.004589194897562265,-1,0.004589194897562265,0.7629899978637695,,,,1,45.891948975622654
2025-09-22,fold_7,Recent mixed/upturn,0.002724498277530074,1,0.005463925655931234,1,0.005463925655931234,0.7726229429244995,,,,1,54.639256559312344
2025-09-24,fold_7,Recent mixed/upturn,-0.004540030378848314,-1,-0.005907559301704168,-1,0.005907559301704168,0.7830947637557983,,,,1,59.07559301704168
2025-09-25,fold_7,Recent mixed/upturn,-0.004527137149125338,-1,-0.006974319461733103,-1,0.006974319461733103,0.7955306768417358,,,,1,69.74319461733103
2025-09-26,fold_7,Recent mixed/upturn,0.003480234183371067,1,0.0038988362066447735,1,0.0038988362066447735,0.8025312423706055,,,,1,38.988362066447735
2025-09-29,fold_7,Recent mixed/upturn,0.002083956263959408,1,0.0019825738854706287,1,0.0019825738854706287,0.8061048984527588,,,,1,19.825738854706287
