date,fold,regime,prediction,pred_direction,actual_return,actual_direction,strategy_return,cumulative_return,confidence,aleatoric,epistemic,correct,pnl_bps
2008-01-23,fold_1,Pre-crisis upturn + GFC onset,0.003150253091007471,1,0.009706642478704453,1,0.009706642478704453,0.009706616401672363,,,,1,97.06642478704453
2008-01-24,fold_1,Pre-crisis upturn + GFC onset,0.0032550054602324963,1,-0.006706463638693094,-1,-0.006706463638693094,0.002935051918029785,,,,0,-67.06463638693094
2008-01-25,fold_1,Pre-crisis upturn + GFC onset,-0.005534610711038113,-1,0.007704523392021656,1,-0.007704523392021656,-0.00479203462600708,,,,0,-77.04523392021656
2008-01-28,fold_1,Pre-crisis upturn + GFC onset,0.0002610660158097744,1,-0.001093094702810049,-1,-0.001093094702810049,-0.005879878997802734,,,,0,-10.93094702810049
2008-01-29,fold_1,Pre-crisis upturn + GFC onset,-0.00458366796374321,-1,0.004004329908639193,1,-0.004004329908639193,-0.009860694408416748,,,,0,-40.043299086391926
2008-01-30,fold_1,Pre-crisis upturn + GFC onset,0.0006906158523634076,1,0.002289247466251254,1,0.002289247466251254,-0.007593989372253418,,,,1,22.89247466251254
2008-01-31,fold_1,Pre-crisis upturn + GFC onset,-0.0049233203753829,-1,-0.004380703438073397,-1,0.004380703438073397,-0.0032465457916259766,,,,1,43.80703438073397
2008-02-01,fold_1,Pre-crisis upturn + GFC onset,-0.00655423104763031,-1,0.001897936686873436,1,-0.001897936686873436,-0.0051383376121521,,,,0,-18.97936686873436
2008-02-04,fold_1,Pre-crisis upturn + GFC onset,-0.006578379776328802,-1,-0.012808330357074738,-1,0.012808330357074738,0.007604122161865234,,,,1,128.08330357074738
2008-02-05,fold_1,Pre-crisis upturn + GFC onset,-0.010214680805802345,-1,-0.0014324913499876857,-1,0.0014324913499876857,0.009047508239746094,,,,1,14.324913499876857
2008-02-06,fold_1,Pre-crisis upturn + GFC onset,-0.005590539425611496,-1,-0.009454712271690369,-1,0.009454712271690369,0.018587827682495117,,,,1,94.54712271690369
2008-02-07,fold_1,Pre-crisis upturn + GFC onset,-0.007658100686967373,-1,0.07542583346366882,1,-0.07542583346366882,-0.05824005603790283,,,,0,-754.2583346366882
2008-02-08,fold_1,Pre-crisis upturn + GFC onset,-0.01193580124527216,-1,-0.06865246593952179,-1,0.06865246593952179,0.006414175033569336,,,,1,686.5246593952179
2008-02-12,fold_1,Pre-crisis upturn + GFC onset,-0.0015187771059572697,-1,-0.0017758844187483191,-1,0.0017758844187483191,0.0082014799118042,,,,1,17.75884418748319
2008-02-13,fold_1,Pre-crisis upturn + GFC onset,-0.005340820178389549,-1,0.006048077251762152,1,-0.006048077251762152,0.0021038055419921875,,,,0,-60.48077251762152
2008-02-14,fold_1,Pre-crisis upturn + GFC onset,-0.005501315463334322,-1,0.002186686033383012,1,-0.002186686033383012,-8.749961853027344e-05,,,,0,-21.866860333830118
2008-02-15,fold_1,Pre-crisis upturn + GFC onset,-0.0035101294051855803,-1,-0.0017726941732689738,-1,0.0017726941732689738,0.001685023307800293,,,,1,17.72694173268974
2008-02-19,fold_1,Pre-crisis upturn + GFC onset,-0.002244242699816823,-1,-0.0004710935172624886,-1,0.0004710935172624886,0.002156972885131836,,,,1,4.710935172624886
2008-02-20,fold_1,Pre-crisis upturn + GFC onset,-0.0043906597420573235,-1,0.006251954939216375,1,-0.006251954939216375,-0.004108428955078125,,,,0,-62.51954939216375
2008-02-21,fold_1,Pre-crisis upturn + GFC onset,0.002968468703329563,1,0.0007413247367367148,1,0.0007413247367367148,-0.0033701062202453613,,,,1,7.413247367367148
2008-02-22,fold_1,Pre-crisis upturn + GFC onset,-0.00010499334894120693,-1,0.0006675262120552361,1,-0.0006675262120552361,-0.004035353660583496,,,,0,-6.675262120552361
2008-02-25,fold_1,Pre-crisis upturn + GFC onset,-0.004434970207512379,-1,0.010797196999192238,1,-0.010797196999192238,-0.014788985252380371,,,,0,-107.97196999192238
2008-02-26,fold_1,Pre-crisis upturn + GFC onset,0.0027431293856352568,1,0.008133538998663425,1,0.008133538998663425,-0.0067757368087768555,,,,1,81.33538998663425
2008-02-27,fold_1,Pre-crisis upturn + GFC onset,0.0009404822485521436,1,0.005151412915438414,1,0.005151412915438414,-0.0016592741012573242,,,,1,51.514129154384136
2008-02-28,fold_1,Pre-crisis upturn + GFC onset,-0.0013370944652706385,-1,-0.00025825100601650774,-1,0.00025825100601650774,-0.0014014840126037598,,,,1,2.5825100601650774
2008-02-29,fold_1,Pre-crisis upturn + GFC onset,-0.0059563214890658855,-1,0.0005320152267813683,1,-0.0005320152267813683,-0.0019327402114868164,,,,0,-5.320152267813683
2008-03-03,fold_1,Pre-crisis upturn + GFC onset,-0.004896451719105244,-1,0.0006540778558701277,1,-0.0006540778558701277,-0.00258558988571167,,,,0,-6.540778558701277
2008-03-04,fold_1,Pre-crisis upturn + GFC onset,-0.0042094336822628975,-1,0.00439975643530488,1,-0.00439975643530488,-0.006973981857299805,,,,0,-43.9975643530488
2008-03-05,fold_1,Pre-crisis upturn + GFC onset,-0.004601736553013325,-1,0.007077113725244999,1,-0.007077113725244999,-0.014001727104187012,,,,0,-70.77113725244999
2008-03-06,fold_1,Pre-crisis upturn + GFC onset,-0.0012737609213218093,-1,-0.00318984710611403,-1,0.00318984710611403,-0.010856568813323975,,,,1,31.8984710611403
2008-03-07,fold_1,Pre-crisis upturn + GFC onset,-0.0046017044223845005,-1,0.00032211976940743625,1,-0.00032211976940743625,-0.011175155639648438,,,,0,-3.2211976940743625
2008-03-10,fold_1,Pre-crisis upturn + GFC onset,-0.005233414936810732,-1,6.13881929893978e-05,1,-6.13881929893978e-05,-0.011235833168029785,,,,0,-0.6138819298939779
2008-03-11,fold_1,Pre-crisis upturn + GFC onset,-0.006724098697304726,-1,0.012913729064166546,1,-0.012913729064166546,-0.024004459381103516,,,,0,-129.13729064166546
2008-03-12,fold_1,Pre-crisis upturn + GFC onset,-0.0017806183313950896,-1,0.005280183628201485,1,-0.005280183628201485,-0.029157936573028564,,,,0,-52.80183628201485
2008-03-13,fold_1,Pre-crisis upturn + GFC onset,-0.0006121585029177368,-1,-0.0002654764102771878,-1,0.0002654764102771878,-0.028900206089019775,,,,1,2.6547641027718782
2008-03-14,fold_1,Pre-crisis upturn + GFC onset,-0.0012240889482200146,-1,0.008330723270773888,1,-0.008330723270773888,-0.03699016571044922,,,,0,-83.30723270773888
2008-03-17,fold_1,Pre-crisis upturn + GFC onset,-0.0047404891811311245,-1,-0.00571519136428833,-1,0.00571519136428833,-0.031486451625823975,,,,1,57.1519136428833
2008-03-18,fold_1,Pre-crisis upturn + GFC onset,-0.0011946347076445818,-1,-0.001219803118146956,-1,0.001219803118146956,-0.030305087566375732,,,,1,12.19803118146956
2008-03-19,fold_1,Pre-crisis upturn + GFC onset,-0.008608403615653515,-1,-0.012585368938744068,-1,0.012585368938744068,-0.018101096153259277,,,,1,125.85368938744068
2008-03-24,fold_1,Pre-crisis upturn + GFC onset,-0.006265542004257441,-1,0.011474939994513988,1,-0.011474939994513988,-0.029368340969085693,,,,0,-114.74939994513988
2008-03-25,fold_1,Pre-crisis upturn + GFC onset,0.004838715307414532,1,0.013576983474195004,1,0.013576983474195004,-0.01619011163711548,,,,1,135.76983474195004
2008-03-26,fold_1,Pre-crisis upturn + GFC onset,0.003682344686239958,1,-0.0006325822323560715,-1,-0.0006325822323560715,-0.016812443733215332,,,,0,-6.325822323560715
2008-03-27,fold_1,Pre-crisis upturn + GFC onset,-0.002872359473258257,-1,-0.0033570618834346533,-1,0.0033570618834346533,-0.013511836528778076,,,,1,33.57061883434653
2008-03-28,fold_1,Pre-crisis upturn + GFC onset,-0.0008779375348240137,-1,-0.00018908978381659836,-1,0.00018908978381659836,-0.013325333595275879,,,,1,1.8908978381659836
2008-03-31,fold_1,Pre-crisis upturn + GFC onset,-0.000762343464884907,-1,-0.005079609341919422,-1,0.005079609341919422,-0.008313417434692383,,,,1,50.79609341919422
2008-04-02,fold_1,Pre-crisis upturn + GFC onset,0.004147904459387064,1,-0.0006893464596942067,-1,-0.0006893464596942067,-0.008997023105621338,,,,0,-6.893464596942067
2008-04-03,fold_1,Pre-crisis upturn + GFC onset,0.0010350120719522238,1,0.0044534835033118725,1,0.0044534835033118725,-0.004583537578582764,,,,1,44.534835033118725
2008-04-04,fold_1,Pre-crisis upturn + GFC onset,0.0020353475119918585,1,-0.0020259751472622156,-1,-0.0020259751472622156,-0.00660020112991333,,,,0,-20.259751472622156
2008-04-07,fold_1,Pre-crisis upturn + GFC onset,-0.004408635664731264,-1,-0.00808490440249443,-1,0.00808490440249443,0.0014313459396362305,,,,1,80.8490440249443
2008-04-08,fold_1,Pre-crisis upturn + GFC onset,-0.004442998673766851,-1,0.01579233817756176,1,-0.01579233817756176,-0.014383554458618164,,,,0,-157.9233817756176
2008-04-09,fold_1,Pre-crisis upturn + GFC onset,-0.0011355472961440682,-1,-0.005179158411920071,-1,0.005179158411920071,-0.00927889347076416,,,,1,51.79158411920071
2008-04-10,fold_1,Pre-crisis upturn + GFC onset,-0.0035587961319833994,-1,0.005078901536762714,1,-0.005078901536762714,-0.014310657978057861,,,,0,-50.789015367627144
2008-04-11,fold_1,Pre-crisis upturn + GFC onset,-9.03436666703783e-05,-1,0.00018986649229191244,1,-0.00018986649229191244,-0.014497756958007812,,,,0,-1.8986649229191244
2008-04-14,fold_1,Pre-crisis upturn + GFC onset,-0.00348105002194643,-1,-0.002462598029524088,-1,0.002462598029524088,-0.012070834636688232,,,,1,24.62598029524088
2008-04-15,fold_1,Pre-crisis upturn + GFC onset,-0.001574080204591155,-1,0.010899379849433899,1,-0.010899379849433899,-0.02283865213394165,,,,0,-108.99379849433899
2008-04-16,fold_1,Pre-crisis upturn + GFC onset,0.004048523958772421,1,-0.0035143231507390738,-1,-0.0035143231507390738,-0.026272714138031006,,,,0,-35.14323150739074
2008-04-17,fold_1,Pre-crisis upturn + GFC onset,-0.004015933722257614,-1,-0.010573179461061954,-1,0.010573179461061954,-0.015977323055267334,,,,1,105.73179461061954
2008-04-18,fold_1,Pre-crisis upturn + GFC onset,-0.001190189621411264,-1,0.011313356459140778,1,-0.011313356459140778,-0.027109920978546143,,,,0,-113.13356459140778
2008-04-21,fold_1,Pre-crisis upturn + GFC onset,-0.00041373923886567354,-1,0.004780459683388472,1,-0.004780459683388472,-0.0317608118057251,,,,0,-47.804596833884716
2008-04-22,fold_1,Pre-crisis upturn + GFC onset,-0.000191298226127401,-1,-0.007127514574676752,-1,0.007127514574676752,-0.02485966682434082,,,,1,71.27514574676752
2008-04-23,fold_1,Pre-crisis upturn + GFC onset,-0.005103333853185177,-1,-0.011966871097683907,-1,0.011966871097683907,-0.01319032907485962,,,,1,119.66871097683907
2008-04-24,fold_1,Pre-crisis upturn + GFC onset,-0.005325151141732931,-1,-0.0030023385770618916,-1,0.0030023385770618916,-0.010227620601654053,,,,1,30.023385770618916
2008-04-25,fold_1,Pre-crisis upturn + GFC onset,-0.004673131741583347,-1,0.0010174394119530916,1,-0.0010174394119530916,-0.011234641075134277,,,,0,-10.174394119530916
2008-04-28,fold_1,Pre-crisis upturn + GFC onset,-0.002970875008031726,-1,-0.0054796477779746056,-1,0.0054796477779746056,-0.005816519260406494,,,,1,54.796477779746056
2008-04-30,fold_1,Pre-crisis upturn + GFC onset,0.001622568117454648,1,-0.012038466520607471,-1,-0.012038466520607471,-0.017784953117370605,,,,0,-120.38466520607471
2008-05-02,fold_1,Pre-crisis upturn + GFC onset,-0.0005374039174057543,-1,0.00415347795933485,1,-0.00415347795933485,-0.021864593029022217,,,,0,-41.5347795933485
2008-05-07,fold_1,Pre-crisis upturn + GFC onset,-0.0035414884332567453,-1,0.005134144332259893,1,-0.005134144332259893,-0.02688652276992798,,,,0,-51.341443322598934
2008-05-08,fold_1,Pre-crisis upturn + GFC onset,-0.005989007651805878,-1,0.0016728068003430963,1,-0.0016728068003430963,-0.028514325618743896,,,,0,-16.728068003430963
2008-05-09,fold_1,Pre-crisis upturn + GFC onset,0.0010583273833617568,1,0.0032323605846613646,1,0.0032323605846613646,-0.025374114513397217,,,,1,32.323605846613646
2008-05-12,fold_1,Pre-crisis upturn + GFC onset,0.0019024620996788144,1,-0.004055029712617397,-1,-0.004055029712617397,-0.029326260089874268,,,,0,-40.55029712617397
2008-05-13,fold_1,Pre-crisis upturn + GFC onset,-0.003040774492546916,-1,-0.0005104347947053611,-1,0.0005104347947053611,-0.028830766677856445,,,,1,5.104347947053611
2008-05-14,fold_1,Pre-crisis upturn + GFC onset,-0.0007596553186886013,-1,-0.001174283679574728,-1,0.001174283679574728,-0.02769029140472412,,,,1,11.74283679574728
2008-05-15,fold_1,Pre-crisis upturn + GFC onset,0.0008550452184863389,1,0.009388802573084831,1,0.009388802573084831,-0.018561482429504395,,,,1,93.88802573084831
2008-05-16,fold_1,Pre-crisis upturn + GFC onset,0.0044183856807649136,1,-0.0043633379973471165,-1,-0.0043633379973471165,-0.02284383773803711,,,,0,-43.633379973471165
2008-05-19,fold_1,Pre-crisis upturn + GFC onset,-0.0012688481947407126,-1,0.008124498650431633,1,-0.008124498650431633,-0.030782699584960938,,,,0,-81.24498650431633
2008-05-20,fold_1,Pre-crisis upturn + GFC onset,0.005733892321586609,1,0.00855705700814724,1,0.00855705700814724,-0.02248901128768921,,,,1,85.5705700814724
2008-05-21,fold_1,Pre-crisis upturn + GFC onset,0.0017979793483391404,1,-0.003555349772796035,-1,-0.003555349772796035,-0.025964438915252686,,,,0,-35.55349772796035
2008-05-22,fold_1,Pre-crisis upturn + GFC onset,-0.0031480591278523207,-1,0.003377990797162056,1,-0.003377990797162056,-0.0292547345161438,,,,0,-33.77990797162056
2008-05-23,fold_1,Pre-crisis upturn + GFC onset,0.00118600158020854,1,-0.0003629504353739321,-1,-0.0003629504353739321,-0.029607057571411133,,,,0,-3.6295043537393212
2008-05-27,fold_1,Pre-crisis upturn + GFC onset,-0.0036355415359139442,-1,-0.0022230539470911026,-1,0.0022230539470911026,-0.027449846267700195,,,,1,22.230539470911026
2008-05-28,fold_1,Pre-crisis upturn + GFC onset,-0.00272912229411304,-1,-0.00881433766335249,-1,0.00881433766335249,-0.01887744665145874,,,,1,88.1433766335249
2008-05-29,fold_1,Pre-crisis upturn + GFC onset,-0.00280715711414814,-1,0.0014764738734811544,1,-0.0014764738734811544,-0.02032601833343506,,,,0,-14.764738734811544
2008-05-30,fold_1,Pre-crisis upturn + GFC onset,0.0008016878273338079,1,0.0003264624683652073,1,0.0003264624683652073,-0.020006120204925537,,,,1,3.264624683652073
2008-06-02,fold_1,Pre-crisis upturn + GFC onset,-0.0032075922936201096,-1,-0.0061646453104913235,-1,0.0061646453104913235,-0.01396477222442627,,,,1,61.646453104913235
2008-06-03,fold_1,Pre-crisis upturn + GFC onset,-0.004973333328962326,-1,-0.001142001012340188,-1,0.001142001012340188,-0.01283872127532959,,,,1,11.42001012340188
2008-06-04,fold_1,Pre-crisis upturn + GFC onset,-0.0025873100385069847,-1,0.010132720693945885,1,-0.010132720693945885,-0.022841334342956543,,,,0,-101.32720693945885
2008-06-05,fold_1,Pre-crisis upturn + GFC onset,0.0022637052461504936,1,0.012580753304064274,1,0.012580753304064274,-0.010547935962677002,,,,1,125.80753304064274
2008-06-06,fold_1,Pre-crisis upturn + GFC onset,0.0019624370615929365,1,-0.008963803760707378,-1,-0.008963803760707378,-0.019417226314544678,,,,0,-89.63803760707378
2008-06-09,fold_1,Pre-crisis upturn + GFC onset,-0.0043403385207057,-1,-0.011474243365228176,-1,0.011474243365228176,-0.00816577672958374,,,,1,114.74243365228176
2008-06-10,fold_1,Pre-crisis upturn + GFC onset,-0.005777876824140549,-1,0.006067509297281504,1,-0.006067509297281504,-0.014183759689331055,,,,0,-60.67509297281504
2008-06-11,fold_1,Pre-crisis upturn + GFC onset,0.0014025920536369085,1,-0.006230826023966074,-1,-0.006230826023966074,-0.020326197147369385,,,,0,-62.30826023966074
2008-06-12,fold_1,Pre-crisis upturn + GFC onset,-0.0038440320640802383,-1,-0.005947754718363285,-1,0.005947754718363285,-0.014499366283416748,,,,1,59.47754718363285
2008-06-13,fold_1,Pre-crisis upturn + GFC onset,-0.0019482410280033946,-1,0.006823988631367683,1,-0.006823988631367683,-0.02122443914413452,,,,0,-68.23988631367683
2008-06-16,fold_1,Pre-crisis upturn + GFC onset,0.004446409642696381,1,0.0031044406350702047,1,0.0031044406350702047,-0.018185853958129883,,,,1,31.044406350702047
2008-06-17,fold_1,Pre-crisis upturn + GFC onset,-0.0017313474090769887,-1,0.0010409550741314888,1,-0.0010409550741314888,-0.01920783519744873,,,,0,-10.409550741314888
2008-06-18,fold_1,Pre-crisis upturn + GFC onset,-0.003970779478549957,-1,-0.0018145984504371881,-1,0.0018145984504371881,-0.017428100109100342,,,,1,18.14598450437188
2008-06-19,fold_1,Pre-crisis upturn + GFC onset,-0.001209485693834722,-1,0.0076107727363705635,1,-0.0076107727363705635,-0.024906277656555176,,,,0,-76.10772736370564
2008-06-20,fold_1,Pre-crisis upturn + GFC onset,0.003792162286117673,1,-0.00672138063237071,-1,-0.00672138063237071,-0.0314602255821228,,,,0,-67.2138063237071
2008-06-23,fold_1,Pre-crisis upturn + GFC onset,-0.0028467087540775537,-1,0.0030361225362867117,1,-0.0030361225362867117,-0.0344008207321167,,,,0,-30.361225362867117
2008-06-24,fold_1,Pre-crisis upturn + GFC onset,0.0001240508136106655,1,0.006677090656012297,1,0.006677090656012297,-0.027953505516052246,,,,1,66.77090656012297
2008-06-25,fold_1,Pre-crisis upturn + GFC onset,0.0014451214810833335,1,0.005040960386395454,1,0.005040960386395454,-0.023053407669067383,,,,1,50.409603863954544
2008-06-26,fold_1,Pre-crisis upturn + GFC onset,0.001234075054526329,1,0.0,1,0.0,-0.023053407669067383,,,,0,0.0
2008-06-27,fold_1,Pre-crisis upturn + GFC onset,-0.0012716874480247498,-1,-0.00018895813263952732,-1,0.00018895813263952732,-0.022868812084197998,,,,1,1.8895813263952732
2010-01-19,fold_2,Post-crash recovery,-0.00216548889875412,-1,-0.011951462365686893,-1,0.011951462365686893,0.011951446533203125,,,,1,119.51462365686893
2010-01-20,fold_2,Post-crash recovery,-0.005034982226788998,-1,-0.0009444424649700522,-1,0.0009444424649700522,0.012907266616821289,,,,1,9.444424649700522
2010-01-21,fold_2,Post-crash recovery,-5.249403329798952e-05,-1,0.003125128336250782,1,-0.003125128336250782,0.009741783142089844,,,,0,-31.25128336250782
2010-01-22,fold_2,Post-crash recovery,-0.00015154422726482153,-1,0.0006368025206029415,1,-0.0006368025206029415,0.00909876823425293,,,,0,-6.368025206029415
2010-01-25,fold_2,Post-crash recovery,0.0009312510956078768,1,-0.004788059741258621,-1,-0.004788059741258621,0.004267215728759766,,,,0,-47.88059741258621
2010-01-26,fold_2,Post-crash recovery,-0.002082652412354946,-1,-0.003648065496236086,-1,0.003648065496236086,0.007930874824523926,,,,1,36.48065496236086
2010-01-27,fold_2,Post-crash recovery,-0.0038708553183823824,-1,-0.004483596887439489,-1,0.004483596887439489,0.012449979782104492,,,,1,44.835968874394894
2010-01-28,fold_2,Post-crash recovery,-0.004702881444245577,-1,-0.0072386483661830425,-1,0.0072386483661830425,0.019778728485107422,,,,1,72.38648366183043
2010-01-29,fold_2,Post-crash recovery,-0.0013150917366147041,-1,0.0043313405476510525,1,-0.0043313405476510525,0.015361666679382324,,,,0,-43.313405476510525
2010-02-01,fold_2,Post-crash recovery,-0.0005651510437019169,-1,0.0035359642934054136,1,-0.0035359642934054136,0.011771321296691895,,,,0,-35.359642934054136
2010-02-02,fold_2,Post-crash recovery,0.0010490360436961055,1,-0.0053796786814928055,-1,-0.0053796786814928055,0.0063283443450927734,,,,0,-53.796786814928055
2010-02-03,fold_2,Post-crash recovery,-0.0034632619936019182,-1,-0.01122969388961792,-1,0.01122969388961792,0.017629146575927734,,,,1,112.2969388961792
2010-02-04,fold_2,Post-crash recovery,-0.0032931005116552114,-1,-0.004719560965895653,-1,0.004719560965895653,0.02243196964263916,,,,1,47.19560965895653
2010-02-05,fold_2,Post-crash recovery,-0.001623455318622291,-1,-0.0018570575630292296,-1,0.0018570575630292296,0.024330615997314453,,,,1,18.570575630292296
2010-02-08,fold_2,Post-crash recovery,0.00025438907323405147,1,0.009330499917268753,1,0.009330499917268753,0.03388810157775879,,,,1,93.30499917268753
2010-02-09,fold_2,Post-crash recovery,0.0008578982669860125,1,-0.0020905188284814358,-1,-0.0020905188284814358,0.031726717948913574,,,,0,-20.905188284814358
2010-02-10,fold_2,Post-crash recovery,-0.000267534313024953,-1,-0.005199064500629902,-1,0.005199064500629902,0.03709077835083008,,,,1,51.99064500629902
2010-02-12,fold_2,Post-crash recovery,-0.002631744369864464,-1,-0.0023396951146423817,-1,0.0023396951146423817,0.03951728343963623,,,,1,23.396951146423817
2010-02-16,fold_2,Post-crash recovery,-0.0006502714823000133,-1,-0.01163397915661335,-1,0.01163397915661335,0.05161106586456299,,,,1,116.3397915661335
2010-02-17,fold_2,Post-crash recovery,-0.0026801852509379387,-1,-0.010688421316444874,-1,0.010688421316444874,0.06285107135772705,,,,1,106.88421316444874
2010-02-18,fold_2,Post-crash recovery,0.0008514361106790602,1,0.011409442871809006,1,0.011409442871809006,0.07497751712799072,,,,1,114.09442871809006
2010-02-19,fold_2,Post-crash recovery,-0.005296754650771618,-1,-0.0006938879960216582,-1,0.0006938879960216582,0.07572340965270996,,,,1,6.938879960216582
2010-02-22,fold_2,Post-crash recovery,0.0019145215628668666,1,-0.005776017438620329,-1,-0.005776017438620329,0.06951010227203369,,,,0,-57.76017438620329
2010-02-23,fold_2,Post-crash recovery,-0.0037811712827533484,-1,0.001191824907436967,1,-0.001191824907436967,0.06823539733886719,,,,0,-11.918249074369669
2010-02-24,fold_2,Post-crash recovery,0.0009718455839902163,1,-0.000527954485733062,-1,-0.000527954485733062,0.06767141819000244,,,,0,-5.27954485733062
2010-02-25,fold_2,Post-crash recovery,-0.0003409536147955805,-1,0.007020008284598589,1,-0.007020008284598589,0.06017637252807617,,,,0,-70.20008284598589
2010-02-26,fold_2,Post-crash recovery,0.002119933720678091,1,-0.005058620125055313,-1,-0.005058620125055313,0.054813265800476074,,,,0,-50.58620125055313
2010-03-01,fold_2,Post-crash recovery,-0.0027088094502687454,-1,0.004317773040384054,1,-0.004317773040384054,0.05025887489318848,,,,0,-43.17773040384054
2010-03-02,fold_2,Post-crash recovery,0.0001998566003749147,1,0.005946443881839514,1,0.005946443881839514,0.056504130363464355,,,,1,59.46443881839514
2010-03-03,fold_2,Post-crash recovery,0.0023034170735627413,1,-0.00858509074896574,-1,-0.00858509074896574,0.04743397235870361,,,,0,-85.8509074896574
2010-03-04,fold_2,Post-crash recovery,-0.002685373183339834,-1,0.003311865497380495,1,-0.003311865497380495,0.04396498203277588,,,,0,-33.11865497380495
2010-03-05,fold_2,Post-crash recovery,0.001008342020213604,1,-0.0008851704187691212,-1,-0.0008851704187691212,0.04304087162017822,,,,0,-8.851704187691212
2010-03-08,fold_2,Post-crash recovery,-0.0001586705620866269,-1,-0.0007347645587287843,-1,0.0007347645587287843,0.043807268142700195,,,,1,7.347645587287843
2010-03-09,fold_2,Post-crash recovery,4.3207619455643e-05,1,0.002674186136573553,1,0.002674186136573553,0.04659867286682129,,,,1,26.74186136573553
2010-03-10,fold_2,Post-crash recovery,0.0019001172622665763,1,0.0030791175086051226,1,0.0030791175086051226,0.04982137680053711,,,,1,30.791175086051226
2010-03-11,fold_2,Post-crash recovery,0.0022616740316152573,1,0.006182710640132427,1,0.006182710640132427,0.05631208419799805,,,,1,61.82710640132427
2010-03-12,fold_2,Post-crash recovery,0.004141419660300016,1,-0.006715663243085146,-1,-0.006715663243085146,0.04921829700469971,,,,0,-67.15663243085146
2010-03-15,fold_2,Post-crash recovery,-0.0024828591849654913,-1,0.006677919998764992,1,-0.006677919998764992,0.04221165180206299,,,,0,-66.77919998764992
2010-03-16,fold_2,Post-crash recovery,0.004898421932011843,1,-0.0022119286004453897,-1,-0.0022119286004453897,0.03990638256072998,,,,0,-22.119286004453897
2010-03-17,fold_2,Post-crash recovery,0.0017126223538070917,1,-0.009053192101418972,-1,-0.009053192101418972,0.030491948127746582,,,,0,-90.53192101418972
2010-03-18,fold_2,Post-crash recovery,-0.0038758846931159496,-1,-0.0056584724225103855,-1,0.0056584724225103855,0.036322951316833496,,,,1,56.584724225103855
2010-03-19,fold_2,Post-crash recovery,-0.00458192965015769,-1,0.0022249817848205566,1,-0.0022249817848205566,0.034017205238342285,,,,0,-22.249817848205566
2010-03-23,fold_2,Post-crash recovery,-0.0021178219467401505,-1,-0.010171548463404179,-1,0.010171548463404179,0.04453480243682861,,,,1,101.71548463404179
2010-03-24,fold_2,Post-crash recovery,-0.0064965044148266315,-1,-0.0017964079743251204,-1,0.0017964079743251204,0.04641115665435791,,,,1,17.964079743251204
2010-03-25,fold_2,Post-crash recovery,-0.0032588732428848743,-1,0.0077375867404043674,1,-0.0077375867404043674,0.03831446170806885,,,,0,-77.37586740404367
2010-03-26,fold_2,Post-crash recovery,0.0034528919495642185,1,0.005298086442053318,1,0.005298086442053318,0.04381561279296875,,,,1,52.98086442053318
2010-03-29,fold_2,Post-crash recovery,0.0024834994692355394,1,-0.0042286706157028675,-1,-0.0042286706157028675,0.03940165042877197,,,,0,-42.286706157028675
2010-03-30,fold_2,Post-crash recovery,0.00021742178068961948,1,0.006254276726394892,1,0.006254276726394892,0.045902371406555176,,,,1,62.54276726394892
2010-03-31,fold_2,Post-crash recovery,0.002835702383890748,1,0.0056237718090415,1,0.0056237718090415,0.05178427696228027,,,,1,56.237718090415
2010-04-01,fold_2,Post-crash recovery,0.003302029799669981,1,-0.005820577964186668,-1,-0.005820577964186668,0.0456622838973999,,,,0,-58.205779641866684
2010-04-05,fold_2,Post-crash recovery,-0.0019287675386294723,-1,-0.006459742318838835,-1,0.006459742318838835,0.05241692066192627,,,,1,64.59742318838835
2010-04-06,fold_2,Post-crash recovery,-0.002989959204569459,-1,-0.003991239704191685,-1,0.003991239704191685,0.0566173791885376,,,,1,39.91239704191685
2010-04-07,fold_2,Post-crash recovery,-1.5022481420601252e-05,-1,0.0009486044873483479,1,-0.0009486044873483479,0.05561506748199463,,,,0,-9.486044873483479
2010-04-08,fold_2,Post-crash recovery,-0.00017454984481446445,-1,0.01046330388635397,1,-0.01046330388635397,0.04456984996795654,,,,0,-104.6330388635397
2010-04-09,fold_2,Post-crash recovery,0.003969365265220404,1,0.007042666897177696,1,0.007042666897177696,0.051926374435424805,,,,1,70.42666897177696
2010-04-12,fold_2,Post-crash recovery,0.006446411833167076,1,0.0009253707830794156,1,0.0009253707830794156,0.052899837493896484,,,,1,9.253707830794156
2010-04-13,fold_2,Post-crash recovery,-0.0006105126230977476,-1,0.0034823056776076555,1,-0.0034823056776076555,0.049233317375183105,,,,0,-34.823056776076555
2010-04-14,fold_2,Post-crash recovery,0.002242214046418667,1,-0.005999756511300802,-1,-0.005999756511300802,0.042938232421875,,,,0,-59.99756511300802
2010-04-15,fold_2,Post-crash recovery,-0.003212550189346075,-1,-0.00515845837071538,-1,0.00515845837071538,0.04831814765930176,,,,1,51.5845837071538
2010-04-16,fold_2,Post-crash recovery,-0.002967962995171547,-1,-0.0012409078190103173,-1,0.0012409078190103173,0.04961895942687988,,,,1,12.409078190103173
2010-04-19,fold_2,Post-crash recovery,-0.0009823652217164636,-1,-0.0038692092057317495,-1,0.0038692092057317495,0.05368006229400635,,,,1,38.692092057317495
2010-04-20,fold_2,Post-crash recovery,0.00042934095836244524,1,-0.0033609094098210335,-1,-0.0033609094098210335,0.05013871192932129,,,,0,-33.609094098210335
2010-04-21,fold_2,Post-crash recovery,-7.63085627113469e-05,-1,-0.008957214653491974,-1,0.008957214653491974,0.059545040130615234,,,,1,89.57214653491974
2010-04-22,fold_2,Post-crash recovery,-0.002769212005659938,-1,0.008592506870627403,1,-0.008592506870627403,0.05044090747833252,,,,0,-85.92506870627403
2010-04-23,fold_2,Post-crash recovery,0.0012876868713647127,1,0.001286504091694951,1,0.001286504091694951,0.051792263984680176,,,,1,12.86504091694951
2010-04-26,fold_2,Post-crash recovery,-0.0015642597572878003,-1,-0.01720094121992588,-1,0.01720094121992588,0.06988406181335449,,,,1,172.0094121992588
2010-04-27,fold_2,Post-crash recovery,-0.0072310143150389194,-1,0.00319747650064528,1,-0.00319747650064528,0.06646311283111572,,,,0,-31.9747650064528
2010-04-28,fold_2,Post-crash recovery,-0.004081162624061108,-1,0.0037932186387479305,1,-0.0037932186387479305,0.06241774559020996,,,,0,-37.932186387479305
2010-04-30,fold_2,Post-crash recovery,-0.0005132947117090225,-1,-0.007378703448921442,-1,0.007378703448921442,0.07025694847106934,,,,1,73.78703448921442
2010-05-06,fold_2,Post-crash recovery,-0.008363410830497742,-1,0.009745693765580654,1,-0.009745693765580654,0.05982649326324463,,,,0,-97.45693765580654
2010-05-07,fold_2,Post-crash recovery,0.009654429741203785,1,0.0018146689981222153,1,0.0018146689981222153,0.061749815940856934,,,,1,18.146689981222153
2010-05-10,fold_2,Post-crash recovery,0.008086477406322956,1,-0.011682657524943352,-1,-0.011682657524943352,0.04934573173522949,,,,0,-116.82657524943352
2010-05-11,fold_2,Post-crash recovery,-0.0011551653733476996,-1,0.0007203565328381956,1,-0.0007203565328381956,0.04858982563018799,,,,0,-7.203565328381956
2010-05-12,fold_2,Post-crash recovery,-0.0016664920840412378,-1,-0.007750330958515406,-1,0.007750330958515406,0.0567166805267334,,,,1,77.50330958515406
2010-05-13,fold_2,Post-crash recovery,-0.0014945261646062136,-1,-0.014436493627727032,-1,0.014436493627727032,0.07197201251983643,,,,1,144.36493627727032
2010-05-14,fold_2,Post-crash recovery,-0.00526468874886632,-1,0.00266445754095912,1,-0.00266445754095912,0.06911575794219971,,,,0,-26.644575409591198
2010-05-17,fold_2,Post-crash recovery,-0.00295621226541698,-1,-0.0172696802765131,-1,0.0172696802765131,0.08757913112640381,,,,1,172.696802765131
2010-05-18,fold_2,Post-crash recovery,-0.004757866263389587,-1,0.0176109466701746,1,-0.0176109466701746,0.06842577457427979,,,,0,-176.109466701746
2010-05-19,fold_2,Post-crash recovery,0.0036478727124631405,1,0.006900882814079523,1,0.006900882814079523,0.0757988691329956,,,,1,69.00882814079523
2010-05-20,fold_2,Post-crash recovery,0.014231952838599682,1,0.0070626987144351006,1,0.0070626987144351006,0.08339691162109375,,,,1,70.626987144351
2010-05-21,fold_2,Post-crash recovery,0.010604255832731724,1,-0.017277510836720467,-1,-0.017277510836720467,0.06467843055725098,,,,0,-172.77510836720467
2010-05-24,fold_2,Post-crash recovery,-0.005634058732539415,-1,-0.0003210459544789046,-1,0.0003210459544789046,0.06502020359039307,,,,1,3.210459544789046
2010-05-25,fold_2,Post-crash recovery,-0.0028549449052661657,-1,-0.014011116698384285,-1,0.014011116698384285,0.07994234561920166,,,,1,140.11116698384285
2010-05-26,fold_2,Post-crash recovery,-0.0018980554305016994,-1,0.014373074285686016,1,-0.014373074285686016,0.06442022323608398,,,,0,-143.73074285686016
2010-05-27,fold_2,Post-crash recovery,0.0043697417713701725,1,-0.005989732686430216,-1,-0.005989732686430216,0.0580446720123291,,,,0,-59.89732686430216
2010-05-28,fold_2,Post-crash recovery,-8.858878572937101e-05,-1,0.0011304189683869481,1,-0.0011304189683869481,0.05684864521026611,,,,0,-11.304189683869481
2010-06-01,fold_2,Post-crash recovery,-0.00044224143493920565,-1,0.000489582889713347,1,-0.000489582889713347,0.05633127689361572,,,,0,-4.89582889713347
2010-06-02,fold_2,Post-crash recovery,0.0033558763097971678,1,-0.005683161783963442,-1,-0.005683161783963442,0.05032789707183838,,,,0,-56.83161783963442
2010-06-03,fold_2,Post-crash recovery,-0.0018876686226576567,-1,-0.01630449667572975,-1,0.01630449667572975,0.06745290756225586,,,,1,163.04496675729752
2010-06-04,fold_2,Post-crash recovery,-0.008925259113311768,-1,-0.004018112551420927,-1,0.004018112551420927,0.07174205780029297,,,,1,40.18112551420927
2010-06-07,fold_2,Post-crash recovery,0.00010510046558920294,1,0.0041184090077877045,1,0.0041184090077877045,0.07615602016448975,,,,1,41.184090077877045
2010-06-08,fold_2,Post-crash recovery,0.0005592508823610842,1,0.0016669539036229253,1,0.0016669539036229253,0.0779498815536499,,,,1,16.669539036229253
2010-06-09,fold_2,Post-crash recovery,0.0011297960299998522,1,0.00975992064923048,1,0.00975992064923048,0.08847057819366455,,,,1,97.5992064923048
2010-06-10,fold_2,Post-crash recovery,0.006843634881079197,1,0.00041180214611813426,1,0.00041180214611813426,0.08891880512237549,,,,1,4.118021461181343
2010-06-11,fold_2,Post-crash recovery,-0.0039124442264437675,-1,0.008589374832808971,1,-0.008589374832808971,0.07956564426422119,,,,0,-85.89374832808971
2010-06-14,fold_2,Post-crash recovery,0.004867080599069595,1,0.00826606061309576,1,0.00826606061309576,0.08848941326141357,,,,1,82.6606061309576
2010-06-15,fold_2,Post-crash recovery,0.005472640041261911,1,-0.0005786734400317073,-1,-0.0005786734400317073,0.08785951137542725,,,,0,-5.786734400317073
2010-06-16,fold_2,Post-crash recovery,0.00242789089679718,1,0.005695778410881758,1,0.005695778410881758,0.09405577182769775,,,,1,56.95778410881758
2010-06-17,fold_2,Post-crash recovery,0.004640694707632065,1,0.000879864557646215,1,0.000879864557646215,0.09501838684082031,,,,1,8.79864557646215
2010-06-18,fold_2,Post-crash recovery,0.0007382645271718502,1,-0.006207311991602182,-1,-0.006207311991602182,0.08822131156921387,,,,0,-62.073119916021824
2010-06-21,fold_2,Post-crash recovery,-0.0035967850126326084,-1,-0.0033265468664467335,-1,0.0033265468664467335,0.09184134006500244,,,,1,33.265468664467335
2010-06-22,fold_2,Post-crash recovery,-0.002580129774287343,-1,0.003584904596209526,1,-0.003584904596209526,0.08792722225189209,,,,0,-35.84904596209526
2010-06-23,fold_2,Post-crash recovery,0.0028426414355635643,1,0.0014927452430129051,1,0.0014927452430129051,0.08955121040344238,,,,1,14.927452430129051
2010-06-24,fold_2,Post-crash recovery,-0.001079592970199883,-1,0.002882967470213771,1,-0.002882967470213771,0.0864100456237793,,,,0,-28.82967470213771
2010-06-25,fold_2,Post-crash recovery,0.008302357979118824,1,-0.007759139873087406,-1,-0.007759139873087406,0.0779803991317749,,,,0,-77.59139873087406
2010-06-28,fold_2,Post-crash recovery,-0.0008335536113008857,-1,-0.007384906057268381,-1,0.007384906057268381,0.08594119548797607,,,,1,73.84906057268381
2010-06-29,fold_2,Post-crash recovery,-0.0019136072369292378,-1,0.003583511570468545,1,-0.003583511570468545,0.08204972743988037,,,,0,-35.83511570468545
2013-01-18,fold_3,Eurozone debt plateau,-0.004230153746902943,-1,-0.00392940966412425,-1,0.00392940966412425,0.0039293766021728516,,,,1,39.294096641242504
2013-01-22,fold_3,Eurozone debt plateau,0.0021618104074150324,1,0.00018636102322489023,1,0.00018636102322489023,0.004116415977478027,,,,1,1.8636102322489023
2013-01-23,fold_3,Eurozone debt plateau,-0.0009403231670148671,-1,-0.0004125860577914864,-1,0.0004125860577914864,0.004530668258666992,,,,1,4.125860577914864
2013-01-24,fold_3,Eurozone debt plateau,0.0004938104539178312,1,0.004572297912091017,1,0.004572297912091017,0.009123682975769043,,,,1,45.72297912091017
2013-01-25,fold_3,Eurozone debt plateau,0.003274057060480118,1,0.007231287192553282,1,0.007231287192553282,0.016420841217041016,,,,1,72.31287192553282
2013-01-28,fold_3,Eurozone debt plateau,0.00012937563587911427,1,-0.0014656366547569633,-1,-0.0014656366547569633,0.014931201934814453,,,,0,-14.656366547569633
2013-01-29,fold_3,Eurozone debt plateau,0.004065651446580887,1,0.003372915554791689,1,0.003372915554791689,0.018354415893554688,,,,1,33.72915554791689
2013-01-30,fold_3,Eurozone debt plateau,0.0035988581366837025,1,0.005685125477612019,1,0.005685125477612019,0.02414381504058838,,,,1,56.851254776120186
2013-01-31,fold_3,Eurozone debt plateau,0.0008961315616033971,1,0.003144102171063423,1,0.003144102171063423,0.027363896369934082,,,,1,31.44102171063423
2013-02-01,fold_3,Eurozone debt plateau,0.0015704510733485222,1,0.0027706902474164963,1,0.0027706902474164963,0.030210375785827637,,,,1,27.706902474164963
2013-02-04,fold_3,Eurozone debt plateau,-0.006326736882328987,-1,-0.01003915723413229,-1,0.01003915723413229,0.04055285453796387,,,,1,100.3915723413229
2013-02-05,fold_3,Eurozone debt plateau,0.0014655020786449313,1,0.005160914734005928,1,0.005160914734005928,0.04592311382293701,,,,1,51.60914734005928
2013-02-06,fold_3,Eurozone debt plateau,-0.004004419781267643,-1,-0.004232979379594326,-1,0.004232979379594326,0.05035054683685303,,,,1,42.32979379594326
2013-02-07,fold_3,Eurozone debt plateau,-0.0067597245797514915,-1,-0.009948350489139557,-1,0.009948350489139557,0.06079983711242676,,,,1,99.48350489139557
2013-02-08,fold_3,Eurozone debt plateau,-4.886050010100007e-05,-1,-0.0015773915220052004,-1,0.0015773915220052004,0.062473177909851074,,,,1,15.773915220052004
2013-02-12,fold_3,Eurozone debt plateau,0.003473840421065688,1,0.0036186398938298225,1,0.0036186398938298225,0.06631779670715332,,,,1,36.186398938298225
2013-02-13,fold_3,Eurozone debt plateau,0.0009187714313156903,1,-0.0005645840428769588,-1,-0.0005645840428769588,0.06571578979492188,,,,0,-5.6458404287695885
2013-02-14,fold_3,Eurozone debt plateau,-0.005504759028553963,-1,-0.00681004673242569,-1,0.00681004673242569,0.07297337055206299,,,,1,68.1004673242569
2013-02-15,fold_3,Eurozone debt plateau,-0.0004970166482962668,-1,-0.0006672476301901042,-1,0.0006672476301901042,0.07368922233581543,,,,1,6.6724763019010425
2013-02-19,fold_3,Eurozone debt plateau,0.002781510818749666,1,0.003643653355538845,1,0.003643653355538845,0.07760131359100342,,,,1,36.43653355538845
2013-02-20,fold_3,Eurozone debt plateau,-0.0067967320792376995,-1,-0.009158467873930931,-1,0.009158467873930931,0.08747053146362305,,,,1,91.58467873930931
2013-02-21,fold_3,Eurozone debt plateau,-0.003791156457737088,-1,-0.005937489680945873,-1,0.005937489680945873,0.09392738342285156,,,,1,59.37489680945873
2013-02-22,fold_3,Eurozone debt plateau,0.0004522085655480623,1,0.00011880857346113771,1,0.00011880857346113771,0.09405744075775146,,,,1,1.1880857346113771
2013-02-25,fold_3,Eurozone debt plateau,-0.0027517941780388355,-1,-0.009916401468217373,-1,0.009916401468217373,0.10490655899047852,,,,1,99.16401468217373
2013-02-26,fold_3,Eurozone debt plateau,-0.0015418395632877946,-1,6.532984116347507e-05,1,-6.532984116347507e-05,0.10483443737030029,,,,0,-0.6532984116347507
2013-02-27,fold_3,Eurozone debt plateau,0.004628858994692564,1,0.006509747821837664,1,0.006509747821837664,0.11202669143676758,,,,1,65.09747821837664
2013-02-28,fold_3,Eurozone debt plateau,-0.0028580776415765285,-1,-0.006921785417944193,-1,0.006921785417944193,0.11972391605377197,,,,1,69.21785417944193
2013-03-01,fold_3,Eurozone debt plateau,-0.004421763122081757,-1,-0.003293330315500498,-1,0.003293330315500498,0.12341141700744629,,,,1,32.93330315500498
2013-03-04,fold_3,Eurozone debt plateau,0.0016310048522427678,1,0.0014731583651155233,1,0.0014731583651155233,0.12506639957427979,,,,1,14.731583651155233
2013-03-05,fold_3,Eurozone debt plateau,0.002632386051118374,1,0.0009524957276880741,1,0.0009524957276880741,0.12613797187805176,,,,1,9.524957276880741
2013-03-06,fold_3,Eurozone debt plateau,-0.005411545280367136,-1,-0.0053601814433932304,-1,0.0053601814433932304,0.13217425346374512,,,,1,53.601814433932304
2013-03-07,fold_3,Eurozone debt plateau,0.005765682552009821,1,0.010226847603917122,1,0.010226847603917122,0.1437528133392334,,,,1,102.26847603917122
2013-03-08,fold_3,Eurozone debt plateau,-0.007626860868185759,-1,-0.009403315372765064,-1,0.009403315372765064,0.15450787544250488,,,,1,94.03315372765064
2013-03-11,fold_3,Eurozone debt plateau,0.002464363584294915,1,0.0034406150225549936,1,0.0034406150225549936,0.15848004817962646,,,,1,34.406150225549936
2013-03-12,fold_3,Eurozone debt plateau,-0.002928959671407938,-1,-0.0002605045447126031,-1,0.0002605045447126031,0.1587817668914795,,,,1,2.605045447126031
2013-03-13,fold_3,Eurozone debt plateau,-0.0042730169370770454,-1,-0.005442651454359293,-1,0.005442651454359293,0.16508853435516357,,,,1,54.42651454359293
2013-03-14,fold_3,Eurozone debt plateau,0.004273017402738333,1,0.004164100158959627,1,0.004164100158959627,0.16994011402130127,,,,1,41.64100158959627
2013-03-15,fold_3,Eurozone debt plateau,0.00483231944963336,1,-0.009192564524710178,-1,-0.009192564524710178,0.1591852903366089,,,,0,-91.92564524710178
2013-03-18,fold_3,Eurozone debt plateau,-0.004897749982774258,-1,0.004051790572702885,1,-0.004051790572702885,0.1544884443283081,,,,0,-40.51790572702885
2013-03-19,fold_3,Eurozone debt plateau,-0.0038447685074061155,-1,-0.006264734081923962,-1,0.006264734081923962,0.16172099113464355,,,,1,62.647340819239616
2013-03-21,fold_3,Eurozone debt plateau,-0.0014659503940492868,-1,-0.002839107299223542,-1,0.002839107299223542,0.16501927375793457,,,,1,28.391072992235422
2013-03-22,fold_3,Eurozone debt plateau,0.004470642656087875,1,0.0092341098934412,1,0.0092341098934412,0.17577719688415527,,,,1,92.341098934412
2013-03-25,fold_3,Eurozone debt plateau,-0.006488885264843702,-1,-0.012717006728053093,-1,0.012717006728053093,0.19072961807250977,,,,1,127.17006728053093
2013-03-26,fold_3,Eurozone debt plateau,0.0016683065332472324,1,0.00012858747504651546,1,0.00012858747504651546,0.19088280200958252,,,,1,1.2858747504651546
2013-03-27,fold_3,Eurozone debt plateau,-0.0054004136472940445,-1,-0.0063889650627970695,-1,0.0063889650627970695,0.19849133491516113,,,,1,63.889650627970695
2013-03-28,fold_3,Eurozone debt plateau,0.003764650085940957,1,0.002973254071548581,1,0.002973254071548581,0.20205473899841309,,,,1,29.73254071548581
2013-04-01,fold_3,Eurozone debt plateau,0.0017360973870381713,1,0.0034695772919803858,1,0.0034695772919803858,0.20622539520263672,,,,1,34.69577291980386
2013-04-02,fold_3,Eurozone debt plateau,-0.0030087954364717007,-1,-0.0023077132645994425,-1,0.0023077132645994425,0.209009051322937,,,,1,23.077132645994425
2013-04-03,fold_3,Eurozone debt plateau,0.0032540601678192616,1,0.002313051139935851,1,0.002313051139935851,0.21180546283721924,,,,1,23.13051139935851
2013-04-04,fold_3,Eurozone debt plateau,-0.0005048784078098834,-1,0.006076161749660969,1,-0.006076161749660969,0.20444238185882568,,,,0,-60.76161749660969
2013-04-05,fold_3,Eurozone debt plateau,0.00014346303942147642,1,0.004937021527439356,1,0.004937021527439356,0.21038877964019775,,,,1,49.37021527439356
2013-04-08,fold_3,Eurozone debt plateau,-0.00593910226598382,-1,0.0028665303252637386,1,-0.0028665303252637386,0.20691919326782227,,,,0,-28.665303252637386
2013-04-09,fold_3,Eurozone debt plateau,0.0028817434795200825,1,0.003910965286195278,1,0.003910965286195278,0.21163952350616455,,,,1,39.10965286195278
2013-04-10,fold_3,Eurozone debt plateau,-0.0038738481234759092,-1,-0.0019061239436268806,-1,0.0019061239436268806,0.2139490842819214,,,,1,19.061239436268806
2013-04-11,fold_3,Eurozone debt plateau,0.0006280828383751214,1,0.00455083604902029,1,0.00455083604902029,0.21947360038757324,,,,1,45.508360490202904
2013-04-12,fold_3,Eurozone debt plateau,-0.00323885097168386,-1,-0.001178935170173645,-1,0.001178935170173645,0.22091138362884521,,,,1,11.78935170173645
2013-04-15,fold_3,Eurozone debt plateau,-0.0020772528368979692,-1,-0.0034072035923600197,-1,0.0034072035923600197,0.22507131099700928,,,,1,34.0720359236002
2013-04-16,fold_3,Eurozone debt plateau,0.008678273297846317,1,0.009501743130385876,1,0.009501743130385876,0.23671162128448486,,,,1,95.01743130385876
2013-04-17,fold_3,Eurozone debt plateau,-0.00802122987806797,-1,-0.010910171084105968,-1,0.010910171084105968,0.25020432472229004,,,,1,109.10171084105968
2013-04-18,fold_3,Eurozone debt plateau,0.0009239924838766456,1,0.0013966822298243642,1,0.0013966822298243642,0.25195038318634033,,,,1,13.966822298243642
2013-04-19,fold_3,Eurozone debt plateau,0.00030411765328608453,1,0.0001958034554263577,1,0.0001958034554263577,0.2521955966949463,,,,1,1.9580345542635769
2013-04-22,fold_3,Eurozone debt plateau,0.0021786121651530266,1,0.0004571809549815953,1,0.0004571809549815953,0.25276803970336914,,,,1,4.571809549815953
2013-04-23,fold_3,Eurozone debt plateau,-0.0010484642116352916,-1,-0.005145795177668333,-1,0.005145795177668333,0.25921452045440674,,,,1,51.45795177668333
2013-04-24,fold_3,Eurozone debt plateau,0.004932478070259094,1,0.0017703734338283539,1,0.0017703734338283539,0.2614438533782959,,,,1,17.70373433828354
2013-04-25,fold_3,Eurozone debt plateau,0.0015838568797335029,1,-0.0007805071654729545,-1,-0.0007805071654729545,0.260459303855896,,,,0,-7.805071654729545
2013-04-26,fold_3,Eurozone debt plateau,0.00411462364718318,1,0.0027129673399031162,1,0.0027129673399031162,0.2638789415359497,,,,1,27.129673399031162
2013-04-30,fold_3,Eurozone debt plateau,0.005308942869305611,1,0.005530692171305418,1,0.005530692171305418,0.2708691358566284,,,,1,55.30692171305418
2013-05-01,fold_3,Eurozone debt plateau,0.001139710540883243,1,0.0010545552941039205,1,0.0010545552941039205,0.2722092866897583,,,,1,10.545552941039205
2013-05-02,fold_3,Eurozone debt plateau,-0.006362533196806908,-1,-0.00888423714786768,-1,0.00888423714786768,0.2835118770599365,,,,1,88.8423714786768
2013-05-07,fold_3,Eurozone debt plateau,0.0020082942210137844,1,0.0005231635295785964,1,0.0005231635295785964,0.2841833829879761,,,,1,5.2316352957859635
2013-05-08,fold_3,Eurozone debt plateau,0.006631582044064999,1,0.00644897622987628,1,0.00644897622987628,0.29246509075164795,,,,1,64.4897622987628
2013-05-09,fold_3,Eurozone debt plateau,-0.007469799369573593,-1,-0.009645446203649044,-1,0.009645446203649044,0.30493152141571045,,,,1,96.45446203649044
2013-05-10,fold_3,Eurozone debt plateau,-0.003283524187281728,-1,-0.005302789621055126,-1,0.005302789621055126,0.31185126304626465,,,,1,53.02789621055126
2013-05-13,fold_3,Eurozone debt plateau,-0.0005809092544950545,-1,0.0017533899517729878,1,-0.0017533899517729878,0.3095511198043823,,,,0,-17.53389951772988
2013-05-14,fold_3,Eurozone debt plateau,-0.003518522484228015,-1,-0.003920002840459347,-1,0.003920002840459347,0.31468451023101807,,,,1,39.20002840459347
2013-05-15,fold_3,Eurozone debt plateau,-0.004855144303292036,-1,-0.004225410986691713,-1,0.004225410986691713,0.3202395439147949,,,,1,42.25410986691713
2013-05-16,fold_3,Eurozone debt plateau,-0.0008334158919751644,-1,6.449774082284421e-05,1,-6.449774082284421e-05,0.32015442848205566,,,,0,-0.6449774082284421
2013-05-17,fold_3,Eurozone debt plateau,-0.006077439058572054,-1,-0.003696675878018141,-1,0.003696675878018141,0.32503461837768555,,,,1,36.96675878018141
2013-05-20,fold_3,Eurozone debt plateau,0.0056153940968215466,1,0.004318435210734606,1,0.004318435210734606,0.3307567834854126,,,,1,43.18435210734606
2013-05-21,fold_3,Eurozone debt plateau,-0.00093077402561903,-1,0.002170462626963854,1,-0.002170462626963854,0.3278684616088867,,,,0,-21.70462626963854
2013-05-22,fold_3,Eurozone debt plateau,-0.005710383411496878,-1,-0.005958682391792536,-1,0.005958682391792536,0.3357808589935303,,,,1,59.58682391792536
2013-05-23,fold_3,Eurozone debt plateau,0.005471539683640003,1,0.006462528370320797,1,0.006462528370320797,0.3444133996963501,,,,1,64.62528370320797
2013-05-24,fold_3,Eurozone debt plateau,0.000811516772955656,1,0.0009831828065216541,1,0.0009831828065216541,0.3457353115081787,,,,1,9.831828065216541
2013-05-28,fold_3,Eurozone debt plateau,-0.005726696457713842,-1,-0.006770005449652672,-1,0.006770005449652672,0.3548460006713867,,,,1,67.70005449652672
2013-05-29,fold_3,Eurozone debt plateau,0.006376863922923803,1,0.007898152805864811,1,0.007898152805864811,0.3655468225479126,,,,1,78.98152805864811
2013-05-30,fold_3,Eurozone debt plateau,0.006644326727837324,1,0.007421950809657574,1,0.007421950809657574,0.37568187713623047,,,,1,74.21950809657574
2013-05-31,fold_3,Eurozone debt plateau,-0.004780344199389219,-1,-0.0036389913875609636,-1,0.0036389913875609636,0.380687952041626,,,,1,36.389913875609636
2013-06-03,fold_3,Eurozone debt plateau,0.009127886034548283,1,0.005882744211703539,1,0.005882744211703539,0.3888101577758789,,,,1,58.82744211703539
2013-06-04,fold_3,Eurozone debt plateau,-0.0018641763599589467,-1,3.9302009099628776e-05,1,-3.9302009099628776e-05,0.38875555992126465,,,,0,-0.39302009099628776
2013-06-05,fold_3,Eurozone debt plateau,0.0017826399998739362,1,0.0015187669778242707,1,0.0015187669778242707,0.3908647298812866,,,,1,15.187669778242707
2013-06-06,fold_3,Eurozone debt plateau,0.00934979785233736,1,0.011629591695964336,1,0.011629591695964336,0.4070398807525635,,,,1,116.29591695964336
2013-06-07,fold_3,Eurozone debt plateau,-0.0028855877462774515,-1,-0.0016265598824247718,-1,0.0016265598824247718,0.4093285799026489,,,,1,16.265598824247718
2013-06-10,fold_3,Eurozone debt plateau,0.0004739868745673448,1,0.0,1,0.0,0.4093285799026489,,,,0,0.0
2013-06-11,fold_3,Eurozone debt plateau,0.005326310638338327,1,0.0,1,0.0,0.4093285799026489,,,,0,0.0
2013-06-12,fold_3,Eurozone debt plateau,0.00032223344896920025,1,0.008737497963011265,1,0.008737497963011265,0.421642541885376,,,,1,87.37497963011265
2013-06-13,fold_3,Eurozone debt plateau,0.005353478714823723,1,0.002125462982803583,1,0.002125462982803583,0.4246642589569092,,,,1,21.25462982803583
2013-06-14,fold_3,Eurozone debt plateau,-0.0025900243781507015,-1,-0.0014417035272344947,-1,0.0014417035272344947,0.42671823501586914,,,,1,14.417035272344947
2013-06-17,fold_3,Eurozone debt plateau,0.001807716558687389,1,0.001082459231838584,1,0.001082459231838584,0.4282625913619995,,,,1,10.82459231838584
2013-06-18,fold_3,Eurozone debt plateau,-0.0003268381115049124,-1,0.0020085156429558992,1,-0.0020085156429558992,0.4253939390182495,,,,0,-20.085156429558992
2013-06-19,fold_3,Eurozone debt plateau,-0.008216463960707188,-1,-0.007323887664824724,-1,0.007323887664824724,0.4358333349227905,,,,1,73.23887664824724
2013-06-20,fold_3,Eurozone debt plateau,-0.006416335701942444,-1,-0.004235328175127506,-1,0.004235328175127506,0.4419146776199341,,,,1,42.35328175127506
2013-06-21,fold_3,Eurozone debt plateau,-0.006016791798174381,-1,-0.009842113591730595,-1,0.009842113591730595,0.45610618591308594,,,,1,98.42113591730595
2013-06-24,fold_3,Eurozone debt plateau,-0.004693366587162018,-1,0.002061850391328335,1,-0.002061850391328335,0.4531038999557495,,,,0,-20.618503913283348
2013-06-25,fold_3,Eurozone debt plateau,-0.002247156808152795,-1,-0.004002472851425409,-1,0.004002472851425409,0.458919882774353,,,,1,40.02472851425409
2013-06-26,fold_3,Eurozone debt plateau,-0.0038279176224023104,-1,-0.00507523724809289,-1,0.00507523724809289,0.46632421016693115,,,,1,50.7523724809289
2013-06-27,fold_3,Eurozone debt plateau,-0.0002865804417524487,-1,0.0017338114557787776,1,-0.0017338114557787776,0.46378183364868164,,,,0,-17.338114557787776
2015-04-15,fold_4,Strong USD downturn,0.002909265225753188,1,0.0027866659220308065,1,0.0027866659220308065,0.0027866363525390625,,,,1,27.866659220308065
2015-04-16,fold_4,Strong USD downturn,0.009806720539927483,1,0.007378339767456055,1,0.007378339767456055,0.010185480117797852,,,,1,73.78339767456055
2015-04-17,fold_4,Strong USD downturn,-0.0011971390340477228,-1,0.0050807795487344265,1,-0.0050807795487344265,0.005052924156188965,,,,0,-50.807795487344265
2015-04-20,fold_4,Strong USD downturn,-0.005656407214701176,-1,-0.005803639534860849,-1,0.005803639534860849,0.010885834693908691,,,,1,58.036395348608494
2015-04-21,fold_4,Strong USD downturn,-0.0008316047606058419,-1,-0.0005370663129724562,-1,0.0005370663129724562,0.01142871379852295,,,,1,5.370663129724562
2015-04-22,fold_4,Strong USD downturn,-0.0004898742190562189,-1,-0.0014802230289205909,-1,0.0014802230289205909,0.012925863265991211,,,,1,14.802230289205909
2015-04-23,fold_4,Strong USD downturn,0.01037190854549408,1,0.008316786028444767,1,0.008316786028444767,0.02135014533996582,,,,1,83.16786028444767
2015-04-24,fold_4,Strong USD downturn,0.0045879194512963295,1,0.004988814238458872,1,0.004988814238458872,0.026445388793945312,,,,1,49.88814238458872
2015-04-27,fold_4,Strong USD downturn,-0.00034650551970116794,-1,0.0008267566445283592,1,-0.0008267566445283592,0.0255967378616333,,,,0,-8.267566445283592
2015-04-28,fold_4,Strong USD downturn,0.008892912417650223,1,0.0083804065361619,1,0.0083804065361619,0.03419160842895508,,,,1,83.804065361619
2015-04-30,fold_4,Strong USD downturn,0.002092876937240362,1,0.009027745574712753,1,0.009027745574712753,0.043527960777282715,,,,1,90.27745574712753
2015-05-01,fold_4,Strong USD downturn,-0.0065755462273955345,-1,-0.002561562927439809,-1,0.002561562927439809,0.04620099067687988,,,,1,25.61562927439809
2015-05-07,fold_4,Strong USD downturn,-0.01138575654476881,-1,-0.008334004320204258,-1,0.008334004320204258,0.054920077323913574,,,,1,83.34004320204258
2015-05-08,fold_4,Strong USD downturn,-0.0009995156433433294,-1,-0.004701511934399605,-1,0.004701511934399605,0.05987977981567383,,,,1,47.01511934399605
2015-05-11,fold_4,Strong USD downturn,-0.004837146960198879,-1,-0.0044355494901537895,-1,0.0044355494901537895,0.06458091735839844,,,,1,44.355494901537895
2015-05-12,fold_4,Strong USD downturn,0.005090243183076382,1,0.006912466138601303,1,0.006912466138601303,0.07193982601165771,,,,1,69.12466138601303
2015-05-13,fold_4,Strong USD downturn,0.010161240585148335,1,0.011498061008751392,1,0.011498061008751392,0.08426511287689209,,,,1,114.98061008751392
2015-05-14,fold_4,Strong USD downturn,0.004120331723242998,1,0.0048014628700912,1,0.0048014628700912,0.08947122097015381,,,,1,48.014628700912
2015-05-15,fold_4,Strong USD downturn,0.00038770813262090087,1,0.0035136754158884287,1,0.0035136754158884287,0.0932992696762085,,,,1,35.13675415888429
2015-05-18,fold_4,Strong USD downturn,-0.007915562018752098,-1,-0.010386107489466667,-1,0.010386107489466667,0.10465443134307861,,,,1,103.86107489466667
2015-05-19,fold_4,Strong USD downturn,-0.010464323684573174,-1,-0.015850599855184555,-1,0.015850599855184555,0.12216377258300781,,,,1,158.50599855184555
2015-05-20,fold_4,Strong USD downturn,0.0007464704685844481,1,-0.004118285607546568,-1,-0.004118285607546568,0.11754238605499268,,,,0,-41.18285607546568
2015-05-21,fold_4,Strong USD downturn,0.004898511338979006,1,0.001000001560896635,1,0.001000001560896635,0.11865997314453125,,,,1,10.00001560896635
2015-05-22,fold_4,Strong USD downturn,-0.008497778326272964,-1,-0.010696151293814182,-1,0.010696151293814182,0.13062536716461182,,,,1,106.96151293814182
2015-05-26,fold_4,Strong USD downturn,-0.007377264555543661,-1,-0.007502323482185602,-1,0.007502323482185602,0.13910770416259766,,,,1,75.02323482185602
2015-05-27,fold_4,Strong USD downturn,-1.25199858302949e-05,-1,0.0010246067540720105,1,-0.0010246067540720105,0.13794052600860596,,,,0,-10.246067540720105
2015-05-28,fold_4,Strong USD downturn,0.0032254389952868223,1,0.005534912459552288,1,0.005534912459552288,0.14423894882202148,,,,1,55.34912459552288
2015-05-29,fold_4,Strong USD downturn,-0.0008343571680597961,-1,-0.0002191598032368347,-1,0.0002191598032368347,0.14448964595794678,,,,1,2.191598032368347
2015-06-01,fold_4,Strong USD downturn,-0.0028703755233436823,-1,-0.0031894471030682325,-1,0.0031894471030682325,0.14813995361328125,,,,1,31.894471030682325
2015-06-02,fold_4,Strong USD downturn,0.009052906185388565,1,0.020783551037311554,1,0.020783551037311554,0.17200231552124023,,,,1,207.83551037311554
2015-06-03,fold_4,Strong USD downturn,-0.0015365569852292538,-1,0.009670482017099857,1,-0.009670482017099857,0.1606684923171997,,,,0,-96.70482017099857
2015-06-04,fold_4,Strong USD downturn,-0.003841705620288849,-1,-0.004438275005668402,-1,0.004438275005668402,0.16581988334655762,,,,1,44.38275005668402
2015-06-05,fold_4,Strong USD downturn,-0.007522235624492168,-1,-0.008897615596652031,-1,0.008897615596652031,0.1761929988861084,,,,1,88.97615596652031
2015-06-08,fold_4,Strong USD downturn,0.008135415613651276,1,0.015556452795863152,1,0.015556452795863152,0.1944904327392578,,,,1,155.56452795863152
2015-06-09,fold_4,Strong USD downturn,-0.000631733622867614,-1,0.0016044342191889882,1,-0.0016044342191889882,0.1925739049911499,,,,0,-16.044342191889882
2015-06-10,fold_4,Strong USD downturn,0.007226862013339996,1,0.0011425005504861474,1,0.0011425005504861474,0.19393646717071533,,,,1,11.425005504861474
2015-06-11,fold_4,Strong USD downturn,-0.003966142423450947,-1,-0.006306036841124296,-1,0.006306036841124296,0.20146548748016357,,,,1,63.06036841124296
2015-06-12,fold_4,Strong USD downturn,-0.0009865510510280728,-1,-0.0018400050466880202,-1,0.0018400050466880202,0.2036762237548828,,,,1,18.400050466880202
2015-06-15,fold_4,Strong USD downturn,0.0006399141857400537,1,0.005085863173007965,1,0.005085863173007965,0.20979785919189453,,,,1,50.85863173007965
2015-06-16,fold_4,Strong USD downturn,-0.00043532095151022077,-1,-0.0031028008088469505,-1,0.0031028008088469505,0.21355164051055908,,,,1,31.028008088469505
2015-06-17,fold_4,Strong USD downturn,0.009171797893941402,1,0.011381383053958416,1,0.011381383053958416,0.22736358642578125,,,,1,113.81383053958416
2015-06-18,fold_4,Strong USD downturn,0.0023253639228641987,1,6.814974767621607e-05,1,6.814974767621607e-05,0.2274472713470459,,,,1,0.6814974767621607
2015-06-19,fold_4,Strong USD downturn,-0.0016045670490711927,-1,0.0001934272440848872,1,-0.0001934272440848872,0.22720980644226074,,,,0,-1.934272440848872
2015-06-22,fold_4,Strong USD downturn,-0.0021272674202919006,-1,-0.0020996162202209234,-1,0.0020996162202209234,0.22978651523590088,,,,1,20.996162202209234
2015-06-23,fold_4,Strong USD downturn,-0.008116337470710278,-1,-0.01558514405041933,-1,0.01558514405041933,0.2489529848098755,,,,1,155.8514405041933
2015-06-24,fold_4,Strong USD downturn,0.001261544181033969,1,0.0031154805328696966,1,0.0031154805328696966,0.25284409523010254,,,,1,31.154805328696966
2015-06-25,fold_4,Strong USD downturn,0.0001530038716737181,1,-0.0003584684163797647,-1,-0.0003584684163797647,0.25239503383636475,,,,0,-3.5846841637976468
2015-06-26,fold_4,Strong USD downturn,-0.003464659210294485,-1,-0.02034766413271427,-1,0.02034766413271427,0.27787840366363525,,,,1,203.47664132714272
2015-06-29,fold_4,Strong USD downturn,0.00726994639262557,1,0.02259182743728161,1,0.02259182743728161,0.30674803256988525,,,,1,225.9182743728161
2015-06-30,fold_4,Strong USD downturn,-0.006587640848010778,-1,-0.007839072495698929,-1,0.007839072495698929,0.3169916868209839,,,,1,78.39072495698929
2015-07-01,fold_4,Strong USD downturn,-0.0066643161699175835,-1,-0.009102738462388515,-1,0.009102738462388515,0.32897984981536865,,,,1,91.02738462388515
2015-07-02,fold_4,Strong USD downturn,0.001850952161476016,1,0.004833896644413471,1,0.004833896644413471,0.33540403842926025,,,,1,48.33896644413471
2015-07-06,fold_4,Strong USD downturn,-0.0034324342850595713,-1,0.00490582687780261,1,-0.00490582687780261,0.3288527727127075,,,,0,-49.058268778026104
2015-07-07,fold_4,Strong USD downturn,-0.004189685452729464,-1,-0.003534203628078103,-1,0.003534203628078103,0.3335491418838501,,,,1,35.34203628078103
2015-07-08,fold_4,Strong USD downturn,0.003261867444962263,1,0.005546563304960728,1,0.005546563304960728,0.3409457206726074,,,,1,55.46563304960728
2015-07-09,fold_4,Strong USD downturn,-0.002961415331810713,-1,-0.0007190668839029968,-1,0.0007190668839029968,0.3419100046157837,,,,1,7.190668839029968
2015-07-10,fold_4,Strong USD downturn,0.005991322919726372,1,0.005965179298073053,1,0.005965179298073053,0.3499147891998291,,,,1,59.651792980730534
2015-07-13,fold_4,Strong USD downturn,-0.009698272682726383,-1,-0.012452283874154091,-1,0.012452283874154091,0.36672425270080566,,,,1,124.52283874154091
2015-07-14,fold_4,Strong USD downturn,0.0014529594918712974,1,0.0015961879398673773,1,0.0015961879398673773,0.36890578269958496,,,,1,15.961879398673773
2015-07-15,fold_4,Strong USD downturn,-0.0039057142566889524,-1,-0.005854768678545952,-1,0.005854768678545952,0.37692034244537354,,,,1,58.54768678545952
2015-07-16,fold_4,Strong USD downturn,-0.004804082214832306,-1,-0.005257993470877409,-1,0.005257993470877409,0.3841601610183716,,,,1,52.57993470877409
2015-07-17,fold_4,Strong USD downturn,-0.0001156059151981026,-1,-0.005122730508446693,-1,0.005122730508446693,0.39125096797943115,,,,1,51.227305084466934
2015-07-21,fold_4,Strong USD downturn,0.007568992208689451,1,0.00964904110878706,1,0.00964904110878706,0.4046752452850342,,,,1,96.4904110878706
2015-07-22,fold_4,Strong USD downturn,-0.0040690116584300995,-1,-0.0011801107320934534,-1,0.0011801107320934534,0.4063328504562378,,,,1,11.801107320934534
2015-07-23,fold_4,Strong USD downturn,0.0029138270765542984,1,0.005670242477208376,1,0.005670242477208376,0.41430699825286865,,,,1,56.70242477208376
2015-07-24,fold_4,Strong USD downturn,-0.0035761818289756775,-1,-0.0015141702024266124,-1,0.0015141702024266124,0.41644859313964844,,,,1,15.141702024266124
2015-07-27,fold_4,Strong USD downturn,0.007624943275004625,1,0.010724127292633057,1,0.010724127292633057,0.4316387176513672,,,,1,107.24127292633057
2015-07-28,fold_4,Strong USD downturn,-0.00379919889383018,-1,-0.0021689776331186295,-1,0.0021689776331186295,0.4347440004348755,,,,1,21.689776331186295
2015-07-29,fold_4,Strong USD downturn,-0.001996175153180957,-1,-0.007403244264423847,-1,0.007403244264423847,0.4453657865524292,,,,1,74.03244264423847
2015-07-30,fold_4,Strong USD downturn,-0.004475736059248447,-1,-0.004080268554389477,-1,0.004080268554389477,0.45126330852508545,,,,1,40.80268554389477
2015-07-31,fold_4,Strong USD downturn,0.00207715155556798,1,0.0027202083729207516,1,0.0027202083729207516,0.4552110433578491,,,,1,27.202083729207516
2015-08-03,fold_4,Strong USD downturn,-0.0016055884771049023,-1,-0.0011831811862066388,-1,0.0011831811862066388,0.45693278312683105,,,,1,11.831811862066388
2015-08-04,fold_4,Strong USD downturn,-0.003970498684793711,-1,-0.006119636818766594,-1,0.006119636818766594,0.4658486843109131,,,,1,61.19636818766594
2015-08-05,fold_4,Strong USD downturn,0.0008556776447221637,1,0.0012975219869986176,1,0.0012975219869986176,0.46775054931640625,,,,1,12.975219869986176
2015-08-06,fold_4,Strong USD downturn,0.0008824222022667527,1,0.0021963249891996384,1,0.0021963249891996384,0.4709742069244385,,,,1,21.963249891996384
2015-08-07,fold_4,Strong USD downturn,0.002873314544558525,1,0.0034758939873427153,1,0.0034758939873427153,0.47608721256256104,,,,1,34.75893987342715
2015-08-10,fold_4,Strong USD downturn,0.003777614561840892,1,0.004737264011055231,1,0.004737264011055231,0.48307979106903076,,,,1,47.37264011055231
2015-08-11,fold_4,Strong USD downturn,-0.0030114436522126198,-1,0.0022746871691197157,1,-0.0022746871691197157,0.4797062873840332,,,,0,-22.746871691197157
2015-08-12,fold_4,Strong USD downturn,0.009540456347167492,1,0.010770364664494991,1,0.010770364664494991,0.4956432580947876,,,,1,107.70364664494991
2015-08-13,fold_4,Strong USD downturn,-0.0017243318725377321,-1,0.0,1,-0.0,0.4956432580947876,,,,0,-0.0
2015-08-14,fold_4,Strong USD downturn,-0.0008746460662223399,-1,-0.0060900431126356125,-1,0.0060900431126356125,0.5047518014907837,,,,1,60.900431126356125
2015-08-17,fold_4,Strong USD downturn,-0.001513945171609521,-1,-0.0013515696628019214,-1,0.0013515696628019214,0.5067856311798096,,,,1,13.515696628019214
2015-08-18,fold_4,Strong USD downturn,-0.0012434989912435412,-1,-0.004257874097675085,-1,0.004257874097675085,0.5132013559341431,,,,1,42.57874097675085
2015-08-19,fold_4,Strong USD downturn,0.0052823349833488464,1,0.00790493655949831,1,0.00790493655949831,0.5251630544662476,,,,1,79.0493655949831
2015-08-20,fold_4,Strong USD downturn,0.006437369622290134,1,0.010697606019675732,1,0.010697606019675732,0.5414786338806152,,,,1,106.97606019675732
2015-08-21,fold_4,Strong USD downturn,0.007519127335399389,1,0.012457658536732197,1,0.012457658536732197,0.5606818199157715,,,,1,124.57658536732197
2015-08-24,fold_4,Strong USD downturn,0.003058890113607049,1,0.018115969374775887,1,0.018115969374775887,0.5889551639556885,,,,1,181.15969374775887
2015-08-25,fold_4,Strong USD downturn,-0.0062199668027460575,-1,-0.00277227396145463,-1,0.00277227396145463,0.5933603048324585,,,,1,27.7227396145463
2015-08-26,fold_4,Strong USD downturn,-0.006133937742561102,-1,-0.018257446587085724,-1,0.018257446587085724,0.6224510669708252,,,,1,182.57446587085724
2015-08-27,fold_4,Strong USD downturn,-0.009387150406837463,-1,-0.008121015504002571,-1,0.008121015504002571,0.635627031326294,,,,1,81.21015504002571
2015-08-28,fold_4,Strong USD downturn,-0.003788247937336564,-1,-0.0030165945645421743,-1,0.0030165945645421743,0.6405611038208008,,,,1,30.165945645421743
2015-08-31,fold_4,Strong USD downturn,0.0005819352809339762,1,0.001055276719853282,1,0.001055276719853282,0.6422922611236572,,,,1,10.55276719853282
2015-09-01,fold_4,Strong USD downturn,0.005050408188253641,1,0.006019366439431906,1,0.006019366439431906,0.6521778106689453,,,,1,60.19366439431906
2015-09-02,fold_4,Strong USD downturn,-0.002074813935905695,-1,-0.006853028200566769,-1,0.006853028200566769,0.663500189781189,,,,1,68.53028200566769
2015-09-03,fold_4,Strong USD downturn,-0.004637039266526699,-1,-0.008032885380089283,-1,0.008032885380089283,0.6768629550933838,,,,1,80.32885380089283
2015-09-04,fold_4,Strong USD downturn,0.0008673068368807435,1,0.002341874875128269,1,0.002341874875128269,0.6807899475097656,,,,1,23.418748751282692
2015-09-08,fold_4,Strong USD downturn,0.004622528795152903,1,0.0038888398557901382,1,0.0038888398557901382,0.6873263120651245,,,,1,38.88839855790138
2015-09-09,fold_4,Strong USD downturn,-0.0024716579355299473,-1,0.0011893943883478642,1,-0.0011893943883478642,0.6853194236755371,,,,0,-11.893943883478642
2015-09-10,fold_4,Strong USD downturn,0.005162633489817381,1,0.006255229003727436,1,0.006255229003727436,0.6958615779876709,,,,1,62.55229003727436
2015-09-11,fold_4,Strong USD downturn,0.001837666961364448,1,0.004707816056907177,1,0.004707816056907177,0.7038453817367554,,,,1,47.07816056907177
2015-09-14,fold_4,Strong USD downturn,-0.003272149246186018,-1,-0.003211408853530884,-1,0.003211408853530884,0.7093170881271362,,,,1,32.11408853530884
2015-09-15,fold_4,Strong USD downturn,-0.0015602728817611933,-1,-0.0031674618367105722,-1,0.0031674618367105722,0.7147313356399536,,,,1,31.674618367105722
2015-09-16,fold_4,Strong USD downturn,0.0028839518781751394,1,0.0017954690847545862,1,0.0017954690847545862,0.7178100347518921,,,,1,17.954690847545862
2015-09-17,fold_4,Strong USD downturn,0.007811343763023615,1,0.00964523945003748,1,0.00964523945003748,0.7343786954879761,,,,1,96.4523945003748
2015-09-18,fold_4,Strong USD downturn,-0.004328315611928701,-1,-0.009553097188472748,-1,0.009553097188472748,0.7509473562240601,,,,1,95.53097188472748
2015-09-24,fold_4,Strong USD downturn,0.00017817789921537042,1,-0.0009837218094617128,-1,-0.0009837218094617128,0.7492249011993408,,,,0,-9.837218094617128
2015-09-25,fold_4,Strong USD downturn,-0.0026973902713507414,-1,0.0020386953838169575,1,-0.0020386953838169575,0.7456587553024292,,,,0,-20.386953838169575
2015-09-28,fold_4,Strong USD downturn,0.0014302515191957355,1,0.0026168806944042444,1,0.0026168806944042444,0.7502269744873047,,,,1,26.168806944042444
2015-09-29,fold_4,Strong USD downturn,0.0021181257907301188,1,0.002217428293079138,1,0.002217428293079138,0.7541079521179199,,,,1,22.174282930791378
2015-09-30,fold_4,Strong USD downturn,-0.004461109638214111,-1,-0.007451786659657955,-1,0.007451786659657955,0.7671791315078735,,,,1,74.51786659657955
2015-10-01,fold_4,Strong USD downturn,0.002456079237163067,1,0.0019140391377732158,1,0.0019140391377732158,0.7705615758895874,,,,1,19.140391377732158
2015-10-02,fold_4,Strong USD downturn,0.002884628949686885,1,0.002997632836923003,1,0.002997632836923003,0.7758691310882568,,,,1,29.976328369230032
2015-10-05,fold_4,Strong USD downturn,-0.0017905960557982326,-1,-0.0028323756996542215,-1,0.0028323756996542215,0.780899167060852,,,,1,28.323756996542215
2015-10-06,fold_4,Strong USD downturn,0.0064145042560994625,1,0.006501608993858099,1,0.006501608993858099,0.7924777269363403,,,,1,65.01608993858099
2015-10-07,fold_4,Strong USD downturn,0.00018344623094890267,1,-0.0024840589612722397,-1,-0.0024840589612722397,0.7880250215530396,,,,0,-24.840589612722397
2015-10-08,fold_4,Strong USD downturn,0.0028900986071676016,1,0.004176144953817129,1,0.004176144953817129,0.7954920530319214,,,,1,41.76144953817129
2015-10-09,fold_4,Strong USD downturn,0.004077665042132139,1,0.007356438785791397,1,0.007356438785791397,0.808700442314148,,,,1,73.56438785791397
2015-10-13,fold_4,Strong USD downturn,0.0013636277290061116,1,0.0025958227925002575,1,0.0025958227925002575,0.8133953809738159,,,,1,25.958227925002575
2015-10-14,fold_4,Strong USD downturn,0.008639507927000523,1,0.007952532730996609,1,0.007952532730996609,0.8278164863586426,,,,1,79.52532730996609
2015-10-15,fold_4,Strong USD downturn,-0.004636854398995638,-1,-0.009355970658361912,-1,0.009355970658361912,0.8449175357818604,,,,1,93.55970658361912
2015-10-16,fold_4,Strong USD downturn,-0.0004330668307375163,-1,-0.0006248753634281456,-1,0.0006248753634281456,0.846070408821106,,,,1,6.2487536342814565
2015-10-19,fold_4,Strong USD downturn,-0.004071511328220367,-1,-0.002820884808897972,-1,0.002820884808897972,0.8512779474258423,,,,1,28.20884808897972
2015-10-20,fold_4,Strong USD downturn,0.0021152342669665813,1,0.002202671719714999,1,0.002202671719714999,0.8553556203842163,,,,1,22.026717197149992
2015-10-21,fold_4,Strong USD downturn,-0.0011188467033207417,-1,-0.0005220280727371573,-1,0.0005220280727371573,0.8563241958618164,,,,1,5.2202807273715734
2015-10-22,fold_4,Strong USD downturn,-0.009664969518780708,-1,-0.023535992950201035,-1,0.023535992950201035,0.9000146389007568,,,,1,235.35992950201035
2015-10-23,fold_4,Strong USD downturn,-0.008595595136284828,-1,-0.005466054193675518,-1,0.005466054193675518,0.9104002714157104,,,,1,54.66054193675518
2015-10-26,fold_4,Strong USD downturn,0.00229648663662374,1,0.004138649441301823,1,0.004138649441301823,0.918306827545166,,,,1,41.38649441301823
2015-10-27,fold_4,Strong USD downturn,-0.00024276376643683761,-1,-0.002615799428895116,-1,0.002615799428895116,0.923324704170227,,,,1,26.15799428895116
2015-10-28,fold_4,Strong USD downturn,-0.00499030202627182,-1,-0.00979236513376236,-1,0.00979236513376236,0.942158579826355,,,,1,97.9236513376236
2015-10-29,fold_4,Strong USD downturn,0.005565461236983538,1,0.005936706904321909,1,0.005936706904321909,0.9536886215209961,,,,1,59.36706904321909
2015-10-30,fold_4,Strong USD downturn,0.0019133921014145017,1,0.0029219379648566246,1,0.0029219379648566246,0.9593971967697144,,,,1,29.219379648566246
2015-11-02,fold_4,Strong USD downturn,0.00040099569014273584,1,-0.0009033163660205901,-1,-0.0009033163660205901,0.9576272964477539,,,,0,-9.0331636602059
2015-11-04,fold_4,Strong USD downturn,-0.006862119771540165,-1,-0.008748723194003105,-1,0.008748723194003105,0.9747540950775146,,,,1,87.48723194003105
2015-11-05,fold_4,Strong USD downturn,0.00046739066601730883,1,0.0014692713739350438,1,0.0014692713739350438,0.9776555299758911,,,,1,14.692713739350438
2015-11-06,fold_4,Strong USD downturn,-0.007239693310111761,-1,-0.013835355639457703,-1,0.013835355639457703,1.0050170421600342,,,,1,138.35355639457703
2015-11-09,fold_4,Strong USD downturn,0.0006374631193466485,1,0.0024317402858287096,1,0.0024317402858287096,1.0098927021026611,,,,1,24.317402858287096
2015-11-10,fold_4,Strong USD downturn,-0.0030688599217683077,-1,-0.002040166174992919,-1,0.002040166174992919,1.013993263244629,,,,1,20.40166174992919
2015-11-11,fold_4,Strong USD downturn,0.0032459350768476725,1,0.0023678515572100878,1,0.0023678515572100878,1.0187621116638184,,,,1,23.678515572100878
2015-11-12,fold_4,Strong USD downturn,0.0020110313780605793,1,0.004834278021007776,1,0.004834278021007776,1.0285212993621826,,,,1,48.34278021007776
2015-11-13,fold_4,Strong USD downturn,-0.00453571230173111,-1,-0.01063578575849533,-1,0.01063578575849533,1.050096035003662,,,,1,106.35785758495331
2015-11-16,fold_4,Strong USD downturn,-0.0024988839868456125,-1,-0.0011222391622141004,-1,0.0011222391622141004,1.0523967742919922,,,,1,11.222391622141004
2015-11-17,fold_4,Strong USD downturn,-0.0007907738909125328,-1,-0.004129724111407995,-1,0.004129724111407995,1.0608727931976318,,,,1,41.29724111407995
2015-11-18,fold_4,Strong USD downturn,0.001249190652742982,1,0.0024539949372410774,1,0.0024539949372410774,1.0659303665161133,,,,1,24.539949372410774
2015-11-19,fold_4,Strong USD downturn,0.005598877090960741,1,0.005266564432531595,1,0.005266564432531595,1.076810598373413,,,,1,52.66564432531595
2015-11-20,fold_4,Strong USD downturn,-0.004805547185242176,-1,-0.007938201539218426,-1,0.007938201539218426,1.0932965278625488,,,,1,79.38201539218426
2015-11-24,fold_4,Strong USD downturn,0.0026646312326192856,1,0.00017037845100276172,1,0.00017037845100276172,1.0936532020568848,,,,1,1.7037845100276172
2015-11-25,fold_4,Strong USD downturn,-0.0033137325663119555,-1,-0.0017743892967700958,-1,0.0017743892967700958,1.0973682403564453,,,,1,17.74389296770096
2015-11-27,fold_4,Strong USD downturn,-0.001608452177606523,-1,-0.002021322725340724,-1,0.002021322725340724,1.1016075611114502,,,,1,20.21322725340724
2015-11-30,fold_4,Strong USD downturn,-0.00219035055488348,-1,-0.0009516000864095986,-1,0.0009516000864095986,1.1036076545715332,,,,1,9.516000864095986
2015-12-01,fold_4,Strong USD downturn,0.0039384132251143456,1,0.0050048306584358215,1,0.0050048306584358215,1.114135980606079,,,,1,50.048306584358215
2015-12-02,fold_4,Strong USD downturn,-0.003072656923905015,-1,-0.0012098338920623064,-1,0.0012098338920623064,1.1166937351226807,,,,1,12.098338920623064
2015-12-03,fold_4,Strong USD downturn,0.00393643556162715,1,0.02854517288506031,1,0.02854517288506031,1.1771149635314941,,,,1,285.4517288506031
2015-12-04,fold_4,Strong USD downturn,-0.010283009149134159,-1,-0.0029278246220201254,-1,0.0029278246220201254,1.1834890842437744,,,,1,29.278246220201254
2015-12-07,fold_4,Strong USD downturn,-0.004537664819508791,-1,-0.004593567457050085,-1,0.004593567457050085,1.193519115447998,,,,1,45.93567457050085
2015-12-08,fold_4,Strong USD downturn,0.0007434660801663995,1,0.005534087773412466,1,0.005534087773412466,1.205658197402954,,,,1,55.34087773412466
2015-12-09,fold_4,Strong USD downturn,0.006784663535654545,1,0.011381609365344048,1,0.011381609365344048,1.230762243270874,,,,1,113.81609365344048
2015-12-10,fold_4,Strong USD downturn,-0.004269280005246401,-1,-0.006338960491120815,-1,0.006338960491120815,1.2449028491973877,,,,1,63.38960491120815
2015-12-11,fold_4,Strong USD downturn,0.0012949417578056455,1,0.0032732149120420218,1,0.0032732149120420218,1.2522509098052979,,,,1,32.73214912042022
2015-12-14,fold_4,Strong USD downturn,-0.0012479467550292611,-1,0.0008245063363574445,1,-0.0008245063363574445,1.2503938674926758,,,,0,-8.245063363574445
2015-12-15,fold_4,Strong USD downturn,-0.006671753246337175,-1,-0.005162013694643974,-1,0.005162013694643974,1.2620103359222412,,,,1,51.62013694643974
2015-12-16,fold_4,Strong USD downturn,0.002920924685895443,1,-0.005643780343234539,-1,-0.005643780343234539,1.249243974685669,,,,0,-56.43780343234539
2015-12-17,fold_4,Strong USD downturn,-0.005385473370552063,-1,-0.002797894412651658,-1,0.002797894412651658,1.2555370330810547,,,,1,27.97894412651658
2015-12-18,fold_4,Strong USD downturn,0.003155467798933387,1,0.0023806451354175806,1,0.0023806451354175806,1.26090669631958,,,,1,23.806451354175806
2015-12-21,fold_4,Strong USD downturn,0.003654691157862544,1,0.003961352631449699,1,0.003961352631449699,1.2698628902435303,,,,1,39.613526314496994
2015-12-22,fold_4,Strong USD downturn,0.0022083851508796215,1,0.003394516184926033,1,0.003394516184926033,1.2775678634643555,,,,1,33.94516184926033
2015-12-24,fold_4,Strong USD downturn,0.0022658160887658596,1,0.00557277537882328,1,0.00557277537882328,1.2902603149414062,,,,1,55.7277537882328
2015-12-28,fold_4,Strong USD downturn,0.0003210707218386233,1,0.0008450971217826009,1,0.0008450971217826009,1.2921957969665527,,,,1,8.450971217826009
2015-12-29,fold_4,Strong USD downturn,-0.0003717694489751011,-1,-0.004305660724639893,-1,0.004305660724639893,1.302065134048462,,,,1,43.056607246398926
2019-01-18,fold_5,Low-vol plateau,-0.003127046162262559,-1,-0.002375367796048522,-1,0.002375367796048522,0.002375364303588867,,,,1,23.75367796048522
2019-01-22,fold_5,Low-vol plateau,0.0001393770071445033,1,-0.0004659610567614436,-1,-0.0004659610567614436,0.0019083023071289062,,,,0,-4.659610567614436
2019-01-23,fold_5,Low-vol plateau,0.0023245136253535748,1,0.002129587111994624,1,0.002129587111994624,0.004041910171508789,,,,1,21.29587111994624
2019-01-24,fold_5,Low-vol plateau,-0.004958766046911478,-1,-0.006561825051903725,-1,0.006561825051903725,0.010630249977111816,,,,1,65.61825051903725
2019-01-25,fold_5,Low-vol plateau,0.008016031235456467,1,0.0087994784116745,1,0.0087994784116745,0.019523262977600098,,,,1,87.994784116745
2019-01-28,fold_5,Low-vol plateau,0.0004798409645445645,1,0.0014859054936096072,1,0.0014859054936096072,0.021038174629211426,,,,1,14.859054936096072
2019-01-29,fold_5,Low-vol plateau,-0.0010828664526343346,-1,0.0004688061017077416,1,-0.0004688061017077416,0.02055954933166504,,,,0,-4.688061017077416
2019-01-30,fold_5,Low-vol plateau,0.0053816866129636765,1,0.004572131671011448,1,0.004572131671011448,0.02522575855255127,,,,1,45.72131671011448
2019-01-31,fold_5,Low-vol plateau,-0.002495925175026059,-1,-0.0033203826751559973,-1,0.0033203826751559973,0.02862989902496338,,,,1,33.20382675155997
2019-02-01,fold_5,Low-vol plateau,0.0003567799867596477,1,0.0005040323012508452,1,0.0005040323012508452,0.029148340225219727,,,,1,5.040323012508452
2019-02-04,fold_5,Low-vol plateau,-0.003231957321986556,-1,-0.0016581708332523704,-1,0.0016581708332523704,0.03085482120513916,,,,1,16.581708332523704
2019-02-05,fold_5,Low-vol plateau,-0.002020604442805052,-1,-0.002304801717400551,-1,0.002304801717400551,0.03323078155517578,,,,1,23.04801717400551
2019-02-06,fold_5,Low-vol plateau,-0.0034241240937262774,-1,-0.003853170434013009,-1,0.003853170434013009,0.03721201419830322,,,,1,38.53170434013009
2019-02-07,fold_5,Low-vol plateau,-0.0010981576051563025,-1,-0.002392479684203863,-1,0.002392479684203863,0.039693593978881836,,,,1,23.92479684203863
2019-02-08,fold_5,Low-vol plateau,-0.0008702676277607679,-1,-0.0012795890215784311,-1,0.0012795890215784311,0.041023969650268555,,,,1,12.795890215784311
2019-02-12,fold_5,Low-vol plateau,0.0034015323035418987,1,0.004930588882416487,1,0.004930588882416487,0.046156883239746094,,,,1,49.30588882416487
2019-02-13,fold_5,Low-vol plateau,-0.004949080757796764,-1,-0.006150586996227503,-1,0.006150586996227503,0.05259132385253906,,,,1,61.50586996227503
2019-02-14,fold_5,Low-vol plateau,0.0024527600035071373,1,0.0026995516382157803,1,0.0026995516382157803,0.055432796478271484,,,,1,26.995516382157803
2019-02-15,fold_5,Low-vol plateau,0.0002708773536141962,1,0.0002372502494836226,1,0.0002372502494836226,0.055683135986328125,,,,1,2.372502494836226
2019-02-19,fold_5,Low-vol plateau,0.004260697867721319,1,0.002744921250268817,1,0.002744921250268817,0.058580875396728516,,,,1,27.44921250268817
2019-02-20,fold_5,Low-vol plateau,0.0007590231252834201,1,0.0002950014313682914,1,0.0002950014313682914,0.05889320373535156,,,,1,2.950014313682914
2019-02-21,fold_5,Low-vol plateau,-0.0012672336306422949,-1,-0.0002949144400190562,-1,0.0002949144400190562,0.05920553207397461,,,,1,2.949144400190562
2019-02-22,fold_5,Low-vol plateau,0.0016224827850237489,1,-6.799641414545476e-05,-1,-6.799641414545476e-05,0.05913352966308594,,,,0,-0.6799641414545476
2019-02-25,fold_5,Low-vol plateau,0.0016391962999477983,1,0.0022280586417764425,1,0.0022280586417764425,0.06149327754974365,,,,1,22.280586417764425
2019-02-26,fold_5,Low-vol plateau,0.004093063063919544,1,0.0022558243945240974,1,0.0022558243945240974,0.0638878345489502,,,,1,22.558243945240974
2019-02-27,fold_5,Low-vol plateau,-0.0010501676006242633,-1,-0.001137981773354113,-1,0.001137981773354113,0.06509852409362793,,,,1,11.379817733541131
2019-02-28,fold_5,Low-vol plateau,-0.0007793867844156921,-1,-0.000591427437029779,-1,0.000591427437029779,0.06572842597961426,,,,1,5.91427437029779
2019-03-01,fold_5,Low-vol plateau,-0.003502859966829419,-1,0.00021612558339256793,1,-0.00021612558339256793,0.06549811363220215,,,,0,-2.1612558339256793
2019-03-04,fold_5,Low-vol plateau,-0.0015158996684476733,-1,-0.0033898816909641027,-1,0.0033898816909641027,0.06911003589630127,,,,1,33.89881690964103
2019-03-05,fold_5,Low-vol plateau,-0.0008963005384430289,-1,-0.0026684298645704985,-1,0.0026684298645704985,0.07196283340454102,,,,1,26.684298645704985
2019-03-06,fold_5,Low-vol plateau,-0.00039221253246068954,-1,0.0006109592504799366,1,-0.0006109592504799366,0.07130789756774902,,,,0,-6.109592504799366
2019-03-07,fold_5,Low-vol plateau,-0.007933070883154869,-1,-0.010224131867289543,-1,0.010224131867289543,0.0822610855102539,,,,1,102.24131867289543
2019-03-08,fold_5,Low-vol plateau,0.0037551471032202244,1,0.0030440150294452906,1,0.0030440150294452906,0.0855555534362793,,,,1,30.440150294452906
2019-03-11,fold_5,Low-vol plateau,0.0016127245035022497,1,0.00238696183077991,1,0.00238696183077991,0.08814668655395508,,,,1,23.8696183077991
2019-03-12,fold_5,Low-vol plateau,0.0024418598040938377,1,0.0025057890452444553,1,0.0025057890452444553,0.0908733606338501,,,,1,25.057890452444553
2019-03-13,fold_5,Low-vol plateau,0.0031145871616899967,1,0.0038639309350401163,1,0.0038639309350401163,0.09508836269378662,,,,1,38.63930935040116
2019-03-14,fold_5,Low-vol plateau,-0.0030684154480695724,-1,-0.002001645043492317,-1,0.002001645043492317,0.09728038311004639,,,,1,20.016450434923172
2019-03-15,fold_5,Low-vol plateau,0.002592383651062846,1,0.0010074680903926492,1,0.0010074680903926492,0.09838581085205078,,,,1,10.074680903926492
2019-03-18,fold_5,Low-vol plateau,0.0011416716733947396,1,0.0014510758919641376,1,0.0014510758919641376,0.09997975826263428,,,,1,14.510758919641376
2019-03-19,fold_5,Low-vol plateau,0.002080097794532776,1,0.001646355027332902,1,0.001646355027332902,0.10179078578948975,,,,1,16.46355027332902
2019-03-20,fold_5,Low-vol plateau,0.005613624583929777,1,0.006434020586311817,1,0.006434020586311817,0.1088796854019165,,,,1,64.34020586311817
2019-03-22,fold_5,Low-vol plateau,-0.0005145198665559292,-1,-0.0069582522846758366,-1,0.0069582522846758366,0.11659550666809082,,,,1,69.58252284675837
2019-03-25,fold_5,Low-vol plateau,-0.00027249386766925454,-1,0.0017652605893090367,1,-0.0017652605893090367,0.11462438106536865,,,,0,-17.652605893090367
2019-03-26,fold_5,Low-vol plateau,-0.0009157924214377999,-1,-0.003619218012318015,-1,0.003619218012318015,0.11865842342376709,,,,1,36.19218012318015
2019-03-27,fold_5,Low-vol plateau,-0.0005047196173109114,-1,-0.0020477843936532736,-1,0.0020477843936532736,0.1209491491317749,,,,1,20.477843936532736
2019-03-28,fold_5,Low-vol plateau,-0.0037589026615023613,-1,-0.0019316303078085184,-1,0.0019316303078085184,0.12311446666717529,,,,1,19.316303078085184
2019-03-29,fold_5,Low-vol plateau,-0.00014865898992866278,-1,-0.0005498689133673906,-1,0.0005498689133673906,0.12373208999633789,,,,1,5.498689133673906
2019-04-01,fold_5,Low-vol plateau,0.0008159239660017192,1,-0.0016136592021211982,-1,-0.0016136592021211982,0.12191879749298096,,,,0,-16.13659202121198
2019-04-02,fold_5,Low-vol plateau,-0.0011712079867720604,-1,-0.0001680841378401965,-1,0.0001680841378401965,0.12210738658905029,,,,1,1.680841378401965
2019-04-03,fold_5,Low-vol plateau,0.0028524219524115324,1,0.003846475388854742,1,0.003846475388854742,0.12642359733581543,,,,1,38.46475388854742
2019-04-04,fold_5,Low-vol plateau,-0.0025794091634452343,-1,-0.0018746902933344245,-1,0.0018746902933344245,0.12853527069091797,,,,1,18.746902933344245
2019-04-05,fold_5,Low-vol plateau,-0.0002487516321707517,-1,-0.0005610103835351765,-1,0.0005610103835351765,0.12916839122772217,,,,1,5.610103835351765
2019-04-08,fold_5,Low-vol plateau,0.0032341384794563055,1,0.003286882070824504,1,0.003286882070824504,0.13287973403930664,,,,1,32.86882070824504
2019-04-09,fold_5,Low-vol plateau,6.449466309277341e-05,1,0.000935124815441668,1,0.000935124815441668,0.13393902778625488,,,,1,9.35124815441668
2019-04-10,fold_5,Low-vol plateau,0.0014828264247626066,1,0.0008457988151349127,1,0.0008457988151349127,0.13489806652069092,,,,1,8.457988151349127
2019-04-11,fold_5,Low-vol plateau,-0.001700960099697113,-1,-0.0013963867677375674,-1,0.0013963867677375674,0.136482834815979,,,,1,13.963867677375674
2019-04-12,fold_5,Low-vol plateau,0.0022932973224669695,1,0.003934172447770834,1,0.003934172447770834,0.1409538984298706,,,,1,39.34172447770834
2019-04-15,fold_5,Low-vol plateau,0.00038725612103007734,1,-1.1282911145826802e-05,-1,-1.1282911145826802e-05,0.14094102382659912,,,,0,-0.11282911145826802
2019-04-16,fold_5,Low-vol plateau,-0.00034648992004804313,-1,-0.001760470331646502,-1,0.001760470331646502,0.14294958114624023,,,,1,17.60470331646502
2019-04-17,fold_5,Low-vol plateau,0.0013616752112284303,1,0.0010732508962973952,1,0.0010732508962973952,0.14417624473571777,,,,1,10.732508962973952
2019-04-18,fold_5,Low-vol plateau,-0.004066077060997486,-1,-0.005415794439613819,-1,0.005415794439613819,0.15037286281585693,,,,1,54.15794439613819
2019-04-22,fold_5,Low-vol plateau,0.0017758139874786139,1,0.0012835260713472962,1,0.0012835260713472962,0.1518493890762329,,,,1,12.835260713472962
2019-04-23,fold_5,Low-vol plateau,-0.003684499068185687,-1,-0.0030754762701690197,-1,0.0030754762701690197,0.15539193153381348,,,,1,30.754762701690197
2019-04-24,fold_5,Low-vol plateau,-0.005538915749639273,-1,-0.006312881130725145,-1,0.006312881130725145,0.16268575191497803,,,,1,63.12881130725145
2019-04-25,fold_5,Low-vol plateau,-0.00020555045921355486,-1,-0.0014923748094588518,-1,0.0014923748094588518,0.1644209623336792,,,,1,14.923748094588518
2019-04-26,fold_5,Low-vol plateau,0.0022010321263223886,1,0.0012043117312714458,1,0.0012043117312714458,0.16582322120666504,,,,1,12.043117312714458
2019-05-07,fold_5,Low-vol plateau,-0.0017930965404957533,-1,-0.0009624563390389085,-1,0.0009624563390389085,0.16694533824920654,,,,1,9.624563390389085
2019-05-08,fold_5,Low-vol plateau,0.00010882213246077299,1,0.0006494636763818562,1,0.0006494636763818562,0.1677032709121704,,,,1,6.494636763818562
2019-05-09,fold_5,Low-vol plateau,0.0030132364481687546,1,0.0021209637634456158,1,0.0021209637634456158,0.17017996311187744,,,,1,21.209637634456158
2019-05-10,fold_5,Low-vol plateau,0.00023023234098218381,1,0.0012809962499886751,1,0.0012809962499886751,0.17167901992797852,,,,1,12.809962499886751
2019-05-13,fold_5,Low-vol plateau,-0.0005726809613406658,-1,-0.00034819229040294886,-1,0.00034819229040294886,0.1720869541168213,,,,1,3.4819229040294886
2019-05-14,fold_5,Low-vol plateau,-0.0011816779151558876,-1,-0.002498582238331437,-1,0.002498582238331437,0.17501556873321533,,,,1,24.98582238331437
2019-05-15,fold_5,Low-vol plateau,-3.5345259675523266e-05,-1,0.0002465155557729304,1,-0.0002465155557729304,0.17472589015960693,,,,0,-2.465155557729304
2019-05-16,fold_5,Low-vol plateau,-0.003251026850193739,-1,-0.00300564244389534,-1,0.00300564244389534,0.17825663089752197,,,,1,30.0564244389534
2019-05-17,fold_5,Low-vol plateau,-0.0013882075436413288,-1,-0.0007370057865045965,-1,0.0007370057865045965,0.17912495136260986,,,,1,7.370057865045965
2019-05-20,fold_5,Low-vol plateau,0.0005632793763652444,1,0.00029040739173069596,1,0.00029040739173069596,0.1794673204421997,,,,1,2.9040739173069596
2019-05-21,fold_5,Low-vol plateau,-0.0007597230141982436,-1,-0.0011713255662471056,-1,0.0011713255662471056,0.1808488368988037,,,,1,11.713255662471056
2019-05-23,fold_5,Low-vol plateau,0.0016923994990065694,1,0.002606033580377698,1,0.002606033580377698,0.18392622470855713,,,,1,26.06033580377698
2019-05-24,fold_5,Low-vol plateau,0.0019805654883384705,1,0.002241884358227253,1,0.002241884358227253,0.18658041954040527,,,,1,22.41884358227253
2019-05-28,fold_5,Low-vol plateau,-0.0037189407739788294,-1,-0.002066653920337558,-1,0.002066653920337558,0.1890326738357544,,,,1,20.666539203375578
2019-05-29,fold_5,Low-vol plateau,-0.0014232579851523042,-1,-0.0029847442638128996,-1,0.0029847442638128996,0.1925816535949707,,,,1,29.847442638128996
2019-05-30,fold_5,Low-vol plateau,-0.00019880772742908448,-1,-0.0005565853207372129,-1,0.0005565853207372129,0.19324541091918945,,,,1,5.565853207372129
2019-05-31,fold_5,Low-vol plateau,0.0028318464756011963,1,0.003855000250041485,1,0.003855000250041485,0.19784533977508545,,,,1,38.55000250041485
2019-06-03,fold_5,Low-vol plateau,0.005374486092478037,1,0.006466649007052183,1,0.006466649007052183,0.2055913209915161,,,,1,64.66649007052183
2019-06-04,fold_5,Low-vol plateau,0.0003226405824534595,1,0.0006865524337626994,1,0.0006865524337626994,0.2064189910888672,,,,1,6.865524337626994
2019-06-05,fold_5,Low-vol plateau,-0.0037218169309198856,-1,-0.002223382471129298,-1,0.002223382471129298,0.20910131931304932,,,,1,22.233824711292982
2019-06-06,fold_5,Low-vol plateau,0.0028835844714194536,1,0.004228744190186262,1,0.004228744190186262,0.21421420574188232,,,,1,42.28744190186262
2019-06-07,fold_5,Low-vol plateau,0.004497448913753033,1,0.003871487220749259,1,0.003871487220749259,0.21891498565673828,,,,1,38.71487220749259
2019-06-10,fold_5,Low-vol plateau,-0.0010700739221647382,-1,-0.00018112821271643043,-1,0.00018112821271643043,0.21913576126098633,,,,1,1.8112821271643043
2019-06-11,fold_5,Low-vol plateau,0.001139954780228436,1,0.001008287537842989,1,0.001008287537842989,0.22036492824554443,,,,1,10.08287537842989
2019-06-12,fold_5,Low-vol plateau,-0.0036733043380081654,-1,-0.002993301022797823,-1,0.002993301022797823,0.22401785850524902,,,,1,29.93301022797823
2019-06-13,fold_5,Low-vol plateau,7.130374433472753e-05,1,-0.0013423121999949217,-1,-0.0013423121999949217,0.22237491607666016,,,,0,-13.423121999949217
2019-06-14,fold_5,Low-vol plateau,-0.005944392643868923,-1,-0.005619735922664404,-1,0.005619735922664404,0.22924435138702393,,,,1,56.19735922664404
2019-06-17,fold_5,Low-vol plateau,0.00012859745766036212,1,0.0006733588525094092,1,0.0006733588525094092,0.23007214069366455,,,,1,6.733588525094092
2019-06-18,fold_5,Low-vol plateau,-0.0005176186677999794,-1,-0.0023515592329204082,-1,0.0023515592329204082,0.2329646348953247,,,,1,23.515592329204082
2019-06-19,fold_5,Low-vol plateau,0.005054530221968889,1,0.003596331924200058,1,0.003596331924200058,0.23739874362945557,,,,1,35.96331924200058
2019-06-20,fold_5,Low-vol plateau,0.004238585941493511,1,0.005082990508526564,1,0.005082990508526564,0.24368834495544434,,,,1,50.829905085265636
2019-06-21,fold_5,Low-vol plateau,0.003843311220407486,1,0.007889659143984318,1,0.007889659143984318,0.2535005807876587,,,,1,78.89659143984318
2019-06-24,fold_5,Low-vol plateau,0.0018493480747565627,1,0.0013679296243935823,1,0.0013679296243935823,0.25521528720855713,,,,1,13.679296243935823
2019-06-25,fold_5,Low-vol plateau,-0.0015372304478660226,-1,-0.0026604935992509127,-1,0.0026604935992509127,0.2585548162460327,,,,1,26.604935992509127
2019-06-26,fold_5,Low-vol plateau,-0.0004710534121841192,-1,0.00042085087625309825,1,-0.00042085087625309825,0.2580251693725586,,,,0,-4.2085087625309825
2019-06-27,fold_5,Low-vol plateau,0.0010735798859968781,1,-0.0001591937179910019,-1,-0.0001591937179910019,0.2578248977661133,,,,0,-1.591937179910019
2019-06-28,fold_5,Low-vol plateau,0.0010279533453285694,1,-0.00070458889240399,-1,-0.00070458889240399,0.2569386959075928,,,,0,-7.0458889240399
2019-07-01,fold_5,Low-vol plateau,-0.00568900303915143,-1,-0.0068176812492311,-1,0.0068176812492311,0.26550817489624023,,,,1,68.176812492311
2019-07-02,fold_5,Low-vol plateau,0.0014715921133756638,1,0.0004969057627022266,1,0.0004969057627022266,0.2661370038986206,,,,1,4.969057627022266
2019-07-03,fold_5,Low-vol plateau,-0.0006404267624020576,-1,-0.00045158492866903543,-1,0.00045158492866903543,0.26670873165130615,,,,1,4.515849286690354
2019-07-05,fold_5,Low-vol plateau,-0.005267973057925701,-1,-0.005175866652280092,-1,0.005175866652280092,0.27326500415802,,,,1,51.75866652280092
2019-07-08,fold_5,Low-vol plateau,-0.0011407823767513037,-1,-0.0010094279423356056,-1,0.0010094279423356056,0.27455031871795654,,,,1,10.094279423356056
2019-07-09,fold_5,Low-vol plateau,-0.00065248878672719,-1,-0.0006948888185434043,-1,0.0006948888185434043,0.2754359245300293,,,,1,6.948888185434043
2019-07-10,fold_5,Low-vol plateau,0.004096484277397394,1,0.004514812957495451,1,0.004514812957495451,0.2811943292617798,,,,1,45.14812957495451
2019-07-11,fold_5,Low-vol plateau,0.00045461373520083725,1,-0.0005738722975365818,-1,-0.0005738722975365818,0.28045904636383057,,,,0,-5.7387229753658175
2019-07-12,fold_5,Low-vol plateau,0.0032259072177112103,1,0.001747183850966394,1,0.001747183850966394,0.2826961278915405,,,,1,17.47183850966394
2019-07-16,fold_5,Low-vol plateau,-0.004753557499498129,-1,-0.004395125899463892,-1,0.004395125899463892,0.2883337736129761,,,,1,43.95125899463892
2019-07-17,fold_5,Low-vol plateau,0.0017166363541036844,1,0.0015496194828301668,1,0.0015496194828301668,0.290330171585083,,,,1,15.496194828301668
2019-07-18,fold_5,Low-vol plateau,0.004562067799270153,1,0.0028379710856825113,1,0.0028379710856825113,0.29399216175079346,,,,1,28.379710856825113
2019-07-19,fold_5,Low-vol plateau,-0.004451374057680368,-1,-0.003836731193587184,-1,0.003836731193587184,0.29895687103271484,,,,1,38.36731193587184
2019-07-22,fold_5,Low-vol plateau,-0.0007170089520514011,-1,-0.0010869659017771482,-1,0.0010869659017771482,0.3003687858581543,,,,1,10.869659017771482
2019-07-23,fold_5,Low-vol plateau,-0.004245126619935036,-1,-0.004895445425063372,-1,0.004895445425063372,0.30673468112945557,,,,1,48.95445425063372
2019-07-24,fold_5,Low-vol plateau,7.034317968646064e-05,1,-0.0007910756976343691,-1,-0.0007910756976343691,0.30570101737976074,,,,0,-7.910756976343691
2019-07-25,fold_5,Low-vol plateau,-0.0019071635324507952,-1,0.0003343336284160614,1,-0.0003343336284160614,0.3052644729614258,,,,0,-3.343336284160614
2019-07-26,fold_5,Low-vol plateau,-0.0007698460831306875,-1,-0.0012578507885336876,-1,0.0012578507885336876,0.3069063425064087,,,,1,12.578507885336876
2019-07-29,fold_5,Low-vol plateau,-0.0002572661032900214,-1,0.000980583718046546,1,-0.000980583718046546,0.3056248426437378,,,,0,-9.80583718046546
2019-07-30,fold_5,Low-vol plateau,-0.0005933305947110057,-1,0.0013388646766543388,1,-0.0013388646766543388,0.3038768768310547,,,,0,-13.388646766543388
2019-07-31,fold_5,Low-vol plateau,-0.004850988741964102,-1,-0.007728002034127712,-1,0.007728002034127712,0.313953161239624,,,,1,77.28002034127712
2019-08-01,fold_5,Low-vol plateau,0.0019288838375359774,1,0.0006425735191442072,1,0.0006425735191442072,0.31479740142822266,,,,1,6.425735191442072
2019-08-02,fold_5,Low-vol plateau,0.0020922909025102854,1,0.0026325583457946777,1,0.0026325583457946777,0.31825876235961914,,,,1,26.325583457946777
2019-08-05,fold_5,Low-vol plateau,0.005748286843299866,1,0.012222036719322205,1,0.012222036719322205,0.33437061309814453,,,,1,122.22036719322205
2019-08-06,fold_5,Low-vol plateau,-0.0013092901790514588,-1,-0.003272486152127385,-1,0.003272486152127385,0.3387373685836792,,,,1,32.72486152127385
2019-08-07,fold_5,Low-vol plateau,0.0020317942835390568,1,-0.0002352914452785626,-1,-0.0002352914452785626,0.3384222984313965,,,,0,-2.352914452785626
2019-08-08,fold_5,Low-vol plateau,-0.0006508106598630548,-1,-0.0015326269203796983,-1,0.0015326269203796983,0.34047365188598633,,,,1,15.326269203796983
2019-08-09,fold_5,Low-vol plateau,0.0007605692371726036,1,0.0019053779542446136,1,0.0019053779542446136,0.3430277109146118,,,,1,19.053779542446136
2019-08-13,fold_5,Low-vol plateau,-0.0033653792925179005,-1,-0.0036772366147488356,-1,0.0036772366147488356,0.3479663133621216,,,,1,36.772366147488356
2019-08-14,fold_5,Low-vol plateau,-0.001498281373642385,-1,-0.003019839758053422,-1,0.003019839758053422,0.3520369529724121,,,,1,30.19839758053422
2019-08-15,fold_5,Low-vol plateau,-0.0011481583351269364,-1,-0.0026672929525375366,-1,0.0026672929525375366,0.35564327239990234,,,,1,26.672929525375366
2019-08-16,fold_5,Low-vol plateau,-0.0002890277828555554,-1,-0.0017750132828950882,-1,0.0017750132828950882,0.3580496311187744,,,,1,17.750132828950882
2019-08-19,fold_5,Low-vol plateau,-0.0011832276359200478,-1,-0.0009641959914006293,-1,0.0009641959914006293,0.3593590259552002,,,,1,9.641959914006293
2019-08-20,fold_5,Low-vol plateau,0.0015034315874800086,1,0.001320609007962048,1,0.001320609007962048,0.3611541986465454,,,,1,13.20609007962048
2019-08-21,fold_5,Low-vol plateau,-0.0007047783583402634,-1,-0.0006321496912278235,-1,0.0006321496912278235,0.36201465129852295,,,,1,6.321496912278235
2019-08-22,fold_5,Low-vol plateau,0.0019670436158776283,1,-0.0006096552242524922,-1,-0.0006096552242524922,0.36118435859680176,,,,0,-6.096552242524922
2019-08-23,fold_5,Low-vol plateau,0.0051781535148620605,1,0.005326444748789072,1,0.005326444748789072,0.3684345483779907,,,,1,53.26444748789072
2019-08-26,fold_5,Low-vol plateau,-0.004223150201141834,-1,-0.0035310082603245974,-1,0.0035310082603245974,0.37326645851135254,,,,1,35.310082603245974
2019-08-27,fold_5,Low-vol plateau,0.0012716790661215782,1,-0.0012309884186834097,-1,-0.0012309884186834097,0.3715759515762329,,,,0,-12.309884186834097
2019-08-28,fold_5,Low-vol plateau,-0.0007296050898730755,-1,-0.0003769751638174057,-1,0.0003769751638174057,0.37209296226501465,,,,1,3.769751638174057
2019-08-29,fold_5,Low-vol plateau,-0.0038657765835523605,-1,-0.0021569994278252125,-1,0.0021569994278252125,0.3750525712966919,,,,1,21.569994278252125
2019-08-30,fold_5,Low-vol plateau,-0.004238463938236237,-1,-0.0063423048704862595,-1,0.0063423048704862595,0.3837735652923584,,,,1,63.423048704862595
2019-09-03,fold_5,Low-vol plateau,-0.0014064207207411528,-1,0.0005487410235218704,1,-0.0005487410235218704,0.3830142021179199,,,,0,-5.487410235218704
2019-09-04,fold_5,Low-vol plateau,0.0048289974220097065,1,0.005506451241672039,1,0.005506451241672039,0.3906296491622925,,,,1,55.06451241672039
2019-09-05,fold_5,Low-vol plateau,0.00038821727503091097,1,0.0001214242001879029,1,0.0001214242001879029,0.39079856872558594,,,,1,1.214242001879029
2019-09-06,fold_5,Low-vol plateau,0.0005859430530108511,1,-0.0014217004645615816,-1,-0.0014217004645615816,0.38882124423980713,,,,0,-14.217004645615816
2019-09-09,fold_5,Low-vol plateau,0.0019276946550235152,1,0.002519046887755394,1,0.002519046887755394,0.3923196792602539,,,,1,25.19046887755394
2019-09-10,fold_5,Low-vol plateau,-0.000530862482264638,-1,0.00017673612455837429,1,-0.00017673612455837429,0.3920736312866211,,,,0,-1.7673612455837429
2019-09-11,fold_5,Low-vol plateau,-0.0033707001712173223,-1,-0.003337112022563815,-1,0.003337112022563815,0.39671921730041504,,,,1,33.37112022563815
2019-09-12,fold_5,Low-vol plateau,0.005273191723972559,1,0.004069486167281866,1,0.004069486167281866,0.4024031162261963,,,,1,40.69486167281866
2019-09-13,fold_5,Low-vol plateau,0.0005567120388150215,1,0.0022721209097653627,1,0.0022721209097653627,0.40558958053588867,,,,1,22.721209097653627
2019-09-17,fold_5,Low-vol plateau,0.004207045305520296,1,0.00624600937590003,1,0.00624600937590003,0.4143688678741455,,,,1,62.4600937590003
2019-09-18,fold_5,Low-vol plateau,-0.004482733551412821,-1,-0.003905115881934762,-1,0.003905115881934762,0.4198920726776123,,,,1,39.05115881934762
2019-09-19,fold_5,Low-vol plateau,0.0035793676506727934,1,0.001546817016787827,1,0.001546817016787827,0.42208850383758545,,,,1,15.46817016787827
2019-09-20,fold_5,Low-vol plateau,-0.0031892587430775166,-1,-0.0026665497571229935,-1,0.0026665497571229935,0.42588067054748535,,,,1,26.665497571229935
2019-09-24,fold_5,Low-vol plateau,0.002838707761839032,1,0.002104161074385047,1,0.002104161074385047,0.4288809299468994,,,,1,21.04161074385047
2019-09-25,fold_5,Low-vol plateau,-0.006395633798092604,-1,-0.005804941989481449,-1,0.005804941989481449,0.4371753931045532,,,,1,58.04941989481449
2019-09-26,fold_5,Low-vol plateau,-0.0015033534727990627,-1,-0.0027526237536221743,-1,0.0027526237536221743,0.44113147258758545,,,,1,27.526237536221743
2019-09-27,fold_5,Low-vol plateau,0.001000047312118113,1,0.0018274149624630809,1,0.0018274149624630809,0.44376492500305176,,,,1,18.27414962463081
2022-01-19,fold_6,EUR crisis downturn,0.001726906863041222,1,0.0012138050515204668,1,0.0012138050515204668,0.0012137889862060547,,,,1,12.138050515204668
2022-01-20,fold_6,EUR crisis downturn,-0.0019226111471652985,-1,-0.002613516291603446,-1,0.002613516291603446,0.003830552101135254,,,,1,26.13516291603446
2022-01-21,fold_6,EUR crisis downturn,0.0015092029934749007,1,0.0024497758131474257,1,0.0024497758131474257,0.00628972053527832,,,,1,24.497758131474257
2022-01-24,fold_6,EUR crisis downturn,-0.00368305086158216,-1,-0.0015288135036826134,-1,0.0015288135036826134,0.007828235626220703,,,,1,15.288135036826134
2022-01-25,fold_6,EUR crisis downturn,-0.0009435956599190831,-1,-0.0017295886063948274,-1,0.0017295886063948274,0.009571433067321777,,,,1,17.295886063948274
2022-01-26,fold_6,EUR crisis downturn,-0.0057847145944833755,-1,-0.005396849941462278,-1,0.005396849941462278,0.015019893646240234,,,,1,53.968499414622784
2022-01-27,fold_6,EUR crisis downturn,-0.008008044213056564,-1,-0.008583232760429382,-1,0.008583232760429382,0.02373194694519043,,,,1,85.83232760429382
2022-01-28,fold_6,EUR crisis downturn,-9.847294131759554e-05,-1,0.000479530863231048,1,-0.000479530863231048,0.023241043090820312,,,,0,-4.79530863231048
2022-01-31,fold_6,EUR crisis downturn,0.006980815436691046,1,0.0069287000223994255,1,0.0069287000223994255,0.030330777168273926,,,,1,69.28700022399426
2022-02-01,fold_6,EUR crisis downturn,0.0016894214786589146,1,0.0039458139799535275,1,0.0039458139799535275,0.03439629077911377,,,,1,39.458139799535275
2022-02-02,fold_6,EUR crisis downturn,0.004448589403182268,1,0.0023053139448165894,1,0.0023053139448165894,0.03678083419799805,,,,1,23.053139448165894
2022-02-03,fold_6,EUR crisis downturn,0.005577715113759041,1,0.012018885463476181,1,0.012018885463476181,0.04924178123474121,,,,1,120.18885463476181
2022-02-04,fold_6,EUR crisis downturn,-0.0010910495184361935,-1,0.001695401151664555,1,-0.001695401151664555,0.04746294021606445,,,,0,-16.95401151664555
2022-02-07,fold_6,EUR crisis downturn,-2.132190638803877e-05,-1,-0.0010641802800819278,-1,0.0010641802800819278,0.04857766628265381,,,,1,10.641802800819278
2022-02-08,fold_6,EUR crisis downturn,-0.0018695781473070383,-1,-0.0018959172302857041,-1,0.0018959172302857041,0.05056571960449219,,,,1,18.95917230285704
2022-02-09,fold_6,EUR crisis downturn,0.002518967492505908,1,2.275372389703989e-05,1,2.275372389703989e-05,0.050589680671691895,,,,1,0.2275372389703989
2022-02-10,fold_6,EUR crisis downturn,-0.0011364879319444299,-1,-0.0005249936948530376,-1,0.0005249936948530376,0.05114126205444336,,,,1,5.249936948530376
2022-02-14,fold_6,EUR crisis downturn,-0.004531268961727619,-1,-0.005166933406144381,-1,0.005166933406144381,0.05657243728637695,,,,1,51.669334061443806
2022-02-15,fold_6,EUR crisis downturn,0.0037705786526203156,1,0.00446309894323349,1,0.00446309894323349,0.06128799915313721,,,,1,44.6309894323349
2022-02-16,fold_6,EUR crisis downturn,0.0030452548526227474,1,0.0016266792081296444,1,0.0016266792081296444,0.06301438808441162,,,,1,16.266792081296444
2022-02-17,fold_6,EUR crisis downturn,-0.0016520621720701456,-1,-0.0007728770724497736,-1,0.0007728770724497736,0.0638359785079956,,,,1,7.7287707244977355
2022-02-18,fold_6,EUR crisis downturn,-0.0025049694813787937,-1,-0.004334500525146723,-1,0.004334500525146723,0.06844711303710938,,,,1,43.34500525146723
2022-02-22,fold_6,EUR crisis downturn,-0.00046567985555157065,-1,0.001721999142318964,1,-0.001721999142318964,0.06660723686218262,,,,0,-17.21999142318964
2022-02-24,fold_6,EUR crisis downturn,-0.009328920394182205,-1,-0.010172287933528423,-1,0.010172287933528423,0.07745707035064697,,,,1,101.72287933528423
2022-02-25,fold_6,EUR crisis downturn,0.006521603558212519,1,-0.0008610449731349945,-1,-0.0008610449731349945,0.07652938365936279,,,,0,-8.610449731349945
2022-02-28,fold_6,EUR crisis downturn,-0.0008813453605398536,-1,0.00311812711879611,1,-0.00311812711879611,0.0731726884841919,,,,0,-31.1812711879611
2022-03-01,fold_6,EUR crisis downturn,-0.008473938331007957,-1,-0.007414391729980707,-1,0.007414391729980707,0.08112955093383789,,,,1,74.14391729980707
2022-03-02,fold_6,EUR crisis downturn,0.0021601994521915913,1,-0.0018336334032937884,-1,-0.0018336334032937884,0.07914721965789795,,,,0,-18.336334032937884
2022-03-03,fold_6,EUR crisis downturn,-0.0045036268420517445,-1,-0.004094634670764208,-1,0.004094634670764208,0.08356595039367676,,,,1,40.94634670764208
2022-03-04,fold_6,EUR crisis downturn,-0.010274640284478664,-1,-0.017377527430653572,-1,0.017377527430653572,0.10239565372467041,,,,1,173.77527430653572
2022-03-07,fold_6,EUR crisis downturn,-0.005990725941956043,-1,-0.0008476009825244546,-1,0.0008476009825244546,0.10333001613616943,,,,1,8.476009825244546
2022-03-08,fold_6,EUR crisis downturn,0.0034642270766198635,1,0.0030297928024083376,1,0.0030297928024083376,0.10667288303375244,,,,1,30.297928024083376
2022-03-09,fold_6,EUR crisis downturn,0.008924713358283043,1,0.01611238159239292,1,0.01611238159239292,0.1245039701461792,,,,1,161.12381592392921
2022-03-10,fold_6,EUR crisis downturn,-0.009858966805040836,-1,-0.005407776217907667,-1,0.005407776217907667,0.13058507442474365,,,,1,54.07776217907667
2022-03-11,fold_6,EUR crisis downturn,-0.007627133280038834,-1,-0.007433895952999592,-1,0.007433895952999592,0.13898968696594238,,,,1,74.33895952999592
2022-03-14,fold_6,EUR crisis downturn,0.002825315808877349,1,0.001017721719108522,1,0.001017721719108522,0.14014887809753418,,,,1,10.17721719108522
2022-03-15,fold_6,EUR crisis downturn,0.002516253385692835,1,0.0023914421908557415,1,0.0023914421908557415,0.1428755521774292,,,,1,23.914421908557415
2022-03-16,fold_6,EUR crisis downturn,0.008179062977433205,1,0.004794404376298189,1,0.004794404376298189,0.1483548879623413,,,,1,47.94404376298189
2022-03-17,fold_6,EUR crisis downturn,0.004218120127916336,1,0.007037183735519648,1,0.007037183735519648,0.15643608570098877,,,,1,70.37183735519648
2022-03-18,fold_6,EUR crisis downturn,-0.0015391483902931213,-1,-0.005079824943095446,-1,0.005079824943095446,0.16231060028076172,,,,1,50.798249430954456
2022-03-22,fold_6,EUR crisis downturn,0.002251134254038334,1,0.0011360200587660074,1,0.0011360200587660074,0.16363108158111572,,,,1,11.360200587660074
2022-03-23,fold_6,EUR crisis downturn,-0.0018242961959913373,-1,-0.0021242026705294847,-1,0.0021242026705294847,0.16610288619995117,,,,1,21.242026705294847
2022-03-24,fold_6,EUR crisis downturn,0.00018398363317828625,1,0.00029731090762652457,1,0.00029731090762652457,0.16644954681396484,,,,1,2.9731090762652457
2022-03-25,fold_6,EUR crisis downturn,-0.0012856317916885018,-1,-0.00251486012712121,-1,0.00251486012712121,0.16938292980194092,,,,1,25.1486012712121
2022-03-28,fold_6,EUR crisis downturn,-0.0028321226127445698,-1,0.001088330172933638,1,-0.001088330172933638,0.16811025142669678,,,,0,-10.883301729336381
2022-03-29,fold_6,EUR crisis downturn,0.006663337349891663,1,0.008884331211447716,1,0.008884331211447716,0.1784881353378296,,,,1,88.84331211447716
2022-03-30,fold_6,EUR crisis downturn,0.005230740178376436,1,0.006339906714856625,1,0.006339906714856625,0.18595969676971436,,,,1,63.399067148566246
2022-03-31,fold_6,EUR crisis downturn,-0.006666271947324276,-1,-0.00801636092364788,-1,0.00801636092364788,0.1954667568206787,,,,1,80.1636092364788
2022-04-01,fold_6,EUR crisis downturn,-0.0013360287994146347,-1,-0.0022647094447165728,-1,0.0022647094447165728,0.1981741189956665,,,,1,22.647094447165728
2022-04-04,fold_6,EUR crisis downturn,-0.00345211336389184,-1,-0.006464783102273941,-1,0.006464783102273941,0.20592010021209717,,,,1,64.64783102273941
2022-04-05,fold_6,EUR crisis downturn,-0.003660519141703844,-1,-0.006325795315206051,-1,0.006325795315206051,0.21354854106903076,,,,1,63.25795315206051
2022-04-06,fold_6,EUR crisis downturn,0.0005260426551103592,1,-0.0007518871570937335,-1,-0.0007518871570937335,0.21263611316680908,,,,0,-7.5188715709373355
2022-04-07,fold_6,EUR crisis downturn,0.0011647084029391408,1,-0.0030639569740742445,-1,-0.0030639569740742445,0.20892059803009033,,,,0,-30.639569740742445
2022-04-08,fold_6,EUR crisis downturn,0.0021355748176574707,1,0.0018505415646359324,1,0.0018505415646359324,0.2111576795578003,,,,1,18.505415646359324
2022-04-11,fold_6,EUR crisis downturn,-0.0025143136736005545,-1,-0.0006418824777938426,-1,0.0006418824777938426,0.2119351625442505,,,,1,6.4188247779384255
2022-04-12,fold_6,EUR crisis downturn,-0.0037735728546977043,-1,-0.004763457924127579,-1,0.004763457924127579,0.21770823001861572,,,,1,47.63457924127579
2022-04-13,fold_6,EUR crisis downturn,0.005310835316777229,1,0.00650522205978632,1,0.00650522205978632,0.22562968730926514,,,,1,65.0522205978632
2022-04-14,fold_6,EUR crisis downturn,-0.005973902530968189,-1,-0.0069362265057861805,-1,0.0069362265057861805,0.234130859375,,,,1,69.3622650578618
2022-04-18,fold_6,EUR crisis downturn,-0.0036135464906692505,-1,-0.0030944086611270905,-1,0.0030944086611270905,0.23794984817504883,,,,1,30.944086611270905
2022-04-19,fold_6,EUR crisis downturn,0.00028489198302850127,1,0.0011765266535803676,1,0.0011765266535803676,0.23940622806549072,,,,1,11.765266535803676
2022-04-20,fold_6,EUR crisis downturn,0.006702888756990433,1,0.005132047925144434,1,0.005132047925144434,0.2457669973373413,,,,1,51.32047925144434
2022-04-21,fold_6,EUR crisis downturn,-0.0015785802388563752,-1,-0.0013543874956667423,-1,0.0013543874956667423,0.24745416641235352,,,,1,13.543874956667423
2022-04-22,fold_6,EUR crisis downturn,-0.006012924946844578,-1,-0.0022270376794040203,-1,0.0022270376794040203,0.2502323389053345,,,,1,22.270376794040203
2022-04-25,fold_6,EUR crisis downturn,-0.005714686121791601,-1,-0.008957143872976303,-1,0.008957143872976303,0.26143085956573486,,,,1,89.57143872976303
2022-04-26,fold_6,EUR crisis downturn,-0.005098657216876745,-1,-0.006588426884263754,-1,0.006588426884263754,0.2697417736053467,,,,1,65.88426884263754
2022-04-27,fold_6,EUR crisis downturn,-0.005290578119456768,-1,-0.008317396976053715,-1,0.008317396976053715,0.28030264377593994,,,,1,83.17396976053715
2022-04-28,fold_6,EUR crisis downturn,-0.005894395988434553,-1,-0.004821411799639463,-1,0.004821411799639463,0.2864755392074585,,,,1,48.214117996394634
2022-05-02,fold_6,EUR crisis downturn,-0.005674758460372686,-1,-0.002553798258304596,-1,0.002553798258304596,0.289760947227478,,,,1,25.53798258304596
2022-05-06,fold_6,EUR crisis downturn,0.0022001066245138645,1,-0.0007161782123148441,-1,-0.0007161782123148441,0.2888373136520386,,,,0,-7.161782123148441
2022-05-09,fold_6,EUR crisis downturn,-0.0004183342680335045,-1,0.003190816380083561,1,-0.003190816380083561,0.2847248315811157,,,,0,-31.90816380083561
2022-05-10,fold_6,EUR crisis downturn,-0.0014562272699549794,-1,-0.0031072180718183517,-1,0.0031072180718183517,0.2887166738510132,,,,1,31.072180718183517
2022-05-11,fold_6,EUR crisis downturn,0.0016317551489919424,1,-0.0019448387902230024,-1,-0.0019448387902230024,0.286210298538208,,,,0,-19.448387902230024
2022-05-12,fold_6,EUR crisis downturn,-0.006729714572429657,-1,-0.0126422718167305,-1,0.0126422718167305,0.3024709224700928,,,,1,126.42271816730499
2022-05-13,fold_6,EUR crisis downturn,0.005197356455028057,1,0.002028132788836956,1,0.002028132788836956,0.30511248111724854,,,,1,20.28132788836956
2022-05-16,fold_6,EUR crisis downturn,0.0035806605592370033,1,0.003684947732836008,1,0.003684947732836008,0.30992186069488525,,,,1,36.84947732836008
2022-05-17,fold_6,EUR crisis downturn,0.00886222068220377,1,0.01043185405433178,1,0.01043185405433178,0.3235868215560913,,,,1,104.3185405433178
2022-05-18,fold_6,EUR crisis downturn,-0.004921881482005119,-1,-0.007121461909264326,-1,0.007121461909264326,0.3330127000808716,,,,1,71.21461909264326
2022-05-19,fold_6,EUR crisis downturn,0.010346619412302971,1,0.010145164094865322,1,0.010145164094865322,0.34653639793395996,,,,1,101.45164094865322
2022-05-20,fold_6,EUR crisis downturn,-0.00420246971771121,-1,-0.000866660091560334,-1,0.000866660091560334,0.34770333766937256,,,,1,8.66660091560334
2022-05-23,fold_6,EUR crisis downturn,0.009996338747441769,1,0.010617928579449654,1,0.010617928579449654,0.36201322078704834,,,,1,106.17928579449654
2022-05-24,fold_6,EUR crisis downturn,0.00039825253770686686,1,0.005099795293062925,1,0.005099795293062925,0.3689591884613037,,,,1,50.99795293062925
2022-05-25,fold_6,EUR crisis downturn,-0.0005279948236420751,-1,-0.004648668225854635,-1,0.004648668225854635,0.3753230571746826,,,,1,46.48668225854635
2022-05-26,fold_6,EUR crisis downturn,0.0014984061708673835,1,0.004336175508797169,1,0.004336175508797169,0.38128662109375,,,,1,43.36175508797169
2022-05-27,fold_6,EUR crisis downturn,0.0017269941745325923,1,-0.0001395020226482302,-1,-0.0001395020226482302,0.38109397888183594,,,,0,-1.395020226482302
2022-05-31,fold_6,EUR crisis downturn,-0.0009409488993696868,-1,-0.0036603042390197515,-1,0.0036603042390197515,0.38614916801452637,,,,1,36.603042390197515
2022-06-01,fold_6,EUR crisis downturn,-0.007153905928134918,-1,-0.007447231560945511,-1,0.007447231560945511,0.3964722156524658,,,,1,74.47231560945511
2022-06-02,fold_6,EUR crisis downturn,0.008698543533682823,1,0.009095413610339165,1,0.009095413610339165,0.40917372703552246,,,,1,90.95413610339165
2022-06-03,fold_6,EUR crisis downturn,-0.004549546632915735,-1,-0.0023275099229067564,-1,0.0023275099229067564,0.41245365142822266,,,,1,23.275099229067564
2022-06-06,fold_6,EUR crisis downturn,-0.003362587420269847,-1,-0.003228839486837387,-1,0.003228839486837387,0.41701412200927734,,,,1,32.28839486837387
2022-06-07,fold_6,EUR crisis downturn,-0.000530565797816962,-1,0.0006740176468156278,1,-0.0006740176468156278,0.4160590171813965,,,,0,-6.740176468156278
2022-06-08,fold_6,EUR crisis downturn,-0.004076566081494093,-1,0.0017791216960176826,1,-0.0017791216960176826,0.4135396480560303,,,,0,-17.791216960176826
2022-06-09,fold_6,EUR crisis downturn,-0.00944518018513918,-1,-0.009185684844851494,-1,0.009185684844851494,0.42652392387390137,,,,1,91.85684844851494
2022-06-10,fold_6,EUR crisis downturn,-0.009779672138392925,-1,-0.012168340384960175,-1,0.012168340384960175,0.4438822269439697,,,,1,121.68340384960175
2022-06-13,fold_6,EUR crisis downturn,-0.0053494819439947605,-1,-0.0071343835443258286,-1,0.0071343835443258286,0.4541834592819214,,,,1,71.34383544325829
2022-06-14,fold_6,EUR crisis downturn,-0.0012696381891146302,-1,0.0024430977646261454,1,-0.0024430977646261454,0.450630784034729,,,,0,-24.430977646261454
2022-06-15,fold_6,EUR crisis downturn,0.004295472055673599,1,0.0014952836791053414,1,0.0014952836791053414,0.45279979705810547,,,,1,14.952836791053414
2022-06-16,fold_6,EUR crisis downturn,0.009330482222139835,1,0.00866952445358038,1,0.00866952445358038,0.46539485454559326,,,,1,86.6952445358038
2022-06-17,fold_6,EUR crisis downturn,-0.0058461930602788925,-1,-0.005256267264485359,-1,0.005256267264485359,0.47309744358062744,,,,1,52.56267264485359
2022-06-21,fold_6,EUR crisis downturn,0.0012019028654322028,1,0.001126965624280274,1,0.001126965624280274,0.47475767135620117,,,,1,11.26965624280274
2022-06-22,fold_6,EUR crisis downturn,0.0024899307172745466,1,0.0029896728228777647,1,0.0029896728228777647,0.4791666269302368,,,,1,29.896728228777647
2022-06-23,fold_6,EUR crisis downturn,-0.002058622194454074,-1,-0.004165956750512123,-1,0.004165956750512123,0.4853287935256958,,,,1,41.65956750512123
2022-06-24,fold_6,EUR crisis downturn,0.004633800592273474,1,0.004374321084469557,1,0.004374321084469557,0.49182605743408203,,,,1,43.74321084469557
2022-06-27,fold_6,EUR crisis downturn,0.001818427350372076,1,0.0013967370614409447,1,0.0013967370614409447,0.4939098358154297,,,,1,13.967370614409447
2022-06-28,fold_6,EUR crisis downturn,-0.005780812352895737,-1,-0.0054197353310883045,-1,0.0054197353310883045,0.5020064115524292,,,,1,54.197353310883045
2022-06-29,fold_6,EUR crisis downturn,-0.002940948586910963,-1,-0.007312588859349489,-1,0.007312588859349489,0.51298987865448,,,,1,73.12588859349489
2022-06-30,fold_6,EUR crisis downturn,0.0037646181881427765,1,0.0029757271986454725,1,0.0029757271986454725,0.5174920558929443,,,,1,29.757271986454725
2022-07-01,fold_6,EUR crisis downturn,-0.005319828633219004,-1,-0.0041735912673175335,-1,0.0041735912673175335,0.5238255262374878,,,,1,41.735912673175335
2022-07-05,fold_6,EUR crisis downturn,-0.010026655159890652,-1,-0.01682257279753685,-1,0.01682257279753685,0.5494601726531982,,,,1,168.2257279753685
2022-07-06,fold_6,EUR crisis downturn,-0.005659297574311495,-1,-0.006947201211005449,-1,0.006947201211005449,0.5602245330810547,,,,1,69.4720121100545
2022-07-07,fold_6,EUR crisis downturn,0.00032131586340256035,1,-0.0016271539498120546,-1,-0.0016271539498120546,0.5576858520507812,,,,0,-16.271539498120546
2022-07-08,fold_6,EUR crisis downturn,0.0016792757669463754,1,-0.0003659561334643513,-1,-0.0003659561334643513,0.5571157932281494,,,,0,-3.659561334643513
2022-07-11,fold_6,EUR crisis downturn,-0.006441581062972546,-1,-0.01166516449302435,-1,0.01166516449302435,0.575279712677002,,,,1,116.65164493024349
2022-07-12,fold_6,EUR crisis downturn,-0.001026484533213079,-1,-0.0014347791438922286,-1,0.0014347791438922286,0.5775399208068848,,,,1,14.347791438922286
2022-07-13,fold_6,EUR crisis downturn,0.0016801245510578156,1,-4.015977538074367e-05,-1,-4.015977538074367e-05,0.5774765014648438,,,,0,-0.4015977538074367
2022-07-14,fold_6,EUR crisis downturn,-0.004919355735182762,-1,-0.0007017548778094351,-1,0.0007017548778094351,0.5785835981369019,,,,1,7.017548778094351
2022-07-15,fold_6,EUR crisis downturn,0.005757298786193132,1,0.007047208957374096,1,0.007047208957374096,0.5897082090377808,,,,1,70.47208957374096
2022-07-19,fold_6,EUR crisis downturn,0.007721954025328159,1,0.008491970598697662,1,0.008491970598697662,0.6032079458236694,,,,1,84.91970598697662
2022-07-20,fold_6,EUR crisis downturn,-0.0043466598726809025,-1,-0.004745147656649351,-1,0.004745147656649351,0.6108154058456421,,,,1,47.45147656649351
2022-07-21,fold_6,EUR crisis downturn,0.003138837404549122,1,0.00376132526434958,1,0.00376132526434958,0.616874098777771,,,,1,37.6132526434958
2022-07-22,fold_6,EUR crisis downturn,0.002499108435586095,1,-0.002039989223703742,-1,-0.002039989223703742,0.6135756969451904,,,,0,-20.39989223703742
2022-07-25,fold_6,EUR crisis downturn,0.0036730028223246336,1,0.0024232829455286264,1,0.0024232829455286264,0.6174858808517456,,,,1,24.232829455286264
2022-07-26,fold_6,EUR crisis downturn,-0.007478390354663134,-1,-0.009329265914857388,-1,0.009329265914857388,0.6325758695602417,,,,1,93.29265914857388
2022-07-27,fold_6,EUR crisis downturn,0.007829433307051659,1,0.007871334441006184,1,0.007871334441006184,0.6454265117645264,,,,1,78.71334441006184
2022-07-28,fold_6,EUR crisis downturn,0.0012110078241676092,1,-0.0016614561900496483,-1,-0.0016614561900496483,0.6426926851272583,,,,0,-16.614561900496483
2022-07-29,fold_6,EUR crisis downturn,0.00554794492200017,1,0.001561881392262876,1,0.001561881392262876,0.6452584266662598,,,,1,15.61881392262876
2022-08-01,fold_6,EUR crisis downturn,0.004884214606136084,1,0.005202550906687975,1,0.005202550906687975,0.653817892074585,,,,1,52.02550906687975
2022-08-02,fold_6,EUR crisis downturn,-0.007908055558800697,-1,-0.010297809727489948,-1,0.010297809727489948,0.6708484888076782,,,,1,102.97809727489948
2022-08-03,fold_6,EUR crisis downturn,-0.0012214687885716558,-1,0.00019285830785520375,1,-0.00019285830785520375,0.6705262660980225,,,,0,-1.9285830785520375
2022-08-04,fold_6,EUR crisis downturn,0.007314521353691816,1,0.008874700404703617,1,0.008874700404703617,0.6853516101837158,,,,1,88.74700404703617
2022-08-05,fold_6,EUR crisis downturn,-0.007298606913536787,-1,-0.007506103254854679,-1,0.007506103254854679,0.6980020999908447,,,,1,75.06103254854679
2022-08-08,fold_6,EUR crisis downturn,0.002628578105941415,1,0.002630935749039054,1,0.002630935749039054,0.7024694681167603,,,,1,26.30935749039054
2022-08-09,fold_6,EUR crisis downturn,8.103593427222222e-05,1,0.001031049294397235,1,0.001031049294397235,0.7042248249053955,,,,1,10.31049294397235
2022-08-10,fold_6,EUR crisis downturn,0.01047566533088684,1,0.00907498225569725,1,0.00907498225569725,0.7196905612945557,,,,1,90.7498225569725
2022-08-12,fold_6,EUR crisis downturn,-0.00604763999581337,-1,-0.005846230313181877,-1,0.005846230313181877,0.7297443151473999,,,,1,58.46230313181877
2022-08-15,fold_6,EUR crisis downturn,-0.006624084897339344,-1,-0.009206736460328102,-1,0.009206736460328102,0.7456697225570679,,,,1,92.06736460328102
2022-08-16,fold_6,EUR crisis downturn,0.0011848453432321548,1,0.0008543621515855193,1,0.0008543621515855193,0.7471611499786377,,,,1,8.543621515855193
2022-08-17,fold_6,EUR crisis downturn,-0.0009854888776317239,-1,0.000936616794206202,1,-0.000936616794206202,0.7455247640609741,,,,0,-9.36616794206202
2022-08-18,fold_6,EUR crisis downturn,-0.006365299224853516,-1,-0.00886909943073988,-1,0.00886909943073988,0.7610058784484863,,,,1,88.6909943073988
2022-08-19,fold_6,EUR crisis downturn,-0.006023205351084471,-1,-0.005418936721980572,-1,0.005418936721980572,0.7705485820770264,,,,1,54.18936721980572
2022-08-22,fold_6,EUR crisis downturn,-0.007293353322893381,-1,-0.009541994892060757,-1,0.009541994892060757,0.7874431610107422,,,,1,95.41994892060757
2022-08-23,fold_6,EUR crisis downturn,0.0036265531089156866,1,0.0027609101962298155,1,0.0027609101962298155,0.7923780679702759,,,,1,27.609101962298155
2022-08-24,fold_6,EUR crisis downturn,-0.0013400150928646326,-1,0.00021929587819613516,1,-0.00021929587819613516,0.791985034942627,,,,0,-2.1929587819613516
2022-08-25,fold_6,EUR crisis downturn,0.0027211306151002645,1,0.00021942718012724072,1,0.00021942718012724072,0.792378306388855,,,,1,2.194271801272407
2022-08-26,fold_6,EUR crisis downturn,-0.005019898060709238,-1,-0.0032698833383619785,-1,0.0032698833383619785,0.7982392311096191,,,,1,32.698833383619785
2022-08-29,fold_6,EUR crisis downturn,0.0001103610557038337,1,0.00758057227358222,1,0.00758057227358222,0.811870813369751,,,,1,75.8057227358222
2022-08-30,fold_6,EUR crisis downturn,-0.0003628161211963743,-1,0.0011028088629245758,1,-0.0011028088629245758,0.8098726272583008,,,,0,-11.028088629245758
2022-08-31,fold_6,EUR crisis downturn,0.0009747656295076013,1,0.001395423780195415,1,0.001395423780195415,0.8123981952667236,,,,1,13.95423780195415
2022-09-01,fold_6,EUR crisis downturn,-0.006430184934288263,-1,-0.008638561703264713,-1,0.008638561703264713,0.8280547857284546,,,,1,86.38561703264713
2022-09-02,fold_6,EUR crisis downturn,0.002176521345973015,1,-0.004310653544962406,-1,-0.004310653544962406,0.8201746940612793,,,,0,-43.10653544962406
2022-09-06,fold_6,EUR crisis downturn,-0.0073014553636312485,-1,-0.005453890655189753,-1,0.005453890655189753,0.8301018476486206,,,,1,54.538906551897526
2022-09-07,fold_6,EUR crisis downturn,0.0013968597631901503,1,0.009875823743641376,1,0.009875823743641376,0.8481755256652832,,,,1,98.75823743641376
2022-09-08,fold_6,EUR crisis downturn,-0.00011768628610298038,-1,0.0016320209251716733,1,-0.0016320209251716733,0.8451592922210693,,,,0,-16.320209251716733
2022-09-09,fold_6,EUR crisis downturn,0.007885988801717758,1,0.00593199860304594,1,0.00593199860304594,0.8561047315597534,,,,1,59.319986030459404
2022-09-12,fold_6,EUR crisis downturn,0.007034696638584137,1,0.005773918703198433,1,0.005773918703198433,0.8668216466903687,,,,1,57.73918703198433
2022-09-13,fold_6,EUR crisis downturn,-0.008777804672718048,-1,-0.014563821256160736,-1,0.014563821256160736,0.8940097093582153,,,,1,145.63821256160736
2022-09-14,fold_6,EUR crisis downturn,0.0040167407132685184,1,0.00019961698853876442,1,0.00019961698853876442,0.8943878412246704,,,,1,1.9961698853876442
2022-09-15,fold_6,EUR crisis downturn,-0.001370939309708774,-1,0.0004294819082133472,1,-0.0004294819082133472,0.8935742378234863,,,,0,-4.294819082133472
2022-09-16,fold_6,EUR crisis downturn,-0.000368695764336735,-1,0.0034075863659381866,1,-0.0034075863659381866,0.8871216773986816,,,,0,-34.07586365938187
2022-09-20,fold_6,EUR crisis downturn,-0.003945402335375547,-1,-0.005862889811396599,-1,0.005862889811396599,0.8981856107711792,,,,1,58.62889811396599
2022-09-21,fold_6,EUR crisis downturn,-0.004291357938200235,-1,-0.014048072509467602,-1,0.014048072509467602,0.9248515367507935,,,,1,140.48072509467602
2022-09-22,fold_6,EUR crisis downturn,-0.005883499514311552,-1,0.0011022116523236036,1,-0.0011022116523236036,0.9227299690246582,,,,0,-11.022116523236036
2022-09-26,fold_6,EUR crisis downturn,-0.006723238155245781,-1,-0.006832936313003302,-1,0.006832936313003302,0.9358679056167603,,,,1,68.32936313003302
2022-09-27,fold_6,EUR crisis downturn,0.0012064044130966067,1,-0.002859671600162983,-1,-0.002859671600162983,0.9303319454193115,,,,0,-28.59671600162983
2022-09-28,fold_6,EUR crisis downturn,0.01073672715574503,1,0.011669258587062359,1,0.011669258587062359,0.952857494354248,,,,1,116.69258587062359
2022-09-29,fold_6,EUR crisis downturn,0.004514084663242102,1,0.012503246776759624,1,0.012503246776759624,0.9772745370864868,,,,1,125.03246776759624
2025-01-22,fold_7,Recent mixed/upturn,-9.482454333920032e-05,-1,0.00040599689236842096,1,-0.00040599689236842096,-0.00040596723556518555,,,,0,-4.05996892368421
2025-01-23,fold_7,Recent mixed/upturn,0.0019747400656342506,1,0.0005624851328320801,1,0.0005624851328320801,0.00015628337860107422,,,,1,5.624851328320801
2025-01-24,fold_7,Recent mixed/upturn,0.006502055563032627,1,0.00495113804936409,1,0.00495113804936409,0.0051081180572509766,,,,1,49.5113804936409
2025-01-27,fold_7,Recent mixed/upturn,0.000844990077894181,1,-0.0021516145206987858,-1,-0.0021516145206987858,0.002945542335510254,,,,0,-21.516145206987858
2025-01-28,fold_7,Recent mixed/upturn,-0.003126133233308792,-1,-0.001533105387352407,-1,0.001533105387352407,0.004483222961425781,,,,1,15.33105387352407
2025-01-29,fold_7,Recent mixed/upturn,-0.0007968249847181141,-1,-0.0003648616257123649,-1,0.0003648616257123649,0.004849791526794434,,,,1,3.648616257123649
2025-01-30,fold_7,Recent mixed/upturn,0.0022066361270844936,1,-0.0026825745590031147,-1,-0.0026825745590031147,0.002154231071472168,,,,0,-26.825745590031147
2025-01-31,fold_7,Recent mixed/upturn,-0.0045910729095339775,-1,-0.014377536252140999,-1,0.014377536252140999,0.016562819480895996,,,,1,143.77536252141
2025-02-03,fold_7,Recent mixed/upturn,-0.006358603946864605,-1,0.0077662100084125996,1,-0.0077662100084125996,0.008667945861816406,,,,0,-77.662100084126
2025-02-04,fold_7,Recent mixed/upturn,0.00771744642406702,1,0.004398011602461338,1,0.004398011602461338,0.013104081153869629,,,,1,43.98011602461338
2025-02-05,fold_7,Recent mixed/upturn,0.0034296598751097918,1,0.002704183105379343,1,0.002704183105379343,0.015843629837036133,,,,1,27.04183105379343
2025-02-06,fold_7,Recent mixed/upturn,-0.000993921421468258,-1,-0.0014540054835379124,-1,0.0014540054835379124,0.017320632934570312,,,,1,14.540054835379124
2025-02-07,fold_7,Recent mixed/upturn,-0.005016125272959471,-1,-0.007135644089430571,-1,0.007135644089430571,0.024579882621765137,,,,1,71.3564408943057
2025-02-10,fold_7,Recent mixed/upturn,-0.0006787154707126319,-1,-0.0009786115260794759,-1,0.0009786115260794759,0.025582551956176758,,,,1,9.786115260794759
2025-02-12,fold_7,Recent mixed/upturn,0.0005722224013879895,1,0.002608470618724823,1,0.002608470618724823,0.02825772762298584,,,,1,26.08470618724823
2025-02-13,fold_7,Recent mixed/upturn,0.005986095406115055,1,0.006705875508487225,1,0.006705875508487225,0.03515315055847168,,,,1,67.05875508487225
2025-02-14,fold_7,Recent mixed/upturn,0.007459130138158798,1,0.002632782096043229,1,0.002632782096043229,0.03787839412689209,,,,1,26.32782096043229
2025-02-18,fold_7,Recent mixed/upturn,-0.0043087187223136425,-1,-0.00353158637881279,-1,0.00353158637881279,0.04154372215270996,,,,1,35.3158637881279
2025-02-19,fold_7,Recent mixed/upturn,0.0004381006583571434,1,-0.002615605480968952,-1,-0.002615605480968952,0.03881943225860596,,,,0,-26.156054809689522
2025-02-20,fold_7,Recent mixed/upturn,0.008398194797337055,1,0.007633917964994907,1,0.007633917964994907,0.04674971103668213,,,,1,76.33917964994907
2025-02-21,fold_7,Recent mixed/upturn,-0.0020473571494221687,-1,-0.0024511523079127073,-1,0.0024511523079127073,0.049315452575683594,,,,1,24.511523079127073
2025-02-25,fold_7,Recent mixed/upturn,0.0023544547148048878,1,0.005998783744871616,1,0.005998783744871616,0.055610060691833496,,,,1,59.987837448716164
2025-02-26,fold_7,Recent mixed/upturn,-0.0009672811720520258,-1,-0.0033563824836164713,-1,0.0033563824836164713,0.059153079986572266,,,,1,33.56382483616471
2025-02-27,fold_7,Recent mixed/upturn,-0.005404178984463215,-1,-0.008929464034736156,-1,0.008929464034736156,0.0686107873916626,,,,1,89.29464034736156
2025-02-28,fold_7,Recent mixed/upturn,-0.002735000802204013,-1,0.0018017083639279008,1,-0.0018017083639279008,0.06668543815612793,,,,0,-18.017083639279008
2025-03-03,fold_7,Recent mixed/upturn,0.007134260609745979,1,0.006836147513240576,1,0.006836147513240576,0.07397747039794922,,,,1,68.36147513240576
2025-03-04,fold_7,Recent mixed/upturn,0.008297614753246307,1,0.013538874685764313,1,0.013538874685764313,0.08851790428161621,,,,1,135.38874685764313
2025-03-05,fold_7,Recent mixed/upturn,-0.005155893508344889,-1,0.015803681686520576,1,-0.015803681686520576,0.07131528854370117,,,,0,-158.03681686520576
2025-03-06,fold_7,Recent mixed/upturn,0.005525192245841026,1,-0.0006472344393841922,-1,-0.0006472344393841922,0.07062184810638428,,,,0,-6.472344393841922
2025-03-07,fold_7,Recent mixed/upturn,0.0018391009652987123,1,0.006733564659953117,1,0.006733564659953117,0.07783091068267822,,,,1,67.33564659953117
2025-03-10,fold_7,Recent mixed/upturn,-0.002815243089571595,-1,-0.0019510398851707578,-1,0.0019510398851707578,0.07993388175964355,,,,1,19.510398851707578
2025-03-11,fold_7,Recent mixed/upturn,0.005004831124097109,1,0.006897692568600178,1,0.006897692568600178,0.08738291263580322,,,,1,68.97692568600178
2025-03-12,fold_7,Recent mixed/upturn,-0.0011282606283202767,-1,-0.002558252075687051,-1,0.002558252075687051,0.0901646614074707,,,,1,25.582520756870508
2025-03-13,fold_7,Recent mixed/upturn,-0.0024338250514119864,-1,-0.0028116365429013968,-1,0.0028116365429013968,0.09322988986968994,,,,1,28.116365429013968
2025-03-14,fold_7,Recent mixed/upturn,0.0014739996986463666,1,0.002361313672736287,1,0.002361313672736287,0.09581136703491211,,,,1,23.61313672736287
2025-03-17,fold_7,Recent mixed/upturn,0.002723612589761615,1,0.003483176464214921,1,0.003483176464214921,0.09962832927703857,,,,1,34.83176464214921
2025-03-18,fold_7,Recent mixed/upturn,0.00037229404551908374,1,0.0018596742302179337,1,0.0018596742302179337,0.10167324542999268,,,,1,18.596742302179337
2025-03-19,fold_7,Recent mixed/upturn,-0.0008316818275488913,-1,-0.0025206219870597124,-1,0.0025206219870597124,0.10445022583007812,,,,1,25.206219870597124
2025-03-21,fold_7,Recent mixed/upturn,-0.001101609435863793,-1,-0.0019287904724478722,-1,0.0019287904724478722,0.10658049583435059,,,,1,19.28790472447872
2025-03-24,fold_7,Recent mixed/upturn,-0.0007703229202888906,-1,-0.0029709464870393276,-1,0.0029709464870393276,0.10986804962158203,,,,1,29.709464870393276
2025-03-25,fold_7,Recent mixed/upturn,0.0015170143451541662,1,-0.001488630659878254,-1,-0.001488630659878254,0.10821592807769775,,,,0,-14.88630659878254
2025-03-26,fold_7,Recent mixed/upturn,-0.003837956814095378,-1,-0.0042109801433980465,-1,0.0042109801433980465,0.11288261413574219,,,,1,42.109801433980465
2025-03-27,fold_7,Recent mixed/upturn,0.0059974417090415955,1,0.0054869032464921474,1,0.0054869032464921474,0.11898887157440186,,,,1,54.869032464921474
2025-03-28,fold_7,Recent mixed/upturn,4.9312719056615606e-05,1,0.002121507888659835,1,0.002121507888659835,0.12136280536651611,,,,1,21.21507888659835
2025-03-31,fold_7,Recent mixed/upturn,-0.0010780548909679055,-1,-0.0004652105853892863,-1,0.0004652105853892863,0.12188446521759033,,,,1,4.652105853892863
2025-04-01,fold_7,Recent mixed/upturn,0.000149926490848884,1,-0.0021160184405744076,-1,-0.0021160184405744076,0.11951053142547607,,,,0,-21.160184405744076
2025-04-02,fold_7,Recent mixed/upturn,0.004893408622592688,1,0.010439658537507057,1,0.010439658537507057,0.13119781017303467,,,,1,104.39658537507057
2025-04-03,fold_7,Recent mixed/upturn,0.005131194833666086,1,0.012380016967654228,1,0.012380016967654228,0.14520204067230225,,,,1,123.80016967654228
2025-04-04,fold_7,Recent mixed/upturn,-0.006454356014728546,-1,-0.0053604403510689735,-1,0.0053604403510689735,0.15134084224700928,,,,1,53.604403510689735
2025-04-07,fold_7,Recent mixed/upturn,-0.0009367773309350014,-1,-0.006298223044723272,-1,0.006298223044723272,0.15859222412109375,,,,1,62.98223044723272
2025-04-08,fold_7,Recent mixed/upturn,0.0020415366161614656,1,0.005962451454252005,1,0.005962451454252005,0.16550028324127197,,,,1,59.624514542520046
2025-04-09,fold_7,Recent mixed/upturn,0.0023998140823096037,1,-0.0025847177021205425,-1,-0.0025847177021205425,0.16248786449432373,,,,0,-25.847177021205425
2025-04-10,fold_7,Recent mixed/upturn,0.009765764698386192,1,0.027919435873627663,1,0.027919435873627663,0.19494378566741943,,,,1,279.1943587362766
2025-04-11,fold_7,Recent mixed/upturn,0.002549790544435382,1,0.00757727911695838,1,0.00757727911695838,0.20399820804595947,,,,1,75.7727911695838
2025-04-14,fold_7,Recent mixed/upturn,0.001868547755293548,1,-0.00030624307692050934,-1,-0.00030624307692050934,0.2036294937133789,,,,0,-3.0624307692050934
2025-04-15,fold_7,Recent mixed/upturn,-0.006944173481315374,-1,-0.00414437847211957,-1,0.00414437847211957,0.20861780643463135,,,,1,41.4437847211957
2025-04-16,fold_7,Recent mixed/upturn,0.005428079515695572,1,0.00922001339495182,1,0.00922001339495182,0.21976125240325928,,,,1,92.2001339495182
2025-04-17,fold_7,Recent mixed/upturn,0.001052101026289165,1,0.01017727330327034,1,0.01017727330327034,0.23217511177062988,,,,1,101.7727330327034
2025-04-22,fold_7,Recent mixed/upturn,-0.007209382019937038,-1,-0.01403016597032547,-1,0.01403016597032547,0.24946284294128418,,,,1,140.3016597032547
2025-04-23,fold_7,Recent mixed/upturn,-0.005267077125608921,-1,-0.0021068835631012917,-1,0.0021068835631012917,0.2520953416824341,,,,1,21.068835631012917
2025-04-24,fold_7,Recent mixed/upturn,0.004785200115293264,1,0.003934726119041443,1,0.003934726119041443,0.25702202320098877,,,,1,39.34726119041443
2025-04-25,fold_7,Recent mixed/upturn,-0.0019661313854157925,-1,-0.002529496792703867,-1,0.002529496792703867,0.26020169258117676,,,,1,25.29496792703867
2025-04-28,fold_7,Recent mixed/upturn,0.004247143864631653,1,0.005818618461489677,1,0.005818618461489677,0.2675342559814453,,,,1,58.186184614896774
2025-04-30,fold_7,Recent mixed/upturn,6.251196464290842e-05,1,-0.005651242099702358,-1,-0.005651242099702358,0.2603710889816284,,,,0,-56.51242099702358
2025-05-01,fold_7,Recent mixed/upturn,-0.004489717073738575,-1,-0.002507785800844431,-1,0.002507785800844431,0.26353180408477783,,,,1,25.07785800844431
2025-05-02,fold_7,Recent mixed/upturn,0.0031016969587653875,1,0.0023665628395974636,1,0.0023665628395974636,0.26652204990386963,,,,1,23.665628395974636
2025-05-07,fold_7,Recent mixed/upturn,-0.003750031581148505,-1,-0.003222282975912094,-1,0.003222282975912094,0.2706030607223511,,,,1,32.22282975912094
2025-05-08,fold_7,Recent mixed/upturn,-0.006311147008091211,-1,-0.007250799797475338,-1,0.007250799797475338,0.2798159122467041,,,,1,72.50799797475338
2025-05-09,fold_7,Recent mixed/upturn,0.0030051791109144688,1,0.0004828175879083574,1,0.0004828175879083574,0.2804337739944458,,,,1,4.828175879083574
2025-05-12,fold_7,Recent mixed/upturn,-0.006344737019389868,-1,-0.011938820593059063,-1,0.011938820593059063,0.29572057723999023,,,,1,119.38820593059063
2025-05-13,fold_7,Recent mixed/upturn,0.005437470506876707,1,0.008109462447464466,1,0.008109462447464466,0.3062281608581543,,,,1,81.09462447464466
2025-05-14,fold_7,Recent mixed/upturn,-0.001373761217109859,-1,-0.0003241990343667567,-1,0.0003241990343667567,0.3066517114639282,,,,1,3.2419903436675668
2025-05-15,fold_7,Recent mixed/upturn,0.0026762657798826694,1,0.0009625714155845344,1,0.0009625714155845344,0.3079094886779785,,,,1,9.625714155845344
2025-05-16,fold_7,Recent mixed/upturn,-0.0011293820571154356,-1,-0.0004587228177115321,-1,0.0004587228177115321,0.3085094690322876,,,,1,4.587228177115321
2025-05-19,fold_7,Recent mixed/upturn,0.006167171988636255,1,0.004100138321518898,1,0.004100138321518898,0.3138744831085205,,,,1,41.00138321518898
2025-05-20,fold_7,Recent mixed/upturn,0.0022150962613523006,1,0.004853827878832817,1,0.004853827878832817,0.32025182247161865,,,,1,48.53827878832817
2025-05-21,fold_7,Recent mixed/upturn,0.004276878200471401,1,0.003829962108284235,1,0.003829962108284235,0.32530832290649414,,,,1,38.29962108284235
2025-05-22,fold_7,Recent mixed/upturn,-0.0024982544127851725,-1,-0.004354733508080244,-1,0.004354733508080244,0.33107972145080566,,,,1,43.54733508080244
2025-05-23,fold_7,Recent mixed/upturn,0.007007019128650427,1,0.00806327536702156,1,0.00806327536702156,0.3418126106262207,,,,1,80.6327536702156
2025-05-27,fold_7,Recent mixed/upturn,-0.004417134914547205,-1,-0.004512133076786995,-1,0.004512133076786995,0.34786713123321533,,,,1,45.12133076786995
2025-05-28,fold_7,Recent mixed/upturn,-0.004996634554117918,-1,-0.009121845476329327,-1,0.009121845476329327,0.36016225814819336,,,,1,91.21845476329327
2025-05-29,fold_7,Recent mixed/upturn,0.008017158135771751,1,0.012880357913672924,1,0.012880357913672924,0.3776816129684448,,,,1,128.80357913672924
2025-05-30,fold_7,Recent mixed/upturn,-0.0024663645308464766,-1,-0.002202543430030346,-1,0.002202543430030346,0.3807159662246704,,,,1,22.02543430030346
2025-06-02,fold_7,Recent mixed/upturn,0.0061698053032159805,1,0.008819226175546646,1,0.008819226175546646,0.39289283752441406,,,,1,88.19226175546646
2025-06-03,fold_7,Recent mixed/upturn,-0.0057230847887694836,-1,-0.006022475194185972,-1,0.006022475194185972,0.401281476020813,,,,1,60.22475194185972
2025-06-04,fold_7,Recent mixed/upturn,0.004838764667510986,1,0.0033009489998221397,1,0.0033009489998221397,0.40590691566467285,,,,1,33.0094899982214
2025-06-05,fold_7,Recent mixed/upturn,-0.0004726833140011877,-1,0.0027832789346575737,1,-0.0027832789346575737,0.40199387073516846,,,,0,-27.832789346575737
2025-06-06,fold_7,Recent mixed/upturn,-0.00419147964566946,-1,-0.004015539772808552,-1,0.004015539772808552,0.40762364864349365,,,,1,40.15539772808552
2025-06-09,fold_7,Recent mixed/upturn,0.0030022526625543833,1,0.001771340030245483,1,0.001771340030245483,0.4101170301437378,,,,1,17.71340030245483
2025-06-10,fold_7,Recent mixed/upturn,-8.509604958817363e-05,-1,0.0008235503337346017,1,-0.0008235503337346017,0.4089556932449341,,,,0,-8.235503337346017
2025-06-11,fold_7,Recent mixed/upturn,0.0045461468398571014,1,0.006284058094024658,1,0.006284058094024658,0.4178096055984497,,,,1,62.84058094024658
2025-06-12,fold_7,Recent mixed/upturn,0.0075815594755113125,1,0.007899755612015724,1,0.007899755612015724,0.42900991439819336,,,,1,78.99755612015724
2025-06-13,fold_7,Recent mixed/upturn,-0.003916564863175154,-1,-0.003755935002118349,-1,0.003755935002118349,0.43437719345092773,,,,1,37.55935002118349
2025-06-16,fold_7,Recent mixed/upturn,0.002816752064973116,1,-0.0004620169347617775,-1,-0.0004620169347617775,0.43371450901031494,,,,0,-4.620169347617775
2025-06-17,fold_7,Recent mixed/upturn,-0.00808637123554945,-1,-0.005948005244135857,-1,0.005948005244135857,0.4422421455383301,,,,1,59.480052441358566
2025-06-18,fold_7,Recent mixed/upturn,0.00041995698120445013,1,-0.0004476588510442525,-1,-0.0004476588510442525,0.44159650802612305,,,,0,-4.476588510442525
2025-06-20,fold_7,Recent mixed/upturn,0.0010262377327308059,1,-0.0010350376833230257,-1,-0.0010350376833230257,0.4401043653488159,,,,0,-10.350376833230257
2025-06-23,fold_7,Recent mixed/upturn,0.0037953562568873167,1,0.008536921814084053,1,0.008536921814084053,0.452398419380188,,,,1,85.36921814084053
2025-06-24,fold_7,Recent mixed/upturn,0.005096418783068657,1,0.0011379257775843143,1,0.0011379257775843143,0.45405125617980957,,,,1,11.379257775843143
2025-06-25,fold_7,Recent mixed/upturn,0.0008715396397747099,1,0.006157340481877327,1,0.006157340481877327,0.463004469871521,,,,1,61.57340481877327
2025-06-26,fold_7,Recent mixed/upturn,0.004048172850161791,1,0.0007249234477058053,1,0.0007249234477058053,0.4640650749206543,,,,1,7.249234477058053
2025-06-27,fold_7,Recent mixed/upturn,-0.0008220172021538019,-1,0.0030139251612126827,1,-0.0030139251612126827,0.45965254306793213,,,,0,-30.139251612126827
2025-06-30,fold_7,Recent mixed/upturn,0.006038371939212084,1,0.005092043429613113,1,0.005092043429613113,0.4670851230621338,,,,1,50.920434296131134
2025-07-01,fold_7,Recent mixed/upturn,0.0004623892600648105,1,0.0015583859058097005,1,0.0015583859058097005,0.4693714380264282,,,,1,15.583859058097005
2025-07-02,fold_7,Recent mixed/upturn,0.0013282037107273936,1,-0.00044844072544947267,-1,-0.00044844072544947267,0.4687124490737915,,,,0,-4.484407254494727
2025-07-03,fold_7,Recent mixed/upturn,-0.003400382585823536,-1,-0.0024366681464016438,-1,0.0024366681464016438,0.47229111194610596,,,,1,24.366681464016438
2025-07-07,fold_7,Recent mixed/upturn,-0.004825226031243801,-1,-0.003755652578547597,-1,0.003755652578547597,0.47782063484191895,,,,1,37.55652578547597
2025-07-08,fold_7,Recent mixed/upturn,-3.806273525697179e-06,-1,-0.0010200783144682646,-1,0.0010200783144682646,0.4793281555175781,,,,1,10.200783144682646
2025-07-09,fold_7,Recent mixed/upturn,0.0007434365688823164,1,0.000563176698051393,1,0.000563176698051393,0.480161190032959,,,,1,5.63176698051393
2025-07-10,fold_7,Recent mixed/upturn,-0.0014076258521527052,-1,-0.002422562800347805,-1,0.002422562800347805,0.4837470054626465,,,,1,24.22562800347805
2025-07-11,fold_7,Recent mixed/upturn,-0.0013446834636852145,-1,-0.0017639847937971354,-1,0.0017639847937971354,0.4863642454147339,,,,1,17.639847937971354
2025-07-14,fold_7,Recent mixed/upturn,-0.0009415993117727339,-1,-0.0013532100711017847,-1,0.0013532100711017847,0.4883756637573242,,,,1,13.532100711017847
2025-07-15,fold_7,Recent mixed/upturn,-0.006021429318934679,-1,-0.005049251951277256,-1,0.005049251951277256,0.49589085578918457,,,,1,50.49251951277256
2025-07-16,fold_7,Recent mixed/upturn,0.0034268491435796022,1,0.002443466568365693,1,0.002443466568365693,0.4995459318161011,,,,1,24.43466568365693
2025-07-17,fold_7,Recent mixed/upturn,-0.004085545428097248,-1,-0.0017422791570425034,-1,0.0017422791570425034,0.502158522605896,,,,1,17.422791570425034
2025-07-18,fold_7,Recent mixed/upturn,0.002908186987042427,1,0.0013141727540642023,1,0.0013141727540642023,0.5041326284408569,,,,1,13.141727540642023
2025-07-22,fold_7,Recent mixed/upturn,0.0038805340882390738,1,0.003815255593508482,1,0.003815255593508482,0.5098713636398315,,,,1,38.15255593508482
2025-07-23,fold_7,Recent mixed/upturn,0.0021984728518873453,1,0.0029907028656452894,1,0.0029907028656452894,0.5143870115280151,,,,1,29.907028656452894
2025-07-24,fold_7,Recent mixed/upturn,-0.0014651891542598605,-1,-0.001540047349408269,-1,0.001540047349408269,0.5167192220687866,,,,1,15.40047349408269
2025-07-25,fold_7,Recent mixed/upturn,-0.0026017033960670233,-1,5.8711641031550243e-05,1,-5.8711641031550243e-05,0.5166301727294922,,,,0,-0.5871164103155024
2025-07-28,fold_7,Recent mixed/upturn,-0.0075322710908949375,-1,-0.013614622876048088,-1,0.013614622876048088,0.5372785329818726,,,,1,136.14622876048088
2025-07-29,fold_7,Recent mixed/upturn,-0.0016992042073979974,-1,-0.003950425889343023,-1,0.003950425889343023,0.5433515310287476,,,,1,39.50425889343023
2025-07-30,fold_7,Recent mixed/upturn,-0.006975265219807625,-1,-0.010526402853429317,-1,0.010526402853429317,0.5595974922180176,,,,1,105.26402853429317
2025-07-31,fold_7,Recent mixed/upturn,-0.00019071652786806226,-1,-0.0004912575823254883,-1,0.0004912575823254883,0.5603636503219604,,,,1,4.912575823254883
2025-08-01,fold_7,Recent mixed/upturn,0.009033193811774254,1,0.014263281598687172,1,0.014263281598687172,0.5826195478439331,,,,1,142.63281598687172
2025-08-04,fold_7,Recent mixed/upturn,-0.0013278257101774216,-1,-0.00022017340234015137,-1,0.00022017340234015137,0.58296799659729,,,,1,2.2017340234015137
2025-08-05,fold_7,Recent mixed/upturn,-0.0008262353367172182,-1,-0.0004284036112949252,-1,0.0004284036112949252,0.5836461782455444,,,,1,4.284036112949252
2025-08-06,fold_7,Recent mixed/upturn,0.006407466251403093,1,0.007254479452967644,1,0.007254479452967644,0.5951347351074219,,,,1,72.54479452967644
2025-08-07,fold_7,Recent mixed/upturn,-0.0015672825975343585,-1,0.0011559956474229693,1,-0.0011559956474229693,0.5932908058166504,,,,0,-11.559956474229693
2025-08-08,fold_7,Recent mixed/upturn,0.0021953547839075327,1,-0.002457661321386695,-1,-0.002457661321386695,0.5893750190734863,,,,0,-24.57661321386695
2025-08-12,fold_7,Recent mixed/upturn,0.005391997285187244,1,0.005044498015195131,1,0.005044498015195131,0.5973925590515137,,,,1,50.44498015195131
2025-08-13,fold_7,Recent mixed/upturn,0.0022473963908851147,1,0.003068778896704316,1,0.003068778896704316,0.6022946834564209,,,,1,30.68778896704316
2025-08-14,fold_7,Recent mixed/upturn,-0.003994842991232872,-1,-0.005254701245576143,-1,0.005254701245576143,0.610714316368103,,,,1,52.54701245576143
2025-08-15,fold_7,Recent mixed/upturn,0.004629331175237894,1,0.004741219338029623,1,0.004741219338029623,0.6183509826660156,,,,1,47.41219338029623
2025-08-18,fold_7,Recent mixed/upturn,-0.003691804828122258,-1,-0.003267246065661311,-1,0.003267246065661311,0.6236386299133301,,,,1,32.67246065661311
2025-08-19,fold_7,Recent mixed/upturn,-0.0003447136841714382,-1,-0.002212071092799306,-1,0.002212071092799306,0.627230167388916,,,,1,22.12071092799306
2025-08-20,fold_7,Recent mixed/upturn,0.000819753622636199,1,0.0007923034718260169,1,0.0007923034718260169,0.6285194158554077,,,,1,7.923034718260169
2025-08-21,fold_7,Recent mixed/upturn,-0.0045225354842841625,-1,-0.003321295604109764,-1,0.003321295604109764,0.6339281797409058,,,,1,33.21295604109764
2025-08-22,fold_7,Recent mixed/upturn,0.009797453880310059,1,0.008313816972076893,1,0.008313816972076893,0.6475123167037964,,,,1,83.13816972076893
2025-08-25,fold_7,Recent mixed/upturn,-0.006350705400109291,-1,-0.007784397341310978,-1,0.007784397341310978,0.6603372097015381,,,,1,77.84397341310978
2025-08-26,fold_7,Recent mixed/upturn,0.0017610916402190924,1,0.001804178929887712,1,0.001804178929887712,0.6633328199386597,,,,1,18.04178929887712
2025-08-27,fold_7,Recent mixed/upturn,-0.00020307954400777817,-1,0.0007338296854868531,1,-0.0007338296854868531,0.6621122360229492,,,,0,-7.338296854868531
2025-08-28,fold_7,Recent mixed/upturn,0.00439264765009284,1,0.0028852694667875767,1,0.0028852694667875767,0.666907787322998,,,,1,28.852694667875767
2025-08-29,fold_7,Recent mixed/upturn,-0.0004926742403768003,-1,0.0008769080741330981,1,-0.0008769080741330981,0.6654460430145264,,,,0,-8.769080741330981
2025-09-02,fold_7,Recent mixed/upturn,-0.006311000790446997,-1,-0.006818667519837618,-1,0.006818667519837618,0.6768021583557129,,,,1,68.18667519837618
2025-09-03,fold_7,Recent mixed/upturn,0.0034556561149656773,1,0.0020988616161048412,1,0.0020988616161048412,0.6803215742111206,,,,1,20.988616161048412
2025-09-04,fold_7,Recent mixed/upturn,-0.0008075630175881088,-1,-0.0003031234664376825,-1,0.0003031234664376825,0.6808309555053711,,,,1,3.031234664376825
2025-09-05,fold_7,Recent mixed/upturn,0.005377284251153469,1,0.004825879819691181,1,0.004825879819691181,0.6889423131942749,,,,1,48.25879819691181
2025-09-08,fold_7,Recent mixed/upturn,0.0024607086088508368,1,0.00477817514911294,1,0.00477817514911294,0.6970123052597046,,,,1,47.7817514911294
2025-09-09,fold_7,Recent mixed/upturn,-0.004200264345854521,-1,-0.005640725139528513,-1,0.005640725139528513,0.7065846920013428,,,,1,56.40725139528513
2025-09-10,fold_7,Recent mixed/upturn,0.0002841777168214321,1,5.857199721504003e-05,1,5.857199721504003e-05,0.7066845893859863,,,,1,0.5857199721504003
2025-09-11,fold_7,Recent mixed/upturn,0.002968413755297661,1,0.002675513969734311,1,0.002675513969734311,0.711250901222229,,,,1,26.75513969734311
2025-09-12,fold_7,Recent mixed/upturn,-0.0005390419973991811,-1,-0.000703588651958853,-1,0.000703588651958853,0.7124549150466919,,,,1,7.03588651958853
2025-09-16,fold_7,Recent mixed/upturn,0.006892722565680742,1,0.009152790531516075,1,0.009152790531516075,0.7281286716461182,,,,1,91.52790531516075
2025-09-17,fold_7,Recent mixed/upturn,-0.002152095315977931,-1,-0.003796270117163658,-1,0.003796270117163658,0.7346889972686768,,,,1,37.96270117163658
2025-09-18,fold_7,Recent mixed/upturn,-0.0036160347517579794,-1,-0.0029830695129930973,-1,0.0029830695129930973,0.7398637533187866,,,,1,29.830695129930973
2025-09-19,fold_7,Recent mixed/upturn,-0.003876772942021489,-1,-0.004589194897562265,-1,0.004589194897562265,0.747848391532898,,,,1,45.891948975622654
2025-09-22,fold_7,Recent mixed/upturn,0.00287977559491992,1,0.005463925655931234,1,0.005463925655931234,0.7573986053466797,,,,1,54.639256559312344
2025-09-24,fold_7,Recent mixed/upturn,-0.005314729642122984,-1,-0.005907559301704168,-1,0.005907559301704168,0.7677805423736572,,,,1,59.07559301704168
2025-09-25,fold_7,Recent mixed/upturn,-0.0055318558588624,-1,-0.006974319461733103,-1,0.006974319461733103,0.7801096439361572,,,,1,69.74319461733103
2025-09-26,fold_7,Recent mixed/upturn,0.004261152818799019,1,0.0038988362066447735,1,0.0038988362066447735,0.7870500087738037,,,,1,38.988362066447735
2025-09-29,fold_7,Recent mixed/upturn,0.0017896584467962384,1,0.0019825738854706287,1,0.0019825738854706287,0.7905929088592529,,,,1,19.825738854706287
