date,fold,regime,prediction,pred_direction,actual_return,actual_direction,strategy_return,cumulative_return,confidence,aleatoric,epistemic,correct,pnl_bps
2008-01-23,fold_1,Pre-crisis upturn + GFC onset,0.0019209630554541945,1,0.009706642478704453,1,0.009706642478704453,0.009706616401672363,,,,1,97.06642478704453
2008-01-24,fold_1,Pre-crisis upturn + GFC onset,0.0026367385871708393,1,-0.006706463638693094,-1,-0.006706463638693094,0.002935051918029785,,,,0,-67.06463638693094
2008-01-25,fold_1,Pre-crisis upturn + GFC onset,-0.00528071541339159,-1,0.007704523392021656,1,-0.007704523392021656,-0.00479203462600708,,,,0,-77.04523392021656
2008-01-28,fold_1,Pre-crisis upturn + GFC onset,0.0005841262172907591,1,-0.001093094702810049,-1,-0.001093094702810049,-0.005879878997802734,,,,0,-10.93094702810049
2008-01-29,fold_1,Pre-crisis upturn + GFC onset,-0.003979165107011795,-1,0.004004329908639193,1,-0.004004329908639193,-0.009860694408416748,,,,0,-40.043299086391926
2008-01-30,fold_1,Pre-crisis upturn + GFC onset,-0.0003782389685511589,-1,0.002289247466251254,1,-0.002289247466251254,-0.012127339839935303,,,,0,-22.89247466251254
2008-01-31,fold_1,Pre-crisis upturn + GFC onset,-0.0052690994925796986,-1,-0.004380703438073397,-1,0.004380703438073397,-0.007799744606018066,,,,1,43.80703438073397
2008-02-01,fold_1,Pre-crisis upturn + GFC onset,-0.0073641701601445675,-1,0.001897936686873436,1,-0.001897936686873436,-0.009682893753051758,,,,0,-18.97936686873436
2008-02-04,fold_1,Pre-crisis upturn + GFC onset,-0.0058469767682254314,-1,-0.012808330357074738,-1,0.012808330357074738,0.0030014514923095703,,,,1,128.08330357074738
2008-02-05,fold_1,Pre-crisis upturn + GFC onset,-0.010639357380568981,-1,-0.0014324913499876857,-1,0.0014324913499876857,0.004438281059265137,,,,1,14.324913499876857
2008-02-06,fold_1,Pre-crisis upturn + GFC onset,-0.004720619879662991,-1,-0.009454712271690369,-1,0.009454712271690369,0.013934969902038574,,,,1,94.54712271690369
2008-02-07,fold_1,Pre-crisis upturn + GFC onset,-0.008133734576404095,-1,0.07542583346366882,1,-0.07542583346366882,-0.06254196166992188,,,,0,-754.2583346366882
2008-02-08,fold_1,Pre-crisis upturn + GFC onset,-0.011604497209191322,-1,-0.06865246593952179,-1,0.06865246593952179,0.001816868782043457,,,,1,686.5246593952179
2008-02-12,fold_1,Pre-crisis upturn + GFC onset,0.00011344379163347185,1,-0.0017758844187483191,-1,-0.0017758844187483191,3.7789344787597656e-05,,,,0,-17.75884418748319
2008-02-13,fold_1,Pre-crisis upturn + GFC onset,-0.0034961928613483906,-1,0.006048077251762152,1,-0.006048077251762152,-0.006010532379150391,,,,0,-60.48077251762152
2008-02-14,fold_1,Pre-crisis upturn + GFC onset,-0.003923783078789711,-1,0.002186686033383012,1,-0.002186686033383012,-0.008184075355529785,,,,0,-21.866860333830118
2008-02-15,fold_1,Pre-crisis upturn + GFC onset,-0.0020840459037572145,-1,-0.0017726941732689738,-1,0.0017726941732689738,-0.006425917148590088,,,,1,17.72694173268974
2008-02-19,fold_1,Pre-crisis upturn + GFC onset,-0.001109335571527481,-1,-0.0004710935172624886,-1,0.0004710935172624886,-0.005957841873168945,,,,1,4.710935172624886
2008-02-20,fold_1,Pre-crisis upturn + GFC onset,-0.004333796910941601,-1,0.006251954939216375,1,-0.006251954939216375,-0.012172520160675049,,,,0,-62.51954939216375
2008-02-21,fold_1,Pre-crisis upturn + GFC onset,0.0032034581527113914,1,0.0007413247367367148,1,0.0007413247367367148,-0.011440157890319824,,,,1,7.413247367367148
2008-02-22,fold_1,Pre-crisis upturn + GFC onset,-6.627784023294225e-05,-1,0.0006675262120552361,1,-0.0006675262120552361,-0.012100040912628174,,,,0,-6.675262120552361
2008-02-25,fold_1,Pre-crisis upturn + GFC onset,-0.0038783461786806583,-1,0.010797196999192238,1,-0.010797196999192238,-0.022766590118408203,,,,0,-107.97196999192238
2008-02-26,fold_1,Pre-crisis upturn + GFC onset,0.0042869350872933865,1,0.008133538998663425,1,0.008133538998663425,-0.014818251132965088,,,,1,81.33538998663425
2008-02-27,fold_1,Pre-crisis upturn + GFC onset,0.003006411949172616,1,0.005151412915438414,1,0.005151412915438414,-0.009743213653564453,,,,1,51.514129154384136
2008-02-28,fold_1,Pre-crisis upturn + GFC onset,-0.000334806798491627,-1,-0.00025825100601650774,-1,0.00025825100601650774,-0.009487509727478027,,,,1,2.5825100601650774
2008-02-29,fold_1,Pre-crisis upturn + GFC onset,-0.005157081410288811,-1,0.0005320152267813683,1,-0.0005320152267813683,-0.010014474391937256,,,,0,-5.320152267813683
2008-03-03,fold_1,Pre-crisis upturn + GFC onset,-0.0034560521598905325,-1,0.0006540778558701277,1,-0.0006540778558701277,-0.0106620192527771,,,,0,-6.540778558701277
2008-03-04,fold_1,Pre-crisis upturn + GFC onset,-0.0033869026228785515,-1,0.00439975643530488,1,-0.00439975643530488,-0.015014886856079102,,,,0,-43.9975643530488
2008-03-05,fold_1,Pre-crisis upturn + GFC onset,-0.003075634827837348,-1,0.007077113725244999,1,-0.007077113725244999,-0.02198570966720581,,,,0,-70.77113725244999
2008-03-06,fold_1,Pre-crisis upturn + GFC onset,0.001032479340210557,1,-0.00318984710611403,-1,-0.00318984710611403,-0.025105416774749756,,,,0,-31.8984710611403
2008-03-07,fold_1,Pre-crisis upturn + GFC onset,-0.004290228709578514,-1,0.00032211976940743625,1,-0.00032211976940743625,-0.025419414043426514,,,,0,-3.2211976940743625
2008-03-10,fold_1,Pre-crisis upturn + GFC onset,-0.004641425330191851,-1,6.13881929893978e-05,1,-6.13881929893978e-05,-0.025479257106781006,,,,0,-0.6138819298939779
2008-03-11,fold_1,Pre-crisis upturn + GFC onset,-0.006065044552087784,-1,0.012913729064166546,1,-0.012913729064166546,-0.03806394338607788,,,,0,-129.13729064166546
2008-03-12,fold_1,Pre-crisis upturn + GFC onset,0.00043540119077079,1,0.005280183628201485,1,0.005280183628201485,-0.032984793186187744,,,,1,52.80183628201485
2008-03-13,fold_1,Pre-crisis upturn + GFC onset,-0.0002955453237518668,-1,-0.0002654764102771878,-1,0.0002654764102771878,-0.03272807598114014,,,,1,2.6547641027718782
2008-03-14,fold_1,Pre-crisis upturn + GFC onset,0.0005769639974460006,1,0.008330723270773888,1,0.008330723270773888,-0.024670004844665527,,,,1,83.30723270773888
2008-03-17,fold_1,Pre-crisis upturn + GFC onset,-0.004042645916342735,-1,-0.00571519136428833,-1,0.00571519136428833,-0.01909583806991577,,,,1,57.1519136428833
2008-03-18,fold_1,Pre-crisis upturn + GFC onset,-0.001734731369651854,-1,-0.001219803118146956,-1,0.001219803118146956,-0.017899394035339355,,,,1,12.19803118146956
2008-03-19,fold_1,Pre-crisis upturn + GFC onset,-0.008523423224687576,-1,-0.012585368938744068,-1,0.012585368938744068,-0.005539238452911377,,,,1,125.85368938744068
2008-03-24,fold_1,Pre-crisis upturn + GFC onset,-0.005289055872708559,-1,0.011474939994513988,1,-0.011474939994513988,-0.016950666904449463,,,,0,-114.74939994513988
2008-03-25,fold_1,Pre-crisis upturn + GFC onset,0.005873205605894327,1,0.013576983474195004,1,0.013576983474195004,-0.003603816032409668,,,,1,135.76983474195004
2008-03-26,fold_1,Pre-crisis upturn + GFC onset,0.0038408408872783184,1,-0.0006325822323560715,-1,-0.0006325822323560715,-0.004234135150909424,,,,0,-6.325822323560715
2008-03-27,fold_1,Pre-crisis upturn + GFC onset,-0.0024199129547923803,-1,-0.0033570618834346533,-1,0.0033570618834346533,-0.000891268253326416,,,,1,33.57061883434653
2008-03-28,fold_1,Pre-crisis upturn + GFC onset,-0.00032065113191492856,-1,-0.00018908978381659836,-1,0.00018908978381659836,-0.0007023811340332031,,,,1,1.8908978381659836
2008-03-31,fold_1,Pre-crisis upturn + GFC onset,0.0009458149434067309,1,-0.005079609341919422,-1,-0.005079609341919422,-0.0057784318923950195,,,,0,-50.79609341919422
2008-04-02,fold_1,Pre-crisis upturn + GFC onset,0.0028828135691583157,1,-0.0006893464596942067,-1,-0.0006893464596942067,-0.006463766098022461,,,,0,-6.893464596942067
2008-04-03,fold_1,Pre-crisis upturn + GFC onset,0.00020345303346402943,1,0.0044534835033118725,1,0.0044534835033118725,-0.002039015293121338,,,,1,44.534835033118725
2008-04-04,fold_1,Pre-crisis upturn + GFC onset,0.001445587957277894,1,-0.0020259751472622156,-1,-0.0020259751472622156,-0.004060864448547363,,,,0,-20.259751472622156
2008-04-07,fold_1,Pre-crisis upturn + GFC onset,-0.004635182674974203,-1,-0.00808490440249443,-1,0.00808490440249443,0.003991246223449707,,,,1,80.8490440249443
2008-04-08,fold_1,Pre-crisis upturn + GFC onset,-0.004684488754719496,-1,0.01579233817756176,1,-0.01579233817756176,-0.011864066123962402,,,,0,-157.9233817756176
2008-04-09,fold_1,Pre-crisis upturn + GFC onset,0.0010953759774565697,1,-0.005179158411920071,-1,-0.005179158411920071,-0.016981780529022217,,,,0,-51.79158411920071
2008-04-10,fold_1,Pre-crisis upturn + GFC onset,-0.00329332216642797,-1,0.005078901536762714,1,-0.005078901536762714,-0.02197444438934326,,,,0,-50.789015367627144
2008-04-11,fold_1,Pre-crisis upturn + GFC onset,-0.0012518512085080147,-1,0.00018986649229191244,1,-0.00018986649229191244,-0.022160112857818604,,,,0,-1.8986649229191244
2008-04-14,fold_1,Pre-crisis upturn + GFC onset,-0.004651722963899374,-1,-0.002462598029524088,-1,0.002462598029524088,-0.019752085208892822,,,,1,24.62598029524088
2008-04-15,fold_1,Pre-crisis upturn + GFC onset,-0.0023546339944005013,-1,0.010899379849433899,1,-0.010899379849433899,-0.030436158180236816,,,,0,-108.99379849433899
2008-04-16,fold_1,Pre-crisis upturn + GFC onset,0.0034778916742652655,1,-0.0035143231507390738,-1,-0.0035143231507390738,-0.0338435173034668,,,,0,-35.14323150739074
2008-04-17,fold_1,Pre-crisis upturn + GFC onset,-0.0040983413346111774,-1,-0.010573179461061954,-1,0.010573179461061954,-0.023628175258636475,,,,1,105.73179461061954
2008-04-18,fold_1,Pre-crisis upturn + GFC onset,-0.00198617996647954,-1,0.011313356459140778,1,-0.011313356459140778,-0.034674227237701416,,,,0,-113.13356459140778
2008-04-21,fold_1,Pre-crisis upturn + GFC onset,0.0007219334365800023,1,0.004780459683388472,1,0.004780459683388472,-0.0300595760345459,,,,1,47.804596833884716
2008-04-22,fold_1,Pre-crisis upturn + GFC onset,0.0002433677000226453,1,-0.007127514574676752,-1,-0.007127514574676752,-0.03697282075881958,,,,0,-71.27514574676752
2008-04-23,fold_1,Pre-crisis upturn + GFC onset,-0.005803024396300316,-1,-0.011966871097683907,-1,0.011966871097683907,-0.02544844150543213,,,,1,119.66871097683907
2008-04-24,fold_1,Pre-crisis upturn + GFC onset,-0.0070129819214344025,-1,-0.0030023385770618916,-1,0.0030023385770618916,-0.022522568702697754,,,,1,30.023385770618916
2008-04-25,fold_1,Pre-crisis upturn + GFC onset,-0.005857285112142563,-1,0.0010174394119530916,1,-0.0010174394119530916,-0.023517131805419922,,,,0,-10.174394119530916
2008-04-28,fold_1,Pre-crisis upturn + GFC onset,-0.0037004738114774227,-1,-0.0054796477779746056,-1,0.0054796477779746056,-0.018166303634643555,,,,1,54.796477779746056
2008-04-30,fold_1,Pre-crisis upturn + GFC onset,0.000974303693510592,1,-0.012038466520607471,-1,-0.012038466520607471,-0.029986083507537842,,,,0,-120.38466520607471
2008-05-02,fold_1,Pre-crisis upturn + GFC onset,-0.0010263887234032154,-1,0.00415347795933485,1,-0.00415347795933485,-0.034014999866485596,,,,0,-41.5347795933485
2008-05-07,fold_1,Pre-crisis upturn + GFC onset,-0.004806574899703264,-1,0.005134144332259893,1,-0.005134144332259893,-0.03897452354431152,,,,0,-51.341443322598934
2008-05-08,fold_1,Pre-crisis upturn + GFC onset,-0.007064837031066418,-1,0.0016728068003430963,1,-0.0016728068003430963,-0.040582120418548584,,,,0,-16.728068003430963
2008-05-09,fold_1,Pre-crisis upturn + GFC onset,-0.00026229346985928714,-1,0.0032323605846613646,1,-0.0032323605846613646,-0.04368329048156738,,,,0,-32.323605846613646
2008-05-12,fold_1,Pre-crisis upturn + GFC onset,0.0009102878393605351,1,-0.004055029712617397,-1,-0.004055029712617397,-0.0475611686706543,,,,0,-40.55029712617397
2008-05-13,fold_1,Pre-crisis upturn + GFC onset,-0.004712396301329136,-1,-0.0005104347947053611,-1,0.0005104347947053611,-0.047074973583221436,,,,1,5.104347947053611
2008-05-14,fold_1,Pre-crisis upturn + GFC onset,-0.001888998202048242,-1,-0.001174283679574728,-1,0.001174283679574728,-0.04595589637756348,,,,1,11.74283679574728
2008-05-15,fold_1,Pre-crisis upturn + GFC onset,-5.617598435492255e-05,-1,0.009388802573084831,1,-0.009388802573084831,-0.054913222789764404,,,,0,-93.88802573084831
2008-05-16,fold_1,Pre-crisis upturn + GFC onset,0.0036413774359971285,1,-0.0043633379973471165,-1,-0.0043633379973471165,-0.059036970138549805,,,,0,-43.633379973471165
2008-05-19,fold_1,Pre-crisis upturn + GFC onset,-0.002471713349223137,-1,0.008124498650431633,1,-0.008124498650431633,-0.06668180227279663,,,,0,-81.24498650431633
2008-05-20,fold_1,Pre-crisis upturn + GFC onset,0.004976517055183649,1,0.00855705700814724,1,0.00855705700814724,-0.058695316314697266,,,,1,85.5705700814724
2008-05-21,fold_1,Pre-crisis upturn + GFC onset,0.0009674063185229897,1,-0.003555349772796035,-1,-0.003555349772796035,-0.0620419979095459,,,,0,-35.55349772796035
2008-05-22,fold_1,Pre-crisis upturn + GFC onset,-0.0038494556210935116,-1,0.003377990797162056,1,-0.003377990797162056,-0.06521040201187134,,,,0,-33.77990797162056
2008-05-23,fold_1,Pre-crisis upturn + GFC onset,0.00041919120121747255,1,-0.0003629504353739321,-1,-0.0003629504353739321,-0.06554967164993286,,,,0,-3.6295043537393212
2008-05-27,fold_1,Pre-crisis upturn + GFC onset,-0.005050703417509794,-1,-0.0022230539470911026,-1,0.0022230539470911026,-0.06347239017486572,,,,1,22.230539470911026
2008-05-28,fold_1,Pre-crisis upturn + GFC onset,-0.0039506028406322,-1,-0.00881433766335249,-1,0.00881433766335249,-0.05521750450134277,,,,1,88.1433766335249
2008-05-29,fold_1,Pre-crisis upturn + GFC onset,-0.0043068923987448215,-1,0.0014764738734811544,1,-0.0014764738734811544,-0.05661243200302124,,,,0,-14.764738734811544
2008-05-30,fold_1,Pre-crisis upturn + GFC onset,-0.0011548574548214674,-1,0.0003264624683652073,1,-0.0003264624683652073,-0.056920409202575684,,,,0,-3.264624683652073
2008-06-02,fold_1,Pre-crisis upturn + GFC onset,-0.004035474732518196,-1,-0.0061646453104913235,-1,0.0061646453104913235,-0.05110663175582886,,,,1,61.646453104913235
2008-06-03,fold_1,Pre-crisis upturn + GFC onset,-0.005817379802465439,-1,-0.001142001012340188,-1,0.001142001012340188,-0.05002295970916748,,,,1,11.42001012340188
2008-06-04,fold_1,Pre-crisis upturn + GFC onset,-0.0036584793124347925,-1,0.010132720693945885,1,-0.010132720693945885,-0.05964881181716919,,,,0,-101.32720693945885
2008-06-05,fold_1,Pre-crisis upturn + GFC onset,0.001762334373779595,1,0.012580753304064274,1,0.012580753304064274,-0.04781848192214966,,,,1,125.80753304064274
2008-06-06,fold_1,Pre-crisis upturn + GFC onset,0.0016566076083108783,1,-0.008963803760707378,-1,-0.008963803760707378,-0.05635368824005127,,,,0,-89.63803760707378
2008-06-09,fold_1,Pre-crisis upturn + GFC onset,-0.004900084808468819,-1,-0.011474243365228176,-1,0.011474243365228176,-0.04552602767944336,,,,1,114.74243365228176
2008-06-10,fold_1,Pre-crisis upturn + GFC onset,-0.007068663835525513,-1,0.006067509297281504,1,-0.006067509297281504,-0.05131733417510986,,,,0,-60.67509297281504
2008-06-11,fold_1,Pre-crisis upturn + GFC onset,5.25645082234405e-05,1,-0.006230826023966074,-1,-0.006230826023966074,-0.05722838640213013,,,,0,-62.30826023966074
2008-06-12,fold_1,Pre-crisis upturn + GFC onset,-0.0037423353642225266,-1,-0.005947754718363285,-1,0.005947754718363285,-0.051621079444885254,,,,1,59.47754718363285
2008-06-13,fold_1,Pre-crisis upturn + GFC onset,-0.003968158271163702,-1,0.006823988631367683,1,-0.006823988631367683,-0.05809283256530762,,,,0,-68.23988631367683
2008-06-16,fold_1,Pre-crisis upturn + GFC onset,0.003038891591131687,1,0.0031044406350702047,1,0.0031044406350702047,-0.055168747901916504,,,,1,31.044406350702047
2008-06-17,fold_1,Pre-crisis upturn + GFC onset,-0.002022729255259037,-1,0.0010409550741314888,1,-0.0010409550741314888,-0.056152284145355225,,,,0,-10.409550741314888
2008-06-18,fold_1,Pre-crisis upturn + GFC onset,-0.003097810549661517,-1,-0.0018145984504371881,-1,0.0018145984504371881,-0.05443960428237915,,,,1,18.14598450437188
2008-06-19,fold_1,Pre-crisis upturn + GFC onset,-0.0012657229090109468,-1,0.0076107727363705635,1,-0.0076107727363705635,-0.06163609027862549,,,,0,-76.10772736370564
2008-06-20,fold_1,Pre-crisis upturn + GFC onset,0.00313401292078197,1,-0.00672138063237071,-1,-0.00672138063237071,-0.06794321537017822,,,,0,-67.2138063237071
2008-06-23,fold_1,Pre-crisis upturn + GFC onset,-0.003933579660952091,-1,0.0030361225362867117,1,-0.0030361225362867117,-0.07077306509017944,,,,0,-30.361225362867117
2008-06-24,fold_1,Pre-crisis upturn + GFC onset,-0.0010990751907229424,-1,0.006677090656012297,1,-0.006677090656012297,-0.07697761058807373,,,,0,-66.77090656012297
2008-06-25,fold_1,Pre-crisis upturn + GFC onset,0.0010305015603080392,1,0.005040960386395454,1,0.005040960386395454,-0.07232463359832764,,,,1,50.409603863954544
2008-06-26,fold_1,Pre-crisis upturn + GFC onset,0.0008594272076152265,1,0.0,1,0.0,-0.07232463359832764,,,,0,0.0
2008-06-27,fold_1,Pre-crisis upturn + GFC onset,-0.0019078077748417854,-1,-0.00018895813263952732,-1,0.00018895813263952732,-0.07214933633804321,,,,1,1.8895813263952732
2010-01-19,fold_2,Post-crash recovery,-0.002610999858006835,-1,-0.011951462365686893,-1,0.011951462365686893,0.011951446533203125,,,,1,119.51462365686893
2010-01-20,fold_2,Post-crash recovery,-0.005419096443802118,-1,-0.0009444424649700522,-1,0.0009444424649700522,0.012907266616821289,,,,1,9.444424649700522
2010-01-21,fold_2,Post-crash recovery,-0.0004035546153318137,-1,0.003125128336250782,1,-0.003125128336250782,0.009741783142089844,,,,0,-31.25128336250782
2010-01-22,fold_2,Post-crash recovery,0.00024163437774404883,1,0.0006368025206029415,1,0.0006368025206029415,0.010384798049926758,,,,1,6.368025206029415
2010-01-25,fold_2,Post-crash recovery,0.0013034847797825933,1,-0.004788059741258621,-1,-0.004788059741258621,0.005547046661376953,,,,0,-47.88059741258621
2010-01-26,fold_2,Post-crash recovery,-0.002441436517983675,-1,-0.003648065496236086,-1,0.003648065496236086,0.009215354919433594,,,,1,36.48065496236086
2010-01-27,fold_2,Post-crash recovery,-0.0034410101361572742,-1,-0.004483596887439489,-1,0.004483596887439489,0.013740301132202148,,,,1,44.835968874394894
2010-01-28,fold_2,Post-crash recovery,-0.004168358165770769,-1,-0.0072386483661830425,-1,0.0072386483661830425,0.02107834815979004,,,,1,72.38648366183043
2010-01-29,fold_2,Post-crash recovery,-0.001932363724336028,-1,0.0043313405476510525,1,-0.0043313405476510525,0.016655683517456055,,,,0,-43.313405476510525
2010-02-01,fold_2,Post-crash recovery,0.0003334750363137573,1,0.0035359642934054136,1,0.0035359642934054136,0.020250558853149414,,,,1,35.359642934054136
2010-02-02,fold_2,Post-crash recovery,0.0013459892943501472,1,-0.0053796786814928055,-1,-0.0053796786814928055,0.014761924743652344,,,,0,-53.796786814928055
2010-02-03,fold_2,Post-crash recovery,-0.0036196804139763117,-1,-0.01122969388961792,-1,0.01122969388961792,0.026157498359680176,,,,1,112.2969388961792
2010-02-04,fold_2,Post-crash recovery,-0.0037616400513798,-1,-0.004719560965895653,-1,0.004719560965895653,0.031000614166259766,,,,1,47.19560965895653
2010-02-05,fold_2,Post-crash recovery,-0.0019738555420190096,-1,-0.0018570575630292296,-1,0.0018570575630292296,0.03291523456573486,,,,1,18.570575630292296
2010-02-08,fold_2,Post-crash recovery,-0.001282999524846673,-1,0.009330499917268753,1,-0.009330499917268753,0.023277640342712402,,,,0,-93.30499917268753
2010-02-09,fold_2,Post-crash recovery,0.0009831072529777884,1,-0.0020905188284814358,-1,-0.0020905188284814358,0.021138429641723633,,,,0,-20.905188284814358
2010-02-10,fold_2,Post-crash recovery,-0.00088892673375085,-1,-0.005199064500629902,-1,0.005199064500629902,0.026447415351867676,,,,1,51.99064500629902
2010-02-12,fold_2,Post-crash recovery,-0.003123230766505003,-1,-0.0023396951146423817,-1,0.0023396951146423817,0.028849005699157715,,,,1,23.396951146423817
2010-02-16,fold_2,Post-crash recovery,-0.0009476324776187539,-1,-0.01163397915661335,-1,0.01163397915661335,0.04081857204437256,,,,1,116.3397915661335
2010-02-17,fold_2,Post-crash recovery,-0.003294693771749735,-1,-0.010688421316444874,-1,0.010688421316444874,0.051943302154541016,,,,1,106.88421316444874
2010-02-18,fold_2,Post-crash recovery,0.0010824239579960704,1,0.011409442871809006,1,0.011409442871809006,0.06394529342651367,,,,1,114.09442871809006
2010-02-19,fold_2,Post-crash recovery,-0.004785542842000723,-1,-0.0006938879960216582,-1,0.0006938879960216582,0.06468355655670166,,,,1,6.938879960216582
2010-02-22,fold_2,Post-crash recovery,0.0011566051980480552,1,-0.005776017438620329,-1,-0.005776017438620329,0.05853390693664551,,,,0,-57.76017438620329
2010-02-23,fold_2,Post-crash recovery,-0.0037626700941473246,-1,0.001191824907436967,1,-0.001191824907436967,0.05727231502532959,,,,0,-11.918249074369669
2010-02-24,fold_2,Post-crash recovery,0.000720796175301075,1,-0.000527954485733062,-1,-0.000527954485733062,0.05671405792236328,,,,0,-5.27954485733062
2010-02-25,fold_2,Post-crash recovery,-0.0008308226242661476,-1,0.007020008284598589,1,-0.007020008284598589,0.049295902252197266,,,,0,-70.20008284598589
2010-02-26,fold_2,Post-crash recovery,0.004307963885366917,1,-0.005058620125055313,-1,-0.005058620125055313,0.04398787021636963,,,,0,-50.58620125055313
2010-03-01,fold_2,Post-crash recovery,-0.002298144157975912,-1,0.004317773040384054,1,-0.004317773040384054,0.03948020935058594,,,,0,-43.17773040384054
2010-03-02,fold_2,Post-crash recovery,0.00035133762867189944,1,0.005946443881839514,1,0.005946443881839514,0.045661330223083496,,,,1,59.46443881839514
2010-03-03,fold_2,Post-crash recovery,0.0033895608503371477,1,-0.00858509074896574,-1,-0.00858509074896574,0.036684274673461914,,,,0,-85.8509074896574
2010-03-04,fold_2,Post-crash recovery,-0.0030604556668549776,-1,0.003311865497380495,1,-0.003311865497380495,0.03325092792510986,,,,0,-33.11865497380495
2010-03-05,fold_2,Post-crash recovery,0.00019189371960237622,1,-0.0008851704187691212,-1,-0.0008851704187691212,0.03233635425567627,,,,0,-8.851704187691212
2010-03-08,fold_2,Post-crash recovery,-0.0007793780532665551,-1,-0.0007347645587287843,-1,0.0007347645587287843,0.03309488296508789,,,,1,7.347645587287843
2010-03-09,fold_2,Post-crash recovery,-0.0006086538778617978,-1,0.002674186136573553,1,-0.002674186136573553,0.030332207679748535,,,,0,-26.74186136573553
2010-03-10,fold_2,Post-crash recovery,0.0009277114295400679,1,0.0030791175086051226,1,0.0030791175086051226,0.03350472450256348,,,,1,30.791175086051226
2010-03-11,fold_2,Post-crash recovery,0.0013625413412228227,1,0.006182710640132427,1,0.006182710640132427,0.03989458084106445,,,,1,61.82710640132427
2010-03-12,fold_2,Post-crash recovery,0.004724457394331694,1,-0.006715663243085146,-1,-0.006715663243085146,0.032911062240600586,,,,0,-67.15663243085146
2010-03-15,fold_2,Post-crash recovery,-0.0037582949735224247,-1,0.006677919998764992,1,-0.006677919998764992,0.02601337432861328,,,,0,-66.77919998764992
2010-03-16,fold_2,Post-crash recovery,0.005453719291836023,1,-0.0022119286004453897,-1,-0.0022119286004453897,0.023743867874145508,,,,0,-22.119286004453897
2010-03-17,fold_2,Post-crash recovery,0.0016538810450583696,1,-0.009053192101418972,-1,-0.009053192101418972,0.014475703239440918,,,,0,-90.53192101418972
2010-03-18,fold_2,Post-crash recovery,-0.004850780591368675,-1,-0.0056584724225103855,-1,0.0056584724225103855,0.02021610736846924,,,,1,56.584724225103855
2010-03-19,fold_2,Post-crash recovery,-0.00552785350009799,-1,0.0022249817848205566,1,-0.0022249817848205566,0.01794612407684326,,,,0,-22.249817848205566
2010-03-23,fold_2,Post-crash recovery,-0.002351341536268592,-1,-0.010171548463404179,-1,0.010171548463404179,0.028300166130065918,,,,1,101.71548463404179
2010-03-24,fold_2,Post-crash recovery,-0.007563675753772259,-1,-0.0017964079743251204,-1,0.0017964079743251204,0.030147314071655273,,,,1,17.964079743251204
2010-03-25,fold_2,Post-crash recovery,-0.003910627216100693,-1,0.0077375867404043674,1,-0.0077375867404043674,0.022176504135131836,,,,0,-77.37586740404367
2010-03-26,fold_2,Post-crash recovery,0.0037738317623734474,1,0.005298086442053318,1,0.005298086442053318,0.027592182159423828,,,,1,52.98086442053318
2010-03-29,fold_2,Post-crash recovery,0.002280942862853408,1,-0.0042286706157028675,-1,-0.0042286706157028675,0.0232468843460083,,,,0,-42.286706157028675
2010-03-30,fold_2,Post-crash recovery,0.0003629821294452995,1,0.006254276726394892,1,0.006254276726394892,0.029646635055541992,,,,1,62.54276726394892
2010-03-31,fold_2,Post-crash recovery,0.003212754847481847,1,0.0056237718090415,1,0.0056237718090415,0.03543722629547119,,,,1,56.237718090415
2010-04-01,fold_2,Post-crash recovery,0.0029864602256566286,1,-0.005820577964186668,-1,-0.005820577964186668,0.029410362243652344,,,,0,-58.205779641866684
2010-04-05,fold_2,Post-crash recovery,-0.003062053117901087,-1,-0.006459742318838835,-1,0.006459742318838835,0.03606009483337402,,,,1,64.59742318838835
2010-04-06,fold_2,Post-crash recovery,-0.0030380780808627605,-1,-0.003991239704191685,-1,0.003991239704191685,0.04019522666931152,,,,1,39.91239704191685
2010-04-07,fold_2,Post-crash recovery,-5.7886118156602606e-05,-1,0.0009486044873483479,1,-0.0009486044873483479,0.03920853137969971,,,,0,-9.486044873483479
2010-04-08,fold_2,Post-crash recovery,-0.0013423885684460402,-1,0.01046330388635397,1,-0.01046330388635397,0.028334975242614746,,,,0,-104.6330388635397
2010-04-09,fold_2,Post-crash recovery,0.004313330631703138,1,0.007042666897177696,1,0.007042666897177696,0.03557717800140381,,,,1,70.42666897177696
2010-04-12,fold_2,Post-crash recovery,0.006472568493336439,1,0.0009253707830794156,1,0.0009253707830794156,0.03653550148010254,,,,1,9.253707830794156
2010-04-13,fold_2,Post-crash recovery,-0.0002892855554819107,-1,0.0034823056776076555,1,-0.0034823056776076555,0.032925963401794434,,,,0,-34.823056776076555
2010-04-14,fold_2,Post-crash recovery,0.0016190155874937773,1,-0.005999756511300802,-1,-0.005999756511300802,0.02672863006591797,,,,0,-59.99756511300802
2010-04-15,fold_2,Post-crash recovery,-0.003302070777863264,-1,-0.00515845837071538,-1,0.00515845837071538,0.03202497959136963,,,,1,51.5845837071538
2010-04-16,fold_2,Post-crash recovery,-0.0034104976803064346,-1,-0.0012409078190103173,-1,0.0012409078190103173,0.03330552577972412,,,,1,12.409078190103173
2010-04-19,fold_2,Post-crash recovery,-0.0016910897102206945,-1,-0.0038692092057317495,-1,0.0038692092057317495,0.03730356693267822,,,,1,38.692092057317495
2010-04-20,fold_2,Post-crash recovery,-0.00014077876403462142,-1,-0.0033609094098210335,-1,0.0033609094098210335,0.04078984260559082,,,,1,33.609094098210335
2010-04-21,fold_2,Post-crash recovery,-0.000390733708627522,-1,-0.008957214653491974,-1,0.008957214653491974,0.05011248588562012,,,,1,89.57214653491974
2010-04-22,fold_2,Post-crash recovery,-0.002768790815025568,-1,0.008592506870627403,1,-0.008592506870627403,0.041089415550231934,,,,0,-85.92506870627403
2010-04-23,fold_2,Post-crash recovery,0.0017428782302886248,1,0.001286504091694951,1,0.001286504091694951,0.04242873191833496,,,,1,12.86504091694951
2010-04-26,fold_2,Post-crash recovery,-0.0017281265463680029,-1,-0.01720094121992588,-1,0.01720094121992588,0.06035947799682617,,,,1,172.0094121992588
2010-04-27,fold_2,Post-crash recovery,-0.00761940935626626,-1,0.00319747650064528,1,-0.00319747650064528,0.0569690465927124,,,,0,-31.9747650064528
2010-04-28,fold_2,Post-crash recovery,-0.003149092895910144,-1,0.0037932186387479305,1,-0.0037932186387479305,0.05295968055725098,,,,0,-37.932186387479305
2010-04-30,fold_2,Post-crash recovery,-0.0007625629077665508,-1,-0.007378703448921442,-1,0.007378703448921442,0.060729146003723145,,,,1,73.78703448921442
2010-05-06,fold_2,Post-crash recovery,-0.008718747645616531,-1,0.009745693765580654,1,-0.009745693765580654,0.050391554832458496,,,,0,-97.45693765580654
2010-05-07,fold_2,Post-crash recovery,0.010072841309010983,1,0.0018146689981222153,1,0.0018146689981222153,0.05229771137237549,,,,1,18.146689981222153
2010-05-10,fold_2,Post-crash recovery,0.008705041371285915,1,-0.011682657524943352,-1,-0.011682657524943352,0.04000413417816162,,,,0,-116.82657524943352
2010-05-11,fold_2,Post-crash recovery,-0.0025903466157615185,-1,0.0007203565328381956,1,-0.0007203565328381956,0.03925490379333496,,,,0,-7.203565328381956
2010-05-12,fold_2,Post-crash recovery,-0.002405785722658038,-1,-0.007750330958515406,-1,0.007750330958515406,0.04730939865112305,,,,1,77.50330958515406
2010-05-13,fold_2,Post-crash recovery,-0.0015905487816780806,-1,-0.014436493627727032,-1,0.014436493627727032,0.062428832054138184,,,,1,144.36493627727032
2010-05-14,fold_2,Post-crash recovery,-0.005966418422758579,-1,0.00266445754095912,1,-0.00266445754095912,0.05959808826446533,,,,0,-26.644575409591198
2010-05-17,fold_2,Post-crash recovery,-0.001960052875801921,-1,-0.0172696802765131,-1,0.0172696802765131,0.0778970718383789,,,,1,172.696802765131
2010-05-18,fold_2,Post-crash recovery,-0.004048698581755161,-1,0.0176109466701746,1,-0.0176109466701746,0.05891430377960205,,,,0,-176.109466701746
2010-05-19,fold_2,Post-crash recovery,0.003022301010787487,1,0.006900882814079523,1,0.006900882814079523,0.06622171401977539,,,,1,69.00882814079523
2010-05-20,fold_2,Post-crash recovery,0.01402723416686058,1,0.0070626987144351006,1,0.0070626987144351006,0.07375204563140869,,,,1,70.626987144351
2010-05-21,fold_2,Post-crash recovery,0.011198524385690689,1,-0.017277510836720467,-1,-0.017277510836720467,0.05520021915435791,,,,0,-172.77510836720467
2010-05-24,fold_2,Post-crash recovery,-0.008824491873383522,-1,-0.0003210459544789046,-1,0.0003210459544789046,0.05553901195526123,,,,1,3.210459544789046
2010-05-25,fold_2,Post-crash recovery,-0.002893933327868581,-1,-0.014011116698384285,-1,0.014011116698384285,0.07032835483551025,,,,1,140.11116698384285
2010-05-26,fold_2,Post-crash recovery,-0.004187511280179024,-1,0.014373074285686016,1,-0.014373074285686016,0.054944515228271484,,,,0,-143.73074285686016
2010-05-27,fold_2,Post-crash recovery,0.004469085950404406,1,-0.005989732686430216,-1,-0.005989732686430216,0.04862570762634277,,,,0,-59.89732686430216
2010-05-28,fold_2,Post-crash recovery,-0.0018076824489980936,-1,0.0011304189683869481,1,-0.0011304189683869481,0.047440290451049805,,,,0,-11.304189683869481
2010-06-01,fold_2,Post-crash recovery,-0.002864173846319318,-1,0.000489582889713347,1,-0.000489582889713347,0.046927452087402344,,,,0,-4.89582889713347
2010-06-02,fold_2,Post-crash recovery,0.0013145598350092769,1,-0.005683161783963442,-1,-0.005683161783963442,0.0409775972366333,,,,0,-56.83161783963442
2010-06-03,fold_2,Post-crash recovery,-0.003658976638689637,-1,-0.01630449667572975,-1,0.01630449667572975,0.05795025825500488,,,,1,163.04496675729752
2010-06-04,fold_2,Post-crash recovery,-0.009791125543415546,-1,-0.004018112551420927,-1,0.004018112551420927,0.06220114231109619,,,,1,40.18112551420927
2010-06-07,fold_2,Post-crash recovery,0.00024062293232418597,1,0.0041184090077877045,1,0.0041184090077877045,0.06657576560974121,,,,1,41.184090077877045
2010-06-08,fold_2,Post-crash recovery,-2.4956460038083605e-05,-1,0.0016669539036229253,1,-0.0016669539036229253,0.06479787826538086,,,,0,-16.669539036229253
2010-06-09,fold_2,Post-crash recovery,0.001752985524944961,1,0.00975992064923048,1,0.00975992064923048,0.07519018650054932,,,,1,97.5992064923048
2010-06-10,fold_2,Post-crash recovery,0.006159714423120022,1,0.00041180214611813426,1,0.00041180214611813426,0.07563292980194092,,,,1,4.118021461181343
2010-06-11,fold_2,Post-crash recovery,-0.0031798745039850473,-1,0.008589374832808971,1,-0.008589374832808971,0.06639385223388672,,,,0,-85.89374832808971
2010-06-14,fold_2,Post-crash recovery,0.0035697349812835455,1,0.00826606061309576,1,0.00826606061309576,0.07520878314971924,,,,1,82.6606061309576
2010-06-15,fold_2,Post-crash recovery,0.004100884776562452,1,-0.0005786734400317073,-1,-0.0005786734400317073,0.07458651065826416,,,,0,-5.786734400317073
2010-06-16,fold_2,Post-crash recovery,0.0023965192958712578,1,0.005695778410881758,1,0.005695778410881758,0.08070719242095947,,,,1,56.95778410881758
2010-06-17,fold_2,Post-crash recovery,0.003286808729171753,1,0.000879864557646215,1,0.000879864557646215,0.08165812492370605,,,,1,8.79864557646215
2010-06-18,fold_2,Post-crash recovery,-0.0003205709217581898,-1,-0.006207311991602182,-1,0.006207311991602182,0.08837234973907471,,,,1,62.073119916021824
2010-06-21,fold_2,Post-crash recovery,-0.003797914134338498,-1,-0.0033265468664467335,-1,0.0033265468664467335,0.09199285507202148,,,,1,33.265468664467335
2010-06-22,fold_2,Post-crash recovery,-0.0034143407829105854,-1,0.003584904596209526,1,-0.003584904596209526,0.08807814121246338,,,,0,-35.84904596209526
2010-06-23,fold_2,Post-crash recovery,0.003223795210942626,1,0.0014927452430129051,1,0.0014927452430129051,0.08970236778259277,,,,1,14.927452430129051
2010-06-24,fold_2,Post-crash recovery,-0.0026903997641056776,-1,0.002882967470213771,1,-0.002882967470213771,0.08656084537506104,,,,0,-28.82967470213771
2010-06-25,fold_2,Post-crash recovery,0.006152184680104256,1,-0.007759139873087406,-1,-0.007759139873087406,0.07813000679016113,,,,0,-77.59139873087406
2010-06-28,fold_2,Post-crash recovery,-0.0025489574763923883,-1,-0.007384906057268381,-1,0.007384906057268381,0.08609187602996826,,,,1,73.84906057268381
2010-06-29,fold_2,Post-crash recovery,-0.003719424130395055,-1,0.003583511570468545,1,-0.003583511570468545,0.08219993114471436,,,,0,-35.83511570468545
2013-01-18,fold_3,Eurozone debt plateau,-0.0048279170878231525,-1,-0.00392940966412425,-1,0.00392940966412425,0.0039293766021728516,,,,1,39.294096641242504
2013-01-22,fold_3,Eurozone debt plateau,0.0017635480035096407,1,0.00018636102322489023,1,0.00018636102322489023,0.004116415977478027,,,,1,1.8636102322489023
2013-01-23,fold_3,Eurozone debt plateau,-0.0011532942298799753,-1,-0.0004125860577914864,-1,0.0004125860577914864,0.004530668258666992,,,,1,4.125860577914864
2013-01-24,fold_3,Eurozone debt plateau,0.00033424311550334096,1,0.004572297912091017,1,0.004572297912091017,0.009123682975769043,,,,1,45.72297912091017
2013-01-25,fold_3,Eurozone debt plateau,0.002872002311050892,1,0.007231287192553282,1,0.007231287192553282,0.016420841217041016,,,,1,72.31287192553282
2013-01-28,fold_3,Eurozone debt plateau,-6.499991286545992e-05,-1,-0.0014656366547569633,-1,0.0014656366547569633,0.01791059970855713,,,,1,14.656366547569633
2013-01-29,fold_3,Eurozone debt plateau,0.003304414451122284,1,0.003372915554791689,1,0.003372915554791689,0.02134394645690918,,,,1,33.72915554791689
2013-01-30,fold_3,Eurozone debt plateau,0.0037911010440438986,1,0.005685125477612019,1,0.005685125477612019,0.027150392532348633,,,,1,56.851254776120186
2013-01-31,fold_3,Eurozone debt plateau,0.0010971353622153401,1,0.003144102171063423,1,0.003144102171063423,0.030379891395568848,,,,1,31.44102171063423
2013-02-01,fold_3,Eurozone debt plateau,0.001943203154951334,1,0.0027706902474164963,1,0.0027706902474164963,0.03323471546173096,,,,1,27.706902474164963
2013-02-04,fold_3,Eurozone debt plateau,-0.006860403809696436,-1,-0.01003915723413229,-1,0.01003915723413229,0.04360759258270264,,,,1,100.3915723413229
2013-02-05,fold_3,Eurozone debt plateau,0.0020201802253723145,1,0.005160914734005928,1,0.005160914734005928,0.048993587493896484,,,,1,51.60914734005928
2013-02-06,fold_3,Eurozone debt plateau,-0.004305544774979353,-1,-0.004232979379594326,-1,0.004232979379594326,0.053434014320373535,,,,1,42.32979379594326
2013-02-07,fold_3,Eurozone debt plateau,-0.006722199730575085,-1,-0.009948350489139557,-1,0.009948350489139557,0.06391394138336182,,,,1,99.48350489139557
2013-02-08,fold_3,Eurozone debt plateau,0.000354103249264881,1,-0.0015773915220052004,-1,-0.0015773915220052004,0.06223571300506592,,,,0,-15.773915220052004
2013-02-12,fold_3,Eurozone debt plateau,0.003272262867540121,1,0.0036186398938298225,1,0.0036186398938298225,0.06607949733734131,,,,1,36.186398938298225
2013-02-13,fold_3,Eurozone debt plateau,0.0009282317478209734,1,-0.0005645840428769588,-1,-0.0005645840428769588,0.06547760963439941,,,,0,-5.6458404287695885
2013-02-14,fold_3,Eurozone debt plateau,-0.005109085701406002,-1,-0.00681004673242569,-1,0.00681004673242569,0.07273364067077637,,,,1,68.1004673242569
2013-02-15,fold_3,Eurozone debt plateau,-0.00031576736364513636,-1,-0.0006672476301901042,-1,0.0006672476301901042,0.07344937324523926,,,,1,6.6724763019010425
2013-02-19,fold_3,Eurozone debt plateau,0.001927858334966004,1,0.003643653355538845,1,0.003643653355538845,0.07736063003540039,,,,1,36.43653355538845
2013-02-20,fold_3,Eurozone debt plateau,-0.0060171643272042274,-1,-0.009158467873930931,-1,0.009158467873930931,0.08722758293151855,,,,1,91.58467873930931
2013-02-21,fold_3,Eurozone debt plateau,-0.0029432165902107954,-1,-0.005937489680945873,-1,0.005937489680945873,0.09368300437927246,,,,1,59.37489680945873
2013-02-22,fold_3,Eurozone debt plateau,0.0004642862768378109,1,0.00011880857346113771,1,0.00011880857346113771,0.09381294250488281,,,,1,1.1880857346113771
2013-02-25,fold_3,Eurozone debt plateau,-0.003673865459859371,-1,-0.009916401468217373,-1,0.009916401468217373,0.10465967655181885,,,,1,99.16401468217373
2013-02-26,fold_3,Eurozone debt plateau,-0.001491606468334794,-1,6.532984116347507e-05,1,-6.532984116347507e-05,0.10458755493164062,,,,0,-0.6532984116347507
2013-02-27,fold_3,Eurozone debt plateau,0.004346372559666634,1,0.006509747821837664,1,0.006509747821837664,0.1117781400680542,,,,1,65.09747821837664
2013-02-28,fold_3,Eurozone debt plateau,-0.0033464832231402397,-1,-0.006921785417944193,-1,0.006921785417944193,0.11947357654571533,,,,1,69.21785417944193
2013-03-01,fold_3,Eurozone debt plateau,-0.0045418888330459595,-1,-0.003293330315500498,-1,0.003293330315500498,0.12316036224365234,,,,1,32.93330315500498
2013-03-04,fold_3,Eurozone debt plateau,0.0018592680571600795,1,0.0014731583651155233,1,0.0014731583651155233,0.12481498718261719,,,,1,14.731583651155233
2013-03-05,fold_3,Eurozone debt plateau,0.0024171804543584585,1,0.0009524957276880741,1,0.0009524957276880741,0.12588632106781006,,,,1,9.524957276880741
2013-03-06,fold_3,Eurozone debt plateau,-0.005108223296701908,-1,-0.0053601814433932304,-1,0.0053601814433932304,0.1319211721420288,,,,1,53.601814433932304
2013-03-07,fold_3,Eurozone debt plateau,0.006501507479697466,1,0.010226847603917122,1,0.010226847603917122,0.14349710941314697,,,,1,102.26847603917122
2013-03-08,fold_3,Eurozone debt plateau,-0.007741904817521572,-1,-0.009403315372765064,-1,0.009403315372765064,0.15424978733062744,,,,1,94.03315372765064
2013-03-11,fold_3,Eurozone debt plateau,0.0020563232246786356,1,0.0034406150225549936,1,0.0034406150225549936,0.15822112560272217,,,,1,34.406150225549936
2013-03-12,fold_3,Eurozone debt plateau,-0.0031304419972002506,-1,-0.0002605045447126031,-1,0.0002605045447126031,0.1585228443145752,,,,1,2.605045447126031
2013-03-13,fold_3,Eurozone debt plateau,-0.004166929051280022,-1,-0.005442651454359293,-1,0.005442651454359293,0.16482830047607422,,,,1,54.42651454359293
2013-03-14,fold_3,Eurozone debt plateau,0.0038413049187511206,1,0.004164100158959627,1,0.004164100158959627,0.16967880725860596,,,,1,41.64100158959627
2013-03-15,fold_3,Eurozone debt plateau,0.004819454625248909,1,-0.009192564524710178,-1,-0.009192564524710178,0.15892648696899414,,,,0,-91.92564524710178
2013-03-18,fold_3,Eurozone debt plateau,-0.004871920216828585,-1,0.004051790572702885,1,-0.004051790572702885,0.15423071384429932,,,,0,-40.51790572702885
2013-03-19,fold_3,Eurozone debt plateau,-0.003602223237976432,-1,-0.006264734081923962,-1,0.006264734081923962,0.16146159172058105,,,,1,62.647340819239616
2013-03-21,fold_3,Eurozone debt plateau,-0.0013911286368966103,-1,-0.002839107299223542,-1,0.002839107299223542,0.16475903987884521,,,,1,28.391072992235422
2013-03-22,fold_3,Eurozone debt plateau,0.00408883998170495,1,0.0092341098934412,1,0.0092341098934412,0.17551445960998535,,,,1,92.341098934412
2013-03-25,fold_3,Eurozone debt plateau,-0.00648003164678812,-1,-0.012717006728053093,-1,0.012717006728053093,0.19046354293823242,,,,1,127.17006728053093
2013-03-26,fold_3,Eurozone debt plateau,0.0015205760719254613,1,0.00012858747504651546,1,0.00012858747504651546,0.19061672687530518,,,,1,1.2858747504651546
2013-03-27,fold_3,Eurozone debt plateau,-0.00486745685338974,-1,-0.0063889650627970695,-1,0.0063889650627970695,0.19822359085083008,,,,1,63.889650627970695
2013-03-28,fold_3,Eurozone debt plateau,0.004298699088394642,1,0.002973254071548581,1,0.002973254071548581,0.20178616046905518,,,,1,29.73254071548581
2013-04-01,fold_3,Eurozone debt plateau,0.0021491418592631817,1,0.0034695772919803858,1,0.0034695772919803858,0.2059558629989624,,,,1,34.69577291980386
2013-04-02,fold_3,Eurozone debt plateau,-0.002290411852300167,-1,-0.0023077132645994425,-1,0.0023077132645994425,0.20873892307281494,,,,1,23.077132645994425
2013-04-03,fold_3,Eurozone debt plateau,0.0032473348546773195,1,0.002313051139935851,1,0.002313051139935851,0.21153473854064941,,,,1,23.13051139935851
2013-04-04,fold_3,Eurozone debt plateau,-0.0003422945737838745,-1,0.006076161749660969,1,-0.006076161749660969,0.20417320728302002,,,,0,-60.76161749660969
2013-04-05,fold_3,Eurozone debt plateau,0.0007361086318269372,1,0.004937021527439356,1,0.004937021527439356,0.21011829376220703,,,,1,49.37021527439356
2013-04-08,fold_3,Eurozone debt plateau,-0.0057039521634578705,-1,0.0028665303252637386,1,-0.0028665303252637386,0.20664942264556885,,,,0,-28.665303252637386
2013-04-09,fold_3,Eurozone debt plateau,0.003385704243555665,1,0.003910965286195278,1,0.003910965286195278,0.21136868000030518,,,,1,39.10965286195278
2013-04-10,fold_3,Eurozone debt plateau,-0.0037441609892994165,-1,-0.0019061239436268806,-1,0.0019061239436268806,0.2136777639389038,,,,1,19.061239436268806
2013-04-11,fold_3,Eurozone debt plateau,0.0016162256943061948,1,0.00455083604902029,1,0.00455083604902029,0.2192009687423706,,,,1,45.508360490202904
2013-04-12,fold_3,Eurozone debt plateau,-0.003273330396041274,-1,-0.001178935170173645,-1,0.001178935170173645,0.22063839435577393,,,,1,11.78935170173645
2013-04-15,fold_3,Eurozone debt plateau,-0.002111491048708558,-1,-0.0034072035923600197,-1,0.0034072035923600197,0.22479736804962158,,,,1,34.0720359236002
2013-04-16,fold_3,Eurozone debt plateau,0.008056427352130413,1,0.009501743130385876,1,0.009501743130385876,0.23643505573272705,,,,1,95.01743130385876
2013-04-17,fold_3,Eurozone debt plateau,-0.009390703402459621,-1,-0.010910171084105968,-1,0.010910171084105968,0.24992477893829346,,,,1,109.10171084105968
2013-04-18,fold_3,Eurozone debt plateau,0.00014153272786643356,1,0.0013966822298243642,1,0.0013966822298243642,0.2516704797744751,,,,1,13.966822298243642
2013-04-19,fold_3,Eurozone debt plateau,-0.0004205311997793615,-1,0.0001958034554263577,1,-0.0001958034554263577,0.2514253854751587,,,,0,-1.9580345542635769
2013-04-22,fold_3,Eurozone debt plateau,0.002095854375511408,1,0.0004571809549815953,1,0.0004571809549815953,0.2519974708557129,,,,1,4.571809549815953
2013-04-23,fold_3,Eurozone debt plateau,-0.001628904021345079,-1,-0.005145795177668333,-1,0.005145795177668333,0.2584400177001953,,,,1,51.45795177668333
2013-04-24,fold_3,Eurozone debt plateau,0.004485206212848425,1,0.0017703734338283539,1,0.0017703734338283539,0.26066792011260986,,,,1,17.70373433828354
2013-04-25,fold_3,Eurozone debt plateau,0.0012418088736012578,1,-0.0007805071654729545,-1,-0.0007805071654729545,0.2596839666366577,,,,0,-7.805071654729545
2013-04-26,fold_3,Eurozone debt plateau,0.003936835564672947,1,0.0027129673399031162,1,0.0027129673399031162,0.2631014585494995,,,,1,27.129673399031162
2013-04-30,fold_3,Eurozone debt plateau,0.005565095692873001,1,0.005530692171305418,1,0.005530692171305418,0.2700873613357544,,,,1,55.30692171305418
2013-05-01,fold_3,Eurozone debt plateau,0.0005395988700911403,1,0.0010545552941039205,1,0.0010545552941039205,0.2714266777038574,,,,1,10.545552941039205
2013-05-02,fold_3,Eurozone debt plateau,-0.0070961592718958855,-1,-0.00888423714786768,-1,0.00888423714786768,0.28272223472595215,,,,1,88.8423714786768
2013-05-07,fold_3,Eurozone debt plateau,0.001175401615910232,1,0.0005231635295785964,1,0.0005231635295785964,0.28339338302612305,,,,1,5.2316352957859635
2013-05-08,fold_3,Eurozone debt plateau,0.006273740436881781,1,0.00644897622987628,1,0.00644897622987628,0.29166996479034424,,,,1,64.4897622987628
2013-05-09,fold_3,Eurozone debt plateau,-0.008140246383845806,-1,-0.009645446203649044,-1,0.009645446203649044,0.3041287660598755,,,,1,96.45446203649044
2013-05-10,fold_3,Eurozone debt plateau,-0.004058695863932371,-1,-0.005302789621055126,-1,0.005302789621055126,0.3110443353652954,,,,1,53.02789621055126
2013-05-13,fold_3,Eurozone debt plateau,-0.0009651953005231917,-1,0.0017533899517729878,1,-0.0017533899517729878,0.3087456226348877,,,,0,-17.53389951772988
2013-05-14,fold_3,Eurozone debt plateau,-0.0037519915495067835,-1,-0.003920002840459347,-1,0.003920002840459347,0.31387579441070557,,,,1,39.20002840459347
2013-05-15,fold_3,Eurozone debt plateau,-0.005005232989788055,-1,-0.004225410986691713,-1,0.004225410986691713,0.31942737102508545,,,,1,42.25410986691713
2013-05-16,fold_3,Eurozone debt plateau,-0.00038759660674259067,-1,6.449774082284421e-05,1,-6.449774082284421e-05,0.3193422555923462,,,,0,-0.6449774082284421
2013-05-17,fold_3,Eurozone debt plateau,-0.006203506141901016,-1,-0.003696675878018141,-1,0.003696675878018141,0.3242194652557373,,,,1,36.96675878018141
2013-05-20,fold_3,Eurozone debt plateau,0.005068295635282993,1,0.004318435210734606,1,0.004318435210734606,0.32993805408477783,,,,1,43.18435210734606
2013-05-21,fold_3,Eurozone debt plateau,-0.0005641271127387881,-1,0.002170462626963854,1,-0.002170462626963854,0.3270515203475952,,,,0,-21.70462626963854
2013-05-22,fold_3,Eurozone debt plateau,-0.005433583166450262,-1,-0.005958682391792536,-1,0.005958682391792536,0.3349590301513672,,,,1,59.58682391792536
2013-05-23,fold_3,Eurozone debt plateau,0.005792027805000544,1,0.006462528370320797,1,0.006462528370320797,0.3435863256454468,,,,1,64.62528370320797
2013-05-24,fold_3,Eurozone debt plateau,0.001417019171640277,1,0.0009831828065216541,1,0.0009831828065216541,0.34490740299224854,,,,1,9.831828065216541
2013-05-28,fold_3,Eurozone debt plateau,-0.006118542514741421,-1,-0.006770005449652672,-1,0.006770005449652672,0.35401248931884766,,,,1,67.70005449652672
2013-05-29,fold_3,Eurozone debt plateau,0.005816586781293154,1,0.007898152805864811,1,0.007898152805864811,0.36470675468444824,,,,1,78.98152805864811
2013-05-30,fold_3,Eurozone debt plateau,0.007603625766932964,1,0.007421950809657574,1,0.007421950809657574,0.3748356103897095,,,,1,74.21950809657574
2013-05-31,fold_3,Eurozone debt plateau,-0.005137805361300707,-1,-0.0036389913875609636,-1,0.0036389913875609636,0.37983858585357666,,,,1,36.389913875609636
2013-06-03,fold_3,Eurozone debt plateau,0.008916167542338371,1,0.005882744211703539,1,0.005882744211703539,0.38795578479766846,,,,1,58.82744211703539
2013-06-04,fold_3,Eurozone debt plateau,-0.0014517236268147826,-1,3.9302009099628776e-05,1,-3.9302009099628776e-05,0.38790130615234375,,,,0,-0.39302009099628776
2013-06-05,fold_3,Eurozone debt plateau,0.0014343796065077186,1,0.0015187669778242707,1,0.0015187669778242707,0.39000916481018066,,,,1,15.187669778242707
2013-06-06,fold_3,Eurozone debt plateau,0.008678321726620197,1,0.011629591695964336,1,0.011629591695964336,0.4061744213104248,,,,1,116.29591695964336
2013-06-07,fold_3,Eurozone debt plateau,-0.0032913812901824713,-1,-0.0016265598824247718,-1,0.0016265598824247718,0.40846168994903564,,,,1,16.265598824247718
2013-06-10,fold_3,Eurozone debt plateau,0.00039263180224224925,1,0.0,1,0.0,0.40846168994903564,,,,0,0.0
2013-06-11,fold_3,Eurozone debt plateau,0.00590827502310276,1,0.0,1,0.0,0.40846168994903564,,,,0,0.0
2013-06-12,fold_3,Eurozone debt plateau,0.0003586022648960352,1,0.008737497963011265,1,0.008737497963011265,0.42076802253723145,,,,1,87.37497963011265
2013-06-13,fold_3,Eurozone debt plateau,0.00612656818702817,1,0.002125462982803583,1,0.002125462982803583,0.42378783226013184,,,,1,21.25462982803583
2013-06-14,fold_3,Eurozone debt plateau,-0.0024135957937687635,-1,-0.0014417035272344947,-1,0.0014417035272344947,0.42584049701690674,,,,1,14.417035272344947
2013-06-17,fold_3,Eurozone debt plateau,0.0019978052005171776,1,0.001082459231838584,1,0.001082459231838584,0.4273838996887207,,,,1,10.82459231838584
2013-06-18,fold_3,Eurozone debt plateau,0.00027156315627507865,1,0.0020085156429558992,1,0.0020085156429558992,0.430250883102417,,,,1,20.085156429558992
2013-06-19,fold_3,Eurozone debt plateau,-0.008468913845717907,-1,-0.007323887664824724,-1,0.007323887664824724,0.44072580337524414,,,,1,73.23887664824724
2013-06-20,fold_3,Eurozone debt plateau,-0.006299134343862534,-1,-0.004235328175127506,-1,0.004235328175127506,0.44682788848876953,,,,1,42.35328175127506
2013-06-21,fold_3,Eurozone debt plateau,-0.005701367277652025,-1,-0.009842113591730595,-1,0.009842113591730595,0.461067795753479,,,,1,98.42113591730595
2013-06-24,fold_3,Eurozone debt plateau,-0.0035182302817702293,-1,0.002061850391328335,1,-0.002061850391328335,0.4580552577972412,,,,0,-20.618503913283348
2013-06-25,fold_3,Eurozone debt plateau,-0.0021818852983415127,-1,-0.004002472851425409,-1,0.004002472851425409,0.46389102935791016,,,,1,40.02472851425409
2013-06-26,fold_3,Eurozone debt plateau,-0.003864519065245986,-1,-0.00507523724809289,-1,0.00507523724809289,0.47132062911987305,,,,1,50.7523724809289
2013-06-27,fold_3,Eurozone debt plateau,-0.0004971282905898988,-1,0.0017338114557787776,1,-0.0017338114557787776,0.46876955032348633,,,,0,-17.338114557787776
2015-04-15,fold_4,Strong USD downturn,0.0032913065515458584,1,0.0027866659220308065,1,0.0027866659220308065,0.0027866363525390625,,,,1,27.866659220308065
2015-04-16,fold_4,Strong USD downturn,0.011043078266084194,1,0.007378339767456055,1,0.007378339767456055,0.010185480117797852,,,,1,73.78339767456055
2015-04-17,fold_4,Strong USD downturn,-0.001072452636435628,-1,0.0050807795487344265,1,-0.0050807795487344265,0.005052924156188965,,,,0,-50.807795487344265
2015-04-20,fold_4,Strong USD downturn,-0.0053256964311003685,-1,-0.005803639534860849,-1,0.005803639534860849,0.010885834693908691,,,,1,58.036395348608494
2015-04-21,fold_4,Strong USD downturn,-0.0012293114559724927,-1,-0.0005370663129724562,-1,0.0005370663129724562,0.01142871379852295,,,,1,5.370663129724562
2015-04-22,fold_4,Strong USD downturn,-0.0013841107720509171,-1,-0.0014802230289205909,-1,0.0014802230289205909,0.012925863265991211,,,,1,14.802230289205909
2015-04-23,fold_4,Strong USD downturn,0.009904070757329464,1,0.008316786028444767,1,0.008316786028444767,0.02135014533996582,,,,1,83.16786028444767
2015-04-24,fold_4,Strong USD downturn,0.0045845601707696915,1,0.004988814238458872,1,0.004988814238458872,0.026445388793945312,,,,1,49.88814238458872
2015-04-27,fold_4,Strong USD downturn,-0.0003700421075336635,-1,0.0008267566445283592,1,-0.0008267566445283592,0.0255967378616333,,,,0,-8.267566445283592
2015-04-28,fold_4,Strong USD downturn,0.009161892347037792,1,0.0083804065361619,1,0.0083804065361619,0.03419160842895508,,,,1,83.804065361619
2015-04-30,fold_4,Strong USD downturn,0.001967049902305007,1,0.009027745574712753,1,0.009027745574712753,0.043527960777282715,,,,1,90.27745574712753
2015-05-01,fold_4,Strong USD downturn,-0.006572478450834751,-1,-0.002561562927439809,-1,0.002561562927439809,0.04620099067687988,,,,1,25.61562927439809
2015-05-07,fold_4,Strong USD downturn,-0.011542360298335552,-1,-0.008334004320204258,-1,0.008334004320204258,0.054920077323913574,,,,1,83.34004320204258
2015-05-08,fold_4,Strong USD downturn,-0.0011006880085915327,-1,-0.004701511934399605,-1,0.004701511934399605,0.05987977981567383,,,,1,47.01511934399605
2015-05-11,fold_4,Strong USD downturn,-0.0036418866366147995,-1,-0.0044355494901537895,-1,0.0044355494901537895,0.06458091735839844,,,,1,44.355494901537895
2015-05-12,fold_4,Strong USD downturn,0.0055549913085997105,1,0.006912466138601303,1,0.006912466138601303,0.07193982601165771,,,,1,69.12466138601303
2015-05-13,fold_4,Strong USD downturn,0.009804842062294483,1,0.011498061008751392,1,0.011498061008751392,0.08426511287689209,,,,1,114.98061008751392
2015-05-14,fold_4,Strong USD downturn,0.003629300743341446,1,0.0048014628700912,1,0.0048014628700912,0.08947122097015381,,,,1,48.014628700912
2015-05-15,fold_4,Strong USD downturn,0.00020430219592526555,1,0.0035136754158884287,1,0.0035136754158884287,0.0932992696762085,,,,1,35.13675415888429
2015-05-18,fold_4,Strong USD downturn,-0.008334115147590637,-1,-0.010386107489466667,-1,0.010386107489466667,0.10465443134307861,,,,1,103.86107489466667
2015-05-19,fold_4,Strong USD downturn,-0.009026139974594116,-1,-0.015850599855184555,-1,0.015850599855184555,0.12216377258300781,,,,1,158.50599855184555
2015-05-20,fold_4,Strong USD downturn,3.833242317341501e-06,1,-0.004118285607546568,-1,-0.004118285607546568,0.11754238605499268,,,,0,-41.18285607546568
2015-05-21,fold_4,Strong USD downturn,0.004876698367297649,1,0.001000001560896635,1,0.001000001560896635,0.11865997314453125,,,,1,10.00001560896635
2015-05-22,fold_4,Strong USD downturn,-0.00910219270735979,-1,-0.010696151293814182,-1,0.010696151293814182,0.13062536716461182,,,,1,106.96151293814182
2015-05-26,fold_4,Strong USD downturn,-0.006928793154656887,-1,-0.007502323482185602,-1,0.007502323482185602,0.13910770416259766,,,,1,75.02323482185602
2015-05-27,fold_4,Strong USD downturn,0.0002610261144582182,1,0.0010246067540720105,1,0.0010246067540720105,0.14027488231658936,,,,1,10.246067540720105
2015-05-28,fold_4,Strong USD downturn,0.003629647893831134,1,0.005534912459552288,1,0.005534912459552288,0.14658617973327637,,,,1,55.34912459552288
2015-05-29,fold_4,Strong USD downturn,-0.0006703714607283473,-1,-0.0002191598032368347,-1,0.0002191598032368347,0.14683735370635986,,,,1,2.191598032368347
2015-06-01,fold_4,Strong USD downturn,-0.001484369277022779,-1,-0.0031894471030682325,-1,0.0031894471030682325,0.15049517154693604,,,,1,31.894471030682325
2015-06-02,fold_4,Strong USD downturn,0.008450731635093689,1,0.020783551037311554,1,0.020783551037311554,0.1744065284729004,,,,1,207.83551037311554
2015-06-03,fold_4,Strong USD downturn,-0.0011374332243576646,-1,0.009670482017099857,1,-0.009670482017099857,0.16304945945739746,,,,0,-96.70482017099857
2015-06-04,fold_4,Strong USD downturn,-0.003020745934918523,-1,-0.004438275005668402,-1,0.004438275005668402,0.16821134090423584,,,,1,44.38275005668402
2015-06-05,fold_4,Strong USD downturn,-0.00793313980102539,-1,-0.008897615596652031,-1,0.008897615596652031,0.17860567569732666,,,,1,88.97615596652031
2015-06-08,fold_4,Strong USD downturn,0.007347878534346819,1,0.015556452795863152,1,0.015556452795863152,0.19694066047668457,,,,1,155.56452795863152
2015-06-09,fold_4,Strong USD downturn,-0.0001706792536424473,-1,0.0016044342191889882,1,-0.0016044342191889882,0.19502019882202148,,,,0,-16.044342191889882
2015-06-10,fold_4,Strong USD downturn,0.007255929987877607,1,0.0011425005504861474,1,0.0011425005504861474,0.19638550281524658,,,,1,11.425005504861474
2015-06-11,fold_4,Strong USD downturn,-0.003621754003688693,-1,-0.006306036841124296,-1,0.006306036841124296,0.20393002033233643,,,,1,63.06036841124296
2015-06-12,fold_4,Strong USD downturn,-7.336707494687289e-05,-1,-0.0018400050466880202,-1,0.0018400050466880202,0.2061452865600586,,,,1,18.400050466880202
2015-06-15,fold_4,Strong USD downturn,0.00017300817125942558,1,0.005085863173007965,1,0.005085863173007965,0.2122795581817627,,,,1,50.85863173007965
2015-06-16,fold_4,Strong USD downturn,0.0001236105599673465,1,-0.0031028008088469505,-1,-0.0031028008088469505,0.2085181474685669,,,,0,-31.028008088469505
2015-06-17,fold_4,Strong USD downturn,0.00849851779639721,1,0.011381383053958416,1,0.011381383053958416,0.22227275371551514,,,,1,113.81383053958416
2015-06-18,fold_4,Strong USD downturn,0.002683321014046669,1,6.814974767621607e-05,1,6.814974767621607e-05,0.22235608100891113,,,,1,0.6814974767621607
2015-06-19,fold_4,Strong USD downturn,-0.0018270864384248853,-1,0.0001934272440848872,1,-0.0001934272440848872,0.22211968898773193,,,,0,-1.934272440848872
2015-06-22,fold_4,Strong USD downturn,-0.001501245773397386,-1,-0.0020996162202209234,-1,0.0020996162202209234,0.2246856689453125,,,,1,20.996162202209234
2015-06-23,fold_4,Strong USD downturn,-0.0078023700043559074,-1,-0.01558514405041933,-1,0.01558514405041933,0.24377262592315674,,,,1,155.8514405041933
2015-06-24,fold_4,Strong USD downturn,0.0008882171823643148,1,0.0031154805328696966,1,0.0031154805328696966,0.24764764308929443,,,,1,31.154805328696966
2015-06-25,fold_4,Strong USD downturn,0.0002920165134128183,1,-0.0003584684163797647,-1,-0.0003584684163797647,0.2472003698348999,,,,0,-3.5846841637976468
2015-06-26,fold_4,Strong USD downturn,-0.0038055942859500647,-1,-0.02034766413271427,-1,0.02034766413271427,0.27257800102233887,,,,1,203.47664132714272
2015-06-29,fold_4,Strong USD downturn,0.008606323041021824,1,0.02259182743728161,1,0.02259182743728161,0.30132782459259033,,,,1,225.9182743728161
2015-06-30,fold_4,Strong USD downturn,-0.0068618603982031345,-1,-0.007839072495698929,-1,0.007839072495698929,0.3115290403366089,,,,1,78.39072495698929
2015-07-01,fold_4,Strong USD downturn,-0.007014675531536341,-1,-0.009102738462388515,-1,0.009102738462388515,0.323467493057251,,,,1,91.02738462388515
2015-07-02,fold_4,Strong USD downturn,0.0018023112788796425,1,0.004833896644413471,1,0.004833896644413471,0.32986509799957275,,,,1,48.33896644413471
2015-07-06,fold_4,Strong USD downturn,-0.0020775198936462402,-1,0.00490582687780261,1,-0.00490582687780261,0.3233410120010376,,,,0,-49.058268778026104
2015-07-07,fold_4,Strong USD downturn,-0.0027149179950356483,-1,-0.003534203628078103,-1,0.003534203628078103,0.3280179500579834,,,,1,35.34203628078103
2015-07-08,fold_4,Strong USD downturn,0.0033999222796410322,1,0.005546563304960728,1,0.005546563304960728,0.33538389205932617,,,,1,55.46563304960728
2015-07-09,fold_4,Strong USD downturn,-0.002255275147035718,-1,-0.0007190668839029968,-1,0.0007190668839029968,0.3363441228866577,,,,1,7.190668839029968
2015-07-10,fold_4,Strong USD downturn,0.006926252972334623,1,0.005965179298073053,1,0.005965179298073053,0.344315767288208,,,,1,59.651792980730534
2015-07-13,fold_4,Strong USD downturn,-0.009182019159197807,-1,-0.012452283874154091,-1,0.012452283874154091,0.36105549335479736,,,,1,124.52283874154091
2015-07-14,fold_4,Strong USD downturn,0.0020489247981458902,1,0.0015961879398673773,1,0.0015961879398673773,0.36322808265686035,,,,1,15.961879398673773
2015-07-15,fold_4,Strong USD downturn,-0.004369232803583145,-1,-0.005854768678545952,-1,0.005854768678545952,0.37120938301086426,,,,1,58.54768678545952
2015-07-16,fold_4,Strong USD downturn,-0.005138059612363577,-1,-0.005257993470877409,-1,0.005257993470877409,0.3784191608428955,,,,1,52.57993470877409
2015-07-17,fold_4,Strong USD downturn,0.00027663534274324775,1,-0.005122730508446693,-1,-0.005122730508446693,0.37135791778564453,,,,0,-51.227305084466934
2015-07-21,fold_4,Strong USD downturn,0.007880567573010921,1,0.00964904110878706,1,0.00964904110878706,0.38459014892578125,,,,1,96.4904110878706
2015-07-22,fold_4,Strong USD downturn,-0.0036575773265212774,-1,-0.0011801107320934534,-1,0.0011801107320934534,0.38622403144836426,,,,1,11.801107320934534
2015-07-23,fold_4,Strong USD downturn,0.003240659600123763,1,0.005670242477208376,1,0.005670242477208376,0.39408421516418457,,,,1,56.70242477208376
2015-07-24,fold_4,Strong USD downturn,-0.0028725399170070887,-1,-0.0015141702024266124,-1,0.0015141702024266124,0.3961951732635498,,,,1,15.141702024266124
2015-07-27,fold_4,Strong USD downturn,0.008466189727187157,1,0.010724127292633057,1,0.010724127292633057,0.41116809844970703,,,,1,107.24127292633057
2015-07-28,fold_4,Strong USD downturn,-0.002852977951988578,-1,-0.0021689776331186295,-1,0.0021689776331186295,0.4142289161682129,,,,1,21.689776331186295
2015-07-29,fold_4,Strong USD downturn,-0.0019397822907194495,-1,-0.007403244264423847,-1,0.007403244264423847,0.4246988296508789,,,,1,74.03244264423847
2015-07-30,fold_4,Strong USD downturn,-0.005029225256294012,-1,-0.004080268554389477,-1,0.004080268554389477,0.43051207065582275,,,,1,40.80268554389477
2015-07-31,fold_4,Strong USD downturn,0.002272241283208132,1,0.0027202083729207516,1,0.0027202083729207516,0.4344034194946289,,,,1,27.202083729207516
2015-08-03,fold_4,Strong USD downturn,-0.0012811479391530156,-1,-0.0011831811862066388,-1,0.0011831811862066388,0.43610048294067383,,,,1,11.831811862066388
2015-08-04,fold_4,Strong USD downturn,-0.0038645295426249504,-1,-0.006119636818766594,-1,0.006119636818766594,0.4448888301849365,,,,1,61.19636818766594
2015-08-05,fold_4,Strong USD downturn,0.0015150198014453053,1,0.0012975219869986176,1,0.0012975219869986176,0.4467635154724121,,,,1,12.975219869986176
2015-08-06,fold_4,Strong USD downturn,0.00029924511909484863,1,0.0021963249891996384,1,0.0021963249891996384,0.4499410390853882,,,,1,21.963249891996384
2015-08-07,fold_4,Strong USD downturn,0.0031757219694554806,1,0.0034758939873427153,1,0.0034758939873427153,0.45498085021972656,,,,1,34.75893987342715
2015-08-10,fold_4,Strong USD downturn,0.0026026952546089888,1,0.004737264011055231,1,0.004737264011055231,0.4618734121322632,,,,1,47.37264011055231
2015-08-11,fold_4,Strong USD downturn,-0.0028468137606978416,-1,0.0022746871691197157,1,-0.0022746871691197157,0.45854806900024414,,,,0,-22.746871691197157
2015-08-12,fold_4,Strong USD downturn,0.009227974340319633,1,0.010770364664494991,1,0.010770364664494991,0.47425711154937744,,,,1,107.70364664494991
2015-08-13,fold_4,Strong USD downturn,-0.0016243612626567483,-1,0.0,1,-0.0,0.47425711154937744,,,,0,-0.0
2015-08-14,fold_4,Strong USD downturn,-0.0009075357811525464,-1,-0.0060900431126356125,-1,0.0060900431126356125,0.48323535919189453,,,,1,60.900431126356125
2015-08-17,fold_4,Strong USD downturn,-0.001314868568442762,-1,-0.0013515696628019214,-1,0.0013515696628019214,0.48524010181427,,,,1,13.515696628019214
2015-08-18,fold_4,Strong USD downturn,-0.0009629736305214465,-1,-0.004257874097675085,-1,0.004257874097675085,0.49156415462493896,,,,1,42.57874097675085
2015-08-19,fold_4,Strong USD downturn,0.0046859928406775,1,0.00790493655949831,1,0.00790493655949831,0.5033547878265381,,,,1,79.0493655949831
2015-08-20,fold_4,Strong USD downturn,0.006407997105270624,1,0.010697606019675732,1,0.010697606019675732,0.5194370746612549,,,,1,106.97606019675732
2015-08-21,fold_4,Strong USD downturn,0.008341580629348755,1,0.012457658536732197,1,0.012457658536732197,0.5383656024932861,,,,1,124.57658536732197
2015-08-24,fold_4,Strong USD downturn,0.004891939926892519,1,0.018115969374775887,1,0.018115969374775887,0.5662345886230469,,,,1,181.15969374775887
2015-08-25,fold_4,Strong USD downturn,-0.006815025582909584,-1,-0.00277227396145463,-1,0.00277227396145463,0.5705766677856445,,,,1,27.7227396145463
2015-08-26,fold_4,Strong USD downturn,-0.0069508240558207035,-1,-0.018257446587085724,-1,0.018257446587085724,0.5992515087127686,,,,1,182.57446587085724
2015-08-27,fold_4,Strong USD downturn,-0.010527464561164379,-1,-0.008121015504002571,-1,0.008121015504002571,0.6122390031814575,,,,1,81.21015504002571
2015-08-28,fold_4,Strong USD downturn,-0.0060327560640871525,-1,-0.0030165945645421743,-1,0.0030165945645421743,0.6171025037765503,,,,1,30.165945645421743
2015-08-31,fold_4,Strong USD downturn,0.00018439626728650182,1,0.001055276719853282,1,0.001055276719853282,0.6188089847564697,,,,1,10.55276719853282
2015-09-01,fold_4,Strong USD downturn,0.005331539083272219,1,0.006019366439431906,1,0.006019366439431906,0.6285531520843506,,,,1,60.19366439431906
2015-09-02,fold_4,Strong USD downturn,-0.0033049702178686857,-1,-0.006853028200566769,-1,0.006853028200566769,0.6397136449813843,,,,1,68.53028200566769
2015-09-03,fold_4,Strong USD downturn,-0.005406880751252174,-1,-0.008032885380089283,-1,0.008032885380089283,0.6528853178024292,,,,1,80.32885380089283
2015-09-04,fold_4,Strong USD downturn,0.0008676626021042466,1,0.002341874875128269,1,0.002341874875128269,0.6567561626434326,,,,1,23.418748751282692
2015-09-08,fold_4,Strong USD downturn,0.0031300627160817385,1,0.0038888398557901382,1,0.0038888398557901382,0.6631990671157837,,,,1,38.88839855790138
2015-09-09,fold_4,Strong USD downturn,-0.0014858781360089779,-1,0.0011893943883478642,1,-0.0011893943883478642,0.6612207889556885,,,,0,-11.893943883478642
2015-09-10,fold_4,Strong USD downturn,0.0040836944244802,1,0.006255229003727436,1,0.006255229003727436,0.6716121435165405,,,,1,62.55229003727436
2015-09-11,fold_4,Strong USD downturn,0.0014567907201126218,1,0.004707816056907177,1,0.004707816056907177,0.6794817447662354,,,,1,47.07816056907177
2015-09-14,fold_4,Strong USD downturn,-0.0026441924273967743,-1,-0.003211408853530884,-1,0.003211408853530884,0.6848752498626709,,,,1,32.11408853530884
2015-09-15,fold_4,Strong USD downturn,-0.0007967790006659925,-1,-0.0031674618367105722,-1,0.0031674618367105722,0.6902121305465698,,,,1,31.674618367105722
2015-09-16,fold_4,Strong USD downturn,0.0019387512002140284,1,0.0017954690847545862,1,0.0017954690847545862,0.6932467222213745,,,,1,17.954690847545862
2015-09-17,fold_4,Strong USD downturn,0.008136296644806862,1,0.00964523945003748,1,0.00964523945003748,0.7095785140991211,,,,1,96.4523945003748
2015-09-18,fold_4,Strong USD downturn,-0.0038529641460627317,-1,-0.009553097188472748,-1,0.009553097188472748,0.7259101867675781,,,,1,95.53097188472748
2015-09-24,fold_4,Strong USD downturn,-0.0007456582970917225,-1,-0.0009837218094617128,-1,0.0009837218094617128,0.7276079654693604,,,,1,9.837218094617128
2015-09-25,fold_4,Strong USD downturn,-0.0024793241173028946,-1,0.0020386953838169575,1,-0.0020386953838169575,0.724085807800293,,,,0,-20.386953838169575
2015-09-28,fold_4,Strong USD downturn,0.0014045783318579197,1,0.0026168806944042444,1,0.0026168806944042444,0.7285975217819214,,,,1,26.168806944042444
2015-09-29,fold_4,Strong USD downturn,0.002009768271818757,1,0.002217428293079138,1,0.002217428293079138,0.7324305772781372,,,,1,22.174282930791378
2015-09-30,fold_4,Strong USD downturn,-0.004482752177864313,-1,-0.007451786659657955,-1,0.007451786659657955,0.7453402280807495,,,,1,74.51786659657955
2015-10-01,fold_4,Strong USD downturn,0.003146184142678976,1,0.0019140391377732158,1,0.0019140391377732158,0.748680830001831,,,,1,19.140391377732158
2015-10-02,fold_4,Strong USD downturn,0.0025639967061579227,1,0.002997632836923003,1,0.002997632836923003,0.753922700881958,,,,1,29.976328369230032
2015-10-05,fold_4,Strong USD downturn,-0.001903689350001514,-1,-0.0028323756996542215,-1,0.0028323756996542215,0.7588905096054077,,,,1,28.323756996542215
2015-10-06,fold_4,Strong USD downturn,0.005955464672297239,1,0.006501608993858099,1,0.006501608993858099,0.7703260183334351,,,,1,65.01608993858099
2015-10-07,fold_4,Strong USD downturn,0.00027469187625683844,1,-0.0024840589612722397,-1,-0.0024840589612722397,0.7659283876419067,,,,0,-24.840589612722397
2015-10-08,fold_4,Strong USD downturn,0.003158718114718795,1,0.004176144953817129,1,0.004176144953817129,0.7733031511306763,,,,1,41.76144953817129
2015-10-09,fold_4,Strong USD downturn,0.00441852817311883,1,0.007356438785791397,1,0.007356438785791397,0.7863483428955078,,,,1,73.56438785791397
2015-10-13,fold_4,Strong USD downturn,0.0018775208154693246,1,0.0025958227925002575,1,0.0025958227925002575,0.7909853458404541,,,,1,25.958227925002575
2015-10-14,fold_4,Strong USD downturn,0.009468786418437958,1,0.007952532730996609,1,0.007952532730996609,0.8052282333374023,,,,1,79.52532730996609
2015-10-15,fold_4,Strong USD downturn,-0.005097145680338144,-1,-0.009355970658361912,-1,0.009355970658361912,0.8221180438995361,,,,1,93.55970658361912
2015-10-16,fold_4,Strong USD downturn,-0.00016891979612410069,-1,-0.0006248753634281456,-1,0.0006248753634281456,0.8232567310333252,,,,1,6.2487536342814565
2015-10-19,fold_4,Strong USD downturn,-0.004308381117880344,-1,-0.002820884808897972,-1,0.002820884808897972,0.8283998966217041,,,,1,28.20884808897972
2015-10-20,fold_4,Strong USD downturn,0.0017449836013838649,1,0.002202671719714999,1,0.002202671719714999,0.8324271440505981,,,,1,22.026717197149992
2015-10-21,fold_4,Strong USD downturn,-0.0016701037529855967,-1,-0.0005220280727371573,-1,0.0005220280727371573,0.8333836793899536,,,,1,5.2202807273715734
2015-10-22,fold_4,Strong USD downturn,-0.009312793612480164,-1,-0.023535992950201035,-1,0.023535992950201035,0.876534104347229,,,,1,235.35992950201035
2015-10-23,fold_4,Strong USD downturn,-0.008598740212619305,-1,-0.005466054193675518,-1,0.005466054193675518,0.886791467666626,,,,1,54.66054193675518
2015-10-26,fold_4,Strong USD downturn,0.001999293453991413,1,0.004138649441301823,1,0.004138649441301823,0.8946003913879395,,,,1,41.38649441301823
2015-10-27,fold_4,Strong USD downturn,-0.00021251944417599589,-1,-0.002615799428895116,-1,0.002615799428895116,0.8995562791824341,,,,1,26.15799428895116
2015-10-28,fold_4,Strong USD downturn,-0.004839621018618345,-1,-0.00979236513376236,-1,0.00979236513376236,0.9181573390960693,,,,1,97.9236513376236
2015-10-29,fold_4,Strong USD downturn,0.006218726746737957,1,0.005936706904321909,1,0.005936706904321909,0.9295449256896973,,,,1,59.36706904321909
2015-10-30,fold_4,Strong USD downturn,0.002149424748495221,1,0.0029219379648566246,1,0.0029219379648566246,0.9351829290390015,,,,1,29.219379648566246
2015-11-02,fold_4,Strong USD downturn,-0.00017424850375391543,-1,-0.0009033163660205901,-1,0.0009033163660205901,0.9369311332702637,,,,1,9.0331636602059
2015-11-04,fold_4,Strong USD downturn,-0.007215520367026329,-1,-0.008748723194003105,-1,0.008748723194003105,0.9538768529891968,,,,1,87.48723194003105
2015-11-05,fold_4,Strong USD downturn,0.001387669239193201,1,0.0014692713739350438,1,0.0014692713739350438,0.9567476511001587,,,,1,14.692713739350438
2015-11-06,fold_4,Strong USD downturn,-0.008058545179665089,-1,-0.013835355639457703,-1,0.013835355639457703,0.983819842338562,,,,1,138.35355639457703
2015-11-09,fold_4,Strong USD downturn,-0.00010592571925371885,-1,0.0024317402858287096,1,-0.0024317402858287096,0.978995680809021,,,,0,-24.317402858287096
2015-11-10,fold_4,Strong USD downturn,-0.0021931978408247232,-1,-0.002040166174992919,-1,0.002040166174992919,0.9830331802368164,,,,1,20.40166174992919
2015-11-11,fold_4,Strong USD downturn,0.003525148844346404,1,0.0023678515572100878,1,0.0023678515572100878,0.9877287149429321,,,,1,23.678515572100878
2015-11-12,fold_4,Strong USD downturn,0.0022049555554986,1,0.004834278021007776,1,0.004834278021007776,0.9973379373550415,,,,1,48.34278021007776
2015-11-13,fold_4,Strong USD downturn,-0.004471370484679937,-1,-0.01063578575849533,-1,0.01063578575849533,1.0185811519622803,,,,1,106.35785758495331
2015-11-16,fold_4,Strong USD downturn,-0.0018605153309181333,-1,-0.0011222391622141004,-1,0.0011222391622141004,1.0208463668823242,,,,1,11.222391622141004
2015-11-17,fold_4,Strong USD downturn,-0.0008472024346701801,-1,-0.004129724111407995,-1,0.004129724111407995,1.0291919708251953,,,,1,41.29724111407995
2015-11-18,fold_4,Strong USD downturn,0.0019249923061579466,1,0.0024539949372410774,1,0.0024539949372410774,1.0341715812683105,,,,1,24.539949372410774
2015-11-19,fold_4,Strong USD downturn,0.0053841713815927505,1,0.005266564432531595,1,0.005266564432531595,1.0448846817016602,,,,1,52.66564432531595
2015-11-20,fold_4,Strong USD downturn,-0.004627776797860861,-1,-0.007938201539218426,-1,0.007938201539218426,1.061117172241211,,,,1,79.38201539218426
2015-11-24,fold_4,Strong USD downturn,0.0021975268609821796,1,0.00017037845100276172,1,0.00017037845100276172,1.0614683628082275,,,,1,1.7037845100276172
2015-11-25,fold_4,Strong USD downturn,-0.003089477540925145,-1,-0.0017743892967700958,-1,0.0017743892967700958,1.0651261806488037,,,,1,17.74389296770096
2015-11-27,fold_4,Strong USD downturn,-0.001481293817050755,-1,-0.002021322725340724,-1,0.002021322725340724,1.0693004131317139,,,,1,20.21322725340724
2015-11-30,fold_4,Strong USD downturn,-0.0021268357522785664,-1,-0.0009516000864095986,-1,0.0009516000864095986,1.0712697505950928,,,,1,9.516000864095986
2015-12-01,fold_4,Strong USD downturn,0.0034101377241313457,1,0.0050048306584358215,1,0.0050048306584358215,1.0816361904144287,,,,1,50.048306584358215
2015-12-02,fold_4,Strong USD downturn,-0.0027417975943535566,-1,-0.0012098338920623064,-1,0.0012098338920623064,1.0841546058654785,,,,1,12.098338920623064
2015-12-03,fold_4,Strong USD downturn,0.005582084879279137,1,0.02854517288506031,1,0.02854517288506031,1.1436471939086914,,,,1,285.4517288506031
2015-12-04,fold_4,Strong USD downturn,-0.01139175146818161,-1,-0.0029278246220201254,-1,0.0029278246220201254,1.149923324584961,,,,1,29.278246220201254
2015-12-07,fold_4,Strong USD downturn,-0.004238287452608347,-1,-0.004593567457050085,-1,0.004593567457050085,1.159799337387085,,,,1,45.93567457050085
2015-12-08,fold_4,Strong USD downturn,0.0004123539256397635,1,0.005534087773412466,1,0.005534087773412466,1.1717517375946045,,,,1,55.34087773412466
2015-12-09,fold_4,Strong USD downturn,0.006332479417324066,1,0.011381609365344048,1,0.011381609365344048,1.196469783782959,,,,1,113.81609365344048
2015-12-10,fold_4,Strong USD downturn,-0.0047208815813064575,-1,-0.006338960491120815,-1,0.006338960491120815,1.2103931903839111,,,,1,63.38960491120815
2015-12-11,fold_4,Strong USD downturn,0.0008698357851244509,1,0.0032732149120420218,1,0.0032732149120420218,1.2176282405853271,,,,1,32.73214912042022
2015-12-14,fold_4,Strong USD downturn,-0.0013801701134070754,-1,0.0008245063363574445,1,-0.0008245063363574445,1.2157998085021973,,,,0,-8.245063363574445
2015-12-15,fold_4,Strong USD downturn,-0.0066201877780258656,-1,-0.005162013694643974,-1,0.005162013694643974,1.2272377014160156,,,,1,51.62013694643974
2015-12-16,fold_4,Strong USD downturn,0.002496341010555625,1,-0.005643780343234539,-1,-0.005643780343234539,1.214667558670044,,,,0,-56.43780343234539
2015-12-17,fold_4,Strong USD downturn,-0.005670640617609024,-1,-0.002797894412651658,-1,0.002797894412651658,1.2208638191223145,,,,1,27.97894412651658
2015-12-18,fold_4,Strong USD downturn,0.002890856470912695,1,0.0023806451354175806,1,0.0023806451354175806,1.2261507511138916,,,,1,23.806451354175806
2015-12-21,fold_4,Strong USD downturn,0.003748539602383971,1,0.003961352631449699,1,0.003961352631449699,1.234969139099121,,,,1,39.613526314496994
2015-12-22,fold_4,Strong USD downturn,0.002558168489485979,1,0.003394516184926033,1,0.003394516184926033,1.2425556182861328,,,,1,33.94516184926033
2015-12-24,fold_4,Strong USD downturn,0.002391393296420574,1,0.00557277537882328,1,0.00557277537882328,1.2550528049468994,,,,1,55.7277537882328
2015-12-28,fold_4,Strong USD downturn,0.001236855168826878,1,0.0008450971217826009,1,0.0008450971217826009,1.2569584846496582,,,,1,8.450971217826009
2015-12-29,fold_4,Strong USD downturn,-0.0007747192867100239,-1,-0.004305660724639893,-1,0.004305660724639893,1.2666759490966797,,,,1,43.056607246398926
2019-01-18,fold_5,Low-vol plateau,-0.003141574328765273,-1,-0.002375367796048522,-1,0.002375367796048522,0.002375364303588867,,,,1,23.75367796048522
2019-01-22,fold_5,Low-vol plateau,0.00018898575217463076,1,-0.0004659610567614436,-1,-0.0004659610567614436,0.0019083023071289062,,,,0,-4.659610567614436
2019-01-23,fold_5,Low-vol plateau,0.0022018002346158028,1,0.002129587111994624,1,0.002129587111994624,0.004041910171508789,,,,1,21.29587111994624
2019-01-24,fold_5,Low-vol plateau,-0.004913403652608395,-1,-0.006561825051903725,-1,0.006561825051903725,0.010630249977111816,,,,1,65.61825051903725
2019-01-25,fold_5,Low-vol plateau,0.00783860869705677,1,0.0087994784116745,1,0.0087994784116745,0.019523262977600098,,,,1,87.994784116745
2019-01-28,fold_5,Low-vol plateau,0.0001312888925895095,1,0.0014859054936096072,1,0.0014859054936096072,0.021038174629211426,,,,1,14.859054936096072
2019-01-29,fold_5,Low-vol plateau,-0.0011895502684637904,-1,0.0004688061017077416,1,-0.0004688061017077416,0.02055954933166504,,,,0,-4.688061017077416
2019-01-30,fold_5,Low-vol plateau,0.005137124098837376,1,0.004572131671011448,1,0.004572131671011448,0.02522575855255127,,,,1,45.72131671011448
2019-01-31,fold_5,Low-vol plateau,-0.0024229628033936024,-1,-0.0033203826751559973,-1,0.0033203826751559973,0.02862989902496338,,,,1,33.20382675155997
2019-02-01,fold_5,Low-vol plateau,0.0001834138238336891,1,0.0005040323012508452,1,0.0005040323012508452,0.029148340225219727,,,,1,5.040323012508452
2019-02-04,fold_5,Low-vol plateau,-0.0036592844408005476,-1,-0.0016581708332523704,-1,0.0016581708332523704,0.03085482120513916,,,,1,16.581708332523704
2019-02-05,fold_5,Low-vol plateau,-0.0023440762888640165,-1,-0.002304801717400551,-1,0.002304801717400551,0.03323078155517578,,,,1,23.04801717400551
2019-02-06,fold_5,Low-vol plateau,-0.003324272111058235,-1,-0.003853170434013009,-1,0.003853170434013009,0.03721201419830322,,,,1,38.53170434013009
2019-02-07,fold_5,Low-vol plateau,-0.0010820255847647786,-1,-0.002392479684203863,-1,0.002392479684203863,0.039693593978881836,,,,1,23.92479684203863
2019-02-08,fold_5,Low-vol plateau,-0.0009168431279249489,-1,-0.0012795890215784311,-1,0.0012795890215784311,0.041023969650268555,,,,1,12.795890215784311
2019-02-12,fold_5,Low-vol plateau,0.003509849775582552,1,0.004930588882416487,1,0.004930588882416487,0.046156883239746094,,,,1,49.30588882416487
2019-02-13,fold_5,Low-vol plateau,-0.005243095103651285,-1,-0.006150586996227503,-1,0.006150586996227503,0.05259132385253906,,,,1,61.50586996227503
2019-02-14,fold_5,Low-vol plateau,0.002454751404002309,1,0.0026995516382157803,1,0.0026995516382157803,0.055432796478271484,,,,1,26.995516382157803
2019-02-15,fold_5,Low-vol plateau,0.0006191448774188757,1,0.0002372502494836226,1,0.0002372502494836226,0.055683135986328125,,,,1,2.372502494836226
2019-02-19,fold_5,Low-vol plateau,0.004090393893420696,1,0.002744921250268817,1,0.002744921250268817,0.058580875396728516,,,,1,27.44921250268817
2019-02-20,fold_5,Low-vol plateau,0.0008168707136064768,1,0.0002950014313682914,1,0.0002950014313682914,0.05889320373535156,,,,1,2.950014313682914
2019-02-21,fold_5,Low-vol plateau,-0.001132660428993404,-1,-0.0002949144400190562,-1,0.0002949144400190562,0.05920553207397461,,,,1,2.949144400190562
2019-02-22,fold_5,Low-vol plateau,0.001528050983324647,1,-6.799641414545476e-05,-1,-6.799641414545476e-05,0.05913352966308594,,,,0,-0.6799641414545476
2019-02-25,fold_5,Low-vol plateau,0.0018477492267265916,1,0.0022280586417764425,1,0.0022280586417764425,0.06149327754974365,,,,1,22.280586417764425
2019-02-26,fold_5,Low-vol plateau,0.004110813606530428,1,0.0022558243945240974,1,0.0022558243945240974,0.0638878345489502,,,,1,22.558243945240974
2019-02-27,fold_5,Low-vol plateau,-0.0010413798736408353,-1,-0.001137981773354113,-1,0.001137981773354113,0.06509852409362793,,,,1,11.379817733541131
2019-02-28,fold_5,Low-vol plateau,-0.0008582202717661858,-1,-0.000591427437029779,-1,0.000591427437029779,0.06572842597961426,,,,1,5.91427437029779
2019-03-01,fold_5,Low-vol plateau,-0.00336266215890646,-1,0.00021612558339256793,1,-0.00021612558339256793,0.06549811363220215,,,,0,-2.1612558339256793
2019-03-04,fold_5,Low-vol plateau,-0.0011413913452997804,-1,-0.0033898816909641027,-1,0.0033898816909641027,0.06911003589630127,,,,1,33.89881690964103
2019-03-05,fold_5,Low-vol plateau,-0.0006129914545454085,-1,-0.0026684298645704985,-1,0.0026684298645704985,0.07196283340454102,,,,1,26.684298645704985
2019-03-06,fold_5,Low-vol plateau,-0.0003716750943567604,-1,0.0006109592504799366,1,-0.0006109592504799366,0.07130789756774902,,,,0,-6.109592504799366
2019-03-07,fold_5,Low-vol plateau,-0.007522976491600275,-1,-0.010224131867289543,-1,0.010224131867289543,0.0822610855102539,,,,1,102.24131867289543
2019-03-08,fold_5,Low-vol plateau,0.0037079029716551304,1,0.0030440150294452906,1,0.0030440150294452906,0.0855555534362793,,,,1,30.440150294452906
2019-03-11,fold_5,Low-vol plateau,0.0015347012085840106,1,0.00238696183077991,1,0.00238696183077991,0.08814668655395508,,,,1,23.8696183077991
2019-03-12,fold_5,Low-vol plateau,0.0026044901460409164,1,0.0025057890452444553,1,0.0025057890452444553,0.0908733606338501,,,,1,25.057890452444553
2019-03-13,fold_5,Low-vol plateau,0.00254768505692482,1,0.0038639309350401163,1,0.0038639309350401163,0.09508836269378662,,,,1,38.63930935040116
2019-03-14,fold_5,Low-vol plateau,-0.0027608165983110666,-1,-0.002001645043492317,-1,0.002001645043492317,0.09728038311004639,,,,1,20.016450434923172
2019-03-15,fold_5,Low-vol plateau,0.002369615714997053,1,0.0010074680903926492,1,0.0010074680903926492,0.09838581085205078,,,,1,10.074680903926492
2019-03-18,fold_5,Low-vol plateau,0.0014040737878531218,1,0.0014510758919641376,1,0.0014510758919641376,0.09997975826263428,,,,1,14.510758919641376
2019-03-19,fold_5,Low-vol plateau,0.002095423638820648,1,0.001646355027332902,1,0.001646355027332902,0.10179078578948975,,,,1,16.46355027332902
2019-03-20,fold_5,Low-vol plateau,0.0054367417469620705,1,0.006434020586311817,1,0.006434020586311817,0.1088796854019165,,,,1,64.34020586311817
2019-03-22,fold_5,Low-vol plateau,-0.000643723935354501,-1,-0.0069582522846758366,-1,0.0069582522846758366,0.11659550666809082,,,,1,69.58252284675837
2019-03-25,fold_5,Low-vol plateau,-9.90678381640464e-05,-1,0.0017652605893090367,1,-0.0017652605893090367,0.11462438106536865,,,,0,-17.652605893090367
2019-03-26,fold_5,Low-vol plateau,-0.00106268678791821,-1,-0.003619218012318015,-1,0.003619218012318015,0.11865842342376709,,,,1,36.19218012318015
2019-03-27,fold_5,Low-vol plateau,-0.0002093204384436831,-1,-0.0020477843936532736,-1,0.0020477843936532736,0.1209491491317749,,,,1,20.477843936532736
2019-03-28,fold_5,Low-vol plateau,-0.0036297410260885954,-1,-0.0019316303078085184,-1,0.0019316303078085184,0.12311446666717529,,,,1,19.316303078085184
2019-03-29,fold_5,Low-vol plateau,-0.0001821803452912718,-1,-0.0005498689133673906,-1,0.0005498689133673906,0.12373208999633789,,,,1,5.498689133673906
2019-04-01,fold_5,Low-vol plateau,0.0006204605451785028,1,-0.0016136592021211982,-1,-0.0016136592021211982,0.12191879749298096,,,,0,-16.13659202121198
2019-04-02,fold_5,Low-vol plateau,-0.0011224631452932954,-1,-0.0001680841378401965,-1,0.0001680841378401965,0.12210738658905029,,,,1,1.680841378401965
2019-04-03,fold_5,Low-vol plateau,0.0030936517287045717,1,0.003846475388854742,1,0.003846475388854742,0.12642359733581543,,,,1,38.46475388854742
2019-04-04,fold_5,Low-vol plateau,-0.0027034480590373278,-1,-0.0018746902933344245,-1,0.0018746902933344245,0.12853527069091797,,,,1,18.746902933344245
2019-04-05,fold_5,Low-vol plateau,-0.0002816252235788852,-1,-0.0005610103835351765,-1,0.0005610103835351765,0.12916839122772217,,,,1,5.610103835351765
2019-04-08,fold_5,Low-vol plateau,0.0031094704754650593,1,0.003286882070824504,1,0.003286882070824504,0.13287973403930664,,,,1,32.86882070824504
2019-04-09,fold_5,Low-vol plateau,9.713245526654646e-05,1,0.000935124815441668,1,0.000935124815441668,0.13393902778625488,,,,1,9.35124815441668
2019-04-10,fold_5,Low-vol plateau,0.0014485473511740565,1,0.0008457988151349127,1,0.0008457988151349127,0.13489806652069092,,,,1,8.457988151349127
2019-04-11,fold_5,Low-vol plateau,-0.00212571257725358,-1,-0.0013963867677375674,-1,0.0013963867677375674,0.136482834815979,,,,1,13.963867677375674
2019-04-12,fold_5,Low-vol plateau,0.002350999740883708,1,0.003934172447770834,1,0.003934172447770834,0.1409538984298706,,,,1,39.34172447770834
2019-04-15,fold_5,Low-vol plateau,0.00024136672436725348,1,-1.1282911145826802e-05,-1,-1.1282911145826802e-05,0.14094102382659912,,,,0,-0.11282911145826802
2019-04-16,fold_5,Low-vol plateau,-0.00047991154133342206,-1,-0.001760470331646502,-1,0.001760470331646502,0.14294958114624023,,,,1,17.60470331646502
2019-04-17,fold_5,Low-vol plateau,0.001434311387129128,1,0.0010732508962973952,1,0.0010732508962973952,0.14417624473571777,,,,1,10.732508962973952
2019-04-18,fold_5,Low-vol plateau,-0.004042498767375946,-1,-0.005415794439613819,-1,0.005415794439613819,0.15037286281585693,,,,1,54.15794439613819
2019-04-22,fold_5,Low-vol plateau,0.001730332151055336,1,0.0012835260713472962,1,0.0012835260713472962,0.1518493890762329,,,,1,12.835260713472962
2019-04-23,fold_5,Low-vol plateau,-0.0034595895558595657,-1,-0.0030754762701690197,-1,0.0030754762701690197,0.15539193153381348,,,,1,30.754762701690197
2019-04-24,fold_5,Low-vol plateau,-0.0054022748954594135,-1,-0.006312881130725145,-1,0.006312881130725145,0.16268575191497803,,,,1,63.12881130725145
2019-04-25,fold_5,Low-vol plateau,3.6170378734823316e-05,1,-0.0014923748094588518,-1,-0.0014923748094588518,0.16095054149627686,,,,0,-14.923748094588518
2019-04-26,fold_5,Low-vol plateau,0.002083866624161601,1,0.0012043117312714458,1,0.0012043117312714458,0.16234862804412842,,,,1,12.043117312714458
2019-05-07,fold_5,Low-vol plateau,-0.0015150365652516484,-1,-0.0009624563390389085,-1,0.0009624563390389085,0.1634674072265625,,,,1,9.624563390389085
2019-05-08,fold_5,Low-vol plateau,0.0005921038682572544,1,0.0006494636763818562,1,0.0006494636763818562,0.1642230749130249,,,,1,6.494636763818562
2019-05-09,fold_5,Low-vol plateau,0.0034445668570697308,1,0.0021209637634456158,1,0.0021209637634456158,0.16669237613677979,,,,1,21.209637634456158
2019-05-10,fold_5,Low-vol plateau,0.00022349017672240734,1,0.0012809962499886751,1,0.0012809962499886751,0.16818690299987793,,,,1,12.809962499886751
2019-05-13,fold_5,Low-vol plateau,-0.000490110251121223,-1,-0.00034819229040294886,-1,0.00034819229040294886,0.1685936450958252,,,,1,3.4819229040294886
2019-05-14,fold_5,Low-vol plateau,-0.001390509307384491,-1,-0.002498582238331437,-1,0.002498582238331437,0.17151355743408203,,,,1,24.98582238331437
2019-05-15,fold_5,Low-vol plateau,-0.00040086082299239933,-1,0.0002465155557729304,1,-0.0002465155557729304,0.1712247133255005,,,,0,-2.465155557729304
2019-05-16,fold_5,Low-vol plateau,-0.003336517373099923,-1,-0.00300564244389534,-1,0.00300564244389534,0.17474496364593506,,,,1,30.0564244389534
2019-05-17,fold_5,Low-vol plateau,-0.0014293482527136803,-1,-0.0007370057865045965,-1,0.0007370057865045965,0.17561066150665283,,,,1,7.370057865045965
2019-05-20,fold_5,Low-vol plateau,0.0006270230514928699,1,0.00029040739173069596,1,0.00029040739173069596,0.17595207691192627,,,,1,2.9040739173069596
2019-05-21,fold_5,Low-vol plateau,-0.0007359874434769154,-1,-0.0011713255662471056,-1,0.0011713255662471056,0.17732954025268555,,,,1,11.713255662471056
2019-05-23,fold_5,Low-vol plateau,0.001886520767584443,1,0.002606033580377698,1,0.002606033580377698,0.18039774894714355,,,,1,26.06033580377698
2019-05-24,fold_5,Low-vol plateau,0.0021499283611774445,1,0.002241884358227253,1,0.002241884358227253,0.18304407596588135,,,,1,22.41884358227253
2019-05-28,fold_5,Low-vol plateau,-0.0037560861092060804,-1,-0.002066653920337558,-1,0.002066653920337558,0.18548893928527832,,,,1,20.666539203375578
2019-05-29,fold_5,Low-vol plateau,-0.001305213663727045,-1,-0.0029847442638128996,-1,0.0029847442638128996,0.1890273094177246,,,,1,29.847442638128996
2019-05-30,fold_5,Low-vol plateau,5.8588499086908996e-05,1,-0.0005565853207372129,-1,-0.0005565853207372129,0.18836545944213867,,,,0,-5.565853207372129
2019-05-31,fold_5,Low-vol plateau,0.0028539225459098816,1,0.003855000250041485,1,0.003855000250041485,0.19294655323028564,,,,1,38.55000250041485
2019-06-03,fold_5,Low-vol plateau,0.0054636006243526936,1,0.006466649007052183,1,0.006466649007052183,0.20066094398498535,,,,1,64.66649007052183
2019-06-04,fold_5,Low-vol plateau,0.0003460553998593241,1,0.0006865524337626994,1,0.0006865524337626994,0.201485276222229,,,,1,6.865524337626994
2019-06-05,fold_5,Low-vol plateau,-0.003563272999599576,-1,-0.002223382471129298,-1,0.002223382471129298,0.20415663719177246,,,,1,22.233824711292982
2019-06-06,fold_5,Low-vol plateau,0.0028582958038896322,1,0.004228744190186262,1,0.004228744190186262,0.20924866199493408,,,,1,42.28744190186262
2019-06-07,fold_5,Low-vol plateau,0.004843359813094139,1,0.003871487220749259,1,0.003871487220749259,0.21393024921417236,,,,1,38.71487220749259
2019-06-10,fold_5,Low-vol plateau,-0.0011308942921459675,-1,-0.00018112821271643043,-1,0.00018112821271643043,0.214150071144104,,,,1,1.8112821271643043
2019-06-11,fold_5,Low-vol plateau,0.001138810534030199,1,0.001008287537842989,1,0.001008287537842989,0.21537423133850098,,,,1,10.08287537842989
2019-06-12,fold_5,Low-vol plateau,-0.003851214423775673,-1,-0.002993301022797823,-1,0.002993301022797823,0.21901226043701172,,,,1,29.93301022797823
2019-06-13,fold_5,Low-vol plateau,-9.144482464762405e-05,-1,-0.0013423121999949217,-1,0.0013423121999949217,0.22064852714538574,,,,1,13.423121999949217
2019-06-14,fold_5,Low-vol plateau,-0.0062096561305224895,-1,-0.005619735922664404,-1,0.005619735922664404,0.2275083065032959,,,,1,56.19735922664404
2019-06-17,fold_5,Low-vol plateau,0.0005866485298611224,1,0.0006733588525094092,1,0.0006733588525094092,0.22833490371704102,,,,1,6.733588525094092
2019-06-18,fold_5,Low-vol plateau,-0.0006043027387931943,-1,-0.0023515592329204082,-1,0.0023515592329204082,0.23122334480285645,,,,1,23.515592329204082
2019-06-19,fold_5,Low-vol plateau,0.005157057661563158,1,0.003596331924200058,1,0.003596331924200058,0.23565125465393066,,,,1,35.96331924200058
2019-06-20,fold_5,Low-vol plateau,0.004543351475149393,1,0.005082990508526564,1,0.005082990508526564,0.24193203449249268,,,,1,50.829905085265636
2019-06-21,fold_5,Low-vol plateau,0.003805410349741578,1,0.007889659143984318,1,0.007889659143984318,0.25173044204711914,,,,1,78.89659143984318
2019-06-24,fold_5,Low-vol plateau,0.0019489902770146728,1,0.0013679296243935823,1,0.0013679296243935823,0.25344276428222656,,,,1,13.679296243935823
2019-06-25,fold_5,Low-vol plateau,-0.001885174890048802,-1,-0.0026604935992509127,-1,0.0026604935992509127,0.2567775249481201,,,,1,26.604935992509127
2019-06-26,fold_5,Low-vol plateau,-0.0006334172794595361,-1,0.00042085087625309825,1,-0.00042085087625309825,0.2562485933303833,,,,0,-4.2085087625309825
2019-06-27,fold_5,Low-vol plateau,0.0011544650187715888,1,-0.0001591937179910019,-1,-0.0001591937179910019,0.2560485601425171,,,,0,-1.591937179910019
2019-06-28,fold_5,Low-vol plateau,0.001164534711278975,1,-0.00070458889240399,-1,-0.00070458889240399,0.2551635503768921,,,,0,-7.0458889240399
2019-07-01,fold_5,Low-vol plateau,-0.00583214545622468,-1,-0.0068176812492311,-1,0.0068176812492311,0.26372087001800537,,,,1,68.176812492311
2019-07-02,fold_5,Low-vol plateau,0.0014325595693662763,1,0.0004969057627022266,1,0.0004969057627022266,0.26434874534606934,,,,1,4.969057627022266
2019-07-03,fold_5,Low-vol plateau,-0.0005788628477603197,-1,-0.00045158492866903543,-1,0.00045158492866903543,0.264919638633728,,,,1,4.515849286690354
2019-07-05,fold_5,Low-vol plateau,-0.0051786573603749275,-1,-0.005175866652280092,-1,0.005175866652280092,0.27146661281585693,,,,1,51.75866652280092
2019-07-08,fold_5,Low-vol plateau,-0.0008885760325938463,-1,-0.0010094279423356056,-1,0.0010094279423356056,0.2727501392364502,,,,1,10.094279423356056
2019-07-09,fold_5,Low-vol plateau,-0.00020422051602508873,-1,-0.0006948888185434043,-1,0.0006948888185434043,0.27363455295562744,,,,1,6.948888185434043
2019-07-10,fold_5,Low-vol plateau,0.003627197351306677,1,0.004514812957495451,1,0.004514812957495451,0.2793847322463989,,,,1,45.14812957495451
2019-07-11,fold_5,Low-vol plateau,0.00044554632040672004,1,-0.0005738722975365818,-1,-0.0005738722975365818,0.27865052223205566,,,,0,-5.7387229753658175
2019-07-12,fold_5,Low-vol plateau,0.003366843331605196,1,0.001747183850966394,1,0.001747183850966394,0.2808845043182373,,,,1,17.47183850966394
2019-07-16,fold_5,Low-vol plateau,-0.004793914034962654,-1,-0.004395125899463892,-1,0.004395125899463892,0.28651416301727295,,,,1,43.95125899463892
2019-07-17,fold_5,Low-vol plateau,0.001737077021971345,1,0.0015496194828301668,1,0.0015496194828301668,0.28850769996643066,,,,1,15.496194828301668
2019-07-18,fold_5,Low-vol plateau,0.004239459056407213,1,0.0028379710856825113,1,0.0028379710856825113,0.29216456413269043,,,,1,28.379710856825113
2019-07-19,fold_5,Low-vol plateau,-0.0043412805534899235,-1,-0.003836731193587184,-1,0.003836731193587184,0.2971222400665283,,,,1,38.36731193587184
2019-07-22,fold_5,Low-vol plateau,-0.00027904505259357393,-1,-0.0010869659017771482,-1,0.0010869659017771482,0.2985321283340454,,,,1,10.869659017771482
2019-07-23,fold_5,Low-vol plateau,-0.004129244014620781,-1,-0.004895445425063372,-1,0.004895445425063372,0.30488908290863037,,,,1,48.95445425063372
2019-07-24,fold_5,Low-vol plateau,5.469021198223345e-05,1,-0.0007910756976343691,-1,-0.0007910756976343691,0.30385684967041016,,,,0,-7.910756976343691
2019-07-25,fold_5,Low-vol plateau,-0.0015846345340833068,-1,0.0003343336284160614,1,-0.0003343336284160614,0.30342090129852295,,,,0,-3.343336284160614
2019-07-26,fold_5,Low-vol plateau,-0.0007318006246350706,-1,-0.0012578507885336876,-1,0.0012578507885336876,0.3050605058670044,,,,1,12.578507885336876
2019-07-29,fold_5,Low-vol plateau,-0.0002465072029735893,-1,0.000980583718046546,1,-0.000980583718046546,0.30378079414367676,,,,0,-9.80583718046546
2019-07-30,fold_5,Low-vol plateau,-0.0007395542343147099,-1,0.0013388646766543388,1,-0.0013388646766543388,0.30203521251678467,,,,0,-13.388646766543388
2019-07-31,fold_5,Low-vol plateau,-0.004843438044190407,-1,-0.007728002034127712,-1,0.007728002034127712,0.31209731101989746,,,,1,77.28002034127712
2019-08-01,fold_5,Low-vol plateau,0.0019917928148061037,1,0.0006425735191442072,1,0.0006425735191442072,0.3129403591156006,,,,1,6.425735191442072
2019-08-02,fold_5,Low-vol plateau,0.0021257565822452307,1,0.0026325583457946777,1,0.0026325583457946777,0.3163968324661255,,,,1,26.325583457946777
2019-08-05,fold_5,Low-vol plateau,0.00600206945091486,1,0.012222036719322205,1,0.012222036719322205,0.3324859142303467,,,,1,122.22036719322205
2019-08-06,fold_5,Low-vol plateau,-0.0012404372682794929,-1,-0.003272486152127385,-1,0.003272486152127385,0.3368464708328247,,,,1,32.72486152127385
2019-08-07,fold_5,Low-vol plateau,0.0022686775773763657,1,-0.0002352914452785626,-1,-0.0002352914452785626,0.3365318775177002,,,,0,-2.352914452785626
2019-08-08,fold_5,Low-vol plateau,-0.0008585497853346169,-1,-0.0015326269203796983,-1,0.0015326269203796983,0.3385803699493408,,,,1,15.326269203796983
2019-08-09,fold_5,Low-vol plateau,0.00034457468427717686,1,0.0019053779542446136,1,0.0019053779542446136,0.3411308526992798,,,,1,19.053779542446136
2019-08-13,fold_5,Low-vol plateau,-0.0038741726893931627,-1,-0.0036772366147488356,-1,0.0036772366147488356,0.3460625410079956,,,,1,36.772366147488356
2019-08-14,fold_5,Low-vol plateau,-0.001429172931239009,-1,-0.003019839758053422,-1,0.003019839758053422,0.35012733936309814,,,,1,30.19839758053422
2019-08-15,fold_5,Low-vol plateau,-0.0014368710108101368,-1,-0.0026672929525375366,-1,0.0026672929525375366,0.3537285327911377,,,,1,26.672929525375366
2019-08-16,fold_5,Low-vol plateau,-0.0005836377968080342,-1,-0.0017750132828950882,-1,0.0017750132828950882,0.3561314344406128,,,,1,17.750132828950882
2019-08-19,fold_5,Low-vol plateau,-0.0014700056053698063,-1,-0.0009641959914006293,-1,0.0009641959914006293,0.35743892192840576,,,,1,9.641959914006293
2019-08-20,fold_5,Low-vol plateau,0.0012989251408725977,1,0.001320609007962048,1,0.001320609007962048,0.3592315912246704,,,,1,13.20609007962048
2019-08-21,fold_5,Low-vol plateau,-0.000534948194399476,-1,-0.0006321496912278235,-1,0.0006321496912278235,0.36009085178375244,,,,1,6.321496912278235
2019-08-22,fold_5,Low-vol plateau,0.001757816062308848,1,-0.0006096552242524922,-1,-0.0006096552242524922,0.3592616319656372,,,,0,-6.096552242524922
2019-08-23,fold_5,Low-vol plateau,0.005622582510113716,1,0.005326444748789072,1,0.005326444748789072,0.3665015697479248,,,,1,53.26444748789072
2019-08-26,fold_5,Low-vol plateau,-0.004100231919437647,-1,-0.0035310082603245974,-1,0.0035310082603245974,0.3713266849517822,,,,1,35.310082603245974
2019-08-27,fold_5,Low-vol plateau,0.0008049823227338493,1,-0.0012309884186834097,-1,-0.0012309884186834097,0.3696385622024536,,,,0,-12.309884186834097
2019-08-28,fold_5,Low-vol plateau,-0.0011736041633412242,-1,-0.0003769751638174057,-1,0.0003769751638174057,0.37015485763549805,,,,1,3.769751638174057
2019-08-29,fold_5,Low-vol plateau,-0.003788589732721448,-1,-0.0021569994278252125,-1,0.0021569994278252125,0.373110294342041,,,,1,21.569994278252125
2019-08-30,fold_5,Low-vol plateau,-0.004121346399188042,-1,-0.0063423048704862595,-1,0.0063423048704862595,0.3818190097808838,,,,1,63.423048704862595
2019-09-03,fold_5,Low-vol plateau,-0.0014751586131751537,-1,0.0005487410235218704,1,-0.0005487410235218704,0.38106071949005127,,,,0,-5.487410235218704
2019-09-04,fold_5,Low-vol plateau,0.004983820486813784,1,0.005506451241672039,1,0.005506451241672039,0.38866543769836426,,,,1,55.06451241672039
2019-09-05,fold_5,Low-vol plateau,0.0004390298272483051,1,0.0001214242001879029,1,0.0001214242001879029,0.3888341188430786,,,,1,1.214242001879029
2019-09-06,fold_5,Low-vol plateau,0.0004449406696949154,1,-0.0014217004645615816,-1,-0.0014217004645615816,0.386859655380249,,,,0,-14.217004645615816
2019-09-09,fold_5,Low-vol plateau,0.0018434325465932488,1,0.002519046887755394,1,0.002519046887755394,0.3903532028198242,,,,1,25.19046887755394
2019-09-10,fold_5,Low-vol plateau,-0.0006371668423525989,-1,0.00017673612455837429,1,-0.00017673612455837429,0.39010751247406006,,,,0,-1.7673612455837429
2019-09-11,fold_5,Low-vol plateau,-0.0033481174614280462,-1,-0.003337112022563815,-1,0.003337112022563815,0.3947465419769287,,,,1,33.37112022563815
2019-09-12,fold_5,Low-vol plateau,0.005173064768314362,1,0.004069486167281866,1,0.004069486167281866,0.4004223346710205,,,,1,40.69486167281866
2019-09-13,fold_5,Low-vol plateau,0.0006660857470706105,1,0.0022721209097653627,1,0.0022721209097653627,0.40360426902770996,,,,1,22.721209097653627
2019-09-17,fold_5,Low-vol plateau,0.004072848707437515,1,0.00624600937590003,1,0.00624600937590003,0.4123711585998535,,,,1,62.4600937590003
2019-09-18,fold_5,Low-vol plateau,-0.004319625440984964,-1,-0.003905115881934762,-1,0.003905115881934762,0.41788649559020996,,,,1,39.05115881934762
2019-09-19,fold_5,Low-vol plateau,0.003660857677459717,1,0.001546817016787827,1,0.001546817016787827,0.42007970809936523,,,,1,15.46817016787827
2019-09-20,fold_5,Low-vol plateau,-0.0030969344079494476,-1,-0.0026665497571229935,-1,0.0026665497571229935,0.42386651039123535,,,,1,26.665497571229935
2019-09-24,fold_5,Low-vol plateau,0.002985741477459669,1,0.002104161074385047,1,0.002104161074385047,0.42686259746551514,,,,1,21.04161074385047
2019-09-25,fold_5,Low-vol plateau,-0.006441131699830294,-1,-0.005804941989481449,-1,0.005804941989481449,0.43514537811279297,,,,1,58.04941989481449
2019-09-26,fold_5,Low-vol plateau,-0.0012435527751222253,-1,-0.0027526237536221743,-1,0.0027526237536221743,0.4390958547592163,,,,1,27.526237536221743
2019-09-27,fold_5,Low-vol plateau,0.0012116136495023966,1,0.0018274149624630809,1,0.0018274149624630809,0.44172561168670654,,,,1,18.27414962463081
2022-01-19,fold_6,EUR crisis downturn,0.001533185364678502,1,0.0012138050515204668,1,0.0012138050515204668,0.0012137889862060547,,,,1,12.138050515204668
2022-01-20,fold_6,EUR crisis downturn,-0.0023030415177345276,-1,-0.002613516291603446,-1,0.002613516291603446,0.003830552101135254,,,,1,26.13516291603446
2022-01-21,fold_6,EUR crisis downturn,0.0014493931084871292,1,0.0024497758131474257,1,0.0024497758131474257,0.00628972053527832,,,,1,24.497758131474257
2022-01-24,fold_6,EUR crisis downturn,-0.003805359359830618,-1,-0.0015288135036826134,-1,0.0015288135036826134,0.007828235626220703,,,,1,15.288135036826134
2022-01-25,fold_6,EUR crisis downturn,-0.0010288197081536055,-1,-0.0017295886063948274,-1,0.0017295886063948274,0.009571433067321777,,,,1,17.295886063948274
2022-01-26,fold_6,EUR crisis downturn,-0.006231737323105335,-1,-0.005396849941462278,-1,0.005396849941462278,0.015019893646240234,,,,1,53.968499414622784
2022-01-27,fold_6,EUR crisis downturn,-0.008702419698238373,-1,-0.008583232760429382,-1,0.008583232760429382,0.02373194694519043,,,,1,85.83232760429382
2022-01-28,fold_6,EUR crisis downturn,2.4239652702817693e-05,1,0.000479530863231048,1,0.000479530863231048,0.024222850799560547,,,,1,4.79530863231048
2022-01-31,fold_6,EUR crisis downturn,0.00746541004627943,1,0.0069287000223994255,1,0.0069287000223994255,0.031319379806518555,,,,1,69.28700022399426
2022-02-01,fold_6,EUR crisis downturn,0.001572055509313941,1,0.0039458139799535275,1,0.0039458139799535275,0.035388827323913574,,,,1,39.458139799535275
2022-02-02,fold_6,EUR crisis downturn,0.004855204373598099,1,0.0023053139448165894,1,0.0023053139448165894,0.037775635719299316,,,,1,23.053139448165894
2022-02-03,fold_6,EUR crisis downturn,0.005650797393172979,1,0.012018885463476181,1,0.012018885463476181,0.05024862289428711,,,,1,120.18885463476181
2022-02-04,fold_6,EUR crisis downturn,-0.0014396990882232785,-1,0.001695401151664555,1,-0.001695401151664555,0.04846799373626709,,,,0,-16.95401151664555
2022-02-07,fold_6,EUR crisis downturn,2.600904554128647e-05,1,-0.0010641802800819278,-1,-0.0010641802800819278,0.04735219478607178,,,,0,-10.641802800819278
2022-02-08,fold_6,EUR crisis downturn,-0.0021406328305602074,-1,-0.0018959172302857041,-1,0.0018959172302857041,0.04933786392211914,,,,1,18.95917230285704
2022-02-09,fold_6,EUR crisis downturn,0.0024235814344137907,1,2.275372389703989e-05,1,2.275372389703989e-05,0.0493617057800293,,,,1,0.2275372389703989
2022-02-10,fold_6,EUR crisis downturn,-0.0011921412078663707,-1,-0.0005249936948530376,-1,0.0005249936948530376,0.04991257190704346,,,,1,5.249936948530376
2022-02-14,fold_6,EUR crisis downturn,-0.004004850517958403,-1,-0.005166933406144381,-1,0.005166933406144381,0.05533730983734131,,,,1,51.669334061443806
2022-02-15,fold_6,EUR crisis downturn,0.00375066208653152,1,0.00446309894323349,1,0.00446309894323349,0.06004738807678223,,,,1,44.6309894323349
2022-02-16,fold_6,EUR crisis downturn,0.0026125814765691757,1,0.0016266792081296444,1,0.0016266792081296444,0.06177175045013428,,,,1,16.266792081296444
2022-02-17,fold_6,EUR crisis downturn,-0.0016871761763468385,-1,-0.0007728770724497736,-1,0.0007728770724497736,0.0625922679901123,,,,1,7.7287707244977355
2022-02-18,fold_6,EUR crisis downturn,-0.002312934258952737,-1,-0.004334500525146723,-1,0.004334500525146723,0.06719803810119629,,,,1,43.34500525146723
2022-02-22,fold_6,EUR crisis downturn,-0.00013217708328738809,-1,0.001721999142318964,1,-0.001721999142318964,0.06536030769348145,,,,0,-17.21999142318964
2022-02-24,fold_6,EUR crisis downturn,-0.009177187457680702,-1,-0.010172287933528423,-1,0.010172287933528423,0.07619738578796387,,,,1,101.72287933528423
2022-02-25,fold_6,EUR crisis downturn,0.007006262894719839,1,-0.0008610449731349945,-1,-0.0008610449731349945,0.07527077198028564,,,,0,-8.610449731349945
2022-02-28,fold_6,EUR crisis downturn,-0.0009245960391126573,-1,0.00311812711879611,1,-0.00311812711879611,0.07191801071166992,,,,0,-31.1812711879611
2022-03-01,fold_6,EUR crisis downturn,-0.00771510973572731,-1,-0.007414391729980707,-1,0.007414391729980707,0.07986557483673096,,,,1,74.14391729980707
2022-03-02,fold_6,EUR crisis downturn,0.0022802383173257113,1,-0.0018336334032937884,-1,-0.0018336334032937884,0.07788550853729248,,,,0,-18.336334032937884
2022-03-03,fold_6,EUR crisis downturn,-0.004864906892180443,-1,-0.004094634670764208,-1,0.004094634670764208,0.08229899406433105,,,,1,40.94634670764208
2022-03-04,fold_6,EUR crisis downturn,-0.010137379169464111,-1,-0.017377527430653572,-1,0.017377527430653572,0.10110664367675781,,,,1,173.77527430653572
2022-03-07,fold_6,EUR crisis downturn,-0.006242816336452961,-1,-0.0008476009825244546,-1,0.0008476009825244546,0.10203993320465088,,,,1,8.476009825244546
2022-03-08,fold_6,EUR crisis downturn,0.003475980833172798,1,0.0030297928024083376,1,0.0030297928024083376,0.10537886619567871,,,,1,30.297928024083376
2022-03-09,fold_6,EUR crisis downturn,0.009443286806344986,1,0.01611238159239292,1,0.01611238159239292,0.12318909168243408,,,,1,161.12381592392921
2022-03-10,fold_6,EUR crisis downturn,-0.01093254704028368,-1,-0.005407776217907667,-1,0.005407776217907667,0.1292630434036255,,,,1,54.07776217907667
2022-03-11,fold_6,EUR crisis downturn,-0.007549508009105921,-1,-0.007433895952999592,-1,0.007433895952999592,0.13765788078308105,,,,1,74.33895952999592
2022-03-14,fold_6,EUR crisis downturn,0.003104303264990449,1,0.001017721719108522,1,0.001017721719108522,0.13881564140319824,,,,1,10.17721719108522
2022-03-15,fold_6,EUR crisis downturn,0.002411795547232032,1,0.0023914421908557415,1,0.0023914421908557415,0.1415390968322754,,,,1,23.914421908557415
2022-03-16,fold_6,EUR crisis downturn,0.008394875563681126,1,0.004794404376298189,1,0.004794404376298189,0.14701199531555176,,,,1,47.94404376298189
2022-03-17,fold_6,EUR crisis downturn,0.0035383598878979683,1,0.007037183735519648,1,0.007037183735519648,0.15508365631103516,,,,1,70.37183735519648
2022-03-18,fold_6,EUR crisis downturn,-0.001014755922369659,-1,-0.005079824943095446,-1,0.005079824943095446,0.1609513759613037,,,,1,50.798249430954456
2022-03-22,fold_6,EUR crisis downturn,0.002825072966516018,1,0.0011360200587660074,1,0.0011360200587660074,0.16227030754089355,,,,1,11.360200587660074
2022-03-23,fold_6,EUR crisis downturn,-0.0018967542564496398,-1,-0.0021242026705294847,-1,0.0021242026705294847,0.16473913192749023,,,,1,21.242026705294847
2022-03-24,fold_6,EUR crisis downturn,7.801907486282289e-05,1,0.00029731090762652457,1,0.00029731090762652457,0.16508543491363525,,,,1,2.9731090762652457
2022-03-25,fold_6,EUR crisis downturn,-0.0016389816300943494,-1,-0.00251486012712121,-1,0.00251486012712121,0.1680154800415039,,,,1,25.1486012712121
2022-03-28,fold_6,EUR crisis downturn,-0.0024908678606152534,-1,0.001088330172933638,1,-0.001088330172933638,0.16674435138702393,,,,0,-10.883301729336381
2022-03-29,fold_6,EUR crisis downturn,0.007428070064634085,1,0.008884331211447716,1,0.008884331211447716,0.17711007595062256,,,,1,88.84331211447716
2022-03-30,fold_6,EUR crisis downturn,0.00512644974514842,1,0.006339906714856625,1,0.006339906714856625,0.18457281589508057,,,,1,63.399067148566246
2022-03-31,fold_6,EUR crisis downturn,-0.006775358226150274,-1,-0.00801636092364788,-1,0.00801636092364788,0.1940687894821167,,,,1,80.1636092364788
2022-04-01,fold_6,EUR crisis downturn,-0.0008414763142354786,-1,-0.0022647094447165728,-1,0.0022647094447165728,0.19677305221557617,,,,1,22.647094447165728
2022-04-04,fold_6,EUR crisis downturn,-0.0036561256274580956,-1,-0.006464783102273941,-1,0.006464783102273941,0.20450997352600098,,,,1,64.64783102273941
2022-04-05,fold_6,EUR crisis downturn,-0.0038510835729539394,-1,-0.006325795315206051,-1,0.006325795315206051,0.21212947368621826,,,,1,63.25795315206051
2022-04-06,fold_6,EUR crisis downturn,0.0006896899431012571,1,-0.0007518871570937335,-1,-0.0007518871570937335,0.211217999458313,,,,0,-7.5188715709373355
2022-04-07,fold_6,EUR crisis downturn,0.0006962876650504768,1,-0.0030639569740742445,-1,-0.0030639569740742445,0.20750689506530762,,,,0,-30.639569740742445
2022-04-08,fold_6,EUR crisis downturn,0.0015308479778468609,1,0.0018505415646359324,1,0.0018505415646359324,0.20974135398864746,,,,1,18.505415646359324
2022-04-11,fold_6,EUR crisis downturn,-0.002468761755153537,-1,-0.0006418824777938426,-1,0.0006418824777938426,0.21051788330078125,,,,1,6.4188247779384255
2022-04-12,fold_6,EUR crisis downturn,-0.003784394823014736,-1,-0.004763457924127579,-1,0.004763457924127579,0.2162841558456421,,,,1,47.63457924127579
2022-04-13,fold_6,EUR crisis downturn,0.0050282347947359085,1,0.00650522205978632,1,0.00650522205978632,0.2241964340209961,,,,1,65.0522205978632
2022-04-14,fold_6,EUR crisis downturn,-0.005829453933984041,-1,-0.0069362265057861805,-1,0.0069362265057861805,0.23268771171569824,,,,1,69.3622650578618
2022-04-18,fold_6,EUR crisis downturn,-0.0035379347391426563,-1,-0.0030944086611270905,-1,0.0030944086611270905,0.23650217056274414,,,,1,30.944086611270905
2022-04-19,fold_6,EUR crisis downturn,0.0003710589953698218,1,0.0011765266535803676,1,0.0011765266535803676,0.23795688152313232,,,,1,11.765266535803676
2022-04-20,fold_6,EUR crisis downturn,0.006235224660485983,1,0.005132047925144434,1,0.005132047925144434,0.2443101406097412,,,,1,51.32047925144434
2022-04-21,fold_6,EUR crisis downturn,-0.0022299394477158785,-1,-0.0013543874956667423,-1,0.0013543874956667423,0.2459954023361206,,,,1,13.543874956667423
2022-04-22,fold_6,EUR crisis downturn,-0.005679300986230373,-1,-0.0022270376794040203,-1,0.0022270376794040203,0.2487703561782837,,,,1,22.270376794040203
2022-04-25,fold_6,EUR crisis downturn,-0.005524332635104656,-1,-0.008957143872976303,-1,0.008957143872976303,0.2599557638168335,,,,1,89.57143872976303
2022-04-26,fold_6,EUR crisis downturn,-0.00526011036708951,-1,-0.006588426884263754,-1,0.006588426884263754,0.26825690269470215,,,,1,65.88426884263754
2022-04-27,fold_6,EUR crisis downturn,-0.005113827995955944,-1,-0.008317396976053715,-1,0.008317396976053715,0.2788054943084717,,,,1,83.17396976053715
2022-04-28,fold_6,EUR crisis downturn,-0.005893198773264885,-1,-0.004821411799639463,-1,0.004821411799639463,0.28497111797332764,,,,1,48.214117996394634
2022-05-02,fold_6,EUR crisis downturn,-0.005737383384257555,-1,-0.002553798258304596,-1,0.002553798258304596,0.28825271129608154,,,,1,25.53798258304596
2022-05-06,fold_6,EUR crisis downturn,0.0011834007455036044,1,-0.0007161782123148441,-1,-0.0007161782123148441,0.28733015060424805,,,,0,-7.161782123148441
2022-05-09,fold_6,EUR crisis downturn,-0.0008779013878665864,-1,0.003190816380083561,1,-0.003190816380083561,0.2832225561141968,,,,0,-31.90816380083561
2022-05-10,fold_6,EUR crisis downturn,-0.0019293648656457663,-1,-0.0031072180718183517,-1,0.0031072180718183517,0.28720974922180176,,,,1,31.072180718183517
2022-05-11,fold_6,EUR crisis downturn,0.0010172680485993624,1,-0.0019448387902230024,-1,-0.0019448387902230024,0.28470635414123535,,,,0,-19.448387902230024
2022-05-12,fold_6,EUR crisis downturn,-0.006054253783077002,-1,-0.0126422718167305,-1,0.0126422718167305,0.300947904586792,,,,1,126.42271816730499
2022-05-13,fold_6,EUR crisis downturn,0.005379097070544958,1,0.002028132788836956,1,0.002028132788836956,0.30358636379241943,,,,1,20.28132788836956
2022-05-16,fold_6,EUR crisis downturn,0.0033338500652462244,1,0.003684947732836008,1,0.003684947732836008,0.3083900213241577,,,,1,36.84947732836008
2022-05-17,fold_6,EUR crisis downturn,0.008283358998596668,1,0.01043185405433178,1,0.01043185405433178,0.32203900814056396,,,,1,104.3185405433178
2022-05-18,fold_6,EUR crisis downturn,-0.00557128619402647,-1,-0.007121461909264326,-1,0.007121461909264326,0.331453800201416,,,,1,71.21461909264326
2022-05-19,fold_6,EUR crisis downturn,0.010080483742058277,1,0.010145164094865322,1,0.010145164094865322,0.34496164321899414,,,,1,101.45164094865322
2022-05-20,fold_6,EUR crisis downturn,-0.0037729572504758835,-1,-0.000866660091560334,-1,0.000866660091560334,0.3461272716522217,,,,1,8.66660091560334
2022-05-23,fold_6,EUR crisis downturn,0.009869224391877651,1,0.010617928579449654,1,0.010617928579449654,0.36042046546936035,,,,1,106.17928579449654
2022-05-24,fold_6,EUR crisis downturn,0.0003890434163622558,1,0.005099795293062925,1,0.005099795293062925,0.36735832691192627,,,,1,50.99795293062925
2022-05-25,fold_6,EUR crisis downturn,-0.0017227460630238056,-1,-0.004648668225854635,-1,0.004648668225854635,0.373714804649353,,,,1,46.48668225854635
2022-05-26,fold_6,EUR crisis downturn,0.0018425402231514454,1,0.004336175508797169,1,0.004336175508797169,0.37967145442962646,,,,1,43.36175508797169
2022-05-27,fold_6,EUR crisis downturn,0.0015989609528332949,1,-0.0001395020226482302,-1,-0.0001395020226482302,0.3794790506362915,,,,0,-1.395020226482302
2022-05-31,fold_6,EUR crisis downturn,-0.0013754203682765365,-1,-0.0036603042390197515,-1,0.0036603042390197515,0.38452839851379395,,,,1,36.603042390197515
2022-06-01,fold_6,EUR crisis downturn,-0.007368081249296665,-1,-0.007447231560945511,-1,0.007447231560945511,0.3948392868041992,,,,1,74.47231560945511
2022-06-02,fold_6,EUR crisis downturn,0.008578455075621605,1,0.009095413610339165,1,0.009095413610339165,0.407525897026062,,,,1,90.95413610339165
2022-06-03,fold_6,EUR crisis downturn,-0.0045461393892765045,-1,-0.0023275099229067564,-1,0.0023275099229067564,0.4108020067214966,,,,1,23.275099229067564
2022-06-06,fold_6,EUR crisis downturn,-0.002866225317120552,-1,-0.003228839486837387,-1,0.003228839486837387,0.41535723209381104,,,,1,32.28839486837387
2022-06-07,fold_6,EUR crisis downturn,-9.34749623411335e-05,-1,0.0006740176468156278,1,-0.0006740176468156278,0.4144033193588257,,,,0,-6.740176468156278
2022-06-08,fold_6,EUR crisis downturn,-0.0036619475577026606,-1,0.0017791216960176826,1,-0.0017791216960176826,0.41188693046569824,,,,0,-17.791216960176826
2022-06-09,fold_6,EUR crisis downturn,-0.009221850894391537,-1,-0.009185684844851494,-1,0.009185684844851494,0.4248560667037964,,,,1,91.85684844851494
2022-06-10,fold_6,EUR crisis downturn,-0.009609385393559933,-1,-0.012168340384960175,-1,0.012168340384960175,0.4421941041946411,,,,1,121.68340384960175
2022-06-13,fold_6,EUR crisis downturn,-0.0058813984505832195,-1,-0.0071343835443258286,-1,0.0071343835443258286,0.45248329639434814,,,,1,71.34383544325829
2022-06-14,fold_6,EUR crisis downturn,-0.0032152736093848944,-1,0.0024430977646261454,1,-0.0024430977646261454,0.44893479347229004,,,,0,-24.430977646261454
2022-06-15,fold_6,EUR crisis downturn,0.0038139307871460915,1,0.0014952836791053414,1,0.0014952836791053414,0.45110130310058594,,,,1,14.952836791053414
2022-06-16,fold_6,EUR crisis downturn,0.008674162440001965,1,0.00866952445358038,1,0.00866952445358038,0.46368157863616943,,,,1,86.6952445358038
2022-06-17,fold_6,EUR crisis downturn,-0.006201331503689289,-1,-0.005256267264485359,-1,0.005256267264485359,0.47137510776519775,,,,1,52.56267264485359
2022-06-21,fold_6,EUR crisis downturn,0.0010632795747369528,1,0.001126965624280274,1,0.001126965624280274,0.4730333089828491,,,,1,11.26965624280274
2022-06-22,fold_6,EUR crisis downturn,0.0025048288516700268,1,0.0029896728228777647,1,0.0029896728228777647,0.4774371385574341,,,,1,29.896728228777647
2022-06-23,fold_6,EUR crisis downturn,-0.002653705421835184,-1,-0.004165956750512123,-1,0.004165956750512123,0.48359215259552,,,,1,41.65956750512123
2022-06-24,fold_6,EUR crisis downturn,0.004068762995302677,1,0.004374321084469557,1,0.004374321084469557,0.490081787109375,,,,1,43.74321084469557
2022-06-27,fold_6,EUR crisis downturn,0.0019306333269923925,1,0.0013967370614409447,1,0.0013967370614409447,0.4921630620956421,,,,1,13.967370614409447
2022-06-28,fold_6,EUR crisis downturn,-0.006358750630170107,-1,-0.0054197353310883045,-1,0.0054197353310883045,0.5002502202987671,,,,1,54.197353310883045
2022-06-29,fold_6,EUR crisis downturn,-0.003530744230374694,-1,-0.007312588859349489,-1,0.007312588859349489,0.5112208127975464,,,,1,73.12588859349489
2022-06-30,fold_6,EUR crisis downturn,0.0034617024939507246,1,0.0029757271986454725,1,0.0029757271986454725,0.5157177448272705,,,,1,29.757271986454725
2022-07-01,fold_6,EUR crisis downturn,-0.005809290800243616,-1,-0.0041735912673175335,-1,0.0041735912673175335,0.5220438241958618,,,,1,41.735912673175335
2022-07-05,fold_6,EUR crisis downturn,-0.00864276010543108,-1,-0.01682257279753685,-1,0.01682257279753685,0.547648549079895,,,,1,168.2257279753685
2022-07-06,fold_6,EUR crisis downturn,-0.005139755085110664,-1,-0.006947201211005449,-1,0.006947201211005449,0.5584002733230591,,,,1,69.4720121100545
2022-07-07,fold_6,EUR crisis downturn,0.00017210072837769985,1,-0.0016271539498120546,-1,-0.0016271539498120546,0.5558645725250244,,,,0,-16.271539498120546
2022-07-08,fold_6,EUR crisis downturn,0.0015153724234551191,1,-0.0003659561334643513,-1,-0.0003659561334643513,0.5552951097488403,,,,0,-3.659561334643513
2022-07-11,fold_6,EUR crisis downturn,-0.00608564680442214,-1,-0.01166516449302435,-1,0.01166516449302435,0.5734378099441528,,,,1,116.65164493024349
2022-07-12,fold_6,EUR crisis downturn,-0.0008025133865885437,-1,-0.0014347791438922286,-1,0.0014347791438922286,0.5756953954696655,,,,1,14.347791438922286
2022-07-13,fold_6,EUR crisis downturn,0.002824830124154687,1,-4.015977538074367e-05,-1,-4.015977538074367e-05,0.5756320953369141,,,,0,-0.4015977538074367
2022-07-14,fold_6,EUR crisis downturn,-0.005425188224762678,-1,-0.0007017548778094351,-1,0.0007017548778094351,0.5767378807067871,,,,1,7.017548778094351
2022-07-15,fold_6,EUR crisis downturn,0.006054447498172522,1,0.007047208957374096,1,0.007047208957374096,0.5878493785858154,,,,1,70.47208957374096
2022-07-19,fold_6,EUR crisis downturn,0.00806200597435236,1,0.008491970598697662,1,0.008491970598697662,0.6013333797454834,,,,1,84.91970598697662
2022-07-20,fold_6,EUR crisis downturn,-0.0044013033621013165,-1,-0.004745147656649351,-1,0.004745147656649351,0.6089318990707397,,,,1,47.45147656649351
2022-07-21,fold_6,EUR crisis downturn,0.003267038380727172,1,0.00376132526434958,1,0.00376132526434958,0.6149835586547852,,,,1,37.6132526434958
2022-07-22,fold_6,EUR crisis downturn,0.00235203024931252,1,-0.002039989223703742,-1,-0.002039989223703742,0.6116890907287598,,,,0,-20.39989223703742
2022-07-25,fold_6,EUR crisis downturn,0.0033266835380345583,1,0.0024232829455286264,1,0.0024232829455286264,0.6155946254730225,,,,1,24.232829455286264
2022-07-26,fold_6,EUR crisis downturn,-0.007979159243404865,-1,-0.009329265914857388,-1,0.009329265914857388,0.630666971206665,,,,1,93.29265914857388
2022-07-27,fold_6,EUR crisis downturn,0.008375143632292747,1,0.007871334441006184,1,0.007871334441006184,0.6435025930404663,,,,1,78.71334441006184
2022-07-28,fold_6,EUR crisis downturn,0.0017269118689000607,1,-0.0016614561900496483,-1,-0.0016614561900496483,0.6407719850540161,,,,0,-16.614561900496483
2022-07-29,fold_6,EUR crisis downturn,0.005448437761515379,1,0.001561881392262876,1,0.001561881392262876,0.6433346271514893,,,,1,15.61881392262876
2022-08-01,fold_6,EUR crisis downturn,0.005472916644066572,1,0.005202550906687975,1,0.005202550906687975,0.6518840789794922,,,,1,52.02550906687975
2022-08-02,fold_6,EUR crisis downturn,-0.007632704451680183,-1,-0.010297809727489948,-1,0.010297809727489948,0.6688947677612305,,,,1,102.97809727489948
2022-08-03,fold_6,EUR crisis downturn,-0.0011698316084221005,-1,0.00019285830785520375,1,-0.00019285830785520375,0.6685729026794434,,,,0,-1.9285830785520375
2022-08-04,fold_6,EUR crisis downturn,0.007627434562891722,1,0.008874700404703617,1,0.008874700404703617,0.6833809614181519,,,,1,88.74700404703617
2022-08-05,fold_6,EUR crisis downturn,-0.007121139671653509,-1,-0.007506103254854679,-1,0.007506103254854679,0.6960166692733765,,,,1,75.06103254854679
2022-08-08,fold_6,EUR crisis downturn,0.0019065279047936201,1,0.002630935749039054,1,0.002630935749039054,0.7004787921905518,,,,1,26.30935749039054
2022-08-09,fold_6,EUR crisis downturn,0.00025391700910404325,1,0.001031049294397235,1,0.001031049294397235,0.7022320032119751,,,,1,10.31049294397235
2022-08-10,fold_6,EUR crisis downturn,0.010408449918031693,1,0.00907498225569725,1,0.00907498225569725,0.7176796197891235,,,,1,90.7498225569725
2022-08-12,fold_6,EUR crisis downturn,-0.006246654782444239,-1,-0.005846230313181877,-1,0.005846230313181877,0.7277215719223022,,,,1,58.46230313181877
2022-08-15,fold_6,EUR crisis downturn,-0.007080088369548321,-1,-0.009206736460328102,-1,0.009206736460328102,0.7436282634735107,,,,1,92.06736460328102
2022-08-16,fold_6,EUR crisis downturn,0.0008460996905341744,1,0.0008543621515855193,1,0.0008543621515855193,0.7451180219650269,,,,1,8.543621515855193
2022-08-17,fold_6,EUR crisis downturn,-0.0012043486349284649,-1,0.000936616794206202,1,-0.000936616794206202,0.7434835433959961,,,,0,-9.36616794206202
2022-08-18,fold_6,EUR crisis downturn,-0.006693459115922451,-1,-0.00886909943073988,-1,0.00886909943073988,0.7589465379714966,,,,1,88.6909943073988
2022-08-19,fold_6,EUR crisis downturn,-0.006299814209342003,-1,-0.005418936721980572,-1,0.005418936721980572,0.7684780359268188,,,,1,54.18936721980572
2022-08-22,fold_6,EUR crisis downturn,-0.0075446865521371365,-1,-0.009541994892060757,-1,0.009541994892060757,0.7853528261184692,,,,1,95.41994892060757
2022-08-23,fold_6,EUR crisis downturn,0.0030968147329986095,1,0.0027609101962298155,1,0.0027609101962298155,0.7902820110321045,,,,1,27.609101962298155
2022-08-24,fold_6,EUR crisis downturn,-0.0011373995803296566,-1,0.00021929587819613516,1,-0.00021929587819613516,0.7898894548416138,,,,0,-2.1929587819613516
2022-08-25,fold_6,EUR crisis downturn,0.002812450984492898,1,0.00021942718012724072,1,0.00021942718012724072,0.7902822494506836,,,,1,2.194271801272407
2022-08-26,fold_6,EUR crisis downturn,-0.005257935728877783,-1,-0.0032698833383619785,-1,0.0032698833383619785,0.7961362600326538,,,,1,32.698833383619785
2022-08-29,fold_6,EUR crisis downturn,5.443735790322535e-05,1,0.00758057227358222,1,0.00758057227358222,0.8097518682479858,,,,1,75.8057227358222
2022-08-30,fold_6,EUR crisis downturn,-0.00022822452592663467,-1,0.0011028088629245758,1,-0.0011028088629245758,0.8077560663223267,,,,0,-11.028088629245758
2022-08-31,fold_6,EUR crisis downturn,0.00028019805904477835,1,0.001395423780195415,1,0.001395423780195415,0.8102787733078003,,,,1,13.95423780195415
2022-09-01,fold_6,EUR crisis downturn,-0.007376158609986305,-1,-0.008638561703264713,-1,0.008638561703264713,0.82591712474823,,,,1,86.38561703264713
2022-09-02,fold_6,EUR crisis downturn,0.0017244226764887571,1,-0.004310653544962406,-1,-0.004310653544962406,0.8180462121963501,,,,0,-43.10653544962406
2022-09-06,fold_6,EUR crisis downturn,-0.007207640912383795,-1,-0.005453890655189753,-1,0.005453890655189753,0.8279616832733154,,,,1,54.538906551897526
2022-09-07,fold_6,EUR crisis downturn,0.0013640094548463821,1,0.009875823743641376,1,0.009875823743641376,0.8460142612457275,,,,1,98.75823743641376
2022-09-08,fold_6,EUR crisis downturn,-0.00015252649609465152,-1,0.0016320209251716733,1,-0.0016320209251716733,0.8430014848709106,,,,0,-16.320209251716733
2022-09-09,fold_6,EUR crisis downturn,0.007741549983620644,1,0.00593199860304594,1,0.00593199860304594,0.8539341688156128,,,,1,59.319986030459404
2022-09-12,fold_6,EUR crisis downturn,0.007394147105515003,1,0.005773918703198433,1,0.005773918703198433,0.8646385669708252,,,,1,57.73918703198433
2022-09-13,fold_6,EUR crisis downturn,-0.007995049469172955,-1,-0.014563821256160736,-1,0.014563821256160736,0.8917948007583618,,,,1,145.63821256160736
2022-09-14,fold_6,EUR crisis downturn,0.003181170206516981,1,0.00019961698853876442,1,0.00019961698853876442,0.8921725749969482,,,,1,1.9961698853876442
2022-09-15,fold_6,EUR crisis downturn,-0.001898852875456214,-1,0.0004294819082133472,1,-0.0004294819082133472,0.8913599252700806,,,,0,-4.294819082133472
2022-09-16,fold_6,EUR crisis downturn,-0.0006039285217411816,-1,0.0034075863659381866,1,-0.0034075863659381866,0.8849148750305176,,,,0,-34.07586365938187
2022-09-20,fold_6,EUR crisis downturn,-0.004236401058733463,-1,-0.005862889811396599,-1,0.005862889811396599,0.8959658145904541,,,,1,58.62889811396599
2022-09-21,fold_6,EUR crisis downturn,-0.00413702055811882,-1,-0.014048072509467602,-1,0.014048072509467602,0.922600507736206,,,,1,140.48072509467602
2022-09-22,fold_6,EUR crisis downturn,-0.006551933474838734,-1,0.0011022116523236036,1,-0.0011022116523236036,0.9204814434051514,,,,0,-11.022116523236036
2022-09-26,fold_6,EUR crisis downturn,-0.006763278506696224,-1,-0.006832936313003302,-1,0.006832936313003302,0.9336040019989014,,,,1,68.32936313003302
2022-09-27,fold_6,EUR crisis downturn,0.0005218092701397836,1,-0.002859671600162983,-1,-0.002859671600162983,0.9280745983123779,,,,0,-28.59671600162983
2022-09-28,fold_6,EUR crisis downturn,0.011482705362141132,1,0.011669258587062359,1,0.011669258587062359,0.9505738019943237,,,,1,116.69258587062359
2022-09-29,fold_6,EUR crisis downturn,0.004901454318314791,1,0.012503246776759624,1,0.012503246776759624,0.9749623537063599,,,,1,125.03246776759624
2025-01-22,fold_7,Recent mixed/upturn,-0.00019707181490957737,-1,0.00040599689236842096,1,-0.00040599689236842096,-0.00040596723556518555,,,,0,-4.05996892368421
2025-01-23,fold_7,Recent mixed/upturn,0.00205522240139544,1,0.0005624851328320801,1,0.0005624851328320801,0.00015628337860107422,,,,1,5.624851328320801
2025-01-24,fold_7,Recent mixed/upturn,0.006246333010494709,1,0.00495113804936409,1,0.00495113804936409,0.0051081180572509766,,,,1,49.5113804936409
2025-01-27,fold_7,Recent mixed/upturn,0.0007083310629241168,1,-0.0021516145206987858,-1,-0.0021516145206987858,0.002945542335510254,,,,0,-21.516145206987858
2025-01-28,fold_7,Recent mixed/upturn,-0.0036426184233278036,-1,-0.001533105387352407,-1,0.001533105387352407,0.004483222961425781,,,,1,15.33105387352407
2025-01-29,fold_7,Recent mixed/upturn,-0.0009904871694743633,-1,-0.0003648616257123649,-1,0.0003648616257123649,0.004849791526794434,,,,1,3.648616257123649
2025-01-30,fold_7,Recent mixed/upturn,0.0020352883730083704,1,-0.0026825745590031147,-1,-0.0026825745590031147,0.002154231071472168,,,,0,-26.825745590031147
2025-01-31,fold_7,Recent mixed/upturn,-0.0048165107145905495,-1,-0.014377536252140999,-1,0.014377536252140999,0.016562819480895996,,,,1,143.77536252141
2025-02-03,fold_7,Recent mixed/upturn,-0.007013004273176193,-1,0.0077662100084125996,1,-0.0077662100084125996,0.008667945861816406,,,,0,-77.662100084126
2025-02-04,fold_7,Recent mixed/upturn,0.007859267294406891,1,0.004398011602461338,1,0.004398011602461338,0.013104081153869629,,,,1,43.98011602461338
2025-02-05,fold_7,Recent mixed/upturn,0.0033941958099603653,1,0.002704183105379343,1,0.002704183105379343,0.015843629837036133,,,,1,27.04183105379343
2025-02-06,fold_7,Recent mixed/upturn,-0.001099839573726058,-1,-0.0014540054835379124,-1,0.0014540054835379124,0.017320632934570312,,,,1,14.540054835379124
2025-02-07,fold_7,Recent mixed/upturn,-0.004665405489504337,-1,-0.007135644089430571,-1,0.007135644089430571,0.024579882621765137,,,,1,71.3564408943057
2025-02-10,fold_7,Recent mixed/upturn,-0.001089882687665522,-1,-0.0009786115260794759,-1,0.0009786115260794759,0.025582551956176758,,,,1,9.786115260794759
2025-02-12,fold_7,Recent mixed/upturn,0.0003727531584445387,1,0.002608470618724823,1,0.002608470618724823,0.02825772762298584,,,,1,26.08470618724823
2025-02-13,fold_7,Recent mixed/upturn,0.005874853581190109,1,0.006705875508487225,1,0.006705875508487225,0.03515315055847168,,,,1,67.05875508487225
2025-02-14,fold_7,Recent mixed/upturn,0.008064661175012589,1,0.002632782096043229,1,0.002632782096043229,0.03787839412689209,,,,1,26.32782096043229
2025-02-18,fold_7,Recent mixed/upturn,-0.004574161022901535,-1,-0.00353158637881279,-1,0.00353158637881279,0.04154372215270996,,,,1,35.3158637881279
2025-02-19,fold_7,Recent mixed/upturn,0.0004923116648569703,1,-0.002615605480968952,-1,-0.002615605480968952,0.03881943225860596,,,,0,-26.156054809689522
2025-02-20,fold_7,Recent mixed/upturn,0.007604529615491629,1,0.007633917964994907,1,0.007633917964994907,0.04674971103668213,,,,1,76.33917964994907
2025-02-21,fold_7,Recent mixed/upturn,-0.002168636303395033,-1,-0.0024511523079127073,-1,0.0024511523079127073,0.049315452575683594,,,,1,24.511523079127073
2025-02-25,fold_7,Recent mixed/upturn,0.0023964818101376295,1,0.005998783744871616,1,0.005998783744871616,0.055610060691833496,,,,1,59.987837448716164
2025-02-26,fold_7,Recent mixed/upturn,-0.0012598213506862521,-1,-0.0033563824836164713,-1,0.0033563824836164713,0.059153079986572266,,,,1,33.56382483616471
2025-02-27,fold_7,Recent mixed/upturn,-0.005428450182080269,-1,-0.008929464034736156,-1,0.008929464034736156,0.0686107873916626,,,,1,89.29464034736156
2025-02-28,fold_7,Recent mixed/upturn,-0.0025195747148245573,-1,0.0018017083639279008,1,-0.0018017083639279008,0.06668543815612793,,,,0,-18.017083639279008
2025-03-03,fold_7,Recent mixed/upturn,0.0071904417127370834,1,0.006836147513240576,1,0.006836147513240576,0.07397747039794922,,,,1,68.36147513240576
2025-03-04,fold_7,Recent mixed/upturn,0.008024560287594795,1,0.013538874685764313,1,0.013538874685764313,0.08851790428161621,,,,1,135.38874685764313
2025-03-05,fold_7,Recent mixed/upturn,-0.00561408931389451,-1,0.015803681686520576,1,-0.015803681686520576,0.07131528854370117,,,,0,-158.03681686520576
2025-03-06,fold_7,Recent mixed/upturn,0.00583230284973979,1,-0.0006472344393841922,-1,-0.0006472344393841922,0.07062184810638428,,,,0,-6.472344393841922
2025-03-07,fold_7,Recent mixed/upturn,0.0019310087664052844,1,0.006733564659953117,1,0.006733564659953117,0.07783091068267822,,,,1,67.33564659953117
2025-03-10,fold_7,Recent mixed/upturn,-0.00291615747846663,-1,-0.0019510398851707578,-1,0.0019510398851707578,0.07993388175964355,,,,1,19.510398851707578
2025-03-11,fold_7,Recent mixed/upturn,0.00505058141425252,1,0.006897692568600178,1,0.006897692568600178,0.08738291263580322,,,,1,68.97692568600178
2025-03-12,fold_7,Recent mixed/upturn,-0.001633999403566122,-1,-0.002558252075687051,-1,0.002558252075687051,0.0901646614074707,,,,1,25.582520756870508
2025-03-13,fold_7,Recent mixed/upturn,-0.0027110378723591566,-1,-0.0028116365429013968,-1,0.0028116365429013968,0.09322988986968994,,,,1,28.116365429013968
2025-03-14,fold_7,Recent mixed/upturn,0.001669576857239008,1,0.002361313672736287,1,0.002361313672736287,0.09581136703491211,,,,1,23.61313672736287
2025-03-17,fold_7,Recent mixed/upturn,0.002699741395190358,1,0.003483176464214921,1,0.003483176464214921,0.09962832927703857,,,,1,34.83176464214921
2025-03-18,fold_7,Recent mixed/upturn,0.0005037885275669396,1,0.0018596742302179337,1,0.0018596742302179337,0.10167324542999268,,,,1,18.596742302179337
2025-03-19,fold_7,Recent mixed/upturn,-0.000983422971330583,-1,-0.0025206219870597124,-1,0.0025206219870597124,0.10445022583007812,,,,1,25.206219870597124
2025-03-21,fold_7,Recent mixed/upturn,-0.0014142320724204183,-1,-0.0019287904724478722,-1,0.0019287904724478722,0.10658049583435059,,,,1,19.28790472447872
2025-03-24,fold_7,Recent mixed/upturn,-0.0007908463012427092,-1,-0.0029709464870393276,-1,0.0029709464870393276,0.10986804962158203,,,,1,29.709464870393276
2025-03-25,fold_7,Recent mixed/upturn,0.0014104032889008522,1,-0.001488630659878254,-1,-0.001488630659878254,0.10821592807769775,,,,0,-14.88630659878254
2025-03-26,fold_7,Recent mixed/upturn,-0.0038800593465566635,-1,-0.0042109801433980465,-1,0.0042109801433980465,0.11288261413574219,,,,1,42.109801433980465
2025-03-27,fold_7,Recent mixed/upturn,0.005613580346107483,1,0.0054869032464921474,1,0.0054869032464921474,0.11898887157440186,,,,1,54.869032464921474
2025-03-28,fold_7,Recent mixed/upturn,3.1935296647134237e-06,1,0.002121507888659835,1,0.002121507888659835,0.12136280536651611,,,,1,21.21507888659835
2025-03-31,fold_7,Recent mixed/upturn,-0.001304862555116415,-1,-0.0004652105853892863,-1,0.0004652105853892863,0.12188446521759033,,,,1,4.652105853892863
2025-04-01,fold_7,Recent mixed/upturn,0.00011454576451797038,1,-0.0021160184405744076,-1,-0.0021160184405744076,0.11951053142547607,,,,0,-21.160184405744076
2025-04-02,fold_7,Recent mixed/upturn,0.005366432014852762,1,0.010439658537507057,1,0.010439658537507057,0.13119781017303467,,,,1,104.39658537507057
2025-04-03,fold_7,Recent mixed/upturn,0.005522523075342178,1,0.012380016967654228,1,0.012380016967654228,0.14520204067230225,,,,1,123.80016967654228
2025-04-04,fold_7,Recent mixed/upturn,-0.006128100212663412,-1,-0.0053604403510689735,-1,0.0053604403510689735,0.15134084224700928,,,,1,53.604403510689735
2025-04-07,fold_7,Recent mixed/upturn,-0.0013816034188494086,-1,-0.006298223044723272,-1,0.006298223044723272,0.15859222412109375,,,,1,62.98223044723272
2025-04-08,fold_7,Recent mixed/upturn,0.0023664243053644896,1,0.005962451454252005,1,0.005962451454252005,0.16550028324127197,,,,1,59.624514542520046
2025-04-09,fold_7,Recent mixed/upturn,0.0009908198844641447,1,-0.0025847177021205425,-1,-0.0025847177021205425,0.16248786449432373,,,,0,-25.847177021205425
2025-04-10,fold_7,Recent mixed/upturn,0.01027106773108244,1,0.027919435873627663,1,0.027919435873627663,0.19494378566741943,,,,1,279.1943587362766
2025-04-11,fold_7,Recent mixed/upturn,0.0036416652146726847,1,0.00757727911695838,1,0.00757727911695838,0.20399820804595947,,,,1,75.7727911695838
2025-04-14,fold_7,Recent mixed/upturn,0.0013757972046732903,1,-0.00030624307692050934,-1,-0.00030624307692050934,0.2036294937133789,,,,0,-3.0624307692050934
2025-04-15,fold_7,Recent mixed/upturn,-0.00792789552360773,-1,-0.00414437847211957,-1,0.00414437847211957,0.20861780643463135,,,,1,41.4437847211957
2025-04-16,fold_7,Recent mixed/upturn,0.005821773782372475,1,0.00922001339495182,1,0.00922001339495182,0.21976125240325928,,,,1,92.2001339495182
2025-04-17,fold_7,Recent mixed/upturn,0.001056842040270567,1,0.01017727330327034,1,0.01017727330327034,0.23217511177062988,,,,1,101.7727330327034
2025-04-22,fold_7,Recent mixed/upturn,-0.0069139632396399975,-1,-0.01403016597032547,-1,0.01403016597032547,0.24946284294128418,,,,1,140.3016597032547
2025-04-23,fold_7,Recent mixed/upturn,-0.006129880901426077,-1,-0.0021068835631012917,-1,0.0021068835631012917,0.2520953416824341,,,,1,21.068835631012917
2025-04-24,fold_7,Recent mixed/upturn,0.004493508487939835,1,0.003934726119041443,1,0.003934726119041443,0.25702202320098877,,,,1,39.34726119041443
2025-04-25,fold_7,Recent mixed/upturn,-0.0023519748356193304,-1,-0.002529496792703867,-1,0.002529496792703867,0.26020169258117676,,,,1,25.29496792703867
2025-04-28,fold_7,Recent mixed/upturn,0.004676139447838068,1,0.005818618461489677,1,0.005818618461489677,0.2675342559814453,,,,1,58.186184614896774
2025-04-30,fold_7,Recent mixed/upturn,0.00023200023861136287,1,-0.005651242099702358,-1,-0.005651242099702358,0.2603710889816284,,,,0,-56.51242099702358
2025-05-01,fold_7,Recent mixed/upturn,-0.004144550301134586,-1,-0.002507785800844431,-1,0.002507785800844431,0.26353180408477783,,,,1,25.07785800844431
2025-05-02,fold_7,Recent mixed/upturn,0.002352070761844516,1,0.0023665628395974636,1,0.0023665628395974636,0.26652204990386963,,,,1,23.665628395974636
2025-05-07,fold_7,Recent mixed/upturn,-0.0035048718564212322,-1,-0.003222282975912094,-1,0.003222282975912094,0.2706030607223511,,,,1,32.22282975912094
2025-05-08,fold_7,Recent mixed/upturn,-0.005880407989025116,-1,-0.007250799797475338,-1,0.007250799797475338,0.2798159122467041,,,,1,72.50799797475338
2025-05-09,fold_7,Recent mixed/upturn,0.003069086465984583,1,0.0004828175879083574,1,0.0004828175879083574,0.2804337739944458,,,,1,4.828175879083574
2025-05-12,fold_7,Recent mixed/upturn,-0.005369909573346376,-1,-0.011938820593059063,-1,0.011938820593059063,0.29572057723999023,,,,1,119.38820593059063
2025-05-13,fold_7,Recent mixed/upturn,0.005356252193450928,1,0.008109462447464466,1,0.008109462447464466,0.3062281608581543,,,,1,81.09462447464466
2025-05-14,fold_7,Recent mixed/upturn,-0.001346171135082841,-1,-0.0003241990343667567,-1,0.0003241990343667567,0.3066517114639282,,,,1,3.2419903436675668
2025-05-15,fold_7,Recent mixed/upturn,0.002471218118444085,1,0.0009625714155845344,1,0.0009625714155845344,0.3079094886779785,,,,1,9.625714155845344
2025-05-16,fold_7,Recent mixed/upturn,-0.0012361834524199367,-1,-0.0004587228177115321,-1,0.0004587228177115321,0.3085094690322876,,,,1,4.587228177115321
2025-05-19,fold_7,Recent mixed/upturn,0.006030390039086342,1,0.004100138321518898,1,0.004100138321518898,0.3138744831085205,,,,1,41.00138321518898
2025-05-20,fold_7,Recent mixed/upturn,0.0022773277014493942,1,0.004853827878832817,1,0.004853827878832817,0.32025182247161865,,,,1,48.53827878832817
2025-05-21,fold_7,Recent mixed/upturn,0.004543332848697901,1,0.003829962108284235,1,0.003829962108284235,0.32530832290649414,,,,1,38.29962108284235
2025-05-22,fold_7,Recent mixed/upturn,-0.00325544411316514,-1,-0.004354733508080244,-1,0.004354733508080244,0.33107972145080566,,,,1,43.54733508080244
2025-05-23,fold_7,Recent mixed/upturn,0.007288200780749321,1,0.00806327536702156,1,0.00806327536702156,0.3418126106262207,,,,1,80.6327536702156
2025-05-27,fold_7,Recent mixed/upturn,-0.0044140443205833435,-1,-0.004512133076786995,-1,0.004512133076786995,0.34786713123321533,,,,1,45.12133076786995
2025-05-28,fold_7,Recent mixed/upturn,-0.004759106785058975,-1,-0.009121845476329327,-1,0.009121845476329327,0.36016225814819336,,,,1,91.21845476329327
2025-05-29,fold_7,Recent mixed/upturn,0.008156022056937218,1,0.012880357913672924,1,0.012880357913672924,0.3776816129684448,,,,1,128.80357913672924
2025-05-30,fold_7,Recent mixed/upturn,-0.0026018801145255566,-1,-0.002202543430030346,-1,0.002202543430030346,0.3807159662246704,,,,1,22.02543430030346
2025-06-02,fold_7,Recent mixed/upturn,0.006360336672514677,1,0.008819226175546646,1,0.008819226175546646,0.39289283752441406,,,,1,88.19226175546646
2025-06-03,fold_7,Recent mixed/upturn,-0.005200162064284086,-1,-0.006022475194185972,-1,0.006022475194185972,0.401281476020813,,,,1,60.22475194185972
2025-06-04,fold_7,Recent mixed/upturn,0.004934481345117092,1,0.0033009489998221397,1,0.0033009489998221397,0.40590691566467285,,,,1,33.0094899982214
2025-06-05,fold_7,Recent mixed/upturn,-0.0002339016500627622,-1,0.0027832789346575737,1,-0.0027832789346575737,0.40199387073516846,,,,0,-27.832789346575737
2025-06-06,fold_7,Recent mixed/upturn,-0.0038199995178729296,-1,-0.004015539772808552,-1,0.004015539772808552,0.40762364864349365,,,,1,40.15539772808552
2025-06-09,fold_7,Recent mixed/upturn,0.0027099025901407003,1,0.001771340030245483,1,0.001771340030245483,0.4101170301437378,,,,1,17.71340030245483
2025-06-10,fold_7,Recent mixed/upturn,2.9657654522452503e-05,1,0.0008235503337346017,1,0.0008235503337346017,0.41127824783325195,,,,1,8.235503337346017
2025-06-11,fold_7,Recent mixed/upturn,0.004516851156949997,1,0.006284058094024658,1,0.006284058094024658,0.4201467037200928,,,,1,62.84058094024658
2025-06-12,fold_7,Recent mixed/upturn,0.007816266268491745,1,0.007899755612015724,1,0.007899755612015724,0.4313654899597168,,,,1,78.99755612015724
2025-06-13,fold_7,Recent mixed/upturn,-0.004162235651165247,-1,-0.003755935002118349,-1,0.003755935002118349,0.43674159049987793,,,,1,37.55935002118349
2025-06-16,fold_7,Recent mixed/upturn,0.0030821484979242086,1,-0.0004620169347617775,-1,-0.0004620169347617775,0.4360778331756592,,,,0,-4.620169347617775
2025-06-17,fold_7,Recent mixed/upturn,-0.007684092503041029,-1,-0.005948005244135857,-1,0.005948005244135857,0.4446195363998413,,,,1,59.480052441358566
2025-06-18,fold_7,Recent mixed/upturn,0.0005529551999643445,1,-0.0004476588510442525,-1,-0.0004476588510442525,0.4439728260040283,,,,0,-4.476588510442525
2025-06-20,fold_7,Recent mixed/upturn,0.00109217525459826,1,-0.0010350376833230257,-1,-0.0010350376833230257,0.4424782991409302,,,,0,-10.350376833230257
2025-06-23,fold_7,Recent mixed/upturn,0.0039012981578707695,1,0.008536921814084053,1,0.008536921814084053,0.4547926187515259,,,,1,85.36921814084053
2025-06-24,fold_7,Recent mixed/upturn,0.004926161374896765,1,0.0011379257775843143,1,0.0011379257775843143,0.4564480781555176,,,,1,11.379257775843143
2025-06-25,fold_7,Recent mixed/upturn,0.000977042829617858,1,0.006157340481877327,1,0.006157340481877327,0.46541595458984375,,,,1,61.57340481877327
2025-06-26,fold_7,Recent mixed/upturn,0.004627954214811325,1,0.0007249234477058053,1,0.0007249234477058053,0.46647822856903076,,,,1,7.249234477058053
2025-06-27,fold_7,Recent mixed/upturn,-0.0005125465104356408,-1,0.0030139251612126827,1,-0.0030139251612126827,0.462058424949646,,,,0,-30.139251612126827
2025-06-30,fold_7,Recent mixed/upturn,0.005831932183355093,1,0.005092043429613113,1,0.005092043429613113,0.4695032835006714,,,,1,50.920434296131134
2025-07-01,fold_7,Recent mixed/upturn,0.0005861172103323042,1,0.0015583859058097005,1,0.0015583859058097005,0.47179341316223145,,,,1,15.583859058097005
2025-07-02,fold_7,Recent mixed/upturn,0.0011881436221301556,1,-0.00044844072544947267,-1,-0.00044844072544947267,0.47113335132598877,,,,0,-4.484407254494727
2025-07-03,fold_7,Recent mixed/upturn,-0.003570463042706251,-1,-0.0024366681464016438,-1,0.0024366681464016438,0.47471797466278076,,,,1,24.366681464016438
2025-07-07,fold_7,Recent mixed/upturn,-0.0043007382191717625,-1,-0.003755652578547597,-1,0.003755652578547597,0.4802565574645996,,,,1,37.55652578547597
2025-07-08,fold_7,Recent mixed/upturn,6.733404006808996e-05,1,-0.0010200783144682646,-1,-0.0010200783144682646,0.47874653339385986,,,,0,-10.200783144682646
2025-07-09,fold_7,Recent mixed/upturn,0.0008823115495033562,1,0.000563176698051393,1,0.000563176698051393,0.4795793294906616,,,,1,5.63176698051393
2025-07-10,fold_7,Recent mixed/upturn,-0.0015778867527842522,-1,-0.002422562800347805,-1,0.002422562800347805,0.4831637144088745,,,,1,24.22562800347805
2025-07-11,fold_7,Recent mixed/upturn,-0.0014263791963458061,-1,-0.0017639847937971354,-1,0.0017639847937971354,0.48577988147735596,,,,1,17.639847937971354
2025-07-14,fold_7,Recent mixed/upturn,-0.0009543453925289214,-1,-0.0013532100711017847,-1,0.0013532100711017847,0.487790584564209,,,,1,13.532100711017847
2025-07-15,fold_7,Recent mixed/upturn,-0.005566134583204985,-1,-0.005049251951277256,-1,0.005049251951277256,0.49530279636383057,,,,1,50.49251951277256
2025-07-16,fold_7,Recent mixed/upturn,0.003581777447834611,1,0.002443466568365693,1,0.002443466568365693,0.49895644187927246,,,,1,24.43466568365693
2025-07-17,fold_7,Recent mixed/upturn,-0.0036463551223278046,-1,-0.0017422791570425034,-1,0.0017422791570425034,0.5015679597854614,,,,1,17.422791570425034
2025-07-18,fold_7,Recent mixed/upturn,0.003011982422322035,1,0.0013141727540642023,1,0.0013141727540642023,0.5035412311553955,,,,1,13.141727540642023
2025-07-22,fold_7,Recent mixed/upturn,0.004175450652837753,1,0.003815255593508482,1,0.003815255593508482,0.5092777013778687,,,,1,38.15255593508482
2025-07-23,fold_7,Recent mixed/upturn,0.0023832840379327536,1,0.0029907028656452894,1,0.0029907028656452894,0.513791561126709,,,,1,29.907028656452894
2025-07-24,fold_7,Recent mixed/upturn,-0.0016609124140813947,-1,-0.001540047349408269,-1,0.001540047349408269,0.5161229372024536,,,,1,15.40047349408269
2025-07-25,fold_7,Recent mixed/upturn,-0.002428553532809019,-1,5.8711641031550243e-05,1,-5.8711641031550243e-05,0.5160338878631592,,,,0,-0.5871164103155024
2025-07-28,fold_7,Recent mixed/upturn,-0.006964155472815037,-1,-0.013614622876048088,-1,0.013614622876048088,0.5366741418838501,,,,1,136.14622876048088
2025-07-29,fold_7,Recent mixed/upturn,-0.0023465564008802176,-1,-0.003950425889343023,-1,0.003950425889343023,0.5427447557449341,,,,1,39.50425889343023
2025-07-30,fold_7,Recent mixed/upturn,-0.00675829965621233,-1,-0.010526402853429317,-1,0.010526402853429317,0.5589842796325684,,,,1,105.26402853429317
2025-07-31,fold_7,Recent mixed/upturn,-3.3844639801827725e-06,-1,-0.0004912575823254883,-1,0.0004912575823254883,0.5597501993179321,,,,1,4.912575823254883
2025-08-01,fold_7,Recent mixed/upturn,0.00938061811029911,1,0.014263281598687172,1,0.014263281598687172,0.5819973945617676,,,,1,142.63281598687172
2025-08-04,fold_7,Recent mixed/upturn,-0.0022535366006195545,-1,-0.00022017340234015137,-1,0.00022017340234015137,0.582345724105835,,,,1,2.2017340234015137
2025-08-05,fold_7,Recent mixed/upturn,-0.0007856344454921782,-1,-0.0004284036112949252,-1,0.0004284036112949252,0.5830236673355103,,,,1,4.284036112949252
2025-08-06,fold_7,Recent mixed/upturn,0.0068463850766420364,1,0.007254479452967644,1,0.007254479452967644,0.5945076942443848,,,,1,72.54479452967644
2025-08-07,fold_7,Recent mixed/upturn,-0.00170321820769459,-1,0.0011559956474229693,1,-0.0011559956474229693,0.5926644802093506,,,,0,-11.559956474229693
2025-08-08,fold_7,Recent mixed/upturn,0.0020038490183651447,1,-0.002457661321386695,-1,-0.002457661321386695,0.5887502431869507,,,,0,-24.57661321386695
2025-08-12,fold_7,Recent mixed/upturn,0.005448088515549898,1,0.005044498015195131,1,0.005044498015195131,0.5967646837234497,,,,1,50.44498015195131
2025-08-13,fold_7,Recent mixed/upturn,0.0023662687744945288,1,0.003068778896704316,1,0.003068778896704316,0.6016649007797241,,,,1,30.68778896704316
2025-08-14,fold_7,Recent mixed/upturn,-0.00414458941668272,-1,-0.005254701245576143,-1,0.005254701245576143,0.6100811958312988,,,,1,52.54701245576143
2025-08-15,fold_7,Recent mixed/upturn,0.004032500553876162,1,0.004741219338029623,1,0.004741219338029623,0.6177148818969727,,,,1,47.41219338029623
2025-08-18,fold_7,Recent mixed/upturn,-0.0033543703611940145,-1,-0.003267246065661311,-1,0.003267246065661311,0.6230003833770752,,,,1,32.67246065661311
2025-08-19,fold_7,Recent mixed/upturn,-0.0005169137148186564,-1,-0.002212071092799306,-1,0.002212071092799306,0.6265904903411865,,,,1,22.12071092799306
2025-08-20,fold_7,Recent mixed/upturn,0.00034829683136194944,1,0.0007923034718260169,1,0.0007923034718260169,0.6278791427612305,,,,1,7.923034718260169
2025-08-21,fold_7,Recent mixed/upturn,-0.00422664312645793,-1,-0.003321295604109764,-1,0.003321295604109764,0.6332857608795166,,,,1,33.21295604109764
2025-08-22,fold_7,Recent mixed/upturn,0.010013306513428688,1,0.008313816972076893,1,0.008313816972076893,0.6468645334243774,,,,1,83.13816972076893
2025-08-25,fold_7,Recent mixed/upturn,-0.006350263487547636,-1,-0.007784397341310978,-1,0.007784397341310978,0.6596843004226685,,,,1,77.84397341310978
2025-08-26,fold_7,Recent mixed/upturn,0.002097552875056863,1,0.001804178929887712,1,0.001804178929887712,0.6626787185668945,,,,1,18.04178929887712
2025-08-27,fold_7,Recent mixed/upturn,-0.00048407813301309943,-1,0.0007338296854868531,1,-0.0007338296854868531,0.6614586114883423,,,,0,-7.338296854868531
2025-08-28,fold_7,Recent mixed/upturn,0.004645116161555052,1,0.0028852694667875767,1,0.0028852694667875767,0.6662522554397583,,,,1,28.852694667875767
2025-08-29,fold_7,Recent mixed/upturn,-0.000724778336007148,-1,0.0008769080741330981,1,-0.0008769080741330981,0.6647911071777344,,,,0,-8.769080741330981
2025-09-02,fold_7,Recent mixed/upturn,-0.0059595294296741486,-1,-0.006818667519837618,-1,0.006818667519837618,0.676142692565918,,,,1,68.18667519837618
2025-09-03,fold_7,Recent mixed/upturn,0.0037639846559613943,1,0.0020988616161048412,1,0.0020988616161048412,0.6796607971191406,,,,1,20.988616161048412
2025-09-04,fold_7,Recent mixed/upturn,-0.0007655051304027438,-1,-0.0003031234664376825,-1,0.0003031234664376825,0.680169939994812,,,,1,3.031234664376825
2025-09-05,fold_7,Recent mixed/upturn,0.0052809338085353374,1,0.004825879819691181,1,0.004825879819691181,0.6882781982421875,,,,1,48.25879819691181
2025-09-08,fold_7,Recent mixed/upturn,0.0026001674123108387,1,0.00477817514911294,1,0.00477817514911294,0.6963450908660889,,,,1,47.7817514911294
2025-09-09,fold_7,Recent mixed/upturn,-0.00400661351159215,-1,-0.005640725139528513,-1,0.005640725139528513,0.705913782119751,,,,1,56.40725139528513
2025-09-10,fold_7,Recent mixed/upturn,0.00040581548819318414,1,5.857199721504003e-05,1,5.857199721504003e-05,0.7060136795043945,,,,1,0.5857199721504003
2025-09-11,fold_7,Recent mixed/upturn,0.003302520839497447,1,0.002675513969734311,1,0.002675513969734311,0.710578203201294,,,,1,26.75513969734311
2025-09-12,fold_7,Recent mixed/upturn,-0.0010109663708135486,-1,-0.000703588651958853,-1,0.000703588651958853,0.7117817401885986,,,,1,7.03588651958853
2025-09-16,fold_7,Recent mixed/upturn,0.007336482405662537,1,0.009152790531516075,1,0.009152790531516075,0.7274492979049683,,,,1,91.52790531516075
2025-09-17,fold_7,Recent mixed/upturn,-0.002357122953981161,-1,-0.003796270117163658,-1,0.003796270117163658,0.7340071201324463,,,,1,37.96270117163658
2025-09-18,fold_7,Recent mixed/upturn,-0.0033513715025037527,-1,-0.0029830695129930973,-1,0.0029830695129930973,0.7391798496246338,,,,1,29.830695129930973
2025-09-19,fold_7,Recent mixed/upturn,-0.0037910155951976776,-1,-0.004589194897562265,-1,0.004589194897562265,0.7471612691879272,,,,1,45.891948975622654
2025-09-22,fold_7,Recent mixed/upturn,0.002789208199828863,1,0.005463925655931234,1,0.005463925655931234,0.7567076683044434,,,,1,54.639256559312344
2025-09-24,fold_7,Recent mixed/upturn,-0.005207871086895466,-1,-0.005907559301704168,-1,0.005907559301704168,0.7670854330062866,,,,1,59.07559301704168
2025-09-25,fold_7,Recent mixed/upturn,-0.0051484196446835995,-1,-0.006974319461733103,-1,0.006974319461733103,0.779409646987915,,,,1,69.74319461733103
2025-09-26,fold_7,Recent mixed/upturn,0.003990680444985628,1,0.0038988362066447735,1,0.0038988362066447735,0.7863472700119019,,,,1,38.988362066447735
2025-09-29,fold_7,Recent mixed/upturn,0.0018704597605392337,1,0.0019825738854706287,1,0.0019825738854706287,0.789888858795166,,,,1,19.825738854706287
